"[1535413101140064HC3]시군구별","시군구별","[A01]요양기관종별","요양기관종별","[Item]항목","항목","단위","2007.01 월","2008.01 월","2009.1/4","2010.1/4","2011.1/4","2012.1/4","2013.1/4","2014.1/4","2015.1/4","2016.1/4","2017.1/4","2018.1/4","2019.1/4","2020.1/4","2021.1/4","2022.1/4","2023.1/4","2024.1/4","2025.1/4",
"1535413102140064HC3.11","서울","A002","상급종합병원","1635413103140064SC0[14STD03220]","요양기관 현황[개]","개","20","20","17","17","17","17","17","17","14","14","14","13","13","13","14","14","14","14","14",
"1535413102140064HC3.11","서울","A003","종합병원","1635413103140064SC0[14STD03220]","요양기관 현황[개]","개","42","42","43","42","41","40","41","40","42","42","43","44","45","44","42","42","42","43","44",
"1535413102140064HC3.11","서울","A004","병원","1635413103140064SC0[14STD03220]","요양기관 현황[개]","개","137","152","159","169","179","188","203","213","217","219","221","223","222","230","226","223","230","227","227",
"1535413102140064HC3.11","서울","A005","요양병원","1635413103140064SC0[14STD03220]","요양기관 현황[개]","개","28","48","60","68","74","84","95","100","106","104","113","116","120","125","123","125","122","110","107",
"1535413102140064HC3.11","서울","A017","정신병원","1635413103140064SC0[14STD03220]","요양기관 현황[개]","개","","","","","","","","","","","","","","","7","12","12","12","13",
"1535413102140064HC3.11","서울","A006","의원","1635413103140064SC0[14STD03220]","요양기관 현황[개]","개","6558","6776","6985","7205","7391","7415","7453","7534","7676","7859","8023","8215","8427","8706","8965","9264","9539","9803","10195",
"1535413102140064HC3.110001","강남구","A002","상급종합병원","1635413103140064SC0[14STD03220]","요양기관 현황[개]","개","2","2","2","2","2","2","2","2","2","2","2","2","2","2","2","2","2","2","2",
"1535413102140064HC3.110001","강남구","A003","종합병원","1635413103140064SC0[14STD03220]","요양기관 현황[개]","개","4","4","4","4","3","3","3","2","2","2","2","2","2","2","1","1","1","2","2",
"1535413102140064HC3.110001","강남구","A004","병원","1635413103140064SC0[14STD03220]","요양기관 현황[개]","개","17","21","23","26","26","28","30","33","33","33","32","33","32","33","33","34","33","35","34",
"1535413102140064HC3.110001","강남구","A005","요양병원","1635413103140064SC0[14STD03220]","요양기관 현황[개]","개","1","2","3","3","3","2","2","2","2","2","4","6","9","9","8","9","9","7","7",
"1535413102140064HC3.110001","강남구","A017","정신병원","1635413103140064SC0[14STD03220]","요양기관 현황[개]","개","","","","","","","","","","","","","","","0","0","0","0","0",
"1535413102140064HC3.110001","강남구","A006","의원","1635413103140064SC0[14STD03220]","요양기관 현황[개]","개","928","999","1097","1176","1286","1277","1322","1352","1399","1449","1468","1538","1592","1653","1714","1801","1852","1911","2021",
"1535413102140064HC3.110002","강동구","A002","상급종합병원","1635413103140064SC0[14STD03220]","요양기관 현황[개]","개","1","1","0","0","0","0","0","0","0","0","0","0","0","0","0","0","0","0","0",
"1535413102140064HC3.110002","강동구","A003","종합병원","1635413103140064SC0[14STD03220]","요양기관 현황[개]","개","2","2","3","3","3","3","3","3","3","3","3","3","3","3","3","3","3","3","3",
"1535413102140064HC3.110002","강동구","A004","병원","1635413103140064SC0[14STD03220]","요양기관 현황[개]","개","6","7","8","8","8","10","13","12","14","14","15","15","15","15","14","14","15","15","15",
"1535413102140064HC3.110002","강동구","A005","요양병원","1635413103140064SC0[14STD03220]","요양기관 현황[개]","개","2","3","3","4","6","6","7","8","7","7","7","6","7","6","7","7","6","5","5",
"1535413102140064HC3.110002","강동구","A017","정신병원","1635413103140064SC0[14STD03220]","요양기관 현황[개]","개","","","","","","","","","","","","","","","0","0","0","0","0",
"1535413102140064HC3.110002","강동구","A006","의원","1635413103140064SC0[14STD03220]","요양기관 현황[개]","개","291","300","307","317","324","326","325","334","336","335","341","345","346","362","386","398","412","418","450",
"1535413102140064HC3.110003","강서구","A002","상급종합병원","1635413103140064SC0[14STD03220]","요양기관 현황[개]","개","0","0","0","0","0","0","0","0","0","0","0","0","0","0","0","0","0","0","0",
"1535413102140064HC3.110003","강서구","A003","종합병원","1635413103140064SC0[14STD03220]","요양기관 현황[개]","개","1","1","1","1","1","2","3","3","3","3","3","3","4","4","4","4","4","4","4",
"1535413102140064HC3.110003","강서구","A004","병원","1635413103140064SC0[14STD03220]","요양기관 현황[개]","개","10","11","12","13","14","14","16","16","17","15","15","16","15","17","17","17","17","18","19",
"1535413102140064HC3.110003","강서구","A005","요양병원","1635413103140064SC0[14STD03220]","요양기관 현황[개]","개","4","5","5","6","6","6","7","7","7","5","6","5","4","5","5","5","5","5","5",
"1535413102140064HC3.110003","강서구","A017","정신병원","1635413103140064SC0[14STD03220]","요양기관 현황[개]","개","","","","","","","","","","","","","","","0","1","1","1","1",
"1535413102140064HC3.110003","강서구","A006","의원","1635413103140064SC0[14STD03220]","요양기관 현황[개]","개","283","294","297","312","312","314","312","315","321","327","351","366","378","404","419","440","457","465","473",
"1535413102140064HC3.110004","관악구","A002","상급종합병원","1635413103140064SC0[14STD03220]","요양기관 현황[개]","개","0","0","0","0","0","0","0","0","0","0","0","0","0","0","0","0","0","0","0",
"1535413102140064HC3.110004","관악구","A003","종합병원","1635413103140064SC0[14STD03220]","요양기관 현황[개]","개","2","2","2","2","2","2","2","2","2","2","2","2","1","1","1","1","1","1","1",
"1535413102140064HC3.110004","관악구","A004","병원","1635413103140064SC0[14STD03220]","요양기관 현황[개]","개","5","6","5","6","5","4","5","6","8","8","8","8","10","10","11","11","11","12","10",
"1535413102140064HC3.110004","관악구","A005","요양병원","1635413103140064SC0[14STD03220]","요양기관 현황[개]","개","1","0","1","1","2","2","2","2","3","3","3","3","3","3","3","3","3","2","2",
"1535413102140064HC3.110004","관악구","A017","정신병원","1635413103140064SC0[14STD03220]","요양기관 현황[개]","개","","","","","","","","","","","","","","","0","0","0","0","0",
"1535413102140064HC3.110004","관악구","A006","의원","1635413103140064SC0[14STD03220]","요양기관 현황[개]","개","296","297","304","312","308","310","304","303","297","299","299","302","312","319","325","334","347","350","360",
"1535413102140064HC3.110005","구로구","A002","상급종합병원","1635413103140064SC0[14STD03220]","요양기관 현황[개]","개","1","1","1","1","1","1","1","1","1","1","1","1","1","1","1","1","1","1","1",
"1535413102140064HC3.110005","구로구","A003","종합병원","1635413103140064SC0[14STD03220]","요양기관 현황[개]","개","1","1","1","1","1","1","1","1","1","1","1","1","1","1","1","1","1","1","1",
"1535413102140064HC3.110005","구로구","A004","병원","1635413103140064SC0[14STD03220]","요양기관 현황[개]","개","2","1","1","1","2","4","5","7","8","8","8","8","8","8","8","8","8","8","8",
"1535413102140064HC3.110005","구로구","A005","요양병원","1635413103140064SC0[14STD03220]","요양기관 현황[개]","개","0","4","5","5","6","5","5","5","7","6","6","6","9","9","8","8","8","8","8",
"1535413102140064HC3.110005","구로구","A017","정신병원","1635413103140064SC0[14STD03220]","요양기관 현황[개]","개","","","","","","","","","","","","","","","0","1","1","1","1",
"1535413102140064HC3.110005","구로구","A006","의원","1635413103140064SC0[14STD03220]","요양기관 현황[개]","개","214","220","225","232","231","227","232","238","245","255","262","259","261","267","269","274","287","292","299",
"1535413102140064HC3.110006","도봉구","A002","상급종합병원","1635413103140064SC0[14STD03220]","요양기관 현황[개]","개","0","0","0","0","0","0","0","0","0","0","0","0","0","0","0","0","0","0","0",
"1535413102140064HC3.110006","도봉구","A003","종합병원","1635413103140064SC0[14STD03220]","요양기관 현황[개]","개","1","1","1","1","1","1","1","1","1","1","1","1","1","1","1","1","1","1","1",
"1535413102140064HC3.110006","도봉구","A004","병원","1635413103140064SC0[14STD03220]","요양기관 현황[개]","개","3","5","7","7","7","7","8","8","8","9","8","8","8","8","5","5","5","4","4",
"1535413102140064HC3.110006","도봉구","A005","요양병원","1635413103140064SC0[14STD03220]","요양기관 현황[개]","개","2","3","4","5","5","7","8","9","9","8","8","8","7","6","6","7","7","6","6",
"1535413102140064HC3.110006","도봉구","A017","정신병원","1635413103140064SC0[14STD03220]","요양기관 현황[개]","개","","","","","","","","","","","","","","","2","3","2","2","2",
"1535413102140064HC3.110006","도봉구","A006","의원","1635413103140064SC0[14STD03220]","요양기관 현황[개]","개","148","154","155","155","150","148","146","148","152","154","160","161","158","163","164","164","168","175","176",
"1535413102140064HC3.110007","동대문구","A002","상급종합병원","1635413103140064SC0[14STD03220]","요양기관 현황[개]","개","1","1","1","1","1","1","1","1","1","1","1","1","1","1","1","1","1","1","1",
"1535413102140064HC3.110007","동대문구","A003","종합병원","1635413103140064SC0[14STD03220]","요양기관 현황[개]","개","4","4","4","4","4","4","4","4","4","4","4","4","3","3","3","3","3","3","3",
"1535413102140064HC3.110007","동대문구","A004","병원","1635413103140064SC0[14STD03220]","요양기관 현황[개]","개","8","9","9","10","14","14","15","15","14","14","14","14","14","14","11","11","13","13","12",
"1535413102140064HC3.110007","동대문구","A005","요양병원","1635413103140064SC0[14STD03220]","요양기관 현황[개]","개","1","4","5","5","5","5","6","6","7","8","9","9","8","9","8","7","7","7","7",
"1535413102140064HC3.110007","동대문구","A017","정신병원","1635413103140064SC0[14STD03220]","요양기관 현황[개]","개","","","","","","","","","","","","","","","2","2","2","2","3",
"1535413102140064HC3.110007","동대문구","A006","의원","1635413103140064SC0[14STD03220]","요양기관 현황[개]","개","228","230","240","242","246","245","231","236","237","236","236","241","257","257","258","260","263","269","280",
"1535413102140064HC3.110008","동작구","A002","상급종합병원","1635413103140064SC0[14STD03220]","요양기관 현황[개]","개","0","0","1","1","1","1","1","1","1","1","1","1","1","1","1","1","1","1","1",
"1535413102140064HC3.110008","동작구","A003","종합병원","1635413103140064SC0[14STD03220]","요양기관 현황[개]","개","2","2","1","1","1","1","1","1","1","1","1","1","1","1","1","1","1","1","1",
"1535413102140064HC3.110008","동작구","A004","병원","1635413103140064SC0[14STD03220]","요양기관 현황[개]","개","4","4","3","4","5","5","5","5","5","5","5","5","5","5","5","5","5","4","4",
"1535413102140064HC3.110008","동작구","A005","요양병원","1635413103140064SC0[14STD03220]","요양기관 현황[개]","개","1","1","2","2","2","2","2","2","3","3","3","3","3","3","3","3","3","2","2",
"1535413102140064HC3.110008","동작구","A017","정신병원","1635413103140064SC0[14STD03220]","요양기관 현황[개]","개","","","","","","","","","","","","","","","0","0","0","0","0",
"1535413102140064HC3.110008","동작구","A006","의원","1635413103140064SC0[14STD03220]","요양기관 현황[개]","개","225","231","234","241","242","244","239","239","238","245","254","254","254","265","275","274","277","278","290",
"1535413102140064HC3.110009","마포구","A002","상급종합병원","1635413103140064SC0[14STD03220]","요양기관 현황[개]","개","0","0","0","0","0","0","0","0","0","0","0","0","0","0","0","0","0","0","0",
"1535413102140064HC3.110009","마포구","A003","종합병원","1635413103140064SC0[14STD03220]","요양기관 현황[개]","개","0","0","0","0","0","0","0","0","0","0","0","0","0","0","0","0","0","0","0",
"1535413102140064HC3.110009","마포구","A004","병원","1635413103140064SC0[14STD03220]","요양기관 현황[개]","개","5","4","4","4","3","2","2","2","1","1","1","2","2","3","3","4","5","5","5",
"1535413102140064HC3.110009","마포구","A005","요양병원","1635413103140064SC0[14STD03220]","요양기관 현황[개]","개","0","0","0","0","0","0","1","1","1","2","2","2","2","3","3","3","3","3","3",
"1535413102140064HC3.110009","마포구","A017","정신병원","1635413103140064SC0[14STD03220]","요양기관 현황[개]","개","","","","","","","","","","","","","","","0","0","0","0","0",
"1535413102140064HC3.110009","마포구","A006","의원","1635413103140064SC0[14STD03220]","요양기관 현황[개]","개","247","264","275","281","288","292","297","307","324","338","344","353","362","370","380","395","400","405","424",
"1535413102140064HC3.110010","서대문구","A002","상급종합병원","1635413103140064SC0[14STD03220]","요양기관 현황[개]","개","1","1","1","1","1","1","1","1","1","1","1","1","1","1","1","1","1","1","1",
"1535413102140064HC3.110010","서대문구","A003","종합병원","1635413103140064SC0[14STD03220]","요양기관 현황[개]","개","1","1","1","1","1","1","1","1","1","1","1","1","1","1","1","1","1","1","1",
"1535413102140064HC3.110010","서대문구","A004","병원","1635413103140064SC0[14STD03220]","요양기관 현황[개]","개","3","3","4","4","4","3","3","3","4","5","5","5","5","5","5","5","5","4","3",
"1535413102140064HC3.110010","서대문구","A005","요양병원","1635413103140064SC0[14STD03220]","요양기관 현황[개]","개","1","1","2","2","2","2","2","2","2","2","3","3","3","3","3","4","5","5","5",
"1535413102140064HC3.110010","서대문구","A017","정신병원","1635413103140064SC0[14STD03220]","요양기관 현황[개]","개","","","","","","","","","","","","","","","0","0","0","0","0",
"1535413102140064HC3.110010","서대문구","A006","의원","1635413103140064SC0[14STD03220]","요양기관 현황[개]","개","200","202","200","191","187","187","186","191","191","202","203","207","204","208","210","208","203","209","216",
"1535413102140064HC3.110011","성동구","A002","상급종합병원","1635413103140064SC0[14STD03220]","요양기관 현황[개]","개","1","1","1","1","1","1","1","1","1","1","1","1","1","1","1","1","1","1","1",
"1535413102140064HC3.110011","성동구","A003","종합병원","1635413103140064SC0[14STD03220]","요양기관 현황[개]","개","0","0","0","0","0","0","0","0","0","0","0","0","0","0","0","0","0","0","1",
"1535413102140064HC3.110011","성동구","A004","병원","1635413103140064SC0[14STD03220]","요양기관 현황[개]","개","6","6","5","5","6","6","6","6","6","6","6","7","5","6","6","6","5","5","4",
"1535413102140064HC3.110011","성동구","A005","요양병원","1635413103140064SC0[14STD03220]","요양기관 현황[개]","개","0","0","0","2","2","2","2","2","2","1","2","3","3","3","3","3","3","3","3",
"1535413102140064HC3.110011","성동구","A017","정신병원","1635413103140064SC0[14STD03220]","요양기관 현황[개]","개","","","","","","","","","","","","","","","0","0","0","0","0",
"1535413102140064HC3.110011","성동구","A006","의원","1635413103140064SC0[14STD03220]","요양기관 현황[개]","개","172","175","174","166","164","167","172","170","172","179","187","200","200","211","219","233","237","252","254",
"1535413102140064HC3.110012","성북구","A002","상급종합병원","1635413103140064SC0[14STD03220]","요양기관 현황[개]","개","1","1","1","1","1","1","1","1","1","1","1","1","1","1","1","1","1","1","1",
"1535413102140064HC3.110012","성북구","A003","종합병원","1635413103140064SC0[14STD03220]","요양기관 현황[개]","개","0","0","0","0","0","0","0","0","0","0","0","0","0","0","0","0","0","0","0",
"1535413102140064HC3.110012","성북구","A004","병원","1635413103140064SC0[14STD03220]","요양기관 현황[개]","개","8","7","6","6","6","5","5","5","5","5","6","7","6","6","6","6","6","6","6",
"1535413102140064HC3.110012","성북구","A005","요양병원","1635413103140064SC0[14STD03220]","요양기관 현황[개]","개","1","3","3","3","3","7","7","7","7","7","6","7","7","7","7","7","8","8","8",
"1535413102140064HC3.110012","성북구","A017","정신병원","1635413103140064SC0[14STD03220]","요양기관 현황[개]","개","","","","","","","","","","","","","","","0","0","0","0","0",
"1535413102140064HC3.110012","성북구","A006","의원","1635413103140064SC0[14STD03220]","요양기관 현황[개]","개","264","256","264","261","278","276","267","264","252","246","249","250","251","254","256","254","257","262","270",
"1535413102140064HC3.110013","영등포구","A002","상급종합병원","1635413103140064SC0[14STD03220]","요양기관 현황[개]","개","2","2","1","1","1","1","1","1","0","0","0","0","0","0","0","0","0","0","0",
"1535413102140064HC3.110013","영등포구","A003","종합병원","1635413103140064SC0[14STD03220]","요양기관 현황[개]","개","5","5","6","6","6","6","6","6","7","7","7","7","7","7","7","7","7","7","7",
"1535413102140064HC3.110013","영등포구","A004","병원","1635413103140064SC0[14STD03220]","요양기관 현황[개]","개","7","8","7","7","9","9","9","10","10","11","10","9","8","8","7","8","8","9","9",
"1535413102140064HC3.110013","영등포구","A005","요양병원","1635413103140064SC0[14STD03220]","요양기관 현황[개]","개","4","5","6","7","6","7","8","9","11","12","12","11","12","12","13","13","12","9","9",
"1535413102140064HC3.110013","영등포구","A017","정신병원","1635413103140064SC0[14STD03220]","요양기관 현황[개]","개","","","","","","","","","","","","","","","1","1","1","1","1",
"1535413102140064HC3.110013","영등포구","A006","의원","1635413103140064SC0[14STD03220]","요양기관 현황[개]","개","272","281","274","289","298","293","288","290","297","307","307","316","333","339","365","370","382","389","414",
"1535413102140064HC3.110014","용산구","A002","상급종합병원","1635413103140064SC0[14STD03220]","요양기관 현황[개]","개","2","2","1","1","1","1","1","1","0","0","0","0","0","0","0","0","0","0","0",
"1535413102140064HC3.110014","용산구","A003","종합병원","1635413103140064SC0[14STD03220]","요양기관 현황[개]","개","2","2","2","2","1","1","1","1","1","1","1","1","1","1","1","1","1","1","1",
"1535413102140064HC3.110014","용산구","A004","병원","1635413103140064SC0[14STD03220]","요양기관 현황[개]","개","2","2","2","2","1","1","1","1","2","2","2","2","2","2","2","2","2","1","1",
"1535413102140064HC3.110014","용산구","A005","요양병원","1635413103140064SC0[14STD03220]","요양기관 현황[개]","개","0","0","0","0","0","0","0","0","0","0","0","0","0","0","0","0","0","0","0",
"1535413102140064HC3.110014","용산구","A017","정신병원","1635413103140064SC0[14STD03220]","요양기관 현황[개]","개","","","","","","","","","","","","","","","0","0","0","0","0",
"1535413102140064HC3.110014","용산구","A006","의원","1635413103140064SC0[14STD03220]","요양기관 현황[개]","개","110","106","113","111","115","117","114","113","119","123","119","124","131","134","146","153","158","157","160",
"1535413102140064HC3.110015","은평구","A002","상급종합병원","1635413103140064SC0[14STD03220]","요양기관 현황[개]","개","0","0","0","0","0","0","0","0","0","0","0","0","0","0","0","0","0","0","0",
"1535413102140064HC3.110015","은평구","A003","종합병원","1635413103140064SC0[14STD03220]","요양기관 현황[개]","개","1","1","1","1","1","1","1","1","1","1","1","1","2","2","2","2","2","2","2",
"1535413102140064HC3.110015","은평구","A004","병원","1635413103140064SC0[14STD03220]","요양기관 현황[개]","개","10","10","10","11","11","12","12","12","12","13","13","11","11","11","11","10","10","10","10",
"1535413102140064HC3.110015","은평구","A005","요양병원","1635413103140064SC0[14STD03220]","요양기관 현황[개]","개","0","1","3","3","3","5","5","6","6","6","6","5","5","7","7","6","6","5","5",
"1535413102140064HC3.110015","은평구","A017","정신병원","1635413103140064SC0[14STD03220]","요양기관 현황[개]","개","","","","","","","","","","","","","","","0","1","1","1","1",
"1535413102140064HC3.110015","은평구","A006","의원","1635413103140064SC0[14STD03220]","요양기관 현황[개]","개","246","253","252","255","259","251","265","274","278","289","294","301","314","318","321","331","330","337","343",
"1535413102140064HC3.110016","종로구","A002","상급종합병원","1635413103140064SC0[14STD03220]","요양기관 현황[개]","개","2","2","2","2","2","2","2","2","2","2","2","2","2","2","2","2","2","2","2",
"1535413102140064HC3.110016","종로구","A003","종합병원","1635413103140064SC0[14STD03220]","요양기관 현황[개]","개","3","3","2","2","2","2","2","2","2","2","2","2","2","2","2","2","2","2","2",
"1535413102140064HC3.110016","종로구","A004","병원","1635413103140064SC0[14STD03220]","요양기관 현황[개]","개","3","2","2","2","2","2","2","2","2","2","2","2","3","3","3","3","3","3","4",
"1535413102140064HC3.110016","종로구","A005","요양병원","1635413103140064SC0[14STD03220]","요양기관 현황[개]","개","0","0","1","1","1","0","0","0","0","0","0","0","0","0","0","1","1","1","1",
"1535413102140064HC3.110016","종로구","A017","정신병원","1635413103140064SC0[14STD03220]","요양기관 현황[개]","개","","","","","","","","","","","","","","","0","0","0","0","0",
"1535413102140064HC3.110016","종로구","A006","의원","1635413103140064SC0[14STD03220]","요양기관 현황[개]","개","156","156","162","173","170","162","173","167","171","173","176","188","191","194","201","203","206","207","209",
"1535413102140064HC3.110017","중구","A002","상급종합병원","1635413103140064SC0[14STD03220]","요양기관 현황[개]","개","2","2","1","1","1","0","0","0","0","0","0","0","0","0","0","0","0","0","0",
"1535413102140064HC3.110017","중구","A003","종합병원","1635413103140064SC0[14STD03220]","요양기관 현황[개]","개","1","1","2","2","2","3","3","3","3","3","3","3","3","2","2","2","2","1","1",
"1535413102140064HC3.110017","중구","A004","병원","1635413103140064SC0[14STD03220]","요양기관 현황[개]","개","2","2","2","2","2","2","2","2","2","2","3","3","3","4","4","3","3","3","3",
"1535413102140064HC3.110017","중구","A005","요양병원","1635413103140064SC0[14STD03220]","요양기관 현황[개]","개","0","0","0","0","1","1","0","0","0","0","0","0","0","0","0","0","0","0","0",
"1535413102140064HC3.110017","중구","A017","정신병원","1635413103140064SC0[14STD03220]","요양기관 현황[개]","개","","","","","","","","","","","","","","","0","0","0","0","0",
"1535413102140064HC3.110017","중구","A006","의원","1635413103140064SC0[14STD03220]","요양기관 현황[개]","개","195","197","205","201","204","210","214","208","211","216","227","229","240","247","245","252","264","285","298",
"1535413102140064HC3.110018","송파구","A002","상급종합병원","1635413103140064SC0[14STD03220]","요양기관 현황[개]","개","1","1","1","1","1","1","1","1","1","1","1","1","1","1","1","1","1","1","1",
"1535413102140064HC3.110018","송파구","A003","종합병원","1635413103140064SC0[14STD03220]","요양기관 현황[개]","개","2","2","2","1","1","1","1","1","1","1","1","1","1","1","1","1","1","1","1",
"1535413102140064HC3.110018","송파구","A004","병원","1635413103140064SC0[14STD03220]","요양기관 현황[개]","개","5","8","10","12","12","13","12","14","15","14","15","16","16","16","18","18","22","20","22",
"1535413102140064HC3.110018","송파구","A005","요양병원","1635413103140064SC0[14STD03220]","요양기관 현황[개]","개","1","3","2","3","3","5","7","7","7","7","9","9","9","10","11","12","10","9","7",
"1535413102140064HC3.110018","송파구","A017","정신병원","1635413103140064SC0[14STD03220]","요양기관 현황[개]","개","","","","","","","","","","","","","","","0","1","1","1","1",
"1535413102140064HC3.110018","송파구","A006","의원","1635413103140064SC0[14STD03220]","요양기관 현황[개]","개","389","399","408","420","426","436","440","445","450","465","481","513","535","572","579","599","608","629","637",
"1535413102140064HC3.110019","중랑구","A002","상급종합병원","1635413103140064SC0[14STD03220]","요양기관 현황[개]","개","0","0","0","0","0","0","0","0","0","0","0","0","0","0","0","0","0","0","0",
"1535413102140064HC3.110019","중랑구","A003","종합병원","1635413103140064SC0[14STD03220]","요양기관 현황[개]","개","2","2","2","2","3","2","2","2","2","2","3","3","3","3","3","3","3","3","3",
"1535413102140064HC3.110019","중랑구","A004","병원","1635413103140064SC0[14STD03220]","요양기관 현황[개]","개","4","7","8","9","9","11","11","13","12","12","13","12","12","12","13","13","13","13","13",
"1535413102140064HC3.110019","중랑구","A005","요양병원","1635413103140064SC0[14STD03220]","요양기관 현황[개]","개","2","2","3","3","4","5","5","4","4","4","4","3","3","3","2","2","2","2","2",
"1535413102140064HC3.110019","중랑구","A017","정신병원","1635413103140064SC0[14STD03220]","요양기관 현황[개]","개","","","","","","","","","","","","","","","1","1","1","1","1",
"1535413102140064HC3.110019","중랑구","A006","의원","1635413103140064SC0[14STD03220]","요양기관 현황[개]","개","219","219","220","221","223","217","211","214","224","223","226","224","229","243","246","251","262","267","272",
"1535413102140064HC3.110020","양천구","A002","상급종합병원","1635413103140064SC0[14STD03220]","요양기관 현황[개]","개","1","1","1","1","1","1","1","1","1","1","1","0","0","0","1","1","1","1","1",
"1535413102140064HC3.110020","양천구","A003","종합병원","1635413103140064SC0[14STD03220]","요양기관 현황[개]","개","2","2","1","1","1","1","1","1","1","1","1","2","3","3","2","2","2","2","2",
"1535413102140064HC3.110020","양천구","A004","병원","1635413103140064SC0[14STD03220]","요양기관 현황[개]","개","5","4","5","4","5","5","5","7","6","5","5","5","5","5","5","5","5","4","4",
"1535413102140064HC3.110020","양천구","A005","요양병원","1635413103140064SC0[14STD03220]","요양기관 현황[개]","개","0","1","1","1","1","2","3","3","3","3","3","3","4","4","3","3","3","3","2",
"1535413102140064HC3.110020","양천구","A017","정신병원","1635413103140064SC0[14STD03220]","요양기관 현황[개]","개","","","","","","","","","","","","","","","0","0","0","0","0",
"1535413102140064HC3.110020","양천구","A006","의원","1635413103140064SC0[14STD03220]","요양기관 현황[개]","개","245","252","255","257","259","264","264","260","272","267","276","276","275","286","287","295","313","318","322",
"1535413102140064HC3.110021","서초구","A002","상급종합병원","1635413103140064SC0[14STD03220]","요양기관 현황[개]","개","1","1","1","1","1","1","1","1","1","1","1","1","1","1","1","1","1","1","1",
"1535413102140064HC3.110021","서초구","A003","종합병원","1635413103140064SC0[14STD03220]","요양기관 현황[개]","개","0","0","0","0","0","0","0","0","0","0","0","0","0","0","0","0","0","1","1",
"1535413102140064HC3.110021","서초구","A004","병원","1635413103140064SC0[14STD03220]","요양기관 현황[개]","개","7","8","8","7","6","6","8","8","8","10","10","10","11","12","13","12","13","13","14",
"1535413102140064HC3.110021","서초구","A005","요양병원","1635413103140064SC0[14STD03220]","요양기관 현황[개]","개","1","1","2","3","3","2","2","2","2","3","3","4","4","4","4","4","4","4","4",
"1535413102140064HC3.110021","서초구","A017","정신병원","1635413103140064SC0[14STD03220]","요양기관 현황[개]","개","","","","","","","","","","","","","","","0","0","0","0","0",
"1535413102140064HC3.110021","서초구","A006","의원","1635413103140064SC0[14STD03220]","요양기관 현황[개]","개","380","422","450","477","499","535","537","548","567","580","599","601","608","637","682","737","791","839","906",
"1535413102140064HC3.110022","노원구","A002","상급종합병원","1635413103140064SC0[14STD03220]","요양기관 현황[개]","개","1","1","1","1","1","1","1","1","0","0","0","0","0","0","0","0","0","0","0",
"1535413102140064HC3.110022","노원구","A003","종합병원","1635413103140064SC0[14STD03220]","요양기관 현황[개]","개","2","2","3","3","3","2","2","2","3","3","3","3","3","3","3","3","3","3","3",
"1535413102140064HC3.110022","노원구","A004","병원","1635413103140064SC0[14STD03220]","요양기관 현황[개]","개","3","4","5","5","5","6","7","7","6","7","7","7","7","7","6","6","6","5","5",
"1535413102140064HC3.110022","노원구","A005","요양병원","1635413103140064SC0[14STD03220]","요양기관 현황[개]","개","4","4","3","3","4","4","5","5","6","6","7","8","6","6","7","6","6","6","7",
"1535413102140064HC3.110022","노원구","A017","정신병원","1635413103140064SC0[14STD03220]","요양기관 현황[개]","개","","","","","","","","","","","","","","","0","0","0","0","0",
"1535413102140064HC3.110022","노원구","A006","의원","1635413103140064SC0[14STD03220]","요양기관 현황[개]","개","298","301","312","330","329","329","321","323","328","334","339","342","349","351","361","371","381","387","398",
"1535413102140064HC3.110023","광진구","A002","상급종합병원","1635413103140064SC0[14STD03220]","요양기관 현황[개]","개","0","0","0","0","0","1","1","1","1","1","1","1","1","1","1","1","1","1","1",
"1535413102140064HC3.110023","광진구","A003","종합병원","1635413103140064SC0[14STD03220]","요양기관 현황[개]","개","2","2","2","2","2","1","1","1","1","1","1","1","1","1","1","1","1","1","1",
"1535413102140064HC3.110023","광진구","A004","병원","1635413103140064SC0[14STD03220]","요양기관 현황[개]","개","3","4","3","3","3","4","5","5","5","4","4","4","5","5","5","5","4","4","4",
"1535413102140064HC3.110023","광진구","A005","요양병원","1635413103140064SC0[14STD03220]","요양기관 현황[개]","개","1","1","1","1","1","1","1","1","1","1","1","2","2","3","2","2","2","2","2",
"1535413102140064HC3.110023","광진구","A017","정신병원","1635413103140064SC0[14STD03220]","요양기관 현황[개]","개","","","","","","","","","","","","","","","0","0","1","1","1",
"1535413102140064HC3.110023","광진구","A006","의원","1635413103140064SC0[14STD03220]","요양기관 현황[개]","개","219","224","225","237","244","242","245","251","255","262","261","261","269","266","271","278","285","295","305",
"1535413102140064HC3.110024","강북구","A002","상급종합병원","1635413103140064SC0[14STD03220]","요양기관 현황[개]","개","0","0","0","0","0","0","0","0","0","0","0","0","0","0","0","0","0","0","0",
"1535413102140064HC3.110024","강북구","A003","종합병원","1635413103140064SC0[14STD03220]","요양기관 현황[개]","개","1","1","1","1","1","1","1","1","1","1","1","1","1","1","1","1","1","1","1",
"1535413102140064HC3.110024","강북구","A004","병원","1635413103140064SC0[14STD03220]","요양기관 현황[개]","개","6","6","7","8","9","9","10","10","9","8","8","8","8","9","10","8","9","9","9",
"1535413102140064HC3.110024","강북구","A005","요양병원","1635413103140064SC0[14STD03220]","요양기관 현황[개]","개","1","4","4","4","4","4","4","4","4","4","5","6","5","6","6","6","5","4","4",
"1535413102140064HC3.110024","강북구","A017","정신병원","1635413103140064SC0[14STD03220]","요양기관 현황[개]","개","","","","","","","","","","","","","","","0","0","0","0","0",
"1535413102140064HC3.110024","강북구","A006","의원","1635413103140064SC0[14STD03220]","요양기관 현황[개]","개","216","218","212","221","216","216","215","211","208","217","220","222","223","225","224","223","229","234","246",
"1535413102140064HC3.110025","금천구","A002","상급종합병원","1635413103140064SC0[14STD03220]","요양기관 현황[개]","개","0","0","0","0","0","0","0","0","0","0","0","0","0","0","0","0","0","0","0",
"1535413102140064HC3.110025","금천구","A003","종합병원","1635413103140064SC0[14STD03220]","요양기관 현황[개]","개","1","1","1","1","1","1","1","1","1","1","1","1","1","1","1","1","1","1","1",
"1535413102140064HC3.110025","금천구","A004","병원","1635413103140064SC0[14STD03220]","요양기관 현황[개]","개","3","3","3","3","5","6","6","4","5","6","6","6","6","6","5","4","4","4","5",
"1535413102140064HC3.110025","금천구","A005","요양병원","1635413103140064SC0[14STD03220]","요양기관 현황[개]","개","0","0","1","1","1","2","4","6","5","4","4","4","5","4","4","4","4","4","3",
"1535413102140064HC3.110025","금천구","A017","정신병원","1635413103140064SC0[14STD03220]","요양기관 현황[개]","개","","","","","","","","","","","","","","","1","1","1","1","1",
"1535413102140064HC3.110025","금천구","A006","의원","1635413103140064SC0[14STD03220]","요양기관 현황[개]","개","117","126","125","127","133","130","133","133","132","138","144","142","155","161","162","166","170","173","172",
"1535413102140064HC3.21","부산","A002","상급종합병원","1635413103140064SC0[14STD03220]","요양기관 현황[개]","개","4","4","4","4","4","4","4","4","4","4","4","4","4","4","3","3","3","4","4",
"1535413102140064HC3.21","부산","A003","종합병원","1635413103140064SC0[14STD03220]","요양기관 현황[개]","개","23","23","23","23","24","23","23","23","23","24","25","25","25","25","26","25","25","25","25",
"1535413102140064HC3.21","부산","A004","병원","1635413103140064SC0[14STD03220]","요양기관 현황[개]","개","81","84","99","104","114","120","123","126","134","131","135","139","139","144","137","135","143","142","142",
"1535413102140064HC3.21","부산","A005","요양병원","1635413103140064SC0[14STD03220]","요양기관 현황[개]","개","52","75","89","103","120","136","159","179","184","193","199","197","188","188","169","169","163","162","159",
"1535413102140064HC3.21","부산","A017","정신병원","1635413103140064SC0[14STD03220]","요양기관 현황[개]","개","","","","","","","","","","","","","","","24","23","23","23","23",
"1535413102140064HC3.21","부산","A006","의원","1635413103140064SC0[14STD03220]","요양기관 현황[개]","개","2088","2091","2064","2057","2083","2096","2093","2124","2161","2204","2247","2304","2363","2405","2438","2493","2574","2614","2675",
"1535413102140064HC3.210001","남구","A002","상급종합병원","1635413103140064SC0[14STD03220]","요양기관 현황[개]","개","0","0","0","0","0","0","0","0","0","0","0","0","0","0","0","0","0","0","0",
"1535413102140064HC3.210001","남구","A003","종합병원","1635413103140064SC0[14STD03220]","요양기관 현황[개]","개","1","1","1","1","1","1","1","1","1","1","1","1","1","1","1","1","1","1","1",
"1535413102140064HC3.210001","남구","A004","병원","1635413103140064SC0[14STD03220]","요양기관 현황[개]","개","4","4","5","5","5","6","7","8","8","8","8","8","8","8","5","5","6","6","6",
"1535413102140064HC3.210001","남구","A005","요양병원","1635413103140064SC0[14STD03220]","요양기관 현황[개]","개","2","4","4","4","5","5","5","6","8","8","9","8","8","8","8","8","8","8","8",
"1535413102140064HC3.210001","남구","A017","정신병원","1635413103140064SC0[14STD03220]","요양기관 현황[개]","개","","","","","","","","","","","","","","","3","3","3","3","3",
"1535413102140064HC3.210001","남구","A006","의원","1635413103140064SC0[14STD03220]","요양기관 현황[개]","개","144","141","137","139","145","148","144","147","145","149","150","153","156","159","165","171","182","184","188",
"1535413102140064HC3.210002","동구","A002","상급종합병원","1635413103140064SC0[14STD03220]","요양기관 현황[개]","개","0","0","0","0","0","0","0","0","0","0","0","0","0","0","0","0","0","0","0",
"1535413102140064HC3.210002","동구","A003","종합병원","1635413103140064SC0[14STD03220]","요양기관 현황[개]","개","3","3","3","3","3","3","3","3","3","3","3","3","3","3","3","3","3","3","3",
"1535413102140064HC3.210002","동구","A004","병원","1635413103140064SC0[14STD03220]","요양기관 현황[개]","개","3","3","4","3","3","3","4","4","4","6","5","5","5","5","5","5","5","5","5",
"1535413102140064HC3.210002","동구","A005","요양병원","1635413103140064SC0[14STD03220]","요양기관 현황[개]","개","3","4","5","5","5","5","5","5","5","5","5","5","5","6","5","5","5","5","5",
"1535413102140064HC3.210002","동구","A017","정신병원","1635413103140064SC0[14STD03220]","요양기관 현황[개]","개","","","","","","","","","","","","","","","1","1","1","1","1",
"1535413102140064HC3.210002","동구","A006","의원","1635413103140064SC0[14STD03220]","요양기관 현황[개]","개","97","97","89","87","86","81","79","77","82","76","73","75","76","76","74","72","72","71","74",
"1535413102140064HC3.210003","동래구","A002","상급종합병원","1635413103140064SC0[14STD03220]","요양기관 현황[개]","개","0","0","0","0","0","0","0","0","0","0","0","0","0","0","0","0","0","0","0",
"1535413102140064HC3.210003","동래구","A003","종합병원","1635413103140064SC0[14STD03220]","요양기관 현황[개]","개","3","3","3","3","3","3","3","3","3","3","3","3","3","3","3","3","3","3","3",
"1535413102140064HC3.210003","동래구","A004","병원","1635413103140064SC0[14STD03220]","요양기관 현황[개]","개","9","10","11","12","14","14","16","17","18","15","14","14","15","15","15","15","18","19","18",
"1535413102140064HC3.210003","동래구","A005","요양병원","1635413103140064SC0[14STD03220]","요양기관 현황[개]","개","2","5","6","8","10","12","12","12","14","16","18","18","16","17","14","15","15","15","15",
"1535413102140064HC3.210003","동래구","A017","정신병원","1635413103140064SC0[14STD03220]","요양기관 현황[개]","개","","","","","","","","","","","","","","","2","1","1","1","1",
"1535413102140064HC3.210003","동래구","A006","의원","1635413103140064SC0[14STD03220]","요양기관 현황[개]","개","178","173","166","164","168","168","165","163","168","169","172","180","185","189","192","199","208","214","218",
"1535413102140064HC3.210004","진구","A002","상급종합병원","1635413103140064SC0[14STD03220]","요양기관 현황[개]","개","1","1","1","1","1","1","1","1","1","1","1","1","1","1","1","1","1","1","1",
"1535413102140064HC3.210004","진구","A003","종합병원","1635413103140064SC0[14STD03220]","요양기관 현황[개]","개","2","2","2","3","3","3","3","3","3","3","3","3","3","3","3","3","3","3","3",
"1535413102140064HC3.210004","진구","A004","병원","1635413103140064SC0[14STD03220]","요양기관 현황[개]","개","5","5","7","7","7","9","9","10","11","12","17","18","18","19","18","18","17","18","18",
"1535413102140064HC3.210004","진구","A005","요양병원","1635413103140064SC0[14STD03220]","요양기관 현황[개]","개","8","8","9","12","13","13","16","16","15","15","15","17","14","14","15","15","14","14","13",
"1535413102140064HC3.210004","진구","A017","정신병원","1635413103140064SC0[14STD03220]","요양기관 현황[개]","개","","","","","","","","","","","","","","","0","0","0","0","0",
"1535413102140064HC3.210004","진구","A006","의원","1635413103140064SC0[14STD03220]","요양기관 현황[개]","개","359","362","366","357","364","372","373","382","387","404","403","414","423","432","445","459","466","472","479",
"1535413102140064HC3.210005","북구","A002","상급종합병원","1635413103140064SC0[14STD03220]","요양기관 현황[개]","개","0","0","0","0","0","0","0","0","0","0","0","0","0","0","0","0","0","0","0",
"1535413102140064HC3.210005","북구","A003","종합병원","1635413103140064SC0[14STD03220]","요양기관 현황[개]","개","1","1","1","1","1","1","1","1","1","1","2","2","2","2","2","2","2","2","2",
"1535413102140064HC3.210005","북구","A004","병원","1635413103140064SC0[14STD03220]","요양기관 현황[개]","개","7","6","7","7","8","7","7","9","10","10","9","9","10","11","9","9","9","9","9",
"1535413102140064HC3.210005","북구","A005","요양병원","1635413103140064SC0[14STD03220]","요양기관 현황[개]","개","5","6","6","6","10","10","11","16","18","17","18","16","14","14","13","13","13","13","13",
"1535413102140064HC3.210005","북구","A017","정신병원","1635413103140064SC0[14STD03220]","요양기관 현황[개]","개","","","","","","","","","","","","","","","1","1","1","1","1",
"1535413102140064HC3.210005","북구","A006","의원","1635413103140064SC0[14STD03220]","요양기관 현황[개]","개","151","145","146","149","150","149","153","153","151","156","161","163","164","167","168","161","169","168","179",
"1535413102140064HC3.210006","서구","A002","상급종합병원","1635413103140064SC0[14STD03220]","요양기관 현황[개]","개","3","3","3","3","3","3","3","3","3","3","3","3","3","3","2","2","2","3","3",
"1535413102140064HC3.210006","서구","A003","종합병원","1635413103140064SC0[14STD03220]","요양기관 현황[개]","개","1","1","1","1","1","1","1","1","1","1","1","1","1","1","2","2","2","1","1",
"1535413102140064HC3.210006","서구","A004","병원","1635413103140064SC0[14STD03220]","요양기관 현황[개]","개","1","1","1","2","1","1","1","1","2","3","3","3","4","4","3","2","2","3","3",
"1535413102140064HC3.210006","서구","A005","요양병원","1635413103140064SC0[14STD03220]","요양기관 현황[개]","개","1","1","2","1","2","2","3","5","6","5","5","5","6","6","6","6","6","5","5",
"1535413102140064HC3.210006","서구","A017","정신병원","1635413103140064SC0[14STD03220]","요양기관 현황[개]","개","","","","","","","","","","","","","","","1","1","1","1","1",
"1535413102140064HC3.210006","서구","A006","의원","1635413103140064SC0[14STD03220]","요양기관 현황[개]","개","64","68","65","64","60","60","58","59","57","59","63","62","61","60","60","62","62","63","60",
"1535413102140064HC3.210007","영도구","A002","상급종합병원","1635413103140064SC0[14STD03220]","요양기관 현황[개]","개","0","0","0","0","0","0","0","0","0","0","0","0","0","0","0","0","0","0","0",
"1535413102140064HC3.210007","영도구","A003","종합병원","1635413103140064SC0[14STD03220]","요양기관 현황[개]","개","2","2","2","2","2","2","2","2","2","2","2","2","2","2","2","2","2","2","2",
"1535413102140064HC3.210007","영도구","A004","병원","1635413103140064SC0[14STD03220]","요양기관 현황[개]","개","0","0","0","0","0","0","0","0","0","0","1","1","1","2","2","2","2","2","2",
"1535413102140064HC3.210007","영도구","A005","요양병원","1635413103140064SC0[14STD03220]","요양기관 현황[개]","개","0","0","1","1","1","2","4","4","4","4","5","5","5","5","5","5","5","5","5",
"1535413102140064HC3.210007","영도구","A017","정신병원","1635413103140064SC0[14STD03220]","요양기관 현황[개]","개","","","","","","","","","","","","","","","0","0","0","0","0",
"1535413102140064HC3.210007","영도구","A006","의원","1635413103140064SC0[14STD03220]","요양기관 현황[개]","개","85","84","84","84","81","77","74","72","74","73","76","73","73","74","71","69","72","70","71",
"1535413102140064HC3.210008","중구","A002","상급종합병원","1635413103140064SC0[14STD03220]","요양기관 현황[개]","개","0","0","0","0","0","0","0","0","0","0","0","0","0","0","0","0","0","0","0",
"1535413102140064HC3.210008","중구","A003","종합병원","1635413103140064SC0[14STD03220]","요양기관 현황[개]","개","1","1","1","1","1","1","1","1","1","1","1","1","1","1","1","1","1","1","1",
"1535413102140064HC3.210008","중구","A004","병원","1635413103140064SC0[14STD03220]","요양기관 현황[개]","개","2","2","2","2","1","1","1","1","1","1","2","2","2","2","2","2","2","2","1",
"1535413102140064HC3.210008","중구","A005","요양병원","1635413103140064SC0[14STD03220]","요양기관 현황[개]","개","2","2","2","2","2","5","6","8","7","7","7","6","5","4","4","4","4","4","4",
"1535413102140064HC3.210008","중구","A017","정신병원","1635413103140064SC0[14STD03220]","요양기관 현황[개]","개","","","","","","","","","","","","","","","0","0","0","0","0",
"1535413102140064HC3.210008","중구","A006","의원","1635413103140064SC0[14STD03220]","요양기관 현황[개]","개","86","80","78","76","74","80","77","77","75","73","71","67","69","69","69","67","67","70","69",
"1535413102140064HC3.210009","해운대구","A002","상급종합병원","1635413103140064SC0[14STD03220]","요양기관 현황[개]","개","0","0","0","0","0","0","0","0","0","0","0","0","0","0","0","0","0","0","0",
"1535413102140064HC3.210009","해운대구","A003","종합병원","1635413103140064SC0[14STD03220]","요양기관 현황[개]","개","0","0","0","1","1","1","1","1","1","2","2","2","2","2","2","2","2","2","2",
"1535413102140064HC3.210009","해운대구","A004","병원","1635413103140064SC0[14STD03220]","요양기관 현황[개]","개","8","8","10","10","14","15","15","14","13","13","13","14","13","14","12","13","13","11","12",
"1535413102140064HC3.210009","해운대구","A005","요양병원","1635413103140064SC0[14STD03220]","요양기관 현황[개]","개","4","8","11","13","14","19","21","22","21","19","19","19","18","18","16","15","14","15","14",
"1535413102140064HC3.210009","해운대구","A017","정신병원","1635413103140064SC0[14STD03220]","요양기관 현황[개]","개","","","","","","","","","","","","","","","2","2","2","2","2",
"1535413102140064HC3.210009","해운대구","A006","의원","1635413103140064SC0[14STD03220]","요양기관 현황[개]","개","204","223","234","242","253","252","259","269","277","281","294","303","314","326","329","339","351","360","369",
"1535413102140064HC3.210010","사하구","A002","상급종합병원","1635413103140064SC0[14STD03220]","요양기관 현황[개]","개","0","0","0","0","0","0","0","0","0","0","0","0","0","0","0","0","0","0","0",
"1535413102140064HC3.210010","사하구","A003","종합병원","1635413103140064SC0[14STD03220]","요양기관 현황[개]","개","1","1","1","0","0","0","0","0","0","0","0","0","0","0","0","0","0","0","0",
"1535413102140064HC3.210010","사하구","A004","병원","1635413103140064SC0[14STD03220]","요양기관 현황[개]","개","12","14","16","19","21","22","22","20","22","21","20","20","18","19","18","18","20","19","21",
"1535413102140064HC3.210010","사하구","A005","요양병원","1635413103140064SC0[14STD03220]","요양기관 현황[개]","개","5","8","9","11","15","17","17","22","21","24","23","25","25","25","22","22","21","21","21",
"1535413102140064HC3.210010","사하구","A017","정신병원","1635413103140064SC0[14STD03220]","요양기관 현황[개]","개","","","","","","","","","","","","","","","3","3","3","3","3",
"1535413102140064HC3.210010","사하구","A006","의원","1635413103140064SC0[14STD03220]","요양기관 현황[개]","개","180","181","180","176","170","167","167","164","166","171","176","179","181","188","191","194","195","202","206",
"1535413102140064HC3.210011","금정구","A002","상급종합병원","1635413103140064SC0[14STD03220]","요양기관 현황[개]","개","0","0","0","0","0","0","0","0","0","0","0","0","0","0","0","0","0","0","0",
"1535413102140064HC3.210011","금정구","A003","종합병원","1635413103140064SC0[14STD03220]","요양기관 현황[개]","개","3","3","3","2","2","1","1","1","1","1","1","1","1","1","1","0","0","0","0",
"1535413102140064HC3.210011","금정구","A004","병원","1635413103140064SC0[14STD03220]","요양기관 현황[개]","개","7","8","8","8","8","10","11","11","11","9","9","10","10","9","11","11","11","10","11",
"1535413102140064HC3.210011","금정구","A005","요양병원","1635413103140064SC0[14STD03220]","요양기관 현황[개]","개","7","8","10","12","13","14","19","18","18","20","21","21","22","21","18","18","17","17","17",
"1535413102140064HC3.210011","금정구","A017","정신병원","1635413103140064SC0[14STD03220]","요양기관 현황[개]","개","","","","","","","","","","","","","","","3","3","3","3","3",
"1535413102140064HC3.210011","금정구","A006","의원","1635413103140064SC0[14STD03220]","요양기관 현황[개]","개","140","138","123","122","128","129","126","133","134","135","140","140","145","147","146","149","146","152","158",
"1535413102140064HC3.210012","강서구","A002","상급종합병원","1635413103140064SC0[14STD03220]","요양기관 현황[개]","개","0","0","0","0","0","0","0","0","0","0","0","0","0","0","0","0","0","0","0",
"1535413102140064HC3.210012","강서구","A003","종합병원","1635413103140064SC0[14STD03220]","요양기관 현황[개]","개","0","0","0","0","0","0","0","0","0","0","0","0","0","0","0","0","0","0","0",
"1535413102140064HC3.210012","강서구","A004","병원","1635413103140064SC0[14STD03220]","요양기관 현황[개]","개","0","0","1","1","1","1","1","1","1","1","2","2","3","4","6","6","7","7","7",
"1535413102140064HC3.210012","강서구","A005","요양병원","1635413103140064SC0[14STD03220]","요양기관 현황[개]","개","0","0","1","1","1","1","1","1","1","1","1","1","0","0","0","0","0","0","0",
"1535413102140064HC3.210012","강서구","A017","정신병원","1635413103140064SC0[14STD03220]","요양기관 현황[개]","개","","","","","","","","","","","","","","","0","0","0","0","0",
"1535413102140064HC3.210012","강서구","A006","의원","1635413103140064SC0[14STD03220]","요양기관 현황[개]","개","9","9","9","9","10","13","13","16","21","24","33","43","47","47","49","52","55","58","57",
"1535413102140064HC3.210013","연제구","A002","상급종합병원","1635413103140064SC0[14STD03220]","요양기관 현황[개]","개","0","0","0","0","0","0","0","0","0","0","0","0","0","0","0","0","0","0","0",
"1535413102140064HC3.210013","연제구","A003","종합병원","1635413103140064SC0[14STD03220]","요양기관 현황[개]","개","1","1","1","1","1","1","1","1","1","1","1","1","1","1","1","1","1","1","1",
"1535413102140064HC3.210013","연제구","A004","병원","1635413103140064SC0[14STD03220]","요양기관 현황[개]","개","5","5","5","6","7","5","6","8","10","9","10","10","10","10","10","10","12","13","12",
"1535413102140064HC3.210013","연제구","A005","요양병원","1635413103140064SC0[14STD03220]","요양기관 현황[개]","개","3","7","10","11","10","11","13","12","13","17","18","16","16","16","14","14","12","12","12",
"1535413102140064HC3.210013","연제구","A017","정신병원","1635413103140064SC0[14STD03220]","요양기관 현황[개]","개","","","","","","","","","","","","","","","2","2","2","2","2",
"1535413102140064HC3.210013","연제구","A006","의원","1635413103140064SC0[14STD03220]","요양기관 현황[개]","개","149","141","137","140","138","135","138","138","140","145","149","153","151","153","161","169","181","184","189",
"1535413102140064HC3.210014","수영구","A002","상급종합병원","1635413103140064SC0[14STD03220]","요양기관 현황[개]","개","0","0","0","0","0","0","0","0","0","0","0","0","0","0","0","0","0","0","0",
"1535413102140064HC3.210014","수영구","A003","종합병원","1635413103140064SC0[14STD03220]","요양기관 현황[개]","개","2","2","2","2","2","2","2","2","2","2","2","2","2","2","2","2","2","3","3",
"1535413102140064HC3.210014","수영구","A004","병원","1635413103140064SC0[14STD03220]","요양기관 현황[개]","개","6","6","7","9","9","10","8","8","8","8","10","9","9","9","9","8","7","6","6",
"1535413102140064HC3.210014","수영구","A005","요양병원","1635413103140064SC0[14STD03220]","요양기관 현황[개]","개","1","3","2","5","6","7","9","9","10","11","12","11","10","11","11","11","10","9","9",
"1535413102140064HC3.210014","수영구","A017","정신병원","1635413103140064SC0[14STD03220]","요양기관 현황[개]","개","","","","","","","","","","","","","","","0","0","0","0","0",
"1535413102140064HC3.210014","수영구","A006","의원","1635413103140064SC0[14STD03220]","요양기관 현황[개]","개","101","101","101","99","102","104","104","105","106","110","110","114","122","125","130","136","142","142","147",
"1535413102140064HC3.210015","사상구","A002","상급종합병원","1635413103140064SC0[14STD03220]","요양기관 현황[개]","개","0","0","0","0","0","0","0","0","0","0","0","0","0","0","0","0","0","0","0",
"1535413102140064HC3.210015","사상구","A003","종합병원","1635413103140064SC0[14STD03220]","요양기관 현황[개]","개","2","2","2","2","2","2","2","2","2","2","2","2","2","2","2","2","2","2","2",
"1535413102140064HC3.210015","사상구","A004","병원","1635413103140064SC0[14STD03220]","요양기관 현황[개]","개","10","10","13","11","12","13","12","12","13","10","8","8","8","8","7","7","7","7","7",
"1535413102140064HC3.210015","사상구","A005","요양병원","1635413103140064SC0[14STD03220]","요양기관 현황[개]","개","6","7","7","7","8","8","11","14","15","16","16","18","18","18","13","13","14","14","13",
"1535413102140064HC3.210015","사상구","A017","정신병원","1635413103140064SC0[14STD03220]","요양기관 현황[개]","개","","","","","","","","","","","","","","","6","6","6","6","6",
"1535413102140064HC3.210015","사상구","A006","의원","1635413103140064SC0[14STD03220]","요양기관 현황[개]","개","108","114","111","110","110","110","106","106","107","107","102","108","112","112","107","107","112","110","113",
"1535413102140064HC3.210100","기장군","A002","상급종합병원","1635413103140064SC0[14STD03220]","요양기관 현황[개]","개","0","0","0","0","0","0","0","0","0","0","0","0","0","0","0","0","0","0","0",
"1535413102140064HC3.210100","기장군","A003","종합병원","1635413103140064SC0[14STD03220]","요양기관 현황[개]","개","0","0","0","0","1","1","1","1","1","1","1","1","1","1","1","1","1","1","1",
"1535413102140064HC3.210100","기장군","A004","병원","1635413103140064SC0[14STD03220]","요양기관 현황[개]","개","2","2","2","2","3","3","3","2","2","5","4","6","5","5","5","4","5","5","4",
"1535413102140064HC3.210100","기장군","A005","요양병원","1635413103140064SC0[14STD03220]","요양기관 현황[개]","개","3","4","4","4","5","5","6","9","8","8","7","6","6","5","5","5","5","5","5",
"1535413102140064HC3.210100","기장군","A017","정신병원","1635413103140064SC0[14STD03220]","요양기관 현황[개]","개","","","","","","","","","","","","","","","0","0","0","0","0",
"1535413102140064HC3.210100","기장군","A006","의원","1635413103140064SC0[14STD03220]","요양기관 현황[개]","개","33","34","38","39","44","51","57","63","71","72","74","77","84","81","81","87","94","94","98",
"1535413102140064HC3.22","대구","A002","상급종합병원","1635413103140064SC0[14STD03220]","요양기관 현황[개]","개","4","4","4","4","4","4","4","4","4","4","4","5","5","5","5","5","5","5","5",
"1535413102140064HC3.22","대구","A003","종합병원","1635413103140064SC0[14STD03220]","요양기관 현황[개]","개","8","8","7","7","8","8","8","7","8","8","8","7","11","12","12","13","14","14","14",
"1535413102140064HC3.22","대구","A004","병원","1635413103140064SC0[14STD03220]","요양기관 현황[개]","개","76","85","95","100","103","106","108","110","111","114","113","112","109","109","98","89","89","92","91",
"1535413102140064HC3.22","대구","A005","요양병원","1635413103140064SC0[14STD03220]","요양기관 현황[개]","개","21","31","36","38","40","42","50","60","62","61","65","63","64","69","72","75","75","72","70",
"1535413102140064HC3.22","대구","A017","정신병원","1635413103140064SC0[14STD03220]","요양기관 현황[개]","개","","","","","","","","","","","","","","","8","16","17","16","16",
"1535413102140064HC3.22","대구","A006","의원","1635413103140064SC0[14STD03220]","요양기관 현황[개]","개","1413","1423","1445","1474","1507","1549","1559","1583","1599","1635","1694","1725","1775","1809","1845","1903","1941","1999","2061",
"1535413102140064HC3.220001","남구","A002","상급종합병원","1635413103140064SC0[14STD03220]","요양기관 현황[개]","개","2","2","2","2","2","2","2","2","2","2","2","2","2","2","2","2","2","2","2",
"1535413102140064HC3.220001","남구","A003","종합병원","1635413103140064SC0[14STD03220]","요양기관 현황[개]","개","0","0","0","0","0","0","0","0","0","0","0","0","1","1","1","2","2","2","2",
"1535413102140064HC3.220001","남구","A004","병원","1635413103140064SC0[14STD03220]","요양기관 현황[개]","개","6","7","9","9","9","10","8","8","8","9","9","8","7","7","7","5","5","5","5",
"1535413102140064HC3.220001","남구","A005","요양병원","1635413103140064SC0[14STD03220]","요양기관 현황[개]","개","3","4","6","6","6","6","9","10","10","9","9","9","9","10","10","9","9","9","8",
"1535413102140064HC3.220001","남구","A017","정신병원","1635413103140064SC0[14STD03220]","요양기관 현황[개]","개","","","","","","","","","","","","","","","0","0","0","0","0",
"1535413102140064HC3.220001","남구","A006","의원","1635413103140064SC0[14STD03220]","요양기관 현황[개]","개","104","111","101","103","103","100","99","102","105","104","104","105","104","104","108","115","120","118","119",
"1535413102140064HC3.220002","동구","A002","상급종합병원","1635413103140064SC0[14STD03220]","요양기관 현황[개]","개","0","0","0","0","0","0","0","0","0","0","0","0","0","0","0","0","0","0","0",
"1535413102140064HC3.220002","동구","A003","종합병원","1635413103140064SC0[14STD03220]","요양기관 현황[개]","개","1","1","1","1","1","1","1","1","1","1","1","1","1","1","1","1","2","2","2",
"1535413102140064HC3.220002","동구","A004","병원","1635413103140064SC0[14STD03220]","요양기관 현황[개]","개","6","7","6","7","8","6","6","7","9","9","10","10","9","9","7","8","7","6","6",
"1535413102140064HC3.220002","동구","A005","요양병원","1635413103140064SC0[14STD03220]","요양기관 현황[개]","개","4","5","6","6","6","7","8","9","8","7","8","7","7","7","8","8","8","8","8",
"1535413102140064HC3.220002","동구","A017","정신병원","1635413103140064SC0[14STD03220]","요양기관 현황[개]","개","","","","","","","","","","","","","","","0","3","3","3","3",
"1535413102140064HC3.220002","동구","A006","의원","1635413103140064SC0[14STD03220]","요양기관 현황[개]","개","175","170","173","182","182","192","193","200","207","211","220","225","233","235","241","247","241","247","256",
"1535413102140064HC3.220003","북구","A002","상급종합병원","1635413103140064SC0[14STD03220]","요양기관 현황[개]","개","0","0","0","0","0","0","0","0","0","0","0","1","1","1","1","1","1","1","1",
"1535413102140064HC3.220003","북구","A003","종합병원","1635413103140064SC0[14STD03220]","요양기관 현황[개]","개","1","1","1","1","2","2","2","2","2","2","2","1","1","1","1","1","1","1","1",
"1535413102140064HC3.220003","북구","A004","병원","1635413103140064SC0[14STD03220]","요양기관 현황[개]","개","12","15","14","14","14","16","16","17","17","18","19","19","20","19","18","19","20","22","21",
"1535413102140064HC3.220003","북구","A005","요양병원","1635413103140064SC0[14STD03220]","요양기관 현황[개]","개","5","6","6","7","8","7","8","9","11","10","11","10","11","11","12","13","13","12","12",
"1535413102140064HC3.220003","북구","A017","정신병원","1635413103140064SC0[14STD03220]","요양기관 현황[개]","개","","","","","","","","","","","","","","","3","3","3","3","3",
"1535413102140064HC3.220003","북구","A006","의원","1635413103140064SC0[14STD03220]","요양기관 현황[개]","개","233","231","228","227","224","229","233","230","231","232","244","245","246","251","255","260","267","272","274",
"1535413102140064HC3.220004","서구","A002","상급종합병원","1635413103140064SC0[14STD03220]","요양기관 현황[개]","개","0","0","0","0","0","0","0","0","0","0","0","0","0","0","0","0","0","0","0",
"1535413102140064HC3.220004","서구","A003","종합병원","1635413103140064SC0[14STD03220]","요양기관 현황[개]","개","1","1","1","1","1","1","1","1","1","1","1","1","1","1","1","1","1","1","1",
"1535413102140064HC3.220004","서구","A004","병원","1635413103140064SC0[14STD03220]","요양기관 현황[개]","개","8","9","10","11","12","12","11","9","9","9","8","8","9","8","7","7","7","7","7",
"1535413102140064HC3.220004","서구","A005","요양병원","1635413103140064SC0[14STD03220]","요양기관 현황[개]","개","1","5","6","6","6","6","7","10","8","9","9","9","8","9","10","10","12","11","11",
"1535413102140064HC3.220004","서구","A017","정신병원","1635413103140064SC0[14STD03220]","요양기관 현황[개]","개","","","","","","","","","","","","","","","1","1","2","2","2",
"1535413102140064HC3.220004","서구","A006","의원","1635413103140064SC0[14STD03220]","요양기관 현황[개]","개","129","122","121","121","120","122","121","121","120","122","123","121","121","120","118","119","125","124","125",
"1535413102140064HC3.220005","수성구","A002","상급종합병원","1635413103140064SC0[14STD03220]","요양기관 현황[개]","개","0","0","0","0","0","0","0","0","0","0","0","0","0","0","0","0","0","0","0",
"1535413102140064HC3.220005","수성구","A003","종합병원","1635413103140064SC0[14STD03220]","요양기관 현황[개]","개","1","1","0","0","0","0","0","0","1","1","1","1","1","1","1","1","1","1","1",
"1535413102140064HC3.220005","수성구","A004","병원","1635413103140064SC0[14STD03220]","요양기관 현황[개]","개","13","13","13","15","16","18","19","21","19","19","17","15","15","15","13","13","13","13","14",
"1535413102140064HC3.220005","수성구","A005","요양병원","1635413103140064SC0[14STD03220]","요양기관 현황[개]","개","3","4","4","4","4","5","5","5","6","6","7","7","7","8","9","10","10","10","10",
"1535413102140064HC3.220005","수성구","A017","정신병원","1635413103140064SC0[14STD03220]","요양기관 현황[개]","개","","","","","","","","","","","","","","","2","2","2","2","2",
"1535413102140064HC3.220005","수성구","A006","의원","1635413103140064SC0[14STD03220]","요양기관 현황[개]","개","245","252","256","268","288","293","297","301","301","314","322","327","338","351","356","374","385","411","444",
"1535413102140064HC3.220006","중구","A002","상급종합병원","1635413103140064SC0[14STD03220]","요양기관 현황[개]","개","2","2","2","2","2","2","2","2","2","2","2","2","2","1","1","1","1","1","1",
"1535413102140064HC3.220006","중구","A003","종합병원","1635413103140064SC0[14STD03220]","요양기관 현황[개]","개","1","1","1","1","1","1","1","1","1","1","1","1","2","2","2","2","2","2","2",
"1535413102140064HC3.220006","중구","A004","병원","1635413103140064SC0[14STD03220]","요양기관 현황[개]","개","5","5","7","7","6","6","8","9","9","9","9","12","12","13","11","10","11","11","11",
"1535413102140064HC3.220006","중구","A005","요양병원","1635413103140064SC0[14STD03220]","요양기관 현황[개]","개","1","1","2","1","1","1","2","3","3","3","3","3","3","3","2","2","2","1","1",
"1535413102140064HC3.220006","중구","A017","정신병원","1635413103140064SC0[14STD03220]","요양기관 현황[개]","개","","","","","","","","","","","","","","","0","0","0","0","0",
"1535413102140064HC3.220006","중구","A006","의원","1635413103140064SC0[14STD03220]","요양기관 현황[개]","개","175","179","187","186","191","201","202","208","214","214","221","229","242","250","260","266","271","276","282",
"1535413102140064HC3.220007","달서구","A002","상급종합병원","1635413103140064SC0[14STD03220]","요양기관 현황[개]","개","0","0","0","0","0","0","0","0","0","0","0","0","0","1","1","1","1","1","1",
"1535413102140064HC3.220007","달서구","A003","종합병원","1635413103140064SC0[14STD03220]","요양기관 현황[개]","개","3","3","3","3","3","3","3","2","2","2","2","2","4","5","5","5","5","5","5",
"1535413102140064HC3.220007","달서구","A004","병원","1635413103140064SC0[14STD03220]","요양기관 현황[개]","개","21","23","29","29","29","29","31","32","33","34","33","33","30","31","30","22","21","21","21",
"1535413102140064HC3.220007","달서구","A005","요양병원","1635413103140064SC0[14STD03220]","요양기관 현황[개]","개","4","5","5","7","7","7","7","9","11","12","12","12","13","13","13","14","12","12","12",
"1535413102140064HC3.220007","달서구","A017","정신병원","1635413103140064SC0[14STD03220]","요양기관 현황[개]","개","","","","","","","","","","","","","","","0","5","5","4","4",
"1535413102140064HC3.220007","달서구","A006","의원","1635413103140064SC0[14STD03220]","요양기관 현황[개]","개","301","306","318","317","323","330","327","331","332","341","354","356","366","375","382","395","405","418","430",
"1535413102140064HC3.220100","달성군","A002","상급종합병원","1635413103140064SC0[14STD03220]","요양기관 현황[개]","개","0","0","0","0","0","0","0","0","0","0","0","0","0","0","0","0","0","0","0",
"1535413102140064HC3.220100","달성군","A003","종합병원","1635413103140064SC0[14STD03220]","요양기관 현황[개]","개","0","0","0","0","0","0","0","0","0","0","0","0","0","0","0","0","0","0","0",
"1535413102140064HC3.220100","달성군","A004","병원","1635413103140064SC0[14STD03220]","요양기관 현황[개]","개","5","6","7","8","9","9","9","7","7","7","8","7","7","7","5","5","5","7","6",
"1535413102140064HC3.220100","달성군","A005","요양병원","1635413103140064SC0[14STD03220]","요양기관 현황[개]","개","0","1","1","1","2","3","4","5","5","5","6","6","6","8","8","9","9","9","8",
"1535413102140064HC3.220100","달성군","A017","정신병원","1635413103140064SC0[14STD03220]","요양기관 현황[개]","개","","","","","","","","","","","","","","","2","2","2","2","2",
"1535413102140064HC3.220100","달성군","A006","의원","1635413103140064SC0[14STD03220]","요양기관 현황[개]","개","51","52","61","70","76","82","87","90","89","97","106","117","125","123","125","127","127","125","123",
"1535413102140064HC3.220101","군위군","A002","상급종합병원","1635413103140064SC0[14STD03220]","요양기관 현황[개]","개","","","","","","","","","","","","","","","","","","0","0",
"1535413102140064HC3.220101","군위군","A003","종합병원","1635413103140064SC0[14STD03220]","요양기관 현황[개]","개","","","","","","","","","","","","","","","","","","0","0",
"1535413102140064HC3.220101","군위군","A004","병원","1635413103140064SC0[14STD03220]","요양기관 현황[개]","개","","","","","","","","","","","","","","","","","","0","0",
"1535413102140064HC3.220101","군위군","A005","요양병원","1635413103140064SC0[14STD03220]","요양기관 현황[개]","개","","","","","","","","","","","","","","","","","","0","0",
"1535413102140064HC3.220101","군위군","A017","정신병원","1635413103140064SC0[14STD03220]","요양기관 현황[개]","개","","","","","","","","","","","","","","","","","","0","0",
"1535413102140064HC3.220101","군위군","A006","의원","1635413103140064SC0[14STD03220]","요양기관 현황[개]","개","","","","","","","","","","","","","","","","","","8","8",
"1535413102140064HC3.23","인천","A002","상급종합병원","1635413103140064SC0[14STD03220]","요양기관 현황[개]","개","2","2","2","2","2","2","2","2","3","3","3","3","3","3","3","3","3","3","3",
"1535413102140064HC3.23","인천","A003","종합병원","1635413103140064SC0[14STD03220]","요양기관 현황[개]","개","11","11","11","12","12","13","14","16","16","16","16","16","16","16","17","17","18","18","18",
"1535413102140064HC3.23","인천","A004","병원","1635413103140064SC0[14STD03220]","요양기관 현황[개]","개","36","38","48","52","56","57","54","48","54","57","59","60","61","64","66","55","59","57","60",
"1535413102140064HC3.23","인천","A005","요양병원","1635413103140064SC0[14STD03220]","요양기관 현황[개]","개","13","26","31","37","38","40","47","63","59","64","71","72","72","70","67","68","63","64","60",
"1535413102140064HC3.23","인천","A017","정신병원","1635413103140064SC0[14STD03220]","요양기관 현황[개]","개","","","","","","","","","","","","","","","5","16","17","17","17",
"1535413102140064HC3.23","인천","A006","의원","1635413103140064SC0[14STD03220]","요양기관 현황[개]","개","1261","1275","1308","1320","1339","1358","1378","1387","1419","1444","1476","1506","1540","1573","1606","1664","1735","1781","1849",
"1535413102140064HC3.230001","남구","A002","상급종합병원","1635413103140064SC0[14STD03220]","요양기관 현황[개]","개","0","0","0","0","0","0","0","0","0","0","0","0","","","","","","","",
"1535413102140064HC3.230001","남구","A003","종합병원","1635413103140064SC0[14STD03220]","요양기관 현황[개]","개","2","2","2","2","1","1","1","2","2","2","2","2","","","","","","","",
"1535413102140064HC3.230001","남구","A004","병원","1635413103140064SC0[14STD03220]","요양기관 현황[개]","개","3","4","4","5","6","7","10","8","8","9","9","11","","","","","","","",
"1535413102140064HC3.230001","남구","A005","요양병원","1635413103140064SC0[14STD03220]","요양기관 현황[개]","개","1","6","8","9","10","8","8","11","11","13","15","14","","","","","","","",
"1535413102140064HC3.230001","남구","A006","의원","1635413103140064SC0[14STD03220]","요양기관 현황[개]","개","225","220","227","226","229","221","213","204","205","207","209","212","","","","","","","",
"1535413102140064HC3.230009","미추홀구","A002","상급종합병원","1635413103140064SC0[14STD03220]","요양기관 현황[개]","개","","","","","","","","","","","","","0","0","0","0","0","0","0",
"1535413102140064HC3.230009","미추홀구","A003","종합병원","1635413103140064SC0[14STD03220]","요양기관 현황[개]","개","","","","","","","","","","","","","2","2","2","2","2","2","2",
"1535413102140064HC3.230009","미추홀구","A004","병원","1635413103140064SC0[14STD03220]","요양기관 현황[개]","개","","","","","","","","","","","","","13","13","13","11","13","12","14",
"1535413102140064HC3.230009","미추홀구","A005","요양병원","1635413103140064SC0[14STD03220]","요양기관 현황[개]","개","","","","","","","","","","","","","15","14","14","15","13","14","14",
"1535413102140064HC3.230009","미추홀구","A017","정신병원","1635413103140064SC0[14STD03220]","요양기관 현황[개]","개","","","","","","","","","","","","","","","0","3","3","4","4",
"1535413102140064HC3.230009","미추홀구","A006","의원","1635413103140064SC0[14STD03220]","요양기관 현황[개]","개","","","","","","","","","","","","","210","209","212","213","217","223","238",
"1535413102140064HC3.230002","동구","A002","상급종합병원","1635413103140064SC0[14STD03220]","요양기관 현황[개]","개","0","0","0","0","0","0","0","0","0","0","0","0","0","0","0","0","0","0","0",
"1535413102140064HC3.230002","동구","A003","종합병원","1635413103140064SC0[14STD03220]","요양기관 현황[개]","개","1","1","1","1","1","1","2","2","2","2","2","2","2","2","2","2","2","2","2",
"1535413102140064HC3.230002","동구","A004","병원","1635413103140064SC0[14STD03220]","요양기관 현황[개]","개","2","2","2","2","2","2","0","0","0","0","0","0","0","0","0","0","0","0","0",
"1535413102140064HC3.230002","동구","A005","요양병원","1635413103140064SC0[14STD03220]","요양기관 현황[개]","개","0","0","0","0","0","0","0","0","0","0","0","0","0","0","0","0","0","0","0",
"1535413102140064HC3.230002","동구","A017","정신병원","1635413103140064SC0[14STD03220]","요양기관 현황[개]","개","","","","","","","","","","","","","","","0","0","0","0","0",
"1535413102140064HC3.230002","동구","A006","의원","1635413103140064SC0[14STD03220]","요양기관 현황[개]","개","43","43","41","42","42","42","40","41","43","41","41","41","40","42","43","43","43","43","43",
"1535413102140064HC3.230003","부평구","A002","상급종합병원","1635413103140064SC0[14STD03220]","요양기관 현황[개]","개","0","0","0","0","0","0","0","0","1","1","1","1","1","1","1","1","1","1","1",
"1535413102140064HC3.230003","부평구","A003","종합병원","1635413103140064SC0[14STD03220]","요양기관 현황[개]","개","3","3","2","2","2","2","2","2","2","2","2","2","2","2","2","2","2","2","2",
"1535413102140064HC3.230003","부평구","A004","병원","1635413103140064SC0[14STD03220]","요양기관 현황[개]","개","11","12","16","16","17","17","16","12","12","12","11","10","10","10","9","8","9","7","7",
"1535413102140064HC3.230003","부평구","A005","요양병원","1635413103140064SC0[14STD03220]","요양기관 현황[개]","개","0","1","2","2","3","4","5","9","8","8","8","9","8","7","7","7","6","6","6",
"1535413102140064HC3.230003","부평구","A017","정신병원","1635413103140064SC0[14STD03220]","요양기관 현황[개]","개","","","","","","","","","","","","","","","0","1","1","1","1",
"1535413102140064HC3.230003","부평구","A006","의원","1635413103140064SC0[14STD03220]","요양기관 현황[개]","개","296","292","294","291","292","292","289","292","297","301","301","302","309","307","309","318","331","334","344",
"1535413102140064HC3.230004","중구","A002","상급종합병원","1635413103140064SC0[14STD03220]","요양기관 현황[개]","개","1","1","1","1","1","1","1","1","1","1","1","1","1","1","1","1","1","1","1",
"1535413102140064HC3.230004","중구","A003","종합병원","1635413103140064SC0[14STD03220]","요양기관 현황[개]","개","1","1","1","1","2","2","2","2","2","2","1","1","1","1","1","1","1","1","1",
"1535413102140064HC3.230004","중구","A004","병원","1635413103140064SC0[14STD03220]","요양기관 현황[개]","개","0","0","0","0","0","0","0","0","0","0","1","2","1","2","2","2","2","3","3",
"1535413102140064HC3.230004","중구","A005","요양병원","1635413103140064SC0[14STD03220]","요양기관 현황[개]","개","2","2","2","3","2","2","2","3","3","3","4","4","4","4","4","4","4","4","4",
"1535413102140064HC3.230004","중구","A017","정신병원","1635413103140064SC0[14STD03220]","요양기관 현황[개]","개","","","","","","","","","","","","","","","0","0","0","0","0",
"1535413102140064HC3.230004","중구","A006","의원","1635413103140064SC0[14STD03220]","요양기관 현황[개]","개","47","49","46","45","44","44","44","44","45","45","47","46","50","55","58","60","70","71","70",
"1535413102140064HC3.230005","서구","A002","상급종합병원","1635413103140064SC0[14STD03220]","요양기관 현황[개]","개","0","0","0","0","0","0","0","0","0","0","0","0","0","0","0","0","0","0","0",
"1535413102140064HC3.230005","서구","A003","종합병원","1635413103140064SC0[14STD03220]","요양기관 현황[개]","개","2","2","3","3","3","4","4","5","5","5","5","5","5","5","5","5","5","5","5",
"1535413102140064HC3.230005","서구","A004","병원","1635413103140064SC0[14STD03220]","요양기관 현황[개]","개","5","6","7","7","6","6","6","6","7","7","9","9","9","9","11","9","10","11","12",
"1535413102140064HC3.230005","서구","A005","요양병원","1635413103140064SC0[14STD03220]","요양기관 현황[개]","개","4","6","6","6","5","6","8","10","10","9","10","9","9","10","9","10","10","11","11",
"1535413102140064HC3.230005","서구","A017","정신병원","1635413103140064SC0[14STD03220]","요양기관 현황[개]","개","","","","","","","","","","","","","","","1","3","3","3","3",
"1535413102140064HC3.230005","서구","A006","의원","1635413103140064SC0[14STD03220]","요양기관 현황[개]","개","164","171","166","172","171","172","177","185","202","209","226","229","235","241","246","261","280","302","324",
"1535413102140064HC3.230006","남동구","A002","상급종합병원","1635413103140064SC0[14STD03220]","요양기관 현황[개]","개","1","1","1","1","1","1","1","1","1","1","1","1","1","1","1","1","1","1","1",
"1535413102140064HC3.230006","남동구","A003","종합병원","1635413103140064SC0[14STD03220]","요양기관 현황[개]","개","0","0","0","0","0","0","0","0","0","0","0","0","0","0","1","1","1","1","1",
"1535413102140064HC3.230006","남동구","A004","병원","1635413103140064SC0[14STD03220]","요양기관 현황[개]","개","7","6","8","10","12","11","9","10","12","13","14","13","13","15","17","12","12","11","10",
"1535413102140064HC3.230006","남동구","A005","요양병원","1635413103140064SC0[14STD03220]","요양기관 현황[개]","개","1","4","4","4","4","6","9","12","11","12","14","16","17","17","17","17","16","15","14",
"1535413102140064HC3.230006","남동구","A017","정신병원","1635413103140064SC0[14STD03220]","요양기관 현황[개]","개","","","","","","","","","","","","","","","0","4","4","4","4",
"1535413102140064HC3.230006","남동구","A006","의원","1635413103140064SC0[14STD03220]","요양기관 현황[개]","개","219","228","263","267","275","292","304","308","311","316","321","332","348","357","356","365","368","369","374",
"1535413102140064HC3.230007","연수구","A002","상급종합병원","1635413103140064SC0[14STD03220]","요양기관 현황[개]","개","0","0","0","0","0","0","0","0","0","0","0","0","0","0","0","0","0","0","0",
"1535413102140064HC3.230007","연수구","A003","종합병원","1635413103140064SC0[14STD03220]","요양기관 현황[개]","개","1","1","1","2","2","2","2","2","2","2","2","2","1","1","1","1","2","2","2",
"1535413102140064HC3.230007","연수구","A004","병원","1635413103140064SC0[14STD03220]","요양기관 현황[개]","개","3","3","3","3","3","3","3","3","3","4","4","4","4","4","4","4","4","4","4",
"1535413102140064HC3.230007","연수구","A005","요양병원","1635413103140064SC0[14STD03220]","요양기관 현황[개]","개","2","2","2","2","3","3","3","3","3","3","3","4","3","4","4","3","3","4","3",
"1535413102140064HC3.230007","연수구","A017","정신병원","1635413103140064SC0[14STD03220]","요양기관 현황[개]","개","","","","","","","","","","","","","","","0","0","0","0","0",
"1535413102140064HC3.230007","연수구","A006","의원","1635413103140064SC0[14STD03220]","요양기관 현황[개]","개","98","102","106","111","116","124","131","131","138","146","152","162","168","178","195","213","233","242","262",
"1535413102140064HC3.230008","계양구","A002","상급종합병원","1635413103140064SC0[14STD03220]","요양기관 현황[개]","개","0","0","0","0","0","0","0","0","0","0","0","0","0","0","0","0","0","0","0",
"1535413102140064HC3.230008","계양구","A003","종합병원","1635413103140064SC0[14STD03220]","요양기관 현황[개]","개","1","1","1","1","1","1","1","1","1","1","2","2","2","2","2","2","2","2","2",
"1535413102140064HC3.230008","계양구","A004","병원","1635413103140064SC0[14STD03220]","요양기관 현황[개]","개","3","3","5","6","7","8","7","6","9","9","8","8","8","8","7","7","7","7","8",
"1535413102140064HC3.230008","계양구","A005","요양병원","1635413103140064SC0[14STD03220]","요양기관 현황[개]","개","2","2","4","8","9","9","10","11","10","12","12","11","11","10","9","8","7","6","5",
"1535413102140064HC3.230008","계양구","A017","정신병원","1635413103140064SC0[14STD03220]","요양기관 현황[개]","개","","","","","","","","","","","","","","","3","3","4","4","4",
"1535413102140064HC3.230008","계양구","A006","의원","1635413103140064SC0[14STD03220]","요양기관 현황[개]","개","146","149","145","145","148","149","158","161","157","157","157","157","157","161","164","167","169","173","171",
"1535413102140064HC3.230100","강화군","A002","상급종합병원","1635413103140064SC0[14STD03220]","요양기관 현황[개]","개","0","0","0","0","0","0","0","0","0","0","0","0","0","0","0","0","0","0","0",
"1535413102140064HC3.230100","강화군","A003","종합병원","1635413103140064SC0[14STD03220]","요양기관 현황[개]","개","0","0","0","0","0","0","0","0","0","0","0","0","1","1","1","1","1","1","1",
"1535413102140064HC3.230100","강화군","A004","병원","1635413103140064SC0[14STD03220]","요양기관 현황[개]","개","1","1","2","2","2","2","2","2","2","2","2","2","2","2","2","1","1","1","1",
"1535413102140064HC3.230100","강화군","A005","요양병원","1635413103140064SC0[14STD03220]","요양기관 현황[개]","개","1","3","3","3","2","2","2","4","3","4","5","5","5","4","3","4","4","4","3",
"1535413102140064HC3.230100","강화군","A017","정신병원","1635413103140064SC0[14STD03220]","요양기관 현황[개]","개","","","","","","","","","","","","","","","1","2","2","1","1",
"1535413102140064HC3.230100","강화군","A006","의원","1635413103140064SC0[14STD03220]","요양기관 현황[개]","개","21","19","19","19","20","20","20","19","19","20","20","22","20","20","20","21","21","21","20",
"1535413102140064HC3.230200","옹진군","A002","상급종합병원","1635413103140064SC0[14STD03220]","요양기관 현황[개]","개","0","0","0","0","0","0","0","0","0","0","0","0","0","0","0","0","0","0","0",
"1535413102140064HC3.230200","옹진군","A003","종합병원","1635413103140064SC0[14STD03220]","요양기관 현황[개]","개","0","0","0","0","0","0","0","0","0","0","0","0","0","0","0","0","0","0","0",
"1535413102140064HC3.230200","옹진군","A004","병원","1635413103140064SC0[14STD03220]","요양기관 현황[개]","개","1","1","1","1","1","1","1","1","1","1","1","1","1","1","1","1","1","1","1",
"1535413102140064HC3.230200","옹진군","A005","요양병원","1635413103140064SC0[14STD03220]","요양기관 현황[개]","개","0","0","0","0","0","0","0","0","0","0","0","0","0","0","0","0","0","0","0",
"1535413102140064HC3.230200","옹진군","A017","정신병원","1635413103140064SC0[14STD03220]","요양기관 현황[개]","개","","","","","","","","","","","","","","","0","0","0","0","0",
"1535413102140064HC3.230200","옹진군","A006","의원","1635413103140064SC0[14STD03220]","요양기관 현황[개]","개","2","2","1","2","2","2","2","2","2","2","2","3","3","3","3","3","3","3","3",
"1535413102140064HC3.24","광주","A002","상급종합병원","1635413103140064SC0[14STD03220]","요양기관 현황[개]","개","2","2","2","2","2","2","2","2","2","2","2","2","2","2","2","2","2","2","2",
"1535413102140064HC3.24","광주","A003","종합병원","1635413103140064SC0[14STD03220]","요양기관 현황[개]","개","14","16","17","18","19","19","20","20","20","20","20","20","20","21","22","22","23","23","23",
"1535413102140064HC3.24","광주","A004","병원","1635413103140064SC0[14STD03220]","요양기관 현황[개]","개","35","41","48","49","60","70","69","69","74","77","73","75","79","82","82","86","82","80","80",
"1535413102140064HC3.24","광주","A005","요양병원","1635413103140064SC0[14STD03220]","요양기관 현황[개]","개","8","15","16","16","21","24","28","38","41","51","58","62","64","65","60","60","61","63","60",
"1535413102140064HC3.24","광주","A017","정신병원","1635413103140064SC0[14STD03220]","요양기관 현황[개]","개","","","","","","","","","","","","","","","7","7","9","9","9",
"1535413102140064HC3.24","광주","A006","의원","1635413103140064SC0[14STD03220]","요양기관 현황[개]","개","799","807","808","829","845","845","844","866","891","891","916","929","938","948","968","988","1036","1054","1063",
"1535413102140064HC3.240001","동구","A002","상급종합병원","1635413103140064SC0[14STD03220]","요양기관 현황[개]","개","2","2","2","2","2","2","2","2","2","2","2","2","2","2","2","2","2","2","2",
"1535413102140064HC3.240001","동구","A003","종합병원","1635413103140064SC0[14STD03220]","요양기관 현황[개]","개","1","1","1","1","1","1","1","1","1","1","1","1","1","1","1","1","1","1","1",
"1535413102140064HC3.240001","동구","A004","병원","1635413103140064SC0[14STD03220]","요양기관 현황[개]","개","4","5","5","5","7","10","10","10","9","8","6","5","7","6","4","5","5","5","6",
"1535413102140064HC3.240001","동구","A005","요양병원","1635413103140064SC0[14STD03220]","요양기관 현황[개]","개","0","0","1","1","1","1","3","4","6","8","9","9","10","10","9","9","9","8","8",
"1535413102140064HC3.240001","동구","A017","정신병원","1635413103140064SC0[14STD03220]","요양기관 현황[개]","개","","","","","","","","","","","","","","","3","3","3","3","3",
"1535413102140064HC3.240001","동구","A006","의원","1635413103140064SC0[14STD03220]","요양기관 현황[개]","개","135","131","129","124","121","127","130","123","122","118","118","114","113","111","113","117","122","120","120",
"1535413102140064HC3.240002","북구","A002","상급종합병원","1635413103140064SC0[14STD03220]","요양기관 현황[개]","개","0","0","0","0","0","0","0","0","0","0","0","0","0","0","0","0","0","0","0",
"1535413102140064HC3.240002","북구","A003","종합병원","1635413103140064SC0[14STD03220]","요양기관 현황[개]","개","3","3","4","5","5","5","5","5","5","5","5","5","5","6","6","6","6","6","6",
"1535413102140064HC3.240002","북구","A004","병원","1635413103140064SC0[14STD03220]","요양기관 현황[개]","개","9","14","17","16","19","20","20","20","21","23","23","22","23","24","25","26","26","25","25",
"1535413102140064HC3.240002","북구","A005","요양병원","1635413103140064SC0[14STD03220]","요양기관 현황[개]","개","1","3","4","5","7","6","7","11","10","13","16","16","17","19","19","18","18","19","19",
"1535413102140064HC3.240002","북구","A017","정신병원","1635413103140064SC0[14STD03220]","요양기관 현황[개]","개","","","","","","","","","","","","","","","1","1","2","2","2",
"1535413102140064HC3.240002","북구","A006","의원","1635413103140064SC0[14STD03220]","요양기관 현황[개]","개","241","247","243","242","245","227","226","240","246","245","243","245","247","252","257","262","276","282","287",
"1535413102140064HC3.240003","서구","A002","상급종합병원","1635413103140064SC0[14STD03220]","요양기관 현황[개]","개","0","0","0","0","0","0","0","0","0","0","0","0","0","0","0","0","0","0","0",
"1535413102140064HC3.240003","서구","A003","종합병원","1635413103140064SC0[14STD03220]","요양기관 현황[개]","개","3","4","4","4","5","5","5","5","5","5","5","5","5","5","5","5","5","5","5",
"1535413102140064HC3.240003","서구","A004","병원","1635413103140064SC0[14STD03220]","요양기관 현황[개]","개","9","7","10","11","12","14","12","13","16","18","18","19","18","19","22","23","22","22","23",
"1535413102140064HC3.240003","서구","A005","요양병원","1635413103140064SC0[14STD03220]","요양기관 현황[개]","개","1","2","1","0","1","3","4","4","6","10","11","12","11","10","9","9","9","10","8",
"1535413102140064HC3.240003","서구","A017","정신병원","1635413103140064SC0[14STD03220]","요양기관 현황[개]","개","","","","","","","","","","","","","","","1","1","1","1","1",
"1535413102140064HC3.240003","서구","A006","의원","1635413103140064SC0[14STD03220]","요양기관 현황[개]","개","178","180","186","198","203","210","207","222","228","233","245","252","249","253","258","259","272","277","276",
"1535413102140064HC3.240004","광산구","A002","상급종합병원","1635413103140064SC0[14STD03220]","요양기관 현황[개]","개","0","0","0","0","0","0","0","0","0","0","0","0","0","0","0","0","0","0","0",
"1535413102140064HC3.240004","광산구","A003","종합병원","1635413103140064SC0[14STD03220]","요양기관 현황[개]","개","5","5","5","5","5","5","6","6","6","6","6","6","6","6","6","6","7","7","7",
"1535413102140064HC3.240004","광산구","A004","병원","1635413103140064SC0[14STD03220]","요양기관 현황[개]","개","6","8","9","10","15","19","18","16","17","17","14","15","16","18","18","19","17","17","14",
"1535413102140064HC3.240004","광산구","A005","요양병원","1635413103140064SC0[14STD03220]","요양기관 현황[개]","개","4","6","6","7","9","10","10","12","12","13","13","16","17","17","14","15","16","16","16",
"1535413102140064HC3.240004","광산구","A017","정신병원","1635413103140064SC0[14STD03220]","요양기관 현황[개]","개","","","","","","","","","","","","","","","1","1","2","2","2",
"1535413102140064HC3.240004","광산구","A006","의원","1635413103140064SC0[14STD03220]","요양기관 현황[개]","개","144","145","149","158","169","170","171","173","181","180","191","198","207","204","205","208","218","222","226",
"1535413102140064HC3.240005","남구","A002","상급종합병원","1635413103140064SC0[14STD03220]","요양기관 현황[개]","개","0","0","0","0","0","0","0","0","0","0","0","0","0","0","0","0","0","0","0",
"1535413102140064HC3.240005","남구","A003","종합병원","1635413103140064SC0[14STD03220]","요양기관 현황[개]","개","2","3","3","3","3","3","3","3","3","3","3","3","3","3","4","4","4","4","4",
"1535413102140064HC3.240005","남구","A004","병원","1635413103140064SC0[14STD03220]","요양기관 현황[개]","개","7","7","7","7","7","7","9","10","11","11","12","14","15","15","13","13","12","11","12",
"1535413102140064HC3.240005","남구","A005","요양병원","1635413103140064SC0[14STD03220]","요양기관 현황[개]","개","2","4","4","3","3","4","4","7","7","7","9","9","9","9","9","9","9","10","9",
"1535413102140064HC3.240005","남구","A017","정신병원","1635413103140064SC0[14STD03220]","요양기관 현황[개]","개","","","","","","","","","","","","","","","1","1","1","1","1",
"1535413102140064HC3.240005","남구","A006","의원","1635413103140064SC0[14STD03220]","요양기관 현황[개]","개","101","104","101","107","107","111","110","108","114","115","119","120","122","128","135","142","148","153","154",
"1535413102140064HC3.25","대전","A002","상급종합병원","1635413103140064SC0[14STD03220]","요양기관 현황[개]","개","2","2","2","2","2","1","1","1","1","1","1","1","1","1","1","1","1","2","2",
"1535413102140064HC3.25","대전","A003","종합병원","1635413103140064SC0[14STD03220]","요양기관 현황[개]","개","6","7","6","6","6","7","7","8","9","9","9","9","9","9","9","9","9","8","8",
"1535413102140064HC3.25","대전","A004","병원","1635413103140064SC0[14STD03220]","요양기관 현황[개]","개","26","27","33","34","33","35","40","39","40","37","40","48","49","50","50","47","47","47","47",
"1535413102140064HC3.25","대전","A005","요양병원","1635413103140064SC0[14STD03220]","요양기관 현황[개]","개","19","28","33","34","42","42","46","48","51","53","51","51","52","51","49","47","47","46","45",
"1535413102140064HC3.25","대전","A017","정신병원","1635413103140064SC0[14STD03220]","요양기관 현황[개]","개","","","","","","","","","","","","","","","2","7","7","7","7",
"1535413102140064HC3.25","대전","A006","의원","1635413103140064SC0[14STD03220]","요양기관 현황[개]","개","963","961","959","963","957","973","992","1000","1014","1031","1053","1056","1078","1091","1098","1122","1125","1119","1149",
"1535413102140064HC3.250001","유성구","A002","상급종합병원","1635413103140064SC0[14STD03220]","요양기관 현황[개]","개","0","0","0","0","0","0","0","0","0","0","0","0","0","0","0","0","0","0","0",
"1535413102140064HC3.250001","유성구","A003","종합병원","1635413103140064SC0[14STD03220]","요양기관 현황[개]","개","0","1","1","1","1","1","1","1","1","1","1","1","1","1","1","1","1","1","1",
"1535413102140064HC3.250001","유성구","A004","병원","1635413103140064SC0[14STD03220]","요양기관 현황[개]","개","4","3","4","4","4","4","4","4","4","4","6","9","10","12","14","14","14","13","13",
"1535413102140064HC3.250001","유성구","A005","요양병원","1635413103140064SC0[14STD03220]","요양기관 현황[개]","개","2","4","5","5","7","8","8","9","10","10","10","10","11","11","9","9","9","9","9",
"1535413102140064HC3.250001","유성구","A017","정신병원","1635413103140064SC0[14STD03220]","요양기관 현황[개]","개","","","","","","","","","","","","","","","0","1","1","1","1",
"1535413102140064HC3.250001","유성구","A006","의원","1635413103140064SC0[14STD03220]","요양기관 현황[개]","개","129","126","128","129","135","146","154","161","165","174","191","194","197","205","209","221","222","222","235",
"1535413102140064HC3.250002","대덕구","A002","상급종합병원","1635413103140064SC0[14STD03220]","요양기관 현황[개]","개","0","0","0","0","0","0","0","0","0","0","0","0","0","0","0","0","0","0","0",
"1535413102140064HC3.250002","대덕구","A003","종합병원","1635413103140064SC0[14STD03220]","요양기관 현황[개]","개","2","2","1","1","1","1","1","2","2","2","2","2","2","2","2","2","2","2","2",
"1535413102140064HC3.250002","대덕구","A004","병원","1635413103140064SC0[14STD03220]","요양기관 현황[개]","개","3","3","4","4","4","4","5","4","4","4","4","5","4","4","3","4","4","4","4",
"1535413102140064HC3.250002","대덕구","A005","요양병원","1635413103140064SC0[14STD03220]","요양기관 현황[개]","개","2","3","4","4","4","3","3","4","5","5","5","5","5","4","4","3","3","3","3",
"1535413102140064HC3.250002","대덕구","A017","정신병원","1635413103140064SC0[14STD03220]","요양기관 현황[개]","개","","","","","","","","","","","","","","","1","1","1","1","1",
"1535413102140064HC3.250002","대덕구","A006","의원","1635413103140064SC0[14STD03220]","요양기관 현황[개]","개","122","116","110","108","107","108","110","105","112","115","114","111","114","115","114","114","111","105","106",
"1535413102140064HC3.250003","서구","A002","상급종합병원","1635413103140064SC0[14STD03220]","요양기관 현황[개]","개","1","1","1","1","1","0","0","0","0","0","0","0","0","0","0","0","0","1","1",
"1535413102140064HC3.250003","서구","A003","종합병원","1635413103140064SC0[14STD03220]","요양기관 현황[개]","개","1","1","1","1","1","2","2","2","3","3","3","3","3","3","3","3","3","2","2",
"1535413102140064HC3.250003","서구","A004","병원","1635413103140064SC0[14STD03220]","요양기관 현황[개]","개","11","13","16","16","17","18","22","22","24","21","22","25","26","25","25","23","23","23","24",
"1535413102140064HC3.250003","서구","A005","요양병원","1635413103140064SC0[14STD03220]","요양기관 현황[개]","개","2","5","7","8","10","10","11","11","10","12","12","12","12","12","11","10","10","9","8",
"1535413102140064HC3.250003","서구","A017","정신병원","1635413103140064SC0[14STD03220]","요양기관 현황[개]","개","","","","","","","","","","","","","","","0","2","2","2","2",
"1535413102140064HC3.250003","서구","A006","의원","1635413103140064SC0[14STD03220]","요양기관 현황[개]","개","371","381","379","387","386","388","395","405","412","420","420","420","432","438","440","447","453","453","467",
"1535413102140064HC3.250004","동구","A002","상급종합병원","1635413103140064SC0[14STD03220]","요양기관 현황[개]","개","0","0","0","0","0","0","0","0","0","0","0","0","0","0","0","0","0","0","0",
"1535413102140064HC3.250004","동구","A003","종합병원","1635413103140064SC0[14STD03220]","요양기관 현황[개]","개","1","1","1","1","1","1","1","1","1","1","1","1","1","1","1","1","1","1","1",
"1535413102140064HC3.250004","동구","A004","병원","1635413103140064SC0[14STD03220]","요양기관 현황[개]","개","1","1","1","2","2","2","2","2","2","2","2","4","4","4","3","3","3","3","3",
"1535413102140064HC3.250004","동구","A005","요양병원","1635413103140064SC0[14STD03220]","요양기관 현황[개]","개","5","6","6","5","7","8","10","10","11","13","11","12","12","12","13","13","13","13","13",
"1535413102140064HC3.250004","동구","A017","정신병원","1635413103140064SC0[14STD03220]","요양기관 현황[개]","개","","","","","","","","","","","","","","","1","1","1","1","1",
"1535413102140064HC3.250004","동구","A006","의원","1635413103140064SC0[14STD03220]","요양기관 현황[개]","개","140","137","140","144","144","146","146","149","147","146","152","154","157","156","158","163","165","164","169",
"1535413102140064HC3.250005","중구","A002","상급종합병원","1635413103140064SC0[14STD03220]","요양기관 현황[개]","개","1","1","1","1","1","1","1","1","1","1","1","1","1","1","1","1","1","1","1",
"1535413102140064HC3.250005","중구","A003","종합병원","1635413103140064SC0[14STD03220]","요양기관 현황[개]","개","2","2","2","2","2","2","2","2","2","2","2","2","2","2","2","2","2","2","2",
"1535413102140064HC3.250005","중구","A004","병원","1635413103140064SC0[14STD03220]","요양기관 현황[개]","개","7","7","8","8","6","7","7","7","6","6","6","5","5","5","5","3","3","4","3",
"1535413102140064HC3.250005","중구","A005","요양병원","1635413103140064SC0[14STD03220]","요양기관 현황[개]","개","8","10","11","12","14","13","14","14","15","13","13","12","12","12","12","12","12","12","12",
"1535413102140064HC3.250005","중구","A017","정신병원","1635413103140064SC0[14STD03220]","요양기관 현황[개]","개","","","","","","","","","","","","","","","0","2","2","2","2",
"1535413102140064HC3.250005","중구","A006","의원","1635413103140064SC0[14STD03220]","요양기관 현황[개]","개","201","201","202","195","185","185","187","180","178","176","176","177","178","177","177","177","174","175","172",
"1535413102140064HC3.26","울산","A002","상급종합병원","1635413103140064SC0[14STD03220]","요양기관 현황[개]","개","0","0","0","0","0","0","0","0","1","1","1","0","0","0","1","1","1","1","1",
"1535413102140064HC3.26","울산","A003","종합병원","1635413103140064SC0[14STD03220]","요양기관 현황[개]","개","3","4","4","4","4","4","4","4","5","6","7","8","8","8","8","8","8","8","8",
"1535413102140064HC3.26","울산","A004","병원","1635413103140064SC0[14STD03220]","요양기관 현황[개]","개","31","34","35","37","38","40","43","41","39","41","42","41","41","42","36","33","34","34","32",
"1535413102140064HC3.26","울산","A005","요양병원","1635413103140064SC0[14STD03220]","요양기관 현황[개]","개","16","25","25","28","31","35","38","43","42","41","45","42","42","42","41","40","39","36","37",
"1535413102140064HC3.26","울산","A017","정신병원","1635413103140064SC0[14STD03220]","요양기관 현황[개]","개","","","","","","","","","","","","","","","3","7","7","6","6",
"1535413102140064HC3.26","울산","A006","의원","1635413103140064SC0[14STD03220]","요양기관 현황[개]","개","496","494","503","526","530","538","528","541","560","582","591","595","610","610","610","621","627","640","653",
"1535413102140064HC3.260001","남구","A002","상급종합병원","1635413103140064SC0[14STD03220]","요양기관 현황[개]","개","0","0","0","0","0","0","0","0","0","0","0","0","0","0","0","0","0","0","0",
"1535413102140064HC3.260001","남구","A003","종합병원","1635413103140064SC0[14STD03220]","요양기관 현황[개]","개","1","1","1","1","1","1","1","1","2","3","3","3","3","3","3","3","3","3","3",
"1535413102140064HC3.260001","남구","A004","병원","1635413103140064SC0[14STD03220]","요양기관 현황[개]","개","18","19","19","20","20","20","20","19","18","20","20","19","18","20","20","20","20","19","19",
"1535413102140064HC3.260001","남구","A005","요양병원","1635413103140064SC0[14STD03220]","요양기관 현황[개]","개","5","10","10","13","15","17","17","21","20","19","19","18","18","18","17","16","16","15","15",
"1535413102140064HC3.260001","남구","A017","정신병원","1635413103140064SC0[14STD03220]","요양기관 현황[개]","개","","","","","","","","","","","","","","","0","2","2","2","2",
"1535413102140064HC3.260001","남구","A006","의원","1635413103140064SC0[14STD03220]","요양기관 현황[개]","개","216","216","220","229","227","232","228","238","250","261","266","264","271","270","271","273","276","287","293",
"1535413102140064HC3.260002","동구","A002","상급종합병원","1635413103140064SC0[14STD03220]","요양기관 현황[개]","개","0","0","0","0","0","0","0","0","1","1","1","0","0","0","1","1","1","1","1",
"1535413102140064HC3.260002","동구","A003","종합병원","1635413103140064SC0[14STD03220]","요양기관 현황[개]","개","1","1","1","1","1","1","1","1","0","0","0","1","1","1","0","0","0","0","0",
"1535413102140064HC3.260002","동구","A004","병원","1635413103140064SC0[14STD03220]","요양기관 현황[개]","개","0","0","0","0","0","1","1","2","2","2","2","1","1","1","1","1","1","0","0",
"1535413102140064HC3.260002","동구","A005","요양병원","1635413103140064SC0[14STD03220]","요양기관 현황[개]","개","1","3","3","3","3","3","3","3","3","3","4","4","4","4","3","3","3","3","3",
"1535413102140064HC3.260002","동구","A017","정신병원","1635413103140064SC0[14STD03220]","요양기관 현황[개]","개","","","","","","","","","","","","","","","0","0","0","0","0",
"1535413102140064HC3.260002","동구","A006","의원","1635413103140064SC0[14STD03220]","요양기관 현황[개]","개","81","84","80","81","81","81","79","81","85","88","90","89","89","86","82","84","85","86","88",
"1535413102140064HC3.260003","중구","A002","상급종합병원","1635413103140064SC0[14STD03220]","요양기관 현황[개]","개","0","0","0","0","0","0","0","0","0","0","0","0","0","0","0","0","0","0","0",
"1535413102140064HC3.260003","중구","A003","종합병원","1635413103140064SC0[14STD03220]","요양기관 현황[개]","개","1","1","1","1","1","1","1","1","1","1","2","2","2","2","2","2","2","2","2",
"1535413102140064HC3.260003","중구","A004","병원","1635413103140064SC0[14STD03220]","요양기관 현황[개]","개","4","5","6","7","8","9","11","10","10","10","10","10","10","9","6","5","5","5","3",
"1535413102140064HC3.260003","중구","A005","요양병원","1635413103140064SC0[14STD03220]","요양기관 현황[개]","개","2","3","4","4","4","5","7","6","6","6","6","5","5","5","5","5","5","5","5",
"1535413102140064HC3.260003","중구","A017","정신병원","1635413103140064SC0[14STD03220]","요양기관 현황[개]","개","","","","","","","","","","","","","","","0","1","1","0","0",
"1535413102140064HC3.260003","중구","A006","의원","1635413103140064SC0[14STD03220]","요양기관 현황[개]","개","98","94","97","100","103","99","98","101","96","104","105","104","106","108","109","110","109","109","112",
"1535413102140064HC3.260004","북구","A002","상급종합병원","1635413103140064SC0[14STD03220]","요양기관 현황[개]","개","0","0","0","0","0","0","0","0","0","0","0","0","0","0","0","0","0","0","0",
"1535413102140064HC3.260004","북구","A003","종합병원","1635413103140064SC0[14STD03220]","요양기관 현황[개]","개","0","0","0","0","0","0","0","0","1","1","1","1","1","1","2","2","2","2","2",
"1535413102140064HC3.260004","북구","A004","병원","1635413103140064SC0[14STD03220]","요양기관 현황[개]","개","3","3","4","4","4","4","4","4","3","2","3","3","3","4","4","4","4","4","4",
"1535413102140064HC3.260004","북구","A005","요양병원","1635413103140064SC0[14STD03220]","요양기관 현황[개]","개","2","2","2","2","2","3","4","3","3","3","5","5","5","4","5","5","5","6","6",
"1535413102140064HC3.260004","북구","A017","정신병원","1635413103140064SC0[14STD03220]","요양기관 현황[개]","개","","","","","","","","","","","","","","","0","0","0","0","0",
"1535413102140064HC3.260004","북구","A006","의원","1635413103140064SC0[14STD03220]","요양기관 현황[개]","개","47","50","50","56","59","62","61","60","63","64","64","67","68","69","71","74","75","77","80",
"1535413102140064HC3.260100","울주군","A002","상급종합병원","1635413103140064SC0[14STD03220]","요양기관 현황[개]","개","0","0","0","0","0","0","0","0","0","0","0","0","0","0","0","0","0","0","0",
"1535413102140064HC3.260100","울주군","A003","종합병원","1635413103140064SC0[14STD03220]","요양기관 현황[개]","개","0","1","1","1","1","1","1","1","1","1","1","1","1","1","1","1","1","1","1",
"1535413102140064HC3.260100","울주군","A004","병원","1635413103140064SC0[14STD03220]","요양기관 현황[개]","개","6","7","6","6","6","6","7","6","6","7","7","8","9","8","5","3","4","6","6",
"1535413102140064HC3.260100","울주군","A005","요양병원","1635413103140064SC0[14STD03220]","요양기관 현황[개]","개","6","7","6","6","7","7","7","10","10","10","11","10","10","11","11","11","10","7","8",
"1535413102140064HC3.260100","울주군","A017","정신병원","1635413103140064SC0[14STD03220]","요양기관 현황[개]","개","","","","","","","","","","","","","","","3","4","4","4","4",
"1535413102140064HC3.260100","울주군","A006","의원","1635413103140064SC0[14STD03220]","요양기관 현황[개]","개","54","50","56","60","60","64","62","61","66","65","66","71","76","77","77","80","82","81","80",
"1535413102140064HC3.41","세종","A002","상급종합병원","1635413103140064SC0[14STD03220]","요양기관 현황[개]","개","","","","","","","0","0","0","0","0","0","0","0","0","0","0","0","0",
"1535413102140064HC3.41","세종","A003","종합병원","1635413103140064SC0[14STD03220]","요양기관 현황[개]","개","","","","","","","0","0","0","0","0","0","0","1","2","2","2","2","2",
"1535413102140064HC3.41","세종","A004","병원","1635413103140064SC0[14STD03220]","요양기관 현황[개]","개","","","","","","","1","1","1","1","1","1","1","1","1","1","1","3","3",
"1535413102140064HC3.41","세종","A005","요양병원","1635413103140064SC0[14STD03220]","요양기관 현황[개]","개","","","","","","","6","6","7","7","7","7","6","6","5","5","4","3","3",
"1535413102140064HC3.41","세종","A017","정신병원","1635413103140064SC0[14STD03220]","요양기관 현황[개]","개","","","","","","","","","","","","","","","1","1","1","1","1",
"1535413102140064HC3.41","세종","A006","의원","1635413103140064SC0[14STD03220]","요양기관 현황[개]","개","","","","","","","56","60","76","107","125","160","179","185","195","203","225","230","228",
"1535413102140064HC3.410000","세종시","A002","상급종합병원","1635413103140064SC0[14STD03220]","요양기관 현황[개]","개","","","","","","","0","0","0","0","0","0","0","0","0","0","0","0","0",
"1535413102140064HC3.410000","세종시","A003","종합병원","1635413103140064SC0[14STD03220]","요양기관 현황[개]","개","","","","","","","0","0","0","0","0","0","0","1","2","2","2","2","2",
"1535413102140064HC3.410000","세종시","A004","병원","1635413103140064SC0[14STD03220]","요양기관 현황[개]","개","","","","","","","1","1","1","1","1","1","1","1","1","1","1","3","3",
"1535413102140064HC3.410000","세종시","A005","요양병원","1635413103140064SC0[14STD03220]","요양기관 현황[개]","개","","","","","","","6","6","7","7","7","7","6","6","5","5","4","3","3",
"1535413102140064HC3.410000","세종시","A017","정신병원","1635413103140064SC0[14STD03220]","요양기관 현황[개]","개","","","","","","","","","","","","","","","1","1","1","1","1",
"1535413102140064HC3.410000","세종시","A006","의원","1635413103140064SC0[14STD03220]","요양기관 현황[개]","개","","","","","","","56","60","76","107","125","160","179","185","195","203","225","230","228",
"1535413102140064HC3.31","경기","A002","상급종합병원","1635413103140064SC0[14STD03220]","요양기관 현황[개]","개","1","1","5","5","5","5","5","5","5","5","5","5","5","5","5","5","5","6","6",
"1535413102140064HC3.31","경기","A003","종합병원","1635413103140064SC0[14STD03220]","요양기관 현황[개]","개","45","44","47","48","48","48","50","51","52","53","55","56","58","60","62","65","66","65","66",
"1535413102140064HC3.31","경기","A004","병원","1635413103140064SC0[14STD03220]","요양기관 현황[개]","개","180","200","236","248","255","272","281","283","290","286","271","272","270","277","284","275","282","287","298",
"1535413102140064HC3.31","경기","A005","요양병원","1635413103140064SC0[14STD03220]","요양기관 현황[개]","개","59","104","129","146","174","205","230","261","281","278","307","325","339","352","317","319","308","302","282",
"1535413102140064HC3.31","경기","A017","정신병원","1635413103140064SC0[14STD03220]","요양기관 현황[개]","개","","","","","","","","","","","","","","","37","51","50","52","53",
"1535413102140064HC3.31","경기","A006","의원","1635413103140064SC0[14STD03220]","요양기관 현황[개]","개","5159","5224","5388","5515","5633","5726","5816","5940","6082","6210","6460","6650","6899","7127","7319","7581","7917","8162","8451",
"1535413102140064HC3.310001","가평군","A002","상급종합병원","1635413103140064SC0[14STD03220]","요양기관 현황[개]","개","0","0","0","0","0","0","0","0","0","0","0","0","0","0","0","0","0","0","0",
"1535413102140064HC3.310001","가평군","A003","종합병원","1635413103140064SC0[14STD03220]","요양기관 현황[개]","개","0","0","0","0","0","0","0","0","0","0","0","0","0","0","0","0","0","0","0",
"1535413102140064HC3.310001","가평군","A004","병원","1635413103140064SC0[14STD03220]","요양기관 현황[개]","개","4","4","4","4","4","4","4","4","4","4","4","3","3","3","3","2","2","2","2",
"1535413102140064HC3.310001","가평군","A005","요양병원","1635413103140064SC0[14STD03220]","요양기관 현황[개]","개","0","0","1","0","1","1","2","2","2","1","1","3","3","4","4","4","5","5","5",
"1535413102140064HC3.310001","가평군","A017","정신병원","1635413103140064SC0[14STD03220]","요양기관 현황[개]","개","","","","","","","","","","","","","","","0","1","1","1","1",
"1535413102140064HC3.310001","가평군","A006","의원","1635413103140064SC0[14STD03220]","요양기관 현황[개]","개","18","17","19","20","20","21","22","22","22","21","23","25","26","26","25","25","25","25","27",
"1535413102140064HC3.310009","양평군","A002","상급종합병원","1635413103140064SC0[14STD03220]","요양기관 현황[개]","개","0","0","0","0","0","0","0","0","0","0","0","0","0","0","0","0","0","0","0",
"1535413102140064HC3.310009","양평군","A003","종합병원","1635413103140064SC0[14STD03220]","요양기관 현황[개]","개","0","0","0","0","0","0","0","0","0","0","0","0","0","0","0","0","0","0","0",
"1535413102140064HC3.310009","양평군","A004","병원","1635413103140064SC0[14STD03220]","요양기관 현황[개]","개","2","2","2","2","2","2","2","2","3","2","2","2","2","2","2","2","2","2","2",
"1535413102140064HC3.310009","양평군","A005","요양병원","1635413103140064SC0[14STD03220]","요양기관 현황[개]","개","5","6","6","6","6","6","6","7","8","8","8","8","9","8","8","8","8","8","8",
"1535413102140064HC3.310009","양평군","A017","정신병원","1635413103140064SC0[14STD03220]","요양기관 현황[개]","개","","","","","","","","","","","","","","","0","0","0","0","0",
"1535413102140064HC3.310009","양평군","A006","의원","1635413103140064SC0[14STD03220]","요양기관 현황[개]","개","27","29","31","34","37","35","34","35","35","39","41","42","41","41","45","47","47","47","47",
"1535413102140064HC3.310010","여주시","A002","상급종합병원","1635413103140064SC0[14STD03220]","요양기관 현황[개]","개","0","0","0","0","0","0","0","0","0","0","0","0","0","0","0","0","0","0","0",
"1535413102140064HC3.310010","여주시","A003","종합병원","1635413103140064SC0[14STD03220]","요양기관 현황[개]","개","0","0","0","0","0","0","0","0","0","0","0","0","0","0","0","0","0","0","0",
"1535413102140064HC3.310010","여주시","A004","병원","1635413103140064SC0[14STD03220]","요양기관 현황[개]","개","4","4","4","4","4","4","4","4","4","4","4","4","4","4","4","2","2","2","2",
"1535413102140064HC3.310010","여주시","A005","요양병원","1635413103140064SC0[14STD03220]","요양기관 현황[개]","개","2","2","3","4","4","4","4","4","4","4","4","4","5","6","6","6","6","5","6",
"1535413102140064HC3.310010","여주시","A017","정신병원","1635413103140064SC0[14STD03220]","요양기관 현황[개]","개","","","","","","","","","","","","","","","0","2","2","2","2",
"1535413102140064HC3.310010","여주시","A006","의원","1635413103140064SC0[14STD03220]","요양기관 현황[개]","개","47","47","47","49","46","45","48","48","46","47","49","49","49","50","50","51","51","51","51",
"1535413102140064HC3.310011","연천군","A002","상급종합병원","1635413103140064SC0[14STD03220]","요양기관 현황[개]","개","0","0","0","0","0","0","0","0","0","0","0","0","0","0","0","0","0","0","0",
"1535413102140064HC3.310011","연천군","A003","종합병원","1635413103140064SC0[14STD03220]","요양기관 현황[개]","개","0","0","0","0","0","0","0","0","0","0","0","0","0","0","0","0","0","0","0",
"1535413102140064HC3.310011","연천군","A004","병원","1635413103140064SC0[14STD03220]","요양기관 현황[개]","개","1","1","1","0","0","0","0","0","0","0","0","0","0","0","0","0","0","0","0",
"1535413102140064HC3.310011","연천군","A005","요양병원","1635413103140064SC0[14STD03220]","요양기관 현황[개]","개","1","1","1","1","1","1","1","1","1","1","1","1","1","1","1","1","1","1","1",
"1535413102140064HC3.310011","연천군","A017","정신병원","1635413103140064SC0[14STD03220]","요양기관 현황[개]","개","","","","","","","","","","","","","","","0","0","0","0","0",
"1535413102140064HC3.310011","연천군","A006","의원","1635413103140064SC0[14STD03220]","요양기관 현황[개]","개","15","14","15","16","15","17","16","16","17","15","14","13","13","13","13","13","13","15","15",
"1535413102140064HC3.310100","광명시","A002","상급종합병원","1635413103140064SC0[14STD03220]","요양기관 현황[개]","개","0","0","0","0","0","0","0","0","0","0","0","0","0","0","0","0","0","0","0",
"1535413102140064HC3.310100","광명시","A003","종합병원","1635413103140064SC0[14STD03220]","요양기관 현황[개]","개","1","1","1","1","1","1","1","1","1","1","1","1","1","1","1","2","2","2","2",
"1535413102140064HC3.310100","광명시","A004","병원","1635413103140064SC0[14STD03220]","요양기관 현황[개]","개","2","2","2","2","3","2","3","3","3","3","4","4","5","4","4","4","4","5","6",
"1535413102140064HC3.310100","광명시","A005","요양병원","1635413103140064SC0[14STD03220]","요양기관 현황[개]","개","1","1","1","1","1","3","4","4","4","4","4","4","5","5","5","5","5","4","3",
"1535413102140064HC3.310100","광명시","A017","정신병원","1635413103140064SC0[14STD03220]","요양기관 현황[개]","개","","","","","","","","","","","","","","","0","0","0","0","0",
"1535413102140064HC3.310100","광명시","A006","의원","1635413103140064SC0[14STD03220]","요양기관 현황[개]","개","160","158","161","170","179","178","185","193","194","193","194","200","201","207","215","217","223","228","233",
"1535413102140064HC3.310200","동두천시","A002","상급종합병원","1635413103140064SC0[14STD03220]","요양기관 현황[개]","개","0","0","0","0","0","0","0","0","0","0","0","0","0","0","0","0","0","0","0",
"1535413102140064HC3.310200","동두천시","A003","종합병원","1635413103140064SC0[14STD03220]","요양기관 현황[개]","개","0","0","0","0","0","0","0","0","0","0","0","0","0","0","0","0","0","0","0",
"1535413102140064HC3.310200","동두천시","A004","병원","1635413103140064SC0[14STD03220]","요양기관 현황[개]","개","2","3","3","3","3","3","3","3","3","2","1","1","1","1","1","1","1","1","2",
"1535413102140064HC3.310200","동두천시","A005","요양병원","1635413103140064SC0[14STD03220]","요양기관 현황[개]","개","2","6","6","6","6","7","8","8","8","9","11","11","10","10","9","9","7","7","7",
"1535413102140064HC3.310200","동두천시","A017","정신병원","1635413103140064SC0[14STD03220]","요양기관 현황[개]","개","","","","","","","","","","","","","","","1","1","1","1","1",
"1535413102140064HC3.310200","동두천시","A006","의원","1635413103140064SC0[14STD03220]","요양기관 현황[개]","개","42","38","35","35","34","34","35","37","38","38","39","41","42","41","40","40","42","42","42",
"1535413102140064HC3.310300","부천시","A002","상급종합병원","1635413103140064SC0[14STD03220]","요양기관 현황[개]","개","","","","","","","","","","","1","1","1","1","1","1","1","","",
"1535413102140064HC3.310300","부천시","A003","종합병원","1635413103140064SC0[14STD03220]","요양기관 현황[개]","개","","","","","","","","","","","4","4","4","5","5","5","5","","",
"1535413102140064HC3.310300","부천시","A004","병원","1635413103140064SC0[14STD03220]","요양기관 현황[개]","개","","","","","","","","","","","25","24","23","22","22","21","21","","",
"1535413102140064HC3.310300","부천시","A005","요양병원","1635413103140064SC0[14STD03220]","요양기관 현황[개]","개","","","","","","","","","","","29","30","31","31","23","23","23","","",
"1535413102140064HC3.310300","부천시","A017","정신병원","1635413103140064SC0[14STD03220]","요양기관 현황[개]","개","","","","","","","","","","","","","","","5","6","5","","",
"1535413102140064HC3.310300","부천시","A006","의원","1635413103140064SC0[14STD03220]","요양기관 현황[개]","개","","","","","","","","","","","492","499","508","512","512","527","544","","",
"1535413102140064HC3.310301","부천시 소사구","A002","상급종합병원","1635413103140064SC0[14STD03220]","요양기관 현황[개]","개","0","0","0","0","0","0","0","0","0","0","","","","","","","","0","0",
"1535413102140064HC3.310301","부천시 소사구","A003","종합병원","1635413103140064SC0[14STD03220]","요양기관 현황[개]","개","1","1","1","1","1","1","1","1","1","1","","","","","","","","1","1",
"1535413102140064HC3.310301","부천시 소사구","A004","병원","1635413103140064SC0[14STD03220]","요양기관 현황[개]","개","2","2","2","2","3","4","5","5","5","5","","","","","","","","5","6",
"1535413102140064HC3.310301","부천시 소사구","A005","요양병원","1635413103140064SC0[14STD03220]","요양기관 현황[개]","개","1","3","3","3","4","4","5","5","5","5","","","","","","","","4","3",
"1535413102140064HC3.310301","부천시 소사구","A017","정신병원","1635413103140064SC0[14STD03220]","요양기관 현황[개]","개","","","","","","","","","","","","","","","","","","1","1",
"1535413102140064HC3.310301","부천시 소사구","A006","의원","1635413103140064SC0[14STD03220]","요양기관 현황[개]","개","111","112","119","112","112","114","115","112","112","114","","","","","","","","138","137",
"1535413102140064HC3.310302","부천시 오정구","A002","상급종합병원","1635413103140064SC0[14STD03220]","요양기관 현황[개]","개","0","0","0","0","0","0","0","0","0","0","","","","","","","","0","0",
"1535413102140064HC3.310302","부천시 오정구","A003","종합병원","1635413103140064SC0[14STD03220]","요양기관 현황[개]","개","0","0","0","0","0","0","0","0","0","0","","","","","","","","1","1",
"1535413102140064HC3.310302","부천시 오정구","A004","병원","1635413103140064SC0[14STD03220]","요양기관 현황[개]","개","1","4","5","5","6","5","4","4","5","4","","","","","","","","3","3",
"1535413102140064HC3.310302","부천시 오정구","A005","요양병원","1635413103140064SC0[14STD03220]","요양기관 현황[개]","개","1","2","1","1","2","3","3","3","4","5","","","","","","","","5","5",
"1535413102140064HC3.310302","부천시 오정구","A017","정신병원","1635413103140064SC0[14STD03220]","요양기관 현황[개]","개","","","","","","","","","","","","","","","","","","1","1",
"1535413102140064HC3.310302","부천시 오정구","A006","의원","1635413103140064SC0[14STD03220]","요양기관 현황[개]","개","89","86","83","81","81","82","85","86","87","90","","","","","","","","85","88",
"1535413102140064HC3.310303","부천시 원미구","A002","상급종합병원","1635413103140064SC0[14STD03220]","요양기관 현황[개]","개","0","0","1","1","1","1","1","1","1","1","","","","","","","","1","1",
"1535413102140064HC3.310303","부천시 원미구","A003","종합병원","1635413103140064SC0[14STD03220]","요양기관 현황[개]","개","4","4","3","3","3","3","3","3","3","3","","","","","","","","3","3",
"1535413102140064HC3.310303","부천시 원미구","A004","병원","1635413103140064SC0[14STD03220]","요양기관 현황[개]","개","9","13","17","15","16","16","17","17","18","18","","","","","","","","11","11",
"1535413102140064HC3.310303","부천시 원미구","A005","요양병원","1635413103140064SC0[14STD03220]","요양기관 현황[개]","개","2","4","7","11","11","11","15","19","18","17","","","","","","","","10","9",
"1535413102140064HC3.310303","부천시 원미구","A017","정신병원","1635413103140064SC0[14STD03220]","요양기관 현황[개]","개","","","","","","","","","","","","","","","","","","3","3",
"1535413102140064HC3.310303","부천시 원미구","A006","의원","1635413103140064SC0[14STD03220]","요양기관 현황[개]","개","270","262","275","279","290","290","289","292","292","282","","","","","","","","334","335",
"1535413102140064HC3.310401","성남시 수정구","A002","상급종합병원","1635413103140064SC0[14STD03220]","요양기관 현황[개]","개","0","0","0","0","0","0","0","0","0","0","0","0","0","0","0","0","0","0","0",
"1535413102140064HC3.310401","성남시 수정구","A003","종합병원","1635413103140064SC0[14STD03220]","요양기관 현황[개]","개","1","0","0","0","1","1","1","1","1","1","1","1","1","2","2","2","2","2","2",
"1535413102140064HC3.310401","성남시 수정구","A004","병원","1635413103140064SC0[14STD03220]","요양기관 현황[개]","개","3","2","3","3","3","2","2","2","3","4","3","5","5","5","8","6","6","7","7",
"1535413102140064HC3.310401","성남시 수정구","A005","요양병원","1635413103140064SC0[14STD03220]","요양기관 현황[개]","개","2","2","2","2","2","3","3","3","3","4","5","4","5","6","6","7","7","6","6",
"1535413102140064HC3.310401","성남시 수정구","A017","정신병원","1635413103140064SC0[14STD03220]","요양기관 현황[개]","개","","","","","","","","","","","","","","","1","1","1","1","1",
"1535413102140064HC3.310401","성남시 수정구","A006","의원","1635413103140064SC0[14STD03220]","요양기관 현황[개]","개","143","141","141","146","147","147","148","142","144","148","172","185","187","191","206","219","234","243","249",
"1535413102140064HC3.310402","성남시 중원구","A002","상급종합병원","1635413103140064SC0[14STD03220]","요양기관 현황[개]","개","0","0","0","0","0","0","0","0","0","0","0","0","0","0","0","0","0","0","0",
"1535413102140064HC3.310402","성남시 중원구","A003","종합병원","1635413103140064SC0[14STD03220]","요양기관 현황[개]","개","1","1","1","1","1","1","1","1","1","1","1","1","1","1","1","1","1","1","1",
"1535413102140064HC3.310402","성남시 중원구","A004","병원","1635413103140064SC0[14STD03220]","요양기관 현황[개]","개","0","0","0","0","0","0","1","2","2","2","2","2","2","2","2","2","2","2","2",
"1535413102140064HC3.310402","성남시 중원구","A005","요양병원","1635413103140064SC0[14STD03220]","요양기관 현황[개]","개","0","0","0","0","0","1","1","1","3","3","3","3","3","4","4","3","3","3","3",
"1535413102140064HC3.310402","성남시 중원구","A017","정신병원","1635413103140064SC0[14STD03220]","요양기관 현황[개]","개","","","","","","","","","","","","","","","0","0","0","0","0",
"1535413102140064HC3.310402","성남시 중원구","A006","의원","1635413103140064SC0[14STD03220]","요양기관 현황[개]","개","150","158","165","161","159","152","155","154","157","158","155","154","152","154","160","155","157","158","160",
"1535413102140064HC3.310403","성남시 분당구","A002","상급종합병원","1635413103140064SC0[14STD03220]","요양기관 현황[개]","개","0","0","1","1","1","1","1","1","1","1","1","1","1","1","1","1","1","1","1",
"1535413102140064HC3.310403","성남시 분당구","A003","종합병원","1635413103140064SC0[14STD03220]","요양기관 현황[개]","개","3","3","2","2","2","2","2","2","2","3","3","3","3","3","3","3","3","3","3",
"1535413102140064HC3.310403","성남시 분당구","A004","병원","1635413103140064SC0[14STD03220]","요양기관 현황[개]","개","11","11","10","11","12","10","12","13","12","11","11","11","10","10","10","10","10","9","9",
"1535413102140064HC3.310403","성남시 분당구","A005","요양병원","1635413103140064SC0[14STD03220]","요양기관 현황[개]","개","2","2","2","3","3","3","4","4","5","6","6","7","6","6","6","6","6","6","6",
"1535413102140064HC3.310403","성남시 분당구","A017","정신병원","1635413103140064SC0[14STD03220]","요양기관 현황[개]","개","","","","","","","","","","","","","","","0","0","0","0","0",
"1535413102140064HC3.310403","성남시 분당구","A006","의원","1635413103140064SC0[14STD03220]","요양기관 현황[개]","개","279","286","298","306","329","347","360","366","373","388","402","413","437","447","462","471","502","526","555",
"1535413102140064HC3.310601","수원시 권선구","A002","상급종합병원","1635413103140064SC0[14STD03220]","요양기관 현황[개]","개","0","0","0","0","0","0","0","0","0","0","0","0","0","0","0","0","0","0","0",
"1535413102140064HC3.310601","수원시 권선구","A003","종합병원","1635413103140064SC0[14STD03220]","요양기관 현황[개]","개","0","0","0","0","0","0","0","0","0","0","0","0","0","0","1","1","1","1","1",
"1535413102140064HC3.310601","수원시 권선구","A004","병원","1635413103140064SC0[14STD03220]","요양기관 현황[개]","개","5","4","6","6","5","7","7","7","9","9","10","10","9","9","8","8","8","7","7",
"1535413102140064HC3.310601","수원시 권선구","A005","요양병원","1635413103140064SC0[14STD03220]","요양기관 현황[개]","개","0","0","1","2","2","2","2","2","1","1","2","2","3","4","4","4","4","4","4",
"1535413102140064HC3.310601","수원시 권선구","A017","정신병원","1635413103140064SC0[14STD03220]","요양기관 현황[개]","개","","","","","","","","","","","","","","","1","1","1","1","1",
"1535413102140064HC3.310601","수원시 권선구","A006","의원","1635413103140064SC0[14STD03220]","요양기관 현황[개]","개","112","117","119","120","120","117","127","130","131","132","141","149","154","155","152","158","165","164","166",
"1535413102140064HC3.310602","수원시 장안구","A002","상급종합병원","1635413103140064SC0[14STD03220]","요양기관 현황[개]","개","0","0","0","0","0","0","0","0","0","0","0","0","0","0","0","0","0","0","0",
"1535413102140064HC3.310602","수원시 장안구","A003","종합병원","1635413103140064SC0[14STD03220]","요양기관 현황[개]","개","0","0","1","1","1","1","1","1","1","1","1","1","1","1","1","1","1","1","1",
"1535413102140064HC3.310602","수원시 장안구","A004","병원","1635413103140064SC0[14STD03220]","요양기관 현황[개]","개","3","4","3","4","5","6","7","7","7","6","5","5","5","5","4","3","3","3","2",
"1535413102140064HC3.310602","수원시 장안구","A005","요양병원","1635413103140064SC0[14STD03220]","요양기관 현황[개]","개","1","3","3","3","3","3","3","5","6","6","6","7","8","9","8","8","8","9","8",
"1535413102140064HC3.310602","수원시 장안구","A017","정신병원","1635413103140064SC0[14STD03220]","요양기관 현황[개]","개","","","","","","","","","","","","","","","2","2","2","2","2",
"1535413102140064HC3.310602","수원시 장안구","A006","의원","1635413103140064SC0[14STD03220]","요양기관 현황[개]","개","136","135","140","137","139","146","145","150","150","147","147","146","145","147","149","154","151","154","159",
"1535413102140064HC3.310603","수원시 팔달구","A002","상급종합병원","1635413103140064SC0[14STD03220]","요양기관 현황[개]","개","0","0","0","0","0","0","0","0","0","0","0","0","0","0","0","0","0","1","1",
"1535413102140064HC3.310603","수원시 팔달구","A003","종합병원","1635413103140064SC0[14STD03220]","요양기관 현황[개]","개","2","2","2","2","2","2","2","2","2","2","2","2","2","2","2","3","3","2","2",
"1535413102140064HC3.310603","수원시 팔달구","A004","병원","1635413103140064SC0[14STD03220]","요양기관 현황[개]","개","7","6","8","8","8","9","10","10","10","11","10","11","11","11","11","10","11","11","12",
"1535413102140064HC3.310603","수원시 팔달구","A005","요양병원","1635413103140064SC0[14STD03220]","요양기관 현황[개]","개","0","1","1","1","3","3","5","6","8","8","9","9","9","7","5","5","4","5","4",
"1535413102140064HC3.310603","수원시 팔달구","A017","정신병원","1635413103140064SC0[14STD03220]","요양기관 현황[개]","개","","","","","","","","","","","","","","","1","1","1","1","1",
"1535413102140064HC3.310603","수원시 팔달구","A006","의원","1635413103140064SC0[14STD03220]","요양기관 현황[개]","개","171","178","173","178","190","190","188","189","203","205","209","215","220","223","229","236","244","255","265",
"1535413102140064HC3.310604","수원시 영통구","A002","상급종합병원","1635413103140064SC0[14STD03220]","요양기관 현황[개]","개","1","1","1","1","1","1","1","1","1","1","1","1","1","1","1","1","1","1","1",
"1535413102140064HC3.310604","수원시 영통구","A003","종합병원","1635413103140064SC0[14STD03220]","요양기관 현황[개]","개","0","0","0","0","0","0","0","0","0","0","0","0","0","0","0","0","0","0","0",
"1535413102140064HC3.310604","수원시 영통구","A004","병원","1635413103140064SC0[14STD03220]","요양기관 현황[개]","개","2","2","4","4","5","7","7","9","9","9","9","8","8","8","10","10","11","11","11",
"1535413102140064HC3.310604","수원시 영통구","A005","요양병원","1635413103140064SC0[14STD03220]","요양기관 현황[개]","개","0","1","1","1","1","1","2","2","2","2","3","5","5","6","4","4","4","4","4",
"1535413102140064HC3.310604","수원시 영통구","A017","정신병원","1635413103140064SC0[14STD03220]","요양기관 현황[개]","개","","","","","","","","","","","","","","","0","0","0","0","0",
"1535413102140064HC3.310604","수원시 영통구","A006","의원","1635413103140064SC0[14STD03220]","요양기관 현황[개]","개","137","142","140","142","146","144","152","156","166","181","193","198","197","211","219","226","243","251","259",
"1535413102140064HC3.310701","안양시 만안구","A002","상급종합병원","1635413103140064SC0[14STD03220]","요양기관 현황[개]","개","0","0","0","0","0","0","0","0","0","0","0","0","0","0","0","0","0","0","0",
"1535413102140064HC3.310701","안양시 만안구","A003","종합병원","1635413103140064SC0[14STD03220]","요양기관 현황[개]","개","2","2","2","2","2","2","2","2","2","2","2","2","2","2","2","2","2","2","2",
"1535413102140064HC3.310701","안양시 만안구","A004","병원","1635413103140064SC0[14STD03220]","요양기관 현황[개]","개","1","2","3","3","3","3","3","2","2","2","3","3","3","3","3","3","3","2","2",
"1535413102140064HC3.310701","안양시 만안구","A005","요양병원","1635413103140064SC0[14STD03220]","요양기관 현황[개]","개","1","1","3","3","3","5","5","6","6","6","6","6","7","8","8","7","7","7","6",
"1535413102140064HC3.310701","안양시 만안구","A017","정신병원","1635413103140064SC0[14STD03220]","요양기관 현황[개]","개","","","","","","","","","","","","","","","0","0","0","0","0",
"1535413102140064HC3.310701","안양시 만안구","A006","의원","1635413103140064SC0[14STD03220]","요양기관 현황[개]","개","126","124","129","135","130","132","123","126","130","128","128","129","129","130","131","129","133","135","137",
"1535413102140064HC3.310702","안양시 동안구","A002","상급종합병원","1635413103140064SC0[14STD03220]","요양기관 현황[개]","개","0","0","1","1","1","1","1","1","1","1","1","1","1","1","1","1","1","1","1",
"1535413102140064HC3.310702","안양시 동안구","A003","종합병원","1635413103140064SC0[14STD03220]","요양기관 현황[개]","개","2","2","1","1","1","1","1","1","1","1","0","0","0","0","0","0","0","0","0",
"1535413102140064HC3.310702","안양시 동안구","A004","병원","1635413103140064SC0[14STD03220]","요양기관 현황[개]","개","3","3","5","5","6","7","8","9","10","11","12","12","11","11","11","10","10","10","10",
"1535413102140064HC3.310702","안양시 동안구","A005","요양병원","1635413103140064SC0[14STD03220]","요양기관 현황[개]","개","1","1","1","1","1","1","1","2","2","1","1","1","1","1","0","0","0","0","0",
"1535413102140064HC3.310702","안양시 동안구","A017","정신병원","1635413103140064SC0[14STD03220]","요양기관 현황[개]","개","","","","","","","","","","","","","","","0","0","1","1","1",
"1535413102140064HC3.310702","안양시 동안구","A006","의원","1635413103140064SC0[14STD03220]","요양기관 현황[개]","개","199","201","200","206","213","205","212","214","220","224","238","241","244","254","251","260","269","282","287",
"1535413102140064HC3.310800","의정부시","A002","상급종합병원","1635413103140064SC0[14STD03220]","요양기관 현황[개]","개","0","0","0","0","0","0","0","0","0","0","0","0","0","0","0","0","0","0","0",
"1535413102140064HC3.310800","의정부시","A003","종합병원","1635413103140064SC0[14STD03220]","요양기관 현황[개]","개","4","4","4","4","3","3","3","3","3","3","3","3","4","4","5","5","5","5","5",
"1535413102140064HC3.310800","의정부시","A004","병원","1635413103140064SC0[14STD03220]","요양기관 현황[개]","개","8","10","12","13","14","17","18","17","16","16","15","15","13","13","12","13","13","13","13",
"1535413102140064HC3.310800","의정부시","A005","요양병원","1635413103140064SC0[14STD03220]","요양기관 현황[개]","개","0","3","3","3","4","3","3","4","6","6","6","7","10","11","8","8","8","8","8",
"1535413102140064HC3.310800","의정부시","A017","정신병원","1635413103140064SC0[14STD03220]","요양기관 현황[개]","개","","","","","","","","","","","","","","","3","4","4","4","4",
"1535413102140064HC3.310800","의정부시","A006","의원","1635413103140064SC0[14STD03220]","요양기관 현황[개]","개","194","200","209","215","218","220","222","226","236","242","259","263","264","276","284","284","296","297","308",
"1535413102140064HC3.310900","과천시","A002","상급종합병원","1635413103140064SC0[14STD03220]","요양기관 현황[개]","개","0","0","0","0","0","0","0","0","0","0","0","0","0","0","0","0","0","0","0",
"1535413102140064HC3.310900","과천시","A003","종합병원","1635413103140064SC0[14STD03220]","요양기관 현황[개]","개","0","0","0","0","0","0","0","0","0","0","0","0","0","0","0","0","0","0","0",
"1535413102140064HC3.310900","과천시","A004","병원","1635413103140064SC0[14STD03220]","요양기관 현황[개]","개","0","0","0","0","0","0","0","0","0","0","0","0","0","0","0","0","0","0","0",
"1535413102140064HC3.310900","과천시","A005","요양병원","1635413103140064SC0[14STD03220]","요양기관 현황[개]","개","0","0","0","0","0","0","0","0","0","0","0","0","0","0","0","0","0","0","0",
"1535413102140064HC3.310900","과천시","A017","정신병원","1635413103140064SC0[14STD03220]","요양기관 현황[개]","개","","","","","","","","","","","","","","","0","0","0","0","0",
"1535413102140064HC3.310900","과천시","A006","의원","1635413103140064SC0[14STD03220]","요양기관 현황[개]","개","26","26","30","29","28","29","29","29","32","32","35","34","36","37","38","38","45","50","56",
"1535413102140064HC3.311000","구리시","A002","상급종합병원","1635413103140064SC0[14STD03220]","요양기관 현황[개]","개","0","0","0","0","0","0","0","0","0","0","0","0","0","0","0","0","0","0","0",
"1535413102140064HC3.311000","구리시","A003","종합병원","1635413103140064SC0[14STD03220]","요양기관 현황[개]","개","1","1","1","1","1","1","1","1","1","1","1","1","1","1","1","1","1","1","1",
"1535413102140064HC3.311000","구리시","A004","병원","1635413103140064SC0[14STD03220]","요양기관 현황[개]","개","6","6","6","7","7","9","10","10","10","10","8","9","9","9","8","8","8","8","8",
"1535413102140064HC3.311000","구리시","A005","요양병원","1635413103140064SC0[14STD03220]","요양기관 현황[개]","개","0","0","0","0","0","0","1","2","2","2","3","5","5","5","4","4","4","4","4",
"1535413102140064HC3.311000","구리시","A017","정신병원","1635413103140064SC0[14STD03220]","요양기관 현황[개]","개","","","","","","","","","","","","","","","1","1","1","1","1",
"1535413102140064HC3.311000","구리시","A006","의원","1635413103140064SC0[14STD03220]","요양기관 현황[개]","개","106","110","114","116","119","115","117","121","123","125","136","145","146","145","150","151","154","161","171",
"1535413102140064HC3.311101","안산시 단원구","A002","상급종합병원","1635413103140064SC0[14STD03220]","요양기관 현황[개]","개","0","0","0","0","0","1","1","1","1","1","1","1","1","1","1","1","1","1","1",
"1535413102140064HC3.311101","안산시 단원구","A003","종합병원","1635413103140064SC0[14STD03220]","요양기관 현황[개]","개","3","2","3","3","3","2","2","2","2","2","2","2","2","2","2","2","2","2","2",
"1535413102140064HC3.311101","안산시 단원구","A004","병원","1635413103140064SC0[14STD03220]","요양기관 현황[개]","개","7","9","13","14","14","14","15","13","14","14","14","14","14","14","13","12","12","13","13",
"1535413102140064HC3.311101","안산시 단원구","A005","요양병원","1635413103140064SC0[14STD03220]","요양기관 현황[개]","개","3","9","10","10","14","15","16","16","13","11","12","12","11","10","10","11","11","10","10",
"1535413102140064HC3.311101","안산시 단원구","A017","정신병원","1635413103140064SC0[14STD03220]","요양기관 현황[개]","개","","","","","","","","","","","","","","","0","1","1","1","1",
"1535413102140064HC3.311101","안산시 단원구","A006","의원","1635413103140064SC0[14STD03220]","요양기관 현황[개]","개","196","196","208","208","205","208","206","214","212","208","215","217","225","228","234","239","237","234","240",
"1535413102140064HC3.311102","안산시 상록구","A002","상급종합병원","1635413103140064SC0[14STD03220]","요양기관 현황[개]","개","0","0","0","0","0","0","0","0","0","0","0","0","0","0","0","0","0","0","0",
"1535413102140064HC3.311102","안산시 상록구","A003","종합병원","1635413103140064SC0[14STD03220]","요양기관 현황[개]","개","1","1","1","1","1","1","1","1","1","1","1","1","1","1","1","1","2","2","2",
"1535413102140064HC3.311102","안산시 상록구","A004","병원","1635413103140064SC0[14STD03220]","요양기관 현황[개]","개","6","5","6","8","8","8","8","7","6","7","7","8","7","7","7","6","5","5","5",
"1535413102140064HC3.311102","안산시 상록구","A005","요양병원","1635413103140064SC0[14STD03220]","요양기관 현황[개]","개","3","4","5","5","10","11","10","9","10","9","8","8","7","7","6","6","6","6","5",
"1535413102140064HC3.311102","안산시 상록구","A017","정신병원","1635413103140064SC0[14STD03220]","요양기관 현황[개]","개","","","","","","","","","","","","","","","1","2","2","2","2",
"1535413102140064HC3.311102","안산시 상록구","A006","의원","1635413103140064SC0[14STD03220]","요양기관 현황[개]","개","147","139","139","134","130","121","120","121","124","129","129","127","126","128","126","126","124","123","129",
"1535413102140064HC3.311200","평택시","A002","상급종합병원","1635413103140064SC0[14STD03220]","요양기관 현황[개]","개","0","0","0","0","0","0","0","0","0","0","0","0","0","0","0","0","0","0","0",
"1535413102140064HC3.311200","평택시","A003","종합병원","1635413103140064SC0[14STD03220]","요양기관 현황[개]","개","2","2","2","2","3","3","3","3","4","4","5","4","4","4","4","4","4","4","4",
"1535413102140064HC3.311200","평택시","A004","병원","1635413103140064SC0[14STD03220]","요양기관 현황[개]","개","13","13","14","15","12","12","13","13","14","13","13","11","10","11","12","11","11","12","11",
"1535413102140064HC3.311200","평택시","A005","요양병원","1635413103140064SC0[14STD03220]","요양기관 현황[개]","개","1","1","1","2","2","4","4","6","6","5","5","4","4","8","9","9","9","10","10",
"1535413102140064HC3.311200","평택시","A017","정신병원","1635413103140064SC0[14STD03220]","요양기관 현황[개]","개","","","","","","","","","","","","","","","0","0","0","0","0",
"1535413102140064HC3.311200","평택시","A006","의원","1635413103140064SC0[14STD03220]","요양기관 현황[개]","개","187","187","189","189","197","195","200","206","215","224","229","230","243","255","263","273","289","303","322",
"1535413102140064HC3.311300","하남시","A002","상급종합병원","1635413103140064SC0[14STD03220]","요양기관 현황[개]","개","0","0","0","0","0","0","0","0","0","0","0","0","0","0","0","0","0","0","0",
"1535413102140064HC3.311300","하남시","A003","종합병원","1635413103140064SC0[14STD03220]","요양기관 현황[개]","개","0","0","0","0","0","0","0","0","0","0","0","0","0","0","0","0","0","0","0",
"1535413102140064HC3.311300","하남시","A004","병원","1635413103140064SC0[14STD03220]","요양기관 현황[개]","개","4","4","4","4","4","4","4","4","4","4","5","5","6","7","7","8","7","7","7",
"1535413102140064HC3.311300","하남시","A005","요양병원","1635413103140064SC0[14STD03220]","요양기관 현황[개]","개","0","0","0","1","1","1","1","2","3","3","2","2","2","5","6","6","6","7","7",
"1535413102140064HC3.311300","하남시","A017","정신병원","1635413103140064SC0[14STD03220]","요양기관 현황[개]","개","","","","","","","","","","","","","","","0","0","0","0","0",
"1535413102140064HC3.311300","하남시","A006","의원","1635413103140064SC0[14STD03220]","요양기관 현황[개]","개","57","63","68","75","74","73","74","75","76","78","105","116","139","151","161","195","219","231","232",
"1535413102140064HC3.311400","군포시","A002","상급종합병원","1635413103140064SC0[14STD03220]","요양기관 현황[개]","개","0","0","0","0","0","0","0","0","0","0","0","0","0","0","0","0","0","0","0",
"1535413102140064HC3.311400","군포시","A003","종합병원","1635413103140064SC0[14STD03220]","요양기관 현황[개]","개","1","1","1","1","1","1","1","2","2","2","2","2","2","2","2","2","2","2","2",
"1535413102140064HC3.311400","군포시","A004","병원","1635413103140064SC0[14STD03220]","요양기관 현황[개]","개","3","3","3","4","4","3","3","3","2","3","3","3","3","3","3","3","3","4","4",
"1535413102140064HC3.311400","군포시","A005","요양병원","1635413103140064SC0[14STD03220]","요양기관 현황[개]","개","0","1","1","2","2","6","7","7","7","7","8","8","8","8","7","7","5","5","4",
"1535413102140064HC3.311400","군포시","A017","정신병원","1635413103140064SC0[14STD03220]","요양기관 현황[개]","개","","","","","","","","","","","","","","","1","1","1","1","1",
"1535413102140064HC3.311400","군포시","A006","의원","1635413103140064SC0[14STD03220]","요양기관 현황[개]","개","130","129","130","127","126","129","130","129","130","134","135","133","136","139","137","139","140","144","147",
"1535413102140064HC3.311500","남양주시","A002","상급종합병원","1635413103140064SC0[14STD03220]","요양기관 현황[개]","개","0","0","0","0","0","0","0","0","0","0","0","0","0","0","0","0","0","0","0",
"1535413102140064HC3.311500","남양주시","A003","종합병원","1635413103140064SC0[14STD03220]","요양기관 현황[개]","개","1","1","3","4","3","3","3","3","3","3","3","3","3","3","3","3","2","2","2",
"1535413102140064HC3.311500","남양주시","A004","병원","1635413103140064SC0[14STD03220]","요양기관 현황[개]","개","8","9","8","9","10","12","13","14","13","13","12","12","11","12","14","15","15","16","18",
"1535413102140064HC3.311500","남양주시","A005","요양병원","1635413103140064SC0[14STD03220]","요양기관 현황[개]","개","2","5","9","9","9","10","10","13","13","13","18","20","19","19","17","16","15","16","16",
"1535413102140064HC3.311500","남양주시","A017","정신병원","1635413103140064SC0[14STD03220]","요양기관 현황[개]","개","","","","","","","","","","","","","","","2","4","4","4","4",
"1535413102140064HC3.311500","남양주시","A006","의원","1635413103140064SC0[14STD03220]","요양기관 현황[개]","개","204","194","202","205","214","231","242","253","262","262","271","278","293","314","316","344","363","376","395",
"1535413102140064HC3.311600","의왕시","A002","상급종합병원","1635413103140064SC0[14STD03220]","요양기관 현황[개]","개","0","0","0","0","0","0","0","0","0","0","0","0","0","0","0","0","0","0","0",
"1535413102140064HC3.311600","의왕시","A003","종합병원","1635413103140064SC0[14STD03220]","요양기관 현황[개]","개","0","0","0","0","0","0","0","0","0","0","0","0","0","0","0","0","0","0","0",
"1535413102140064HC3.311600","의왕시","A004","병원","1635413103140064SC0[14STD03220]","요양기관 현황[개]","개","3","3","3","3","3","3","3","3","3","2","2","2","2","2","1","1","1","1","1",
"1535413102140064HC3.311600","의왕시","A005","요양병원","1635413103140064SC0[14STD03220]","요양기관 현황[개]","개","1","1","2","2","3","2","3","3","3","4","4","4","4","4","4","4","4","4","4",
"1535413102140064HC3.311600","의왕시","A017","정신병원","1635413103140064SC0[14STD03220]","요양기관 현황[개]","개","","","","","","","","","","","","","","","2","2","2","2","2",
"1535413102140064HC3.311600","의왕시","A006","의원","1635413103140064SC0[14STD03220]","요양기관 현황[개]","개","58","55","59","57","60","59","63","68","66","64","64","67","66","63","65","69","70","70","72",
"1535413102140064HC3.311700","시흥시","A002","상급종합병원","1635413103140064SC0[14STD03220]","요양기관 현황[개]","개","0","0","0","0","0","0","0","0","0","0","0","0","0","0","0","0","0","0","0",
"1535413102140064HC3.311700","시흥시","A003","종합병원","1635413103140064SC0[14STD03220]","요양기관 현황[개]","개","2","2","3","3","3","3","3","3","3","3","3","3","3","3","3","3","3","3","3",
"1535413102140064HC3.311700","시흥시","A004","병원","1635413103140064SC0[14STD03220]","요양기관 현황[개]","개","3","3","5","5","5","5","6","6","5","3","2","2","4","4","3","3","6","7","8",
"1535413102140064HC3.311700","시흥시","A005","요양병원","1635413103140064SC0[14STD03220]","요양기관 현황[개]","개","3","5","4","5","6","9","9","12","14","13","12","12","15","14","13","12","12","13","12",
"1535413102140064HC3.311700","시흥시","A017","정신병원","1635413103140064SC0[14STD03220]","요양기관 현황[개]","개","","","","","","","","","","","","","","","0","0","0","0","0",
"1535413102140064HC3.311700","시흥시","A006","의원","1635413103140064SC0[14STD03220]","요양기관 현황[개]","개","154","156","164","169","168","169","167","170","171","173","182","194","210","235","245","266","282","289","291",
"1535413102140064HC3.311800","오산시","A002","상급종합병원","1635413103140064SC0[14STD03220]","요양기관 현황[개]","개","0","0","0","0","0","0","0","0","0","0","0","0","0","0","0","0","0","0","0",
"1535413102140064HC3.311800","오산시","A003","종합병원","1635413103140064SC0[14STD03220]","요양기관 현황[개]","개","1","1","2","2","2","2","2","1","1","1","2","3","3","2","2","2","2","2","2",
"1535413102140064HC3.311800","오산시","A004","병원","1635413103140064SC0[14STD03220]","요양기관 현황[개]","개","2","2","1","2","2","2","2","4","4","4","3","3","5","7","7","8","8","8","8",
"1535413102140064HC3.311800","오산시","A005","요양병원","1635413103140064SC0[14STD03220]","요양기관 현황[개]","개","1","1","1","1","2","2","3","3","4","4","4","5","5","6","5","5","5","5","5",
"1535413102140064HC3.311800","오산시","A017","정신병원","1635413103140064SC0[14STD03220]","요양기관 현황[개]","개","","","","","","","","","","","","","","","1","1","0","1","1",
"1535413102140064HC3.311800","오산시","A006","의원","1635413103140064SC0[14STD03220]","요양기관 현황[개]","개","66","69","70","73","82","85","84","85","88","92","92","101","105","101","101","101","102","103","111",
"1535413102140064HC3.311901","고양시 덕양구","A002","상급종합병원","1635413103140064SC0[14STD03220]","요양기관 현황[개]","개","0","0","0","0","0","0","0","0","0","0","0","0","0","0","0","0","0","0","0",
"1535413102140064HC3.311901","고양시 덕양구","A003","종합병원","1635413103140064SC0[14STD03220]","요양기관 현황[개]","개","1","1","1","1","1","1","1","1","1","1","1","1","1","1","1","1","1","1","2",
"1535413102140064HC3.311901","고양시 덕양구","A004","병원","1635413103140064SC0[14STD03220]","요양기관 현황[개]","개","8","8","9","10","10","12","11","10","11","10","10","9","9","8","9","8","9","9","9",
"1535413102140064HC3.311901","고양시 덕양구","A005","요양병원","1635413103140064SC0[14STD03220]","요양기관 현황[개]","개","1","3","5","5","5","5","6","7","7","6","6","6","6","7","7","7","7","8","8",
"1535413102140064HC3.311901","고양시 덕양구","A017","정신병원","1635413103140064SC0[14STD03220]","요양기관 현황[개]","개","","","","","","","","","","","","","","","2","3","3","3","3",
"1535413102140064HC3.311901","고양시 덕양구","A006","의원","1635413103140064SC0[14STD03220]","요양기관 현황[개]","개","159","165","160","175","171","177","178","183","193","200","205","211","221","228","238","250","280","287","300",
"1535413102140064HC3.311903","고양시 일산 서구","A002","상급종합병원","1635413103140064SC0[14STD03220]","요양기관 현황[개]","개","0","0","1","1","1","0","0","0","0","0","0","0","0","0","0","0","0","0","0",
"1535413102140064HC3.311903","고양시 일산 서구","A003","종합병원","1635413103140064SC0[14STD03220]","요양기관 현황[개]","개","1","1","0","0","0","1","1","1","1","1","1","1","1","1","1","1","1","1","1",
"1535413102140064HC3.311903","고양시 일산 서구","A004","병원","1635413103140064SC0[14STD03220]","요양기관 현황[개]","개","0","1","0","0","1","1","1","1","2","4","5","5","5","5","5","5","6","5","5",
"1535413102140064HC3.311903","고양시 일산 서구","A005","요양병원","1635413103140064SC0[14STD03220]","요양기관 현황[개]","개","2","3","3","5","5","6","6","6","7","7","6","7","7","7","6","6","5","5","5",
"1535413102140064HC3.311903","고양시 일산 서구","A017","정신병원","1635413103140064SC0[14STD03220]","요양기관 현황[개]","개","","","","","","","","","","","","","","","0","0","0","0","0",
"1535413102140064HC3.311903","고양시 일산 서구","A006","의원","1635413103140064SC0[14STD03220]","요양기관 현황[개]","개","175","171","166","167","165","161","162","165","172","173","171","166","166","172","181","186","191","192","192",
"1535413102140064HC3.311904","고양시 일산 동구","A002","상급종합병원","1635413103140064SC0[14STD03220]","요양기관 현황[개]","개","0","0","0","0","0","0","0","0","0","0","0","0","0","0","0","0","0","0","0",
"1535413102140064HC3.311904","고양시 일산 동구","A003","종합병원","1635413103140064SC0[14STD03220]","요양기관 현황[개]","개","3","3","3","3","3","3","3","3","3","3","3","3","3","4","4","4","4","4","4",
"1535413102140064HC3.311904","고양시 일산 동구","A004","병원","1635413103140064SC0[14STD03220]","요양기관 현황[개]","개","6","11","13","14","12","11","11","12","13","12","12","11","11","10","10","8","9","9","10",
"1535413102140064HC3.311904","고양시 일산 동구","A005","요양병원","1635413103140064SC0[14STD03220]","요양기관 현황[개]","개","5","5","5","7","7","8","10","11","11","12","15","16","15","17","18","17","17","17","13",
"1535413102140064HC3.311904","고양시 일산 동구","A017","정신병원","1635413103140064SC0[14STD03220]","요양기관 현황[개]","개","","","","","","","","","","","","","","","0","2","3","3","3",
"1535413102140064HC3.311904","고양시 일산 동구","A006","의원","1635413103140064SC0[14STD03220]","요양기관 현황[개]","개","104","115","126","130","132","144","143","143","148","155","153","156","156","159","163","173","170","178","185",
"1535413102140064HC3.312001","용인시 기흥구","A002","상급종합병원","1635413103140064SC0[14STD03220]","요양기관 현황[개]","개","0","0","0","0","0","0","0","0","0","0","0","0","0","0","0","0","0","0","0",
"1535413102140064HC3.312001","용인시 기흥구","A003","종합병원","1635413103140064SC0[14STD03220]","요양기관 현황[개]","개","1","1","1","1","1","1","1","1","1","1","1","1","1","2","2","2","2","2","2",
"1535413102140064HC3.312001","용인시 기흥구","A004","병원","1635413103140064SC0[14STD03220]","요양기관 현황[개]","개","3","5","7","7","7","7","5","5","6","6","3","3","4","4","6","7","6","6","8",
"1535413102140064HC3.312001","용인시 기흥구","A005","요양병원","1635413103140064SC0[14STD03220]","요양기관 현황[개]","개","2","2","4","4","5","8","9","11","13","12","15","15","15","14","11","11","11","11","9",
"1535413102140064HC3.312001","용인시 기흥구","A017","정신병원","1635413103140064SC0[14STD03220]","요양기관 현황[개]","개","","","","","","","","","","","","","","","2","2","2","2","2",
"1535413102140064HC3.312001","용인시 기흥구","A006","의원","1635413103140064SC0[14STD03220]","요양기관 현황[개]","개","110","123","136","143","152","167","170","173","177","181","189","191","202","210","218","217","222","228","230",
"1535413102140064HC3.312002","용인시 수지구","A002","상급종합병원","1635413103140064SC0[14STD03220]","요양기관 현황[개]","개","0","0","0","0","0","0","0","0","0","0","0","0","0","0","0","0","0","0","0",
"1535413102140064HC3.312002","용인시 수지구","A003","종합병원","1635413103140064SC0[14STD03220]","요양기관 현황[개]","개","0","0","0","0","0","0","0","0","0","0","0","0","0","0","0","0","0","0","0",
"1535413102140064HC3.312002","용인시 수지구","A004","병원","1635413103140064SC0[14STD03220]","요양기관 현황[개]","개","1","3","4","4","4","4","4","4","5","4","3","3","3","3","3","3","4","6","6",
"1535413102140064HC3.312002","용인시 수지구","A005","요양병원","1635413103140064SC0[14STD03220]","요양기관 현황[개]","개","1","2","2","2","2","3","3","4","5","5","4","4","5","5","5","5","4","3","3",
"1535413102140064HC3.312002","용인시 수지구","A017","정신병원","1635413103140064SC0[14STD03220]","요양기관 현황[개]","개","","","","","","","","","","","","","","","0","0","0","0","0",
"1535413102140064HC3.312002","용인시 수지구","A006","의원","1635413103140064SC0[14STD03220]","요양기관 현황[개]","개","126","127","129","137","138","144","154","158","165","162","177","180","188","191","193","206","213","219","226",
"1535413102140064HC3.312003","용인시 처인구","A002","상급종합병원","1635413103140064SC0[14STD03220]","요양기관 현황[개]","개","0","0","0","0","0","0","0","0","0","0","0","0","0","0","0","0","0","0","0",
"1535413102140064HC3.312003","용인시 처인구","A003","종합병원","1635413103140064SC0[14STD03220]","요양기관 현황[개]","개","1","1","2","2","2","2","2","2","2","2","2","2","2","1","1","1","2","2","2",
"1535413102140064HC3.312003","용인시 처인구","A004","병원","1635413103140064SC0[14STD03220]","요양기관 현황[개]","개","4","4","5","5","4","4","5","5","5","5","3","4","3","3","3","4","5","5","6",
"1535413102140064HC3.312003","용인시 처인구","A005","요양병원","1635413103140064SC0[14STD03220]","요양기관 현황[개]","개","0","1","1","2","5","5","6","6","6","6","6","6","7","7","6","7","6","6","5",
"1535413102140064HC3.312003","용인시 처인구","A017","정신병원","1635413103140064SC0[14STD03220]","요양기관 현황[개]","개","","","","","","","","","","","","","","","1","1","1","1","1",
"1535413102140064HC3.312003","용인시 처인구","A006","의원","1635413103140064SC0[14STD03220]","요양기관 현황[개]","개","79","80","80","79","81","80","81","82","84","85","84","87","97","104","99","101","100","105","114",
"1535413102140064HC3.312100","이천시","A002","상급종합병원","1635413103140064SC0[14STD03220]","요양기관 현황[개]","개","0","0","0","0","0","0","0","0","0","0","0","0","0","0","0","0","0","0","0",
"1535413102140064HC3.312100","이천시","A003","종합병원","1635413103140064SC0[14STD03220]","요양기관 현황[개]","개","0","0","0","0","0","0","0","1","1","1","1","1","1","1","1","1","1","1","1",
"1535413102140064HC3.312100","이천시","A004","병원","1635413103140064SC0[14STD03220]","요양기관 현황[개]","개","6","6","7","7","7","7","6","5","6","6","4","4","4","4","4","4","4","4","4",
"1535413102140064HC3.312100","이천시","A005","요양병원","1635413103140064SC0[14STD03220]","요양기관 현황[개]","개","1","2","2","2","2","2","2","3","3","3","6","7","8","8","6","6","6","6","5",
"1535413102140064HC3.312100","이천시","A017","정신병원","1635413103140064SC0[14STD03220]","요양기관 현황[개]","개","","","","","","","","","","","","","","","2","1","1","1","2",
"1535413102140064HC3.312100","이천시","A006","의원","1635413103140064SC0[14STD03220]","요양기관 현황[개]","개","86","88","86","85","84","87","89","91","95","97","98","102","102","108","109","108","112","115","117",
"1535413102140064HC3.312200","파주시","A002","상급종합병원","1635413103140064SC0[14STD03220]","요양기관 현황[개]","개","0","0","0","0","0","0","0","0","0","0","0","0","0","0","0","0","0","0","0",
"1535413102140064HC3.312200","파주시","A003","종합병원","1635413103140064SC0[14STD03220]","요양기관 현황[개]","개","0","1","1","1","1","1","1","1","1","1","1","1","1","1","1","2","2","2","2",
"1535413102140064HC3.312200","파주시","A004","병원","1635413103140064SC0[14STD03220]","요양기관 현황[개]","개","5","4","8","8","8","11","12","10","10","10","12","12","10","13","13","11","12","13","14",
"1535413102140064HC3.312200","파주시","A005","요양병원","1635413103140064SC0[14STD03220]","요양기관 현황[개]","개","2","3","2","2","5","7","10","12","14","13","15","19","19","20","21","22","20","19","17",
"1535413102140064HC3.312200","파주시","A017","정신병원","1635413103140064SC0[14STD03220]","요양기관 현황[개]","개","","","","","","","","","","","","","","","0","1","1","1","1",
"1535413102140064HC3.312200","파주시","A006","의원","1635413103140064SC0[14STD03220]","요양기관 현황[개]","개","122","124","123","125","136","145","148","152","155","161","166","171","181","185","186","185","201","210","226",
"1535413102140064HC3.312300","김포시","A002","상급종합병원","1635413103140064SC0[14STD03220]","요양기관 현황[개]","개","0","0","0","0","0","0","0","0","0","0","0","0","0","0","0","0","0","0","0",
"1535413102140064HC3.312300","김포시","A003","종합병원","1635413103140064SC0[14STD03220]","요양기관 현황[개]","개","1","1","1","1","1","1","2","2","2","2","2","2","2","2","2","2","2","2","2",
"1535413102140064HC3.312300","김포시","A004","병원","1635413103140064SC0[14STD03220]","요양기관 현황[개]","개","8","8","9","9","9","8","7","7","7","7","7","8","13","15","16","16","16","15","14",
"1535413102140064HC3.312300","김포시","A005","요양병원","1635413103140064SC0[14STD03220]","요양기관 현황[개]","개","2","1","3","3","3","5","5","5","4","5","6","6","6","7","6","6","6","6","6",
"1535413102140064HC3.312300","김포시","A017","정신병원","1635413103140064SC0[14STD03220]","요양기관 현황[개]","개","","","","","","","","","","","","","","","2","3","3","3","3",
"1535413102140064HC3.312300","김포시","A006","의원","1635413103140064SC0[14STD03220]","요양기관 현황[개]","개","84","76","91","97","98","99","109","126","141","158","171","184","190","199","226","232","247","254","257",
"1535413102140064HC3.312400","안성시","A002","상급종합병원","1635413103140064SC0[14STD03220]","요양기관 현황[개]","개","0","0","0","0","0","0","0","0","0","0","0","0","0","0","0","0","0","0","0",
"1535413102140064HC3.312400","안성시","A003","종합병원","1635413103140064SC0[14STD03220]","요양기관 현황[개]","개","1","1","1","1","1","1","1","1","1","1","1","1","2","2","2","2","2","2","2",
"1535413102140064HC3.312400","안성시","A004","병원","1635413103140064SC0[14STD03220]","요양기관 현황[개]","개","4","4","4","4","4","4","4","4","4","4","3","3","2","2","2","2","2","2","2",
"1535413102140064HC3.312400","안성시","A005","요양병원","1635413103140064SC0[14STD03220]","요양기관 현황[개]","개","5","7","11","11","12","12","11","11","12","10","11","10","10","10","9","9","8","7","7",
"1535413102140064HC3.312400","안성시","A017","정신병원","1635413103140064SC0[14STD03220]","요양기관 현황[개]","개","","","","","","","","","","","","","","","1","1","1","1","1",
"1535413102140064HC3.312400","안성시","A006","의원","1635413103140064SC0[14STD03220]","요양기관 현황[개]","개","62","61","62","63","69","75","73","72","70","71","70","71","73","74","74","77","82","84","87",
"1535413102140064HC3.312500","화성시","A002","상급종합병원","1635413103140064SC0[14STD03220]","요양기관 현황[개]","개","0","0","0","0","0","0","0","0","0","0","0","0","0","0","0","0","0","0","0",
"1535413102140064HC3.312500","화성시","A003","종합병원","1635413103140064SC0[14STD03220]","요양기관 현황[개]","개","1","1","1","1","1","1","2","2","2","2","2","3","3","3","3","3","3","3","3",
"1535413102140064HC3.312500","화성시","A004","병원","1635413103140064SC0[14STD03220]","요양기관 현황[개]","개","2","1","4","5","7","10","10","11","10","11","10","11","10","12","13","15","14","16","17",
"1535413102140064HC3.312500","화성시","A005","요양병원","1635413103140064SC0[14STD03220]","요양기관 현황[개]","개","0","2","4","4","7","7","8","9","11","13","14","13","14","12","10","12","12","10","9",
"1535413102140064HC3.312500","화성시","A017","정신병원","1635413103140064SC0[14STD03220]","요양기관 현황[개]","개","","","","","","","","","","","","","","","3","3","3","4","4",
"1535413102140064HC3.312500","화성시","A006","의원","1635413103140064SC0[14STD03220]","요양기관 현황[개]","개","116","139","170","194","200","212","211","220","221","241","265","289","325","347","369","402","426","448","484",
"1535413102140064HC3.312600","광주시","A002","상급종합병원","1635413103140064SC0[14STD03220]","요양기관 현황[개]","개","0","0","0","0","0","0","0","0","0","0","0","0","0","0","0","0","0","0","0",
"1535413102140064HC3.312600","광주시","A003","종합병원","1635413103140064SC0[14STD03220]","요양기관 현황[개]","개","0","0","0","0","0","0","0","0","0","0","1","1","1","1","1","1","1","1","1",
"1535413102140064HC3.312600","광주시","A004","병원","1635413103140064SC0[14STD03220]","요양기관 현황[개]","개","2","2","2","3","4","5","3","4","3","3","2","2","2","2","2","2","2","2","3",
"1535413102140064HC3.312600","광주시","A005","요양병원","1635413103140064SC0[14STD03220]","요양기관 현황[개]","개","0","0","0","0","1","1","2","3","4","5","6","7","8","7","6","6","6","6","5",
"1535413102140064HC3.312600","광주시","A017","정신병원","1635413103140064SC0[14STD03220]","요양기관 현황[개]","개","","","","","","","","","","","","","","","0","0","0","0","0",
"1535413102140064HC3.312600","광주시","A006","의원","1635413103140064SC0[14STD03220]","요양기관 현황[개]","개","79","85","84","87","89","91","90","96","95","98","105","113","126","131","133","139","150","157","166",
"1535413102140064HC3.312700","양주시","A002","상급종합병원","1635413103140064SC0[14STD03220]","요양기관 현황[개]","개","0","0","0","0","0","0","0","0","0","0","0","0","0","0","0","0","0","0","0",
"1535413102140064HC3.312700","양주시","A003","종합병원","1635413103140064SC0[14STD03220]","요양기관 현황[개]","개","0","0","0","0","0","0","0","0","0","0","0","0","0","0","0","0","0","0","0",
"1535413102140064HC3.312700","양주시","A004","병원","1635413103140064SC0[14STD03220]","요양기관 현황[개]","개","4","4","4","4","5","5","5","5","5","5","5","5","5","5","6","6","6","6","6",
"1535413102140064HC3.312700","양주시","A005","요양병원","1635413103140064SC0[14STD03220]","요양기관 현황[개]","개","1","4","3","4","3","4","5","6","6","7","10","11","13","12","11","12","13","13","13",
"1535413102140064HC3.312700","양주시","A017","정신병원","1635413103140064SC0[14STD03220]","요양기관 현황[개]","개","","","","","","","","","","","","","","","1","2","1","1","1",
"1535413102140064HC3.312700","양주시","A006","의원","1635413103140064SC0[14STD03220]","요양기관 현황[개]","개","44","47","47","56","58","62","63","63","62","61","62","68","80","84","89","90","97","106","116",
"1535413102140064HC3.312800","포천시","A002","상급종합병원","1635413103140064SC0[14STD03220]","요양기관 현황[개]","개","0","0","0","0","0","0","0","0","0","0","0","0","0","0","0","0","0","0","0",
"1535413102140064HC3.312800","포천시","A003","종합병원","1635413103140064SC0[14STD03220]","요양기관 현황[개]","개","2","2","2","2","2","2","2","2","2","2","2","2","2","2","2","2","2","2","2",
"1535413102140064HC3.312800","포천시","A004","병원","1635413103140064SC0[14STD03220]","요양기관 현황[개]","개","2","3","3","3","2","3","3","3","3","3","3","3","3","2","2","2","2","2","2",
"1535413102140064HC3.312800","포천시","A005","요양병원","1635413103140064SC0[14STD03220]","요양기관 현황[개]","개","1","3","5","6","5","7","6","6","7","6","6","6","5","6","5","5","4","4","4",
"1535413102140064HC3.312800","포천시","A017","정신병원","1635413103140064SC0[14STD03220]","요양기관 현황[개]","개","","","","","","","","","","","","","","","1","1","1","1","1",
"1535413102140064HC3.312800","포천시","A006","의원","1635413103140064SC0[14STD03220]","요양기관 현황[개]","개","56","54","56","53","52","52","52","51","52","54","55","57","58","61","62","62","62","65","65",
"1535413102140064HC3.32","강원","A002","상급종합병원","1635413103140064SC0[14STD03220]","요양기관 현황[개]","개","2","2","2","2","2","2","1","1","1","1","1","1","1","1","2","2","2","2","2",
"1535413102140064HC3.32","강원","A003","종합병원","1635413103140064SC0[14STD03220]","요양기관 현황[개]","개","14","14","14","13","13","13","14","15","15","14","14","14","14","14","13","13","13","14","14",
"1535413102140064HC3.32","강원","A004","병원","1635413103140064SC0[14STD03220]","요양기관 현황[개]","개","31","33","36","43","47","48","48","45","46","48","48","46","45","45","45","36","37","36","37",
"1535413102140064HC3.32","강원","A005","요양병원","1635413103140064SC0[14STD03220]","요양기관 현황[개]","개","11","13","16","19","20","23","25","28","28","31","30","31","34","32","32","34","30","32","32",
"1535413102140064HC3.32","강원","A017","정신병원","1635413103140064SC0[14STD03220]","요양기관 현황[개]","개","","","","","","","","","","","","","","","0","9","9","9","9",
"1535413102140064HC3.32","강원","A006","의원","1635413103140064SC0[14STD03220]","요양기관 현황[개]","개","638","633","647","658","674","682","678","702","717","727","742","742","760","774","781","788","792","804","815",
"1535413102140064HC3.320001","고성군","A002","상급종합병원","1635413103140064SC0[14STD03220]","요양기관 현황[개]","개","0","0","0","0","0","0","0","0","0","0","0","0","0","0","0","0","0","0","0",
"1535413102140064HC3.320001","고성군","A003","종합병원","1635413103140064SC0[14STD03220]","요양기관 현황[개]","개","0","0","0","0","0","0","0","0","0","0","0","0","0","0","0","0","0","0","0",
"1535413102140064HC3.320001","고성군","A004","병원","1635413103140064SC0[14STD03220]","요양기관 현황[개]","개","0","0","0","0","0","0","0","0","0","0","0","0","0","0","0","0","0","0","0",
"1535413102140064HC3.320001","고성군","A005","요양병원","1635413103140064SC0[14STD03220]","요양기관 현황[개]","개","0","0","0","0","0","0","0","0","0","0","0","0","0","0","0","0","0","0","0",
"1535413102140064HC3.320001","고성군","A017","정신병원","1635413103140064SC0[14STD03220]","요양기관 현황[개]","개","","","","","","","","","","","","","","","0","0","0","0","0",
"1535413102140064HC3.320001","고성군","A006","의원","1635413103140064SC0[14STD03220]","요양기관 현황[개]","개","7","7","7","7","6","6","5","7","8","8","8","8","7","7","7","6","6","6","6",
"1535413102140064HC3.320004","양구군","A002","상급종합병원","1635413103140064SC0[14STD03220]","요양기관 현황[개]","개","0","0","0","0","0","0","0","0","0","0","0","0","0","0","0","0","0","0","0",
"1535413102140064HC3.320004","양구군","A003","종합병원","1635413103140064SC0[14STD03220]","요양기관 현황[개]","개","0","0","0","0","0","0","0","0","0","0","0","0","0","0","0","0","0","0","0",
"1535413102140064HC3.320004","양구군","A004","병원","1635413103140064SC0[14STD03220]","요양기관 현황[개]","개","2","2","3","3","3","3","3","3","3","3","3","3","3","3","3","3","3","3","3",
"1535413102140064HC3.320004","양구군","A005","요양병원","1635413103140064SC0[14STD03220]","요양기관 현황[개]","개","0","0","0","0","0","0","0","0","0","0","0","0","0","0","0","0","0","0","0",
"1535413102140064HC3.320004","양구군","A017","정신병원","1635413103140064SC0[14STD03220]","요양기관 현황[개]","개","","","","","","","","","","","","","","","0","0","0","0","0",
"1535413102140064HC3.320004","양구군","A006","의원","1635413103140064SC0[14STD03220]","요양기관 현황[개]","개","2","2","2","2","3","3","3","5","5","5","5","5","5","5","5","5","5","5","5",
"1535413102140064HC3.320005","양양군","A002","상급종합병원","1635413103140064SC0[14STD03220]","요양기관 현황[개]","개","0","0","0","0","0","0","0","0","0","0","0","0","0","0","0","0","0","0","0",
"1535413102140064HC3.320005","양양군","A003","종합병원","1635413103140064SC0[14STD03220]","요양기관 현황[개]","개","0","0","0","0","0","0","0","0","0","0","0","0","0","0","0","0","0","0","0",
"1535413102140064HC3.320005","양양군","A004","병원","1635413103140064SC0[14STD03220]","요양기관 현황[개]","개","0","0","0","0","0","0","0","0","0","0","0","0","0","0","0","0","0","0","0",
"1535413102140064HC3.320005","양양군","A005","요양병원","1635413103140064SC0[14STD03220]","요양기관 현황[개]","개","0","0","0","0","0","0","0","0","0","0","0","0","0","0","0","0","0","0","0",
"1535413102140064HC3.320005","양양군","A017","정신병원","1635413103140064SC0[14STD03220]","요양기관 현황[개]","개","","","","","","","","","","","","","","","0","0","0","0","0",
"1535413102140064HC3.320005","양양군","A006","의원","1635413103140064SC0[14STD03220]","요양기관 현황[개]","개","6","6","6","6","6","6","6","7","6","6","6","6","6","6","6","6","6","6","6",
"1535413102140064HC3.320006","영월군","A002","상급종합병원","1635413103140064SC0[14STD03220]","요양기관 현황[개]","개","0","0","0","0","0","0","0","0","0","0","0","0","0","0","0","0","0","0","0",
"1535413102140064HC3.320006","영월군","A003","종합병원","1635413103140064SC0[14STD03220]","요양기관 현황[개]","개","1","1","1","1","1","1","1","1","1","1","1","1","1","1","1","1","1","1","1",
"1535413102140064HC3.320006","영월군","A004","병원","1635413103140064SC0[14STD03220]","요양기관 현황[개]","개","0","0","0","1","1","1","1","1","1","1","1","1","1","1","1","1","1","1","1",
"1535413102140064HC3.320006","영월군","A005","요양병원","1635413103140064SC0[14STD03220]","요양기관 현황[개]","개","1","1","1","1","1","1","1","1","1","1","1","1","1","1","1","1","1","1","1",
"1535413102140064HC3.320006","영월군","A017","정신병원","1635413103140064SC0[14STD03220]","요양기관 현황[개]","개","","","","","","","","","","","","","","","0","0","0","0","0",
"1535413102140064HC3.320006","영월군","A006","의원","1635413103140064SC0[14STD03220]","요양기관 현황[개]","개","13","14","14","14","14","13","12","11","12","12","12","12","12","12","12","10","10","10","10",
"1535413102140064HC3.320008","인제군","A002","상급종합병원","1635413103140064SC0[14STD03220]","요양기관 현황[개]","개","0","0","0","0","0","0","0","0","0","0","0","0","0","0","0","0","0","0","0",
"1535413102140064HC3.320008","인제군","A003","종합병원","1635413103140064SC0[14STD03220]","요양기관 현황[개]","개","0","0","0","0","0","0","0","0","0","0","0","0","0","0","0","0","0","0","0",
"1535413102140064HC3.320008","인제군","A004","병원","1635413103140064SC0[14STD03220]","요양기관 현황[개]","개","1","1","1","2","1","1","1","1","2","2","1","1","1","1","1","1","1","1","1",
"1535413102140064HC3.320008","인제군","A005","요양병원","1635413103140064SC0[14STD03220]","요양기관 현황[개]","개","1","1","1","1","1","1","1","2","1","1","1","1","1","1","1","1","1","1","1",
"1535413102140064HC3.320008","인제군","A017","정신병원","1635413103140064SC0[14STD03220]","요양기관 현황[개]","개","","","","","","","","","","","","","","","0","0","0","0","0",
"1535413102140064HC3.320008","인제군","A006","의원","1635413103140064SC0[14STD03220]","요양기관 현황[개]","개","6","9","8","7","8","8","8","7","7","7","7","8","8","7","5","4","4","4","5",
"1535413102140064HC3.320009","정선군","A002","상급종합병원","1635413103140064SC0[14STD03220]","요양기관 현황[개]","개","0","0","0","0","0","0","0","0","0","0","0","0","0","0","0","0","0","0","0",
"1535413102140064HC3.320009","정선군","A003","종합병원","1635413103140064SC0[14STD03220]","요양기관 현황[개]","개","1","1","1","0","0","0","0","0","0","0","0","0","0","0","0","0","0","0","0",
"1535413102140064HC3.320009","정선군","A004","병원","1635413103140064SC0[14STD03220]","요양기관 현황[개]","개","2","2","3","4","4","4","4","2","2","1","2","2","2","2","2","2","2","2","2",
"1535413102140064HC3.320009","정선군","A005","요양병원","1635413103140064SC0[14STD03220]","요양기관 현황[개]","개","0","0","0","0","0","0","0","0","0","0","0","0","0","0","0","0","0","0","0",
"1535413102140064HC3.320009","정선군","A017","정신병원","1635413103140064SC0[14STD03220]","요양기관 현황[개]","개","","","","","","","","","","","","","","","0","0","0","0","0",
"1535413102140064HC3.320009","정선군","A006","의원","1635413103140064SC0[14STD03220]","요양기관 현황[개]","개","8","8","8","7","6","7","7","10","10","10","10","10","10","9","8","7","7","8","8",
"1535413102140064HC3.320010","철원군","A002","상급종합병원","1635413103140064SC0[14STD03220]","요양기관 현황[개]","개","0","0","0","0","0","0","0","0","0","0","0","0","0","0","0","0","0","0","0",
"1535413102140064HC3.320010","철원군","A003","종합병원","1635413103140064SC0[14STD03220]","요양기관 현황[개]","개","1","1","1","1","1","1","1","1","1","0","0","0","0","0","0","0","0","0","0",
"1535413102140064HC3.320010","철원군","A004","병원","1635413103140064SC0[14STD03220]","요양기관 현황[개]","개","1","1","0","0","0","0","0","0","0","1","1","1","1","1","1","1","1","1","1",
"1535413102140064HC3.320010","철원군","A005","요양병원","1635413103140064SC0[14STD03220]","요양기관 현황[개]","개","0","0","0","0","0","1","1","1","1","1","1","1","1","1","1","1","1","1","1",
"1535413102140064HC3.320010","철원군","A017","정신병원","1635413103140064SC0[14STD03220]","요양기관 현황[개]","개","","","","","","","","","","","","","","","0","0","0","0","0",
"1535413102140064HC3.320010","철원군","A006","의원","1635413103140064SC0[14STD03220]","요양기관 현황[개]","개","16","14","14","17","17","17","17","17","18","18","19","18","18","18","18","18","16","16","17",
"1535413102140064HC3.320012","평창군","A002","상급종합병원","1635413103140064SC0[14STD03220]","요양기관 현황[개]","개","0","0","0","0","0","0","0","0","0","0","0","0","0","0","0","0","0","0","0",
"1535413102140064HC3.320012","평창군","A003","종합병원","1635413103140064SC0[14STD03220]","요양기관 현황[개]","개","0","0","0","0","0","0","0","0","0","0","0","0","0","0","0","0","0","0","0",
"1535413102140064HC3.320012","평창군","A004","병원","1635413103140064SC0[14STD03220]","요양기관 현황[개]","개","0","0","0","0","0","0","0","0","0","0","0","0","0","0","0","0","0","0","0",
"1535413102140064HC3.320012","평창군","A005","요양병원","1635413103140064SC0[14STD03220]","요양기관 현황[개]","개","1","1","1","1","1","1","1","1","1","2","2","2","2","2","2","2","2","2","2",
"1535413102140064HC3.320012","평창군","A017","정신병원","1635413103140064SC0[14STD03220]","요양기관 현황[개]","개","","","","","","","","","","","","","","","0","0","0","0","0",
"1535413102140064HC3.320012","평창군","A006","의원","1635413103140064SC0[14STD03220]","요양기관 현황[개]","개","11","11","13","12","12","11","11","13","14","15","17","17","17","16","16","15","15","14","14",
"1535413102140064HC3.320013","홍천군","A002","상급종합병원","1635413103140064SC0[14STD03220]","요양기관 현황[개]","개","0","0","0","0","0","0","0","0","0","0","0","0","0","0","0","0","0","0","0",
"1535413102140064HC3.320013","홍천군","A003","종합병원","1635413103140064SC0[14STD03220]","요양기관 현황[개]","개","1","1","1","1","1","1","1","1","1","1","1","1","1","1","1","1","1","1","1",
"1535413102140064HC3.320013","홍천군","A004","병원","1635413103140064SC0[14STD03220]","요양기관 현황[개]","개","1","1","1","3","3","3","2","2","2","2","2","2","2","2","2","2","2","2","2",
"1535413102140064HC3.320013","홍천군","A005","요양병원","1635413103140064SC0[14STD03220]","요양기관 현황[개]","개","1","1","1","1","2","2","3","3","3","3","3","3","3","3","3","3","2","2","2",
"1535413102140064HC3.320013","홍천군","A017","정신병원","1635413103140064SC0[14STD03220]","요양기관 현황[개]","개","","","","","","","","","","","","","","","0","0","0","0","0",
"1535413102140064HC3.320013","홍천군","A006","의원","1635413103140064SC0[14STD03220]","요양기관 현황[개]","개","31","30","30","28","28","27","27","28","28","30","31","29","29","29","29","29","30","30","29",
"1535413102140064HC3.320014","화천군","A002","상급종합병원","1635413103140064SC0[14STD03220]","요양기관 현황[개]","개","0","0","0","0","0","0","0","0","0","0","0","0","0","0","0","0","0","0","0",
"1535413102140064HC3.320014","화천군","A003","종합병원","1635413103140064SC0[14STD03220]","요양기관 현황[개]","개","0","0","0","0","0","0","0","0","0","0","0","0","0","0","0","0","0","0","0",
"1535413102140064HC3.320014","화천군","A004","병원","1635413103140064SC0[14STD03220]","요양기관 현황[개]","개","0","0","0","0","0","0","0","0","0","0","0","0","0","0","0","0","0","0","0",
"1535413102140064HC3.320014","화천군","A005","요양병원","1635413103140064SC0[14STD03220]","요양기관 현황[개]","개","0","0","0","0","0","0","0","0","0","0","0","0","0","0","0","0","0","0","0",
"1535413102140064HC3.320014","화천군","A017","정신병원","1635413103140064SC0[14STD03220]","요양기관 현황[개]","개","","","","","","","","","","","","","","","0","0","0","0","0",
"1535413102140064HC3.320014","화천군","A006","의원","1635413103140064SC0[14STD03220]","요양기관 현황[개]","개","7","8","8","8","8","7","7","7","7","8","8","8","8","8","8","7","6","8","10",
"1535413102140064HC3.320015","횡성군","A002","상급종합병원","1635413103140064SC0[14STD03220]","요양기관 현황[개]","개","0","0","0","0","0","0","0","0","0","0","0","0","0","0","0","0","0","0","0",
"1535413102140064HC3.320015","횡성군","A003","종합병원","1635413103140064SC0[14STD03220]","요양기관 현황[개]","개","0","0","0","0","0","0","0","0","0","0","0","0","0","0","0","0","0","0","0",
"1535413102140064HC3.320015","횡성군","A004","병원","1635413103140064SC0[14STD03220]","요양기관 현황[개]","개","2","1","1","1","2","1","2","2","2","2","2","2","1","1","1","1","1","1","1",
"1535413102140064HC3.320015","횡성군","A005","요양병원","1635413103140064SC0[14STD03220]","요양기관 현황[개]","개","0","0","0","1","0","0","0","0","0","0","0","1","1","1","1","1","1","1","1",
"1535413102140064HC3.320015","횡성군","A017","정신병원","1635413103140064SC0[14STD03220]","요양기관 현황[개]","개","","","","","","","","","","","","","","","0","0","0","0","0",
"1535413102140064HC3.320015","횡성군","A006","의원","1635413103140064SC0[14STD03220]","요양기관 현황[개]","개","12","13","13","14","12","12","12","12","12","12","12","14","14","13","15","12","13","12","12",
"1535413102140064HC3.320100","강릉시","A002","상급종합병원","1635413103140064SC0[14STD03220]","요양기관 현황[개]","개","0","0","0","0","0","0","0","0","0","0","0","0","0","0","1","1","1","1","1",
"1535413102140064HC3.320100","강릉시","A003","종합병원","1635413103140064SC0[14STD03220]","요양기관 현황[개]","개","4","4","4","4","4","4","4","4","4","4","4","4","4","4","3","3","3","3","3",
"1535413102140064HC3.320100","강릉시","A004","병원","1635413103140064SC0[14STD03220]","요양기관 현황[개]","개","3","3","3","3","3","3","3","5","5","5","4","3","3","3","3","1","1","1","1",
"1535413102140064HC3.320100","강릉시","A005","요양병원","1635413103140064SC0[14STD03220]","요양기관 현황[개]","개","1","2","2","2","2","2","2","2","3","4","4","4","4","4","3","3","2","2","2",
"1535413102140064HC3.320100","강릉시","A017","정신병원","1635413103140064SC0[14STD03220]","요양기관 현황[개]","개","","","","","","","","","","","","","","","0","2","2","2","2",
"1535413102140064HC3.320100","강릉시","A006","의원","1635413103140064SC0[14STD03220]","요양기관 현황[개]","개","94","96","93","99","102","104","103","102","103","106","109","109","112","113","114","116","120","122","124",
"1535413102140064HC3.320200","동해시","A002","상급종합병원","1635413103140064SC0[14STD03220]","요양기관 현황[개]","개","0","0","0","0","0","0","0","0","0","0","0","0","0","0","0","0","0","0","0",
"1535413102140064HC3.320200","동해시","A003","종합병원","1635413103140064SC0[14STD03220]","요양기관 현황[개]","개","1","1","1","1","1","1","1","1","1","1","1","1","1","1","1","1","1","2","2",
"1535413102140064HC3.320200","동해시","A004","병원","1635413103140064SC0[14STD03220]","요양기관 현황[개]","개","4","4","3","3","3","3","2","2","2","2","2","2","2","2","2","2","2","1","1",
"1535413102140064HC3.320200","동해시","A005","요양병원","1635413103140064SC0[14STD03220]","요양기관 현황[개]","개","1","1","2","2","2","2","2","2","2","3","3","3","3","3","3","3","3","3","3",
"1535413102140064HC3.320200","동해시","A017","정신병원","1635413103140064SC0[14STD03220]","요양기관 현황[개]","개","","","","","","","","","","","","","","","0","0","0","0","0",
"1535413102140064HC3.320200","동해시","A006","의원","1635413103140064SC0[14STD03220]","요양기관 현황[개]","개","45","44","44","48","49","49","48","50","51","52","53","52","50","49","50","51","50","49","48",
"1535413102140064HC3.320300","속초시","A002","상급종합병원","1635413103140064SC0[14STD03220]","요양기관 현황[개]","개","0","0","0","0","0","0","0","0","0","0","0","0","0","0","0","0","0","0","0",
"1535413102140064HC3.320300","속초시","A003","종합병원","1635413103140064SC0[14STD03220]","요양기관 현황[개]","개","1","1","1","1","1","1","1","2","2","2","2","2","2","2","2","2","2","2","2",
"1535413102140064HC3.320300","속초시","A004","병원","1635413103140064SC0[14STD03220]","요양기관 현황[개]","개","2","2","2","2","3","3","3","1","1","1","1","0","0","0","0","0","0","0","0",
"1535413102140064HC3.320300","속초시","A005","요양병원","1635413103140064SC0[14STD03220]","요양기관 현황[개]","개","0","1","1","1","1","1","1","1","1","2","2","2","2","2","2","2","2","2","2",
"1535413102140064HC3.320300","속초시","A017","정신병원","1635413103140064SC0[14STD03220]","요양기관 현황[개]","개","","","","","","","","","","","","","","","0","0","0","0","0",
"1535413102140064HC3.320300","속초시","A006","의원","1635413103140064SC0[14STD03220]","요양기관 현황[개]","개","50","49","51","52","53","56","57","59","61","59","60","60","63","65","66","68","66","64","66",
"1535413102140064HC3.320400","원주시","A002","상급종합병원","1635413103140064SC0[14STD03220]","요양기관 현황[개]","개","1","1","1","1","1","1","1","1","1","1","1","1","1","1","1","1","1","1","1",
"1535413102140064HC3.320400","원주시","A003","종합병원","1635413103140064SC0[14STD03220]","요양기관 현황[개]","개","1","1","1","1","1","1","1","1","1","1","1","1","1","1","1","1","1","1","1",
"1535413102140064HC3.320400","원주시","A004","병원","1635413103140064SC0[14STD03220]","요양기관 현황[개]","개","4","6","9","11","14","16","17","16","16","17","18","18","18","18","18","17","18","18","18",
"1535413102140064HC3.320400","원주시","A005","요양병원","1635413103140064SC0[14STD03220]","요양기관 현황[개]","개","4","4","4","4","4","5","6","8","8","7","6","6","7","6","7","8","6","7","7",
"1535413102140064HC3.320400","원주시","A017","정신병원","1635413103140064SC0[14STD03220]","요양기관 현황[개]","개","","","","","","","","","","","","","","","0","2","2","2","2",
"1535413102140064HC3.320400","원주시","A006","의원","1635413103140064SC0[14STD03220]","요양기관 현황[개]","개","155","149","162","161","164","166","169","174","182","177","181","181","191","203","207","213","219","225","228",
"1535413102140064HC3.320500","춘천시","A002","상급종합병원","1635413103140064SC0[14STD03220]","요양기관 현황[개]","개","1","1","1","1","1","1","0","0","0","0","0","0","0","0","0","0","0","0","0",
"1535413102140064HC3.320500","춘천시","A003","종합병원","1635413103140064SC0[14STD03220]","요양기관 현황[개]","개","1","1","1","1","1","1","2","2","2","2","2","2","2","2","2","2","2","2","2",
"1535413102140064HC3.320500","춘천시","A004","병원","1635413103140064SC0[14STD03220]","요양기관 현황[개]","개","8","9","9","9","9","9","9","9","9","10","9","9","9","9","9","3","3","3","4",
"1535413102140064HC3.320500","춘천시","A005","요양병원","1635413103140064SC0[14STD03220]","요양기관 현황[개]","개","1","1","3","4","5","6","6","6","6","6","6","6","8","7","7","8","8","8","8",
"1535413102140064HC3.320500","춘천시","A017","정신병원","1635413103140064SC0[14STD03220]","요양기관 현황[개]","개","","","","","","","","","","","","","","","0","5","5","5","5",
"1535413102140064HC3.320500","춘천시","A006","의원","1635413103140064SC0[14STD03220]","요양기관 현황[개]","개","120","118","122","127","132","133","132","140","143","151","155","156","159","163","166","171","173","180","183",
"1535413102140064HC3.320600","태백시","A002","상급종합병원","1635413103140064SC0[14STD03220]","요양기관 현황[개]","개","0","0","0","0","0","0","0","0","0","0","0","0","0","0","0","0","0","0","0",
"1535413102140064HC3.320600","태백시","A003","종합병원","1635413103140064SC0[14STD03220]","요양기관 현황[개]","개","1","1","1","1","1","1","1","1","1","1","1","1","1","1","1","1","1","1","1",
"1535413102140064HC3.320600","태백시","A004","병원","1635413103140064SC0[14STD03220]","요양기관 현황[개]","개","0","0","0","0","0","0","0","0","0","0","1","1","1","1","1","1","1","1","1",
"1535413102140064HC3.320600","태백시","A005","요양병원","1635413103140064SC0[14STD03220]","요양기관 현황[개]","개","0","0","0","0","0","0","0","0","0","0","0","0","0","0","0","0","0","1","1",
"1535413102140064HC3.320600","태백시","A017","정신병원","1635413103140064SC0[14STD03220]","요양기관 현황[개]","개","","","","","","","","","","","","","","","0","0","0","0","0",
"1535413102140064HC3.320600","태백시","A006","의원","1635413103140064SC0[14STD03220]","요양기관 현황[개]","개","29","29","27","26","27","26","26","25","24","25","23","23","24","23","22","23","22","22","21",
"1535413102140064HC3.320700","삼척시","A002","상급종합병원","1635413103140064SC0[14STD03220]","요양기관 현황[개]","개","0","0","0","0","0","0","0","0","0","0","0","0","0","0","0","0","0","0","0",
"1535413102140064HC3.320700","삼척시","A003","종합병원","1635413103140064SC0[14STD03220]","요양기관 현황[개]","개","1","1","1","1","1","1","1","1","1","1","1","1","1","1","1","1","1","1","1",
"1535413102140064HC3.320700","삼척시","A004","병원","1635413103140064SC0[14STD03220]","요양기관 현황[개]","개","1","1","1","1","1","1","1","1","1","1","1","1","1","1","1","1","1","1","1",
"1535413102140064HC3.320700","삼척시","A005","요양병원","1635413103140064SC0[14STD03220]","요양기관 현황[개]","개","0","0","0","1","1","1","1","1","1","1","1","1","1","1","1","1","1","1","1",
"1535413102140064HC3.320700","삼척시","A017","정신병원","1635413103140064SC0[14STD03220]","요양기관 현황[개]","개","","","","","","","","","","","","","","","0","0","0","0","0",
"1535413102140064HC3.320700","삼척시","A006","의원","1635413103140064SC0[14STD03220]","요양기관 현황[개]","개","26","26","25","23","27","31","28","28","26","26","26","26","27","28","27","27","24","23","23",
"1535413102140064HC3.33","충북","A002","상급종합병원","1635413103140064SC0[14STD03220]","요양기관 현황[개]","개","1","1","1","1","1","1","1","1","1","1","1","1","1","1","1","1","1","1","1",
"1535413102140064HC3.33","충북","A003","종합병원","1635413103140064SC0[14STD03220]","요양기관 현황[개]","개","10","10","9","9","10","10","10","10","10","11","11","11","12","12","12","12","12","12","12",
"1535413102140064HC3.33","충북","A004","병원","1635413103140064SC0[14STD03220]","요양기관 현황[개]","개","25","30","36","39","39","41","37","38","41","39","38","39","38","37","36","37","36","36","39",
"1535413102140064HC3.33","충북","A005","요양병원","1635413103140064SC0[14STD03220]","요양기관 현황[개]","개","13","16","22","27","32","32","35","39","42","42","46","48","50","49","42","41","37","38","36",
"1535413102140064HC3.33","충북","A017","정신병원","1635413103140064SC0[14STD03220]","요양기관 현황[개]","개","","","","","","","","","","","","","","","9","10","12","12","12",
"1535413102140064HC3.33","충북","A006","의원","1635413103140064SC0[14STD03220]","요양기관 현황[개]","개","764","755","764","758","772","785","780","788","791","827","834","856","876","884","901","911","934","932","939",
"1535413102140064HC3.330001","괴산군","A002","상급종합병원","1635413103140064SC0[14STD03220]","요양기관 현황[개]","개","0","0","0","0","0","0","0","0","0","0","0","0","0","0","0","0","0","0","0",
"1535413102140064HC3.330001","괴산군","A003","종합병원","1635413103140064SC0[14STD03220]","요양기관 현황[개]","개","0","0","0","0","0","0","0","0","0","0","0","0","0","0","0","0","0","0","0",
"1535413102140064HC3.330001","괴산군","A004","병원","1635413103140064SC0[14STD03220]","요양기관 현황[개]","개","1","2","2","3","2","2","2","2","2","2","2","2","2","2","2","2","2","2","2",
"1535413102140064HC3.330001","괴산군","A005","요양병원","1635413103140064SC0[14STD03220]","요양기관 현황[개]","개","0","0","0","0","2","2","2","1","1","1","1","1","1","1","0","0","0","1","1",
"1535413102140064HC3.330001","괴산군","A017","정신병원","1635413103140064SC0[14STD03220]","요양기관 현황[개]","개","","","","","","","","","","","","","","","1","1","1","1","1",
"1535413102140064HC3.330001","괴산군","A006","의원","1635413103140064SC0[14STD03220]","요양기관 현황[개]","개","12","13","14","13","12","10","11","11","10","10","10","10","9","9","9","10","10","9","8",
"1535413102140064HC3.330002","단양군","A002","상급종합병원","1635413103140064SC0[14STD03220]","요양기관 현황[개]","개","0","0","0","0","0","0","0","0","0","0","0","0","0","0","0","0","0","0","0",
"1535413102140064HC3.330002","단양군","A003","종합병원","1635413103140064SC0[14STD03220]","요양기관 현황[개]","개","0","0","0","0","0","0","0","0","0","0","0","0","0","0","0","0","0","0","0",
"1535413102140064HC3.330002","단양군","A004","병원","1635413103140064SC0[14STD03220]","요양기관 현황[개]","개","1","1","1","1","1","1","1","1","1","1","1","1","1","1","0","0","0","0","0",
"1535413102140064HC3.330002","단양군","A005","요양병원","1635413103140064SC0[14STD03220]","요양기관 현황[개]","개","1","1","1","1","1","1","1","1","1","1","1","1","1","1","1","1","1","1","1",
"1535413102140064HC3.330002","단양군","A017","정신병원","1635413103140064SC0[14STD03220]","요양기관 현황[개]","개","","","","","","","","","","","","","","","0","0","0","0","0",
"1535413102140064HC3.330002","단양군","A006","의원","1635413103140064SC0[14STD03220]","요양기관 현황[개]","개","8","8","7","8","8","7","6","6","6","7","7","8","6","7","7","7","7","7","7",
"1535413102140064HC3.330003","보은군","A002","상급종합병원","1635413103140064SC0[14STD03220]","요양기관 현황[개]","개","0","0","0","0","0","0","0","0","0","0","0","0","0","0","0","0","0","0","0",
"1535413102140064HC3.330003","보은군","A003","종합병원","1635413103140064SC0[14STD03220]","요양기관 현황[개]","개","0","0","0","0","0","0","0","0","0","0","0","0","0","0","0","0","0","0","0",
"1535413102140064HC3.330003","보은군","A004","병원","1635413103140064SC0[14STD03220]","요양기관 현황[개]","개","2","2","2","2","2","2","2","2","2","2","2","2","2","2","2","1","1","1","1",
"1535413102140064HC3.330003","보은군","A005","요양병원","1635413103140064SC0[14STD03220]","요양기관 현황[개]","개","0","0","1","2","2","2","2","2","2","2","2","2","2","2","3","3","3","3","3",
"1535413102140064HC3.330003","보은군","A017","정신병원","1635413103140064SC0[14STD03220]","요양기관 현황[개]","개","","","","","","","","","","","","","","","0","1","1","1","1",
"1535413102140064HC3.330003","보은군","A006","의원","1635413103140064SC0[14STD03220]","요양기관 현황[개]","개","15","16","16","16","16","17","15","15","15","16","16","16","16","16","15","15","14","14","13",
"1535413102140064HC3.330004","영동군","A002","상급종합병원","1635413103140064SC0[14STD03220]","요양기관 현황[개]","개","0","0","0","0","0","0","0","0","0","0","0","0","0","0","0","0","0","0","0",
"1535413102140064HC3.330004","영동군","A003","종합병원","1635413103140064SC0[14STD03220]","요양기관 현황[개]","개","0","0","0","0","0","0","0","0","0","0","0","0","0","0","0","0","0","0","0",
"1535413102140064HC3.330004","영동군","A004","병원","1635413103140064SC0[14STD03220]","요양기관 현황[개]","개","1","1","1","1","1","2","1","1","1","1","1","1","1","1","1","1","1","1","1",
"1535413102140064HC3.330004","영동군","A005","요양병원","1635413103140064SC0[14STD03220]","요양기관 현황[개]","개","1","1","2","2","2","1","3","3","3","3","3","3","3","3","3","3","2","2","2",
"1535413102140064HC3.330004","영동군","A017","정신병원","1635413103140064SC0[14STD03220]","요양기관 현황[개]","개","","","","","","","","","","","","","","","0","0","1","1","1",
"1535413102140064HC3.330004","영동군","A006","의원","1635413103140064SC0[14STD03220]","요양기관 현황[개]","개","26","25","26","26","26","24","24","23","24","24","25","26","26","26","26","25","26","25","25",
"1535413102140064HC3.330005","옥천군","A002","상급종합병원","1635413103140064SC0[14STD03220]","요양기관 현황[개]","개","0","0","0","0","0","0","0","0","0","0","0","0","0","0","0","0","0","0","0",
"1535413102140064HC3.330005","옥천군","A003","종합병원","1635413103140064SC0[14STD03220]","요양기관 현황[개]","개","1","1","1","1","1","1","1","1","1","1","1","1","1","1","1","1","1","1","1",
"1535413102140064HC3.330005","옥천군","A004","병원","1635413103140064SC0[14STD03220]","요양기관 현황[개]","개","0","0","0","0","0","0","0","0","0","0","0","0","0","0","0","0","0","0","0",
"1535413102140064HC3.330005","옥천군","A005","요양병원","1635413103140064SC0[14STD03220]","요양기관 현황[개]","개","1","1","2","2","3","4","4","4","4","4","4","4","4","4","3","3","3","3","3",
"1535413102140064HC3.330005","옥천군","A017","정신병원","1635413103140064SC0[14STD03220]","요양기관 현황[개]","개","","","","","","","","","","","","","","","1","1","1","1","1",
"1535413102140064HC3.330005","옥천군","A006","의원","1635413103140064SC0[14STD03220]","요양기관 현황[개]","개","29","29","30","30","29","29","28","26","28","28","28","29","29","29","28","27","28","29","29",
"1535413102140064HC3.330006","음성군","A002","상급종합병원","1635413103140064SC0[14STD03220]","요양기관 현황[개]","개","0","0","0","0","0","0","0","0","0","0","0","0","0","0","0","0","0","0","0",
"1535413102140064HC3.330006","음성군","A003","종합병원","1635413103140064SC0[14STD03220]","요양기관 현황[개]","개","0","0","0","0","0","0","0","0","0","0","0","0","0","0","0","0","0","0","0",
"1535413102140064HC3.330006","음성군","A004","병원","1635413103140064SC0[14STD03220]","요양기관 현황[개]","개","5","5","7","5","6","6","6","6","5","5","4","4","4","4","2","2","2","2","2",
"1535413102140064HC3.330006","음성군","A005","요양병원","1635413103140064SC0[14STD03220]","요양기관 현황[개]","개","0","1","1","1","1","1","1","3","4","4","3","3","3","3","2","2","2","2","2",
"1535413102140064HC3.330006","음성군","A017","정신병원","1635413103140064SC0[14STD03220]","요양기관 현황[개]","개","","","","","","","","","","","","","","","2","2","2","2","2",
"1535413102140064HC3.330006","음성군","A006","의원","1635413103140064SC0[14STD03220]","요양기관 현황[개]","개","41","40","41","40","41","39","39","39","39","44","40","44","45","45","45","44","45","46","44",
"1535413102140064HC3.330009","진천군","A002","상급종합병원","1635413103140064SC0[14STD03220]","요양기관 현황[개]","개","0","0","0","0","0","0","0","0","0","0","0","0","0","0","0","0","0","0","0",
"1535413102140064HC3.330009","진천군","A003","종합병원","1635413103140064SC0[14STD03220]","요양기관 현황[개]","개","0","0","0","0","0","0","0","0","0","1","1","1","1","1","1","1","1","1","1",
"1535413102140064HC3.330009","진천군","A004","병원","1635413103140064SC0[14STD03220]","요양기관 현황[개]","개","1","1","1","2","2","1","1","1","1","0","0","0","0","0","1","1","1","1","1",
"1535413102140064HC3.330009","진천군","A005","요양병원","1635413103140064SC0[14STD03220]","요양기관 현황[개]","개","1","1","1","1","1","1","1","3","3","3","3","3","2","2","1","1","1","1","1",
"1535413102140064HC3.330009","진천군","A017","정신병원","1635413103140064SC0[14STD03220]","요양기관 현황[개]","개","","","","","","","","","","","","","","","1","1","1","1","1",
"1535413102140064HC3.330009","진천군","A006","의원","1635413103140064SC0[14STD03220]","요양기관 현황[개]","개","26","25","24","25","27","26","25","26","25","25","26","30","34","38","41","40","40","40","41",
"1535413102140064HC3.330010","청원군","A002","상급종합병원","1635413103140064SC0[14STD03220]","요양기관 현황[개]","개","0","0","0","0","0","0","0","0","","","","","","","","","","","",
"1535413102140064HC3.330010","청원군","A003","종합병원","1635413103140064SC0[14STD03220]","요양기관 현황[개]","개","1","1","0","0","0","0","0","0","","","","","","","","","","","",
"1535413102140064HC3.330010","청원군","A004","병원","1635413103140064SC0[14STD03220]","요양기관 현황[개]","개","2","3","4","4","4","4","4","4","","","","","","","","","","","",
"1535413102140064HC3.330010","청원군","A005","요양병원","1635413103140064SC0[14STD03220]","요양기관 현황[개]","개","1","1","1","2","2","1","1","2","","","","","","","","","","","",
"1535413102140064HC3.330010","청원군","A006","의원","1635413103140064SC0[14STD03220]","요양기관 현황[개]","개","36","41","43","42","42","46","43","43","","","","","","","","","","","",
"1535413102140064HC3.330011","증평군","A002","상급종합병원","1635413103140064SC0[14STD03220]","요양기관 현황[개]","개","0","0","0","0","0","0","0","0","0","0","0","0","0","0","0","0","0","0","0",
"1535413102140064HC3.330011","증평군","A003","종합병원","1635413103140064SC0[14STD03220]","요양기관 현황[개]","개","0","0","0","0","0","0","0","0","0","0","0","0","0","0","0","0","0","0","0",
"1535413102140064HC3.330011","증평군","A004","병원","1635413103140064SC0[14STD03220]","요양기관 현황[개]","개","2","2","2","2","2","2","2","1","2","2","3","3","3","1","1","1","0","0","1",
"1535413102140064HC3.330011","증평군","A005","요양병원","1635413103140064SC0[14STD03220]","요양기관 현황[개]","개","0","0","0","0","0","0","0","0","0","0","0","0","1","0","1","1","1","1","1",
"1535413102140064HC3.330011","증평군","A017","정신병원","1635413103140064SC0[14STD03220]","요양기관 현황[개]","개","","","","","","","","","","","","","","","0","0","0","0","0",
"1535413102140064HC3.330011","증평군","A006","의원","1635413103140064SC0[14STD03220]","요양기관 현황[개]","개","19","17","19","18","20","19","17","17","17","18","19","19","20","20","20","21","21","21","21",
"1535413102140064HC3.330101","청주시 상당구","A002","상급종합병원","1635413103140064SC0[14STD03220]","요양기관 현황[개]","개","0","0","0","0","0","0","0","0","0","0","0","0","0","0","0","0","0","0","0",
"1535413102140064HC3.330101","청주시 상당구","A003","종합병원","1635413103140064SC0[14STD03220]","요양기관 현황[개]","개","3","3","3","3","3","3","3","3","2","2","2","2","2","2","2","2","2","2","2",
"1535413102140064HC3.330101","청주시 상당구","A004","병원","1635413103140064SC0[14STD03220]","요양기관 현황[개]","개","2","3","3","3","3","3","2","2","4","3","2","3","3","3","3","4","5","5","4",
"1535413102140064HC3.330101","청주시 상당구","A005","요양병원","1635413103140064SC0[14STD03220]","요양기관 현황[개]","개","0","1","1","1","1","1","2","2","2","2","3","3","4","3","1","1","1","1","1",
"1535413102140064HC3.330101","청주시 상당구","A017","정신병원","1635413103140064SC0[14STD03220]","요양기관 현황[개]","개","","","","","","","","","","","","","","","2","2","2","2","2",
"1535413102140064HC3.330101","청주시 상당구","A006","의원","1635413103140064SC0[14STD03220]","요양기관 현황[개]","개","167","159","160","157","161","161","165","161","122","125","121","122","122","117","123","127","134","133","137",
"1535413102140064HC3.330102","청주시 흥덕구","A002","상급종합병원","1635413103140064SC0[14STD03220]","요양기관 현황[개]","개","1","1","1","1","1","1","1","1","0","0","0","0","0","0","0","0","0","0","0",
"1535413102140064HC3.330102","청주시 흥덕구","A003","종합병원","1635413103140064SC0[14STD03220]","요양기관 현황[개]","개","2","2","2","2","2","2","2","2","1","1","1","1","2","2","2","2","2","2","2",
"1535413102140064HC3.330102","청주시 흥덕구","A004","병원","1635413103140064SC0[14STD03220]","요양기관 현황[개]","개","3","5","8","10","10","12","12","13","9","9","9","9","9","9","8","8","8","7","9",
"1535413102140064HC3.330102","청주시 흥덕구","A005","요양병원","1635413103140064SC0[14STD03220]","요양기관 현황[개]","개","3","3","4","6","7","7","7","7","4","4","4","5","4","4","3","4","2","2","1",
"1535413102140064HC3.330102","청주시 흥덕구","A017","정신병원","1635413103140064SC0[14STD03220]","요양기관 현황[개]","개","","","","","","","","","","","","","","","0","0","0","0","0",
"1535413102140064HC3.330102","청주시 흥덕구","A006","의원","1635413103140064SC0[14STD03220]","요양기관 현황[개]","개","205","204","204","203","207","213","216","228","135","140","140","149","156","160","165","172","179","182","188",
"1535413102140064HC3.330103","청주시 청원구","A002","상급종합병원","1635413103140064SC0[14STD03220]","요양기관 현황[개]","개","","","","","","","","","0","0","0","0","0","0","0","0","0","0","0",
"1535413102140064HC3.330103","청주시 청원구","A003","종합병원","1635413103140064SC0[14STD03220]","요양기관 현황[개]","개","","","","","","","","","1","1","1","1","1","1","1","1","1","1","1",
"1535413102140064HC3.330103","청주시 청원구","A004","병원","1635413103140064SC0[14STD03220]","요양기관 현황[개]","개","","","","","","","","","3","4","4","4","4","5","6","7","7","7","7",
"1535413102140064HC3.330103","청주시 청원구","A005","요양병원","1635413103140064SC0[14STD03220]","요양기관 현황[개]","개","","","","","","","","","1","2","3","3","4","4","4","2","2","2","2",
"1535413102140064HC3.330103","청주시 청원구","A017","정신병원","1635413103140064SC0[14STD03220]","요양기관 현황[개]","개","","","","","","","","","","","","","","","0","0","0","0","0",
"1535413102140064HC3.330103","청주시 청원구","A006","의원","1635413103140064SC0[14STD03220]","요양기관 현황[개]","개","","","","","","","","","74","84","89","95","98","98","101","104","104","105","103",
"1535413102140064HC3.330104","청주시 서원구","A002","상급종합병원","1635413103140064SC0[14STD03220]","요양기관 현황[개]","개","","","","","","","","","1","1","1","1","1","1","1","1","1","1","1",
"1535413102140064HC3.330104","청주시 서원구","A003","종합병원","1635413103140064SC0[14STD03220]","요양기관 현황[개]","개","","","","","","","","","1","1","1","1","1","1","1","1","1","1","1",
"1535413102140064HC3.330104","청주시 서원구","A004","병원","1635413103140064SC0[14STD03220]","요양기관 현황[개]","개","","","","","","","","","6","6","6","6","5","5","5","5","5","5","6",
"1535413102140064HC3.330104","청주시 서원구","A005","요양병원","1635413103140064SC0[14STD03220]","요양기관 현황[개]","개","","","","","","","","","6","5","6","8","8","8","7","7","7","7","6",
"1535413102140064HC3.330104","청주시 서원구","A017","정신병원","1635413103140064SC0[14STD03220]","요양기관 현황[개]","개","","","","","","","","","","","","","","","1","1","1","1","1",
"1535413102140064HC3.330104","청주시 서원구","A006","의원","1635413103140064SC0[14STD03220]","요양기관 현황[개]","개","","","","","","","","","103","106","110","111","114","114","111","111","110","110","111",
"1535413102140064HC3.330200","충주시","A002","상급종합병원","1635413103140064SC0[14STD03220]","요양기관 현황[개]","개","0","0","0","0","0","0","0","0","0","0","0","0","0","0","0","0","0","0","0",
"1535413102140064HC3.330200","충주시","A003","종합병원","1635413103140064SC0[14STD03220]","요양기관 현황[개]","개","2","2","2","2","2","2","2","2","2","2","2","2","2","2","2","2","2","2","2",
"1535413102140064HC3.330200","충주시","A004","병원","1635413103140064SC0[14STD03220]","요양기관 현황[개]","개","3","3","3","3","3","3","3","3","3","2","2","2","3","3","4","4","3","4","4",
"1535413102140064HC3.330200","충주시","A005","요양병원","1635413103140064SC0[14STD03220]","요양기관 현황[개]","개","3","3","4","5","5","5","5","5","5","6","7","7","7","7","7","7","7","7","7",
"1535413102140064HC3.330200","충주시","A017","정신병원","1635413103140064SC0[14STD03220]","요양기관 현황[개]","개","","","","","","","","","","","","","","","0","0","1","1","1",
"1535413102140064HC3.330200","충주시","A006","의원","1635413103140064SC0[14STD03220]","요양기관 현황[개]","개","105","102","103","103","104","111","112","113","113","117","120","118","122","121","124","124","131","129","128",
"1535413102140064HC3.330300","제천시","A002","상급종합병원","1635413103140064SC0[14STD03220]","요양기관 현황[개]","개","0","0","0","0","0","0","0","0","0","0","0","0","0","0","0","0","0","0","0",
"1535413102140064HC3.330300","제천시","A003","종합병원","1635413103140064SC0[14STD03220]","요양기관 현황[개]","개","1","1","1","1","2","2","2","2","2","2","2","2","2","2","2","2","2","2","2",
"1535413102140064HC3.330300","제천시","A004","병원","1635413103140064SC0[14STD03220]","요양기관 현황[개]","개","2","2","2","3","3","3","1","2","2","2","2","2","1","1","1","1","1","1","1",
"1535413102140064HC3.330300","제천시","A005","요양병원","1635413103140064SC0[14STD03220]","요양기관 현황[개]","개","2","3","4","4","5","6","6","6","6","5","6","5","6","7","6","6","5","5","5",
"1535413102140064HC3.330300","제천시","A017","정신병원","1635413103140064SC0[14STD03220]","요양기관 현황[개]","개","","","","","","","","","","","","","","","1","1","1","1","1",
"1535413102140064HC3.330300","제천시","A006","의원","1635413103140064SC0[14STD03220]","요양기관 현황[개]","개","75","76","77","77","79","83","79","80","80","83","83","79","79","84","86","84","85","82","84",
"1535413102140064HC3.34","충남","A002","상급종합병원","1635413103140064SC0[14STD03220]","요양기관 현황[개]","개","2","2","2","2","2","2","2","2","2","2","2","2","2","2","2","2","2","1","1",
"1535413102140064HC3.34","충남","A003","종합병원","1635413103140064SC0[14STD03220]","요양기관 현황[개]","개","8","9","9","9","9","10","10","10","11","11","11","11","11","11","11","11","11","12","12",
"1535413102140064HC3.34","충남","A004","병원","1635413103140064SC0[14STD03220]","요양기관 현황[개]","개","39","39","44","51","54","49","50","47","51","53","43","45","43","44","43","45","46","46","48",
"1535413102140064HC3.34","충남","A005","요양병원","1635413103140064SC0[14STD03220]","요양기관 현황[개]","개","22","36","44","44","46","59","59","68","72","75","88","90","90","88","67","67","69","67","64",
"1535413102140064HC3.34","충남","A017","정신병원","1635413103140064SC0[14STD03220]","요양기관 현황[개]","개","","","","","","","","","","","","","","","15","17","17","17","16",
"1535413102140064HC3.34","충남","A006","의원","1635413103140064SC0[14STD03220]","요양기관 현황[개]","개","953","955","978","1002","1020","1031","987","996","1012","1029","1052","1059","1069","1072","1090","1091","1107","1119","1148",
"1535413102140064HC3.340002","금산군","A002","상급종합병원","1635413103140064SC0[14STD03220]","요양기관 현황[개]","개","0","0","0","0","0","0","0","0","0","0","0","0","0","0","0","0","0","0","0",
"1535413102140064HC3.340002","금산군","A003","종합병원","1635413103140064SC0[14STD03220]","요양기관 현황[개]","개","0","0","0","0","0","0","0","0","0","0","0","0","0","0","0","0","0","0","0",
"1535413102140064HC3.340002","금산군","A004","병원","1635413103140064SC0[14STD03220]","요양기관 현황[개]","개","2","2","2","2","2","2","2","1","1","1","1","1","1","1","1","1","1","1","1",
"1535413102140064HC3.340002","금산군","A005","요양병원","1635413103140064SC0[14STD03220]","요양기관 현황[개]","개","1","3","3","3","3","3","3","3","3","3","3","3","3","3","3","3","3","3","2",
"1535413102140064HC3.340002","금산군","A017","정신병원","1635413103140064SC0[14STD03220]","요양기관 현황[개]","개","","","","","","","","","","","","","","","0","0","0","0","0",
"1535413102140064HC3.340002","금산군","A006","의원","1635413103140064SC0[14STD03220]","요양기관 현황[개]","개","32","33","31","32","34","33","34","34","35","36","36","35","34","34","35","35","34","34","35",
"1535413102140064HC3.340004","당진시","A002","상급종합병원","1635413103140064SC0[14STD03220]","요양기관 현황[개]","개","0","0","0","0","0","0","0","0","0","0","0","0","0","0","0","0","0","0","0",
"1535413102140064HC3.340004","당진시","A003","종합병원","1635413103140064SC0[14STD03220]","요양기관 현황[개]","개","0","0","0","0","0","1","1","1","1","1","1","1","1","1","1","1","1","1","1",
"1535413102140064HC3.340004","당진시","A004","병원","1635413103140064SC0[14STD03220]","요양기관 현황[개]","개","4","4","5","5","5","4","3","4","5","4","4","4","3","4","4","4","4","4","4",
"1535413102140064HC3.340004","당진시","A005","요양병원","1635413103140064SC0[14STD03220]","요양기관 현황[개]","개","0","1","1","1","1","1","1","2","2","3","3","4","4","4","4","4","4","3","3",
"1535413102140064HC3.340004","당진시","A017","정신병원","1635413103140064SC0[14STD03220]","요양기관 현황[개]","개","","","","","","","","","","","","","","","0","0","0","0","0",
"1535413102140064HC3.340004","당진시","A006","의원","1635413103140064SC0[14STD03220]","요양기관 현황[개]","개","55","57","63","67","69","71","77","77","79","79","80","81","79","81","77","77","79","81","82",
"1535413102140064HC3.340007","부여군","A002","상급종합병원","1635413103140064SC0[14STD03220]","요양기관 현황[개]","개","0","0","0","0","0","0","0","0","0","0","0","0","0","0","0","0","0","0","0",
"1535413102140064HC3.340007","부여군","A003","종합병원","1635413103140064SC0[14STD03220]","요양기관 현황[개]","개","0","0","0","0","0","0","0","0","0","0","0","0","0","0","0","0","0","0","0",
"1535413102140064HC3.340007","부여군","A004","병원","1635413103140064SC0[14STD03220]","요양기관 현황[개]","개","4","4","4","4","4","4","4","4","3","3","2","2","1","1","1","1","1","1","1",
"1535413102140064HC3.340007","부여군","A005","요양병원","1635413103140064SC0[14STD03220]","요양기관 현황[개]","개","3","4","3","3","2","3","3","3","4","4","5","5","5","5","3","3","3","3","3",
"1535413102140064HC3.340007","부여군","A017","정신병원","1635413103140064SC0[14STD03220]","요양기관 현황[개]","개","","","","","","","","","","","","","","","2","2","2","2","2",
"1535413102140064HC3.340007","부여군","A006","의원","1635413103140064SC0[14STD03220]","요양기관 현황[개]","개","36","33","33","34","34","35","34","32","31","31","31","31","30","30","30","31","32","33","31",
"1535413102140064HC3.340009","서천군","A002","상급종합병원","1635413103140064SC0[14STD03220]","요양기관 현황[개]","개","0","0","0","0","0","0","0","0","0","0","0","0","0","0","0","0","0","0","0",
"1535413102140064HC3.340009","서천군","A003","종합병원","1635413103140064SC0[14STD03220]","요양기관 현황[개]","개","0","0","0","0","0","0","0","0","0","0","0","0","0","0","0","0","0","0","0",
"1535413102140064HC3.340009","서천군","A004","병원","1635413103140064SC0[14STD03220]","요양기관 현황[개]","개","4","4","4","4","5","3","3","2","3","2","1","1","1","1","1","1","1","1","1",
"1535413102140064HC3.340009","서천군","A005","요양병원","1635413103140064SC0[14STD03220]","요양기관 현황[개]","개","0","1","2","2","2","2","3","3","3","3","4","5","5","5","4","4","4","4","4",
"1535413102140064HC3.340009","서천군","A017","정신병원","1635413103140064SC0[14STD03220]","요양기관 현황[개]","개","","","","","","","","","","","","","","","1","1","1","1","1",
"1535413102140064HC3.340009","서천군","A006","의원","1635413103140064SC0[14STD03220]","요양기관 현황[개]","개","26","27","29","29","30","30","31","32","33","33","32","30","29","29","30","29","28","28","29",
"1535413102140064HC3.340011","연기군","A002","상급종합병원","1635413103140064SC0[14STD03220]","요양기관 현황[개]","개","0","0","0","0","0","0","","","","","","","","","","","","","",
"1535413102140064HC3.340011","연기군","A003","종합병원","1635413103140064SC0[14STD03220]","요양기관 현황[개]","개","0","0","0","0","0","0","","","","","","","","","","","","","",
"1535413102140064HC3.340011","연기군","A004","병원","1635413103140064SC0[14STD03220]","요양기관 현황[개]","개","2","2","1","1","1","1","","","","","","","","","","","","","",
"1535413102140064HC3.340011","연기군","A005","요양병원","1635413103140064SC0[14STD03220]","요양기관 현황[개]","개","2","3","4","3","3","4","","","","","","","","","","","","","",
"1535413102140064HC3.340011","연기군","A006","의원","1635413103140064SC0[14STD03220]","요양기관 현황[개]","개","46","49","50","49","48","48","","","","","","","","","","","","","",
"1535413102140064HC3.340012","예산군","A002","상급종합병원","1635413103140064SC0[14STD03220]","요양기관 현황[개]","개","0","0","0","0","0","0","0","0","0","0","0","0","0","0","0","0","0","0","0",
"1535413102140064HC3.340012","예산군","A003","종합병원","1635413103140064SC0[14STD03220]","요양기관 현황[개]","개","0","1","1","1","1","1","1","1","1","1","1","1","1","1","1","1","1","1","1",
"1535413102140064HC3.340012","예산군","A004","병원","1635413103140064SC0[14STD03220]","요양기관 현황[개]","개","2","1","1","1","1","1","1","1","1","1","1","1","1","1","1","2","2","2","2",
"1535413102140064HC3.340012","예산군","A005","요양병원","1635413103140064SC0[14STD03220]","요양기관 현황[개]","개","2","1","1","1","1","2","2","2","2","2","1","0","0","0","0","0","1","0","0",
"1535413102140064HC3.340012","예산군","A017","정신병원","1635413103140064SC0[14STD03220]","요양기관 현황[개]","개","","","","","","","","","","","","","","","0","0","0","0","0",
"1535413102140064HC3.340012","예산군","A006","의원","1635413103140064SC0[14STD03220]","요양기관 현황[개]","개","41","40","40","38","40","41","41","42","44","43","43","42","40","41","41","40","39","39","39",
"1535413102140064HC3.340014","청양군","A002","상급종합병원","1635413103140064SC0[14STD03220]","요양기관 현황[개]","개","0","0","0","0","0","0","0","0","0","0","0","0","0","0","0","0","0","0","0",
"1535413102140064HC3.340014","청양군","A003","종합병원","1635413103140064SC0[14STD03220]","요양기관 현황[개]","개","0","0","0","0","0","0","0","0","0","0","0","0","0","0","0","0","0","0","0",
"1535413102140064HC3.340014","청양군","A004","병원","1635413103140064SC0[14STD03220]","요양기관 현황[개]","개","1","1","1","1","1","1","2","1","2","2","1","1","1","1","0","0","0","0","0",
"1535413102140064HC3.340014","청양군","A005","요양병원","1635413103140064SC0[14STD03220]","요양기관 현황[개]","개","1","1","1","1","1","1","1","1","1","1","2","2","2","2","2","2","2","2","2",
"1535413102140064HC3.340014","청양군","A017","정신병원","1635413103140064SC0[14STD03220]","요양기관 현황[개]","개","","","","","","","","","","","","","","","0","0","0","0","0",
"1535413102140064HC3.340014","청양군","A006","의원","1635413103140064SC0[14STD03220]","요양기관 현황[개]","개","9","9","9","10","10","10","9","10","10","10","10","10","10","10","10","10","10","10","10",
"1535413102140064HC3.340015","홍성군","A002","상급종합병원","1635413103140064SC0[14STD03220]","요양기관 현황[개]","개","0","0","0","0","0","0","0","0","0","0","0","0","0","0","0","0","0","0","0",
"1535413102140064HC3.340015","홍성군","A003","종합병원","1635413103140064SC0[14STD03220]","요양기관 현황[개]","개","1","1","1","1","1","1","1","1","1","1","1","1","1","1","1","1","1","1","1",
"1535413102140064HC3.340015","홍성군","A004","병원","1635413103140064SC0[14STD03220]","요양기관 현황[개]","개","1","1","2","2","3","1","1","1","1","1","0","0","0","0","0","0","0","0","0",
"1535413102140064HC3.340015","홍성군","A005","요양병원","1635413103140064SC0[14STD03220]","요양기관 현황[개]","개","2","2","2","3","4","6","7","7","7","7","7","7","7","6","3","3","3","3","3",
"1535413102140064HC3.340015","홍성군","A017","정신병원","1635413103140064SC0[14STD03220]","요양기관 현황[개]","개","","","","","","","","","","","","","","","2","2","2","2","2",
"1535413102140064HC3.340015","홍성군","A006","의원","1635413103140064SC0[14STD03220]","요양기관 현황[개]","개","39","37","39","39","39","39","39","38","39","43","46","46","49","50","51","50","50","50","50",
"1535413102140064HC3.340016","태안군","A002","상급종합병원","1635413103140064SC0[14STD03220]","요양기관 현황[개]","개","0","0","0","0","0","0","0","0","0","0","0","0","0","0","0","0","0","0","0",
"1535413102140064HC3.340016","태안군","A003","종합병원","1635413103140064SC0[14STD03220]","요양기관 현황[개]","개","0","0","0","0","0","0","0","0","0","0","0","0","0","0","0","0","0","0","0",
"1535413102140064HC3.340016","태안군","A004","병원","1635413103140064SC0[14STD03220]","요양기관 현황[개]","개","1","1","1","0","0","0","0","0","0","1","1","1","1","1","1","0","0","0","0",
"1535413102140064HC3.340016","태안군","A005","요양병원","1635413103140064SC0[14STD03220]","요양기관 현황[개]","개","1","2","1","1","1","3","3","3","2","2","2","2","2","1","1","1","1","1","1",
"1535413102140064HC3.340016","태안군","A017","정신병원","1635413103140064SC0[14STD03220]","요양기관 현황[개]","개","","","","","","","","","","","","","","","0","0","0","0","0",
"1535413102140064HC3.340016","태안군","A006","의원","1635413103140064SC0[14STD03220]","요양기관 현황[개]","개","30","28","31","29","30","31","28","28","27","27","28","31","29","29","30","29","29","29","29",
"1535413102140064HC3.340200","천안시","A002","상급종합병원","1635413103140064SC0[14STD03220]","요양기관 현황[개]","개","2","2","","","","","","","","","","","","","","","","","",
"1535413102140064HC3.340200","천안시","A003","종합병원","1635413103140064SC0[14STD03220]","요양기관 현황[개]","개","2","2","","","","","","","","","","","","","","","","","",
"1535413102140064HC3.340200","천안시","A004","병원","1635413103140064SC0[14STD03220]","요양기관 현황[개]","개","6","7","","","","","","","","","","","","","","","","","",
"1535413102140064HC3.340200","천안시","A005","요양병원","1635413103140064SC0[14STD03220]","요양기관 현황[개]","개","2","4","","","","","","","","","","","","","","","","","",
"1535413102140064HC3.340200","천안시","A006","의원","1635413103140064SC0[14STD03220]","요양기관 현황[개]","개","271","269","","","","","","","","","","","","","","","","","",
"1535413102140064HC3.340201","천안시 서북구","A002","상급종합병원","1635413103140064SC0[14STD03220]","요양기관 현황[개]","개","","","0","0","0","0","0","0","0","0","0","0","0","0","0","0","0","0","0",
"1535413102140064HC3.340201","천안시 서북구","A003","종합병원","1635413103140064SC0[14STD03220]","요양기관 현황[개]","개","","","1","1","1","1","1","1","1","1","1","1","1","1","1","1","1","1","1",
"1535413102140064HC3.340201","천안시 서북구","A004","병원","1635413103140064SC0[14STD03220]","요양기관 현황[개]","개","","","8","12","13","13","15","14","15","16","16","17","17","18","20","19","20","19","20",
"1535413102140064HC3.340201","천안시 서북구","A005","요양병원","1635413103140064SC0[14STD03220]","요양기관 현황[개]","개","","","2","1","2","4","5","6","6","6","10","11","11","11","8","8","10","9","8",
"1535413102140064HC3.340201","천안시 서북구","A017","정신병원","1635413103140064SC0[14STD03220]","요양기관 현황[개]","개","","","","","","","","","","","","","","","2","2","2","2","2",
"1535413102140064HC3.340201","천안시 서북구","A006","의원","1635413103140064SC0[14STD03220]","요양기관 현황[개]","개","","","154","165","170","170","169","166","175","182","189","194","206","209","220","225","226","229","235",
"1535413102140064HC3.340202","천안시 동남구","A002","상급종합병원","1635413103140064SC0[14STD03220]","요양기관 현황[개]","개","","","2","2","2","2","2","2","2","2","2","2","2","2","2","2","2","1","1",
"1535413102140064HC3.340202","천안시 동남구","A003","종합병원","1635413103140064SC0[14STD03220]","요양기관 현황[개]","개","","","1","1","1","1","1","1","1","1","1","1","1","1","1","1","1","2","2",
"1535413102140064HC3.340202","천안시 동남구","A004","병원","1635413103140064SC0[14STD03220]","요양기관 현황[개]","개","","","2","2","2","2","2","2","2","2","2","2","2","2","2","4","4","4","4",
"1535413102140064HC3.340202","천안시 동남구","A005","요양병원","1635413103140064SC0[14STD03220]","요양기관 현황[개]","개","","","5","5","5","7","7","8","8","9","10","11","12","12","10","10","9","10","10",
"1535413102140064HC3.340202","천안시 동남구","A017","정신병원","1635413103140064SC0[14STD03220]","요양기관 현황[개]","개","","","","","","","","","","","","","","","1","2","2","2","1",
"1535413102140064HC3.340202","천안시 동남구","A006","의원","1635413103140064SC0[14STD03220]","요양기관 현황[개]","개","","","123","122","124","128","123","127","131","130","134","136","131","131","130","128","131","132","137",
"1535413102140064HC3.340300","공주시","A002","상급종합병원","1635413103140064SC0[14STD03220]","요양기관 현황[개]","개","0","0","0","0","0","0","0","0","0","0","0","0","0","0","0","0","0","0","0",
"1535413102140064HC3.340300","공주시","A003","종합병원","1635413103140064SC0[14STD03220]","요양기관 현황[개]","개","1","1","1","1","1","1","1","1","1","1","1","1","1","1","1","1","1","1","1",
"1535413102140064HC3.340300","공주시","A004","병원","1635413103140064SC0[14STD03220]","요양기관 현황[개]","개","2","2","2","2","2","2","2","2","2","2","1","1","1","1","1","1","0","0","0",
"1535413102140064HC3.340300","공주시","A005","요양병원","1635413103140064SC0[14STD03220]","요양기관 현황[개]","개","5","6","6","6","7","7","6","6","8","9","10","10","10","10","8","8","8","8","8",
"1535413102140064HC3.340300","공주시","A017","정신병원","1635413103140064SC0[14STD03220]","요양기관 현황[개]","개","","","","","","","","","","","","","","","3","3","3","4","4",
"1535413102140064HC3.340300","공주시","A006","의원","1635413103140064SC0[14STD03220]","요양기관 현황[개]","개","65","68","66","72","69","69","68","68","67","68","66","66","66","66","67","64","64","63","64",
"1535413102140064HC3.340400","보령시","A002","상급종합병원","1635413103140064SC0[14STD03220]","요양기관 현황[개]","개","0","0","0","0","0","0","0","0","0","0","0","0","0","0","0","0","0","0","0",
"1535413102140064HC3.340400","보령시","A003","종합병원","1635413103140064SC0[14STD03220]","요양기관 현황[개]","개","1","1","1","1","1","1","1","1","1","1","1","1","1","1","1","1","1","1","1",
"1535413102140064HC3.340400","보령시","A004","병원","1635413103140064SC0[14STD03220]","요양기관 현황[개]","개","2","3","3","4","4","4","4","4","4","4","3","2","1","2","2","2","2","2","2",
"1535413102140064HC3.340400","보령시","A005","요양병원","1635413103140064SC0[14STD03220]","요양기관 현황[개]","개","1","2","2","3","3","3","3","3","3","3","4","4","4","4","2","2","2","2","2",
"1535413102140064HC3.340400","보령시","A017","정신병원","1635413103140064SC0[14STD03220]","요양기관 현황[개]","개","","","","","","","","","","","","","","","1","1","1","1","1",
"1535413102140064HC3.340400","보령시","A006","의원","1635413103140064SC0[14STD03220]","요양기관 현황[개]","개","53","50","47","51","54","55","57","56","55","54","55","53","54","56","55","55","55","56","56",
"1535413102140064HC3.340500","아산시","A002","상급종합병원","1635413103140064SC0[14STD03220]","요양기관 현황[개]","개","0","0","0","0","0","0","0","0","0","0","0","0","0","0","0","0","0","0","0",
"1535413102140064HC3.340500","아산시","A003","종합병원","1635413103140064SC0[14STD03220]","요양기관 현황[개]","개","0","0","0","0","0","0","0","0","1","1","1","1","1","1","1","1","1","1","1",
"1535413102140064HC3.340500","아산시","A004","병원","1635413103140064SC0[14STD03220]","요양기관 현황[개]","개","6","5","6","8","7","7","7","7","7","9","6","8","9","8","6","7","7","8","9",
"1535413102140064HC3.340500","아산시","A005","요양병원","1635413103140064SC0[14STD03220]","요양기관 현황[개]","개","0","2","3","3","3","4","5","8","9","9","12","11","10","10","7","7","7","7","6",
"1535413102140064HC3.340500","아산시","A017","정신병원","1635413103140064SC0[14STD03220]","요양기관 현황[개]","개","","","","","","","","","","","","","","","2","3","3","2","2",
"1535413102140064HC3.340500","아산시","A006","의원","1635413103140064SC0[14STD03220]","요양기관 현황[개]","개","85","90","97","98","102","109","114","123","122","126","136","135","139","136","138","139","147","154","167",
"1535413102140064HC3.340600","서산시","A002","상급종합병원","1635413103140064SC0[14STD03220]","요양기관 현황[개]","개","0","0","0","0","0","0","0","0","0","0","0","0","0","0","0","0","0","0","0",
"1535413102140064HC3.340600","서산시","A003","종합병원","1635413103140064SC0[14STD03220]","요양기관 현황[개]","개","2","2","2","2","2","2","2","2","2","2","2","2","2","2","2","2","2","2","2",
"1535413102140064HC3.340600","서산시","A004","병원","1635413103140064SC0[14STD03220]","요양기관 현황[개]","개","0","0","0","0","0","0","0","0","0","0","0","0","0","0","0","0","1","1","1",
"1535413102140064HC3.340600","서산시","A005","요양병원","1635413103140064SC0[14STD03220]","요양기관 현황[개]","개","0","0","1","1","1","1","2","2","2","2","2","2","2","2","1","1","1","1","1",
"1535413102140064HC3.340600","서산시","A017","정신병원","1635413103140064SC0[14STD03220]","요양기관 현황[개]","개","","","","","","","","","","","","","","","0","0","0","0","0",
"1535413102140064HC3.340600","서산시","A006","의원","1635413103140064SC0[14STD03220]","요양기관 현황[개]","개","69","69","74","74","73","67","67","69","71","72","70","72","76","77","79","82","84","83","86",
"1535413102140064HC3.340700","논산시","A002","상급종합병원","1635413103140064SC0[14STD03220]","요양기관 현황[개]","개","0","0","0","0","0","0","0","0","0","0","0","0","0","0","0","0","0","0","0",
"1535413102140064HC3.340700","논산시","A003","종합병원","1635413103140064SC0[14STD03220]","요양기관 현황[개]","개","1","1","1","1","1","1","1","1","1","1","1","1","1","1","1","1","1","1","1",
"1535413102140064HC3.340700","논산시","A004","병원","1635413103140064SC0[14STD03220]","요양기관 현황[개]","개","1","1","1","2","2","2","2","2","3","3","2","2","2","2","2","2","2","2","2",
"1535413102140064HC3.340700","논산시","A005","요양병원","1635413103140064SC0[14STD03220]","요양기관 현황[개]","개","2","4","7","7","7","8","8","11","12","12","12","12","12","12","10","10","10","10","10",
"1535413102140064HC3.340700","논산시","A017","정신병원","1635413103140064SC0[14STD03220]","요양기관 현황[개]","개","","","","","","","","","","","","","","","1","1","1","1","1",
"1535413102140064HC3.340700","논산시","A006","의원","1635413103140064SC0[14STD03220]","요양기관 현황[개]","개","81","80","76","77","78","78","79","77","76","78","79","80","80","75","77","77","78","75","75",
"1535413102140064HC3.340800","계룡시","A002","상급종합병원","1635413103140064SC0[14STD03220]","요양기관 현황[개]","개","0","0","0","0","0","0","0","0","0","0","0","0","0","0","0","0","0","0","0",
"1535413102140064HC3.340800","계룡시","A003","종합병원","1635413103140064SC0[14STD03220]","요양기관 현황[개]","개","0","0","0","0","0","0","0","0","0","0","0","0","0","0","0","0","0","0","0",
"1535413102140064HC3.340800","계룡시","A004","병원","1635413103140064SC0[14STD03220]","요양기관 현황[개]","개","1","1","1","1","2","2","2","2","2","2","2","2","2","1","1","1","1","1","1",
"1535413102140064HC3.340800","계룡시","A005","요양병원","1635413103140064SC0[14STD03220]","요양기관 현황[개]","개","0","0","0","0","0","0","0","0","0","0","1","1","1","1","1","1","1","1","1",
"1535413102140064HC3.340800","계룡시","A017","정신병원","1635413103140064SC0[14STD03220]","요양기관 현황[개]","개","","","","","","","","","","","","","","","0","0","0","0","0",
"1535413102140064HC3.340800","계룡시","A006","의원","1635413103140064SC0[14STD03220]","요양기관 현황[개]","개","15","16","16","16","16","17","17","17","17","17","17","17","17","18","20","20","21","23","23",
"1535413102140064HC3.35","전북","A002","상급종합병원","1635413103140064SC0[14STD03220]","요양기관 현황[개]","개","2","2","2","2","2","2","2","2","2","2","2","2","2","2","2","2","2","2","2",
"1535413102140064HC3.35","전북","A003","종합병원","1635413103140064SC0[14STD03220]","요양기관 현황[개]","개","9","12","12","12","12","11","11","11","11","11","11","11","11","11","11","12","12","11","11",
"1535413102140064HC3.35","전북","A004","병원","1635413103140064SC0[14STD03220]","요양기관 현황[개]","개","49","52","57","65","66","71","71","77","75","80","80","78","77","74","66","62","60","60","56",
"1535413102140064HC3.35","전북","A005","요양병원","1635413103140064SC0[14STD03220]","요양기관 현황[개]","개","31","46","57","59","63","65","73","81","82","82","84","84","84","84","83","84","83","74","74",
"1535413102140064HC3.35","전북","A017","정신병원","1635413103140064SC0[14STD03220]","요양기관 현황[개]","개","","","","","","","","","","","","","","","7","11","10","11","11",
"1535413102140064HC3.35","전북","A006","의원","1635413103140064SC0[14STD03220]","요양기관 현황[개]","개","1023","1017","1028","1036","1061","1076","1089","1084","1090","1104","1132","1146","1157","1159","1178","1182","1202","1220","1230",
"1535413102140064HC3.350001","고창군","A002","상급종합병원","1635413103140064SC0[14STD03220]","요양기관 현황[개]","개","0","0","0","0","0","0","0","0","0","0","0","0","0","0","0","0","0","0","0",
"1535413102140064HC3.350001","고창군","A003","종합병원","1635413103140064SC0[14STD03220]","요양기관 현황[개]","개","1","1","1","1","1","1","1","1","1","1","1","1","1","1","1","1","1","1","1",
"1535413102140064HC3.350001","고창군","A004","병원","1635413103140064SC0[14STD03220]","요양기관 현황[개]","개","1","1","1","0","1","1","1","0","0","1","1","1","1","1","1","1","1","1","1",
"1535413102140064HC3.350001","고창군","A005","요양병원","1635413103140064SC0[14STD03220]","요양기관 현황[개]","개","3","3","3","4","4","4","4","5","5","5","5","5","5","5","5","5","5","5","5",
"1535413102140064HC3.350001","고창군","A017","정신병원","1635413103140064SC0[14STD03220]","요양기관 현황[개]","개","","","","","","","","","","","","","","","0","0","0","0","0",
"1535413102140064HC3.350001","고창군","A006","의원","1635413103140064SC0[14STD03220]","요양기관 현황[개]","개","27","27","30","31","31","33","33","33","32","31","32","33","31","31","31","30","30","29","28",
"1535413102140064HC3.350004","무주군","A002","상급종합병원","1635413103140064SC0[14STD03220]","요양기관 현황[개]","개","0","0","0","0","0","0","0","0","0","0","0","0","0","0","0","0","0","0","0",
"1535413102140064HC3.350004","무주군","A003","종합병원","1635413103140064SC0[14STD03220]","요양기관 현황[개]","개","0","0","0","0","0","0","0","0","0","0","0","0","0","0","0","0","0","0","0",
"1535413102140064HC3.350004","무주군","A004","병원","1635413103140064SC0[14STD03220]","요양기관 현황[개]","개","0","0","0","0","0","0","0","0","0","0","0","0","0","0","0","0","0","0","0",
"1535413102140064HC3.350004","무주군","A005","요양병원","1635413103140064SC0[14STD03220]","요양기관 현황[개]","개","0","1","1","1","1","1","1","1","1","1","1","1","0","0","0","0","0","0","0",
"1535413102140064HC3.350004","무주군","A017","정신병원","1635413103140064SC0[14STD03220]","요양기관 현황[개]","개","","","","","","","","","","","","","","","0","0","0","0","0",
"1535413102140064HC3.350004","무주군","A006","의원","1635413103140064SC0[14STD03220]","요양기관 현황[개]","개","10","10","12","13","13","13","13","12","13","12","13","13","13","12","11","11","11","11","10",
"1535413102140064HC3.350005","부안군","A002","상급종합병원","1635413103140064SC0[14STD03220]","요양기관 현황[개]","개","0","0","0","0","0","0","0","0","0","0","0","0","0","0","0","0","0","0","0",
"1535413102140064HC3.350005","부안군","A003","종합병원","1635413103140064SC0[14STD03220]","요양기관 현황[개]","개","0","1","1","1","1","1","1","1","1","1","1","1","1","1","1","1","1","1","1",
"1535413102140064HC3.350005","부안군","A004","병원","1635413103140064SC0[14STD03220]","요양기관 현황[개]","개","3","1","2","2","2","2","2","3","4","5","5","5","4","5","4","4","4","4","4",
"1535413102140064HC3.350005","부안군","A005","요양병원","1635413103140064SC0[14STD03220]","요양기관 현황[개]","개","0","2","2","2","2","2","2","2","2","2","2","2","2","2","2","2","2","2","2",
"1535413102140064HC3.350005","부안군","A017","정신병원","1635413103140064SC0[14STD03220]","요양기관 현황[개]","개","","","","","","","","","","","","","","","0","0","0","0","0",
"1535413102140064HC3.350005","부안군","A006","의원","1635413103140064SC0[14STD03220]","요양기관 현황[개]","개","32","32","32","30","29","30","29","27","25","26","27","27","26","25","25","25","25","24","25",
"1535413102140064HC3.350006","순창군","A002","상급종합병원","1635413103140064SC0[14STD03220]","요양기관 현황[개]","개","0","0","0","0","0","0","0","0","0","0","0","0","0","0","0","0","0","0","0",
"1535413102140064HC3.350006","순창군","A003","종합병원","1635413103140064SC0[14STD03220]","요양기관 현황[개]","개","0","0","0","0","0","0","0","0","0","0","0","0","0","0","0","0","0","0","0",
"1535413102140064HC3.350006","순창군","A004","병원","1635413103140064SC0[14STD03220]","요양기관 현황[개]","개","0","0","0","1","1","1","1","1","1","1","1","1","1","1","1","1","1","1","1",
"1535413102140064HC3.350006","순창군","A005","요양병원","1635413103140064SC0[14STD03220]","요양기관 현황[개]","개","1","1","1","1","1","1","1","1","1","1","1","1","1","1","2","2","2","2","2",
"1535413102140064HC3.350006","순창군","A017","정신병원","1635413103140064SC0[14STD03220]","요양기관 현황[개]","개","","","","","","","","","","","","","","","0","0","0","0","0",
"1535413102140064HC3.350006","순창군","A006","의원","1635413103140064SC0[14STD03220]","요양기관 현황[개]","개","16","14","16","16","16","16","16","14","15","17","17","15","16","17","17","16","15","16","16",
"1535413102140064HC3.350008","완주군","A002","상급종합병원","1635413103140064SC0[14STD03220]","요양기관 현황[개]","개","0","0","0","0","0","0","0","0","0","0","0","0","0","0","0","0","0","0","0",
"1535413102140064HC3.350008","완주군","A003","종합병원","1635413103140064SC0[14STD03220]","요양기관 현황[개]","개","0","0","0","0","0","0","0","0","0","0","0","0","0","0","0","0","0","0","0",
"1535413102140064HC3.350008","완주군","A004","병원","1635413103140064SC0[14STD03220]","요양기관 현황[개]","개","3","4","4","4","3","4","3","3","3","3","3","4","4","4","3","2","2","2","2",
"1535413102140064HC3.350008","완주군","A005","요양병원","1635413103140064SC0[14STD03220]","요양기관 현황[개]","개","3","4","5","5","5","6","7","7","7","7","7","7","7","6","6","6","6","5","5",
"1535413102140064HC3.350008","완주군","A017","정신병원","1635413103140064SC0[14STD03220]","요양기관 현황[개]","개","","","","","","","","","","","","","","","1","2","2","3","3",
"1535413102140064HC3.350008","완주군","A006","의원","1635413103140064SC0[14STD03220]","요양기관 현황[개]","개","28","30","30","35","32","36","36","36","40","47","50","49","49","51","50","48","50","54","54",
"1535413102140064HC3.350010","임실군","A002","상급종합병원","1635413103140064SC0[14STD03220]","요양기관 현황[개]","개","0","0","0","0","0","0","0","0","0","0","0","0","0","0","0","0","0","0","0",
"1535413102140064HC3.350010","임실군","A003","종합병원","1635413103140064SC0[14STD03220]","요양기관 현황[개]","개","0","0","0","0","0","0","0","0","0","0","0","0","0","0","0","0","0","0","0",
"1535413102140064HC3.350010","임실군","A004","병원","1635413103140064SC0[14STD03220]","요양기관 현황[개]","개","0","0","1","1","1","1","1","1","1","1","1","1","1","1","1","1","1","1","0",
"1535413102140064HC3.350010","임실군","A005","요양병원","1635413103140064SC0[14STD03220]","요양기관 현황[개]","개","0","1","1","0","0","1","1","1","1","1","2","2","2","2","1","1","1","1","1",
"1535413102140064HC3.350010","임실군","A017","정신병원","1635413103140064SC0[14STD03220]","요양기관 현황[개]","개","","","","","","","","","","","","","","","1","1","1","1","1",
"1535413102140064HC3.350010","임실군","A006","의원","1635413103140064SC0[14STD03220]","요양기관 현황[개]","개","15","15","14","13","13","14","14","14","14","14","14","14","15","15","15","14","14","15","14",
"1535413102140064HC3.350011","장수군","A002","상급종합병원","1635413103140064SC0[14STD03220]","요양기관 현황[개]","개","0","0","0","0","0","0","0","0","0","0","0","0","0","0","0","0","0","0","0",
"1535413102140064HC3.350011","장수군","A003","종합병원","1635413103140064SC0[14STD03220]","요양기관 현황[개]","개","0","0","0","0","0","0","0","0","0","0","0","0","0","0","0","0","0","0","0",
"1535413102140064HC3.350011","장수군","A004","병원","1635413103140064SC0[14STD03220]","요양기관 현황[개]","개","0","0","0","0","0","0","0","0","0","0","0","0","0","0","0","0","0","0","0",
"1535413102140064HC3.350011","장수군","A005","요양병원","1635413103140064SC0[14STD03220]","요양기관 현황[개]","개","0","0","0","0","0","0","0","0","0","0","0","0","0","0","0","0","0","0","0",
"1535413102140064HC3.350011","장수군","A017","정신병원","1635413103140064SC0[14STD03220]","요양기관 현황[개]","개","","","","","","","","","","","","","","","0","0","0","0","0",
"1535413102140064HC3.350011","장수군","A006","의원","1635413103140064SC0[14STD03220]","요양기관 현황[개]","개","9","8","8","8","8","8","8","8","7","8","9","9","9","8","8","8","8","7","7",
"1535413102140064HC3.350013","진안군","A002","상급종합병원","1635413103140064SC0[14STD03220]","요양기관 현황[개]","개","0","0","0","0","0","0","0","0","0","0","0","0","0","0","0","0","0","0","0",
"1535413102140064HC3.350013","진안군","A003","종합병원","1635413103140064SC0[14STD03220]","요양기관 현황[개]","개","0","0","0","0","0","0","0","0","0","0","0","0","0","0","0","0","0","0","0",
"1535413102140064HC3.350013","진안군","A004","병원","1635413103140064SC0[14STD03220]","요양기관 현황[개]","개","1","1","1","1","1","1","1","1","1","2","2","2","2","2","2","2","2","2","2",
"1535413102140064HC3.350013","진안군","A005","요양병원","1635413103140064SC0[14STD03220]","요양기관 현황[개]","개","0","0","0","0","0","0","0","0","0","0","0","0","0","0","0","0","0","0","0",
"1535413102140064HC3.350013","진안군","A017","정신병원","1635413103140064SC0[14STD03220]","요양기관 현황[개]","개","","","","","","","","","","","","","","","0","0","0","0","0",
"1535413102140064HC3.350013","진안군","A006","의원","1635413103140064SC0[14STD03220]","요양기관 현황[개]","개","11","11","12","11","12","12","13","13","13","12","12","11","11","11","11","10","10","10","10",
"1535413102140064HC3.350100","군산시","A002","상급종합병원","1635413103140064SC0[14STD03220]","요양기관 현황[개]","개","0","0","0","0","0","0","0","0","0","0","0","0","0","0","0","0","0","0","0",
"1535413102140064HC3.350100","군산시","A003","종합병원","1635413103140064SC0[14STD03220]","요양기관 현황[개]","개","1","2","2","2","2","2","2","2","2","2","2","2","2","2","2","2","2","2","2",
"1535413102140064HC3.350100","군산시","A004","병원","1635413103140064SC0[14STD03220]","요양기관 현황[개]","개","3","2","3","4","4","6","6","7","7","8","8","5","6","6","7","7","7","7","7",
"1535413102140064HC3.350100","군산시","A005","요양병원","1635413103140064SC0[14STD03220]","요양기관 현황[개]","개","6","6","9","7","7","7","8","7","9","9","8","7","8","9","9","9","9","9","8",
"1535413102140064HC3.350100","군산시","A017","정신병원","1635413103140064SC0[14STD03220]","요양기관 현황[개]","개","","","","","","","","","","","","","","","0","0","0","0","0",
"1535413102140064HC3.350100","군산시","A006","의원","1635413103140064SC0[14STD03220]","요양기관 현황[개]","개","142","145","146","148","155","154","158","155","156","154","157","161","159","159","160","161","162","165","169",
"1535413102140064HC3.350200","남원시","A002","상급종합병원","1635413103140064SC0[14STD03220]","요양기관 현황[개]","개","0","0","0","0","0","0","0","0","0","0","0","0","0","0","0","0","0","0","0",
"1535413102140064HC3.350200","남원시","A003","종합병원","1635413103140064SC0[14STD03220]","요양기관 현황[개]","개","1","2","2","2","2","2","2","2","2","1","1","1","1","1","1","1","1","1","1",
"1535413102140064HC3.350200","남원시","A004","병원","1635413103140064SC0[14STD03220]","요양기관 현황[개]","개","3","3","3","3","2","2","2","2","2","2","2","2","2","2","1","1","1","1","1",
"1535413102140064HC3.350200","남원시","A005","요양병원","1635413103140064SC0[14STD03220]","요양기관 현황[개]","개","1","2","2","3","3","3","3","4","4","4","4","4","4","4","4","4","4","4","4",
"1535413102140064HC3.350200","남원시","A017","정신병원","1635413103140064SC0[14STD03220]","요양기관 현황[개]","개","","","","","","","","","","","","","","","1","1","1","1","1",
"1535413102140064HC3.350200","남원시","A006","의원","1635413103140064SC0[14STD03220]","요양기관 현황[개]","개","51","50","55","56","58","57","58","59","59","58","58","58","57","58","59","58","57","55","57",
"1535413102140064HC3.350300","익산시","A002","상급종합병원","1635413103140064SC0[14STD03220]","요양기관 현황[개]","개","1","1","1","1","1","1","1","1","1","1","1","1","1","1","1","1","1","1","1",
"1535413102140064HC3.350300","익산시","A003","종합병원","1635413103140064SC0[14STD03220]","요양기관 현황[개]","개","1","1","1","1","1","1","1","1","1","1","1","1","1","1","1","1","1","1","1",
"1535413102140064HC3.350300","익산시","A004","병원","1635413103140064SC0[14STD03220]","요양기관 현황[개]","개","6","7","8","9","8","7","6","7","6","7","7","7","7","8","8","7","7","6","6",
"1535413102140064HC3.350300","익산시","A005","요양병원","1635413103140064SC0[14STD03220]","요양기관 현황[개]","개","5","8","9","10","10","9","11","12","13","13","12","12","12","11","11","11","11","8","8",
"1535413102140064HC3.350300","익산시","A017","정신병원","1635413103140064SC0[14STD03220]","요양기관 현황[개]","개","","","","","","","","","","","","","","","0","0","0","0","0",
"1535413102140064HC3.350300","익산시","A006","의원","1635413103140064SC0[14STD03220]","요양기관 현황[개]","개","157","158","155","152","155","156","162","159","159","162","168","169","170","171","170","170","173","177","177",
"1535413102140064HC3.350401","전주시 완산구","A002","상급종합병원","1635413103140064SC0[14STD03220]","요양기관 현황[개]","개","0","0","0","0","0","0","0","0","0","0","0","0","0","0","0","0","0","0","0",
"1535413102140064HC3.350401","전주시 완산구","A003","종합병원","1635413103140064SC0[14STD03220]","요양기관 현황[개]","개","2","2","2","2","2","2","2","2","2","2","2","2","2","2","2","3","3","2","2",
"1535413102140064HC3.350401","전주시 완산구","A004","병원","1635413103140064SC0[14STD03220]","요양기관 현황[개]","개","11","12","14","18","19","21","23","27","25","28","27","27","28","26","25","25","22","22","20",
"1535413102140064HC3.350401","전주시 완산구","A005","요양병원","1635413103140064SC0[14STD03220]","요양기관 현황[개]","개","5","8","10","11","15","14","15","17","18","17","18","16","17","18","18","18","18","17","17",
"1535413102140064HC3.350401","전주시 완산구","A017","정신병원","1635413103140064SC0[14STD03220]","요양기관 현황[개]","개","","","","","","","","","","","","","","","0","0","0","0","0",
"1535413102140064HC3.350401","전주시 완산구","A006","의원","1635413103140064SC0[14STD03220]","요양기관 현황[개]","개","241","237","234","232","243","246","243","253","254","260","263","267","263","265","276","278","291","300","302",
"1535413102140064HC3.350402","전주시 덕진구","A002","상급종합병원","1635413103140064SC0[14STD03220]","요양기관 현황[개]","개","1","1","1","1","1","1","1","1","1","1","1","1","1","1","1","1","1","1","1",
"1535413102140064HC3.350402","전주시 덕진구","A003","종합병원","1635413103140064SC0[14STD03220]","요양기관 현황[개]","개","1","1","1","1","1","1","1","1","1","2","2","2","2","2","2","2","2","2","2",
"1535413102140064HC3.350402","전주시 덕진구","A004","병원","1635413103140064SC0[14STD03220]","요양기관 현황[개]","개","9","12","12","12","12","11","12","12","11","9","10","10","8","6","5","4","4","5","5",
"1535413102140064HC3.350402","전주시 덕진구","A005","요양병원","1635413103140064SC0[14STD03220]","요양기관 현황[개]","개","6","8","8","8","8","10","12","15","14","14","15","18","17","17","16","17","16","14","15",
"1535413102140064HC3.350402","전주시 덕진구","A017","정신병원","1635413103140064SC0[14STD03220]","요양기관 현황[개]","개","","","","","","","","","","","","","","","0","1","0","0","0",
"1535413102140064HC3.350402","전주시 덕진구","A006","의원","1635413103140064SC0[14STD03220]","요양기관 현황[개]","개","163","157","165","173","176","178","180","177","178","179","184","193","210","209","215","225","230","234","235",
"1535413102140064HC3.350500","정읍시","A002","상급종합병원","1635413103140064SC0[14STD03220]","요양기관 현황[개]","개","0","0","0","0","0","0","0","0","0","0","0","0","0","0","0","0","0","0","0",
"1535413102140064HC3.350500","정읍시","A003","종합병원","1635413103140064SC0[14STD03220]","요양기관 현황[개]","개","1","1","1","1","1","1","1","1","1","1","1","1","1","1","1","1","1","1","1",
"1535413102140064HC3.350500","정읍시","A004","병원","1635413103140064SC0[14STD03220]","요양기관 현황[개]","개","5","5","5","5","6","6","6","6","6","5","5","5","4","4","4","3","4","4","4",
"1535413102140064HC3.350500","정읍시","A005","요양병원","1635413103140064SC0[14STD03220]","요양기관 현황[개]","개","1","2","3","3","3","3","3","3","3","4","5","5","5","5","5","5","5","4","4",
"1535413102140064HC3.350500","정읍시","A017","정신병원","1635413103140064SC0[14STD03220]","요양기관 현황[개]","개","","","","","","","","","","","","","","","0","1","1","1","1",
"1535413102140064HC3.350500","정읍시","A006","의원","1635413103140064SC0[14STD03220]","요양기관 현황[개]","개","72","73","70","68","71","71","72","71","72","71","74","75","76","76","77","75","73","72","76",
"1535413102140064HC3.350600","김제시","A002","상급종합병원","1635413103140064SC0[14STD03220]","요양기관 현황[개]","개","0","0","0","0","0","0","0","0","0","0","0","0","0","0","0","0","0","0","0",
"1535413102140064HC3.350600","김제시","A003","종합병원","1635413103140064SC0[14STD03220]","요양기관 현황[개]","개","1","1","1","1","1","0","0","0","0","0","0","0","0","0","0","0","0","0","0",
"1535413102140064HC3.350600","김제시","A004","병원","1635413103140064SC0[14STD03220]","요양기관 현황[개]","개","4","4","3","5","6","8","7","7","8","8","8","8","9","8","4","4","4","4","3",
"1535413102140064HC3.350600","김제시","A005","요양병원","1635413103140064SC0[14STD03220]","요양기관 현황[개]","개","0","0","3","4","4","4","5","6","4","4","4","4","4","4","4","4","4","3","3",
"1535413102140064HC3.350600","김제시","A017","정신병원","1635413103140064SC0[14STD03220]","요양기관 현황[개]","개","","","","","","","","","","","","","","","4","5","5","5","5",
"1535413102140064HC3.350600","김제시","A006","의원","1635413103140064SC0[14STD03220]","요양기관 현황[개]","개","49","50","49","50","49","52","54","53","53","53","54","52","52","51","53","53","53","51","50",
"1535413102140064HC3.36","전남","A002","상급종합병원","1635413103140064SC0[14STD03220]","요양기관 현황[개]","개","0","0","0","0","0","1","1","1","1","1","1","1","1","1","1","1","1","1","1",
"1535413102140064HC3.36","전남","A003","종합병원","1635413103140064SC0[14STD03220]","요양기관 현황[개]","개","19","19","19","19","20","21","21","21","22","22","22","22","22","22","22","25","25","25","25",
"1535413102140064HC3.36","전남","A004","병원","1635413103140064SC0[14STD03220]","요양기관 현황[개]","개","59","64","75","74","77","76","76","80","84","83","76","75","76","76","78","73","72","72","72",
"1535413102140064HC3.36","전남","A005","요양병원","1635413103140064SC0[14STD03220]","요양기관 현황[개]","개","16","28","30","38","43","45","57","59","65","69","78","81","84","91","82","83","82","79","78",
"1535413102140064HC3.36","전남","A017","정신병원","1635413103140064SC0[14STD03220]","요양기관 현황[개]","개","","","","","","","","","","","","","","","7","10","11","11","11",
"1535413102140064HC3.36","전남","A006","의원","1635413103140064SC0[14STD03220]","요양기관 현황[개]","개","859","860","878","888","886","889","891","894","898","907","925","935","946","940","950","957","971","966","967",
"1535413102140064HC3.360001","강진군","A002","상급종합병원","1635413103140064SC0[14STD03220]","요양기관 현황[개]","개","0","0","0","0","0","0","0","0","0","0","0","0","0","0","0","0","0","0","0",
"1535413102140064HC3.360001","강진군","A003","종합병원","1635413103140064SC0[14STD03220]","요양기관 현황[개]","개","1","1","0","0","0","0","0","0","0","0","0","0","0","0","0","0","0","0","0",
"1535413102140064HC3.360001","강진군","A004","병원","1635413103140064SC0[14STD03220]","요양기관 현황[개]","개","1","1","2","2","2","2","3","4","3","3","3","3","2","1","1","1","1","1","1",
"1535413102140064HC3.360001","강진군","A005","요양병원","1635413103140064SC0[14STD03220]","요양기관 현황[개]","개","0","0","0","0","0","0","0","0","0","0","1","1","1","1","1","1","1","1","1",
"1535413102140064HC3.360001","강진군","A017","정신병원","1635413103140064SC0[14STD03220]","요양기관 현황[개]","개","","","","","","","","","","","","","","","0","0","0","0","0",
"1535413102140064HC3.360001","강진군","A006","의원","1635413103140064SC0[14STD03220]","요양기관 현황[개]","개","17","18","16","17","18","17","18","18","19","19","19","19","20","20","21","20","20","20","20",
"1535413102140064HC3.360002","고흥군","A002","상급종합병원","1635413103140064SC0[14STD03220]","요양기관 현황[개]","개","0","0","0","0","0","0","0","0","0","0","0","0","0","0","0","0","0","0","0",
"1535413102140064HC3.360002","고흥군","A003","종합병원","1635413103140064SC0[14STD03220]","요양기관 현황[개]","개","1","1","2","2","2","2","2","2","2","2","2","2","1","1","1","1","1","1","1",
"1535413102140064HC3.360002","고흥군","A004","병원","1635413103140064SC0[14STD03220]","요양기관 현황[개]","개","3","3","2","2","2","2","2","2","2","2","2","2","3","3","3","3","3","3","3",
"1535413102140064HC3.360002","고흥군","A005","요양병원","1635413103140064SC0[14STD03220]","요양기관 현황[개]","개","0","1","1","1","1","1","1","1","1","1","1","1","1","1","1","1","1","1","1",
"1535413102140064HC3.360002","고흥군","A017","정신병원","1635413103140064SC0[14STD03220]","요양기관 현황[개]","개","","","","","","","","","","","","","","","0","0","0","0","0",
"1535413102140064HC3.360002","고흥군","A006","의원","1635413103140064SC0[14STD03220]","요양기관 현황[개]","개","32","33","33","32","33","33","33","34","36","36","33","34","34","32","32","34","34","33","32",
"1535413102140064HC3.360003","곡성군","A002","상급종합병원","1635413103140064SC0[14STD03220]","요양기관 현황[개]","개","0","0","0","0","0","0","0","0","0","0","0","0","0","0","0","0","0","0","0",
"1535413102140064HC3.360003","곡성군","A003","종합병원","1635413103140064SC0[14STD03220]","요양기관 현황[개]","개","0","0","0","0","0","0","0","0","0","0","0","0","0","0","0","0","0","0","0",
"1535413102140064HC3.360003","곡성군","A004","병원","1635413103140064SC0[14STD03220]","요양기관 현황[개]","개","1","1","1","1","1","1","1","1","1","1","1","1","1","1","1","1","1","1","1",
"1535413102140064HC3.360003","곡성군","A005","요양병원","1635413103140064SC0[14STD03220]","요양기관 현황[개]","개","0","0","0","1","1","1","2","2","2","2","2","2","2","2","1","1","1","1","1",
"1535413102140064HC3.360003","곡성군","A017","정신병원","1635413103140064SC0[14STD03220]","요양기관 현황[개]","개","","","","","","","","","","","","","","","0","0","0","0","0",
"1535413102140064HC3.360003","곡성군","A006","의원","1635413103140064SC0[14STD03220]","요양기관 현황[개]","개","16","16","14","15","16","15","15","15","14","13","14","14","15","14","14","13","13","13","13",
"1535413102140064HC3.360006","구례군","A002","상급종합병원","1635413103140064SC0[14STD03220]","요양기관 현황[개]","개","0","0","0","0","0","0","0","0","0","0","0","0","0","0","0","0","0","0","0",
"1535413102140064HC3.360006","구례군","A003","종합병원","1635413103140064SC0[14STD03220]","요양기관 현황[개]","개","0","0","0","0","0","0","0","0","0","0","0","0","0","0","0","0","0","0","0",
"1535413102140064HC3.360006","구례군","A004","병원","1635413103140064SC0[14STD03220]","요양기관 현황[개]","개","1","1","1","1","1","1","1","1","1","1","1","1","1","1","1","1","1","1","1",
"1535413102140064HC3.360006","구례군","A005","요양병원","1635413103140064SC0[14STD03220]","요양기관 현황[개]","개","1","2","2","3","3","3","3","3","3","3","3","3","3","3","3","3","3","2","2",
"1535413102140064HC3.360006","구례군","A017","정신병원","1635413103140064SC0[14STD03220]","요양기관 현황[개]","개","","","","","","","","","","","","","","","0","0","0","0","0",
"1535413102140064HC3.360006","구례군","A006","의원","1635413103140064SC0[14STD03220]","요양기관 현황[개]","개","10","9","9","10","10","11","10","10","10","10","10","10","10","10","10","10","10","11","12",
"1535413102140064HC3.360008","담양군","A002","상급종합병원","1635413103140064SC0[14STD03220]","요양기관 현황[개]","개","0","0","0","0","0","0","0","0","0","0","0","0","0","0","0","0","0","0","0",
"1535413102140064HC3.360008","담양군","A003","종합병원","1635413103140064SC0[14STD03220]","요양기관 현황[개]","개","0","0","0","0","0","0","0","0","0","0","0","0","0","0","0","0","0","0","0",
"1535413102140064HC3.360008","담양군","A004","병원","1635413103140064SC0[14STD03220]","요양기관 현황[개]","개","4","4","5","5","5","4","5","5","4","4","3","3","2","2","2","1","1","1","1",
"1535413102140064HC3.360008","담양군","A005","요양병원","1635413103140064SC0[14STD03220]","요양기관 현황[개]","개","0","0","1","1","2","3","3","3","4","4","5","5","6","7","6","6","6","5","4",
"1535413102140064HC3.360008","담양군","A017","정신병원","1635413103140064SC0[14STD03220]","요양기관 현황[개]","개","","","","","","","","","","","","","","","1","2","2","2","2",
"1535413102140064HC3.360008","담양군","A006","의원","1635413103140064SC0[14STD03220]","요양기관 현황[개]","개","25","24","25","26","25","23","23","22","24","23","22","22","21","22","22","23","24","25","25",
"1535413102140064HC3.360009","무안군","A002","상급종합병원","1635413103140064SC0[14STD03220]","요양기관 현황[개]","개","0","0","0","0","0","0","0","0","0","0","0","0","0","0","0","0","0","0","0",
"1535413102140064HC3.360009","무안군","A003","종합병원","1635413103140064SC0[14STD03220]","요양기관 현황[개]","개","1","1","1","1","1","1","1","1","1","1","1","1","1","1","1","1","1","1","1",
"1535413102140064HC3.360009","무안군","A004","병원","1635413103140064SC0[14STD03220]","요양기관 현황[개]","개","1","1","1","1","1","1","1","2","2","2","2","2","2","2","1","1","1","1","1",
"1535413102140064HC3.360009","무안군","A005","요양병원","1635413103140064SC0[14STD03220]","요양기관 현황[개]","개","1","1","1","1","1","1","1","1","1","1","2","3","3","4","4","4","4","4","4",
"1535413102140064HC3.360009","무안군","A017","정신병원","1635413103140064SC0[14STD03220]","요양기관 현황[개]","개","","","","","","","","","","","","","","","0","0","0","0","0",
"1535413102140064HC3.360009","무안군","A006","의원","1635413103140064SC0[14STD03220]","요양기관 현황[개]","개","28","29","30","31","32","33","38","42","43","43","42","43","43","43","44","48","54","52","50",
"1535413102140064HC3.360010","보성군","A002","상급종합병원","1635413103140064SC0[14STD03220]","요양기관 현황[개]","개","0","0","0","0","0","0","0","0","0","0","0","0","0","0","0","0","0","0","0",
"1535413102140064HC3.360010","보성군","A003","종합병원","1635413103140064SC0[14STD03220]","요양기관 현황[개]","개","0","0","0","0","0","0","0","0","0","0","0","0","0","0","0","0","0","0","0",
"1535413102140064HC3.360010","보성군","A004","병원","1635413103140064SC0[14STD03220]","요양기관 현황[개]","개","2","2","2","2","2","2","2","2","2","2","2","2","2","2","2","2","2","2","2",
"1535413102140064HC3.360010","보성군","A005","요양병원","1635413103140064SC0[14STD03220]","요양기관 현황[개]","개","0","1","1","1","1","1","3","3","4","4","4","4","4","4","4","4","3","3","3",
"1535413102140064HC3.360010","보성군","A017","정신병원","1635413103140064SC0[14STD03220]","요양기관 현황[개]","개","","","","","","","","","","","","","","","0","0","1","1","1",
"1535413102140064HC3.360010","보성군","A006","의원","1635413103140064SC0[14STD03220]","요양기관 현황[개]","개","25","25","25","26","26","24","25","25","22","21","22","24","24","23","24","24","24","21","20",
"1535413102140064HC3.360012","신안군","A002","상급종합병원","1635413103140064SC0[14STD03220]","요양기관 현황[개]","개","0","0","0","0","0","0","0","0","0","0","0","0","0","0","0","0","0","0","0",
"1535413102140064HC3.360012","신안군","A003","종합병원","1635413103140064SC0[14STD03220]","요양기관 현황[개]","개","0","0","0","0","0","0","0","0","0","0","0","0","0","0","0","0","0","0","0",
"1535413102140064HC3.360012","신안군","A004","병원","1635413103140064SC0[14STD03220]","요양기관 현황[개]","개","1","2","2","2","2","2","2","2","3","3","2","2","2","2","2","2","2","2","2",
"1535413102140064HC3.360012","신안군","A005","요양병원","1635413103140064SC0[14STD03220]","요양기관 현황[개]","개","0","0","0","0","1","1","1","1","1","1","1","1","2","2","2","2","2","2","2",
"1535413102140064HC3.360012","신안군","A017","정신병원","1635413103140064SC0[14STD03220]","요양기관 현황[개]","개","","","","","","","","","","","","","","","0","0","0","0","0",
"1535413102140064HC3.360012","신안군","A006","의원","1635413103140064SC0[14STD03220]","요양기관 현황[개]","개","10","9","10","9","10","12","10","11","11","11","12","12","13","12","12","12","11","11","11",
"1535413102140064HC3.360014","영광군","A002","상급종합병원","1635413103140064SC0[14STD03220]","요양기관 현황[개]","개","0","0","0","0","0","0","0","0","0","0","0","0","0","0","0","0","0","0","0",
"1535413102140064HC3.360014","영광군","A003","종합병원","1635413103140064SC0[14STD03220]","요양기관 현황[개]","개","1","1","1","1","1","1","1","1","2","2","2","2","2","2","2","2","2","2","2",
"1535413102140064HC3.360014","영광군","A004","병원","1635413103140064SC0[14STD03220]","요양기관 현황[개]","개","2","2","2","2","2","2","2","2","1","1","0","0","0","0","0","0","0","0","0",
"1535413102140064HC3.360014","영광군","A005","요양병원","1635413103140064SC0[14STD03220]","요양기관 현황[개]","개","1","1","1","1","1","1","1","1","1","1","2","2","2","2","1","1","1","1","1",
"1535413102140064HC3.360014","영광군","A017","정신병원","1635413103140064SC0[14STD03220]","요양기관 현황[개]","개","","","","","","","","","","","","","","","1","1","1","1","1",
"1535413102140064HC3.360014","영광군","A006","의원","1635413103140064SC0[14STD03220]","요양기관 현황[개]","개","32","31","31","32","32","33","33","32","33","34","34","33","32","32","32","32","34","32","34",
"1535413102140064HC3.360015","영암군","A002","상급종합병원","1635413103140064SC0[14STD03220]","요양기관 현황[개]","개","0","0","0","0","0","0","0","0","0","0","0","0","0","0","0","0","0","0","0",
"1535413102140064HC3.360015","영암군","A003","종합병원","1635413103140064SC0[14STD03220]","요양기관 현황[개]","개","0","0","0","0","0","0","0","0","0","0","0","0","0","0","0","0","0","0","0",
"1535413102140064HC3.360015","영암군","A004","병원","1635413103140064SC0[14STD03220]","요양기관 현황[개]","개","1","1","2","2","3","3","3","3","3","2","2","2","2","2","2","2","2","2","2",
"1535413102140064HC3.360015","영암군","A005","요양병원","1635413103140064SC0[14STD03220]","요양기관 현황[개]","개","0","1","1","1","1","1","2","2","2","2","2","2","2","2","2","1","1","1","1",
"1535413102140064HC3.360015","영암군","A017","정신병원","1635413103140064SC0[14STD03220]","요양기관 현황[개]","개","","","","","","","","","","","","","","","0","0","0","0","0",
"1535413102140064HC3.360015","영암군","A006","의원","1635413103140064SC0[14STD03220]","요양기관 현황[개]","개","22","21","23","25","23","22","22","21","22","24","23","23","23","23","24","24","26","26","24",
"1535413102140064HC3.360016","완도군","A002","상급종합병원","1635413103140064SC0[14STD03220]","요양기관 현황[개]","개","0","0","0","0","0","0","0","0","0","0","0","0","0","0","0","0","0","0","0",
"1535413102140064HC3.360016","완도군","A003","종합병원","1635413103140064SC0[14STD03220]","요양기관 현황[개]","개","0","0","0","0","0","0","0","0","0","0","0","0","0","0","0","0","0","0","0",
"1535413102140064HC3.360016","완도군","A004","병원","1635413103140064SC0[14STD03220]","요양기관 현황[개]","개","2","1","1","1","1","1","1","1","1","1","1","1","1","1","1","1","1","1","1",
"1535413102140064HC3.360016","완도군","A005","요양병원","1635413103140064SC0[14STD03220]","요양기관 현황[개]","개","0","0","0","0","0","0","0","0","0","0","0","0","0","0","0","0","0","0","0",
"1535413102140064HC3.360016","완도군","A017","정신병원","1635413103140064SC0[14STD03220]","요양기관 현황[개]","개","","","","","","","","","","","","","","","0","0","0","0","0",
"1535413102140064HC3.360016","완도군","A006","의원","1635413103140064SC0[14STD03220]","요양기관 현황[개]","개","19","19","18","22","22","23","25","24","23","24","24","24","26","24","23","21","22","22","22",
"1535413102140064HC3.360017","장성군","A002","상급종합병원","1635413103140064SC0[14STD03220]","요양기관 현황[개]","개","0","0","0","0","0","0","0","0","0","0","0","0","0","0","0","0","0","0","0",
"1535413102140064HC3.360017","장성군","A003","종합병원","1635413103140064SC0[14STD03220]","요양기관 현황[개]","개","0","0","0","0","0","0","0","0","0","0","0","0","0","0","0","0","0","0","0",
"1535413102140064HC3.360017","장성군","A004","병원","1635413103140064SC0[14STD03220]","요양기관 현황[개]","개","2","3","4","3","3","3","2","2","2","2","2","2","2","2","2","2","2","2","2",
"1535413102140064HC3.360017","장성군","A005","요양병원","1635413103140064SC0[14STD03220]","요양기관 현황[개]","개","0","1","2","3","3","3","3","3","3","3","2","2","2","2","2","2","2","2","2",
"1535413102140064HC3.360017","장성군","A017","정신병원","1635413103140064SC0[14STD03220]","요양기관 현황[개]","개","","","","","","","","","","","","","","","0","0","0","0","0",
"1535413102140064HC3.360017","장성군","A006","의원","1635413103140064SC0[14STD03220]","요양기관 현황[개]","개","19","20","19","19","21","20","20","19","18","18","18","18","19","19","19","18","16","16","16",
"1535413102140064HC3.360018","장흥군","A002","상급종합병원","1635413103140064SC0[14STD03220]","요양기관 현황[개]","개","0","0","0","0","0","0","0","0","0","0","0","0","0","0","0","0","0","0","0",
"1535413102140064HC3.360018","장흥군","A003","종합병원","1635413103140064SC0[14STD03220]","요양기관 현황[개]","개","1","1","1","1","1","1","1","1","1","1","1","1","1","1","1","1","1","1","1",
"1535413102140064HC3.360018","장흥군","A004","병원","1635413103140064SC0[14STD03220]","요양기관 현황[개]","개","1","1","1","1","1","1","1","1","1","1","1","1","1","1","2","2","2","2","2",
"1535413102140064HC3.360018","장흥군","A005","요양병원","1635413103140064SC0[14STD03220]","요양기관 현황[개]","개","0","0","0","0","0","0","0","0","0","0","0","0","1","1","1","1","1","1","1",
"1535413102140064HC3.360018","장흥군","A017","정신병원","1635413103140064SC0[14STD03220]","요양기관 현황[개]","개","","","","","","","","","","","","","","","0","0","0","0","0",
"1535413102140064HC3.360018","장흥군","A006","의원","1635413103140064SC0[14STD03220]","요양기관 현황[개]","개","22","24","25","25","25","23","24","24","24","22","23","26","25","23","24","24","22","22","23",
"1535413102140064HC3.360019","진도군","A002","상급종합병원","1635413103140064SC0[14STD03220]","요양기관 현황[개]","개","0","0","0","0","0","0","0","0","0","0","0","0","0","0","0","0","0","0","0",
"1535413102140064HC3.360019","진도군","A003","종합병원","1635413103140064SC0[14STD03220]","요양기관 현황[개]","개","0","0","0","0","0","0","0","0","0","0","0","0","0","0","0","0","0","0","0",
"1535413102140064HC3.360019","진도군","A004","병원","1635413103140064SC0[14STD03220]","요양기관 현황[개]","개","2","2","2","2","2","2","2","2","2","2","2","2","2","2","2","2","2","2","2",
"1535413102140064HC3.360019","진도군","A005","요양병원","1635413103140064SC0[14STD03220]","요양기관 현황[개]","개","1","1","1","1","1","1","1","1","1","1","1","1","1","1","1","1","1","1","1",
"1535413102140064HC3.360019","진도군","A017","정신병원","1635413103140064SC0[14STD03220]","요양기관 현황[개]","개","","","","","","","","","","","","","","","0","0","0","0","0",
"1535413102140064HC3.360019","진도군","A006","의원","1635413103140064SC0[14STD03220]","요양기관 현황[개]","개","12","13","13","13","15","17","16","16","15","16","16","16","16","15","16","17","15","15","16",
"1535413102140064HC3.360020","함평군","A002","상급종합병원","1635413103140064SC0[14STD03220]","요양기관 현황[개]","개","0","0","0","0","0","0","0","0","0","0","0","0","0","0","0","0","0","0","0",
"1535413102140064HC3.360020","함평군","A003","종합병원","1635413103140064SC0[14STD03220]","요양기관 현황[개]","개","0","0","0","0","0","0","0","0","0","0","0","0","0","0","0","0","0","0","0",
"1535413102140064HC3.360020","함평군","A004","병원","1635413103140064SC0[14STD03220]","요양기관 현황[개]","개","1","2","2","2","2","2","2","2","2","2","2","2","2","2","2","2","2","2","2",
"1535413102140064HC3.360020","함평군","A005","요양병원","1635413103140064SC0[14STD03220]","요양기관 현황[개]","개","0","0","0","0","0","0","0","1","1","1","2","2","2","2","1","1","1","1","1",
"1535413102140064HC3.360020","함평군","A017","정신병원","1635413103140064SC0[14STD03220]","요양기관 현황[개]","개","","","","","","","","","","","","","","","0","0","0","0","0",
"1535413102140064HC3.360020","함평군","A006","의원","1635413103140064SC0[14STD03220]","요양기관 현황[개]","개","16","16","18","19","17","18","18","18","17","16","17","16","15","15","15","15","15","14","14",
"1535413102140064HC3.360021","해남군","A002","상급종합병원","1635413103140064SC0[14STD03220]","요양기관 현황[개]","개","0","0","0","0","0","0","0","0","0","0","0","0","0","0","0","0","0","0","0",
"1535413102140064HC3.360021","해남군","A003","종합병원","1635413103140064SC0[14STD03220]","요양기관 현황[개]","개","1","1","1","1","1","1","1","1","1","1","2","2","2","2","2","2","2","2","2",
"1535413102140064HC3.360021","해남군","A004","병원","1635413103140064SC0[14STD03220]","요양기관 현황[개]","개","3","4","4","4","4","4","4","4","4","4","2","2","2","2","2","2","1","1","1",
"1535413102140064HC3.360021","해남군","A005","요양병원","1635413103140064SC0[14STD03220]","요양기관 현황[개]","개","2","2","1","1","1","1","1","1","1","1","2","2","2","2","1","1","1","1","1",
"1535413102140064HC3.360021","해남군","A017","정신병원","1635413103140064SC0[14STD03220]","요양기관 현황[개]","개","","","","","","","","","","","","","","","1","1","1","1","1",
"1535413102140064HC3.360021","해남군","A006","의원","1635413103140064SC0[14STD03220]","요양기관 현황[개]","개","36","36","36","37","37","36","36","36","36","37","38","36","36","36","37","39","41","41","41",
"1535413102140064HC3.360022","화순군","A002","상급종합병원","1635413103140064SC0[14STD03220]","요양기관 현황[개]","개","0","0","0","0","0","1","1","1","1","1","1","1","1","1","1","1","1","1","1",
"1535413102140064HC3.360022","화순군","A003","종합병원","1635413103140064SC0[14STD03220]","요양기관 현황[개]","개","1","1","1","1","1","0","0","0","0","0","0","0","0","0","0","0","0","0","0",
"1535413102140064HC3.360022","화순군","A004","병원","1635413103140064SC0[14STD03220]","요양기관 현황[개]","개","3","3","4","4","4","4","4","4","4","3","3","3","3","3","3","3","3","3","3",
"1535413102140064HC3.360022","화순군","A005","요양병원","1635413103140064SC0[14STD03220]","요양기관 현황[개]","개","1","3","4","6","5","6","9","9","9","13","12","14","13","14","13","13","12","12","12",
"1535413102140064HC3.360022","화순군","A017","정신병원","1635413103140064SC0[14STD03220]","요양기관 현황[개]","개","","","","","","","","","","","","","","","1","1","1","1","1",
"1535413102140064HC3.360022","화순군","A006","의원","1635413103140064SC0[14STD03220]","요양기관 현황[개]","개","29","30","34","35","33","30","27","27","27","29","27","30","31","30","29","29","31","33","32",
"1535413102140064HC3.360200","나주시","A002","상급종합병원","1635413103140064SC0[14STD03220]","요양기관 현황[개]","개","0","0","0","0","0","0","0","0","0","0","0","0","0","0","0","0","0","0","0",
"1535413102140064HC3.360200","나주시","A003","종합병원","1635413103140064SC0[14STD03220]","요양기관 현황[개]","개","1","1","1","1","1","1","1","1","1","1","1","1","1","1","2","2","2","2","2",
"1535413102140064HC3.360200","나주시","A004","병원","1635413103140064SC0[14STD03220]","요양기관 현황[개]","개","6","6","6","7","6","6","6","7","6","6","4","4","5","4","3","1","1","1","1",
"1535413102140064HC3.360200","나주시","A005","요양병원","1635413103140064SC0[14STD03220]","요양기관 현황[개]","개","2","3","3","3","5","6","6","6","7","7","9","10","10","10","7","7","7","7","7",
"1535413102140064HC3.360200","나주시","A017","정신병원","1635413103140064SC0[14STD03220]","요양기관 현황[개]","개","","","","","","","","","","","","","","","2","4","4","4","4",
"1535413102140064HC3.360200","나주시","A006","의원","1635413103140064SC0[14STD03220]","요양기관 현황[개]","개","49","47","50","48","48","48","49","49","47","54","58","61","62","62","65","66","68","66","65",
"1535413102140064HC3.360300","목포시","A002","상급종합병원","1635413103140064SC0[14STD03220]","요양기관 현황[개]","개","0","0","0","0","0","0","0","0","0","0","0","0","0","0","0","0","0","0","0",
"1535413102140064HC3.360300","목포시","A003","종합병원","1635413103140064SC0[14STD03220]","요양기관 현황[개]","개","4","4","4","4","4","5","5","5","5","5","5","5","5","5","5","5","5","5","5",
"1535413102140064HC3.360300","목포시","A004","병원","1635413103140064SC0[14STD03220]","요양기관 현황[개]","개","9","11","16","16","16","16","13","12","12","12","13","14","14","16","16","16","17","16","16",
"1535413102140064HC3.360300","목포시","A005","요양병원","1635413103140064SC0[14STD03220]","요양기관 현황[개]","개","2","4","4","4","6","5","8","9","11","11","10","8","7","8","9","9","10","11","11",
"1535413102140064HC3.360300","목포시","A017","정신병원","1635413103140064SC0[14STD03220]","요양기관 현황[개]","개","","","","","","","","","","","","","","","0","0","0","0","0",
"1535413102140064HC3.360300","목포시","A006","의원","1635413103140064SC0[14STD03220]","요양기관 현황[개]","개","148","142","141","145","141","138","138","138","139","133","136","135","136","136","130","129","128","128","131",
"1535413102140064HC3.360400","순천시","A002","상급종합병원","1635413103140064SC0[14STD03220]","요양기관 현황[개]","개","0","0","0","0","0","0","0","0","0","0","0","0","0","0","0","0","0","0","0",
"1535413102140064HC3.360400","순천시","A003","종합병원","1635413103140064SC0[14STD03220]","요양기관 현황[개]","개","4","4","4","4","5","5","5","5","5","5","4","4","5","5","5","6","6","6","6",
"1535413102140064HC3.360400","순천시","A004","병원","1635413103140064SC0[14STD03220]","요양기관 현황[개]","개","6","5","7","6","8","9","10","12","17","18","18","17","17","16","19","18","17","18","17",
"1535413102140064HC3.360400","순천시","A005","요양병원","1635413103140064SC0[14STD03220]","요양기관 현황[개]","개","2","4","5","5","4","4","5","5","5","4","6","6","7","7","7","7","7","7","7",
"1535413102140064HC3.360400","순천시","A017","정신병원","1635413103140064SC0[14STD03220]","요양기관 현황[개]","개","","","","","","","","","","","","","","","1","1","1","1","1",
"1535413102140064HC3.360400","순천시","A006","의원","1635413103140064SC0[14STD03220]","요양기관 현황[개]","개","128","129","131","125","124","127","123","122","125","124","125","126","129","134","140","143","143","145","146",
"1535413102140064HC3.360500","여수시","A002","상급종합병원","1635413103140064SC0[14STD03220]","요양기관 현황[개]","개","0","0","0","0","0","0","0","0","0","0","0","0","0","0","0","0","0","0","0",
"1535413102140064HC3.360500","여수시","A003","종합병원","1635413103140064SC0[14STD03220]","요양기관 현황[개]","개","3","3","3","3","3","3","3","3","3","3","3","3","3","3","2","3","3","3","3",
"1535413102140064HC3.360500","여수시","A004","병원","1635413103140064SC0[14STD03220]","요양기관 현황[개]","개","4","4","5","5","6","6","6","6","7","7","7","6","7","7","7","7","7","7","8",
"1535413102140064HC3.360500","여수시","A005","요양병원","1635413103140064SC0[14STD03220]","요양기관 현황[개]","개","1","1","1","4","5","5","6","6","6","7","7","8","9","11","11","12","12","10","10",
"1535413102140064HC3.360500","여수시","A017","정신병원","1635413103140064SC0[14STD03220]","요양기관 현황[개]","개","","","","","","","","","","","","","","","0","0","0","0","0",
"1535413102140064HC3.360500","여수시","A006","의원","1635413103140064SC0[14STD03220]","요양기관 현황[개]","개","120","125","130","131","131","137","138","138","141","146","154","153","154","152","156","155","160","161","161",
"1535413102140064HC3.360700","광양시","A002","상급종합병원","1635413103140064SC0[14STD03220]","요양기관 현황[개]","개","0","0","0","0","0","0","0","0","0","0","0","0","0","0","0","0","0","0","0",
"1535413102140064HC3.360700","광양시","A003","종합병원","1635413103140064SC0[14STD03220]","요양기관 현황[개]","개","0","0","0","0","0","1","1","1","1","1","1","1","1","1","1","2","2","2","2",
"1535413102140064HC3.360700","광양시","A004","병원","1635413103140064SC0[14STD03220]","요양기관 현황[개]","개","3","4","3","3","3","2","3","3","4","4","3","3","3","4","4","3","3","3","3",
"1535413102140064HC3.360700","광양시","A005","요양병원","1635413103140064SC0[14STD03220]","요양기관 현황[개]","개","2","2","1","1","1","1","1","1","2","2","4","4","4","5","4","5","5","5","5",
"1535413102140064HC3.360700","광양시","A017","정신병원","1635413103140064SC0[14STD03220]","요양기관 현황[개]","개","","","","","","","","","","","","","","","0","0","0","0","0",
"1535413102140064HC3.360700","광양시","A006","의원","1635413103140064SC0[14STD03220]","요양기관 현황[개]","개","44","44","47","46","47","49","50","53","52","54","58","60","62","63","61","61","60","59","59",
"1535413102140064HC3.37","경북","A002","상급종합병원","1635413103140064SC0[14STD03220]","요양기관 현황[개]","개","0","0","0","0","0","0","0","0","0","0","0","0","0","0","0","0","0","0","0",
"1535413102140064HC3.37","경북","A003","종합병원","1635413103140064SC0[14STD03220]","요양기관 현황[개]","개","15","17","18","19","18","18","17","19","19","19","19","19","20","20","20","20","20","21","21",
"1535413102140064HC3.37","경북","A004","병원","1635413103140064SC0[14STD03220]","요양기관 현황[개]","개","61","68","74","75","79","76","80","82","86","83","79","79","76","73","58","55","52","52","49",
"1535413102140064HC3.37","경북","A005","요양병원","1635413103140064SC0[14STD03220]","요양기관 현황[개]","개","34","51","65","74","79","84","92","100","108","112","115","118","119","117","113","111","108","105","103",
"1535413102140064HC3.37","경북","A017","정신병원","1635413103140064SC0[14STD03220]","요양기관 현황[개]","개","","","","","","","","","","","","","","","14","24","26","26","26",
"1535413102140064HC3.37","경북","A006","의원","1635413103140064SC0[14STD03220]","요양기관 현황[개]","개","1124","1140","1165","1174","1171","1185","1181","1172","1203","1238","1247","1270","1277","1285","1287","1290","1310","1302","1328",
"1535413102140064HC3.370002","고령군","A002","상급종합병원","1635413103140064SC0[14STD03220]","요양기관 현황[개]","개","0","0","0","0","0","0","0","0","0","0","0","0","0","0","0","0","0","0","0",
"1535413102140064HC3.370002","고령군","A003","종합병원","1635413103140064SC0[14STD03220]","요양기관 현황[개]","개","0","0","0","0","0","0","0","0","0","0","0","0","0","0","0","0","0","0","0",
"1535413102140064HC3.370002","고령군","A004","병원","1635413103140064SC0[14STD03220]","요양기관 현황[개]","개","1","1","1","1","1","1","1","1","1","1","1","1","1","1","1","1","1","1","1",
"1535413102140064HC3.370002","고령군","A005","요양병원","1635413103140064SC0[14STD03220]","요양기관 현황[개]","개","1","1","2","2","2","2","2","2","2","2","2","2","2","2","2","1","1","1","1",
"1535413102140064HC3.370002","고령군","A017","정신병원","1635413103140064SC0[14STD03220]","요양기관 현황[개]","개","","","","","","","","","","","","","","","0","0","0","0","0",
"1535413102140064HC3.370002","고령군","A006","의원","1635413103140064SC0[14STD03220]","요양기관 현황[개]","개","9","9","9","10","10","11","11","11","13","13","13","13","13","12","12","11","12","12","12",
"1535413102140064HC3.370003","군위군","A002","상급종합병원","1635413103140064SC0[14STD03220]","요양기관 현황[개]","개","0","0","0","0","0","0","0","0","0","0","0","0","0","0","0","0","0","","",
"1535413102140064HC3.370003","군위군","A003","종합병원","1635413103140064SC0[14STD03220]","요양기관 현황[개]","개","0","0","0","0","0","0","0","0","0","0","0","0","0","0","0","0","0","","",
"1535413102140064HC3.370003","군위군","A004","병원","1635413103140064SC0[14STD03220]","요양기관 현황[개]","개","1","1","1","1","1","1","1","1","1","1","1","0","0","0","0","0","0","","",
"1535413102140064HC3.370003","군위군","A005","요양병원","1635413103140064SC0[14STD03220]","요양기관 현황[개]","개","0","0","0","0","0","0","0","0","0","0","0","0","0","0","0","0","0","","",
"1535413102140064HC3.370003","군위군","A017","정신병원","1635413103140064SC0[14STD03220]","요양기관 현황[개]","개","","","","","","","","","","","","","","","0","0","0","","",
"1535413102140064HC3.370003","군위군","A006","의원","1635413103140064SC0[14STD03220]","요양기관 현황[개]","개","6","6","6","7","8","8","8","9","9","9","9","9","9","8","8","8","8","","",
"1535413102140064HC3.370007","봉화군","A002","상급종합병원","1635413103140064SC0[14STD03220]","요양기관 현황[개]","개","0","0","0","0","0","0","0","0","0","0","0","0","0","0","0","0","0","0","0",
"1535413102140064HC3.370007","봉화군","A003","종합병원","1635413103140064SC0[14STD03220]","요양기관 현황[개]","개","0","0","0","0","0","0","0","0","0","0","0","0","0","0","0","0","0","0","0",
"1535413102140064HC3.370007","봉화군","A004","병원","1635413103140064SC0[14STD03220]","요양기관 현황[개]","개","1","1","1","1","1","1","1","1","1","1","1","1","1","1","1","1","1","1","1",
"1535413102140064HC3.370007","봉화군","A005","요양병원","1635413103140064SC0[14STD03220]","요양기관 현황[개]","개","1","2","2","1","1","1","1","1","1","1","1","1","1","1","1","1","1","1","1",
"1535413102140064HC3.370007","봉화군","A017","정신병원","1635413103140064SC0[14STD03220]","요양기관 현황[개]","개","","","","","","","","","","","","","","","0","0","0","0","0",
"1535413102140064HC3.370007","봉화군","A006","의원","1635413103140064SC0[14STD03220]","요양기관 현황[개]","개","5","6","7","7","7","7","7","7","7","7","7","7","7","7","8","8","8","8","8",
"1535413102140064HC3.370010","성주군","A002","상급종합병원","1635413103140064SC0[14STD03220]","요양기관 현황[개]","개","0","0","0","0","0","0","0","0","0","0","0","0","0","0","0","0","0","0","0",
"1535413102140064HC3.370010","성주군","A003","종합병원","1635413103140064SC0[14STD03220]","요양기관 현황[개]","개","0","0","0","0","0","0","0","0","0","0","0","0","0","0","0","0","0","0","0",
"1535413102140064HC3.370010","성주군","A004","병원","1635413103140064SC0[14STD03220]","요양기관 현황[개]","개","1","1","1","1","1","1","1","2","2","2","2","2","2","2","1","1","1","1","1",
"1535413102140064HC3.370010","성주군","A005","요양병원","1635413103140064SC0[14STD03220]","요양기관 현황[개]","개","2","2","3","3","3","3","3","3","4","4","4","5","5","5","5","5","4","3","3",
"1535413102140064HC3.370010","성주군","A017","정신병원","1635413103140064SC0[14STD03220]","요양기관 현황[개]","개","","","","","","","","","","","","","","","1","1","1","1","1",
"1535413102140064HC3.370010","성주군","A006","의원","1635413103140064SC0[14STD03220]","요양기관 현황[개]","개","15","19","18","18","18","20","21","20","19","18","18","19","18","18","17","17","17","16","15",
"1535413102140064HC3.370012","영덕군","A002","상급종합병원","1635413103140064SC0[14STD03220]","요양기관 현황[개]","개","0","0","0","0","0","0","0","0","0","0","0","0","0","0","0","0","0","0","0",
"1535413102140064HC3.370012","영덕군","A003","종합병원","1635413103140064SC0[14STD03220]","요양기관 현황[개]","개","0","0","0","0","0","0","0","0","0","0","0","0","0","0","0","0","0","0","0",
"1535413102140064HC3.370012","영덕군","A004","병원","1635413103140064SC0[14STD03220]","요양기관 현황[개]","개","2","2","3","3","3","3","2","1","1","1","1","1","1","1","1","1","1","1","1",
"1535413102140064HC3.370012","영덕군","A005","요양병원","1635413103140064SC0[14STD03220]","요양기관 현황[개]","개","1","0","0","0","0","0","1","2","2","2","2","1","1","2","2","2","2","2","2",
"1535413102140064HC3.370012","영덕군","A017","정신병원","1635413103140064SC0[14STD03220]","요양기관 현황[개]","개","","","","","","","","","","","","","","","0","0","0","0","0",
"1535413102140064HC3.370012","영덕군","A006","의원","1635413103140064SC0[14STD03220]","요양기관 현황[개]","개","17","18","18","18","17","17","14","15","16","17","17","18","17","17","17","18","18","18","19",
"1535413102140064HC3.370013","영양군","A002","상급종합병원","1635413103140064SC0[14STD03220]","요양기관 현황[개]","개","0","0","0","0","0","0","0","0","0","0","0","0","0","0","0","0","0","0","0",
"1535413102140064HC3.370013","영양군","A003","종합병원","1635413103140064SC0[14STD03220]","요양기관 현황[개]","개","0","0","0","0","0","0","0","0","0","0","0","0","0","0","0","0","0","0","0",
"1535413102140064HC3.370013","영양군","A004","병원","1635413103140064SC0[14STD03220]","요양기관 현황[개]","개","1","1","1","1","1","1","1","1","1","1","1","1","1","1","1","1","1","1","1",
"1535413102140064HC3.370013","영양군","A005","요양병원","1635413103140064SC0[14STD03220]","요양기관 현황[개]","개","0","0","0","0","0","0","0","0","0","0","0","0","0","0","0","0","0","0","0",
"1535413102140064HC3.370013","영양군","A017","정신병원","1635413103140064SC0[14STD03220]","요양기관 현황[개]","개","","","","","","","","","","","","","","","0","0","0","0","0",
"1535413102140064HC3.370013","영양군","A006","의원","1635413103140064SC0[14STD03220]","요양기관 현황[개]","개","2","2","2","2","2","2","2","1","1","1","1","1","1","1","1","1","1","1","1",
"1535413102140064HC3.370017","예천군","A002","상급종합병원","1635413103140064SC0[14STD03220]","요양기관 현황[개]","개","0","0","0","0","0","0","0","0","0","0","0","0","0","0","0","0","0","0","0",
"1535413102140064HC3.370017","예천군","A003","종합병원","1635413103140064SC0[14STD03220]","요양기관 현황[개]","개","0","0","0","0","0","0","0","0","0","0","0","0","0","0","0","0","0","0","0",
"1535413102140064HC3.370017","예천군","A004","병원","1635413103140064SC0[14STD03220]","요양기관 현황[개]","개","1","1","1","1","1","1","1","1","1","1","1","1","1","1","1","1","1","1","1",
"1535413102140064HC3.370017","예천군","A005","요양병원","1635413103140064SC0[14STD03220]","요양기관 현황[개]","개","1","1","1","1","1","1","1","2","2","2","2","2","2","2","2","2","2","2","2",
"1535413102140064HC3.370017","예천군","A017","정신병원","1635413103140064SC0[14STD03220]","요양기관 현황[개]","개","","","","","","","","","","","","","","","0","0","0","0","0",
"1535413102140064HC3.370017","예천군","A006","의원","1635413103140064SC0[14STD03220]","요양기관 현황[개]","개","19","18","18","17","15","16","16","15","15","15","15","18","18","21","21","20","20","20","20",
"1535413102140064HC3.370018","울릉군","A002","상급종합병원","1635413103140064SC0[14STD03220]","요양기관 현황[개]","개","0","0","0","0","0","0","0","0","0","0","0","0","0","0","0","0","0","0","0",
"1535413102140064HC3.370018","울릉군","A003","종합병원","1635413103140064SC0[14STD03220]","요양기관 현황[개]","개","0","0","0","0","0","0","0","0","0","0","0","0","0","0","0","0","0","0","0",
"1535413102140064HC3.370018","울릉군","A004","병원","1635413103140064SC0[14STD03220]","요양기관 현황[개]","개","0","0","0","0","0","0","0","0","0","0","0","0","0","0","0","0","0","0","0",
"1535413102140064HC3.370018","울릉군","A005","요양병원","1635413103140064SC0[14STD03220]","요양기관 현황[개]","개","0","0","0","1","1","1","1","1","1","1","1","1","1","1","1","1","1","0","0",
"1535413102140064HC3.370018","울릉군","A017","정신병원","1635413103140064SC0[14STD03220]","요양기관 현황[개]","개","","","","","","","","","","","","","","","0","0","0","0","0",
"1535413102140064HC3.370018","울릉군","A006","의원","1635413103140064SC0[14STD03220]","요양기관 현황[개]","개","0","0","0","0","0","0","0","0","0","0","0","0","0","0","0","0","0","0","0",
"1535413102140064HC3.370019","울진군","A002","상급종합병원","1635413103140064SC0[14STD03220]","요양기관 현황[개]","개","0","0","0","0","0","0","0","0","0","0","0","0","0","0","0","0","0","0","0",
"1535413102140064HC3.370019","울진군","A003","종합병원","1635413103140064SC0[14STD03220]","요양기관 현황[개]","개","0","0","0","0","0","0","0","0","0","0","0","0","0","0","0","0","0","0","0",
"1535413102140064HC3.370019","울진군","A004","병원","1635413103140064SC0[14STD03220]","요양기관 현황[개]","개","2","2","2","2","2","2","2","2","2","2","2","2","1","1","1","1","1","1","1",
"1535413102140064HC3.370019","울진군","A005","요양병원","1635413103140064SC0[14STD03220]","요양기관 현황[개]","개","0","0","0","1","1","2","2","2","2","2","2","2","2","2","2","2","2","2","2",
"1535413102140064HC3.370019","울진군","A017","정신병원","1635413103140064SC0[14STD03220]","요양기관 현황[개]","개","","","","","","","","","","","","","","","0","0","0","0","0",
"1535413102140064HC3.370019","울진군","A006","의원","1635413103140064SC0[14STD03220]","요양기관 현황[개]","개","18","16","16","16","15","15","15","15","15","15","16","16","15","14","16","15","16","16","16",
"1535413102140064HC3.370021","의성군","A002","상급종합병원","1635413103140064SC0[14STD03220]","요양기관 현황[개]","개","0","0","0","0","0","0","0","0","0","0","0","0","0","0","0","0","0","0","0",
"1535413102140064HC3.370021","의성군","A003","종합병원","1635413103140064SC0[14STD03220]","요양기관 현황[개]","개","0","0","0","0","0","0","0","0","0","0","0","0","0","0","0","0","0","0","0",
"1535413102140064HC3.370021","의성군","A004","병원","1635413103140064SC0[14STD03220]","요양기관 현황[개]","개","5","5","5","5","4","4","6","7","7","5","5","6","5","5","4","3","2","2","2",
"1535413102140064HC3.370021","의성군","A005","요양병원","1635413103140064SC0[14STD03220]","요양기관 현황[개]","개","1","2","4","4","5","5","5","5","5","5","5","6","6","6","6","5","5","5","5",
"1535413102140064HC3.370021","의성군","A017","정신병원","1635413103140064SC0[14STD03220]","요양기관 현황[개]","개","","","","","","","","","","","","","","","0","1","1","1","1",
"1535413102140064HC3.370021","의성군","A006","의원","1635413103140064SC0[14STD03220]","요양기관 현황[개]","개","19","19","19","19","19","19","18","17","17","17","19","19","18","19","18","18","17","17","17",
"1535413102140064HC3.370022","청도군","A002","상급종합병원","1635413103140064SC0[14STD03220]","요양기관 현황[개]","개","0","0","0","0","0","0","0","0","0","0","0","0","0","0","0","0","0","0","0",
"1535413102140064HC3.370022","청도군","A003","종합병원","1635413103140064SC0[14STD03220]","요양기관 현황[개]","개","0","0","0","0","0","0","0","0","0","0","0","0","0","0","0","0","0","0","0",
"1535413102140064HC3.370022","청도군","A004","병원","1635413103140064SC0[14STD03220]","요양기관 현황[개]","개","1","2","2","3","3","3","3","3","4","4","4","4","4","4","2","2","2","2","2",
"1535413102140064HC3.370022","청도군","A005","요양병원","1635413103140064SC0[14STD03220]","요양기관 현황[개]","개","2","2","2","3","3","3","4","4","4","5","5","5","5","5","5","5","5","5","5",
"1535413102140064HC3.370022","청도군","A017","정신병원","1635413103140064SC0[14STD03220]","요양기관 현황[개]","개","","","","","","","","","","","","","","","0","1","2","2","2",
"1535413102140064HC3.370022","청도군","A006","의원","1635413103140064SC0[14STD03220]","요양기관 현황[개]","개","19","19","21","21","19","20","21","20","20","21","20","20","20","19","17","19","18","18","18",
"1535413102140064HC3.370023","청송군","A002","상급종합병원","1635413103140064SC0[14STD03220]","요양기관 현황[개]","개","0","0","0","0","0","0","0","0","0","0","0","0","0","0","0","0","0","0","0",
"1535413102140064HC3.370023","청송군","A003","종합병원","1635413103140064SC0[14STD03220]","요양기관 현황[개]","개","0","0","0","0","0","0","0","0","0","0","0","0","0","0","0","0","0","0","0",
"1535413102140064HC3.370023","청송군","A004","병원","1635413103140064SC0[14STD03220]","요양기관 현황[개]","개","1","1","1","1","1","1","1","1","1","1","1","1","1","1","1","0","0","0","0",
"1535413102140064HC3.370023","청송군","A005","요양병원","1635413103140064SC0[14STD03220]","요양기관 현황[개]","개","0","0","0","0","0","0","0","0","0","0","0","0","0","0","0","0","0","0","0",
"1535413102140064HC3.370023","청송군","A017","정신병원","1635413103140064SC0[14STD03220]","요양기관 현황[개]","개","","","","","","","","","","","","","","","0","1","1","1","1",
"1535413102140064HC3.370023","청송군","A006","의원","1635413103140064SC0[14STD03220]","요양기관 현황[개]","개","8","8","8","9","8","8","8","8","10","10","9","12","12","13","12","12","13","12","11",
"1535413102140064HC3.370024","칠곡군","A002","상급종합병원","1635413103140064SC0[14STD03220]","요양기관 현황[개]","개","0","0","0","0","0","0","0","0","0","0","0","0","0","0","0","0","0","0","0",
"1535413102140064HC3.370024","칠곡군","A003","종합병원","1635413103140064SC0[14STD03220]","요양기관 현황[개]","개","0","0","0","0","0","0","0","0","0","0","0","0","0","0","0","0","0","0","0",
"1535413102140064HC3.370024","칠곡군","A004","병원","1635413103140064SC0[14STD03220]","요양기관 현황[개]","개","4","4","4","4","4","4","4","4","4","4","3","3","3","3","2","2","1","1","1",
"1535413102140064HC3.370024","칠곡군","A005","요양병원","1635413103140064SC0[14STD03220]","요양기관 현황[개]","개","0","0","1","2","2","2","2","3","3","4","5","5","5","5","5","5","4","4","4",
"1535413102140064HC3.370024","칠곡군","A017","정신병원","1635413103140064SC0[14STD03220]","요양기관 현황[개]","개","","","","","","","","","","","","","","","2","2","3","3","3",
"1535413102140064HC3.370024","칠곡군","A006","의원","1635413103140064SC0[14STD03220]","요양기관 현황[개]","개","46","47","49","48","49","47","48","48","47","46","47","45","44","45","44","45","49","49","53",
"1535413102140064HC3.370100","경주시","A002","상급종합병원","1635413103140064SC0[14STD03220]","요양기관 현황[개]","개","0","0","0","0","0","0","0","0","0","0","0","0","0","0","0","0","0","0","0",
"1535413102140064HC3.370100","경주시","A003","종합병원","1635413103140064SC0[14STD03220]","요양기관 현황[개]","개","2","2","2","2","2","2","1","1","1","1","1","1","1","1","1","1","1","1","1",
"1535413102140064HC3.370100","경주시","A004","병원","1635413103140064SC0[14STD03220]","요양기관 현황[개]","개","4","7","10","10","11","11","13","15","15","13","11","11","11","10","9","10","10","10","10",
"1535413102140064HC3.370100","경주시","A005","요양병원","1635413103140064SC0[14STD03220]","요양기관 현황[개]","개","4","6","9","10","11","14","15","15","15","16","15","13","14","14","14","12","11","10","10",
"1535413102140064HC3.370100","경주시","A017","정신병원","1635413103140064SC0[14STD03220]","요양기관 현황[개]","개","","","","","","","","","","","","","","","1","2","2","2","2",
"1535413102140064HC3.370100","경주시","A006","의원","1635413103140064SC0[14STD03220]","요양기관 현황[개]","개","106","108","109","105","102","102","102","102","105","107","108","109","113","116","113","120","122","118","121",
"1535413102140064HC3.370200","구미시","A002","상급종합병원","1635413103140064SC0[14STD03220]","요양기관 현황[개]","개","0","0","0","0","0","0","0","0","0","0","0","0","0","0","0","0","0","0","0",
"1535413102140064HC3.370200","구미시","A003","종합병원","1635413103140064SC0[14STD03220]","요양기관 현황[개]","개","2","2","3","3","3","3","3","3","3","3","3","3","3","3","3","3","3","3","3",
"1535413102140064HC3.370200","구미시","A004","병원","1635413103140064SC0[14STD03220]","요양기관 현황[개]","개","3","3","3","4","5","4","5","7","8","8","7","8","8","7","7","5","4","5","5",
"1535413102140064HC3.370200","구미시","A005","요양병원","1635413103140064SC0[14STD03220]","요양기관 현황[개]","개","2","3","4","4","4","4","5","5","7","7","7","9","9","9","9","10","10","10","10",
"1535413102140064HC3.370200","구미시","A017","정신병원","1635413103140064SC0[14STD03220]","요양기관 현황[개]","개","","","","","","","","","","","","","","","0","1","1","1","1",
"1535413102140064HC3.370200","구미시","A006","의원","1635413103140064SC0[14STD03220]","요양기관 현황[개]","개","186","184","193","189","191","197","203","199","203","210","209","216","219","214","215","208","214","218","224",
"1535413102140064HC3.370300","김천시","A002","상급종합병원","1635413103140064SC0[14STD03220]","요양기관 현황[개]","개","0","0","0","0","0","0","0","0","0","0","0","0","0","0","0","0","0","0","0",
"1535413102140064HC3.370300","김천시","A003","종합병원","1635413103140064SC0[14STD03220]","요양기관 현황[개]","개","0","1","2","2","2","2","2","2","2","2","2","2","2","2","2","2","2","2","2",
"1535413102140064HC3.370300","김천시","A004","병원","1635413103140064SC0[14STD03220]","요양기관 현황[개]","개","5","4","3","3","3","3","3","2","2","2","2","2","2","1","0","0","0","0","0",
"1535413102140064HC3.370300","김천시","A005","요양병원","1635413103140064SC0[14STD03220]","요양기관 현황[개]","개","2","2","3","3","3","3","3","4","4","5","4","4","4","4","3","3","3","3","3",
"1535413102140064HC3.370300","김천시","A017","정신병원","1635413103140064SC0[14STD03220]","요양기관 현황[개]","개","","","","","","","","","","","","","","","2","2","2","2","2",
"1535413102140064HC3.370300","김천시","A006","의원","1635413103140064SC0[14STD03220]","요양기관 현황[개]","개","59","58","57","54","54","51","51","49","50","54","58","60","58","60","59","58","59","59","59",
"1535413102140064HC3.370400","안동시","A002","상급종합병원","1635413103140064SC0[14STD03220]","요양기관 현황[개]","개","0","0","0","0","0","0","0","0","0","0","0","0","0","0","0","0","0","0","0",
"1535413102140064HC3.370400","안동시","A003","종합병원","1635413103140064SC0[14STD03220]","요양기관 현황[개]","개","3","3","3","3","3","3","3","3","3","3","3","3","3","3","3","3","3","3","3",
"1535413102140064HC3.370400","안동시","A004","병원","1635413103140064SC0[14STD03220]","요양기관 현황[개]","개","4","5","5","4","6","5","5","6","6","6","6","5","5","5","3","3","3","3","3",
"1535413102140064HC3.370400","안동시","A005","요양병원","1635413103140064SC0[14STD03220]","요양기관 현황[개]","개","5","6","5","6","6","6","6","7","8","7","8","8","7","7","7","7","8","8","8",
"1535413102140064HC3.370400","안동시","A017","정신병원","1635413103140064SC0[14STD03220]","요양기관 현황[개]","개","","","","","","","","","","","","","","","3","3","3","3","3",
"1535413102140064HC3.370400","안동시","A006","의원","1635413103140064SC0[14STD03220]","요양기관 현황[개]","개","70","69","72","71","73","76","73","73","76","77","77","78","76","80","78","80","77","77","78",
"1535413102140064HC3.370500","영주시","A002","상급종합병원","1635413103140064SC0[14STD03220]","요양기관 현황[개]","개","0","0","0","0","0","0","0","0","0","0","0","0","0","0","0","0","0","0","0",
"1535413102140064HC3.370500","영주시","A003","종합병원","1635413103140064SC0[14STD03220]","요양기관 현황[개]","개","0","0","0","0","0","0","0","0","0","0","0","0","1","1","1","1","1","1","1",
"1535413102140064HC3.370500","영주시","A004","병원","1635413103140064SC0[14STD03220]","요양기관 현황[개]","개","3","3","4","4","4","5","6","5","6","6","6","6","6","6","4","4","4","5","4",
"1535413102140064HC3.370500","영주시","A005","요양병원","1635413103140064SC0[14STD03220]","요양기관 현황[개]","개","0","0","2","2","2","2","3","4","4","4","4","4","4","4","4","4","4","4","3",
"1535413102140064HC3.370500","영주시","A017","정신병원","1635413103140064SC0[14STD03220]","요양기관 현황[개]","개","","","","","","","","","","","","","","","2","2","2","2","2",
"1535413102140064HC3.370500","영주시","A006","의원","1635413103140064SC0[14STD03220]","요양기관 현황[개]","개","55","57","57","58","57","57","55","53","53","54","54","52","50","51","52","52","52","53","52",
"1535413102140064HC3.370600","영천시","A002","상급종합병원","1635413103140064SC0[14STD03220]","요양기관 현황[개]","개","0","0","0","0","0","0","0","0","0","0","0","0","0","0","0","0","0","0","0",
"1535413102140064HC3.370600","영천시","A003","종합병원","1635413103140064SC0[14STD03220]","요양기관 현황[개]","개","1","1","1","1","1","1","1","1","1","1","1","1","1","1","1","1","1","1","1",
"1535413102140064HC3.370600","영천시","A004","병원","1635413103140064SC0[14STD03220]","요양기관 현황[개]","개","3","4","4","4","4","3","3","3","3","3","3","3","2","2","2","1","1","1","1",
"1535413102140064HC3.370600","영천시","A005","요양병원","1635413103140064SC0[14STD03220]","요양기관 현황[개]","개","1","2","2","2","2","3","3","3","3","3","4","3","3","3","3","3","4","4","4",
"1535413102140064HC3.370600","영천시","A017","정신병원","1635413103140064SC0[14STD03220]","요양기관 현황[개]","개","","","","","","","","","","","","","","","1","2","2","2","2",
"1535413102140064HC3.370600","영천시","A006","의원","1635413103140064SC0[14STD03220]","요양기관 현황[개]","개","53","54","61","61","60","59","57","58","57","58","60","59","60","58","57","57","57","56","57",
"1535413102140064HC3.370701","포항시 남구","A002","상급종합병원","1635413103140064SC0[14STD03220]","요양기관 현황[개]","개","0","0","0","0","0","0","0","0","0","0","0","0","0","0","0","0","0","0","0",
"1535413102140064HC3.370701","포항시 남구","A003","종합병원","1635413103140064SC0[14STD03220]","요양기관 현황[개]","개","2","2","2","2","2","2","2","2","2","2","3","3","3","3","3","3","3","3","3",
"1535413102140064HC3.370701","포항시 남구","A004","병원","1635413103140064SC0[14STD03220]","요양기관 현황[개]","개","3","3","3","3","3","3","2","2","2","2","2","2","2","2","2","2","2","2","2",
"1535413102140064HC3.370701","포항시 남구","A005","요양병원","1635413103140064SC0[14STD03220]","요양기관 현황[개]","개","0","1","1","1","2","2","3","3","4","4","4","6","6","5","5","6","6","6","6",
"1535413102140064HC3.370701","포항시 남구","A017","정신병원","1635413103140064SC0[14STD03220]","요양기관 현황[개]","개","","","","","","","","","","","","","","","0","0","0","0","0",
"1535413102140064HC3.370701","포항시 남구","A006","의원","1635413103140064SC0[14STD03220]","요양기관 현황[개]","개","79","84","89","93","90","93","94","93","94","99","100","102","103","107","106","105","105","110","114",
"1535413102140064HC3.370702","포항시 북구","A002","상급종합병원","1635413103140064SC0[14STD03220]","요양기관 현황[개]","개","0","0","0","0","0","0","0","0","0","0","0","0","0","0","0","0","0","0","0",
"1535413102140064HC3.370702","포항시 북구","A003","종합병원","1635413103140064SC0[14STD03220]","요양기관 현황[개]","개","3","3","2","2","2","2","2","3","3","3","2","2","2","2","2","2","2","2","2",
"1535413102140064HC3.370702","포항시 북구","A004","병원","1635413103140064SC0[14STD03220]","요양기관 현황[개]","개","8","10","12","11","12","10","10","10","10","10","11","11","11","12","8","8","8","7","6",
"1535413102140064HC3.370702","포항시 북구","A005","요양병원","1635413103140064SC0[14STD03220]","요양기관 현황[개]","개","4","10","11","14","16","17","18","20","20","21","23","24","26","24","24","24","22","22","21",
"1535413102140064HC3.370702","포항시 북구","A017","정신병원","1635413103140064SC0[14STD03220]","요양기관 현황[개]","개","","","","","","","","","","","","","","","1","3","3","3","3",
"1535413102140064HC3.370702","포항시 북구","A006","의원","1635413103140064SC0[14STD03220]","요양기관 현황[개]","개","138","140","141","145","146","146","145","149","160","168","165","168","170","171","176","172","175","174","179",
"1535413102140064HC3.370800","문경시","A002","상급종합병원","1635413103140064SC0[14STD03220]","요양기관 현황[개]","개","0","0","0","0","0","0","0","0","0","0","0","0","0","0","0","0","0","0","0",
"1535413102140064HC3.370800","문경시","A003","종합병원","1635413103140064SC0[14STD03220]","요양기관 현황[개]","개","1","1","1","1","1","1","1","1","1","1","1","1","1","1","1","1","1","1","1",
"1535413102140064HC3.370800","문경시","A004","병원","1635413103140064SC0[14STD03220]","요양기관 현황[개]","개","1","2","2","2","1","1","1","1","2","2","2","2","2","2","2","2","1","1","1",
"1535413102140064HC3.370800","문경시","A005","요양병원","1635413103140064SC0[14STD03220]","요양기관 현황[개]","개","0","2","2","2","2","2","2","2","2","2","1","1","1","1","1","1","1","2","2",
"1535413102140064HC3.370800","문경시","A017","정신병원","1635413103140064SC0[14STD03220]","요양기관 현황[개]","개","","","","","","","","","","","","","","","0","0","0","0","0",
"1535413102140064HC3.370800","문경시","A006","의원","1635413103140064SC0[14STD03220]","요양기관 현황[개]","개","42","39","38","40","42","44","42","43","43","45","45","44","45","43","44","44","44","43","41",
"1535413102140064HC3.370900","상주시","A002","상급종합병원","1635413103140064SC0[14STD03220]","요양기관 현황[개]","개","0","0","0","0","0","0","0","0","0","0","0","0","0","0","0","0","0","0","0",
"1535413102140064HC3.370900","상주시","A003","종합병원","1635413103140064SC0[14STD03220]","요양기관 현황[개]","개","0","1","1","2","2","2","2","2","2","2","2","2","2","2","2","2","2","2","2",
"1535413102140064HC3.370900","상주시","A004","병원","1635413103140064SC0[14STD03220]","요양기관 현황[개]","개","2","1","1","1","1","1","1","1","1","1","1","1","1","1","0","0","1","1","1",
"1535413102140064HC3.370900","상주시","A005","요양병원","1635413103140064SC0[14STD03220]","요양기관 현황[개]","개","0","0","0","1","1","1","1","2","2","2","2","3","3","3","3","3","2","2","2",
"1535413102140064HC3.370900","상주시","A017","정신병원","1635413103140064SC0[14STD03220]","요양기관 현황[개]","개","","","","","","","","","","","","","","","0","2","2","2","2",
"1535413102140064HC3.370900","상주시","A006","의원","1635413103140064SC0[14STD03220]","요양기관 현황[개]","개","40","43","45","45","46","47","46","45","45","47","47","46","46","45","45","44","44","44","46",
"1535413102140064HC3.371000","경산시","A002","상급종합병원","1635413103140064SC0[14STD03220]","요양기관 현황[개]","개","0","0","0","0","0","0","0","0","0","0","0","0","0","0","0","0","0","0","0",
"1535413102140064HC3.371000","경산시","A003","종합병원","1635413103140064SC0[14STD03220]","요양기관 현황[개]","개","1","1","1","1","0","0","0","1","1","1","1","1","1","1","1","1","1","2","2",
"1535413102140064HC3.371000","경산시","A004","병원","1635413103140064SC0[14STD03220]","요양기관 현황[개]","개","4","4","4","5","6","7","7","5","5","6","5","5","5","4","5","6","6","5","4",
"1535413102140064HC3.371000","경산시","A005","요양병원","1635413103140064SC0[14STD03220]","요양기관 현황[개]","개","7","9","11","11","11","10","11","10","13","13","14","13","12","12","9","9","10","9","9",
"1535413102140064HC3.371000","경산시","A017","정신병원","1635413103140064SC0[14STD03220]","요양기관 현황[개]","개","","","","","","","","","","","","","","","1","1","1","1","1",
"1535413102140064HC3.371000","경산시","A006","의원","1635413103140064SC0[14STD03220]","요양기관 현황[개]","개","113","117","112","121","123","123","124","122","128","130","133","139","145","146","151","158","164","163","167",
"1535413102140064HC3.38","경남","A002","상급종합병원","1635413103140064SC0[14STD03220]","요양기관 현황[개]","개","1","1","1","1","1","1","1","1","2","2","2","2","2","2","3","3","3","3","3",
"1535413102140064HC3.38","경남","A003","종합병원","1635413103140064SC0[14STD03220]","요양기관 현황[개]","개","23","22","24","24","22","23","23","22","22","23","24","23","24","23","22","23","23","22","21",
"1535413102140064HC3.38","경남","A004","병원","1635413103140064SC0[14STD03220]","요양기관 현황[개]","개","98","116","131","139","140","136","143","143","144","145","131","131","137","140","140","131","127","128","129",
"1535413102140064HC3.38","경남","A005","요양병원","1635413103140064SC0[14STD03220]","요양기관 현황[개]","개","33","50","55","63","71","84","88","96","101","112","134","139","147","145","130","129","123","118","114",
"1535413102140064HC3.38","경남","A017","정신병원","1635413103140064SC0[14STD03220]","요양기관 현황[개]","개","","","","","","","","","","","","","","","19","27","29","29","30",
"1535413102140064HC3.38","경남","A006","의원","1635413103140064SC0[14STD03220]","요양기관 현황[개]","개","1405","1409","1427","1461","1465","1471","1485","1482","1502","1533","1580","1608","1628","1646","1666","1693","1706","1709","1731",
"1535413102140064HC3.380002","거창군","A002","상급종합병원","1635413103140064SC0[14STD03220]","요양기관 현황[개]","개","0","0","0","0","0","0","0","0","0","0","0","0","0","0","0","0","0","0","0",
"1535413102140064HC3.380002","거창군","A003","종합병원","1635413103140064SC0[14STD03220]","요양기관 현황[개]","개","0","0","0","0","0","0","0","0","0","0","0","0","0","0","0","0","0","0","0",
"1535413102140064HC3.380002","거창군","A004","병원","1635413103140064SC0[14STD03220]","요양기관 현황[개]","개","3","3","3","3","3","3","3","3","3","3","3","3","2","2","3","3","3","3","3",
"1535413102140064HC3.380002","거창군","A005","요양병원","1635413103140064SC0[14STD03220]","요양기관 현황[개]","개","1","1","1","1","1","1","1","1","2","3","3","3","3","3","3","3","3","3","3",
"1535413102140064HC3.380002","거창군","A017","정신병원","1635413103140064SC0[14STD03220]","요양기관 현황[개]","개","","","","","","","","","","","","","","","0","0","0","0","0",
"1535413102140064HC3.380002","거창군","A006","의원","1635413103140064SC0[14STD03220]","요양기관 현황[개]","개","25","24","24","25","25","25","26","25","25","24","25","28","31","31","31","31","30","31","30",
"1535413102140064HC3.380003","고성군","A002","상급종합병원","1635413103140064SC0[14STD03220]","요양기관 현황[개]","개","0","0","0","0","0","0","0","0","0","0","0","0","0","0","0","0","0","0","0",
"1535413102140064HC3.380003","고성군","A003","종합병원","1635413103140064SC0[14STD03220]","요양기관 현황[개]","개","0","0","0","0","0","0","0","0","0","0","0","0","0","0","0","0","0","0","0",
"1535413102140064HC3.380003","고성군","A004","병원","1635413103140064SC0[14STD03220]","요양기관 현황[개]","개","3","3","3","3","3","3","3","3","3","3","3","3","3","3","3","2","2","2","2",
"1535413102140064HC3.380003","고성군","A005","요양병원","1635413103140064SC0[14STD03220]","요양기관 현황[개]","개","1","1","1","1","1","1","1","1","1","1","2","2","2","2","2","2","2","2","2",
"1535413102140064HC3.380003","고성군","A017","정신병원","1635413103140064SC0[14STD03220]","요양기관 현황[개]","개","","","","","","","","","","","","","","","0","1","1","1","1",
"1535413102140064HC3.380003","고성군","A006","의원","1635413103140064SC0[14STD03220]","요양기관 현황[개]","개","17","19","19","19","21","21","20","20","22","21","21","21","19","19","20","17","18","18","19",
"1535413102140064HC3.380005","남해군","A002","상급종합병원","1635413103140064SC0[14STD03220]","요양기관 현황[개]","개","0","0","0","0","0","0","0","0","0","0","0","0","0","0","0","0","0","0","0",
"1535413102140064HC3.380005","남해군","A003","종합병원","1635413103140064SC0[14STD03220]","요양기관 현황[개]","개","0","0","0","0","0","0","0","0","0","0","0","0","0","0","0","0","0","0","0",
"1535413102140064HC3.380005","남해군","A004","병원","1635413103140064SC0[14STD03220]","요양기관 현황[개]","개","1","1","1","1","1","1","1","1","1","1","1","1","1","1","1","1","1","1","1",
"1535413102140064HC3.380005","남해군","A005","요양병원","1635413103140064SC0[14STD03220]","요양기관 현황[개]","개","0","0","1","1","1","1","1","1","1","1","1","1","1","1","1","1","1","1","1",
"1535413102140064HC3.380005","남해군","A017","정신병원","1635413103140064SC0[14STD03220]","요양기관 현황[개]","개","","","","","","","","","","","","","","","0","0","0","0","0",
"1535413102140064HC3.380005","남해군","A006","의원","1635413103140064SC0[14STD03220]","요양기관 현황[개]","개","26","26","27","25","25","24","24","22","22","23","24","24","24","23","24","24","23","21","20",
"1535413102140064HC3.380008","산청군","A002","상급종합병원","1635413103140064SC0[14STD03220]","요양기관 현황[개]","개","0","0","0","0","0","0","0","0","0","0","0","0","0","0","0","0","0","0","0",
"1535413102140064HC3.380008","산청군","A003","종합병원","1635413103140064SC0[14STD03220]","요양기관 현황[개]","개","0","0","0","0","0","0","0","0","0","0","0","0","0","0","0","0","0","0","0",
"1535413102140064HC3.380008","산청군","A004","병원","1635413103140064SC0[14STD03220]","요양기관 현황[개]","개","0","0","0","0","0","0","0","0","0","0","0","0","0","0","0","0","0","0","0",
"1535413102140064HC3.380008","산청군","A005","요양병원","1635413103140064SC0[14STD03220]","요양기관 현황[개]","개","0","0","0","0","0","0","0","0","0","0","0","0","0","1","1","1","1","1","1",
"1535413102140064HC3.380008","산청군","A017","정신병원","1635413103140064SC0[14STD03220]","요양기관 현황[개]","개","","","","","","","","","","","","","","","0","0","0","0","0",
"1535413102140064HC3.380008","산청군","A006","의원","1635413103140064SC0[14STD03220]","요양기관 현황[개]","개","12","13","13","12","13","11","11","10","11","13","13","13","13","13","13","13","14","15","15",
"1535413102140064HC3.380011","의령군","A002","상급종합병원","1635413103140064SC0[14STD03220]","요양기관 현황[개]","개","0","0","0","0","0","0","0","0","0","0","0","0","0","0","0","0","0","0","0",
"1535413102140064HC3.380011","의령군","A003","종합병원","1635413103140064SC0[14STD03220]","요양기관 현황[개]","개","0","0","0","0","0","0","0","0","0","0","0","0","0","0","0","0","0","0","0",
"1535413102140064HC3.380011","의령군","A004","병원","1635413103140064SC0[14STD03220]","요양기관 현황[개]","개","2","2","3","2","1","1","3","3","2","2","2","2","2","2","1","1","1","1","1",
"1535413102140064HC3.380011","의령군","A005","요양병원","1635413103140064SC0[14STD03220]","요양기관 현황[개]","개","0","0","0","0","0","1","1","2","2","2","3","2","2","2","2","2","1","1","1",
"1535413102140064HC3.380011","의령군","A017","정신병원","1635413103140064SC0[14STD03220]","요양기관 현황[개]","개","","","","","","","","","","","","","","","1","1","1","1","1",
"1535413102140064HC3.380011","의령군","A006","의원","1635413103140064SC0[14STD03220]","요양기관 현황[개]","개","10","12","13","12","12","11","11","11","10","10","11","11","11","10","10","10","10","11","10",
"1535413102140064HC3.380014","창녕군","A002","상급종합병원","1635413103140064SC0[14STD03220]","요양기관 현황[개]","개","0","0","0","0","0","0","0","0","0","0","0","0","0","0","0","0","0","0","0",
"1535413102140064HC3.380014","창녕군","A003","종합병원","1635413103140064SC0[14STD03220]","요양기관 현황[개]","개","0","0","0","0","0","0","0","0","0","0","0","0","0","0","0","0","0","0","0",
"1535413102140064HC3.380014","창녕군","A004","병원","1635413103140064SC0[14STD03220]","요양기관 현황[개]","개","5","5","4","3","4","4","4","4","4","4","4","4","4","4","4","2","2","2","2",
"1535413102140064HC3.380014","창녕군","A005","요양병원","1635413103140064SC0[14STD03220]","요양기관 현황[개]","개","2","2","2","4","3","3","3","4","4","4","5","6","7","7","7","7","7","7","7",
"1535413102140064HC3.380014","창녕군","A017","정신병원","1635413103140064SC0[14STD03220]","요양기관 현황[개]","개","","","","","","","","","","","","","","","0","2","2","2","2",
"1535413102140064HC3.380014","창녕군","A006","의원","1635413103140064SC0[14STD03220]","요양기관 현황[개]","개","25","29","28","27","26","25","26","26","26","26","27","29","28","29","32","32","31","28","28",
"1535413102140064HC3.380016","하동군","A002","상급종합병원","1635413103140064SC0[14STD03220]","요양기관 현황[개]","개","0","0","0","0","0","0","0","0","0","0","0","0","0","0","0","0","0","0","0",
"1535413102140064HC3.380016","하동군","A003","종합병원","1635413103140064SC0[14STD03220]","요양기관 현황[개]","개","0","0","0","0","0","0","0","0","0","0","0","0","0","0","0","0","0","0","0",
"1535413102140064HC3.380016","하동군","A004","병원","1635413103140064SC0[14STD03220]","요양기관 현황[개]","개","2","2","2","2","2","2","2","2","2","2","2","2","3","3","3","0","0","0","1",
"1535413102140064HC3.380016","하동군","A005","요양병원","1635413103140064SC0[14STD03220]","요양기관 현황[개]","개","0","0","0","0","1","1","0","0","0","0","1","2","2","2","2","2","2","2","2",
"1535413102140064HC3.380016","하동군","A017","정신병원","1635413103140064SC0[14STD03220]","요양기관 현황[개]","개","","","","","","","","","","","","","","","0","1","1","1","1",
"1535413102140064HC3.380016","하동군","A006","의원","1635413103140064SC0[14STD03220]","요양기관 현황[개]","개","18","19","19","20","21","22","20","20","20","21","21","21","20","20","20","20","18","19","19",
"1535413102140064HC3.380017","함안군","A002","상급종합병원","1635413103140064SC0[14STD03220]","요양기관 현황[개]","개","0","0","0","0","0","0","0","0","0","0","0","0","0","0","0","0","0","0","0",
"1535413102140064HC3.380017","함안군","A003","종합병원","1635413103140064SC0[14STD03220]","요양기관 현황[개]","개","0","0","0","0","0","0","0","0","0","0","0","0","0","0","0","0","0","0","0",
"1535413102140064HC3.380017","함안군","A004","병원","1635413103140064SC0[14STD03220]","요양기관 현황[개]","개","2","3","3","3","3","3","3","3","3","3","3","3","3","4","4","3","3","2","2",
"1535413102140064HC3.380017","함안군","A005","요양병원","1635413103140064SC0[14STD03220]","요양기관 현황[개]","개","0","0","0","1","2","2","1","2","2","3","3","3","4","3","3","3","3","3","2",
"1535413102140064HC3.380017","함안군","A017","정신병원","1635413103140064SC0[14STD03220]","요양기관 현황[개]","개","","","","","","","","","","","","","","","0","1","1","1","1",
"1535413102140064HC3.380017","함안군","A006","의원","1635413103140064SC0[14STD03220]","요양기관 현황[개]","개","23","28","24","26","26","26","23","22","24","23","21","21","22","22","24","24","23","20","21",
"1535413102140064HC3.380018","함양군","A002","상급종합병원","1635413103140064SC0[14STD03220]","요양기관 현황[개]","개","0","0","0","0","0","0","0","0","0","0","0","0","0","0","0","0","0","0","0",
"1535413102140064HC3.380018","함양군","A003","종합병원","1635413103140064SC0[14STD03220]","요양기관 현황[개]","개","0","0","0","0","0","0","0","0","0","0","0","0","0","0","0","0","0","0","0",
"1535413102140064HC3.380018","함양군","A004","병원","1635413103140064SC0[14STD03220]","요양기관 현황[개]","개","1","1","1","1","1","1","1","1","1","1","1","1","1","1","1","1","1","1","1",
"1535413102140064HC3.380018","함양군","A005","요양병원","1635413103140064SC0[14STD03220]","요양기관 현황[개]","개","0","0","0","0","0","0","0","0","0","0","0","0","0","0","0","0","0","0","0",
"1535413102140064HC3.380018","함양군","A017","정신병원","1635413103140064SC0[14STD03220]","요양기관 현황[개]","개","","","","","","","","","","","","","","","0","0","0","0","0",
"1535413102140064HC3.380018","함양군","A006","의원","1635413103140064SC0[14STD03220]","요양기관 현황[개]","개","18","19","19","19","18","21","22","22","21","21","21","21","21","22","20","21","19","19","20",
"1535413102140064HC3.380019","합천군","A002","상급종합병원","1635413103140064SC0[14STD03220]","요양기관 현황[개]","개","0","0","0","0","0","0","0","0","0","0","0","0","0","0","0","0","0","0","0",
"1535413102140064HC3.380019","합천군","A003","종합병원","1635413103140064SC0[14STD03220]","요양기관 현황[개]","개","0","0","0","0","0","0","0","0","0","0","0","0","0","0","0","0","0","0","0",
"1535413102140064HC3.380019","합천군","A004","병원","1635413103140064SC0[14STD03220]","요양기관 현황[개]","개","1","2","2","2","2","2","3","3","3","3","3","3","3","3","2","3","1","1","1",
"1535413102140064HC3.380019","합천군","A005","요양병원","1635413103140064SC0[14STD03220]","요양기관 현황[개]","개","0","0","0","0","0","0","0","0","0","1","1","1","2","2","2","2","2","2","2",
"1535413102140064HC3.380019","합천군","A017","정신병원","1635413103140064SC0[14STD03220]","요양기관 현황[개]","개","","","","","","","","","","","","","","","0","0","1","1","1",
"1535413102140064HC3.380019","합천군","A006","의원","1635413103140064SC0[14STD03220]","요양기관 현황[개]","개","19","19","19","20","20","19","17","16","17","17","18","17","18","17","17","17","16","17","17",
"1535413102140064HC3.380100","김해시","A002","상급종합병원","1635413103140064SC0[14STD03220]","요양기관 현황[개]","개","0","0","0","0","0","0","0","0","0","0","0","0","0","0","0","0","0","0","0",
"1535413102140064HC3.380100","김해시","A003","종합병원","1635413103140064SC0[14STD03220]","요양기관 현황[개]","개","5","5","5","5","3","4","4","4","4","4","5","5","5","5","5","5","5","5","4",
"1535413102140064HC3.380100","김해시","A004","병원","1635413103140064SC0[14STD03220]","요양기관 현황[개]","개","14","16","20","23","22","24","26","25","26","26","24","24","26","25","23","22","23","21","21",
"1535413102140064HC3.380100","김해시","A005","요양병원","1635413103140064SC0[14STD03220]","요양기관 현황[개]","개","6","13","14","17","19","25","25","26","28","28","33","35","36","35","32","32","31","28","27",
"1535413102140064HC3.380100","김해시","A017","정신병원","1635413103140064SC0[14STD03220]","요양기관 현황[개]","개","","","","","","","","","","","","","","","4","4","4","4","4",
"1535413102140064HC3.380100","김해시","A006","의원","1635413103140064SC0[14STD03220]","요양기관 현황[개]","개","207","201","205","211","213","208","213","212","210","210","218","220","221","219","224","235","244","246","252",
"1535413102140064HC3.380200","마산시","A002","상급종합병원","1635413103140064SC0[14STD03220]","요양기관 현황[개]","개","0","0","0","0","0","0","","","","","","","","","","","","","",
"1535413102140064HC3.380200","마산시","A003","종합병원","1635413103140064SC0[14STD03220]","요양기관 현황[개]","개","6","6","6","6","6","6","","","","","","","","","","","","","",
"1535413102140064HC3.380200","마산시","A004","병원","1635413103140064SC0[14STD03220]","요양기관 현황[개]","개","10","10","15","17","17","16","","","","","","","","","","","","","",
"1535413102140064HC3.380200","마산시","A005","요양병원","1635413103140064SC0[14STD03220]","요양기관 현황[개]","개","6","12","10","9","9","11","","","","","","","","","","","","","",
"1535413102140064HC3.380200","마산시","A006","의원","1635413103140064SC0[14STD03220]","요양기관 현황[개]","개","236","236","232","237","228","223","","","","","","","","","","","","","",
"1535413102140064HC3.380300","사천시","A002","상급종합병원","1635413103140064SC0[14STD03220]","요양기관 현황[개]","개","0","0","0","0","0","0","0","0","0","0","0","0","0","0","0","0","0","0","0",
"1535413102140064HC3.380300","사천시","A003","종합병원","1635413103140064SC0[14STD03220]","요양기관 현황[개]","개","0","0","0","0","0","0","0","0","0","0","0","0","0","0","0","0","0","0","0",
"1535413102140064HC3.380300","사천시","A004","병원","1635413103140064SC0[14STD03220]","요양기관 현황[개]","개","7","7","7","8","9","8","8","9","9","9","6","5","5","5","5","4","4","4","4",
"1535413102140064HC3.380300","사천시","A005","요양병원","1635413103140064SC0[14STD03220]","요양기관 현황[개]","개","2","2","2","2","2","3","4","4","3","5","7","7","8","7","5","5","5","5","5",
"1535413102140064HC3.380300","사천시","A017","정신병원","1635413103140064SC0[14STD03220]","요양기관 현황[개]","개","","","","","","","","","","","","","","","2","3","3","3","4",
"1535413102140064HC3.380300","사천시","A006","의원","1635413103140064SC0[14STD03220]","요양기관 현황[개]","개","44","49","49","52","47","46","45","44","45","44","47","50","48","51","51","51","50","47","46",
"1535413102140064HC3.380500","진주시","A002","상급종합병원","1635413103140064SC0[14STD03220]","요양기관 현황[개]","개","1","1","1","1","1","1","1","1","1","1","1","1","1","1","1","1","1","1","1",
"1535413102140064HC3.380500","진주시","A003","종합병원","1635413103140064SC0[14STD03220]","요양기관 현황[개]","개","2","2","3","3","3","3","3","2","2","2","2","2","3","3","3","3","3","3","3",
"1535413102140064HC3.380500","진주시","A004","병원","1635413103140064SC0[14STD03220]","요양기관 현황[개]","개","13","15","13","14","16","15","14","12","13","13","12","13","13","13","14","14","14","14","14",
"1535413102140064HC3.380500","진주시","A005","요양병원","1635413103140064SC0[14STD03220]","요양기관 현황[개]","개","3","4","5","5","5","4","4","4","4","5","9","9","9","10","7","7","7","6","5",
"1535413102140064HC3.380500","진주시","A017","정신병원","1635413103140064SC0[14STD03220]","요양기관 현황[개]","개","","","","","","","","","","","","","","","3","3","3","3","3",
"1535413102140064HC3.380500","진주시","A006","의원","1635413103140064SC0[14STD03220]","요양기관 현황[개]","개","152","149","152","155","153","153","160","164","166","175","179","188","191","194","205","211","208","211","217",
"1535413102140064HC3.380600","진해시","A002","상급종합병원","1635413103140064SC0[14STD03220]","요양기관 현황[개]","개","0","0","0","0","0","0","","","","","","","","","","","","","",
"1535413102140064HC3.380600","진해시","A003","종합병원","1635413103140064SC0[14STD03220]","요양기관 현황[개]","개","2","1","1","1","1","1","","","","","","","","","","","","","",
"1535413102140064HC3.380600","진해시","A004","병원","1635413103140064SC0[14STD03220]","요양기관 현황[개]","개","4","7","9","9","8","8","","","","","","","","","","","","","",
"1535413102140064HC3.380600","진해시","A005","요양병원","1635413103140064SC0[14STD03220]","요양기관 현황[개]","개","2","3","2","2","4","5","","","","","","","","","","","","","",
"1535413102140064HC3.380600","진해시","A006","의원","1635413103140064SC0[14STD03220]","요양기관 현황[개]","개","79","77","76","77","76","76","","","","","","","","","","","","","",
"1535413102140064HC3.380700","창원시","A002","상급종합병원","1635413103140064SC0[14STD03220]","요양기관 현황[개]","개","0","0","0","0","0","0","","","","","","","","","","","","","",
"1535413102140064HC3.380700","창원시","A003","종합병원","1635413103140064SC0[14STD03220]","요양기관 현황[개]","개","3","3","3","3","3","3","","","","","","","","","","","","","",
"1535413102140064HC3.380700","창원시","A004","병원","1635413103140064SC0[14STD03220]","요양기관 현황[개]","개","12","15","17","19","20","19","","","","","","","","","","","","","",
"1535413102140064HC3.380700","창원시","A005","요양병원","1635413103140064SC0[14STD03220]","요양기관 현황[개]","개","4","4","7","7","6","7","","","","","","","","","","","","","",
"1535413102140064HC3.380700","창원시","A006","의원","1635413103140064SC0[14STD03220]","요양기관 현황[개]","개","202","203","210","214","218","223","","","","","","","","","","","","","",
"1535413102140064HC3.380701","창원시 마산회원구","A002","상급종합병원","1635413103140064SC0[14STD03220]","요양기관 현황[개]","개","","","","","","","0","0","0","0","0","0","0","0","1","1","1","1","1",
"1535413102140064HC3.380701","창원시 마산회원구","A003","종합병원","1635413103140064SC0[14STD03220]","요양기관 현황[개]","개","","","","","","","3","3","3","3","3","3","3","2","1","1","1","1","1",
"1535413102140064HC3.380701","창원시 마산회원구","A004","병원","1635413103140064SC0[14STD03220]","요양기관 현황[개]","개","","","","","","","5","5","5","5","6","6","6","8","8","8","9","9","9",
"1535413102140064HC3.380701","창원시 마산회원구","A005","요양병원","1635413103140064SC0[14STD03220]","요양기관 현황[개]","개","","","","","","","7","8","8","8","9","9","9","8","8","9","7","7","7",
"1535413102140064HC3.380701","창원시 마산회원구","A017","정신병원","1635413103140064SC0[14STD03220]","요양기관 현황[개]","개","","","","","","","","","","","","","","","1","1","1","1","1",
"1535413102140064HC3.380701","창원시 마산회원구","A006","의원","1635413103140064SC0[14STD03220]","요양기관 현황[개]","개","","","","","","","124","125","126","128","129","129","130","133","132","127","126","126","125",
"1535413102140064HC3.380702","창원시 마산합포구","A002","상급종합병원","1635413103140064SC0[14STD03220]","요양기관 현황[개]","개","","","","","","","0","0","0","0","0","0","0","0","0","0","0","0","0",
"1535413102140064HC3.380702","창원시 마산합포구","A003","종합병원","1635413103140064SC0[14STD03220]","요양기관 현황[개]","개","","","","","","","3","3","3","3","3","3","3","3","3","3","3","3","3",
"1535413102140064HC3.380702","창원시 마산합포구","A004","병원","1635413103140064SC0[14STD03220]","요양기관 현황[개]","개","","","","","","","12","12","12","12","9","9","9","9","9","9","9","9","9",
"1535413102140064HC3.380702","창원시 마산합포구","A005","요양병원","1635413103140064SC0[14STD03220]","요양기관 현황[개]","개","","","","","","","5","8","9","9","11","10","13","13","11","11","11","11","11",
"1535413102140064HC3.380702","창원시 마산합포구","A017","정신병원","1635413103140064SC0[14STD03220]","요양기관 현황[개]","개","","","","","","","","","","","","","","","2","2","2","2","2",
"1535413102140064HC3.380702","창원시 마산합포구","A006","의원","1635413103140064SC0[14STD03220]","요양기관 현황[개]","개","","","","","","","98","96","95","96","96","99","100","101","102","102","98","97","97",
"1535413102140064HC3.380703","창원시 진해구","A002","상급종합병원","1635413103140064SC0[14STD03220]","요양기관 현황[개]","개","","","","","","","0","0","0","0","0","0","0","0","0","0","0","0","0",
"1535413102140064HC3.380703","창원시 진해구","A003","종합병원","1635413103140064SC0[14STD03220]","요양기관 현황[개]","개","","","","","","","1","1","1","1","1","1","1","1","1","1","1","1","1",
"1535413102140064HC3.380703","창원시 진해구","A004","병원","1635413103140064SC0[14STD03220]","요양기관 현황[개]","개","","","","","","","9","9","8","8","9","9","9","9","10","9","8","9","8",
"1535413102140064HC3.380703","창원시 진해구","A005","요양병원","1635413103140064SC0[14STD03220]","요양기관 현황[개]","개","","","","","","","5","5","5","5","5","5","6","6","6","5","5","4","4",
"1535413102140064HC3.380703","창원시 진해구","A017","정신병원","1635413103140064SC0[14STD03220]","요양기관 현황[개]","개","","","","","","","","","","","","","","","0","1","1","1","1",
"1535413102140064HC3.380703","창원시 진해구","A006","의원","1635413103140064SC0[14STD03220]","요양기관 현황[개]","개","","","","","","","79","76","76","79","85","83","87","88","90","86","93","91","92",
"1535413102140064HC3.380704","창원시 의창구","A002","상급종합병원","1635413103140064SC0[14STD03220]","요양기관 현황[개]","개","","","","","","","0","0","0","0","0","0","0","0","0","0","0","0","0",
"1535413102140064HC3.380704","창원시 의창구","A003","종합병원","1635413103140064SC0[14STD03220]","요양기관 현황[개]","개","","","","","","","1","1","1","1","1","1","1","1","2","2","2","2","2",
"1535413102140064HC3.380704","창원시 의창구","A004","병원","1635413103140064SC0[14STD03220]","요양기관 현황[개]","개","","","","","","","9","8","9","8","7","7","7","8","8","9","10","11","11",
"1535413102140064HC3.380704","창원시 의창구","A005","요양병원","1635413103140064SC0[14STD03220]","요양기관 현황[개]","개","","","","","","","7","9","11","14","12","13","12","13","13","12","11","10","10",
"1535413102140064HC3.380704","창원시 의창구","A017","정신병원","1635413103140064SC0[14STD03220]","요양기관 현황[개]","개","","","","","","","","","","","","","","","0","0","0","0","0",
"1535413102140064HC3.380704","창원시 의창구","A006","의원","1635413103140064SC0[14STD03220]","요양기관 현황[개]","개","","","","","","","107","112","112","115","117","117","115","115","114","105","108","107","109",
"1535413102140064HC3.380705","창원시 성산구","A002","상급종합병원","1635413103140064SC0[14STD03220]","요양기관 현황[개]","개","","","","","","","0","0","0","0","0","0","0","0","0","0","0","0","0",
"1535413102140064HC3.380705","창원시 성산구","A003","종합병원","1635413103140064SC0[14STD03220]","요양기관 현황[개]","개","","","","","","","2","2","2","3","3","3","3","3","2","2","2","2","2",
"1535413102140064HC3.380705","창원시 성산구","A004","병원","1635413103140064SC0[14STD03220]","요양기관 현황[개]","개","","","","","","","10","10","11","11","9","8","8","8","9","9","8","10","10",
"1535413102140064HC3.380705","창원시 성산구","A005","요양병원","1635413103140064SC0[14STD03220]","요양기관 현황[개]","개","","","","","","","1","1","1","1","1","1","1","1","1","2","2","2","2",
"1535413102140064HC3.380705","창원시 성산구","A017","정신병원","1635413103140064SC0[14STD03220]","요양기관 현황[개]","개","","","","","","","","","","","","","","","0","0","0","0","0",
"1535413102140064HC3.380705","창원시 성산구","A006","의원","1635413103140064SC0[14STD03220]","요양기관 현황[개]","개","","","","","","","118","121","121","122","123","126","132","141","140","163","166","171","177",
"1535413102140064HC3.380800","통영시","A002","상급종합병원","1635413103140064SC0[14STD03220]","요양기관 현황[개]","개","0","0","0","0","0","0","0","0","0","0","0","0","0","0","0","0","0","0","0",
"1535413102140064HC3.380800","통영시","A003","종합병원","1635413103140064SC0[14STD03220]","요양기관 현황[개]","개","0","0","0","0","0","0","0","0","0","0","0","0","0","0","0","1","1","1","1",
"1535413102140064HC3.380800","통영시","A004","병원","1635413103140064SC0[14STD03220]","요양기관 현황[개]","개","4","4","6","6","8","8","9","9","9","9","7","7","6","7","7","6","5","5","5",
"1535413102140064HC3.380800","통영시","A005","요양병원","1635413103140064SC0[14STD03220]","요양기관 현황[개]","개","0","1","1","1","2","2","2","2","1","2","4","4","4","4","3","3","3","3","3",
"1535413102140064HC3.380800","통영시","A017","정신병원","1635413103140064SC0[14STD03220]","요양기관 현황[개]","개","","","","","","","","","","","","","","","1","1","1","1","1",
"1535413102140064HC3.380800","통영시","A006","의원","1635413103140064SC0[14STD03220]","요양기관 현황[개]","개","65","63","65","69","78","78","76","77","77","76","77","76","76","78","75","76","74","73","72",
"1535413102140064HC3.380900","밀양시","A002","상급종합병원","1635413103140064SC0[14STD03220]","요양기관 현황[개]","개","0","0","0","0","0","0","0","0","0","0","0","0","0","0","0","0","0","0","0",
"1535413102140064HC3.380900","밀양시","A003","종합병원","1635413103140064SC0[14STD03220]","요양기관 현황[개]","개","1","1","1","1","1","1","1","1","1","1","1","0","0","0","0","0","0","0","0",
"1535413102140064HC3.380900","밀양시","A004","병원","1635413103140064SC0[14STD03220]","요양기관 현황[개]","개","3","5","6","6","4","4","6","6","6","7","9","9","9","8","9","8","7","7","7",
"1535413102140064HC3.380900","밀양시","A005","요양병원","1635413103140064SC0[14STD03220]","요양기관 현황[개]","개","3","3","4","5","6","6","6","5","5","6","5","6","6","5","5","4","4","5","5",
"1535413102140064HC3.380900","밀양시","A017","정신병원","1635413103140064SC0[14STD03220]","요양기관 현황[개]","개","","","","","","","","","","","","","","","0","1","1","1","1",
"1535413102140064HC3.380900","밀양시","A006","의원","1635413103140064SC0[14STD03220]","요양기관 현황[개]","개","48","46","50","51","50","50","49","48","46","47","47","45","45","45","45","46","46","45","45",
"1535413102140064HC3.381000","거제시","A002","상급종합병원","1635413103140064SC0[14STD03220]","요양기관 현황[개]","개","0","0","0","0","0","0","0","0","0","0","0","0","0","0","0","0","0","0","0",
"1535413102140064HC3.381000","거제시","A003","종합병원","1635413103140064SC0[14STD03220]","요양기관 현황[개]","개","2","2","2","2","2","2","2","3","3","3","3","3","3","3","3","3","3","3","3",
"1535413102140064HC3.381000","거제시","A004","병원","1635413103140064SC0[14STD03220]","요양기관 현황[개]","개","2","5","5","7","7","7","6","7","7","7","7","7","7","7","7","7","6","6","6",
"1535413102140064HC3.381000","거제시","A005","요양병원","1635413103140064SC0[14STD03220]","요양기관 현황[개]","개","1","1","1","1","1","1","1","1","1","2","2","2","2","2","2","2","2","2","2",
"1535413102140064HC3.381000","거제시","A017","정신병원","1635413103140064SC0[14STD03220]","요양기관 현황[개]","개","","","","","","","","","","","","","","","0","0","1","1","1",
"1535413102140064HC3.381000","거제시","A006","의원","1635413103140064SC0[14STD03220]","요양기관 현황[개]","개","79","76","80","80","83","93","94","94","100","102","103","101","102","101","98","100","102","102","104",
"1535413102140064HC3.381100","양산시","A002","상급종합병원","1635413103140064SC0[14STD03220]","요양기관 현황[개]","개","0","0","0","0","0","0","0","0","1","1","1","1","1","1","1","1","1","1","1",
"1535413102140064HC3.381100","양산시","A003","종합병원","1635413103140064SC0[14STD03220]","요양기관 현황[개]","개","2","2","3","3","3","3","3","2","2","2","2","2","2","2","2","2","2","1","1",
"1535413102140064HC3.381100","양산시","A004","병원","1635413103140064SC0[14STD03220]","요양기관 현황[개]","개","9","10","11","10","9","7","6","8","7","8","4","5","10","10","9","10","10","10","11",
"1535413102140064HC3.381100","양산시","A005","요양병원","1635413103140064SC0[14STD03220]","요양기관 현황[개]","개","2","3","4","6","8","10","13","12","13","12","17","18","18","18","14","14","13","13","12",
"1535413102140064HC3.381100","양산시","A017","정신병원","1635413103140064SC0[14STD03220]","요양기관 현황[개]","개","","","","","","","","","","","","","","","5","5","5","5","5",
"1535413102140064HC3.381100","양산시","A006","의원","1635413103140064SC0[14STD03220]","요양기관 현황[개]","개","100","101","103","110","112","116","122","119","130","140","157","168","174","174","179","182","189","194","196",
"1535413102140064HC3.39","제주","A002","상급종합병원","1635413103140064SC0[14STD03220]","요양기관 현황[개]","개","0","0","0","0","0","0","0","0","0","0","0","0","0","0","0","0","0","0","0",
"1535413102140064HC3.39","제주","A003","종합병원","1635413103140064SC0[14STD03220]","요양기관 현황[개]","개","6","6","6","6","6","6","7","7","7","6","6","6","6","6","6","6","6","6","6",
"1535413102140064HC3.39","제주","A004","병원","1635413103140064SC0[14STD03220]","요양기관 현황[개]","개","3","4","5","5","5","6","5","6","7","8","7","7","7","7","7","7","8","8","8",
"1535413102140064HC3.39","제주","A005","요양병원","1635413103140064SC0[14STD03220]","요양기관 현황[개]","개","3","7","6","6","6","6","8","7","8","8","11","9","10","10","9","10","11","11","10",
"1535413102140064HC3.39","제주","A017","정신병원","1635413103140064SC0[14STD03220]","요양기관 현황[개]","개","","","","","","","","","","","","","","","1","1","2","2","2",
"1535413102140064HC3.39","제주","A006","의원","1635413103140064SC0[14STD03220]","요양기관 현황[개]","개","297","299","293","301","304","313","327","331","346","366","385","421","435","451","457","465","484","497","504",
"1535413102140064HC3.390100","서귀포시","A002","상급종합병원","1635413103140064SC0[14STD03220]","요양기관 현황[개]","개","0","0","0","0","0","0","0","0","0","0","0","0","0","0","0","0","0","0","0",
"1535413102140064HC3.390100","서귀포시","A003","종합병원","1635413103140064SC0[14STD03220]","요양기관 현황[개]","개","1","1","1","1","1","1","1","1","1","1","1","1","1","1","1","1","1","1","1",
"1535413102140064HC3.390100","서귀포시","A004","병원","1635413103140064SC0[14STD03220]","요양기관 현황[개]","개","1","1","1","1","1","1","1","2","3","3","3","3","3","3","3","3","3","3","3",
"1535413102140064HC3.390100","서귀포시","A005","요양병원","1635413103140064SC0[14STD03220]","요양기관 현황[개]","개","1","3","3","3","2","2","2","1","1","1","1","0","0","0","0","0","0","0","0",
"1535413102140064HC3.390100","서귀포시","A017","정신병원","1635413103140064SC0[14STD03220]","요양기관 현황[개]","개","","","","","","","","","","","","","","","0","0","0","0","0",
"1535413102140064HC3.390100","서귀포시","A006","의원","1635413103140064SC0[14STD03220]","요양기관 현황[개]","개","67","68","67","69","73","72","77","78","80","89","91","98","99","105","107","107","116","120","123",
"1535413102140064HC3.390200","제주시","A002","상급종합병원","1635413103140064SC0[14STD03220]","요양기관 현황[개]","개","0","0","0","0","0","0","0","0","0","0","0","0","0","0","0","0","0","0","0",
"1535413102140064HC3.390200","제주시","A003","종합병원","1635413103140064SC0[14STD03220]","요양기관 현황[개]","개","5","5","5","5","5","5","6","6","6","5","5","5","5","5","5","5","5","5","5",
"1535413102140064HC3.390200","제주시","A004","병원","1635413103140064SC0[14STD03220]","요양기관 현황[개]","개","2","3","4","4","4","5","4","4","4","5","4","4","4","4","4","4","5","5","5",
"1535413102140064HC3.390200","제주시","A005","요양병원","1635413103140064SC0[14STD03220]","요양기관 현황[개]","개","2","4","3","3","4","4","6","6","7","7","10","9","10","10","9","10","11","11","10",
"1535413102140064HC3.390200","제주시","A017","정신병원","1635413103140064SC0[14STD03220]","요양기관 현황[개]","개","","","","","","","","","","","","","","","1","1","2","2","2",
"1535413102140064HC3.390200","제주시","A006","의원","1635413103140064SC0[14STD03220]","요양기관 현황[개]","개","230","231","226","232","231","241","250","253","266","277","294","323","336","346","350","358","368","377","381",
