"[1535413101140072HC3]시군구별","시군구별","[1535413101140072B02]의료인력별","의료인력별","[Item]항목","항목","단위","2007.01 월","2008.01 월","2009.1/4","2010.1/4","2011.1/4","2012.1/4","2013.1/4","2014.1/4","2015.1/4","2016.1/4","2017.1/4","2018.1/4","2019.1/4","2020.1/4","2021.1/4","2022.1/4","2023.1/4","2024.1/4","2025.1/4",
"1535413102140072HC3.11","서울","1535413102140072B02.1","의사","1635413103140072AAA[14STD04553]","인력현황[명]","명","19888","20195","21432","22740","23720","24151","25268","26806","27120","27570","28105","28826","29364","30608","31304","32027","32945","32247","30949",
"1535413102140072HC3.11","서울","1535413102140072B02.111","일반의","1635413103140072AAA[14STD04553]","인력현황[명]","명","749","798","891","1096","1191","1065","810","851","823","870","926","1041","1091","1169","1209","1305","1379","1622","3051",
"1535413102140072HC3.11","서울","1535413102140072B02.112","인턴","1635413103140072AAA[14STD04553]","인력현황[명]","명","1198","889","494","422","781","855","1063","962","1129","1160","1157","1094","1041","1202","1099","1141","1203","589","103",
"1535413102140072HC3.11","서울","1535413102140072B02.113","레지던트","1635413103140072AAA[14STD04553]","인력현황[명]","명","4080","4035","4611","4987","4805","4606","4837","5488","5231","5032","4895","4763","4615","4488","4389","4264","4256","3679","580",
"1535413102140072HC3.11","서울","1535413102140072B02.114","전문의","1635413103140072AAA[14STD04553]","인력현황[명]","명","13861","14473","15436","16235","16943","17625","18558","19505","19937","20508","21127","21928","22617","23749","24607","25317","26107","26357","27215",
"1535413102140072HC3.110001","강남구","1535413102140072B02.1","의사","1635413103140072AAA[14STD04553]","인력현황[명]","명","2844","3037","3194","3657","3743","3950","4063","4235","4360","4434","4559","4769","4926","5315","5312","5513","5696","5695","5701",
"1535413102140072HC3.110001","강남구","1535413102140072B02.111","일반의","1635413103140072AAA[14STD04553]","인력현황[명]","명","95","110","138","206","277","268","174","190","183","177","203","274","318","336","318","364","388","418","741",
"1535413102140072HC3.110001","강남구","1535413102140072B02.112","인턴","1635413103140072AAA[14STD04553]","인력현황[명]","명","170","156","32","92","92","99","101","104","103","87","86","85","86","131","137","155","146","99","26",
"1535413102140072HC3.110001","강남구","1535413102140072B02.113","레지던트","1635413103140072AAA[14STD04553]","인력현황[명]","명","486","513","560","664","584","733","666","688","671","647","626","647","625","636","602","562","599","499","60",
"1535413102140072HC3.110001","강남구","1535413102140072B02.114","전문의","1635413103140072AAA[14STD04553]","인력현황[명]","명","2093","2258","2464","2695","2790","2850","3122","3253","3403","3523","3644","3763","3897","4212","4255","4432","4563","4679","4874",
"1535413102140072HC3.110002","강동구","1535413102140072B02.1","의사","1635413103140072AAA[14STD04553]","인력현황[명]","명","905","941","1050","1068","1048","1045","1144","1212","1250","1273","1315","1331","1361","1423","1485","1491","1565","1500","1422",
"1535413102140072HC3.110002","강동구","1535413102140072B02.111","일반의","1635413103140072AAA[14STD04553]","인력현황[명]","명","28","22","25","28","33","32","31","32","31","30","26","34","31","33","36","37","49","48","108",
"1535413102140072HC3.110002","강동구","1535413102140072B02.112","인턴","1635413103140072AAA[14STD04553]","인력현황[명]","명","60","66","26","4","15","0","30","38","68","40","42","50","50","38","60","47","67","37","2",
"1535413102140072HC3.110002","강동구","1535413102140072B02.113","레지던트","1635413103140072AAA[14STD04553]","인력현황[명]","명","163","161","268","271","235","205","221","258","218","259","266","259","257","246","242","238","237","178","32",
"1535413102140072HC3.110002","강동구","1535413102140072B02.114","전문의","1635413103140072AAA[14STD04553]","인력현황[명]","명","654","692","731","765","765","808","862","884","933","944","981","988","1023","1106","1147","1169","1212","1237","1280",
"1535413102140072HC3.110003","강서구","1535413102140072B02.1","의사","1635413103140072AAA[14STD04553]","인력현황[명]","명","472","506","553","573","605","637","671","681","685","686","736","750","892","996","1055","1132","1210","1244","1345",
"1535413102140072HC3.110003","강서구","1535413102140072B02.111","일반의","1635413103140072AAA[14STD04553]","인력현황[명]","명","33","28","32","35","42","39","32","31","37","37","42","51","42","51","54","67","69","82","150",
"1535413102140072HC3.110003","강서구","1535413102140072B02.112","인턴","1635413103140072AAA[14STD04553]","인력현황[명]","명","0","0","0","0","0","0","0","1","0","0","0","0","0","0","0","0","1","2","1",
"1535413102140072HC3.110003","강서구","1535413102140072B02.113","레지던트","1635413103140072AAA[14STD04553]","인력현황[명]","명","0","0","0","0","0","0","0","2","2","3","3","1","0","0","0","1","3","7","4",
"1535413102140072HC3.110003","강서구","1535413102140072B02.114","전문의","1635413103140072AAA[14STD04553]","인력현황[명]","명","439","478","521","538","563","598","639","647","646","646","691","698","850","945","1001","1064","1137","1153","1190",
"1535413102140072HC3.110004","관악구","1535413102140072B02.1","의사","1635413103140072AAA[14STD04553]","인력현황[명]","명","386","392","404","419","433","436","450","463","480","489","498","527","558","569","597","633","657","693","724",
"1535413102140072HC3.110004","관악구","1535413102140072B02.111","일반의","1635413103140072AAA[14STD04553]","인력현황[명]","명","27","26","28","30","31","30","28","30","27","23","25","23","32","35","33","40","39","47","88",
"1535413102140072HC3.110004","관악구","1535413102140072B02.112","인턴","1635413103140072AAA[14STD04553]","인력현황[명]","명","0","0","0","0","0","0","0","0","0","0","0","0","2","2","5","4","8","5","2",
"1535413102140072HC3.110004","관악구","1535413102140072B02.113","레지던트","1635413103140072AAA[14STD04553]","인력현황[명]","명","0","0","0","0","0","0","0","0","0","0","0","0","1","3","8","12","10","10","5",
"1535413102140072HC3.110004","관악구","1535413102140072B02.114","전문의","1635413103140072AAA[14STD04553]","인력현황[명]","명","359","366","376","389","402","406","422","433","453","466","473","504","523","529","551","577","600","631","629",
"1535413102140072HC3.110005","구로구","1535413102140072B02.1","의사","1635413103140072AAA[14STD04553]","인력현황[명]","명","529","549","599","679","694","727","750","816","895","907","953","973","986","1043","1043","1074","1109","1060","991",
"1535413102140072HC3.110005","구로구","1535413102140072B02.111","일반의","1635413103140072AAA[14STD04553]","인력현황[명]","명","25","27","38","36","35","36","30","30","26","25","26","27","26","32","27","36","34","37","65",
"1535413102140072HC3.110005","구로구","1535413102140072B02.112","인턴","1635413103140072AAA[14STD04553]","인력현황[명]","명","0","0","0","0","0","0","0","0","31","30","39","40","31","32","27","35","35","18","3",
"1535413102140072HC3.110005","구로구","1535413102140072B02.113","레지던트","1635413103140072AAA[14STD04553]","인력현황[명]","명","97","104","102","159","154","166","169","169","176","160","169","164","164","167","161","161","162","114","18",
"1535413102140072HC3.110005","구로구","1535413102140072B02.114","전문의","1635413103140072AAA[14STD04553]","인력현황[명]","명","407","418","459","484","505","525","551","617","662","692","719","742","765","812","828","842","878","891","905",
"1535413102140072HC3.110006","도봉구","1535413102140072B02.1","의사","1635413103140072AAA[14STD04553]","인력현황[명]","명","315","325","352","369","368","376","372","384","372","391","401","400","383","397","409","418","420","419","429",
"1535413102140072HC3.110006","도봉구","1535413102140072B02.111","일반의","1635413103140072AAA[14STD04553]","인력현황[명]","명","17","21","24","23","23","28","21","22","18","22","22","17","17","19","19","15","16","14","27",
"1535413102140072HC3.110006","도봉구","1535413102140072B02.112","인턴","1635413103140072AAA[14STD04553]","인력현황[명]","명","21","9","11","6","12","4","4","10","8","7","8","8","3","4","8","8","6","0","0",
"1535413102140072HC3.110006","도봉구","1535413102140072B02.113","레지던트","1635413103140072AAA[14STD04553]","인력현황[명]","명","40","39","38","42","33","39","39","33","37","35","38","34","31","30","25","30","26","22","8",
"1535413102140072HC3.110006","도봉구","1535413102140072B02.114","전문의","1635413103140072AAA[14STD04553]","인력현황[명]","명","237","256","279","298","300","305","308","319","309","327","333","341","332","344","357","365","372","383","394",
"1535413102140072HC3.110007","동대문구","1535413102140072B02.1","의사","1635413103140072AAA[14STD04553]","인력현황[명]","명","1062","1123","1124","1081","1173","1237","1257","1041","1035","1112","1136","1190","1106","1107","1115","1056","1154","1097","983",
"1535413102140072HC3.110007","동대문구","1535413102140072B02.111","일반의","1635413103140072AAA[14STD04553]","인력현황[명]","명","49","52","57","57","50","54","45","43","34","38","27","32","31","36","37","42","33","46","74",
"1535413102140072HC3.110007","동대문구","1535413102140072B02.112","인턴","1635413103140072AAA[14STD04553]","인력현황[명]","명","98","124","91","12","61","102","87","20","80","130","121","116","91","58","63","11","63","37","4",
"1535413102140072HC3.110007","동대문구","1535413102140072B02.113","레지던트","1635413103140072AAA[14STD04553]","인력현황[명]","명","313","307","316","342","345","355","369","226","179","150","164","196","198","210","188","176","194","150","22",
"1535413102140072HC3.110007","동대문구","1535413102140072B02.114","전문의","1635413103140072AAA[14STD04553]","인력현황[명]","명","602","640","660","670","717","726","756","752","742","794","824","846","786","803","827","827","864","864","883",
"1535413102140072HC3.110008","동작구","1535413102140072B02.1","의사","1635413103140072AAA[14STD04553]","인력현황[명]","명","565","606","622","626","707","885","923","921","928","942","973","985","967","982","1041","1043","1039","1044","942",
"1535413102140072HC3.110008","동작구","1535413102140072B02.111","일반의","1635413103140072AAA[14STD04553]","인력현황[명]","명","20","18","25","25","30","23","19","22","18","17","17","19","17","24","27","22","16","16","44",
"1535413102140072HC3.110008","동작구","1535413102140072B02.112","인턴","1635413103140072AAA[14STD04553]","인력현황[명]","명","26","29","6","4","25","41","41","41","38","32","38","40","40","40","39","42","41","41","1",
"1535413102140072HC3.110008","동작구","1535413102140072B02.113","레지던트","1635413103140072AAA[14STD04553]","인력현황[명]","명","55","62","66","78","108","176","180","160","163","167","157","155","150","146","141","152","144","143","6",
"1535413102140072HC3.110008","동작구","1535413102140072B02.114","전문의","1635413103140072AAA[14STD04553]","인력현황[명]","명","464","497","525","519","544","645","683","698","709","726","761","771","760","772","834","827","838","844","891",
"1535413102140072HC3.110009","마포구","1535413102140072B02.1","의사","1635413103140072AAA[14STD04553]","인력현황[명]","명","338","341","360","365","373","381","392","421","438","460","477","512","544","558","582","603","638","678","794",
"1535413102140072HC3.110009","마포구","1535413102140072B02.111","일반의","1635413103140072AAA[14STD04553]","인력현황[명]","명","26","28","33","32","26","30","31","33","37","40","38","47","51","57","70","68","66","107","194",
"1535413102140072HC3.110009","마포구","1535413102140072B02.112","인턴","1635413103140072AAA[14STD04553]","인력현황[명]","명","0","0","0","0","0","0","0","0","0","0","0","0","0","0","0","0","0","0","0",
"1535413102140072HC3.110009","마포구","1535413102140072B02.113","레지던트","1635413103140072AAA[14STD04553]","인력현황[명]","명","0","0","0","0","0","0","0","0","0","0","0","0","0","0","0","0","0","0","0",
"1535413102140072HC3.110009","마포구","1535413102140072B02.114","전문의","1635413103140072AAA[14STD04553]","인력현황[명]","명","312","313","327","333","347","351","361","388","401","420","439","465","493","501","512","535","572","571","600",
"1535413102140072HC3.110010","서대문구","1535413102140072B02.1","의사","1635413103140072AAA[14STD04553]","인력현황[명]","명","877","725","1052","966","1200","1153","1274","1511","1440","1438","1372","1299","1350","1469","1428","1497","1424","1638","1300",
"1535413102140072HC3.110010","서대문구","1535413102140072B02.111","일반의","1635413103140072AAA[14STD04553]","인력현황[명]","명","14","12","18","22","28","29","20","21","17","22","25","24","32","33","24","28","23","47","57",
"1535413102140072HC3.110010","서대문구","1535413102140072B02.112","인턴","1635413103140072AAA[14STD04553]","인력현황[명]","명","68","68","16","12","131","81","148","1","0","27","2","3","1","132","2","73","16","91","11",
"1535413102140072HC3.110010","서대문구","1535413102140072B02.113","레지던트","1635413103140072AAA[14STD04553]","인력현황[명]","명","300","153","368","262","310","181","303","552","454","404","371","259","250","220","264","242","236","316","55",
"1535413102140072HC3.110010","서대문구","1535413102140072B02.114","전문의","1635413103140072AAA[14STD04553]","인력현황[명]","명","495","492","650","670","731","862","803","937","969","985","974","1013","1067","1084","1138","1154","1149","1184","1177",
"1535413102140072HC3.110011","성동구","1535413102140072B02.1","의사","1635413103140072AAA[14STD04553]","인력현황[명]","명","701","726","602","604","697","703","697","657","714","666","667","697","672","725","747","762","772","754","675",
"1535413102140072HC3.110011","성동구","1535413102140072B02.111","일반의","1635413103140072AAA[14STD04553]","인력현황[명]","명","25","29","28","39","20","17","19","19","19","16","19","17","18","17","20","21","27","27","51",
"1535413102140072HC3.110011","성동구","1535413102140072B02.112","인턴","1635413103140072AAA[14STD04553]","인력현황[명]","명","83","88","0","4","69","81","71","0","63","49","39","44","30","47","47","47","50","26","0",
"1535413102140072HC3.110011","성동구","1535413102140072B02.113","레지던트","1635413103140072AAA[14STD04553]","인력현황[명]","명","220","236","203","184","202","192","198","221","204","170","167","161","142","144","139","137","119","89","11",
"1535413102140072HC3.110011","성동구","1535413102140072B02.114","전문의","1635413103140072AAA[14STD04553]","인력현황[명]","명","373","373","371","377","406","413","409","417","428","431","442","475","482","517","541","557","576","612","613",
"1535413102140072HC3.110012","성북구","1535413102140072B02.1","의사","1635413103140072AAA[14STD04553]","인력현황[명]","명","793","745","849","740","819","719","717","918","899","876","897","932","945","957","966","978","999","1013","884",
"1535413102140072HC3.110012","성북구","1535413102140072B02.111","일반의","1635413103140072AAA[14STD04553]","인력현황[명]","명","30","37","35","37","38","36","36","33","34","31","30","30","31","35","31","31","34","37","61",
"1535413102140072HC3.110012","성북구","1535413102140072B02.112","인턴","1635413103140072AAA[14STD04553]","인력현황[명]","명","78","0","79","0","4","5","3","75","58","36","36","41","37","37","30","40","37","0","2",
"1535413102140072HC3.110012","성북구","1535413102140072B02.113","레지던트","1635413103140072AAA[14STD04553]","인력현황[명]","명","196","200","206","171","212","58","64","175","182","187","187","188","177","162","166","162","163","167","15",
"1535413102140072HC3.110012","성북구","1535413102140072B02.114","전문의","1635413103140072AAA[14STD04553]","인력현황[명]","명","489","508","529","532","565","620","614","635","625","622","644","673","700","723","739","745","765","809","806",
"1535413102140072HC3.110013","영등포구","1535413102140072B02.1","의사","1635413103140072AAA[14STD04553]","인력현황[명]","명","1299","1306","1285","1342","1335","1370","1214","1267","1287","1308","1350","1373","1415","1376","1405","1449","1456","1399","1339",
"1535413102140072HC3.110013","영등포구","1535413102140072B02.111","일반의","1635413103140072AAA[14STD04553]","인력현황[명]","명","38","43","39","58","63","43","30","31","28","31","34","29","33","34","35","43","53","54","97",
"1535413102140072HC3.110013","영등포구","1535413102140072B02.112","인턴","1635413103140072AAA[14STD04553]","인력현황[명]","명","74","63","50","34","52","61","43","61","75","52","58","53","49","46","44","53","48","14","3",
"1535413102140072HC3.110013","영등포구","1535413102140072B02.113","레지던트","1635413103140072AAA[14STD04553]","인력현황[명]","명","351","363","337","381","334","347","262","258","247","241","230","218","208","195","186","183","181","147","22",
"1535413102140072HC3.110013","영등포구","1535413102140072B02.114","전문의","1635413103140072AAA[14STD04553]","인력현황[명]","명","836","837","859","869","886","919","879","917","937","984","1028","1073","1125","1101","1140","1170","1174","1184","1217",
"1535413102140072HC3.110014","용산구","1535413102140072B02.1","의사","1635413103140072AAA[14STD04553]","인력현황[명]","명","598","601","655","608","480","498","461","504","514","532","527","549","553","570","573","601","609","560","478",
"1535413102140072HC3.110014","용산구","1535413102140072B02.111","일반의","1635413103140072AAA[14STD04553]","인력현황[명]","명","20","12","16","13","21","13","11","12","12","14","12","14","13","9","12","15","13","19","29",
"1535413102140072HC3.110014","용산구","1535413102140072B02.112","인턴","1635413103140072AAA[14STD04553]","인력현황[명]","명","98","50","71","33","22","35","5","27","35","37","38","38","37","36","35","35","36","24","0",
"1535413102140072HC3.110014","용산구","1535413102140072B02.113","레지던트","1635413103140072AAA[14STD04553]","인력현황[명]","명","167","200","204","200","141","138","133","133","135","139","130","137","129","125","120","126","117","83","6",
"1535413102140072HC3.110014","용산구","1535413102140072B02.114","전문의","1635413103140072AAA[14STD04553]","인력현황[명]","명","313","339","364","362","296","312","312","332","332","342","347","360","374","400","406","425","443","434","443",
"1535413102140072HC3.110015","은평구","1535413102140072B02.1","의사","1635413103140072AAA[14STD04553]","인력현황[명]","명","394","407","417","429","443","465","503","505","513","549","546","553","718","809","841","859","882","878","875",
"1535413102140072HC3.110015","은평구","1535413102140072B02.111","일반의","1635413103140072AAA[14STD04553]","인력현황[명]","명","24","26","22","21","27","21","17","16","22","26","31","33","26","33","21","30","29","33","73",
"1535413102140072HC3.110015","은평구","1535413102140072B02.112","인턴","1635413103140072AAA[14STD04553]","인력현황[명]","명","0","0","0","0","0","0","0","0","0","0","0","0","12","14","12","15","15","2","1",
"1535413102140072HC3.110015","은평구","1535413102140072B02.113","레지던트","1635413103140072AAA[14STD04553]","인력현황[명]","명","2","4","7","6","5","7","7","7","8","6","6","6","37","45","52","52","59","62","5",
"1535413102140072HC3.110015","은평구","1535413102140072B02.114","전문의","1635413103140072AAA[14STD04553]","인력현황[명]","명","368","377","388","402","411","437","479","482","483","517","509","514","643","717","756","762","779","781","796",
"1535413102140072HC3.110016","종로구","1535413102140072B02.1","의사","1635413103140072AAA[14STD04553]","인력현황[명]","명","1688","1711","1686","1877","1752","1569","1881","2336","2274","2248","2231","2227","2271","2346","2438","2454","2496","2148","1747",
"1535413102140072HC3.110016","종로구","1535413102140072B02.111","일반의","1635413103140072AAA[14STD04553]","인력현황[명]","명","39","34","37","129","81","44","29","32","24","33","28","31","31","39","39","46","41","44","71",
"1535413102140072HC3.110016","종로구","1535413102140072B02.112","인턴","1635413103140072AAA[14STD04553]","인력현황[명]","명","55","33","38","11","13","22","193","207","212","214","213","201","202","208","195","205","212","118","20",
"1535413102140072HC3.110016","종로구","1535413102140072B02.113","레지던트","1635413103140072AAA[14STD04553]","인력현황[명]","명","709","707","736","843","656","529","497","875","850","770","760","724","723","717","721","710","718","520","104",
"1535413102140072HC3.110016","종로구","1535413102140072B02.114","전문의","1635413103140072AAA[14STD04553]","인력현황[명]","명","885","937","875","894","1002","974","1162","1222","1188","1231","1230","1271","1315","1382","1483","1493","1525","1466","1552",
"1535413102140072HC3.110017","중구","1535413102140072B02.1","의사","1635413103140072AAA[14STD04553]","인력현황[명]","명","554","619","691","711","841","869","952","899","898","899","897","920","809","824","843","818","837","823","899",
"1535413102140072HC3.110017","중구","1535413102140072B02.111","일반의","1635413103140072AAA[14STD04553]","인력현황[명]","명","28","33","35","35","35","37","37","34","29","30","33","37","39","38","42","36","44","66","174",
"1535413102140072HC3.110017","중구","1535413102140072B02.112","인턴","1635413103140072AAA[14STD04553]","인력현황[명]","명","18","20","4","2","35","28","44","28","50","47","54","36","30","31","50","33","29","3","5",
"1535413102140072HC3.110017","중구","1535413102140072B02.113","레지던트","1635413103140072AAA[14STD04553]","인력현황[명]","명","30","82","121","121","212","199","206","184","159","154","129","134","84","83","65","75","75","69","29",
"1535413102140072HC3.110017","중구","1535413102140072B02.114","전문의","1635413103140072AAA[14STD04553]","인력현황[명]","명","478","484","531","553","559","605","665","653","660","668","681","713","656","672","686","674","689","685","691",
"1535413102140072HC3.110018","송파구","1535413102140072B02.1","의사","1635413103140072AAA[14STD04553]","인력현황[명]","명","1601","1419","1494","1954","2093","2037","2104","2262","2239","2321","2348","2505","2593","2654","2737","2800","2882","2595","2353",
"1535413102140072HC3.110018","송파구","1535413102140072B02.111","일반의","1635413103140072AAA[14STD04553]","인력현황[명]","명","37","38","41","41","59","55","40","40","43","63","61","70","69","73","83","78","73","91","143",
"1535413102140072HC3.110018","송파구","1535413102140072B02.112","인턴","1635413103140072AAA[14STD04553]","인력현황[명]","명","161","24","13","104","128","148","154","146","106","149","131","135","139","133","134","142","142","2","13",
"1535413102140072HC3.110018","송파구","1535413102140072B02.113","레지던트","1635413103140072AAA[14STD04553]","인력현황[명]","명","412","338","380","539","562","542","525","548","534","519","503","490","499","471","480","472","486","468","41",
"1535413102140072HC3.110018","송파구","1535413102140072B02.114","전문의","1635413103140072AAA[14STD04553]","인력현황[명]","명","991","1019","1060","1270","1344","1292","1385","1528","1556","1590","1653","1810","1886","1977","2040","2108","2181","2034","2156",
"1535413102140072HC3.110019","중랑구","1535413102140072B02.1","의사","1635413103140072AAA[14STD04553]","인력현황[명]","명","314","334","358","368","531","513","536","558","557","599","639","633","642","665","683","713","728","717","724",
"1535413102140072HC3.110019","중랑구","1535413102140072B02.111","일반의","1635413103140072AAA[14STD04553]","인력현황[명]","명","21","23","27","20","28","21","16","23","20","23","25","25","22","19","23","26","21","23","58",
"1535413102140072HC3.110019","중랑구","1535413102140072B02.112","인턴","1635413103140072AAA[14STD04553]","인력현황[명]","명","0","0","0","0","13","0","0","15","10","26","26","24","24","23","24","24","18","0","0",
"1535413102140072HC3.110019","중랑구","1535413102140072B02.113","레지던트","1635413103140072AAA[14STD04553]","인력현황[명]","명","0","0","6","6","66","60","80","68","69","83","82","86","77","72","65","61","56","43","9",
"1535413102140072HC3.110019","중랑구","1535413102140072B02.114","전문의","1635413103140072AAA[14STD04553]","인력현황[명]","명","293","311","325","342","424","432","440","452","458","467","506","498","519","551","571","602","633","651","657",
"1535413102140072HC3.110020","양천구","1535413102140072B02.1","의사","1635413103140072AAA[14STD04553]","인력현황[명]","명","734","771","810","843","808","837","861","854","909","913","949","966","845","914","904","899","964","943","860",
"1535413102140072HC3.110020","양천구","1535413102140072B02.111","일반의","1635413103140072AAA[14STD04553]","인력현황[명]","명","23","36","56","55","32","29","24","23","26","22","24","27","28","29","34","33","41","41","60",
"1535413102140072HC3.110020","양천구","1535413102140072B02.112","인턴","1635413103140072AAA[14STD04553]","인력현황[명]","명","46","50","0","29","10","5","30","0","24","31","38","38","29","34","30","40","43","2","1",
"1535413102140072HC3.110020","양천구","1535413102140072B02.113","레지던트","1635413103140072AAA[14STD04553]","인력현황[명]","명","166","195","231","221","191","186","173","180","181","180","185","173","164","150","140","130","125","125","22",
"1535413102140072HC3.110020","양천구","1535413102140072B02.114","전문의","1635413103140072AAA[14STD04553]","인력현황[명]","명","499","490","523","538","575","617","634","651","678","680","702","728","624","701","700","696","755","775","777",
"1535413102140072HC3.110021","서초구","1535413102140072B02.1","의사","1635413103140072AAA[14STD04553]","인력현황[명]","명","767","798","967","1014","1121","1142","1467","1650","1714","1749","1809","1889","1947","1988","2140","2339","2425","2469","2683",
"1535413102140072HC3.110021","서초구","1535413102140072B02.111","일반의","1635413103140072AAA[14STD04553]","인력현황[명]","명","36","37","51","54","98","92","57","57","61","67","87","86","87","87","106","124","167","210","453",
"1535413102140072HC3.110021","서초구","1535413102140072B02.112","인턴","1635413103140072AAA[14STD04553]","인력현황[명]","명","9","6","0","0","1","1","33","54","50","57","56","57","55","54","52","58","54","1","1",
"1535413102140072HC3.110021","서초구","1535413102140072B02.113","레지던트","1635413103140072AAA[14STD04553]","인력현황[명]","명","14","4","13","18","18","23","275","280","283","274","266","255","249","242","224","231","225","224","45",
"1535413102140072HC3.110021","서초구","1535413102140072B02.114","전문의","1635413103140072AAA[14STD04553]","인력현황[명]","명","708","751","903","942","1004","1026","1102","1259","1320","1351","1400","1491","1556","1605","1758","1926","1979","2034","2184",
"1535413102140072HC3.110022","노원구","1535413102140072B02.1","의사","1635413103140072AAA[14STD04553]","인력현황[명]","명","1097","1108","1090","1144","1159","1198","1132","1231","1217","1238","1247","1242","1242","1242","1255","1195","1261","1180","1098",
"1535413102140072HC3.110022","노원구","1535413102140072B02.111","일반의","1635413103140072AAA[14STD04553]","인력현황[명]","명","30","44","31","33","38","37","25","30","29","39","45","38","42","40","51","43","50","58","105",
"1535413102140072HC3.110022","노원구","1535413102140072B02.112","인턴","1635413103140072AAA[14STD04553]","인력현황[명]","명","109","69","20","37","67","107","39","96","82","70","94","49","58","70","74","39","102","45","7",
"1535413102140072HC3.110022","노원구","1535413102140072B02.113","레지던트","1635413103140072AAA[14STD04553]","인력현황[명]","명","257","270","282","293","284","267","253","263","262","277","246","271","254","233","212","172","154","115","24",
"1535413102140072HC3.110022","노원구","1535413102140072B02.114","전문의","1635413103140072AAA[14STD04553]","인력현황[명]","명","701","725","757","781","770","787","815","842","844","852","862","884","888","899","918","941","955","962","962",
"1535413102140072HC3.110023","광진구","1535413102140072B02.1","의사","1635413103140072AAA[14STD04553]","인력현황[명]","명","578","599","695","763","735","818","848","865","884","887","900","916","919","916","930","930","922","890","837",
"1535413102140072HC3.110023","광진구","1535413102140072B02.111","일반의","1635413103140072AAA[14STD04553]","인력현황[명]","명","32","29","23","33","37","22","18","24","24","24","22","27","29","25","30","29","27","28","53",
"1535413102140072HC3.110023","광진구","1535413102140072B02.112","인턴","1635413103140072AAA[14STD04553]","인력현황[명]","명","24","34","37","38","31","35","37","38","36","39","38","36","35","32","31","35","34","22","0",
"1535413102140072HC3.110023","광진구","1535413102140072B02.113","레지던트","1635413103140072AAA[14STD04553]","인력현황[명]","명","90","84","151","169","137","187","202","193","201","192","193","188","184","175","174","166","155","116","37",
"1535413102140072HC3.110023","광진구","1535413102140072B02.114","전문의","1635413103140072AAA[14STD04553]","인력현황[명]","명","432","452","484","523","530","574","591","610","623","632","647","665","671","684","695","700","706","724","747",
"1535413102140072HC3.110024","강북구","1535413102140072B02.1","의사","1635413103140072AAA[14STD04553]","인력현황[명]","명","321","332","340","354","356","370","375","374","371","382","398","401","412","430","440","436","450","463","499",
"1535413102140072HC3.110024","강북구","1535413102140072B02.111","일반의","1635413103140072AAA[14STD04553]","인력현황[명]","명","24","23","19","21","22","15","13","13","12","9","12","15","15","18","18","18","16","19","52",
"1535413102140072HC3.110024","강북구","1535413102140072B02.112","인턴","1635413103140072AAA[14STD04553]","인력현황[명]","명","0","0","0","0","0","0","0","0","0","0","0","0","0","0","0","0","0","0","0",
"1535413102140072HC3.110024","강북구","1535413102140072B02.113","레지던트","1635413103140072AAA[14STD04553]","인력현황[명]","명","12","13","16","17","16","16","15","15","16","15","17","17","12","15","14","13","12","12","0",
"1535413102140072HC3.110024","강북구","1535413102140072B02.114","전문의","1635413103140072AAA[14STD04553]","인력현황[명]","명","285","296","305","316","318","339","347","346","343","358","369","369","385","397","408","405","422","432","447",
"1535413102140072HC3.110025","금천구","1535413102140072B02.1","의사","1635413103140072AAA[14STD04553]","인력현황[명]","명","156","174","183","186","206","216","224","241","247","271","280","287","308","333","335","334","350","347","367",
"1535413102140072HC3.110025","금천구","1535413102140072B02.111","일반의","1635413103140072AAA[14STD04553]","인력현황[명]","명","8","10","13","13","17","14","7","10","12","11","12","14","11","17","19","13","10","10","23",
"1535413102140072HC3.110025","금천구","1535413102140072B02.112","인턴","1635413103140072AAA[14STD04553]","인력현황[명]","명","0","0","0","0","0","0","0","0","0","0","0","0","0","0","0","0","0","0","0",
"1535413102140072HC3.110025","금천구","1535413102140072B02.113","레지던트","1635413103140072AAA[14STD04553]","인력현황[명]","명","0","0","0","0","0","0","0","0","0","0","0","0","0","1","0","0","0","0","0",
"1535413102140072HC3.110025","금천구","1535413102140072B02.114","전문의","1635413103140072AAA[14STD04553]","인력현황[명]","명","148","164","170","173","189","202","217","231","235","260","268","273","297","315","316","321","340","337","344",
"1535413102140072HC3.21","부산","1535413102140072B02.1","의사","1635413103140072AAA[14STD04553]","인력현황[명]","명","5568","5796","5994","6218","6420","6737","6997","7239","7390","7591","7659","7779","7897","8079","8130","8219","8384","8301","8083",
"1535413102140072HC3.21","부산","1535413102140072B02.111","일반의","1635413103140072AAA[14STD04553]","인력현황[명]","명","385","367","346","346","366","387","331","344","354","365","349","349","355","379","359","369","379","388","702",
"1535413102140072HC3.21","부산","1535413102140072B02.112","인턴","1635413103140072AAA[14STD04553]","인력현황[명]","명","362","377","192","202","200","137","224","243","242","215","203","193","184","198","209","200","202","149","23",
"1535413102140072HC3.21","부산","1535413102140072B02.113","레지던트","1635413103140072AAA[14STD04553]","인력현황[명]","명","740","809","959","970","900","938","948","924","897","877","847","829","785","709","659","655","663","521","81",
"1535413102140072HC3.21","부산","1535413102140072B02.114","전문의","1635413103140072AAA[14STD04553]","인력현황[명]","명","4081","4243","4497","4700","4954","5275","5494","5728","5897","6134","6260","6408","6573","6793","6903","6995","7140","7243","7277",
"1535413102140072HC3.210001","남구","1535413102140072B02.1","의사","1635413103140072AAA[14STD04553]","인력현황[명]","명","268","278","293","299","324","336","337","344","341","346","362","364","358","355","356","370","386","400","414",
"1535413102140072HC3.210001","남구","1535413102140072B02.111","일반의","1635413103140072AAA[14STD04553]","인력현황[명]","명","40","12","18","17","19","19","18","17","16","14","19","20","19","21","18","19","19","22","35",
"1535413102140072HC3.210001","남구","1535413102140072B02.112","인턴","1635413103140072AAA[14STD04553]","인력현황[명]","명","0","0","5","3","4","5","6","4","2","5","6","6","3","1","2","1","0","2","3",
"1535413102140072HC3.210001","남구","1535413102140072B02.113","레지던트","1635413103140072AAA[14STD04553]","인력현황[명]","명","1","27","29","28","29","32","29","28","24","24","24","24","23","19","13","13","12","11","9",
"1535413102140072HC3.210001","남구","1535413102140072B02.114","전문의","1635413103140072AAA[14STD04553]","인력현황[명]","명","227","239","241","251","272","280","284","295","299","303","313","314","313","314","323","337","355","365","367",
"1535413102140072HC3.210002","동구","1535413102140072B02.1","의사","1635413103140072AAA[14STD04553]","인력현황[명]","명","290","302","304","304","309","314","320","324","351","358","343","349","352","366","362","359","365","358","373",
"1535413102140072HC3.210002","동구","1535413102140072B02.111","일반의","1635413103140072AAA[14STD04553]","인력현황[명]","명","25","26","32","33","29","20","16","18","20","22","18","16","15","24","14","14","14","16","29",
"1535413102140072HC3.210002","동구","1535413102140072B02.112","인턴","1635413103140072AAA[14STD04553]","인력현황[명]","명","3","5","5","6","3","3","6","9","9","2","3","0","1","0","1","4","7","3","2",
"1535413102140072HC3.210002","동구","1535413102140072B02.113","레지던트","1635413103140072AAA[14STD04553]","인력현황[명]","명","35","33","25","21","22","29","28","22","21","18","11","12","8","8","5","7","7","7","6",
"1535413102140072HC3.210002","동구","1535413102140072B02.114","전문의","1635413103140072AAA[14STD04553]","인력현황[명]","명","227","238","242","244","255","262","270","275","301","316","311","321","328","334","342","334","337","332","336",
"1535413102140072HC3.210003","동래구","1535413102140072B02.1","의사","1635413103140072AAA[14STD04553]","인력현황[명]","명","383","414","420","423","463","476","490","509","528","533","530","564","589","590","584","604","632","643","675",
"1535413102140072HC3.210003","동래구","1535413102140072B02.111","일반의","1635413103140072AAA[14STD04553]","인력현황[명]","명","25","33","25","29","31","30","24","28","26","26","27","30","33","30","32","30","26","23","51",
"1535413102140072HC3.210003","동래구","1535413102140072B02.112","인턴","1635413103140072AAA[14STD04553]","인력현황[명]","명","3","10","15","14","18","7","8","12","12","12","3","3","1","4","3","5","4","0","0",
"1535413102140072HC3.210003","동래구","1535413102140072B02.113","레지던트","1635413103140072AAA[14STD04553]","인력현황[명]","명","13","9","8","7","10","13","19","17","16","16","14","16","13","6","2","2","0","0","0",
"1535413102140072HC3.210003","동래구","1535413102140072B02.114","전문의","1635413103140072AAA[14STD04553]","인력현황[명]","명","342","362","372","373","404","426","439","452","474","479","486","515","542","550","547","567","602","620","624",
"1535413102140072HC3.210004","진구","1535413102140072B02.1","의사","1635413103140072AAA[14STD04553]","인력현황[명]","명","993","1008","981","1027","1010","1132","1162","1210","1199","1247","1245","1288","1322","1345","1384","1421","1428","1415","1398",
"1535413102140072HC3.210004","진구","1535413102140072B02.111","일반의","1635413103140072AAA[14STD04553]","인력현황[명]","명","41","43","39","35","39","57","46","47","48","54","53","58","62","74","73","86","99","104","196",
"1535413102140072HC3.210004","진구","1535413102140072B02.112","인턴","1635413103140072AAA[14STD04553]","인력현황[명]","명","55","57","10","47","40","29","35","40","42","42","39","35","34","35","38","36","39","33","2",
"1535413102140072HC3.210004","진구","1535413102140072B02.113","레지던트","1635413103140072AAA[14STD04553]","인력현황[명]","명","204","203","194","198","161","205","215","192","183","179","177","170","157","138","133","129","126","99","12",
"1535413102140072HC3.210004","진구","1535413102140072B02.114","전문의","1635413103140072AAA[14STD04553]","인력현황[명]","명","693","705","738","747","770","841","866","931","926","972","976","1025","1069","1098","1140","1170","1164","1179","1188",
"1535413102140072HC3.210005","북구","1535413102140072B02.1","의사","1635413103140072AAA[14STD04553]","인력현황[명]","명","279","279","305","317","342","348","359","371","391","407","420","422","444","454","458","445","455","455","485",
"1535413102140072HC3.210005","북구","1535413102140072B02.111","일반의","1635413103140072AAA[14STD04553]","인력현황[명]","명","18","19","22","22","26","30","25","21","22","27","27","23","24","21","26","25","22","21","44",
"1535413102140072HC3.210005","북구","1535413102140072B02.112","인턴","1635413103140072AAA[14STD04553]","인력현황[명]","명","0","0","0","0","0","0","2","0","0","1","1","2","1","1","1","2","1","3","0",
"1535413102140072HC3.210005","북구","1535413102140072B02.113","레지던트","1635413103140072AAA[14STD04553]","인력현황[명]","명","0","0","0","0","0","1","2","3","4","4","3","4","4","4","4","3","4","3","0",
"1535413102140072HC3.210005","북구","1535413102140072B02.114","전문의","1635413103140072AAA[14STD04553]","인력현황[명]","명","261","260","283","295","316","317","330","347","365","375","389","393","415","428","427","415","428","428","441",
"1535413102140072HC3.210006","서구","1535413102140072B02.1","의사","1635413103140072AAA[14STD04553]","인력현황[명]","명","1095","1152","1183","1163","1142","1182","1251","1265","1298","1343","1362","1330","1326","1354","1367","1329","1356","1224","840",
"1535413102140072HC3.210006","서구","1535413102140072B02.111","일반의","1635413103140072AAA[14STD04553]","인력현황[명]","명","25","25","29","25","27","36","25","24","27","18","18","11","14","22","12","11","12","17","23",
"1535413102140072HC3.210006","서구","1535413102140072B02.112","인턴","1635413103140072AAA[14STD04553]","인력현황[명]","명","253","260","124","88","93","58","124","120","115","106","101","101","106","112","112","98","103","82","5",
"1535413102140072HC3.210006","서구","1535413102140072B02.113","레지던트","1635413103140072AAA[14STD04553]","인력현황[명]","명","316","360","493","505","472","454","424","422","421","421","424","413","400","370","363","372","375","287","21",
"1535413102140072HC3.210006","서구","1535413102140072B02.114","전문의","1635413103140072AAA[14STD04553]","인력현황[명]","명","501","507","537","545","550","634","678","699","735","798","819","805","806","850","880","848","866","838","791",
"1535413102140072HC3.210007","영도구","1535413102140072B02.1","의사","1635413103140072AAA[14STD04553]","인력현황[명]","명","158","158","172","171","157","154","158","159","162","165","171","171","172","188","183","178","173","174","172",
"1535413102140072HC3.210007","영도구","1535413102140072B02.111","일반의","1635413103140072AAA[14STD04553]","인력현황[명]","명","26","22","23","19","18","15","16","18","18","15","16","17","14","14","14","13","12","11","17",
"1535413102140072HC3.210007","영도구","1535413102140072B02.112","인턴","1635413103140072AAA[14STD04553]","인력현황[명]","명","0","1","2","1","2","1","2","1","2","1","1","1","2","1","1","3","2","1","0",
"1535413102140072HC3.210007","영도구","1535413102140072B02.113","레지던트","1635413103140072AAA[14STD04553]","인력현황[명]","명","12","13","15","15","13","9","4","2","2","1","0","1","1","2","1","1","2","1","0",
"1535413102140072HC3.210007","영도구","1535413102140072B02.114","전문의","1635413103140072AAA[14STD04553]","인력현황[명]","명","120","122","132","136","124","129","136","138","140","148","154","152","155","171","167","161","157","161","155",
"1535413102140072HC3.210008","중구","1535413102140072B02.1","의사","1635413103140072AAA[14STD04553]","인력현황[명]","명","263","251","240","231","220","217","221","220","225","212","211","201","198","198","200","201","208","203","199",
"1535413102140072HC3.210008","중구","1535413102140072B02.111","일반의","1635413103140072AAA[14STD04553]","인력현황[명]","명","15","15","15","16","15","14","12","12","12","15","11","11","10","8","12","8","8","11","24",
"1535413102140072HC3.210008","중구","1535413102140072B02.112","인턴","1635413103140072AAA[14STD04553]","인력현황[명]","명","20","11","5","6","6","1","7","5","6","1","7","3","1","2","2","2","4","0","3",
"1535413102140072HC3.210008","중구","1535413102140072B02.113","레지던트","1635413103140072AAA[14STD04553]","인력현황[명]","명","61","60","59","54","53","43","44","39","38","32","25","25","22","21","14","15","19","19","1",
"1535413102140072HC3.210008","중구","1535413102140072B02.114","전문의","1635413103140072AAA[14STD04553]","인력현황[명]","명","167","165","161","155","146","159","158","164","169","164","168","162","165","167","172","176","177","173","171",
"1535413102140072HC3.210009","해운대구","1535413102140072B02.1","의사","1635413103140072AAA[14STD04553]","인력현황[명]","명","302","336","372","525","608","676","714","770","795","843","865","869","898","941","935","968","995","992","956",
"1535413102140072HC3.210009","해운대구","1535413102140072B02.111","일반의","1635413103140072AAA[14STD04553]","인력현황[명]","명","30","29","32","34","36","38","36","44","46","49","50","52","53","52","56","56","57","55","78",
"1535413102140072HC3.210009","해운대구","1535413102140072B02.112","인턴","1635413103140072AAA[14STD04553]","인력현황[명]","명","0","0","0","12","17","24","14","22","23","22","21","22","19","22","24","23","24","18","0",
"1535413102140072HC3.210009","해운대구","1535413102140072B02.113","레지던트","1635413103140072AAA[14STD04553]","인력현황[명]","명","0","1","2","7","21","43","67","86","92","97","96","95","91","86","80","84","88","68","13",
"1535413102140072HC3.210009","해운대구","1535413102140072B02.114","전문의","1635413103140072AAA[14STD04553]","인력현황[명]","명","272","306","338","472","534","571","597","618","634","675","698","700","735","781","775","805","826","851","865",
"1535413102140072HC3.210010","사하구","1535413102140072B02.1","의사","1635413103140072AAA[14STD04553]","인력현황[명]","명","299","319","351","360","364","374","379","394","405","419","426","438","441","450","437","452","462","462","492",
"1535413102140072HC3.210010","사하구","1535413102140072B02.111","일반의","1635413103140072AAA[14STD04553]","인력현황[명]","명","21","23","19","21","23","22","20","20","24","25","18","24","26","23","21","26","24","25","43",
"1535413102140072HC3.210010","사하구","1535413102140072B02.112","인턴","1635413103140072AAA[14STD04553]","인력현황[명]","명","0","0","0","0","0","0","0","0","0","0","0","0","0","0","0","0","0","0","0",
"1535413102140072HC3.210010","사하구","1535413102140072B02.113","레지던트","1635413103140072AAA[14STD04553]","인력현황[명]","명","0","0","0","0","0","0","0","0","0","0","0","0","0","0","0","0","0","0","0",
"1535413102140072HC3.210010","사하구","1535413102140072B02.114","전문의","1635413103140072AAA[14STD04553]","인력현황[명]","명","278","296","332","339","341","352","359","374","381","394","408","414","415","427","416","426","438","437","449",
"1535413102140072HC3.210011","금정구","1535413102140072B02.1","의사","1635413103140072AAA[14STD04553]","인력현황[명]","명","369","370","375","357","357","353","368","378","364","349","313","313","325","325","323","337","329","332","352",
"1535413102140072HC3.210011","금정구","1535413102140072B02.111","일반의","1635413103140072AAA[14STD04553]","인력현황[명]","명","40","34","21","23","24","25","23","28","28","23","26","25","25","29","26","22","22","23","36",
"1535413102140072HC3.210011","금정구","1535413102140072B02.112","인턴","1635413103140072AAA[14STD04553]","인력현황[명]","명","14","13","10","4","3","1","1","4","5","2","1","0","0","0","0","0","0","0","0",
"1535413102140072HC3.210011","금정구","1535413102140072B02.113","레지던트","1635413103140072AAA[14STD04553]","인력현황[명]","명","46","44","57","51","46","31","28","23","14","5","0","0","0","0","0","0","0","0","0",
"1535413102140072HC3.210011","금정구","1535413102140072B02.114","전문의","1635413103140072AAA[14STD04553]","인력현황[명]","명","269","279","287","279","284","296","316","323","317","319","286","288","300","296","297","315","307","309","316",
"1535413102140072HC3.210012","강서구","1535413102140072B02.1","의사","1635413103140072AAA[14STD04553]","인력현황[명]","명","15","15","22","26","26","27","31","37","39","45","57","71","83","89","99","109","120","123","122",
"1535413102140072HC3.210012","강서구","1535413102140072B02.111","일반의","1635413103140072AAA[14STD04553]","인력현황[명]","명","2","3","4","3","2","6","2","3","2","2","2","3","4","5","3","4","5","7","11",
"1535413102140072HC3.210012","강서구","1535413102140072B02.112","인턴","1635413103140072AAA[14STD04553]","인력현황[명]","명","0","0","0","0","0","0","0","0","0","0","0","0","0","0","0","0","0","0","0",
"1535413102140072HC3.210012","강서구","1535413102140072B02.113","레지던트","1635413103140072AAA[14STD04553]","인력현황[명]","명","0","0","0","0","0","0","0","0","0","0","0","0","0","0","0","0","0","0","0",
"1535413102140072HC3.210012","강서구","1535413102140072B02.114","전문의","1635413103140072AAA[14STD04553]","인력현황[명]","명","13","12","18","23","24","21","29","34","37","43","55","68","79","84","96","105","115","116","111",
"1535413102140072HC3.210013","연제구","1535413102140072B02.1","의사","1635413103140072AAA[14STD04553]","인력현황[명]","명","277","299","315","332","328","323","345","367","383","399","415","422","412","407","414","413","430","439","444",
"1535413102140072HC3.210013","연제구","1535413102140072B02.111","일반의","1635413103140072AAA[14STD04553]","인력현황[명]","명","22","27","18","20","21","21","20","17","23","22","20","18","18","18","16","15","17","16","28",
"1535413102140072HC3.210013","연제구","1535413102140072B02.112","인턴","1635413103140072AAA[14STD04553]","인력현황[명]","명","0","7","8","6","7","5","5","9","8","5","6","6","5","7","11","13","5","2","3",
"1535413102140072HC3.210013","연제구","1535413102140072B02.113","레지던트","1635413103140072AAA[14STD04553]","인력현황[명]","명","25","27","33","34","24","25","31","32","31","31","28","25","22","18","12","6","14","10","7",
"1535413102140072HC3.210013","연제구","1535413102140072B02.114","전문의","1635413103140072AAA[14STD04553]","인력현황[명]","명","230","238","256","272","276","272","289","309","321","341","361","373","367","364","375","379","394","411","406",
"1535413102140072HC3.210014","수영구","1535413102140072B02.1","의사","1635413103140072AAA[14STD04553]","인력현황[명]","명","235","247","273","284","300","328","333","342","342","355","380","396","384","413","415","421","413","452","486",
"1535413102140072HC3.210014","수영구","1535413102140072B02.111","일반의","1635413103140072AAA[14STD04553]","인력현황[명]","명","18","23","20","19","18","17","15","16","14","21","18","19","17","17","16","19","15","17","39",
"1535413102140072HC3.210014","수영구","1535413102140072B02.112","인턴","1635413103140072AAA[14STD04553]","인력현황[명]","명","2","0","4","4","3","0","5","7","6","4","4","5","2","5","5","4","3","0","1",
"1535413102140072HC3.210014","수영구","1535413102140072B02.113","레지던트","1635413103140072AAA[14STD04553]","인력현황[명]","명","2","6","15","18","20","22","21","20","20","20","19","19","16","12","9","5","3","5","5",
"1535413102140072HC3.210014","수영구","1535413102140072B02.114","전문의","1635413103140072AAA[14STD04553]","인력현황[명]","명","213","218","234","243","259","289","292","299","302","310","339","353","349","379","385","393","392","430","441",
"1535413102140072HC3.210015","사상구","1535413102140072B02.1","의사","1635413103140072AAA[14STD04553]","인력현황[명]","명","278","304","318","322","338","351","369","379","381","379","371","378","392","394","397","389","397","390","414",
"1535413102140072HC3.210015","사상구","1535413102140072B02.111","일반의","1635413103140072AAA[14STD04553]","인력현황[명]","명","24","23","17","17","21","20","20","17","15","18","15","13","14","14","11","12","19","12","25",
"1535413102140072HC3.210015","사상구","1535413102140072B02.112","인턴","1635413103140072AAA[14STD04553]","인력현황[명]","명","12","13","4","11","4","3","9","10","12","12","10","9","9","8","9","9","10","5","4",
"1535413102140072HC3.210015","사상구","1535413102140072B02.113","레지던트","1635413103140072AAA[14STD04553]","인력현황[명]","명","25","26","29","32","29","31","36","38","31","29","26","25","28","25","23","18","13","11","7",
"1535413102140072HC3.210015","사상구","1535413102140072B02.114","전문의","1635413103140072AAA[14STD04553]","인력현황[명]","명","217","242","268","262","284","297","304","314","323","320","320","331","341","347","354","350","355","362","378",
"1535413102140072HC3.210100","기장군","1535413102140072B02.1","의사","1635413103140072AAA[14STD04553]","인력현황[명]","명","64","64","70","77","132","146","160","170","186","191","188","203","201","210","216","223","235","239","261",
"1535413102140072HC3.210100","기장군","1535413102140072B02.111","일반의","1635413103140072AAA[14STD04553]","인력현황[명]","명","13","10","12","13","17","17","13","14","13","14","11","9","7","7","9","9","8","8","23",
"1535413102140072HC3.210100","기장군","1535413102140072B02.112","인턴","1635413103140072AAA[14STD04553]","인력현황[명]","명","0","0","0","0","0","0","0","0","0","0","0","0","0","0","0","0","0","0","0",
"1535413102140072HC3.210100","기장군","1535413102140072B02.113","레지던트","1635413103140072AAA[14STD04553]","인력현황[명]","명","0","0","0","0","0","0","0","0","0","0","0","0","0","0","0","0","0","0","0",
"1535413102140072HC3.210100","기장군","1535413102140072B02.114","전문의","1635413103140072AAA[14STD04553]","인력현황[명]","명","51","54","58","64","115","129","147","156","173","177","177","194","194","203","207","214","227","231","238",
"1535413102140072HC3.22","대구","1535413102140072B02.1","의사","1635413103140072AAA[14STD04553]","인력현황[명]","명","3923","4266","4299","4489","4675","4874","5004","5155","5248","5391","5502","5588","5756","5859","5982","6141","6233","6287","5866",
"1535413102140072HC3.22","대구","1535413102140072B02.111","일반의","1635413103140072AAA[14STD04553]","인력현황[명]","명","134","132","149","153","165","149","130","132","136","144","147","160","157","156","169","180","177","226","438",
"1535413102140072HC3.22","대구","1535413102140072B02.112","인턴","1635413103140072AAA[14STD04553]","인력현황[명]","명","364","284","128","108","215","187","192","202","209","213","211","176","195","197","160","170","199","202","4",
"1535413102140072HC3.22","대구","1535413102140072B02.113","레지던트","1635413103140072AAA[14STD04553]","인력현황[명]","명","540","783","792","837","827","846","834","824","799","792","728","721","716","684","656","637","614","541","51",
"1535413102140072HC3.22","대구","1535413102140072B02.114","전문의","1635413103140072AAA[14STD04553]","인력현황[명]","명","2885","3067","3230","3391","3468","3692","3848","3997","4104","4242","4416","4531","4688","4822","4997","5154","5243","5318","5373",
"1535413102140072HC3.220001","남구","1535413102140072B02.1","의사","1635413103140072AAA[14STD04553]","인력현황[명]","명","636","866","799","857","900","899","902","940","934","958","935","900","947","948","938","963","952","936","688",
"1535413102140072HC3.220001","남구","1535413102140072B02.111","일반의","1635413103140072AAA[14STD04553]","인력현황[명]","명","8","5","13","13","17","11","8","7","6","7","6","6","5","7","11","10","7","12","21",
"1535413102140072HC3.220001","남구","1535413102140072B02.112","인턴","1635413103140072AAA[14STD04553]","인력현황[명]","명","158","87","14","48","75","68","65","62","63","74","82","42","65","67","54","58","64","92","3",
"1535413102140072HC3.220001","남구","1535413102140072B02.113","레지던트","1635413103140072AAA[14STD04553]","인력현황[명]","명","83","308","326","337","320","310","303","298","287","295","255","262","264","235","230","219","212","167","13",
"1535413102140072HC3.220001","남구","1535413102140072B02.114","전문의","1635413103140072AAA[14STD04553]","인력현황[명]","명","387","466","446","459","488","510","526","573","578","582","592","590","613","639","643","676","669","665","651",
"1535413102140072HC3.220002","동구","1535413102140072B02.1","의사","1635413103140072AAA[14STD04553]","인력현황[명]","명","501","500","482","495","506","517","503","535","555","573","582","600","606","614","613","651","645","633","622",
"1535413102140072HC3.220002","동구","1535413102140072B02.111","일반의","1635413103140072AAA[14STD04553]","인력현황[명]","명","25","22","20","20","20","19","15","20","19","16","14","14","14","13","14","15","12","16","27",
"1535413102140072HC3.220002","동구","1535413102140072B02.112","인턴","1635413103140072AAA[14STD04553]","인력현황[명]","명","26","24","0","1","12","17","8","10","16","13","12","14","15","18","13","15","16","13","1",
"1535413102140072HC3.220002","동구","1535413102140072B02.113","레지던트","1635413103140072AAA[14STD04553]","인력현황[명]","명","112","106","102","91","82","81","79","75","69","64","61","65","65","62","57","60","55","43","8",
"1535413102140072HC3.220002","동구","1535413102140072B02.114","전문의","1635413103140072AAA[14STD04553]","인력현황[명]","명","338","348","360","383","392","400","401","430","451","480","495","507","512","521","529","561","562","561","586",
"1535413102140072HC3.220003","북구","1535413102140072B02.1","의사","1635413103140072AAA[14STD04553]","인력현황[명]","명","378","402","402","408","467","497","522","548","577","593","652","661","692","713","775","778","795","804","819",
"1535413102140072HC3.220003","북구","1535413102140072B02.111","일반의","1635413103140072AAA[14STD04553]","인력현황[명]","명","22","26","21","23","31","24","20","22","21","23","20","19","18","18","18","17","17","22","64",
"1535413102140072HC3.220003","북구","1535413102140072B02.112","인턴","1635413103140072AAA[14STD04553]","인력현황[명]","명","0","0","0","0","4","0","0","0","0","0","0","0","0","0","0","0","0","0","0",
"1535413102140072HC3.220003","북구","1535413102140072B02.113","레지던트","1635413103140072AAA[14STD04553]","인력현황[명]","명","0","0","0","0","0","0","0","0","0","0","0","3","8","16","21","20","18","26","5",
"1535413102140072HC3.220003","북구","1535413102140072B02.114","전문의","1635413103140072AAA[14STD04553]","인력현황[명]","명","356","376","381","385","432","473","502","526","556","570","632","639","666","679","736","741","760","756","750",
"1535413102140072HC3.220004","서구","1535413102140072B02.1","의사","1635413103140072AAA[14STD04553]","인력현황[명]","명","236","239","259","273","261","265","280","281","277","284","283","284","280","268","272","265","301","293","302",
"1535413102140072HC3.220004","서구","1535413102140072B02.111","일반의","1635413103140072AAA[14STD04553]","인력현황[명]","명","13","14","11","9","9","12","8","6","6","5","7","6","10","10","12","10","11","12","20",
"1535413102140072HC3.220004","서구","1535413102140072B02.112","인턴","1635413103140072AAA[14STD04553]","인력현황[명]","명","4","0","2","5","3","3","3","5","5","5","2","5","4","0","5","0","2","1","0",
"1535413102140072HC3.220004","서구","1535413102140072B02.113","레지던트","1635413103140072AAA[14STD04553]","인력현황[명]","명","17","14","20","21","19","20","19","18","16","15","16","18","15","16","12","8","4","3","0",
"1535413102140072HC3.220004","서구","1535413102140072B02.114","전문의","1635413103140072AAA[14STD04553]","인력현황[명]","명","202","211","226","238","230","230","250","252","250","259","258","255","251","242","243","247","284","277","282",
"1535413102140072HC3.220005","수성구","1535413102140072B02.1","의사","1635413103140072AAA[14STD04553]","인력현황[명]","명","420","426","442","469","501","528","552","572","574","593","607","610","634","665","685","728","751","791","881",
"1535413102140072HC3.220005","수성구","1535413102140072B02.111","일반의","1635413103140072AAA[14STD04553]","인력현황[명]","명","18","19","18","20","19","19","21","19","18","18","22","19","19","19","22","23","22","21","65",
"1535413102140072HC3.220005","수성구","1535413102140072B02.112","인턴","1635413103140072AAA[14STD04553]","인력현황[명]","명","0","0","0","0","0","0","0","0","0","0","0","0","0","0","0","0","0","0","0",
"1535413102140072HC3.220005","수성구","1535413102140072B02.113","레지던트","1635413103140072AAA[14STD04553]","인력현황[명]","명","0","0","0","0","0","0","0","0","0","0","0","0","0","0","0","0","0","0","0",
"1535413102140072HC3.220005","수성구","1535413102140072B02.114","전문의","1635413103140072AAA[14STD04553]","인력현황[명]","명","402","407","424","449","482","509","531","553","556","575","585","591","615","646","663","705","729","770","816",
"1535413102140072HC3.220006","중구","1535413102140072B02.1","의사","1635413103140072AAA[14STD04553]","인력현황[명]","명","1084","1116","1131","1154","1171","1271","1321","1358","1388","1404","1401","1455","1488","1096","1110","1134","1169","1212","982",
"1535413102140072HC3.220006","중구","1535413102140072B02.111","일반의","1635413103140072AAA[14STD04553]","인력현황[명]","명","15","13","31","30","27","26","24","22","30","32","30","46","49","50","51","56","62","77","126",
"1535413102140072HC3.220006","중구","1535413102140072B02.112","인턴","1635413103140072AAA[14STD04553]","인력현황[명]","명","176","173","112","54","121","99","116","125","125","121","115","115","111","75","60","54","74","68","0",
"1535413102140072HC3.220006","중구","1535413102140072B02.113","레지던트","1635413103140072AAA[14STD04553]","인력현황[명]","명","328","355","344","388","406","435","433","433","427","415","390","364","355","203","193","195","190","199","18",
"1535413102140072HC3.220006","중구","1535413102140072B02.114","전문의","1635413103140072AAA[14STD04553]","인력현황[명]","명","565","575","644","682","617","711","748","778","806","836","866","930","973","768","806","829","843","868","838",
"1535413102140072HC3.220007","달서구","1535413102140072B02.1","의사","1635413103140072AAA[14STD04553]","인력현황[명]","명","581","620","677","701","729","754","762","761","777","820","853","875","890","1334","1366","1391","1394","1362","1321",
"1535413102140072HC3.220007","달서구","1535413102140072B02.111","일반의","1635413103140072AAA[14STD04553]","인력현황[명]","명","23","26","27","27","30","29","23","21","21","27","33","34","29","25","31","34","30","39","81",
"1535413102140072HC3.220007","달서구","1535413102140072B02.112","인턴","1635413103140072AAA[14STD04553]","인력현황[명]","명","0","0","0","0","0","0","0","0","0","0","0","0","0","37","28","43","43","28","0",
"1535413102140072HC3.220007","달서구","1535413102140072B02.113","레지던트","1635413103140072AAA[14STD04553]","인력현황[명]","명","0","0","0","0","0","0","0","0","0","3","6","9","9","152","143","135","135","103","7",
"1535413102140072HC3.220007","달서구","1535413102140072B02.114","전문의","1635413103140072AAA[14STD04553]","인력현황[명]","명","558","594","650","674","699","725","739","740","756","790","814","832","852","1120","1164","1179","1186","1192","1233",
"1535413102140072HC3.220100","달성군","1535413102140072B02.1","의사","1635413103140072AAA[14STD04553]","인력현황[명]","명","87","97","107","132","140","143","162","160","166","166","189","203","219","221","223","231","226","239","235",
"1535413102140072HC3.220100","달성군","1535413102140072B02.111","일반의","1635413103140072AAA[14STD04553]","인력현황[명]","명","10","7","8","11","12","9","11","15","15","16","15","16","13","14","10","15","16","17","24",
"1535413102140072HC3.220100","달성군","1535413102140072B02.112","인턴","1635413103140072AAA[14STD04553]","인력현황[명]","명","0","0","0","0","0","0","0","0","0","0","0","0","0","0","0","0","0","0","0",
"1535413102140072HC3.220100","달성군","1535413102140072B02.113","레지던트","1635413103140072AAA[14STD04553]","인력현황[명]","명","0","0","0","0","0","0","0","0","0","0","0","0","0","0","0","0","0","0","0",
"1535413102140072HC3.220100","달성군","1535413102140072B02.114","전문의","1635413103140072AAA[14STD04553]","인력현황[명]","명","77","90","99","121","128","134","151","145","151","150","174","187","206","207","213","216","210","222","211",
"1A","군위군","1535413102140072B02.1","의사","1635413103140072AAA[14STD04553]","인력현황[명]","명","","","","","","","","","","","","","","","","","","17","16",
"1A","군위군","1535413102140072B02.111","일반의","1635413103140072AAA[14STD04553]","인력현황[명]","명","","","","","","","","","","","","","","","","","","10","10",
"1A","군위군","1535413102140072B02.112","인턴","1635413103140072AAA[14STD04553]","인력현황[명]","명","","","","","","","","","","","","","","","","","","0","0",
"1A","군위군","1535413102140072B02.113","레지던트","1635413103140072AAA[14STD04553]","인력현황[명]","명","","","","","","","","","","","","","","","","","","0","0",
"1A","군위군","1535413102140072B02.114","전문의","1635413103140072AAA[14STD04553]","인력현황[명]","명","","","","","","","","","","","","","","","","","","7","6",
"1535413102140072HC3.23","인천","1535413102140072B02.1","의사","1635413103140072AAA[14STD04553]","인력현황[명]","명","2929","3061","3045","3289","3426","3678","3794","4059","4276","4387","4611","4769","4994","5074","5211","5284","5532","5597","5665",
"1535413102140072HC3.23","인천","1535413102140072B02.111","일반의","1635413103140072AAA[14STD04553]","인력현황[명]","명","215","211","221","225","249","235","208","205","198","205","207","219","229","240","258","272","273","305","623",
"1535413102140072HC3.23","인천","1535413102140072B02.112","인턴","1635413103140072AAA[14STD04553]","인력현황[명]","명","134","116","29","28","61","145","67","102","132","111","110","71","123","115","117","139","179","91","3",
"1535413102140072HC3.23","인천","1535413102140072B02.113","레지던트","1635413103140072AAA[14STD04553]","인력현황[명]","명","416","452","334","431","398","416","465","475","474","470","480","452","451","413","398","397","351","307","63",
"1535413102140072HC3.23","인천","1535413102140072B02.114","전문의","1635413103140072AAA[14STD04553]","인력현황[명]","명","2164","2282","2461","2605","2718","2882","3054","3277","3472","3601","3814","4027","4191","4306","4438","4476","4729","4894","4976",
"1535413102140072HC3.230001","남구","1535413102140072B02.1","의사","1635413103140072AAA[14STD04553]","인력현황[명]","명","328","356","395","422","430","440","444","475","475","511","531","556","","","","","","","",
"1535413102140072HC3.230001","남구","1535413102140072B02.111","일반의","1635413103140072AAA[14STD04553]","인력현황[명]","명","30","34","35","33","43","40","27","30","25","24","23","22","","","","","","","",
"1535413102140072HC3.230001","남구","1535413102140072B02.112","인턴","1635413103140072AAA[14STD04553]","인력현황[명]","명","0","0","0","0","0","0","0","0","0","0","0","0","","","","","","","",
"1535413102140072HC3.230001","남구","1535413102140072B02.113","레지던트","1635413103140072AAA[14STD04553]","인력현황[명]","명","1","1","0","1","3","5","5","6","5","6","6","6","","","","","","","",
"1535413102140072HC3.230001","남구","1535413102140072B02.114","전문의","1635413103140072AAA[14STD04553]","인력현황[명]","명","297","321","360","388","384","395","412","439","445","481","502","528","","","","","","","",
"1535413102140072HC3.230009","미추홀구","1535413102140072B02.1","의사","1635413103140072AAA[14STD04553]","인력현황[명]","명","","","","","","","","","","","","","603","605","608","602","628","665","755",
"1535413102140072HC3.230009","미추홀구","1535413102140072B02.111","일반의","1635413103140072AAA[14STD04553]","인력현황[명]","명","","","","","","","","","","","","","23","31","29","27","25","34","82",
"1535413102140072HC3.230009","미추홀구","1535413102140072B02.112","인턴","1635413103140072AAA[14STD04553]","인력현황[명]","명","","","","","","","","","","","","","0","0","0","0","0","0","0",
"1535413102140072HC3.230009","미추홀구","1535413102140072B02.113","레지던트","1635413103140072AAA[14STD04553]","인력현황[명]","명","","","","","","","","","","","","","7","6","6","6","6","4","6",
"1535413102140072HC3.230009","미추홀구","1535413102140072B02.114","전문의","1635413103140072AAA[14STD04553]","인력현황[명]","명","","","","","","","","","","","","","573","568","573","569","597","627","667",
"1535413102140072HC3.230002","동구","1535413102140072B02.1","의사","1635413103140072AAA[14STD04553]","인력현황[명]","명","82","78","86","91","88","94","100","104","108","109","113","116","115","121","111","113","115","124","125",
"1535413102140072HC3.230002","동구","1535413102140072B02.111","일반의","1635413103140072AAA[14STD04553]","인력현황[명]","명","7","5","6","8","8","10","5","3","2","4","5","4","3","4","5","4","5","7","10",
"1535413102140072HC3.230002","동구","1535413102140072B02.112","인턴","1635413103140072AAA[14STD04553]","인력현황[명]","명","0","0","0","0","0","0","0","0","0","0","0","0","0","0","0","0","0","0","0",
"1535413102140072HC3.230002","동구","1535413102140072B02.113","레지던트","1635413103140072AAA[14STD04553]","인력현황[명]","명","0","0","0","0","0","0","0","0","0","0","0","0","0","0","0","0","0","0","0",
"1535413102140072HC3.230002","동구","1535413102140072B02.114","전문의","1635413103140072AAA[14STD04553]","인력현황[명]","명","75","73","80","83","80","84","95","101","106","105","108","112","112","117","106","109","110","117","115",
"1535413102140072HC3.230003","부평구","1535413102140072B02.1","의사","1635413103140072AAA[14STD04553]","인력현황[명]","명","589","606","649","681","719","745","770","784","817","837","858","874","906","913","936","958","992","975","1006",
"1535413102140072HC3.230003","부평구","1535413102140072B02.111","일반의","1635413103140072AAA[14STD04553]","인력현황[명]","명","44","37","39","35","48","35","27","31","29","34","30","33","36","39","43","47","47","50","120",
"1535413102140072HC3.230003","부평구","1535413102140072B02.112","인턴","1635413103140072AAA[14STD04553]","인력현황[명]","명","23","23","24","24","21","23","25","25","24","23","25","22","23","23","21","26","26","3","1",
"1535413102140072HC3.230003","부평구","1535413102140072B02.113","레지던트","1635413103140072AAA[14STD04553]","인력현황[명]","명","58","63","49","61","60","67","74","78","92","92","98","88","86","80","84","87","77","74","12",
"1535413102140072HC3.230003","부평구","1535413102140072B02.114","전문의","1635413103140072AAA[14STD04553]","인력현황[명]","명","464","483","537","561","590","620","644","650","672","688","705","731","761","771","788","798","842","848","873",
"1535413102140072HC3.230004","중구","1535413102140072B02.1","의사","1635413103140072AAA[14STD04553]","인력현황[명]","명","516","521","392","435","499","509","515","513","524","513","507","523","528","552","516","520","562","535","439",
"1535413102140072HC3.230004","중구","1535413102140072B02.111","일반의","1635413103140072AAA[14STD04553]","인력현황[명]","명","14","14","10","13","11","8","12","9","9","11","14","13","5","7","9","11","10","14","19",
"1535413102140072HC3.230004","중구","1535413102140072B02.112","인턴","1635413103140072AAA[14STD04553]","인력현황[명]","명","51","44","5","4","37","39","40","42","38","36","32","37","39","35","34","38","39","37","2",
"1535413102140072HC3.230004","중구","1535413102140072B02.113","레지던트","1635413103140072AAA[14STD04553]","인력현황[명]","명","207","204","141","181","190","188","183","185","178","173","170","158","155","146","131","125","123","90","25",
"1535413102140072HC3.230004","중구","1535413102140072B02.114","전문의","1635413103140072AAA[14STD04553]","인력현황[명]","명","244","259","236","237","261","274","280","277","299","293","291","315","329","364","342","346","390","394","393",
"1535413102140072HC3.230005","서구","1535413102140072B02.1","의사","1635413103140072AAA[14STD04553]","인력현황[명]","명","254","283","322","337","342","369","392","511","606","614","680","712","741","757","804","815","872","927","990",
"1535413102140072HC3.230005","서구","1535413102140072B02.111","일반의","1635413103140072AAA[14STD04553]","인력현황[명]","명","23","26","28","32","28","33","29","27","28","29","33","33","37","35","36","42","40","45","108",
"1535413102140072HC3.230005","서구","1535413102140072B02.112","인턴","1635413103140072AAA[14STD04553]","인력현황[명]","명","0","0","0","0","0","0","0","0","14","0","10","4","14","11","11","15","19","12","0",
"1535413102140072HC3.230005","서구","1535413102140072B02.113","레지던트","1635413103140072AAA[14STD04553]","인력현황[명]","명","0","0","0","0","0","0","0","0","4","6","9","15","17","20","27","29","32","25","5",
"1535413102140072HC3.230005","서구","1535413102140072B02.114","전문의","1635413103140072AAA[14STD04553]","인력현황[명]","명","231","257","294","305","314","336","363","484","560","579","628","660","673","691","730","729","781","845","877",
"1535413102140072HC3.230006","남동구","1535413102140072B02.1","의사","1635413103140072AAA[14STD04553]","인력현황[명]","명","684","724","685","756","737","895","910","983","1030","1062","1081","1095","1168","1157","1234","1231","1260","1237","1122",
"1535413102140072HC3.230006","남동구","1535413102140072B02.111","일반의","1635413103140072AAA[14STD04553]","인력현황[명]","명","35","35","38","30","29","37","37","40","44","39","42","50","50","51","66","66","83","84","136",
"1535413102140072HC3.230006","남동구","1535413102140072B02.112","인턴","1635413103140072AAA[14STD04553]","인력현황[명]","명","60","49","0","0","3","81","0","31","53","50","41","6","45","46","45","51","83","37","0",
"1535413102140072HC3.230006","남동구","1535413102140072B02.113","레지던트","1635413103140072AAA[14STD04553]","인력현황[명]","명","150","184","144","188","145","156","201","205","191","191","196","184","184","161","150","150","112","113","15",
"1535413102140072HC3.230006","남동구","1535413102140072B02.114","전문의","1635413103140072AAA[14STD04553]","인력현황[명]","명","439","456","503","538","560","621","672","707","742","782","802","855","889","899","973","964","982","1003","971",
"1535413102140072HC3.230007","연수구","1535413102140072B02.1","의사","1635413103140072AAA[14STD04553]","인력현황[명]","명","166","174","180","205","225","231","262","266","279","300","331","356","366","398","426","463","513","533","607",
"1535413102140072HC3.230007","연수구","1535413102140072B02.111","일반의","1635413103140072AAA[14STD04553]","인력현황[명]","명","13","12","12","16","19","17","16","17","14","20","17","20","20","24","26","28","31","31","89",
"1535413102140072HC3.230007","연수구","1535413102140072B02.112","인턴","1635413103140072AAA[14STD04553]","인력현황[명]","명","0","0","0","0","0","0","0","0","0","0","0","0","0","0","0","0","0","0","0",
"1535413102140072HC3.230007","연수구","1535413102140072B02.113","레지던트","1635413103140072AAA[14STD04553]","인력현황[명]","명","0","0","0","0","0","0","0","0","0","0","0","0","0","0","0","0","0","0","0",
"1535413102140072HC3.230007","연수구","1535413102140072B02.114","전문의","1635413103140072AAA[14STD04553]","인력현황[명]","명","153","162","168","189","206","214","246","249","265","280","314","336","346","374","400","435","482","502","518",
"1535413102140072HC3.230008","계양구","1535413102140072B02.1","의사","1635413103140072AAA[14STD04553]","인력현황[명]","명","229","240","251","264","294","304","311","327","342","349","410","430","448","459","465","468","485","494","517",
"1535413102140072HC3.230008","계양구","1535413102140072B02.111","일반의","1635413103140072AAA[14STD04553]","인력현황[명]","명","15","17","19","20","31","24","26","22","21","22","21","23","23","21","15","19","14","15","29",
"1535413102140072HC3.230008","계양구","1535413102140072B02.112","인턴","1635413103140072AAA[14STD04553]","인력현황[명]","명","0","0","0","0","0","2","2","4","3","2","2","2","1","0","3","5","5","1","0",
"1535413102140072HC3.230008","계양구","1535413102140072B02.113","레지던트","1635413103140072AAA[14STD04553]","인력현황[명]","명","0","0","0","0","0","0","2","1","4","2","1","1","2","0","0","0","1","1","0",
"1535413102140072HC3.230008","계양구","1535413102140072B02.114","전문의","1635413103140072AAA[14STD04553]","인력현황[명]","명","214","223","232","244","263","278","281","300","314","323","386","404","422","438","447","444","465","477","488",
"1535413102140072HC3.230100","강화군","1535413102140072B02.1","의사","1635413103140072AAA[14STD04553]","인력현황[명]","명","61","61","67","69","70","68","65","71","69","68","70","67","84","78","76","78","69","70","65",
"1535413102140072HC3.230100","강화군","1535413102140072B02.111","일반의","1635413103140072AAA[14STD04553]","인력현황[명]","명","25","19","22","22","22","22","19","19","17","15","16","13","17","16","20","17","10","13","12",
"1535413102140072HC3.230100","강화군","1535413102140072B02.112","인턴","1635413103140072AAA[14STD04553]","인력현황[명]","명","0","0","0","0","0","0","0","0","0","0","0","0","0","0","0","1","0","0","0",
"1535413102140072HC3.230100","강화군","1535413102140072B02.113","레지던트","1635413103140072AAA[14STD04553]","인력현황[명]","명","0","0","0","0","0","0","0","0","0","0","0","0","0","0","0","0","0","0","0",
"1535413102140072HC3.230100","강화군","1535413102140072B02.114","전문의","1635413103140072AAA[14STD04553]","인력현황[명]","명","36","42","45","47","48","46","46","52","52","53","54","54","67","62","56","60","59","57","53",
"1535413102140072HC3.230200","옹진군","1535413102140072B02.1","의사","1635413103140072AAA[14STD04553]","인력현황[명]","명","20","18","18","29","22","23","25","25","26","24","30","40","35","34","35","36","36","37","39",
"1535413102140072HC3.230200","옹진군","1535413102140072B02.111","일반의","1635413103140072AAA[14STD04553]","인력현황[명]","명","9","12","12","16","10","9","10","7","9","7","6","8","15","12","9","11","8","12","18",
"1535413102140072HC3.230200","옹진군","1535413102140072B02.112","인턴","1635413103140072AAA[14STD04553]","인력현황[명]","명","0","0","0","0","0","0","0","0","0","0","0","0","1","0","3","3","7","1","0",
"1535413102140072HC3.230200","옹진군","1535413102140072B02.113","레지던트","1635413103140072AAA[14STD04553]","인력현황[명]","명","0","0","0","0","0","0","0","0","0","0","0","0","0","0","0","0","0","0","0",
"1535413102140072HC3.230200","옹진군","1535413102140072B02.114","전문의","1635413103140072AAA[14STD04553]","인력현황[명]","명","11","6","6","13","12","14","15","18","17","17","24","32","19","22","23","22","21","24","21",
"1535413102140072HC3.24","광주","1535413102140072B02.1","의사","1635413103140072AAA[14STD04553]","인력현황[명]","명","2477","2606","2575","2659","2786","2974","3009","3078","3187","3336","3452","3458","3587","3648","3686","3733","3804","3727","3569",
"1535413102140072HC3.24","광주","1535413102140072B02.111","일반의","1635413103140072AAA[14STD04553]","인력현황[명]","명","80","95","98","113","122","137","107","112","128","146","146","160","142","149","153","145","154","151","299",
"1535413102140072HC3.24","광주","1535413102140072B02.112","인턴","1635413103140072AAA[14STD04553]","인력현황[명]","명","113","124","91","88","92","106","78","45","23","48","91","72","96","95","83","94","100","67","8",
"1535413102140072HC3.24","광주","1535413102140072B02.113","레지던트","1635413103140072AAA[14STD04553]","인력현황[명]","명","460","475","418","449","413","449","396","426","431","408","377","323","350","336","326","312","306","264","31",
"1535413102140072HC3.24","광주","1535413102140072B02.114","전문의","1635413103140072AAA[14STD04553]","인력현황[명]","명","1824","1912","1968","2009","2159","2282","2428","2495","2605","2734","2838","2903","2999","3068","3124","3182","3244","3245","3231",
"1535413102140072HC3.240001","동구","1535413102140072B02.1","의사","1635413103140072AAA[14STD04553]","인력현황[명]","명","928","954","860","898","894","958","943","938","926","931","982","917","981","974","995","1011","1041","962","662",
"1535413102140072HC3.240001","동구","1535413102140072B02.111","일반의","1635413103140072AAA[14STD04553]","인력현황[명]","명","18","17","14","27","18","16","9","10","14","19","12","16","17","16","16","14","18","18","31",
"1535413102140072HC3.240001","동구","1535413102140072B02.112","인턴","1635413103140072AAA[14STD04553]","인력현황[명]","명","86","88","82","80","78","85","59","23","23","32","78","65","77","75","71","79","84","60","5",
"1535413102140072HC3.240001","동구","1535413102140072B02.113","레지던트","1635413103140072AAA[14STD04553]","인력현황[명]","명","359","372","308","360","333","371","316","353","354","328","314","258","293","285","282","273","276","242","19",
"1535413102140072HC3.240001","동구","1535413102140072B02.114","전문의","1635413103140072AAA[14STD04553]","인력현황[명]","명","465","477","456","431","465","486","559","552","535","552","578","578","594","598","626","645","663","642","607",
"1535413102140072HC3.240002","북구","1535413102140072B02.1","의사","1635413103140072AAA[14STD04553]","인력현황[명]","명","422","465","497","520","555","563","578","607","645","684","711","716","739","770","778","794","792","784","838",
"1535413102140072HC3.240002","북구","1535413102140072B02.111","일반의","1635413103140072AAA[14STD04553]","인력현황[명]","명","17","25","16","21","20","22","22","27","33","39","42","45","36","41","40","38","43","34","64",
"1535413102140072HC3.240002","북구","1535413102140072B02.112","인턴","1635413103140072AAA[14STD04553]","인력현황[명]","명","0","0","0","0","0","0","0","0","0","0","0","0","0","0","0","0","0","0","0",
"1535413102140072HC3.240002","북구","1535413102140072B02.113","레지던트","1635413103140072AAA[14STD04553]","인력현황[명]","명","0","0","0","0","0","0","0","0","0","0","0","0","0","0","0","0","0","0","0",
"1535413102140072HC3.240002","북구","1535413102140072B02.114","전문의","1635413103140072AAA[14STD04553]","인력현황[명]","명","405","440","481","499","535","541","556","580","612","645","669","671","703","729","738","756","749","750","774",
"1535413102140072HC3.240003","서구","1535413102140072B02.1","의사","1635413103140072AAA[14STD04553]","인력현황[명]","명","407","402","435","453","477","524","515","517","550","611","642","668","670","687","700","709","722","740","779",
"1535413102140072HC3.240003","서구","1535413102140072B02.111","일반의","1635413103140072AAA[14STD04553]","인력현황[명]","명","21","21","26","21","24","30","25","27","29","29","31","41","39","34","39","43","44","46","95",
"1535413102140072HC3.240003","서구","1535413102140072B02.112","인턴","1635413103140072AAA[14STD04553]","인력현황[명]","명","5","3","1","2","1","0","0","0","0","0","0","0","0","0","0","0","0","0","0",
"1535413102140072HC3.240003","서구","1535413102140072B02.113","레지던트","1635413103140072AAA[14STD04553]","인력현황[명]","명","18","19","17","13","11","10","0","0","0","0","0","0","0","0","0","0","0","0","1",
"1535413102140072HC3.240003","서구","1535413102140072B02.114","전문의","1635413103140072AAA[14STD04553]","인력현황[명]","명","363","359","391","417","441","484","490","490","521","582","611","627","631","653","661","666","678","694","683",
"1535413102140072HC3.240004","광산구","1535413102140072B02.1","의사","1635413103140072AAA[14STD04553]","인력현황[명]","명","376","415","437","445","518","567","585","597","623","651","648","685","714","722","718","713","730","737","771",
"1535413102140072HC3.240004","광산구","1535413102140072B02.111","일반의","1635413103140072AAA[14STD04553]","인력현황[명]","명","16","17","26","29","38","47","34","31","36","42","34","31","31","35","35","32","32","35","69",
"1535413102140072HC3.240004","광산구","1535413102140072B02.112","인턴","1635413103140072AAA[14STD04553]","인력현황[명]","명","0","9","8","6","13","14","9","11","0","6","4","1","9","7","3","6","3","2","2",
"1535413102140072HC3.240004","광산구","1535413102140072B02.113","레지던트","1635413103140072AAA[14STD04553]","인력현황[명]","명","22","23","30","30","26","25","31","28","29","30","21","28","24","22","18","14","6","4","2",
"1535413102140072HC3.240004","광산구","1535413102140072B02.114","전문의","1635413103140072AAA[14STD04553]","인력현황[명]","명","338","366","373","380","441","481","511","527","558","573","589","625","650","658","662","661","689","696","698",
"1535413102140072HC3.240005","남구","1535413102140072B02.1","의사","1635413103140072AAA[14STD04553]","인력현황[명]","명","344","370","346","343","342","362","388","419","443","459","469","472","483","495","495","506","519","504","519",
"1535413102140072HC3.240005","남구","1535413102140072B02.111","일반의","1635413103140072AAA[14STD04553]","인력현황[명]","명","8","15","16","15","22","22","17","17","16","17","27","27","19","23","23","18","17","18","40",
"1535413102140072HC3.240005","남구","1535413102140072B02.112","인턴","1635413103140072AAA[14STD04553]","인력현황[명]","명","22","24","0","0","0","7","10","11","0","10","9","6","10","13","9","9","13","5","1",
"1535413102140072HC3.240005","남구","1535413102140072B02.113","레지던트","1635413103140072AAA[14STD04553]","인력현황[명]","명","61","61","63","46","43","43","49","45","48","50","42","37","33","29","26","25","24","18","9",
"1535413102140072HC3.240005","남구","1535413102140072B02.114","전문의","1635413103140072AAA[14STD04553]","인력현황[명]","명","253","270","267","282","277","290","312","346","379","382","391","402","421","430","437","454","465","463","469",
"1535413102140072HC3.25","대전","1535413102140072B02.1","의사","1635413103140072AAA[14STD04553]","인력현황[명]","명","2603","2693","2871","2869","2967","3076","3126","3226","3356","3386","3437","3598","3694","3688","3698","3780","3803","3675","3459",
"1535413102140072HC3.25","대전","1535413102140072B02.111","일반의","1635413103140072AAA[14STD04553]","인력현황[명]","명","169","150","180","185","181","166","147","146","147","161","154","156","161","165","177","181","181","190","365",
"1535413102140072HC3.25","대전","1535413102140072B02.112","인턴","1635413103140072AAA[14STD04553]","인력현황[명]","명","238","99","132","68","105","108","70","89","129","121","103","121","137","117","144","139","141","41","9",
"1535413102140072HC3.25","대전","1535413102140072B02.113","레지던트","1635413103140072AAA[14STD04553]","인력현황[명]","명","328","455","517","501","497","497","482","465","463","447","430","436","432","399","369","389","398","373","32",
"1535413102140072HC3.25","대전","1535413102140072B02.114","전문의","1635413103140072AAA[14STD04553]","인력현황[명]","명","1868","1989","2042","2115","2184","2305","2427","2526","2617","2657","2750","2885","2964","3007","3008","3071","3083","3071","3053",
"1535413102140072HC3.250001","유성구","1535413102140072B02.1","의사","1635413103140072AAA[14STD04553]","인력현황[명]","명","210","241","262","268","296","326","351","371","387","406","432","482","499","513","525","588","596","581","605",
"1535413102140072HC3.250001","유성구","1535413102140072B02.111","일반의","1635413103140072AAA[14STD04553]","인력현황[명]","명","15","17","19","20","24","29","30","24","21","32","28","29","26","33","35","38","37","38","63",
"1535413102140072HC3.250001","유성구","1535413102140072B02.112","인턴","1635413103140072AAA[14STD04553]","인력현황[명]","명","0","0","0","0","0","0","0","0","0","0","0","0","0","0","2","4","4","0","1",
"1535413102140072HC3.250001","유성구","1535413102140072B02.113","레지던트","1635413103140072AAA[14STD04553]","인력현황[명]","명","0","0","0","0","0","0","0","0","0","0","0","0","0","0","1","3","2","2","2",
"1535413102140072HC3.250001","유성구","1535413102140072B02.114","전문의","1635413103140072AAA[14STD04553]","인력현황[명]","명","195","224","243","248","272","297","321","347","366","374","404","453","473","480","487","543","553","541","539",
"1535413102140072HC3.250002","대덕구","1535413102140072B02.1","의사","1635413103140072AAA[14STD04553]","인력현황[명]","명","248","244","241","250","241","251","243","250","263","266","269","271","273","267","280","265","267","262","259",
"1535413102140072HC3.250002","대덕구","1535413102140072B02.111","일반의","1635413103140072AAA[14STD04553]","인력현황[명]","명","29","28","35","36","31","31","26","25","30","32","24","27","24","22","21","20","19","19","25",
"1535413102140072HC3.250002","대덕구","1535413102140072B02.112","인턴","1635413103140072AAA[14STD04553]","인력현황[명]","명","0","0","0","0","0","0","0","0","0","0","0","0","0","0","0","0","0","0","0",
"1535413102140072HC3.250002","대덕구","1535413102140072B02.113","레지던트","1635413103140072AAA[14STD04553]","인력현황[명]","명","5","8","8","9","9","9","8","6","6","7","7","7","6","5","6","6","6","5","0",
"1535413102140072HC3.250002","대덕구","1535413102140072B02.114","전문의","1635413103140072AAA[14STD04553]","인력현황[명]","명","214","208","198","205","201","211","209","219","227","227","238","237","243","240","253","239","242","238","234",
"1535413102140072HC3.250003","서구","1535413102140072B02.1","의사","1635413103140072AAA[14STD04553]","인력현황[명]","명","1072","1121","1172","1158","1221","1234","1244","1289","1370","1384","1377","1435","1476","1474","1512","1514","1528","1499","1460",
"1535413102140072HC3.250003","서구","1535413102140072B02.111","일반의","1635413103140072AAA[14STD04553]","인력현황[명]","명","66","52","53","61","65","53","44","49","48","51","56","53","63","71","80","83","89","92","191",
"1535413102140072HC3.250003","서구","1535413102140072B02.112","인턴","1635413103140072AAA[14STD04553]","인력현황[명]","명","99","49","59","16","44","37","16","17","54","53","25","45","54","48","69","53","48","36","4",
"1535413102140072HC3.250003","서구","1535413102140072B02.113","레지던트","1635413103140072AAA[14STD04553]","인력현황[명]","명","154","203","215","218","216","215","201","196","190","187","172","176","175","161","141","160","170","128","20",
"1535413102140072HC3.250003","서구","1535413102140072B02.114","전문의","1635413103140072AAA[14STD04553]","인력현황[명]","명","753","817","845","863","896","929","983","1027","1078","1093","1124","1161","1184","1194","1222","1218","1221","1243","1245",
"1535413102140072HC3.250004","동구","1535413102140072B02.1","의사","1635413103140072AAA[14STD04553]","인력현황[명]","명","195","197","207","224","220","223","243","250","256","263","264","288","301","292","305","317","315","313","348",
"1535413102140072HC3.250004","동구","1535413102140072B02.111","일반의","1635413103140072AAA[14STD04553]","인력현황[명]","명","23","20","19","20","17","21","22","19","20","21","20","18","21","15","21","22","18","21","43",
"1535413102140072HC3.250004","동구","1535413102140072B02.112","인턴","1635413103140072AAA[14STD04553]","인력현황[명]","명","0","0","0","0","0","0","1","1","0","0","0","0","0","0","0","0","0","0","0",
"1535413102140072HC3.250004","동구","1535413102140072B02.113","레지던트","1635413103140072AAA[14STD04553]","인력현황[명]","명","0","0","0","1","0","0","0","0","0","0","0","0","0","0","0","0","0","0","0",
"1535413102140072HC3.250004","동구","1535413102140072B02.114","전문의","1635413103140072AAA[14STD04553]","인력현황[명]","명","172","177","188","203","203","202","220","230","236","242","244","270","280","277","284","295","297","292","305",
"1535413102140072HC3.250005","중구","1535413102140072B02.1","의사","1635413103140072AAA[14STD04553]","인력현황[명]","명","878","890","989","969","989","1042","1045","1066","1080","1067","1095","1122","1145","1142","1076","1096","1097","1020","787",
"1535413102140072HC3.250005","중구","1535413102140072B02.111","일반의","1635413103140072AAA[14STD04553]","인력현황[명]","명","36","33","54","48","44","32","25","29","28","25","26","29","27","24","20","18","18","20","43",
"1535413102140072HC3.250005","중구","1535413102140072B02.112","인턴","1635413103140072AAA[14STD04553]","인력현황[명]","명","139","50","73","52","61","71","53","71","75","68","78","76","83","69","73","82","89","5","4",
"1535413102140072HC3.250005","중구","1535413102140072B02.113","레지던트","1635413103140072AAA[14STD04553]","인력현황[명]","명","169","244","294","273","272","273","273","263","267","253","251","253","251","233","221","220","220","238","10",
"1535413102140072HC3.250005","중구","1535413102140072B02.114","전문의","1635413103140072AAA[14STD04553]","인력현황[명]","명","534","563","568","596","612","666","694","703","710","721","740","764","784","816","762","776","770","757","730",
"1535413102140072HC3.26","울산","1535413102140072B02.1","의사","1635413103140072AAA[14STD04553]","인력현황[명]","명","1158","1212","1267","1309","1332","1441","1465","1506","1586","1656","1719","1722","1730","1733","1762","1798","1824","1824","1854",
"1535413102140072HC3.26","울산","1535413102140072B02.111","일반의","1635413103140072AAA[14STD04553]","인력현황[명]","명","100","107","111","120","124","116","92","101","107","121","106","103","105","100","103","98","95","107","193",
"1535413102140072HC3.26","울산","1535413102140072B02.112","인턴","1635413103140072AAA[14STD04553]","인력현황[명]","명","30","28","3","7","11","26","23","3","6","23","23","23","15","20","25","26","26","0","5",
"1535413102140072HC3.26","울산","1535413102140072B02.113","레지던트","1635413103140072AAA[14STD04553]","인력현황[명]","명","86","87","100","79","70","116","122","125","133","124","116","113","105","92","92","90","96","106","19",
"1535413102140072HC3.26","울산","1535413102140072B02.114","전문의","1635413103140072AAA[14STD04553]","인력현황[명]","명","942","990","1053","1103","1127","1183","1228","1277","1340","1388","1474","1483","1505","1521","1542","1584","1607","1611","1637",
"1535413102140072HC3.260001","남구","1535413102140072B02.1","의사","1635413103140072AAA[14STD04553]","인력현황[명]","명","431","449","472","501","519","544","540","571","602","638","655","661","670","668","674","696","710","722","792",
"1535413102140072HC3.260001","남구","1535413102140072B02.111","일반의","1635413103140072AAA[14STD04553]","인력현황[명]","명","37","41","47","47","49","44","35","44","50","55","46","44","46","41","45","45","47","58","114",
"1535413102140072HC3.260001","남구","1535413102140072B02.112","인턴","1635413103140072AAA[14STD04553]","인력현황[명]","명","0","0","0","0","0","0","0","0","0","0","0","0","0","0","0","0","0","0","0",
"1535413102140072HC3.260001","남구","1535413102140072B02.113","레지던트","1635413103140072AAA[14STD04553]","인력현황[명]","명","0","0","0","0","0","0","0","0","0","0","0","0","0","0","0","0","0","0","0",
"1535413102140072HC3.260001","남구","1535413102140072B02.114","전문의","1635413103140072AAA[14STD04553]","인력현황[명]","명","394","408","425","454","470","500","505","527","552","583","609","617","624","627","629","651","663","664","678",
"1535413102140072HC3.260002","동구","1535413102140072B02.1","의사","1635413103140072AAA[14STD04553]","인력현황[명]","명","294","317","325","309","307","380","391","399","421","452","459","456","446","447","461","470","480","462","382",
"1535413102140072HC3.260002","동구","1535413102140072B02.111","일반의","1635413103140072AAA[14STD04553]","인력현황[명]","명","13","14","16","14","17","17","11","12","10","16","12","13","15","15","14","13","9","10","18",
"1535413102140072HC3.260002","동구","1535413102140072B02.112","인턴","1635413103140072AAA[14STD04553]","인력현황[명]","명","25","20","0","4","8","25","21","2","0","23","20","22","15","20","23","26","26","0","5",
"1535413102140072HC3.260002","동구","1535413102140072B02.113","레지던트","1635413103140072AAA[14STD04553]","인력현황[명]","명","60","65","84","65","56","101","111","114","122","113","109","106","99","88","88","88","96","106","19",
"1535413102140072HC3.260002","동구","1535413102140072B02.114","전문의","1635413103140072AAA[14STD04553]","인력현황[명]","명","196","218","225","226","226","237","248","271","289","300","318","315","317","324","336","343","349","346","340",
"1535413102140072HC3.260003","중구","1535413102140072B02.1","의사","1635413103140072AAA[14STD04553]","인력현황[명]","명","217","220","236","248","251","258","269","262","271","270","297","288","296","297","300","300","292","281","304",
"1535413102140072HC3.260003","중구","1535413102140072B02.111","일반의","1635413103140072AAA[14STD04553]","인력현황[명]","명","22","24","22","28","30","28","23","20","19","18","18","14","18","20","20","17","14","15","27",
"1535413102140072HC3.260003","중구","1535413102140072B02.112","인턴","1635413103140072AAA[14STD04553]","인력현황[명]","명","5","7","3","3","3","1","2","1","6","0","3","1","0","0","2","0","0","0","0",
"1535413102140072HC3.260003","중구","1535413102140072B02.113","레지던트","1635413103140072AAA[14STD04553]","인력현황[명]","명","26","22","16","14","14","15","11","11","11","11","7","7","6","4","4","2","0","0","0",
"1535413102140072HC3.260003","중구","1535413102140072B02.114","전문의","1635413103140072AAA[14STD04553]","인력현황[명]","명","164","167","195","203","204","214","233","230","235","241","269","266","272","273","274","281","278","266","277",
"1535413102140072HC3.260004","북구","1535413102140072B02.1","의사","1635413103140072AAA[14STD04553]","인력현황[명]","명","82","87","90","93","98","103","112","116","127","126","139","144","143","148","155","160","167","186","196",
"1535413102140072HC3.260004","북구","1535413102140072B02.111","일반의","1635413103140072AAA[14STD04553]","인력현황[명]","명","8","9","9","8","9","9","10","11","12","14","12","14","12","9","10","10","10","11","13",
"1535413102140072HC3.260004","북구","1535413102140072B02.112","인턴","1635413103140072AAA[14STD04553]","인력현황[명]","명","0","0","0","0","0","0","0","0","0","0","0","0","0","0","0","0","0","0","0",
"1535413102140072HC3.260004","북구","1535413102140072B02.113","레지던트","1635413103140072AAA[14STD04553]","인력현황[명]","명","0","0","0","0","0","0","0","0","0","0","0","0","0","0","0","0","0","0","0",
"1535413102140072HC3.260004","북구","1535413102140072B02.114","전문의","1635413103140072AAA[14STD04553]","인력현황[명]","명","74","78","81","85","89","94","102","105","115","112","127","130","131","139","145","150","157","175","183",
"1535413102140072HC3.260100","울주군","1535413102140072B02.1","의사","1635413103140072AAA[14STD04553]","인력현황[명]","명","134","139","144","158","157","156","153","158","165","170","169","173","175","173","172","172","175","173","180",
"1535413102140072HC3.260100","울주군","1535413102140072B02.111","일반의","1635413103140072AAA[14STD04553]","인력현황[명]","명","20","19","17","23","19","18","13","14","16","18","18","18","14","15","14","13","15","13","21",
"1535413102140072HC3.260100","울주군","1535413102140072B02.112","인턴","1635413103140072AAA[14STD04553]","인력현황[명]","명","0","1","0","0","0","0","0","0","0","0","0","0","0","0","0","0","0","0","0",
"1535413102140072HC3.260100","울주군","1535413102140072B02.113","레지던트","1635413103140072AAA[14STD04553]","인력현황[명]","명","0","0","0","0","0","0","0","0","0","0","0","0","0","0","0","0","0","0","0",
"1535413102140072HC3.260100","울주군","1535413102140072B02.114","전문의","1635413103140072AAA[14STD04553]","인력현황[명]","명","114","119","127","135","138","138","140","144","149","152","151","155","161","158","158","159","160","160","159",
"1535413102140072HC3.41","세종","1535413102140072B02.1","의사","1635413103140072AAA[14STD04553]","인력현황[명]","명","","","","","","","92","106","134","173","194","258","286","314","450","489","511","544","543",
"1535413102140072HC3.41","세종","1535413102140072B02.111","일반의","1635413103140072AAA[14STD04553]","인력현황[명]","명","","","","","","","14","13","16","15","18","23","25","26","31","32","33","32","56",
"1535413102140072HC3.41","세종","1535413102140072B02.112","인턴","1635413103140072AAA[14STD04553]","인력현황[명]","명","","","","","","","0","0","0","0","0","0","0","0","0","0","0","0","0",
"1535413102140072HC3.41","세종","1535413102140072B02.113","레지던트","1635413103140072AAA[14STD04553]","인력현황[명]","명","","","","","","","0","0","0","0","0","0","0","0","0","0","0","4","3",
"1535413102140072HC3.41","세종","1535413102140072B02.114","전문의","1635413103140072AAA[14STD04553]","인력현황[명]","명","","","","","","","78","93","118","158","176","235","261","288","419","457","478","508","484",
"1535413102140072HC3.410000","세종시","1535413102140072B02.1","의사","1635413103140072AAA[14STD04553]","인력현황[명]","명","","","","","","","92","106","134","173","194","258","286","314","450","489","511","544","543",
"1535413102140072HC3.410000","세종시","1535413102140072B02.111","일반의","1635413103140072AAA[14STD04553]","인력현황[명]","명","","","","","","","14","13","16","15","18","23","25","26","31","32","33","32","56",
"1535413102140072HC3.410000","세종시","1535413102140072B02.112","인턴","1635413103140072AAA[14STD04553]","인력현황[명]","명","","","","","","","0","0","0","0","0","0","0","0","0","0","0","0","0",
"1535413102140072HC3.410000","세종시","1535413102140072B02.113","레지던트","1635413103140072AAA[14STD04553]","인력현황[명]","명","","","","","","","0","0","0","0","0","0","0","0","0","0","0","4","3",
"1535413102140072HC3.410000","세종시","1535413102140072B02.114","전문의","1635413103140072AAA[14STD04553]","인력현황[명]","명","","","","","","","78","93","118","158","176","235","261","288","419","457","478","508","484",
"1535413102140072HC3.31","경기","1535413102140072B02.1","의사","1635413103140072AAA[14STD04553]","인력현황[명]","명","11802","12371","13714","14361","15053","15833","16507","17122","17723","18374","19105","19965","20731","21621","22415","23285","24234","24109","24637",
"1535413102140072HC3.31","경기","1535413102140072B02.111","일반의","1635413103140072AAA[14STD04553]","인력현황[명]","명","745","767","845","921","977","870","735","738","751","782","776","888","903","954","1001","1028","1068","1118","2399",
"1535413102140072HC3.31","경기","1535413102140072B02.112","인턴","1635413103140072AAA[14STD04553]","인력현황[명]","명","291","308","285","173","257","270","337","251","260","385","414","429","428","405","379","485","430","182","22",
"1535413102140072HC3.31","경기","1535413102140072B02.113","레지던트","1635413103140072AAA[14STD04553]","인력현황[명]","명","1105","1140","1513","1685","1618","1845","1873","1894","1866","1881","1805","1753","1799","1720","1628","1577","1608","1261","227",
"1535413102140072HC3.31","경기","1535413102140072B02.114","전문의","1635413103140072AAA[14STD04553]","인력현황[명]","명","9661","10156","11071","11582","12201","12848","13562","14239","14846","15326","16110","16895","17601","18542","19407","20195","21128","21548","21989",
"1535413102140072HC3.310001","가평군","1535413102140072B02.1","의사","1635413103140072AAA[14STD04553]","인력현황[명]","명","85","73","86","76","82","94","90","90","89","81","82","61","61","62","59","57","57","58","62",
"1535413102140072HC3.310001","가평군","1535413102140072B02.111","일반의","1635413103140072AAA[14STD04553]","인력현황[명]","명","17","15","15","15","10","14","12","11","9","5","7","9","7","6","8","7","7","7","5",
"1535413102140072HC3.310001","가평군","1535413102140072B02.112","인턴","1635413103140072AAA[14STD04553]","인력현황[명]","명","0","0","0","0","0","0","0","0","0","0","0","0","0","1","0","0","0","0","0",
"1535413102140072HC3.310001","가평군","1535413102140072B02.113","레지던트","1635413103140072AAA[14STD04553]","인력현황[명]","명","0","0","0","0","0","0","0","0","0","0","0","0","0","0","0","0","0","0","0",
"1535413102140072HC3.310001","가평군","1535413102140072B02.114","전문의","1635413103140072AAA[14STD04553]","인력현황[명]","명","68","58","71","61","72","80","78","79","80","76","75","52","54","55","51","50","50","51","57",
"1535413102140072HC3.310009","양평군","1535413102140072B02.1","의사","1635413103140072AAA[14STD04553]","인력현황[명]","명","66","66","66","64","74","82","79","82","96","100","103","99","98","108","114","120","114","111","113",
"1535413102140072HC3.310009","양평군","1535413102140072B02.111","일반의","1635413103140072AAA[14STD04553]","인력현황[명]","명","13","9","8","7","12","15","9","12","12","16","12","7","9","14","17","19","10","11","10",
"1535413102140072HC3.310009","양평군","1535413102140072B02.112","인턴","1635413103140072AAA[14STD04553]","인력현황[명]","명","0","0","0","0","0","0","0","0","0","0","0","0","0","2","0","0","0","0","0",
"1535413102140072HC3.310009","양평군","1535413102140072B02.113","레지던트","1635413103140072AAA[14STD04553]","인력현황[명]","명","0","0","0","0","0","0","0","0","0","1","0","0","0","0","1","2","2","2","0",
"1535413102140072HC3.310009","양평군","1535413102140072B02.114","전문의","1635413103140072AAA[14STD04553]","인력현황[명]","명","53","57","58","57","62","67","70","70","84","83","91","92","89","92","96","99","102","98","103",
"1535413102140072HC3.310010","여주시","1535413102140072B02.1","의사","1635413103140072AAA[14STD04553]","인력현황[명]","명","93","94","93","101","96","97","105","112","112","118","123","121","120","133","135","139","138","130","132",
"1535413102140072HC3.310010","여주시","1535413102140072B02.111","일반의","1635413103140072AAA[14STD04553]","인력현황[명]","명","12","12","12","15","10","12","12","11","9","8","7","6","8","13","13","16","19","12","13",
"1535413102140072HC3.310010","여주시","1535413102140072B02.112","인턴","1635413103140072AAA[14STD04553]","인력현황[명]","명","0","0","0","0","0","0","0","0","0","0","0","0","0","2","4","1","0","0","0",
"1535413102140072HC3.310010","여주시","1535413102140072B02.113","레지던트","1635413103140072AAA[14STD04553]","인력현황[명]","명","0","0","0","1","0","0","0","0","0","0","0","0","0","0","0","0","0","0","0",
"1535413102140072HC3.310010","여주시","1535413102140072B02.114","전문의","1635413103140072AAA[14STD04553]","인력현황[명]","명","81","82","81","85","86","85","93","101","103","110","116","115","112","118","118","122","119","118","119",
"1535413102140072HC3.310011","연천군","1535413102140072B02.1","의사","1635413103140072AAA[14STD04553]","인력현황[명]","명","41","41","46","48","41","43","42","43","45","40","37","40","36","40","42","40","35","40","41",
"1535413102140072HC3.310011","연천군","1535413102140072B02.111","일반의","1635413103140072AAA[14STD04553]","인력현황[명]","명","12","14","16","15","12","16","11","9","11","7","6","7","7","9","9","7","6","8","5",
"1535413102140072HC3.310011","연천군","1535413102140072B02.112","인턴","1635413103140072AAA[14STD04553]","인력현황[명]","명","0","0","0","0","0","0","0","0","0","0","0","0","0","0","0","0","2","0","0",
"1535413102140072HC3.310011","연천군","1535413102140072B02.113","레지던트","1635413103140072AAA[14STD04553]","인력현황[명]","명","0","0","0","0","0","0","0","0","0","0","0","0","0","0","0","0","0","0","0",
"1535413102140072HC3.310011","연천군","1535413102140072B02.114","전문의","1635413103140072AAA[14STD04553]","인력현황[명]","명","29","27","30","33","29","27","31","34","34","33","31","33","29","31","33","33","27","32","36",
"1535413102140072HC3.310100","광명시","1535413102140072B02.1","의사","1635413103140072AAA[14STD04553]","인력현황[명]","명","310","313","316","318","341","368","376","416","408","419","433","451","461","448","466","593","648","682","750",
"1535413102140072HC3.310100","광명시","1535413102140072B02.111","일반의","1635413103140072AAA[14STD04553]","인력현황[명]","명","20","15","13","12","18","15","14","14","13","14","13","20","19","17","17","19","23","25","63",
"1535413102140072HC3.310100","광명시","1535413102140072B02.112","인턴","1635413103140072AAA[14STD04553]","인력현황[명]","명","8","12","0","0","0","3","0","4","0","8","6","8","9","0","8","6","6","1","4",
"1535413102140072HC3.310100","광명시","1535413102140072B02.113","레지던트","1635413103140072AAA[14STD04553]","인력현황[명]","명","32","29","34","30","29","39","33","40","39","39","38","35","32","27","24","23","19","21","20",
"1535413102140072HC3.310100","광명시","1535413102140072B02.114","전문의","1635413103140072AAA[14STD04553]","인력현황[명]","명","250","257","269","276","294","311","329","358","356","358","376","388","401","404","417","545","600","635","663",
"1535413102140072HC3.310200","동두천시","1535413102140072B02.1","의사","1635413103140072AAA[14STD04553]","인력현황[명]","명","72","84","90","94","96","102","111","119","117","120","128","132","126","122","120","113","116","113","117",
"1535413102140072HC3.310200","동두천시","1535413102140072B02.111","일반의","1635413103140072AAA[14STD04553]","인력현황[명]","명","9","11","17","19","17","16","10","12","14","9","9","9","8","6","8","8","3","6","13",
"1535413102140072HC3.310200","동두천시","1535413102140072B02.112","인턴","1635413103140072AAA[14STD04553]","인력현황[명]","명","0","0","0","0","0","0","0","0","0","0","0","0","0","0","0","0","0","0","0",
"1535413102140072HC3.310200","동두천시","1535413102140072B02.113","레지던트","1635413103140072AAA[14STD04553]","인력현황[명]","명","0","0","0","0","0","0","0","0","0","0","0","0","0","0","0","0","0","0","0",
"1535413102140072HC3.310200","동두천시","1535413102140072B02.114","전문의","1635413103140072AAA[14STD04553]","인력현황[명]","명","63","73","73","75","79","86","101","107","103","111","119","123","118","116","112","105","113","107","104",
"1535413102140072HC3.310300","부천시","1535413102140072B02.1","의사","1635413103140072AAA[14STD04553]","인력현황[명]","명","","","","","","","","","","","1627","1652","1677","1695","1720","1756","1801","","",
"1535413102140072HC3.310300","부천시","1535413102140072B02.111","일반의","1635413103140072AAA[14STD04553]","인력현황[명]","명","","","","","","","","","","","64","65","62","52","58","59","67","","",
"1535413102140072HC3.310300","부천시","1535413102140072B02.112","인턴","1635413103140072AAA[14STD04553]","인력현황[명]","명","","","","","","","","","","","59","57","53","54","57","57","57","","",
"1535413102140072HC3.310300","부천시","1535413102140072B02.113","레지던트","1635413103140072AAA[14STD04553]","인력현황[명]","명","","","","","","","","","","","203","186","201","187","180","183","183","","",
"1535413102140072HC3.310300","부천시","1535413102140072B02.114","전문의","1635413103140072AAA[14STD04553]","인력현황[명]","명","","","","","","","","","","","1301","1344","1361","1402","1425","1457","1494","","",
"1535413102140072HC3.310301","부천시 소사구","1535413102140072B02.1","의사","1635413103140072AAA[14STD04553]","인력현황[명]","명","200","210","230","225","244","266","294","296","295","302","","","","","","","","336","346",
"1535413102140072HC3.310301","부천시 소사구","1535413102140072B02.111","일반의","1635413103140072AAA[14STD04553]","인력현황[명]","명","12","9","12","10","11","11","9","10","12","10","","","","","","","","17","31",
"1535413102140072HC3.310301","부천시 소사구","1535413102140072B02.112","인턴","1635413103140072AAA[14STD04553]","인력현황[명]","명","0","0","0","0","1","5","9","9","5","4","","","","","","","","3","0",
"1535413102140072HC3.310301","부천시 소사구","1535413102140072B02.113","레지던트","1635413103140072AAA[14STD04553]","인력현황[명]","명","0","0","7","4","9","16","16","18","18","15","","","","","","","","8","1",
"1535413102140072HC3.310301","부천시 소사구","1535413102140072B02.114","전문의","1635413103140072AAA[14STD04553]","인력현황[명]","명","188","201","211","211","223","234","260","259","260","273","","","","","","","","308","314",
"1535413102140072HC3.310302","부천시 오정구","1535413102140072B02.1","의사","1635413103140072AAA[14STD04553]","인력현황[명]","명","106","117","120","123","137","146","149","145","156","146","","","","","","","","171","183",
"1535413102140072HC3.310302","부천시 오정구","1535413102140072B02.111","일반의","1635413103140072AAA[14STD04553]","인력현황[명]","명","13","11","10","8","13","12","15","12","11","16","","","","","","","","11","20",
"1535413102140072HC3.310302","부천시 오정구","1535413102140072B02.112","인턴","1635413103140072AAA[14STD04553]","인력현황[명]","명","0","0","0","0","0","0","0","0","0","0","","","","","","","","0","0",
"1535413102140072HC3.310302","부천시 오정구","1535413102140072B02.113","레지던트","1635413103140072AAA[14STD04553]","인력현황[명]","명","0","0","0","0","0","0","0","0","0","0","","","","","","","","0","0",
"1535413102140072HC3.310302","부천시 오정구","1535413102140072B02.114","전문의","1635413103140072AAA[14STD04553]","인력현황[명]","명","93","106","110","115","124","134","134","133","145","130","","","","","","","","160","163",
"1535413102140072HC3.310303","부천시 원미구","1535413102140072B02.1","의사","1635413103140072AAA[14STD04553]","인력현황[명]","명","780","828","902","963","1012","1039","1094","1115","1131","1160","","","","","","","","1239","1151",
"1535413102140072HC3.310303","부천시 원미구","1535413102140072B02.111","일반의","1635413103140072AAA[14STD04553]","인력현황[명]","명","33","37","44","50","42","38","31","37","38","37","","","","","","","","50","112",
"1535413102140072HC3.310303","부천시 원미구","1535413102140072B02.112","인턴","1635413103140072AAA[14STD04553]","인력현황[명]","명","55","62","63","54","48","56","47","57","52","54","","","","","","","","19","0",
"1535413102140072HC3.310303","부천시 원미구","1535413102140072B02.113","레지던트","1635413103140072AAA[14STD04553]","인력현황[명]","명","120","131","159","202","195","199","205","202","200","204","","","","","","","","138","8",
"1535413102140072HC3.310303","부천시 원미구","1535413102140072B02.114","전문의","1635413103140072AAA[14STD04553]","인력현황[명]","명","572","598","636","657","727","746","811","819","841","865","","","","","","","","1032","1031",
"1535413102140072HC3.310401","성남시 수정구","1535413102140072B02.1","의사","1635413103140072AAA[14STD04553]","인력현황[명]","명","199","194","200","207","232","229","239","236","242","267","295","335","337","404","451","466","470","483","520",
"1535413102140072HC3.310401","성남시 수정구","1535413102140072B02.111","일반의","1635413103140072AAA[14STD04553]","인력현황[명]","명","11","14","16","16","18","18","8","6","8","15","11","16","13","12","17","13","18","12","41",
"1535413102140072HC3.310401","성남시 수정구","1535413102140072B02.112","인턴","1635413103140072AAA[14STD04553]","인력현황[명]","명","0","0","0","0","0","0","0","0","0","0","0","0","0","0","0","0","0","0","0",
"1535413102140072HC3.310401","성남시 수정구","1535413102140072B02.113","레지던트","1635413103140072AAA[14STD04553]","인력현황[명]","명","0","0","0","0","0","0","0","0","0","0","0","0","0","0","0","0","0","0","0",
"1535413102140072HC3.310401","성남시 수정구","1535413102140072B02.114","전문의","1635413103140072AAA[14STD04553]","인력현황[명]","명","188","180","184","191","214","211","231","230","234","252","284","319","324","392","434","453","452","471","479",
"1535413102140072HC3.310402","성남시 중원구","1535413102140072B02.1","의사","1635413103140072AAA[14STD04553]","인력현황[명]","명","211","222","230","232","223","221","238","242","252","258","253","256","254","257","258","247","252","252","260",
"1535413102140072HC3.310402","성남시 중원구","1535413102140072B02.111","일반의","1635413103140072AAA[14STD04553]","인력현황[명]","명","18","16","14","14","15","11","13","14","17","14","14","15","17","16","18","19","23","18","26",
"1535413102140072HC3.310402","성남시 중원구","1535413102140072B02.112","인턴","1635413103140072AAA[14STD04553]","인력현황[명]","명","4","1","3","1","2","0","4","4","3","3","3","3","3","2","0","0","0","0","0",
"1535413102140072HC3.310402","성남시 중원구","1535413102140072B02.113","레지던트","1635413103140072AAA[14STD04553]","인력현황[명]","명","12","12","9","14","13","12","10","10","9","10","10","10","9","9","0","0","0","0","0",
"1535413102140072HC3.310402","성남시 중원구","1535413102140072B02.114","전문의","1635413103140072AAA[14STD04553]","인력현황[명]","명","177","193","204","203","193","198","211","214","223","231","226","228","225","230","240","228","229","234","234",
"1535413102140072HC3.310403","성남시 분당구","1535413102140072B02.1","의사","1635413103140072AAA[14STD04553]","인력현황[명]","명","1256","1348","1407","1530","1656","1723","1783","1880","2011","2086","2185","2260","2328","2359","2356","2437","2539","2423","2277",
"1535413102140072HC3.310403","성남시 분당구","1535413102140072B02.111","일반의","1635413103140072AAA[14STD04553]","인력현황[명]","명","20","38","38","48","85","40","40","49","36","56","40","50","48","53","54","46","63","71","143",
"1535413102140072HC3.310403","성남시 분당구","1535413102140072B02.112","인턴","1635413103140072AAA[14STD04553]","인력현황[명]","명","63","59","13","55","19","62","56","49","56","51","55","48","50","52","43","55","57","20","3",
"1535413102140072HC3.310403","성남시 분당구","1535413102140072B02.113","레지던트","1635413103140072AAA[14STD04553]","인력현황[명]","명","223","222","272","272","293","299","308","350","362","349","395","394","424","392","394","401","399","337","74",
"1535413102140072HC3.310403","성남시 분당구","1535413102140072B02.114","전문의","1635413103140072AAA[14STD04553]","인력현황[명]","명","950","1029","1084","1155","1259","1322","1379","1432","1557","1630","1695","1768","1806","1862","1865","1935","2020","1995","2057",
"1535413102140072HC3.310601","수원시 권선구","1535413102140072B02.1","의사","1635413103140072AAA[14STD04553]","인력현황[명]","명","174","179","215","217","211","227","259","254","272","289","314","339","328","336","369","389","422","416","436",
"1535413102140072HC3.310601","수원시 권선구","1535413102140072B02.111","일반의","1635413103140072AAA[14STD04553]","인력현황[명]","명","16","11","19","18","21","19","22","15","19","18","16","24","17","16","14","17","19","16","35",
"1535413102140072HC3.310601","수원시 권선구","1535413102140072B02.112","인턴","1635413103140072AAA[14STD04553]","인력현황[명]","명","0","0","0","0","0","0","0","0","0","0","0","0","0","0","0","0","0","0","0",
"1535413102140072HC3.310601","수원시 권선구","1535413102140072B02.113","레지던트","1635413103140072AAA[14STD04553]","인력현황[명]","명","0","0","0","0","0","0","0","0","0","0","0","0","0","0","0","0","0","0","0",
"1535413102140072HC3.310601","수원시 권선구","1535413102140072B02.114","전문의","1635413103140072AAA[14STD04553]","인력현황[명]","명","158","168","196","199","190","208","237","239","253","271","298","315","311","320","355","372","403","400","401",
"1535413102140072HC3.310602","수원시 장안구","1535413102140072B02.1","의사","1635413103140072AAA[14STD04553]","인력현황[명]","명","202","208","222","234","239","246","266","283","284","285","298","309","314","334","324","330","337","343","368",
"1535413102140072HC3.310602","수원시 장안구","1535413102140072B02.111","일반의","1635413103140072AAA[14STD04553]","인력현황[명]","명","10","12","12","15","20","13","16","11","12","13","12","13","10","18","11","8","10","14","41",
"1535413102140072HC3.310602","수원시 장안구","1535413102140072B02.112","인턴","1635413103140072AAA[14STD04553]","인력현황[명]","명","0","0","0","0","0","0","0","0","0","0","0","0","0","0","0","0","0","0","0",
"1535413102140072HC3.310602","수원시 장안구","1535413102140072B02.113","레지던트","1635413103140072AAA[14STD04553]","인력현황[명]","명","0","0","0","0","0","0","0","0","0","0","0","0","0","0","0","0","0","0","0",
"1535413102140072HC3.310602","수원시 장안구","1535413102140072B02.114","전문의","1635413103140072AAA[14STD04553]","인력현황[명]","명","192","196","210","219","219","233","250","272","272","272","286","296","304","316","313","322","327","329","327",
"1535413102140072HC3.310603","수원시 팔달구","1535413102140072B02.1","의사","1635413103140072AAA[14STD04553]","인력현황[명]","명","604","630","627","642","693","706","728","756","793","804","833","852","878","898","919","964","1018","922","978",
"1535413102140072HC3.310603","수원시 팔달구","1535413102140072B02.111","일반의","1635413103140072AAA[14STD04553]","인력현황[명]","명","12","16","17","23","40","15","13","16","20","26","27","27","34","39","42","50","58","53","99",
"1535413102140072HC3.310603","수원시 팔달구","1535413102140072B02.112","인턴","1635413103140072AAA[14STD04553]","인력현황[명]","명","34","36","33","3","32","33","32","33","29","31","32","30","30","27","29","33","31","0","1",
"1535413102140072HC3.310603","수원시 팔달구","1535413102140072B02.113","레지던트","1635413103140072AAA[14STD04553]","인력현황[명]","명","118","118","112","134","121","118","125","128","128","122","120","116","108","100","93","94","97","41","9",
"1535413102140072HC3.310603","수원시 팔달구","1535413102140072B02.114","전문의","1635413103140072AAA[14STD04553]","인력현황[명]","명","440","460","465","482","500","540","558","579","616","625","654","679","706","732","755","787","832","828","869",
"1535413102140072HC3.310604","수원시 영통구","1535413102140072B02.1","의사","1635413103140072AAA[14STD04553]","인력현황[명]","명","512","566","703","708","724","814","906","863","916","933","974","1014","1050","1084","1112","1109","1181","1151","1064",
"1535413102140072HC3.310604","수원시 영통구","1535413102140072B02.111","일반의","1635413103140072AAA[14STD04553]","인력현황[명]","명","13","13","34","50","26","16","10","13","12","17","31","38","39","38","39","36","40","52","102",
"1535413102140072HC3.310604","수원시 영통구","1535413102140072B02.112","인턴","1635413103140072AAA[14STD04553]","인력현황[명]","명","45","57","62","0","38","3","47","0","50","50","54","56","55","55","48","95","55","40","1",
"1535413102140072HC3.310604","수원시 영통구","1535413102140072B02.113","레지던트","1635413103140072AAA[14STD04553]","인력현황[명]","명","118","158","165","234","174","275","255","243","227","215","201","202","206","193","186","129","173","126","18",
"1535413102140072HC3.310604","수원시 영통구","1535413102140072B02.114","전문의","1635413103140072AAA[14STD04553]","인력현황[명]","명","336","338","442","424","486","520","594","607","627","651","688","718","750","798","839","849","913","933","943",
"1535413102140072HC3.310701","안양시 만안구","1535413102140072B02.1","의사","1635413103140072AAA[14STD04553]","인력현황[명]","명","241","250","293","292","325","348","336","318","317","322","324","338","341","345","346","354","353","345","352",
"1535413102140072HC3.310701","안양시 만안구","1535413102140072B02.111","일반의","1635413103140072AAA[14STD04553]","인력현황[명]","명","19","18","19","22","22","15","13","15","12","19","18","16","12","13","15","15","19","18","30",
"1535413102140072HC3.310701","안양시 만안구","1535413102140072B02.112","인턴","1635413103140072AAA[14STD04553]","인력현황[명]","명","0","0","0","1","4","6","3","4","6","2","0","3","3","4","2","5","4","0","0",
"1535413102140072HC3.310701","안양시 만안구","1535413102140072B02.113","레지던트","1635413103140072AAA[14STD04553]","인력현황[명]","명","0","0","26","18","26","27","29","26","20","22","13","18","17","10","8","10","6","4","3",
"1535413102140072HC3.310701","안양시 만안구","1535413102140072B02.114","전문의","1635413103140072AAA[14STD04553]","인력현황[명]","명","222","232","248","251","273","300","291","273","279","279","293","301","309","318","321","324","324","323","319",
"1535413102140072HC3.310702","안양시 동안구","1535413102140072B02.1","의사","1635413103140072AAA[14STD04553]","인력현황[명]","명","525","503","573","588","650","682","698","724","698","693","769","789","811","825","814","825","884","844","818",
"1535413102140072HC3.310702","안양시 동안구","1535413102140072B02.111","일반의","1635413103140072AAA[14STD04553]","인력현황[명]","명","16","18","13","20","20","21","18","18","21","21","22","20","27","30","26","29","37","40","82",
"1535413102140072HC3.310702","안양시 동안구","1535413102140072B02.112","인턴","1635413103140072AAA[14STD04553]","인력현황[명]","명","0","0","2","3","25","37","40","27","0","4","64","33","34","34","28","34","36","19","1",
"1535413102140072HC3.310702","안양시 동안구","1535413102140072B02.113","레지던트","1635413103140072AAA[14STD04553]","인력현황[명]","명","133","101","136","140","151","155","157","158","151","129","116","147","145","125","120","115","121","88","7",
"1535413102140072HC3.310702","안양시 동안구","1535413102140072B02.114","전문의","1635413103140072AAA[14STD04553]","인력현황[명]","명","376","384","422","425","454","469","483","521","526","539","567","589","605","636","640","647","690","697","728",
"1535413102140072HC3.310800","의정부시","1535413102140072B02.1","의사","1635413103140072AAA[14STD04553]","인력현황[명]","명","526","560","574","630","614","661","698","737","760","799","808","858","875","889","1023","1042","1054","1029","1053",
"1535413102140072HC3.310800","의정부시","1535413102140072B02.111","일반의","1635413103140072AAA[14STD04553]","인력현황[명]","명","30","31","37","41","44","44","31","33","37","41","38","45","47","48","47","48","48","56","122",
"1535413102140072HC3.310800","의정부시","1535413102140072B02.112","인턴","1635413103140072AAA[14STD04553]","인력현황[명]","명","35","30","0","0","0","0","33","34","32","34","32","30","33","31","28","31","30","1","1",
"1535413102140072HC3.310800","의정부시","1535413102140072B02.113","레지던트","1635413103140072AAA[14STD04553]","인력현황[명]","명","66","73","85","94","90","98","92","107","109","116","107","103","97","91","80","74","67","65","9",
"1535413102140072HC3.310800","의정부시","1535413102140072B02.114","전문의","1635413103140072AAA[14STD04553]","인력현황[명]","명","395","426","452","495","480","519","542","563","582","608","631","680","698","719","868","889","909","907","921",
"1535413102140072HC3.310900","과천시","1535413102140072B02.1","의사","1635413103140072AAA[14STD04553]","인력현황[명]","명","31","31","34","34","33","35","35","34","39","37","41","41","46","46","48","50","56","64","80",
"1535413102140072HC3.310900","과천시","1535413102140072B02.111","일반의","1635413103140072AAA[14STD04553]","인력현황[명]","명","6","5","7","4","4","5","4","4","4","4","5","4","4","4","4","4","5","6","14",
"1535413102140072HC3.310900","과천시","1535413102140072B02.112","인턴","1635413103140072AAA[14STD04553]","인력현황[명]","명","0","0","0","0","0","0","0","0","0","0","0","0","0","0","0","0","0","0","0",
"1535413102140072HC3.310900","과천시","1535413102140072B02.113","레지던트","1635413103140072AAA[14STD04553]","인력현황[명]","명","0","0","0","0","0","0","0","0","0","0","0","0","0","0","0","0","0","0","0",
"1535413102140072HC3.310900","과천시","1535413102140072B02.114","전문의","1635413103140072AAA[14STD04553]","인력현황[명]","명","25","26","27","30","29","30","31","30","35","33","36","37","42","42","44","46","51","58","66",
"1535413102140072HC3.311000","구리시","1535413102140072B02.1","의사","1635413103140072AAA[14STD04553]","인력현황[명]","명","276","260","361","386","404","403","420","392","377","458","469","535","544","532","530","522","541","521","497",
"1535413102140072HC3.311000","구리시","1535413102140072B02.111","일반의","1635413103140072AAA[14STD04553]","인력현황[명]","명","6","7","6","10","13","9","9","8","7","8","9","19","18","13","14","20","22","19","36",
"1535413102140072HC3.311000","구리시","1535413102140072B02.112","인턴","1635413103140072AAA[14STD04553]","인력현황[명]","명","0","0","0","0","0","0","0","0","0","18","16","18","18","17","18","18","17","13","0",
"1535413102140072HC3.311000","구리시","1535413102140072B02.113","레지던트","1635413103140072AAA[14STD04553]","인력현황[명]","명","60","40","92","101","99","101","95","62","46","88","82","81","85","80","78","70","69","51","5",
"1535413102140072HC3.311000","구리시","1535413102140072B02.114","전문의","1635413103140072AAA[14STD04553]","인력현황[명]","명","210","213","263","275","292","293","316","322","324","344","362","417","423","422","420","414","433","438","456",
"1535413102140072HC3.311101","안산시 단원구","1535413102140072B02.1","의사","1635413103140072AAA[14STD04553]","인력현황[명]","명","459","517","575","668","711","718","771","790","804","833","809","803","873","930","906","959","960","979","946",
"1535413102140072HC3.311101","안산시 단원구","1535413102140072B02.111","일반의","1635413103140072AAA[14STD04553]","인력현황[명]","명","31","41","50","68","52","44","39","42","40","38","40","44","46","55","59","53","50","46","107",
"1535413102140072HC3.311101","안산시 단원구","1535413102140072B02.112","인턴","1635413103140072AAA[14STD04553]","인력현황[명]","명","4","0","0","0","25","0","24","0","0","26","2","1","30","27","22","30","27","26","1",
"1535413102140072HC3.311101","안산시 단원구","1535413102140072B02.113","레지던트","1635413103140072AAA[14STD04553]","인력현황[명]","명","69","79","79","107","110","127","126","133","134","126","92","62","71","114","100","108","107","114","14",
"1535413102140072HC3.311101","안산시 단원구","1535413102140072B02.114","전문의","1635413103140072AAA[14STD04553]","인력현황[명]","명","355","397","446","493","524","547","582","615","630","643","675","696","726","734","725","768","776","793","824",
"1535413102140072HC3.311102","안산시 상록구","1535413102140072B02.1","의사","1635413103140072AAA[14STD04553]","인력현황[명]","명","231","236","238","251","260","260","262","267","271","286","289","298","300","299","303","302","308","301","333",
"1535413102140072HC3.311102","안산시 상록구","1535413102140072B02.111","일반의","1635413103140072AAA[14STD04553]","인력현황[명]","명","26","21","26","25","21","20","19","14","17","17","14","16","15","17","18","19","17","16","26",
"1535413102140072HC3.311102","안산시 상록구","1535413102140072B02.112","인턴","1635413103140072AAA[14STD04553]","인력현황[명]","명","0","0","0","0","0","1","1","0","0","0","0","0","0","0","0","0","0","0","0",
"1535413102140072HC3.311102","안산시 상록구","1535413102140072B02.113","레지던트","1635413103140072AAA[14STD04553]","인력현황[명]","명","0","0","0","0","0","0","0","0","0","0","0","0","0","0","0","0","0","0","1",
"1535413102140072HC3.311102","안산시 상록구","1535413102140072B02.114","전문의","1635413103140072AAA[14STD04553]","인력현황[명]","명","205","215","212","226","239","239","242","253","254","269","275","282","285","282","285","283","291","285","306",
"1535413102140072HC3.311200","평택시","1535413102140072B02.1","의사","1635413103140072AAA[14STD04553]","인력현황[명]","명","365","359","385","401","410","427","438","469","512","491","537","576","597","629","680","691","745","778","843",
"1535413102140072HC3.311200","평택시","1535413102140072B02.111","일반의","1635413103140072AAA[14STD04553]","인력현황[명]","명","34","33","37","39","34","32","22","17","20","17","23","23","24","26","35","38","33","40","103",
"1535413102140072HC3.311200","평택시","1535413102140072B02.112","인턴","1635413103140072AAA[14STD04553]","인력현황[명]","명","0","0","0","0","0","0","0","0","0","0","0","0","0","0","0","2","0","0","0",
"1535413102140072HC3.311200","평택시","1535413102140072B02.113","레지던트","1635413103140072AAA[14STD04553]","인력현황[명]","명","0","0","0","0","0","0","0","0","0","0","0","0","0","0","0","0","0","0","0",
"1535413102140072HC3.311200","평택시","1535413102140072B02.114","전문의","1635413103140072AAA[14STD04553]","인력현황[명]","명","331","326","348","362","376","395","416","452","492","474","514","553","573","603","645","651","712","738","740",
"1535413102140072HC3.311300","하남시","1535413102140072B02.1","의사","1635413103140072AAA[14STD04553]","인력현황[명]","명","89","96","101","110","107","107","108","107","110","112","151","178","203","248","289","359","396","405","446",
"1535413102140072HC3.311300","하남시","1535413102140072B02.111","일반의","1635413103140072AAA[14STD04553]","인력현황[명]","명","6","7","7","7","7","8","6","5","6","9","13","15","10","10","12","14","20","19","44",
"1535413102140072HC3.311300","하남시","1535413102140072B02.112","인턴","1635413103140072AAA[14STD04553]","인력현황[명]","명","0","0","0","0","0","0","0","0","0","0","0","0","0","0","0","0","0","0","0",
"1535413102140072HC3.311300","하남시","1535413102140072B02.113","레지던트","1635413103140072AAA[14STD04553]","인력현황[명]","명","0","0","0","0","0","0","0","0","0","0","0","0","0","0","0","0","0","0","0",
"1535413102140072HC3.311300","하남시","1535413102140072B02.114","전문의","1635413103140072AAA[14STD04553]","인력현황[명]","명","83","89","94","103","100","99","102","102","104","103","138","163","193","238","277","345","376","386","402",
"1535413102140072HC3.311400","군포시","1535413102140072B02.1","의사","1635413103140072AAA[14STD04553]","인력현황[명]","명","226","225","247","255","251","283","288","349","343","362","366","372","377","390","390","402","407","417","432",
"1535413102140072HC3.311400","군포시","1535413102140072B02.111","일반의","1635413103140072AAA[14STD04553]","인력현황[명]","명","8","8","9","8","7","13","10","11","9","8","11","10","12","7","10","11","12","14","40",
"1535413102140072HC3.311400","군포시","1535413102140072B02.112","인턴","1635413103140072AAA[14STD04553]","인력현황[명]","명","0","0","4","8","4","4","3","5","4","8","4","6","4","6","4","4","6","1","1",
"1535413102140072HC3.311400","군포시","1535413102140072B02.113","레지던트","1635413103140072AAA[14STD04553]","인력현황[명]","명","0","0","10","12","11","16","17","20","21","25","24","23","25","22","20","18","16","13","4",
"1535413102140072HC3.311400","군포시","1535413102140072B02.114","전문의","1635413103140072AAA[14STD04553]","인력현황[명]","명","218","217","224","227","229","250","258","313","309","321","327","333","336","355","356","369","373","389","387",
"1535413102140072HC3.311500","남양주시","1535413102140072B02.1","의사","1635413103140072AAA[14STD04553]","인력현황[명]","명","320","326","376","409","442","468","483","511","525","536","546","593","620","674","710","780","810","845","959",
"1535413102140072HC3.311500","남양주시","1535413102140072B02.111","일반의","1635413103140072AAA[14STD04553]","인력현황[명]","명","29","30","28","28","32","30","33","30","28","25","26","38","37","44","45","48","39","43","133",
"1535413102140072HC3.311500","남양주시","1535413102140072B02.112","인턴","1635413103140072AAA[14STD04553]","인력현황[명]","명","0","0","0","0","0","1","0","0","0","0","0","0","1","2","1","1","0","0","0",
"1535413102140072HC3.311500","남양주시","1535413102140072B02.113","레지던트","1635413103140072AAA[14STD04553]","인력현황[명]","명","6","5","3","2","1","0","0","0","0","0","0","0","0","0","0","0","0","0","0",
"1535413102140072HC3.311500","남양주시","1535413102140072B02.114","전문의","1635413103140072AAA[14STD04553]","인력현황[명]","명","285","291","345","379","409","437","450","481","497","511","520","555","582","628","664","731","771","802","826",
"1535413102140072HC3.311600","의왕시","1535413102140072B02.1","의사","1635413103140072AAA[14STD04553]","인력현황[명]","명","99","99","109","107","112","106","114","121","124","122","121","129","129","126","129","137","137","137","129",
"1535413102140072HC3.311600","의왕시","1535413102140072B02.111","일반의","1635413103140072AAA[14STD04553]","인력현황[명]","명","7","8","10","8","10","5","5","4","6","6","4","7","7","7","7","8","7","8","13",
"1535413102140072HC3.311600","의왕시","1535413102140072B02.112","인턴","1635413103140072AAA[14STD04553]","인력현황[명]","명","0","0","0","0","0","0","0","0","0","0","0","0","0","0","0","0","0","0","0",
"1535413102140072HC3.311600","의왕시","1535413102140072B02.113","레지던트","1635413103140072AAA[14STD04553]","인력현황[명]","명","5","5","5","5","6","6","6","5","6","5","4","5","4","4","4","4","3","4","0",
"1535413102140072HC3.311600","의왕시","1535413102140072B02.114","전문의","1635413103140072AAA[14STD04553]","인력현황[명]","명","87","86","94","94","96","95","103","112","112","111","113","117","118","115","118","125","127","125","116",
"1535413102140072HC3.311700","시흥시","1535413102140072B02.1","의사","1635413103140072AAA[14STD04553]","인력현황[명]","명","256","260","299","303","311","332","332","347","355","360","375","389","437","476","534","605","653","664","735",
"1535413102140072HC3.311700","시흥시","1535413102140072B02.111","일반의","1635413103140072AAA[14STD04553]","인력현황[명]","명","17","22","20","20","17","24","17","22","20","23","24","26","26","28","31","37","34","35","92",
"1535413102140072HC3.311700","시흥시","1535413102140072B02.112","인턴","1635413103140072AAA[14STD04553]","인력현황[명]","명","0","0","0","0","0","0","0","0","0","0","0","0","0","0","0","0","0","0","0",
"1535413102140072HC3.311700","시흥시","1535413102140072B02.113","레지던트","1635413103140072AAA[14STD04553]","인력현황[명]","명","0","0","0","0","0","0","0","0","0","0","0","0","0","0","0","0","0","0","1",
"1535413102140072HC3.311700","시흥시","1535413102140072B02.114","전문의","1635413103140072AAA[14STD04553]","인력현황[명]","명","239","238","279","283","294","308","315","325","335","337","351","363","411","448","503","568","619","629","642",
"1535413102140072HC3.311800","오산시","1535413102140072B02.1","의사","1635413103140072AAA[14STD04553]","인력현황[명]","명","129","131","156","169","195","193","202","204","217","224","231","266","289","278","292","301","285","284","301",
"1535413102140072HC3.311800","오산시","1535413102140072B02.111","일반의","1635413103140072AAA[14STD04553]","인력현황[명]","명","10","10","10","5","8","10","7","10","8","12","10","10","11","15","15","17","9","9","33",
"1535413102140072HC3.311800","오산시","1535413102140072B02.112","인턴","1635413103140072AAA[14STD04553]","인력현황[명]","명","0","0","0","0","3","2","3","3","3","0","0","1","2","0","2","4","4","0","0",
"1535413102140072HC3.311800","오산시","1535413102140072B02.113","레지던트","1635413103140072AAA[14STD04553]","인력현황[명]","명","0","0","0","0","0","1","3","5","7","7","5","5","4","3","3","2","2","0","0",
"1535413102140072HC3.311800","오산시","1535413102140072B02.114","전문의","1635413103140072AAA[14STD04553]","인력현황[명]","명","119","121","146","164","184","180","189","186","199","205","216","250","272","260","272","278","270","275","268",
"1535413102140072HC3.311901","고양시 덕양구","1535413102140072B02.1","의사","1635413103140072AAA[14STD04553]","인력현황[명]","명","421","456","496","498","503","547","497","525","566","574","591","602","588","614","669","704","769","750","766",
"1535413102140072HC3.311901","고양시 덕양구","1535413102140072B02.111","일반의","1635413103140072AAA[14STD04553]","인력현황[명]","명","13","19","19","23","22","23","24","20","19","15","14","20","21","24","25","22","23","22","59",
"1535413102140072HC3.311901","고양시 덕양구","1535413102140072B02.112","인턴","1635413103140072AAA[14STD04553]","인력현황[명]","명","19","21","20","16","21","17","7","0","1","18","34","41","32","34","24","30","20","14","3",
"1535413102140072HC3.311901","고양시 덕양구","1535413102140072B02.113","레지던트","1635413103140072AAA[14STD04553]","인력현황[명]","명","66","76","93","81","78","100","98","79","89","78","60","47","32","44","52","49","55","38","21",
"1535413102140072HC3.311901","고양시 덕양구","1535413102140072B02.114","전문의","1635413103140072AAA[14STD04553]","인력현황[명]","명","323","340","364","378","382","407","368","426","457","463","483","494","503","512","568","603","671","676","683",
"1535413102140072HC3.311903","고양시 일산 서구","1535413102140072B02.1","의사","1635413103140072AAA[14STD04553]","인력현황[명]","명","357","390","475","474","455","503","507","509","524","561","533","569","566","579","585","587","603","549","508",
"1535413102140072HC3.311903","고양시 일산 서구","1535413102140072B02.111","일반의","1635413103140072AAA[14STD04553]","인력현황[명]","명","17","16","12","17","14","11","12","11","14","15","12","19","15","11","13","9","11","12","29",
"1535413102140072HC3.311903","고양시 일산 서구","1535413102140072B02.112","인턴","1635413103140072AAA[14STD04553]","인력현황[명]","명","0","11","32","22","0","26","20","0","0","20","0","25","25","25","20","24","25","10","1",
"1535413102140072HC3.311903","고양시 일산 서구","1535413102140072B02.113","레지던트","1635413103140072AAA[14STD04553]","인력현황[명]","명","29","43","108","101","104","110","112","121","124","119","108","111","112","109","101","93","91","65","1",
"1535413102140072HC3.311903","고양시 일산 서구","1535413102140072B02.114","전문의","1635413103140072AAA[14STD04553]","인력현황[명]","명","311","320","323","334","337","356","363","377","386","407","413","414","414","434","451","461","476","462","477",
"1535413102140072HC3.311904","고양시 일산 동구","1535413102140072B02.1","의사","1635413103140072AAA[14STD04553]","인력현황[명]","명","598","632","792","799","814","837","845","888","927","1015","1050","1079","1098","1124","1180","1205","1192","1182","1157",
"1535413102140072HC3.311904","고양시 일산 동구","1535413102140072B02.111","일반의","1635413103140072AAA[14STD04553]","인력현황[명]","명","23","27","29","23","34","30","25","24","28","38","28","41","44","39","42","48","51","65","116",
"1535413102140072HC3.311904","고양시 일산 동구","1535413102140072B02.112","인턴","1635413103140072AAA[14STD04553]","인력현황[명]","명","23","18","52","9","32","10","6","2","0","28","29","30","19","0","16","26","23","0","0",
"1535413102140072HC3.311904","고양시 일산 동구","1535413102140072B02.113","레지던트","1635413103140072AAA[14STD04553]","인력현황[명]","명","16","15","92","97","79","110","116","134","125","159","166","155","157","133","110","120","117","82","15",
"1535413102140072HC3.311904","고양시 일산 동구","1535413102140072B02.114","전문의","1635413103140072AAA[14STD04553]","인력현황[명]","명","536","572","619","670","669","687","698","728","774","790","827","853","878","952","1012","1011","1001","1035","1026",
"1535413102140072HC3.312001","용인시 기흥구","1535413102140072B02.1","의사","1635413103140072AAA[14STD04553]","인력현황[명]","명","219","246","286","304","319","355","363","401","415","433","448","469","516","701","751","770","777","811","853",
"1535413102140072HC3.312001","용인시 기흥구","1535413102140072B02.111","일반의","1635413103140072AAA[14STD04553]","인력현황[명]","명","16","18","15","19","21","25","22","20","25","23","19","29","27","36","36","47","38","39","71",
"1535413102140072HC3.312001","용인시 기흥구","1535413102140072B02.112","인턴","1635413103140072AAA[14STD04553]","인력현황[명]","명","0","0","0","0","0","0","0","0","0","2","0","0","0","0","0","0","0","0","0",
"1535413102140072HC3.312001","용인시 기흥구","1535413102140072B02.113","레지던트","1635413103140072AAA[14STD04553]","인력현황[명]","명","12","12","12","13","11","11","10","9","7","6","4","4","4","4","4","4","7","3","2",
"1535413102140072HC3.312001","용인시 기흥구","1535413102140072B02.114","전문의","1635413103140072AAA[14STD04553]","인력현황[명]","명","191","216","259","272","287","319","331","372","383","402","425","436","485","661","711","719","732","769","780",
"1535413102140072HC3.312002","용인시 수지구","1535413102140072B02.1","의사","1635413103140072AAA[14STD04553]","인력현황[명]","명","162","171","179","185","186","197","207","225","248","252","275","283","301","312","312","324","343","351","388",
"1535413102140072HC3.312002","용인시 수지구","1535413102140072B02.111","일반의","1635413103140072AAA[14STD04553]","인력현황[명]","명","12","13","10","9","10","9","9","13","17","13","16","14","15","16","11","13","14","14","31",
"1535413102140072HC3.312002","용인시 수지구","1535413102140072B02.112","인턴","1635413103140072AAA[14STD04553]","인력현황[명]","명","0","0","0","0","0","0","0","0","0","0","0","0","0","0","0","0","0","0","0",
"1535413102140072HC3.312002","용인시 수지구","1535413102140072B02.113","레지던트","1635413103140072AAA[14STD04553]","인력현황[명]","명","0","0","0","0","0","0","0","0","0","0","0","0","0","0","0","0","0","0","0",
"1535413102140072HC3.312002","용인시 수지구","1535413102140072B02.114","전문의","1635413103140072AAA[14STD04553]","인력현황[명]","명","150","158","169","176","176","188","198","212","231","239","259","269","286","296","301","311","329","337","357",
"1535413102140072HC3.312003","용인시 처인구","1535413102140072B02.1","의사","1635413103140072AAA[14STD04553]","인력현황[명]","명","140","147","167","171","177","186","199","205","213","219","214","224","235","231","232","224","284","292","293",
"1535413102140072HC3.312003","용인시 처인구","1535413102140072B02.111","일반의","1635413103140072AAA[14STD04553]","인력현황[명]","명","21","16","19","16","19","21","23","20","17","12","12","14","13","22","22","19","20","20","48",
"1535413102140072HC3.312003","용인시 처인구","1535413102140072B02.112","인턴","1635413103140072AAA[14STD04553]","인력현황[명]","명","1","1","1","0","0","0","0","0","0","0","0","0","0","0","0","0","0","0","0",
"1535413102140072HC3.312003","용인시 처인구","1535413102140072B02.113","레지던트","1635413103140072AAA[14STD04553]","인력현황[명]","명","0","0","0","0","0","0","0","0","0","0","0","0","0","0","0","0","0","0","0",
"1535413102140072HC3.312003","용인시 처인구","1535413102140072B02.114","전문의","1635413103140072AAA[14STD04553]","인력현황[명]","명","118","130","147","155","158","165","176","185","196","207","202","210","222","209","210","205","264","272","245",
"1535413102140072HC3.312100","이천시","1535413102140072B02.1","의사","1635413103140072AAA[14STD04553]","인력현황[명]","명","178","183","175","175","178","194","191","201","207","219","225","239","247","259","257","256","263","262","275",
"1535413102140072HC3.312100","이천시","1535413102140072B02.111","일반의","1635413103140072AAA[14STD04553]","인력현황[명]","명","27","22","26","21","26","24","16","18","20","19","18","18","18","21","22","25","21","23","31",
"1535413102140072HC3.312100","이천시","1535413102140072B02.112","인턴","1635413103140072AAA[14STD04553]","인력현황[명]","명","0","0","0","0","0","0","0","0","0","0","0","0","0","1","1","1","0","0","0",
"1535413102140072HC3.312100","이천시","1535413102140072B02.113","레지던트","1635413103140072AAA[14STD04553]","인력현황[명]","명","8","8","0","8","0","7","0","0","0","0","0","0","0","0","0","0","0","0","0",
"1535413102140072HC3.312100","이천시","1535413102140072B02.114","전문의","1635413103140072AAA[14STD04553]","인력현황[명]","명","143","153","149","146","152","163","175","183","187","200","207","221","229","237","234","230","242","239","244",
"1535413102140072HC3.312200","파주시","1535413102140072B02.1","의사","1635413103140072AAA[14STD04553]","인력현황[명]","명","184","200","207","216","246","271","277","299","323","337","372","380","409","432","451","456","517","521","565",
"1535413102140072HC3.312200","파주시","1535413102140072B02.111","일반의","1635413103140072AAA[14STD04553]","인력현황[명]","명","25","28","23","24","29","33","26","24","30","29","34","27","36","30","39","39","42","42","69",
"1535413102140072HC3.312200","파주시","1535413102140072B02.112","인턴","1635413103140072AAA[14STD04553]","인력현황[명]","명","0","0","0","0","0","0","0","0","0","0","0","0","0","0","1","0","0","0","0",
"1535413102140072HC3.312200","파주시","1535413102140072B02.113","레지던트","1635413103140072AAA[14STD04553]","인력현황[명]","명","0","0","0","0","0","0","0","0","0","0","0","0","0","1","0","0","0","0","0",
"1535413102140072HC3.312200","파주시","1535413102140072B02.114","전문의","1635413103140072AAA[14STD04553]","인력현황[명]","명","159","172","184","192","217","238","251","275","293","308","338","353","373","401","411","417","475","479","496",
"1535413102140072HC3.312300","김포시","1535413102140072B02.1","의사","1635413103140072AAA[14STD04553]","인력현황[명]","명","182","187","225","245","264","266","283","306","325","367","395","437","499","542","582","598","625","659","707",
"1535413102140072HC3.312300","김포시","1535413102140072B02.111","일반의","1635413103140072AAA[14STD04553]","인력현황[명]","명","16","13","18","21","21","17","14","12","10","10","13","16","22","21","20","22","30","24","67",
"1535413102140072HC3.312300","김포시","1535413102140072B02.112","인턴","1635413103140072AAA[14STD04553]","인력현황[명]","명","0","0","0","1","2","3","2","2","0","2","0","2","2","1","1","0","3","2","5",
"1535413102140072HC3.312300","김포시","1535413102140072B02.113","레지던트","1635413103140072AAA[14STD04553]","인력현황[명]","명","0","0","2","3","6","5","6","6","4","4","4","6","4","5","7","8","10","9","6",
"1535413102140072HC3.312300","김포시","1535413102140072B02.114","전문의","1635413103140072AAA[14STD04553]","인력현황[명]","명","166","174","205","220","235","241","261","286","311","351","378","413","471","515","554","568","582","624","629",
"1535413102140072HC3.312400","안성시","1535413102140072B02.1","의사","1635413103140072AAA[14STD04553]","인력현황[명]","명","127","135","144","156","173","181","174","175","174","168","175","180","191","190","199","200","212","218","224",
"1535413102140072HC3.312400","안성시","1535413102140072B02.111","일반의","1635413103140072AAA[14STD04553]","인력현황[명]","명","19","20","18","17","25","26","16","18","16","13","15","16","18","18","16","11","14","14","29",
"1535413102140072HC3.312400","안성시","1535413102140072B02.112","인턴","1635413103140072AAA[14STD04553]","인력현황[명]","명","0","0","0","0","0","0","0","0","0","0","0","0","0","0","0","1","3","0","0",
"1535413102140072HC3.312400","안성시","1535413102140072B02.113","레지던트","1635413103140072AAA[14STD04553]","인력현황[명]","명","0","0","0","0","0","0","0","0","0","0","0","0","0","0","0","0","0","0","0",
"1535413102140072HC3.312400","안성시","1535413102140072B02.114","전문의","1635413103140072AAA[14STD04553]","인력현황[명]","명","108","115","126","139","148","155","158","157","158","155","160","164","173","172","183","188","195","204","195",
"1535413102140072HC3.312500","화성시","1535413102140072B02.1","의사","1635413103140072AAA[14STD04553]","인력현황[명]","명","173","201","276","309","347","389","534","588","624","671","742","803","896","978","1048","1144","1169","1232","1327",
"1535413102140072HC3.312500","화성시","1535413102140072B02.111","일반의","1635413103140072AAA[14STD04553]","인력현황[명]","명","29","27","33","41","49","49","39","39","36","34","36","39","44","46","48","55","57","61","142",
"1535413102140072HC3.312500","화성시","1535413102140072B02.112","인턴","1635413103140072AAA[14STD04553]","인력현황[명]","명","0","0","0","0","0","0","0","18","19","22","24","37","24","27","22","27","24","13","0",
"1535413102140072HC3.312500","화성시","1535413102140072B02.113","레지던트","1635413103140072AAA[14STD04553]","인력현황[명]","명","0","0","0","0","0","0","41","36","40","42","53","43","62","67","63","70","64","52","8",
"1535413102140072HC3.312500","화성시","1535413102140072B02.114","전문의","1635413103140072AAA[14STD04553]","인력현황[명]","명","144","174","243","268","298","340","454","495","529","573","629","684","766","838","915","992","1024","1106","1177",
"1535413102140072HC3.312600","광주시","1535413102140072B02.1","의사","1635413103140072AAA[14STD04553]","인력현황[명]","명","132","136","145","152","168","170","165","171","168","173","209","238","257","266","269","281","308","326","361",
"1535413102140072HC3.312600","광주시","1535413102140072B02.111","일반의","1635413103140072AAA[14STD04553]","인력현황[명]","명","10","9","11","13","14","12","9","12","9","11","8","8","10","13","16","14","16","17","34",
"1535413102140072HC3.312600","광주시","1535413102140072B02.112","인턴","1635413103140072AAA[14STD04553]","인력현황[명]","명","0","0","0","0","1","1","0","0","0","0","0","0","0","0","0","0","0","0","0",
"1535413102140072HC3.312600","광주시","1535413102140072B02.113","레지던트","1635413103140072AAA[14STD04553]","인력현황[명]","명","12","13","12","12","12","12","12","2","0","0","0","0","0","0","0","0","0","0","0",
"1535413102140072HC3.312600","광주시","1535413102140072B02.114","전문의","1635413103140072AAA[14STD04553]","인력현황[명]","명","110","114","122","127","141","145","144","157","159","162","201","230","247","253","253","267","292","309","327",
"1535413102140072HC3.312700","양주시","1535413102140072B02.1","의사","1635413103140072AAA[14STD04553]","인력현황[명]","명","112","118","123","141","149","161","171","171","170","173","181","196","232","236","246","258","264","271","284",
"1535413102140072HC3.312700","양주시","1535413102140072B02.111","일반의","1635413103140072AAA[14STD04553]","인력현황[명]","명","14","10","11","12","10","13","10","9","6","6","9","10","14","17","13","10","8","8","26",
"1535413102140072HC3.312700","양주시","1535413102140072B02.112","인턴","1635413103140072AAA[14STD04553]","인력현황[명]","명","0","0","0","0","0","0","0","0","0","0","0","0","0","0","0","0","0","0","0",
"1535413102140072HC3.312700","양주시","1535413102140072B02.113","레지던트","1635413103140072AAA[14STD04553]","인력현황[명]","명","0","0","0","0","0","0","0","0","0","0","0","0","0","0","0","0","0","0","0",
"1535413102140072HC3.312700","양주시","1535413102140072B02.114","전문의","1635413103140072AAA[14STD04553]","인력현황[명]","명","98","108","112","129","139","148","161","162","164","167","172","186","218","219","233","248","256","263","258",
"1535413102140072HC3.312800","포천시","1535413102140072B02.1","의사","1635413103140072AAA[14STD04553]","인력현황[명]","명","133","143","150","151","148","150","150","156","168","169","174","180","186","190","195","189","191","202","207",
"1535413102140072HC3.312800","포천시","1535413102140072B02.111","일반의","1635413103140072AAA[14STD04553]","인력현황[명]","명","17","17","25","25","22","16","12","13","16","15","16","18","12","14","15","9","5","5","13",
"1535413102140072HC3.312800","포천시","1535413102140072B02.112","인턴","1635413103140072AAA[14STD04553]","인력현황[명]","명","0","0","0","0","0","0","0","0","0","0","0","0","1","1","0","0","0","0","0",
"1535413102140072HC3.312800","포천시","1535413102140072B02.113","레지던트","1635413103140072AAA[14STD04553]","인력현황[명]","명","0","0","0","0","0","1","1","0","0","0","0","0","0","0","0","0","0","0","0",
"1535413102140072HC3.312800","포천시","1535413102140072B02.114","전문의","1635413103140072AAA[14STD04553]","인력현황[명]","명","116","126","125","126","126","133","137","143","152","154","158","162","173","175","180","180","186","197","194",
"1535413102140072HC3.32","강원","1535413102140072B02.1","의사","1635413103140072AAA[14STD04553]","인력현황[명]","명","2011","2050","2145","2234","2315","2332","2384","2453","2503","2541","2624","2654","2699","2706","2779","2792","2714","2715","2555",
"1535413102140072HC3.32","강원","1535413102140072B02.111","일반의","1635413103140072AAA[14STD04553]","인력현황[명]","명","220","204","220","261","244","216","204","205","204","199","214","219","226","225","230","236","179","189","279",
"1535413102140072HC3.32","강원","1535413102140072B02.112","인턴","1635413103140072AAA[14STD04553]","인력현황[명]","명","68","77","24","60","56","47","56","57","65","67","102","86","106","75","114","72","74","40","6",
"1535413102140072HC3.32","강원","1535413102140072B02.113","레지던트","1635413103140072AAA[14STD04553]","인력현황[명]","명","290","303","358","310","315","321","302","315","310","305","294","297","275","278","246","263","258","239","48",
"1535413102140072HC3.32","강원","1535413102140072B02.114","전문의","1635413103140072AAA[14STD04553]","인력현황[명]","명","1433","1466","1543","1603","1700","1748","1822","1876","1924","1970","2014","2052","2092","2128","2189","2221","2203","2247","2222",
"1535413102140072HC3.320001","고성군","1535413102140072B02.1","의사","1635413103140072AAA[14STD04553]","인력현황[명]","명","14","14","14","14","13","13","11","13","14","12","12","13","11","12","12","11","8","9","8",
"1535413102140072HC3.320001","고성군","1535413102140072B02.111","일반의","1635413103140072AAA[14STD04553]","인력현황[명]","명","7","6","4","4","3","5","4","5","6","3","4","5","5","6","6","5","1","3","2",
"1535413102140072HC3.320001","고성군","1535413102140072B02.112","인턴","1635413103140072AAA[14STD04553]","인력현황[명]","명","0","0","0","0","0","0","0","0","0","0","0","0","0","0","0","0","0","0","0",
"1535413102140072HC3.320001","고성군","1535413102140072B02.113","레지던트","1635413103140072AAA[14STD04553]","인력현황[명]","명","0","0","0","0","0","0","0","0","0","0","0","0","0","0","0","0","0","0","0",
"1535413102140072HC3.320001","고성군","1535413102140072B02.114","전문의","1635413103140072AAA[14STD04553]","인력현황[명]","명","7","8","10","10","10","8","7","8","8","9","8","8","6","6","6","6","7","6","6",
"1535413102140072HC3.320004","양구군","1535413102140072B02.1","의사","1635413103140072AAA[14STD04553]","인력현황[명]","명","16","14","17","24","22","21","24","27","28","24","25","20","23","26","22","21","19","17","36",
"1535413102140072HC3.320004","양구군","1535413102140072B02.111","일반의","1635413103140072AAA[14STD04553]","인력현황[명]","명","4","5","3","6","4","5","5","5","4","5","5","7","7","6","7","8","8","7","11",
"1535413102140072HC3.320004","양구군","1535413102140072B02.112","인턴","1635413103140072AAA[14STD04553]","인력현황[명]","명","0","0","0","0","0","0","0","0","0","0","0","0","0","0","0","0","0","0","0",
"1535413102140072HC3.320004","양구군","1535413102140072B02.113","레지던트","1635413103140072AAA[14STD04553]","인력현황[명]","명","0","0","0","0","0","0","0","0","0","0","0","0","0","0","0","0","0","0","0",
"1535413102140072HC3.320004","양구군","1535413102140072B02.114","전문의","1635413103140072AAA[14STD04553]","인력현황[명]","명","12","9","14","18","18","16","19","22","24","19","20","13","16","20","15","13","11","10","25",
"1535413102140072HC3.320005","양양군","1535413102140072B02.1","의사","1635413103140072AAA[14STD04553]","인력현황[명]","명","12","13","13","13","12","13","13","14","13","13","13","13","13","13","13","14","7","11","10",
"1535413102140072HC3.320005","양양군","1535413102140072B02.111","일반의","1635413103140072AAA[14STD04553]","인력현황[명]","명","7","7","10","10","8","8","8","8","6","6","6","6","8","9","9","7","3","5","5",
"1535413102140072HC3.320005","양양군","1535413102140072B02.112","인턴","1635413103140072AAA[14STD04553]","인력현황[명]","명","0","0","0","0","0","0","0","0","0","0","0","0","0","0","0","0","0","0","0",
"1535413102140072HC3.320005","양양군","1535413102140072B02.113","레지던트","1635413103140072AAA[14STD04553]","인력현황[명]","명","0","0","0","0","0","0","0","0","0","0","0","0","0","0","0","0","0","0","0",
"1535413102140072HC3.320005","양양군","1535413102140072B02.114","전문의","1635413103140072AAA[14STD04553]","인력현황[명]","명","5","6","3","3","4","5","5","6","7","7","7","7","5","4","4","7","4","6","5",
"1535413102140072HC3.320006","영월군","1535413102140072B02.1","의사","1635413103140072AAA[14STD04553]","인력현황[명]","명","38","42","47","48","46","41","42","44","42","41","41","42","41","42","41","41","37","41","39",
"1535413102140072HC3.320006","영월군","1535413102140072B02.111","일반의","1635413103140072AAA[14STD04553]","인력현황[명]","명","7","6","9","12","9","8","7","8","6","7","7","7","10","9","11","9","6","6","3",
"1535413102140072HC3.320006","영월군","1535413102140072B02.112","인턴","1635413103140072AAA[14STD04553]","인력현황[명]","명","0","0","0","0","0","0","0","0","0","0","0","0","0","1","1","1","1","0","0",
"1535413102140072HC3.320006","영월군","1535413102140072B02.113","레지던트","1635413103140072AAA[14STD04553]","인력현황[명]","명","0","0","0","0","0","0","0","0","0","0","0","0","0","0","0","0","0","0","0",
"1535413102140072HC3.320006","영월군","1535413102140072B02.114","전문의","1635413103140072AAA[14STD04553]","인력현황[명]","명","31","36","38","36","37","33","35","36","36","34","34","35","31","32","29","31","30","35","36",
"1535413102140072HC3.320008","인제군","1535413102140072B02.1","의사","1635413103140072AAA[14STD04553]","인력현황[명]","명","22","23","24","25","24","24","24","24","25","24","21","23","22","21","18","19","17","15","21",
"1535413102140072HC3.320008","인제군","1535413102140072B02.111","일반의","1635413103140072AAA[14STD04553]","인력현황[명]","명","9","10","11","9","8","9","9","8","9","8","8","9","10","12","10","10","8","6","6",
"1535413102140072HC3.320008","인제군","1535413102140072B02.112","인턴","1635413103140072AAA[14STD04553]","인력현황[명]","명","0","0","0","0","0","0","0","0","0","0","0","0","0","0","0","0","0","0","0",
"1535413102140072HC3.320008","인제군","1535413102140072B02.113","레지던트","1635413103140072AAA[14STD04553]","인력현황[명]","명","0","0","0","0","0","0","0","0","0","0","0","0","0","0","0","0","0","0","0",
"1535413102140072HC3.320008","인제군","1535413102140072B02.114","전문의","1635413103140072AAA[14STD04553]","인력현황[명]","명","13","13","13","16","16","15","15","16","16","16","13","14","12","9","8","9","9","9","15",
"1535413102140072HC3.320009","정선군","1535413102140072B02.1","의사","1635413103140072AAA[14STD04553]","인력현황[명]","명","38","32","37","30","29","27","28","28","28","26","33","33","32","29","30","28","26","26","27",
"1535413102140072HC3.320009","정선군","1535413102140072B02.111","일반의","1635413103140072AAA[14STD04553]","인력현황[명]","명","14","10","11","11","7","6","7","5","7","8","10","11","13","13","12","10","11","11","9",
"1535413102140072HC3.320009","정선군","1535413102140072B02.112","인턴","1635413103140072AAA[14STD04553]","인력현황[명]","명","0","0","0","0","0","0","0","0","0","0","0","0","0","0","0","0","0","0","0",
"1535413102140072HC3.320009","정선군","1535413102140072B02.113","레지던트","1635413103140072AAA[14STD04553]","인력현황[명]","명","0","0","0","0","0","0","0","0","0","0","0","0","0","0","0","0","0","0","0",
"1535413102140072HC3.320009","정선군","1535413102140072B02.114","전문의","1635413103140072AAA[14STD04553]","인력현황[명]","명","24","22","26","19","22","21","21","23","21","18","23","22","19","16","18","18","15","15","18",
"1535413102140072HC3.320010","철원군","1535413102140072B02.1","의사","1635413103140072AAA[14STD04553]","인력현황[명]","명","39","32","32","38","38","39","41","40","38","39","39","39","39","39","39","43","35","31","37",
"1535413102140072HC3.320010","철원군","1535413102140072B02.111","일반의","1635413103140072AAA[14STD04553]","인력현황[명]","명","7","6","9","11","8","6","6","6","7","7","7","9","9","8","8","10","5","5","7",
"1535413102140072HC3.320010","철원군","1535413102140072B02.112","인턴","1635413103140072AAA[14STD04553]","인력현황[명]","명","0","0","0","0","0","0","0","0","0","0","0","0","0","0","0","0","1","0","0",
"1535413102140072HC3.320010","철원군","1535413102140072B02.113","레지던트","1635413103140072AAA[14STD04553]","인력현황[명]","명","0","0","0","0","0","0","0","0","0","0","0","0","0","1","0","0","0","0","0",
"1535413102140072HC3.320010","철원군","1535413102140072B02.114","전문의","1635413103140072AAA[14STD04553]","인력현황[명]","명","32","26","23","27","30","33","35","34","31","32","32","30","30","30","31","33","29","26","30",
"1535413102140072HC3.320012","평창군","1535413102140072B02.1","의사","1635413103140072AAA[14STD04553]","인력현황[명]","명","31","31","31","31","30","28","29","32","32","34","36","38","36","36","36","30","29","33","31",
"1535413102140072HC3.320012","평창군","1535413102140072B02.111","일반의","1635413103140072AAA[14STD04553]","인력현황[명]","명","11","8","9","9","10","8","8","7","3","2","4","7","9","8","8","7","7","7","4",
"1535413102140072HC3.320012","평창군","1535413102140072B02.112","인턴","1635413103140072AAA[14STD04553]","인력현황[명]","명","0","0","0","0","0","0","0","0","0","0","0","0","0","0","1","1","0","0","0",
"1535413102140072HC3.320012","평창군","1535413102140072B02.113","레지던트","1635413103140072AAA[14STD04553]","인력현황[명]","명","0","0","0","0","0","0","0","0","0","0","0","0","0","0","0","0","0","0","0",
"1535413102140072HC3.320012","평창군","1535413102140072B02.114","전문의","1635413103140072AAA[14STD04553]","인력현황[명]","명","20","23","22","22","20","20","21","25","29","32","32","31","27","28","27","22","22","26","27",
"1535413102140072HC3.320013","홍천군","1535413102140072B02.1","의사","1635413103140072AAA[14STD04553]","인력현황[명]","명","80","82","84","84","91","85","88","91","90","92","96","92","88","94","93","92","91","93","88",
"1535413102140072HC3.320013","홍천군","1535413102140072B02.111","일반의","1635413103140072AAA[14STD04553]","인력현황[명]","명","13","11","13","15","18","13","11","11","12","12","13","12","11","11","11","12","8","12","14",
"1535413102140072HC3.320013","홍천군","1535413102140072B02.112","인턴","1635413103140072AAA[14STD04553]","인력현황[명]","명","0","0","0","0","0","0","0","2","2","0","1","2","0","2","1","0","0","0","0",
"1535413102140072HC3.320013","홍천군","1535413102140072B02.113","레지던트","1635413103140072AAA[14STD04553]","인력현황[명]","명","0","0","0","0","0","0","0","0","0","0","1","0","0","0","0","0","0","0","0",
"1535413102140072HC3.320013","홍천군","1535413102140072B02.114","전문의","1635413103140072AAA[14STD04553]","인력현황[명]","명","67","71","71","69","73","72","77","78","76","80","81","78","77","81","81","80","83","81","74",
"1535413102140072HC3.320014","화천군","1535413102140072B02.1","의사","1635413103140072AAA[14STD04553]","인력현황[명]","명","19","16","21","21","21","20","20","21","21","23","23","23","23","23","23","23","14","32","26",
"1535413102140072HC3.320014","화천군","1535413102140072B02.111","일반의","1635413103140072AAA[14STD04553]","인력현황[명]","명","4","3","6","6","7","7","6","6","5","5","6","6","6","6","5","5","1","2","1",
"1535413102140072HC3.320014","화천군","1535413102140072B02.112","인턴","1635413103140072AAA[14STD04553]","인력현황[명]","명","0","0","0","0","0","0","0","0","0","0","0","0","0","0","0","0","0","0","0",
"1535413102140072HC3.320014","화천군","1535413102140072B02.113","레지던트","1635413103140072AAA[14STD04553]","인력현황[명]","명","0","0","0","0","0","0","0","0","0","0","0","0","0","0","0","0","0","0","0",
"1535413102140072HC3.320014","화천군","1535413102140072B02.114","전문의","1635413103140072AAA[14STD04553]","인력현황[명]","명","15","13","15","15","14","13","14","15","16","18","17","17","17","17","18","18","13","30","25",
"1535413102140072HC3.320015","횡성군","1535413102140072B02.1","의사","1635413103140072AAA[14STD04553]","인력현황[명]","명","28","23","30","32","30","31","34","33","33","34","31","34","33","31","34","35","27","29","28",
"1535413102140072HC3.320015","횡성군","1535413102140072B02.111","일반의","1635413103140072AAA[14STD04553]","인력현황[명]","명","10","5","7","8","7","10","8","9","9","13","13","12","11","10","11","14","6","6","7",
"1535413102140072HC3.320015","횡성군","1535413102140072B02.112","인턴","1635413103140072AAA[14STD04553]","인력현황[명]","명","0","0","0","0","0","0","0","0","0","0","0","0","0","0","0","0","0","0","0",
"1535413102140072HC3.320015","횡성군","1535413102140072B02.113","레지던트","1635413103140072AAA[14STD04553]","인력현황[명]","명","0","0","0","0","0","0","0","0","0","0","0","0","0","0","0","0","0","0","0",
"1535413102140072HC3.320015","횡성군","1535413102140072B02.114","전문의","1635413103140072AAA[14STD04553]","인력현황[명]","명","18","18","23","24","23","21","26","24","24","21","18","22","22","21","23","21","21","23","21",
"1535413102140072HC3.320100","강릉시","1535413102140072B02.1","의사","1635413103140072AAA[14STD04553]","인력현황[명]","명","326","330","385","399","399","395","428","430","439","455","465","475","475","475","485","495","477","488","455",
"1535413102140072HC3.320100","강릉시","1535413102140072B02.111","일반의","1635413103140072AAA[14STD04553]","인력현황[명]","명","20","19","13","25","21","19","15","20","17","18","21","18","14","16","21","27","18","19","23",
"1535413102140072HC3.320100","강릉시","1535413102140072B02.112","인턴","1635413103140072AAA[14STD04553]","인력현황[명]","명","0","0","0","2","0","0","0","0","0","0","0","0","0","1","0","0","0","0","0",
"1535413102140072HC3.320100","강릉시","1535413102140072B02.113","레지던트","1635413103140072AAA[14STD04553]","인력현황[명]","명","45","41","83","67","65","58","70","64","61","61","62","65","61","45","43","38","34","36","13",
"1535413102140072HC3.320100","강릉시","1535413102140072B02.114","전문의","1635413103140072AAA[14STD04553]","인력현황[명]","명","261","270","289","305","313","318","343","346","361","376","382","392","400","413","421","430","425","433","419",
"1535413102140072HC3.320200","동해시","1535413102140072B02.1","의사","1635413103140072AAA[14STD04553]","인력현황[명]","명","97","104","103","108","108","106","100","107","112","115","116","115","115","113","114","119","114","110","113",
"1535413102140072HC3.320200","동해시","1535413102140072B02.111","일반의","1635413103140072AAA[14STD04553]","인력현황[명]","명","11","9","12","14","14","13","13","12","13","13","13","10","11","10","8","8","8","9","15",
"1535413102140072HC3.320200","동해시","1535413102140072B02.112","인턴","1635413103140072AAA[14STD04553]","인력현황[명]","명","0","0","0","0","0","0","0","0","0","0","0","0","0","0","0","0","0","0","0",
"1535413102140072HC3.320200","동해시","1535413102140072B02.113","레지던트","1635413103140072AAA[14STD04553]","인력현황[명]","명","0","0","0","0","0","0","0","0","0","0","0","0","0","0","0","0","0","0","0",
"1535413102140072HC3.320200","동해시","1535413102140072B02.114","전문의","1635413103140072AAA[14STD04553]","인력현황[명]","명","86","95","91","94","94","93","87","95","99","102","103","105","104","103","106","111","106","101","98",
"1535413102140072HC3.320300","속초시","1535413102140072B02.1","의사","1635413103140072AAA[14STD04553]","인력현황[명]","명","86","85","86","92","106","110","117","108","114","106","110","115","114","121","122","120","115","116","118",
"1535413102140072HC3.320300","속초시","1535413102140072B02.111","일반의","1635413103140072AAA[14STD04553]","인력현황[명]","명","11","13","11","12","10","10","12","11","10","10","9","11","12","14","9","6","8","6","12",
"1535413102140072HC3.320300","속초시","1535413102140072B02.112","인턴","1635413103140072AAA[14STD04553]","인력현황[명]","명","0","0","0","0","0","0","0","0","0","0","0","0","0","0","0","0","0","0","0",
"1535413102140072HC3.320300","속초시","1535413102140072B02.113","레지던트","1635413103140072AAA[14STD04553]","인력현황[명]","명","0","0","0","0","0","0","0","0","0","0","0","0","0","0","0","0","0","0","0",
"1535413102140072HC3.320300","속초시","1535413102140072B02.114","전문의","1635413103140072AAA[14STD04553]","인력현황[명]","명","75","72","75","80","96","100","105","97","104","96","101","104","102","107","113","114","107","110","106",
"1535413102140072HC3.320400","원주시","1535413102140072B02.1","의사","1635413103140072AAA[14STD04553]","인력현황[명]","명","574","609","598","627","644","660","673","699","718","718","739","755","778","784","812","824","827","796","734",
"1535413102140072HC3.320400","원주시","1535413102140072B02.111","일반의","1635413103140072AAA[14STD04553]","인력현황[명]","명","45","44","43","47","48","42","37","35","42","40","47","45","44","43","46","49","38","44","84",
"1535413102140072HC3.320400","원주시","1535413102140072B02.112","인턴","1635413103140072AAA[14STD04553]","인력현황[명]","명","37","52","16","35","36","31","31","39","30","38","66","59","65","36","64","34","39","34","5",
"1535413102140072HC3.320400","원주시","1535413102140072B02.113","레지던트","1635413103140072AAA[14STD04553]","인력현황[명]","명","143","149","150","136","134","142","137","139","144","137","108","106","107","128","95","112","111","82","13",
"1535413102140072HC3.320400","원주시","1535413102140072B02.114","전문의","1635413103140072AAA[14STD04553]","인력현황[명]","명","349","364","389","409","426","445","468","486","502","503","518","545","562","577","607","629","639","636","632",
"1535413102140072HC3.320500","춘천시","1535413102140072B02.1","의사","1635413103140072AAA[14STD04553]","인력현황[명]","명","482","494","521","541","590","603","597","626","640","670","709","710","733","729","762","754","756","752","662",
"1535413102140072HC3.320500","춘천시","1535413102140072B02.111","일반의","1635413103140072AAA[14STD04553]","인력현황[명]","명","20","18","23","34","39","29","29","28","26","21","21","23","22","24","24","26","23","24","53",
"1535413102140072HC3.320500","춘천시","1535413102140072B02.112","인턴","1635413103140072AAA[14STD04553]","인력현황[명]","명","31","25","8","23","20","16","25","16","33","29","35","25","41","33","46","35","33","6","1",
"1535413102140072HC3.320500","춘천시","1535413102140072B02.113","레지던트","1635413103140072AAA[14STD04553]","인력현황[명]","명","102","113","125","107","116","121","95","112","105","107","123","126","107","104","108","113","113","121","22",
"1535413102140072HC3.320500","춘천시","1535413102140072B02.114","전문의","1635413103140072AAA[14STD04553]","인력현황[명]","명","329","338","365","377","415","437","448","470","476","513","530","536","563","568","584","580","587","601","586",
"1535413102140072HC3.320600","태백시","1535413102140072B02.1","의사","1635413103140072AAA[14STD04553]","인력현황[명]","명","53","52","47","49","53","51","51","50","51","48","48","47","52","51","51","51","50","52","54",
"1535413102140072HC3.320600","태백시","1535413102140072B02.111","일반의","1635413103140072AAA[14STD04553]","인력현황[명]","명","7","8","8","12","8","6","6","8","9","7","6","6","7","8","9","8","9","8","10",
"1535413102140072HC3.320600","태백시","1535413102140072B02.112","인턴","1635413103140072AAA[14STD04553]","인력현황[명]","명","0","0","0","0","0","0","0","0","0","0","0","0","0","1","1","1","0","0","0",
"1535413102140072HC3.320600","태백시","1535413102140072B02.113","레지던트","1635413103140072AAA[14STD04553]","인력현황[명]","명","0","0","0","0","0","0","0","0","0","0","0","0","0","0","0","0","0","0","0",
"1535413102140072HC3.320600","태백시","1535413102140072B02.114","전문의","1635413103140072AAA[14STD04553]","인력현황[명]","명","46","44","39","37","45","45","45","42","42","41","42","41","45","42","41","42","41","44","44",
"1535413102140072HC3.320700","삼척시","1535413102140072B02.1","의사","1635413103140072AAA[14STD04553]","인력현황[명]","명","56","54","55","58","59","65","64","66","65","67","67","67","71","67","72","72","65","64","68",
"1535413102140072HC3.320700","삼척시","1535413102140072B02.111","일반의","1635413103140072AAA[14STD04553]","인력현황[명]","명","13","16","18","16","15","12","13","13","13","14","14","15","17","12","15","15","11","9","13",
"1535413102140072HC3.320700","삼척시","1535413102140072B02.112","인턴","1635413103140072AAA[14STD04553]","인력현황[명]","명","0","0","0","0","0","0","0","0","0","0","0","0","0","1","0","0","0","0","0",
"1535413102140072HC3.320700","삼척시","1535413102140072B02.113","레지던트","1635413103140072AAA[14STD04553]","인력현황[명]","명","0","0","0","0","0","0","0","0","0","0","0","0","0","0","0","0","0","0","0",
"1535413102140072HC3.320700","삼척시","1535413102140072B02.114","전문의","1635413103140072AAA[14STD04553]","인력현황[명]","명","43","38","37","42","44","53","51","53","52","53","53","52","54","54","57","57","54","55","55",
"1535413102140072HC3.33","충북","1535413102140072B02.1","의사","1635413103140072AAA[14STD04553]","인력현황[명]","명","1779","1810","1854","1981","2055","2136","2135","2184","2286","2362","2414","2447","2518","2499","2516","2529","2502","2504","2486",
"1535413102140072HC3.33","충북","1535413102140072B02.111","일반의","1635413103140072AAA[14STD04553]","인력현황[명]","명","232","228","239","249","239","226","173","182","178","182","173","182","200","214","236","216","192","191","311",
"1535413102140072HC3.33","충북","1535413102140072B02.112","인턴","1635413103140072AAA[14STD04553]","인력현황[명]","명","138","66","14","22","38","46","49","33","40","63","41","54","50","37","37","31","34","1","2",
"1535413102140072HC3.33","충북","1535413102140072B02.113","레지던트","1635413103140072AAA[14STD04553]","인력현황[명]","명","88","160","154","192","199","204","199","200","181","148","158","131","144","130","116","124","119","125","21",
"1535413102140072HC3.33","충북","1535413102140072B02.114","전문의","1635413103140072AAA[14STD04553]","인력현황[명]","명","1321","1356","1447","1518","1579","1660","1714","1769","1887","1969","2042","2080","2124","2118","2127","2158","2157","2187","2152",
"1535413102140072HC3.330001","괴산군","1535413102140072B02.1","의사","1635413103140072AAA[14STD04553]","인력현황[명]","명","29","33","33","37","39","39","39","39","43","42","46","43","42","41","41","42","42","45","37",
"1535413102140072HC3.330001","괴산군","1535413102140072B02.111","일반의","1635413103140072AAA[14STD04553]","인력현황[명]","명","15","16","15","15","17","12","9","8","13","11","10","11","10","12","14","13","6","5","8",
"1535413102140072HC3.330001","괴산군","1535413102140072B02.112","인턴","1635413103140072AAA[14STD04553]","인력현황[명]","명","0","0","0","0","0","0","0","0","0","0","0","0","0","1","0","0","0","0","0",
"1535413102140072HC3.330001","괴산군","1535413102140072B02.113","레지던트","1635413103140072AAA[14STD04553]","인력현황[명]","명","0","0","0","0","0","0","0","0","0","0","0","0","0","0","0","0","0","0","0",
"1535413102140072HC3.330001","괴산군","1535413102140072B02.114","전문의","1635413103140072AAA[14STD04553]","인력현황[명]","명","14","17","18","22","22","27","30","31","30","31","36","32","32","28","27","29","36","40","29",
"1535413102140072HC3.330002","단양군","1535413102140072B02.1","의사","1635413103140072AAA[14STD04553]","인력현황[명]","명","25","22","22","23","24","22","20","22","20","17","17","20","19","19","22","19","16","11","16",
"1535413102140072HC3.330002","단양군","1535413102140072B02.111","일반의","1635413103140072AAA[14STD04553]","인력현황[명]","명","10","6","5","9","8","8","4","1","2","2","4","3","4","5","10","7","5","2","2",
"1535413102140072HC3.330002","단양군","1535413102140072B02.112","인턴","1635413103140072AAA[14STD04553]","인력현황[명]","명","0","0","0","0","0","0","0","0","0","0","0","0","0","0","0","0","0","0","0",
"1535413102140072HC3.330002","단양군","1535413102140072B02.113","레지던트","1635413103140072AAA[14STD04553]","인력현황[명]","명","0","0","0","0","0","0","0","0","0","0","0","0","0","0","0","0","0","0","0",
"1535413102140072HC3.330002","단양군","1535413102140072B02.114","전문의","1635413103140072AAA[14STD04553]","인력현황[명]","명","15","16","17","14","16","14","16","21","18","15","13","17","15","14","12","12","11","9","14",
"1535413102140072HC3.330003","보은군","1535413102140072B02.1","의사","1635413103140072AAA[14STD04553]","인력현황[명]","명","36","36","37","42","41","39","39","39","44","44","43","45","45","44","44","43","34","33","36",
"1535413102140072HC3.330003","보은군","1535413102140072B02.111","일반의","1635413103140072AAA[14STD04553]","인력현황[명]","명","10","14","16","16","10","11","8","10","8","7","7","9","10","10","12","10","7","5","9",
"1535413102140072HC3.330003","보은군","1535413102140072B02.112","인턴","1635413103140072AAA[14STD04553]","인력현황[명]","명","0","0","0","0","0","0","0","0","0","0","0","0","0","0","0","0","0","0","0",
"1535413102140072HC3.330003","보은군","1535413102140072B02.113","레지던트","1635413103140072AAA[14STD04553]","인력현황[명]","명","0","0","0","0","0","0","0","0","0","0","0","0","0","0","0","0","0","0","0",
"1535413102140072HC3.330003","보은군","1535413102140072B02.114","전문의","1635413103140072AAA[14STD04553]","인력현황[명]","명","26","22","21","26","31","28","31","29","36","37","36","36","35","34","32","33","27","28","27",
"1535413102140072HC3.330004","영동군","1535413102140072B02.1","의사","1635413103140072AAA[14STD04553]","인력현황[명]","명","47","45","49","51","50","53","54","53","55","56","58","60","59","59","61","58","54","53","49",
"1535413102140072HC3.330004","영동군","1535413102140072B02.111","일반의","1635413103140072AAA[14STD04553]","인력현황[명]","명","14","12","16","17","14","14","11","13","14","13","12","11","11","14","18","18","13","9","6",
"1535413102140072HC3.330004","영동군","1535413102140072B02.112","인턴","1635413103140072AAA[14STD04553]","인력현황[명]","명","0","0","0","0","0","1","0","0","0","0","0","0","1","0","0","0","0","0","0",
"1535413102140072HC3.330004","영동군","1535413102140072B02.113","레지던트","1635413103140072AAA[14STD04553]","인력현황[명]","명","0","0","0","0","0","0","0","0","0","0","0","0","0","0","0","0","0","0","0",
"1535413102140072HC3.330004","영동군","1535413102140072B02.114","전문의","1635413103140072AAA[14STD04553]","인력현황[명]","명","33","33","33","34","36","38","43","40","41","43","46","49","47","45","43","40","41","44","43",
"1535413102140072HC3.330005","옥천군","1535413102140072B02.1","의사","1635413103140072AAA[14STD04553]","인력현황[명]","명","53","52","59","63","65","65","62","63","70","68","70","73","69","67","62","59","55","56","54",
"1535413102140072HC3.330005","옥천군","1535413102140072B02.111","일반의","1635413103140072AAA[14STD04553]","인력현황[명]","명","11","11","13","12","10","7","6","7","9","10","9","10","11","12","10","9","3","7","6",
"1535413102140072HC3.330005","옥천군","1535413102140072B02.112","인턴","1635413103140072AAA[14STD04553]","인력현황[명]","명","0","0","0","0","0","0","0","0","0","0","0","0","0","0","1","0","0","0","0",
"1535413102140072HC3.330005","옥천군","1535413102140072B02.113","레지던트","1635413103140072AAA[14STD04553]","인력현황[명]","명","0","0","0","0","0","0","0","0","0","0","0","0","0","0","0","0","0","0","0",
"1535413102140072HC3.330005","옥천군","1535413102140072B02.114","전문의","1635413103140072AAA[14STD04553]","인력현황[명]","명","42","41","46","51","55","58","56","56","61","58","61","63","58","55","51","50","52","49","48",
"1535413102140072HC3.330006","음성군","1535413102140072B02.1","의사","1635413103140072AAA[14STD04553]","인력현황[명]","명","109","106","109","102","109","97","86","93","92","95","90","93","92","93","99","92","92","89","88",
"1535413102140072HC3.330006","음성군","1535413102140072B02.111","일반의","1635413103140072AAA[14STD04553]","인력현황[명]","명","19","12","17","18","19","16","9","8","7","6","5","9","9","9","8","11","13","8","12",
"1535413102140072HC3.330006","음성군","1535413102140072B02.112","인턴","1635413103140072AAA[14STD04553]","인력현황[명]","명","0","0","0","0","0","0","0","0","0","0","0","0","0","0","0","0","0","0","0",
"1535413102140072HC3.330006","음성군","1535413102140072B02.113","레지던트","1635413103140072AAA[14STD04553]","인력현황[명]","명","0","0","0","0","0","0","0","0","0","0","0","0","0","0","0","0","0","0","0",
"1535413102140072HC3.330006","음성군","1535413102140072B02.114","전문의","1635413103140072AAA[14STD04553]","인력현황[명]","명","90","94","92","84","90","81","77","85","85","89","85","84","83","84","91","81","79","81","76",
"1535413102140072HC3.330009","진천군","1535413102140072B02.1","의사","1635413103140072AAA[14STD04553]","인력현황[명]","명","53","51","50","56","60","58","59","61","64","67","69","75","78","86","94","91","86","85","91",
"1535413102140072HC3.330009","진천군","1535413102140072B02.111","일반의","1635413103140072AAA[14STD04553]","인력현황[명]","명","17","13","13","16","15","12","10","9","11","11","6","8","8","10","10","10","7","8","8",
"1535413102140072HC3.330009","진천군","1535413102140072B02.112","인턴","1635413103140072AAA[14STD04553]","인력현황[명]","명","0","0","0","0","0","0","0","0","0","0","0","0","0","0","1","0","0","0","0",
"1535413102140072HC3.330009","진천군","1535413102140072B02.113","레지던트","1635413103140072AAA[14STD04553]","인력현황[명]","명","0","0","0","0","0","0","0","0","0","0","0","0","0","0","0","0","0","0","0",
"1535413102140072HC3.330009","진천군","1535413102140072B02.114","전문의","1635413103140072AAA[14STD04553]","인력현황[명]","명","36","38","37","40","45","46","49","52","53","56","63","67","70","76","83","81","79","77","83",
"1535413102140072HC3.330010","청원군","1535413102140072B02.1","의사","1635413103140072AAA[14STD04553]","인력현황[명]","명","90","98","87","96","95","109","113","119","","","","","","","","","","","",
"1535413102140072HC3.330010","청원군","1535413102140072B02.111","일반의","1635413103140072AAA[14STD04553]","인력현황[명]","명","20","21","19","19","19","20","19","19","","","","","","","","","","","",
"1535413102140072HC3.330010","청원군","1535413102140072B02.112","인턴","1635413103140072AAA[14STD04553]","인력현황[명]","명","0","0","0","0","0","0","0","0","","","","","","","","","","","",
"1535413102140072HC3.330010","청원군","1535413102140072B02.113","레지던트","1635413103140072AAA[14STD04553]","인력현황[명]","명","0","0","0","0","0","1","0","0","","","","","","","","","","","",
"1535413102140072HC3.330010","청원군","1535413102140072B02.114","전문의","1635413103140072AAA[14STD04553]","인력현황[명]","명","70","77","68","77","76","88","94","100","","","","","","","","","","","",
"1535413102140072HC3.330011","증평군","1535413102140072B02.1","의사","1635413103140072AAA[14STD04553]","인력현황[명]","명","29","24","28","28","29","30","22","22","27","27","30","28","24","24","26","26","26","26","25",
"1535413102140072HC3.330011","증평군","1535413102140072B02.111","일반의","1635413103140072AAA[14STD04553]","인력현황[명]","명","2","2","3","3","2","2","1","1","3","4","7","5","4","4","5","5","2","3","4",
"1535413102140072HC3.330011","증평군","1535413102140072B02.112","인턴","1635413103140072AAA[14STD04553]","인력현황[명]","명","0","0","0","0","0","0","0","0","0","0","0","0","0","0","0","0","0","0","0",
"1535413102140072HC3.330011","증평군","1535413102140072B02.113","레지던트","1635413103140072AAA[14STD04553]","인력현황[명]","명","0","0","0","0","0","0","0","0","0","0","0","0","0","0","0","0","0","0","0",
"1535413102140072HC3.330011","증평군","1535413102140072B02.114","전문의","1635413103140072AAA[14STD04553]","인력현황[명]","명","27","22","25","25","27","28","21","21","24","23","23","23","20","20","21","21","24","23","21",
"1535413102140072HC3.330101","청주시 상당구","1535413102140072B02.1","의사","1635413103140072AAA[14STD04553]","인력현황[명]","명","374","388","390","412","419","440","435","431","316","325","318","313","331","317","321","338","330","351","356",
"1535413102140072HC3.330101","청주시 상당구","1535413102140072B02.111","일반의","1635413103140072AAA[14STD04553]","인력현황[명]","명","36","42","39","37","28","28","22","22","21","18","16","15","19","18","19","19","22","26","44",
"1535413102140072HC3.330101","청주시 상당구","1535413102140072B02.112","인턴","1635413103140072AAA[14STD04553]","인력현황[명]","명","22","23","4","18","20","23","23","16","2","1","0","1","3","0","1","3","1","0","0",
"1535413102140072HC3.330101","청주시 상당구","1535413102140072B02.113","레지던트","1635413103140072AAA[14STD04553]","인력현황[명]","명","23","25","32","36","42","41","33","34","13","16","10","8","4","2","0","2","2","4","2",
"1535413102140072HC3.330101","청주시 상당구","1535413102140072B02.114","전문의","1635413103140072AAA[14STD04553]","인력현황[명]","명","293","298","315","321","329","348","357","359","280","290","292","289","305","297","301","314","305","321","310",
"1535413102140072HC3.330102","청주시 흥덕구","1535413102140072B02.1","의사","1635413103140072AAA[14STD04553]","인력현황[명]","명","541","571","575","640","677","719","742","750","303","345","339","371","392","397","402","417","433","436","489",
"1535413102140072HC3.330102","청주시 흥덕구","1535413102140072B02.111","일반의","1635413103140072AAA[14STD04553]","인력현황[명]","명","27","31","34","35","37","36","28","32","18","27","29","27","28","32","38","37","46","42","87",
"1535413102140072HC3.330102","청주시 흥덕구","1535413102140072B02.112","인턴","1635413103140072AAA[14STD04553]","인력현황[명]","명","95","30","4","3","18","22","26","16","2","3","2","3","1","2","3","2","2","1","2",
"1535413102140072HC3.330102","청주시 흥덕구","1535413102140072B02.113","레지던트","1635413103140072AAA[14STD04553]","인력현황[명]","명","47","118","98","122","125","129","129","129","8","9","8","9","8","5","5","5","7","5","4",
"1535413102140072HC3.330102","청주시 흥덕구","1535413102140072B02.114","전문의","1635413103140072AAA[14STD04553]","인력현황[명]","명","372","392","439","480","497","532","559","573","275","306","300","332","355","358","356","373","378","388","396",
"1535413102140072HC3.330103","청주시 청원구","1535413102140072B02.1","의사","1635413103140072AAA[14STD04553]","인력현황[명]","명","","","","","","","","","241","264","285","290","290","280","273","277","273","272","292",
"1535413102140072HC3.330103","청주시 청원구","1535413102140072B02.111","일반의","1635413103140072AAA[14STD04553]","인력현황[명]","명","","","","","","","","","15","13","11","14","12","13","13","11","12","11","34",
"1535413102140072HC3.330103","청주시 청원구","1535413102140072B02.112","인턴","1635413103140072AAA[14STD04553]","인력현황[명]","명","","","","","","","","","14","15","15","15","15","14","0","0","0","0","0",
"1535413102140072HC3.330103","청주시 청원구","1535413102140072B02.113","레지던트","1635413103140072AAA[14STD04553]","인력현황[명]","명","","","","","","","","","18","16","18","18","17","12","9","6","1","1","0",
"1535413102140072HC3.330103","청주시 청원구","1535413102140072B02.114","전문의","1635413103140072AAA[14STD04553]","인력현황[명]","명","","","","","","","","","194","220","241","243","246","241","251","260","260","260","258",
"1535413102140072HC3.330104","청주시 서원구","1535413102140072B02.1","의사","1635413103140072AAA[14STD04553]","인력현황[명]","명","","","","","","","","","509","511","536","539","561","566","569","580","587","564","464",
"1535413102140072HC3.330104","청주시 서원구","1535413102140072B02.111","일반의","1635413103140072AAA[14STD04553]","인력현황[명]","명","","","","","","","","","13","15","15","14","19","22","22","18","19","27","37",
"1535413102140072HC3.330104","청주시 서원구","1535413102140072B02.112","인턴","1635413103140072AAA[14STD04553]","인력현황[명]","명","","","","","","","","","20","44","24","35","30","20","31","25","31","0","0",
"1535413102140072HC3.330104","청주시 서원구","1535413102140072B02.113","레지던트","1635413103140072AAA[14STD04553]","인력현황[명]","명","","","","","","","","","102","76","93","75","97","94","91","104","108","114","15",
"1535413102140072HC3.330104","청주시 서원구","1535413102140072B02.114","전문의","1635413103140072AAA[14STD04553]","인력현황[명]","명","","","","","","","","","374","376","404","415","415","430","425","433","429","423","412",
"1535413102140072HC3.330200","충주시","1535413102140072B02.1","의사","1635413103140072AAA[14STD04553]","인력현황[명]","명","263","259","279","292","291","315","314","325","335","332","341","333","341","328","320","307","298","312","314",
"1535413102140072HC3.330200","충주시","1535413102140072B02.111","일반의","1635413103140072AAA[14STD04553]","인력현황[명]","명","33","31","30","31","38","39","31","32","25","25","26","30","35","33","37","30","23","25","37",
"1535413102140072HC3.330200","충주시","1535413102140072B02.112","인턴","1635413103140072AAA[14STD04553]","인력현황[명]","명","21","13","6","1","0","0","0","1","2","0","0","0","0","0","0","0","0","0","0",
"1535413102140072HC3.330200","충주시","1535413102140072B02.113","레지던트","1635413103140072AAA[14STD04553]","인력현황[명]","명","14","17","24","34","32","33","37","37","40","31","29","21","18","17","11","7","1","1","0",
"1535413102140072HC3.330200","충주시","1535413102140072B02.114","전문의","1635413103140072AAA[14STD04553]","인력현황[명]","명","195","198","219","226","221","243","246","255","268","276","286","282","288","278","272","270","274","286","277",
"1535413102140072HC3.330300","제천시","1535413102140072B02.1","의사","1635413103140072AAA[14STD04553]","인력현황[명]","명","130","125","136","139","156","150","150","167","167","169","172","164","175","178","182","180","176","171","175",
"1535413102140072HC3.330300","제천시","1535413102140072B02.111","일반의","1635413103140072AAA[14STD04553]","인력현황[명]","명","18","17","19","21","22","21","15","20","19","20","16","16","20","20","20","18","14","13","17",
"1535413102140072HC3.330300","제천시","1535413102140072B02.112","인턴","1635413103140072AAA[14STD04553]","인력현황[명]","명","0","0","0","0","0","0","0","0","0","0","0","0","0","0","0","1","0","0","0",
"1535413102140072HC3.330300","제천시","1535413102140072B02.113","레지던트","1635413103140072AAA[14STD04553]","인력현황[명]","명","4","0","0","0","0","0","0","0","0","0","0","0","0","0","0","0","0","0","0",
"1535413102140072HC3.330300","제천시","1535413102140072B02.114","전문의","1635413103140072AAA[14STD04553]","인력현황[명]","명","108","108","117","118","134","129","135","147","148","149","156","148","155","158","162","161","162","158","158",
"1535413102140072HC3.34","충남","1535413102140072B02.1","의사","1635413103140072AAA[14STD04553]","인력현황[명]","명","2250","2331","2491","2565","2645","2715","2710","2778","2908","2966","3072","3093","3162","3203","3260","3258","3227","3230","3235",
"1535413102140072HC3.34","충남","1535413102140072B02.111","일반의","1635413103140072AAA[14STD04553]","인력현황[명]","명","341","328","307","352","353","328","287","279","282","275","261","300","334","340","353","351","277","289","407",
"1535413102140072HC3.34","충남","1535413102140072B02.112","인턴","1635413103140072AAA[14STD04553]","인력현황[명]","명","58","81","53","28","23","65","48","59","58","50","58","49","53","57","59","56","58","46","2",
"1535413102140072HC3.34","충남","1535413102140072B02.113","레지던트","1635413103140072AAA[14STD04553]","인력현황[명]","명","176","180","261","265","272","239","259","223","240","241","251","235","231","215","205","197","202","154","26",
"1535413102140072HC3.34","충남","1535413102140072B02.114","전문의","1635413103140072AAA[14STD04553]","인력현황[명]","명","1675","1742","1870","1920","1997","2083","2116","2217","2328","2400","2502","2509","2544","2591","2643","2654","2690","2741","2800",
"1535413102140072HC3.340002","금산군","1535413102140072B02.1","의사","1635413103140072AAA[14STD04553]","인력현황[명]","명","59","59","48","58","65","59","63","66","68","70","69","67","63","66","69","66","57","54","57",
"1535413102140072HC3.340002","금산군","1535413102140072B02.111","일반의","1635413103140072AAA[14STD04553]","인력현황[명]","명","15","14","7","12","17","16","13","12","15","15","15","16","16","17","23","19","13","12","13",
"1535413102140072HC3.340002","금산군","1535413102140072B02.112","인턴","1635413103140072AAA[14STD04553]","인력현황[명]","명","0","0","0","0","0","0","1","0","0","0","0","0","0","1","0","0","0","0","0",
"1535413102140072HC3.340002","금산군","1535413102140072B02.113","레지던트","1635413103140072AAA[14STD04553]","인력현황[명]","명","0","0","0","0","0","0","0","0","0","0","0","0","0","0","0","0","0","0","0",
"1535413102140072HC3.340002","금산군","1535413102140072B02.114","전문의","1635413103140072AAA[14STD04553]","인력현황[명]","명","44","45","41","46","48","43","49","54","53","55","54","51","47","48","46","47","44","42","44",
"1535413102140072HC3.340004","당진시","1535413102140072B02.1","의사","1635413103140072AAA[14STD04553]","인력현황[명]","명","86","89","99","104","109","124","132","140","141","151","156","159","160","167","163","166","168","168","176",
"1535413102140072HC3.340004","당진시","1535413102140072B02.111","일반의","1635413103140072AAA[14STD04553]","인력현황[명]","명","18","18","18","22","19","21","23","24","26","24","24","24","18","23","22","24","23","18","30",
"1535413102140072HC3.340004","당진시","1535413102140072B02.112","인턴","1635413103140072AAA[14STD04553]","인력현황[명]","명","0","0","0","0","0","0","0","0","0","0","0","0","1","0","0","0","0","0","0",
"1535413102140072HC3.340004","당진시","1535413102140072B02.113","레지던트","1635413103140072AAA[14STD04553]","인력현황[명]","명","0","0","0","0","0","0","0","0","0","0","0","0","0","0","0","0","0","0","0",
"1535413102140072HC3.340004","당진시","1535413102140072B02.114","전문의","1635413103140072AAA[14STD04553]","인력현황[명]","명","68","71","81","82","90","103","109","116","115","127","132","135","141","144","141","142","145","150","146",
"1535413102140072HC3.340007","부여군","1535413102140072B02.1","의사","1635413103140072AAA[14STD04553]","인력현황[명]","명","80","75","80","81","78","80","74","78","79","79","74","74","70","73","72","73","66","64","57",
"1535413102140072HC3.340007","부여군","1535413102140072B02.111","일반의","1635413103140072AAA[14STD04553]","인력현황[명]","명","23","23","25","24","19","23","21","18","21","20","22","21","19","20","22","21","14","13","6",
"1535413102140072HC3.340007","부여군","1535413102140072B02.112","인턴","1635413103140072AAA[14STD04553]","인력현황[명]","명","0","0","0","0","0","0","0","0","0","0","0","0","0","1","0","0","0","0","0",
"1535413102140072HC3.340007","부여군","1535413102140072B02.113","레지던트","1635413103140072AAA[14STD04553]","인력현황[명]","명","0","0","0","0","0","0","0","0","0","0","0","0","0","0","0","0","0","0","0",
"1535413102140072HC3.340007","부여군","1535413102140072B02.114","전문의","1635413103140072AAA[14STD04553]","인력현황[명]","명","57","52","55","57","59","57","53","60","58","59","52","53","51","52","50","52","52","51","51",
"1535413102140072HC3.340009","서천군","1535413102140072B02.1","의사","1635413103140072AAA[14STD04553]","인력현황[명]","명","65","59","64","71","72","66","70","72","81","74","69","70","69","63","65","61","55","54","53",
"1535413102140072HC3.340009","서천군","1535413102140072B02.111","일반의","1635413103140072AAA[14STD04553]","인력현황[명]","명","18","16","17","20","19","19","13","14","15","12","14","18","21","21","21","20","16","15","14",
"1535413102140072HC3.340009","서천군","1535413102140072B02.112","인턴","1635413103140072AAA[14STD04553]","인력현황[명]","명","0","0","0","0","0","0","0","0","0","0","0","0","0","0","0","0","0","0","0",
"1535413102140072HC3.340009","서천군","1535413102140072B02.113","레지던트","1635413103140072AAA[14STD04553]","인력현황[명]","명","0","0","0","0","0","0","0","0","0","0","0","0","0","0","0","0","0","0","0",
"1535413102140072HC3.340009","서천군","1535413102140072B02.114","전문의","1635413103140072AAA[14STD04553]","인력현황[명]","명","47","43","47","51","53","47","57","58","66","62","55","52","48","42","44","41","39","39","39",
"1535413102140072HC3.340011","연기군","1535413102140072B02.1","의사","1635413103140072AAA[14STD04553]","인력현황[명]","명","70","74","78","79","75","70","","","","","","","","","","","","","",
"1535413102140072HC3.340011","연기군","1535413102140072B02.111","일반의","1635413103140072AAA[14STD04553]","인력현황[명]","명","17","16","18","15","11","8","","","","","","","","","","","","","",
"1535413102140072HC3.340011","연기군","1535413102140072B02.112","인턴","1635413103140072AAA[14STD04553]","인력현황[명]","명","0","0","0","0","0","0","","","","","","","","","","","","","",
"1535413102140072HC3.340011","연기군","1535413102140072B02.113","레지던트","1635413103140072AAA[14STD04553]","인력현황[명]","명","0","0","0","0","0","0","","","","","","","","","","","","","",
"1535413102140072HC3.340011","연기군","1535413102140072B02.114","전문의","1635413103140072AAA[14STD04553]","인력현황[명]","명","53","58","60","64","64","62","","","","","","","","","","","","","",
"1535413102140072HC3.340012","예산군","1535413102140072B02.1","의사","1635413103140072AAA[14STD04553]","인력현황[명]","명","70","73","75","76","80","78","80","79","83","79","79","77","75","75","76","80","68","73","77",
"1535413102140072HC3.340012","예산군","1535413102140072B02.111","일반의","1635413103140072AAA[14STD04553]","인력현황[명]","명","15","14","12","16","18","17","12","13","15","18","15","17","20","21","23","22","13","15","16",
"1535413102140072HC3.340012","예산군","1535413102140072B02.112","인턴","1635413103140072AAA[14STD04553]","인력현황[명]","명","0","0","0","0","0","0","1","0","0","0","0","0","0","0","0","0","0","1","0",
"1535413102140072HC3.340012","예산군","1535413102140072B02.113","레지던트","1635413103140072AAA[14STD04553]","인력현황[명]","명","0","0","0","0","0","0","0","0","0","0","0","0","0","0","0","0","0","0","0",
"1535413102140072HC3.340012","예산군","1535413102140072B02.114","전문의","1635413103140072AAA[14STD04553]","인력현황[명]","명","55","59","63","60","62","61","67","66","68","61","64","60","55","54","53","58","55","57","61",
"1535413102140072HC3.340014","청양군","1535413102140072B02.1","의사","1635413103140072AAA[14STD04553]","인력현황[명]","명","31","32","31","36","34","34","30","32","29","29","29","36","39","39","37","37","35","35","33",
"1535413102140072HC3.340014","청양군","1535413102140072B02.111","일반의","1635413103140072AAA[14STD04553]","인력현황[명]","명","11","11","10","10","9","6","6","7","7","9","6","9","11","11","10","9","7","5","5",
"1535413102140072HC3.340014","청양군","1535413102140072B02.112","인턴","1635413103140072AAA[14STD04553]","인력현황[명]","명","0","0","0","1","2","1","0","0","0","0","0","0","0","0","0","0","0","0","0",
"1535413102140072HC3.340014","청양군","1535413102140072B02.113","레지던트","1635413103140072AAA[14STD04553]","인력현황[명]","명","0","0","0","0","0","0","0","0","0","0","0","0","0","0","0","0","0","0","0",
"1535413102140072HC3.340014","청양군","1535413102140072B02.114","전문의","1635413103140072AAA[14STD04553]","인력현황[명]","명","20","21","21","25","23","27","24","25","22","20","23","27","28","28","27","28","28","30","28",
"1535413102140072HC3.340015","홍성군","1535413102140072B02.1","의사","1635413103140072AAA[14STD04553]","인력현황[명]","명","94","90","96","89","98","98","103","105","108","114","118","122","126","124","134","128","117","125","132",
"1535413102140072HC3.340015","홍성군","1535413102140072B02.111","일반의","1635413103140072AAA[14STD04553]","인력현황[명]","명","18","17","17","18","18","19","16","17","12","12","12","16","19","17","17","17","10","10","16",
"1535413102140072HC3.340015","홍성군","1535413102140072B02.112","인턴","1635413103140072AAA[14STD04553]","인력현황[명]","명","0","0","0","0","0","0","0","0","0","0","0","0","0","0","2","0","0","0","0",
"1535413102140072HC3.340015","홍성군","1535413102140072B02.113","레지던트","1635413103140072AAA[14STD04553]","인력현황[명]","명","0","0","0","0","0","0","0","0","0","0","0","0","0","0","0","0","0","0","0",
"1535413102140072HC3.340015","홍성군","1535413102140072B02.114","전문의","1635413103140072AAA[14STD04553]","인력현황[명]","명","76","73","79","71","80","79","87","88","96","102","106","106","107","107","115","111","107","115","116",
"1535413102140072HC3.340016","태안군","1535413102140072B02.1","의사","1635413103140072AAA[14STD04553]","인력현황[명]","명","52","51","59","57","55","58","59","53","56","61","55","63","63","65","63","59","58","53","51",
"1535413102140072HC3.340016","태안군","1535413102140072B02.111","일반의","1635413103140072AAA[14STD04553]","인력현황[명]","명","17","15","16","18","18","20","20","16","18","16","13","17","21","22","22","19","18","16","13",
"1535413102140072HC3.340016","태안군","1535413102140072B02.112","인턴","1635413103140072AAA[14STD04553]","인력현황[명]","명","0","0","0","0","0","0","0","0","0","0","0","0","0","0","0","0","0","0","0",
"1535413102140072HC3.340016","태안군","1535413102140072B02.113","레지던트","1635413103140072AAA[14STD04553]","인력현황[명]","명","0","0","0","0","0","0","0","0","0","0","0","0","0","0","0","0","0","0","0",
"1535413102140072HC3.340016","태안군","1535413102140072B02.114","전문의","1635413103140072AAA[14STD04553]","인력현황[명]","명","35","36","43","39","37","38","39","37","38","45","42","46","42","43","41","40","40","37","38",
"1535413102140072HC3.340200","천안시","1535413102140072B02.1","의사","1635413103140072AAA[14STD04553]","인력현황[명]","명","909","970","","","","","","","","","","","","","","","","","",
"1535413102140072HC3.340200","천안시","1535413102140072B02.111","일반의","1635413103140072AAA[14STD04553]","인력현황[명]","명","59","56","","","","","","","","","","","","","","","","","",
"1535413102140072HC3.340200","천안시","1535413102140072B02.112","인턴","1635413103140072AAA[14STD04553]","인력현황[명]","명","58","81","","","","","","","","","","","","","","","","","",
"1535413102140072HC3.340200","천안시","1535413102140072B02.113","레지던트","1635413103140072AAA[14STD04553]","인력현황[명]","명","176","178","","","","","","","","","","","","","","","","","",
"1535413102140072HC3.340200","천안시","1535413102140072B02.114","전문의","1635413103140072AAA[14STD04553]","인력현황[명]","명","616","655","","","","","","","","","","","","","","","","","",
"1535413102140072HC3.340201","천안시 서북구","1535413102140072B02.1","의사","1635413103140072AAA[14STD04553]","인력현황[명]","명","","","","329","369","383","398","407","428","441","473","491","520","554","575","581","579","597","645",
"1535413102140072HC3.340201","천안시 서북구","1535413102140072B02.111","일반의","1635413103140072AAA[14STD04553]","인력현황[명]","명","","","","34","40","37","30","24","26","27","24","29","36","37","47","50","46","60","109",
"1535413102140072HC3.340201","천안시 서북구","1535413102140072B02.112","인턴","1635413103140072AAA[14STD04553]","인력현황[명]","명","","","","0","0","0","0","0","0","0","0","0","0","0","0","0","0","0","0",
"1535413102140072HC3.340201","천안시 서북구","1535413102140072B02.113","레지던트","1635413103140072AAA[14STD04553]","인력현황[명]","명","","","","0","0","0","0","0","0","0","0","0","0","0","0","0","0","0","0",
"1535413102140072HC3.340201","천안시 서북구","1535413102140072B02.114","전문의","1635413103140072AAA[14STD04553]","인력현황[명]","명","","","","295","329","346","368","383","402","414","449","462","484","517","528","531","533","537","536",
"1535413102140072HC3.340202","천안시 동남구","1535413102140072B02.1","의사","1635413103140072AAA[14STD04553]","인력현황[명]","명","","","","739","761","804","826","823","876","874","924","918","942","943","943","953","972","947","807",
"1535413102140072HC3.340202","천안시 동남구","1535413102140072B02.111","일반의","1635413103140072AAA[14STD04553]","인력현황[명]","명","","","","36","49","35","29","27","30","33","27","37","43","37","35","43","29","40","59",
"1535413102140072HC3.340202","천안시 동남구","1535413102140072B02.112","인턴","1635413103140072AAA[14STD04553]","인력현황[명]","명","","","","27","21","64","46","59","58","50","58","49","51","52","55","55","56","45","2",
"1535413102140072HC3.340202","천안시 동남구","1535413102140072B02.113","레지던트","1635413103140072AAA[14STD04553]","인력현황[명]","명","","","","253","259","228","245","211","229","229","242","227","224","207","197","190","195","148","17",
"1535413102140072HC3.340202","천안시 동남구","1535413102140072B02.114","전문의","1635413103140072AAA[14STD04553]","인력현황[명]","명","","","","423","432","477","506","526","559","562","597","605","624","647","656","665","692","714","729",
"1535413102140072HC3.340300","공주시","1535413102140072B02.1","의사","1635413103140072AAA[14STD04553]","인력현황[명]","명","140","144","143","162","155","158","151","152","156","156","168","167","163","165","167","155","145","145","157",
"1535413102140072HC3.340300","공주시","1535413102140072B02.111","일반의","1635413103140072AAA[14STD04553]","인력현황[명]","명","31","29","17","28","25","25","14","14","15","11","11","14","14","14","13","14","13","12","13",
"1535413102140072HC3.340300","공주시","1535413102140072B02.112","인턴","1635413103140072AAA[14STD04553]","인력현황[명]","명","0","0","0","0","0","0","0","0","0","0","0","0","0","0","1","0","0","0","0",
"1535413102140072HC3.340300","공주시","1535413102140072B02.113","레지던트","1635413103140072AAA[14STD04553]","인력현황[명]","명","0","0","7","7","8","6","7","7","6","6","5","6","7","8","8","7","7","6","9",
"1535413102140072HC3.340300","공주시","1535413102140072B02.114","전문의","1635413103140072AAA[14STD04553]","인력현황[명]","명","109","115","119","127","122","127","130","131","135","139","152","147","142","143","145","134","125","127","135",
"1535413102140072HC3.340400","보령시","1535413102140072B02.1","의사","1635413103140072AAA[14STD04553]","인력현황[명]","명","94","97","97","106","108","105","108","108","109","108","108","99","98","104","104","106","101","100","104",
"1535413102140072HC3.340400","보령시","1535413102140072B02.111","일반의","1635413103140072AAA[14STD04553]","인력현황[명]","명","15","17","16","15","12","10","14","15","12","12","9","9","12","14","13","15","13","10","12",
"1535413102140072HC3.340400","보령시","1535413102140072B02.112","인턴","1635413103140072AAA[14STD04553]","인력현황[명]","명","0","0","0","0","0","0","0","0","0","0","0","0","0","1","1","1","0","0","0",
"1535413102140072HC3.340400","보령시","1535413102140072B02.113","레지던트","1635413103140072AAA[14STD04553]","인력현황[명]","명","0","0","0","0","0","0","0","0","0","0","0","0","0","0","0","0","0","0","0",
"1535413102140072HC3.340400","보령시","1535413102140072B02.114","전문의","1635413103140072AAA[14STD04553]","인력현황[명]","명","79","80","81","91","96","95","94","93","97","96","99","90","86","89","90","90","88","90","92",
"1535413102140072HC3.340500","아산시","1535413102140072B02.1","의사","1635413103140072AAA[14STD04553]","인력현황[명]","명","160","165","195","199","206","212","226","256","293","320","339","335","359","356","368","374","381","394","455",
"1535413102140072HC3.340500","아산시","1535413102140072B02.111","일반의","1635413103140072AAA[14STD04553]","인력현황[명]","명","27","29","28","29","28","30","33","30","25","26","26","30","33","35","32","30","21","26","54",
"1535413102140072HC3.340500","아산시","1535413102140072B02.112","인턴","1635413103140072AAA[14STD04553]","인력현황[명]","명","0","0","0","0","0","0","0","0","0","0","0","0","0","0","0","0","2","0","0",
"1535413102140072HC3.340500","아산시","1535413102140072B02.113","레지던트","1635413103140072AAA[14STD04553]","인력현황[명]","명","0","0","0","0","0","0","0","0","0","0","0","0","0","0","0","0","0","0","0",
"1535413102140072HC3.340500","아산시","1535413102140072B02.114","전문의","1635413103140072AAA[14STD04553]","인력현황[명]","명","133","136","167","170","178","182","193","226","268","294","313","305","326","321","336","344","358","368","401",
"1535413102140072HC3.340600","서산시","1535413102140072B02.1","의사","1635413103140072AAA[14STD04553]","인력현황[명]","명","134","144","142","148","149","149","148","155","158","154","154","164","167","171","176","174","177","182","199",
"1535413102140072HC3.340600","서산시","1535413102140072B02.111","일반의","1635413103140072AAA[14STD04553]","인력현황[명]","명","19","19","17","21","22","15","16","18","19","16","19","21","24","21","20","19","18","18","23",
"1535413102140072HC3.340600","서산시","1535413102140072B02.112","인턴","1635413103140072AAA[14STD04553]","인력현황[명]","명","0","0","0","0","0","0","0","0","0","0","0","0","1","1","0","0","0","0","0",
"1535413102140072HC3.340600","서산시","1535413102140072B02.113","레지던트","1635413103140072AAA[14STD04553]","인력현황[명]","명","0","0","0","0","0","0","0","0","0","0","0","0","0","0","0","0","0","0","0",
"1535413102140072HC3.340600","서산시","1535413102140072B02.114","전문의","1635413103140072AAA[14STD04553]","인력현황[명]","명","115","125","125","127","127","134","132","137","139","138","135","143","142","149","156","155","159","164","176",
"1535413102140072HC3.340700","논산시","1535413102140072B02.1","의사","1635413103140072AAA[14STD04553]","인력현황[명]","명","170","171","186","193","193","199","205","213","210","223","223","217","216","203","212","209","210","203","200",
"1535413102140072HC3.340700","논산시","1535413102140072B02.111","일반의","1635413103140072AAA[14STD04553]","인력현황[명]","명","32","30","28","29","26","25","22","25","23","23","23","20","24","25","27","24","20","18","22",
"1535413102140072HC3.340700","논산시","1535413102140072B02.112","인턴","1635413103140072AAA[14STD04553]","인력현황[명]","명","0","0","0","0","0","0","0","0","0","0","0","0","0","0","0","0","0","0","0",
"1535413102140072HC3.340700","논산시","1535413102140072B02.113","레지던트","1635413103140072AAA[14STD04553]","인력현황[명]","명","0","2","5","5","5","5","7","5","5","6","4","2","0","0","0","0","0","0","0",
"1535413102140072HC3.340700","논산시","1535413102140072B02.114","전문의","1635413103140072AAA[14STD04553]","인력현황[명]","명","138","139","153","159","162","169","176","183","182","194","196","195","192","178","185","185","190","185","178",
"1535413102140072HC3.340800","계룡시","1535413102140072B02.1","의사","1635413103140072AAA[14STD04553]","인력현황[명]","명","36","38","36","38","38","38","37","39","33","33","34","34","32","35","36","36","38","36","32",
"1535413102140072HC3.340800","계룡시","1535413102140072B02.111","일반의","1635413103140072AAA[14STD04553]","인력현황[명]","명","6","4","1","5","3","2","5","5","3","1","1","2","3","5","6","5","3","1","2",
"1535413102140072HC3.340800","계룡시","1535413102140072B02.112","인턴","1635413103140072AAA[14STD04553]","인력현황[명]","명","0","0","0","0","0","0","0","0","0","0","0","0","0","1","0","0","0","0","0",
"1535413102140072HC3.340800","계룡시","1535413102140072B02.113","레지던트","1635413103140072AAA[14STD04553]","인력현황[명]","명","0","0","0","0","0","0","0","0","0","0","0","0","0","0","0","0","0","0","0",
"1535413102140072HC3.340800","계룡시","1535413102140072B02.114","전문의","1635413103140072AAA[14STD04553]","인력현황[명]","명","30","34","35","33","35","36","32","34","30","32","33","32","29","29","30","31","35","35","30",
"1535413102140072HC3.35","전북","1535413102140072B02.1","의사","1635413103140072AAA[14STD04553]","인력현황[명]","명","2734","2743","2911","2951","3076","3051","3183","3289","3426","3492","3580","3622","3633","3647","3675","3701","3689","3631","3448",
"1535413102140072HC3.35","전북","1535413102140072B02.111","일반의","1635413103140072AAA[14STD04553]","인력현황[명]","명","257","252","293","334","322","288","271","263","256","263","274","273","296","297","324","309","265","249","345",
"1535413102140072HC3.35","전북","1535413102140072B02.112","인턴","1635413103140072AAA[14STD04553]","인력현황[명]","명","199","158","64","13","89","16","67","82","98","81","81","80","78","94","83","108","102","52","10",
"1535413102140072HC3.35","전북","1535413102140072B02.113","레지던트","1635413103140072AAA[14STD04553]","인력현황[명]","명","312","329","441","418","384","398","388","384","362","354","338","327","325","294","287","282","290","285","38",
"1535413102140072HC3.35","전북","1535413102140072B02.114","전문의","1635413103140072AAA[14STD04553]","인력현황[명]","명","1966","2004","2113","2186","2281","2349","2457","2560","2710","2794","2887","2942","2934","2962","2981","3002","3032","3045","3055",
"1535413102140072HC3.350001","고창군","1535413102140072B02.1","의사","1635413103140072AAA[14STD04553]","인력현황[명]","명","67","68","61","69","70","72","68","72","76","86","83","84","75","82","80","76","77","76","78",
"1535413102140072HC3.350001","고창군","1535413102140072B02.111","일반의","1635413103140072AAA[14STD04553]","인력현황[명]","명","21","19","12","19","17","18","18","18","18","15","13","16","15","18","19","19","17","13","12",
"1535413102140072HC3.350001","고창군","1535413102140072B02.112","인턴","1635413103140072AAA[14STD04553]","인력현황[명]","명","0","0","0","0","0","0","0","0","0","0","0","0","0","0","0","0","0","0","0",
"1535413102140072HC3.350001","고창군","1535413102140072B02.113","레지던트","1635413103140072AAA[14STD04553]","인력현황[명]","명","0","0","0","0","0","0","0","0","0","0","0","0","0","0","0","0","0","0","0",
"1535413102140072HC3.350001","고창군","1535413102140072B02.114","전문의","1635413103140072AAA[14STD04553]","인력현황[명]","명","46","49","49","50","53","54","50","54","58","71","70","68","60","64","61","57","60","63","66",
"1535413102140072HC3.350004","무주군","1535413102140072B02.1","의사","1635413103140072AAA[14STD04553]","인력현황[명]","명","25","20","28","31","31","31","30","30","31","29","30","29","27","28","27","27","24","24","20",
"1535413102140072HC3.350004","무주군","1535413102140072B02.111","일반의","1635413103140072AAA[14STD04553]","인력현황[명]","명","8","5","8","9","8","8","7","6","8","7","8","9","13","11","12","11","11","9","6",
"1535413102140072HC3.350004","무주군","1535413102140072B02.112","인턴","1635413103140072AAA[14STD04553]","인력현황[명]","명","0","0","0","0","0","0","0","0","0","0","0","0","0","2","0","0","0","0","0",
"1535413102140072HC3.350004","무주군","1535413102140072B02.113","레지던트","1635413103140072AAA[14STD04553]","인력현황[명]","명","0","0","0","0","0","0","0","0","0","0","0","0","0","0","0","0","0","0","0",
"1535413102140072HC3.350004","무주군","1535413102140072B02.114","전문의","1635413103140072AAA[14STD04553]","인력현황[명]","명","17","15","20","22","23","23","23","24","23","22","22","20","14","15","15","16","13","15","14",
"1535413102140072HC3.350005","부안군","1535413102140072B02.1","의사","1635413103140072AAA[14STD04553]","인력현황[명]","명","71","73","76","77","76","77","72","74","82","81","80","84","79","78","71","75","64","67","67",
"1535413102140072HC3.350005","부안군","1535413102140072B02.111","일반의","1635413103140072AAA[14STD04553]","인력현황[명]","명","14","17","20","19","16","13","12","11","11","9","11","11","12","15","17","19","10","12","17",
"1535413102140072HC3.350005","부안군","1535413102140072B02.112","인턴","1635413103140072AAA[14STD04553]","인력현황[명]","명","0","0","0","0","0","0","0","0","0","0","0","0","0","1","0","0","1","1","0",
"1535413102140072HC3.350005","부안군","1535413102140072B02.113","레지던트","1635413103140072AAA[14STD04553]","인력현황[명]","명","0","0","0","0","0","0","0","0","0","0","0","0","0","0","0","0","0","0","0",
"1535413102140072HC3.350005","부안군","1535413102140072B02.114","전문의","1635413103140072AAA[14STD04553]","인력현황[명]","명","57","56","56","58","60","64","60","63","71","72","69","73","67","62","54","56","53","54","50",
"1535413102140072HC3.350006","순창군","1535413102140072B02.1","의사","1635413103140072AAA[14STD04553]","인력현황[명]","명","32","31","40","45","46","47","46","48","46","48","47","45","45","38","33","42","29","35","29",
"1535413102140072HC3.350006","순창군","1535413102140072B02.111","일반의","1635413103140072AAA[14STD04553]","인력현황[명]","명","11","9","14","16","15","19","15","18","15","15","15","12","17","13","9","13","7","10","5",
"1535413102140072HC3.350006","순창군","1535413102140072B02.112","인턴","1635413103140072AAA[14STD04553]","인력현황[명]","명","0","0","0","0","0","0","0","0","0","0","0","0","0","0","0","0","0","0","0",
"1535413102140072HC3.350006","순창군","1535413102140072B02.113","레지던트","1635413103140072AAA[14STD04553]","인력현황[명]","명","0","0","0","0","0","0","0","0","0","0","0","0","0","0","0","0","0","0","0",
"1535413102140072HC3.350006","순창군","1535413102140072B02.114","전문의","1635413103140072AAA[14STD04553]","인력현황[명]","명","21","22","26","29","31","28","31","30","31","33","32","33","28","25","24","29","22","25","24",
"1535413102140072HC3.350008","완주군","1535413102140072B02.1","의사","1635413103140072AAA[14STD04553]","인력현황[명]","명","59","64","80","87","76","86","86","92","99","108","107","119","117","113","113","112","105","109","108",
"1535413102140072HC3.350008","완주군","1535413102140072B02.111","일반의","1635413103140072AAA[14STD04553]","인력현황[명]","명","13","18","22","23","17","16","17","19","17","17","16","16","16","18","21","21","16","17","16",
"1535413102140072HC3.350008","완주군","1535413102140072B02.112","인턴","1635413103140072AAA[14STD04553]","인력현황[명]","명","0","0","0","0","0","0","0","0","0","0","0","0","0","0","0","0","0","0","0",
"1535413102140072HC3.350008","완주군","1535413102140072B02.113","레지던트","1635413103140072AAA[14STD04553]","인력현황[명]","명","0","0","0","0","0","1","2","3","3","3","3","3","3","2","3","3","2","3","3",
"1535413102140072HC3.350008","완주군","1535413102140072B02.114","전문의","1635413103140072AAA[14STD04553]","인력현황[명]","명","46","46","58","64","59","69","67","70","79","88","88","100","98","93","89","88","87","89","89",
"1535413102140072HC3.350010","임실군","1535413102140072B02.1","의사","1635413103140072AAA[14STD04553]","인력현황[명]","명","37","39","42","39","39","37","37","39","38","39","39","43","44","40","41","40","31","33","30",
"1535413102140072HC3.350010","임실군","1535413102140072B02.111","일반의","1635413103140072AAA[14STD04553]","인력현황[명]","명","11","11","10","12","11","10","6","6","7","8","7","8","12","9","9","7","6","6","3",
"1535413102140072HC3.350010","임실군","1535413102140072B02.112","인턴","1635413103140072AAA[14STD04553]","인력현황[명]","명","0","0","0","0","0","0","0","0","0","0","0","0","0","2","1","3","0","0","0",
"1535413102140072HC3.350010","임실군","1535413102140072B02.113","레지던트","1635413103140072AAA[14STD04553]","인력현황[명]","명","0","0","0","0","0","0","0","0","0","0","0","0","0","0","0","0","0","0","0",
"1535413102140072HC3.350010","임실군","1535413102140072B02.114","전문의","1635413103140072AAA[14STD04553]","인력현황[명]","명","26","28","32","27","28","27","31","33","31","31","32","35","32","29","31","30","25","27","27",
"1535413102140072HC3.350011","장수군","1535413102140072B02.1","의사","1635413103140072AAA[14STD04553]","인력현황[명]","명","23","19","22","24","25","24","24","23","23","23","24","24","24","25","21","22","13","18","18",
"1535413102140072HC3.350011","장수군","1535413102140072B02.111","일반의","1635413103140072AAA[14STD04553]","인력현황[명]","명","9","8","8","7","7","5","5","4","4","5","5","3","7","9","8","6","5","3","3",
"1535413102140072HC3.350011","장수군","1535413102140072B02.112","인턴","1635413103140072AAA[14STD04553]","인력현황[명]","명","0","0","0","0","0","0","0","0","0","0","0","0","0","0","0","1","0","2","0",
"1535413102140072HC3.350011","장수군","1535413102140072B02.113","레지던트","1635413103140072AAA[14STD04553]","인력현황[명]","명","0","0","0","0","0","0","0","0","0","0","0","0","0","0","0","0","0","0","0",
"1535413102140072HC3.350011","장수군","1535413102140072B02.114","전문의","1635413103140072AAA[14STD04553]","인력현황[명]","명","14","11","14","17","18","19","19","19","19","18","19","21","17","16","13","15","8","13","15",
"1535413102140072HC3.350013","진안군","1535413102140072B02.1","의사","1635413103140072AAA[14STD04553]","인력현황[명]","명","30","29","33","32","32","29","30","31","34","39","38","37","38","38","37","32","32","32","29",
"1535413102140072HC3.350013","진안군","1535413102140072B02.111","일반의","1635413103140072AAA[14STD04553]","인력현황[명]","명","7","9","9","10","8","5","5","6","6","5","8","8","10","10","11","8","7","8","5",
"1535413102140072HC3.350013","진안군","1535413102140072B02.112","인턴","1635413103140072AAA[14STD04553]","인력현황[명]","명","0","0","0","0","0","0","0","0","0","0","0","0","0","0","0","0","0","0","0",
"1535413102140072HC3.350013","진안군","1535413102140072B02.113","레지던트","1635413103140072AAA[14STD04553]","인력현황[명]","명","0","0","0","0","0","0","0","0","0","0","0","0","0","0","0","0","0","0","0",
"1535413102140072HC3.350013","진안군","1535413102140072B02.114","전문의","1635413103140072AAA[14STD04553]","인력현황[명]","명","23","20","24","22","24","24","25","25","28","34","30","29","28","28","26","24","25","24","24",
"1535413102140072HC3.350100","군산시","1535413102140072B02.1","의사","1635413103140072AAA[14STD04553]","인력현황[명]","명","268","267","294","294","320","329","339","333","359","369","387","377","385","404","406","394","392","388","409",
"1535413102140072HC3.350100","군산시","1535413102140072B02.111","일반의","1635413103140072AAA[14STD04553]","인력현황[명]","명","30","22","31","38","47","42","31","25","33","39","40","32","35","42","41","34","30","28","41",
"1535413102140072HC3.350100","군산시","1535413102140072B02.112","인턴","1635413103140072AAA[14STD04553]","인력현황[명]","명","0","0","5","0","1","0","2","2","1","1","3","1","5","3","1","4","7","5","0",
"1535413102140072HC3.350100","군산시","1535413102140072B02.113","레지던트","1635413103140072AAA[14STD04553]","인력현황[명]","명","7","7","15","11","8","6","4","0","0","1","3","3","4","6","6","5","1","4","4",
"1535413102140072HC3.350100","군산시","1535413102140072B02.114","전문의","1635413103140072AAA[14STD04553]","인력현황[명]","명","231","238","243","245","264","281","302","306","325","328","341","341","341","353","358","351","354","351","364",
"1535413102140072HC3.350200","남원시","1535413102140072B02.1","의사","1635413103140072AAA[14STD04553]","인력현황[명]","명","127","130","146","142","144","134","129","139","133","138","141","142","143","138","136","132","121","118","123",
"1535413102140072HC3.350200","남원시","1535413102140072B02.111","일반의","1635413103140072AAA[14STD04553]","인력현황[명]","명","15","16","20","22","20","13","9","9","7","10","14","17","14","19","21","22","17","12","12",
"1535413102140072HC3.350200","남원시","1535413102140072B02.112","인턴","1635413103140072AAA[14STD04553]","인력현황[명]","명","0","0","0","0","0","0","0","0","0","0","0","0","0","0","0","1","0","0","0",
"1535413102140072HC3.350200","남원시","1535413102140072B02.113","레지던트","1635413103140072AAA[14STD04553]","인력현황[명]","명","12","13","15","12","7","9","7","10","4","3","4","4","6","3","0","0","0","0","0",
"1535413102140072HC3.350200","남원시","1535413102140072B02.114","전문의","1635413103140072AAA[14STD04553]","인력현황[명]","명","100","101","111","108","117","112","113","120","122","125","123","121","123","116","115","109","104","106","111",
"1535413102140072HC3.350300","익산시","1535413102140072B02.1","의사","1635413103140072AAA[14STD04553]","인력현황[명]","명","507","515","518","535","574","545","572","588","603","607","614","629","632","639","638","652","650","617","527",
"1535413102140072HC3.350300","익산시","1535413102140072B02.111","일반의","1635413103140072AAA[14STD04553]","인력현황[명]","명","38","41","40","55","45","45","39","37","40","36","33","36","40","36","42","38","35","37","49",
"1535413102140072HC3.350300","익산시","1535413102140072B02.112","인턴","1635413103140072AAA[14STD04553]","인력현황[명]","명","123","108","0","0","33","0","17","29","32","30","23","27","28","24","26","32","30","24","1",
"1535413102140072HC3.350300","익산시","1535413102140072B02.113","레지던트","1635413103140072AAA[14STD04553]","인력현황[명]","명","21","32","131","125","113","120","119","119","111","106","97","98","93","95","91","95","90","71","2",
"1535413102140072HC3.350300","익산시","1535413102140072B02.114","전문의","1635413103140072AAA[14STD04553]","인력현황[명]","명","325","334","347","355","383","380","397","403","420","435","461","468","471","484","479","487","495","485","475",
"1535413102140072HC3.350401","전주시 완산구","1535413102140072B02.1","의사","1635413103140072AAA[14STD04553]","인력현황[명]","명","588","590","611","634","641","667","703","760","799","807","816","819","808","810","830","855","875","881","867",
"1535413102140072HC3.350401","전주시 완산구","1535413102140072B02.111","일반의","1635413103140072AAA[14STD04553]","인력현황[명]","명","23","25","27","27","31","30","35","41","39","38","42","45","43","36","45","41","44","41","78",
"1535413102140072HC3.350401","전주시 완산구","1535413102140072B02.112","인턴","1635413103140072AAA[14STD04553]","인력현황[명]","명","26","18","13","12","10","15","17","11","17","10","11","11","7","16","8","24","17","19","7",
"1535413102140072HC3.350401","전주시 완산구","1535413102140072B02.113","레지던트","1635413103140072AAA[14STD04553]","인력현황[명]","명","85","84","85","77","69","61","59","69","68","75","74","64","66","53","56","45","58","59","21",
"1535413102140072HC3.350401","전주시 완산구","1535413102140072B02.114","전문의","1635413103140072AAA[14STD04553]","인력현황[명]","명","454","463","486","518","531","561","592","639","675","684","689","699","692","705","721","745","756","762","761",
"1535413102140072HC3.350402","전주시 덕진구","1535413102140072B02.1","의사","1635413103140072AAA[14STD04553]","인력현황[명]","명","653","643","683","655","706","689","758","778","812","820","866","878","920","922","937","950","980","942","847",
"1535413102140072HC3.350402","전주시 덕진구","1535413102140072B02.111","일반의","1635413103140072AAA[14STD04553]","인력현황[명]","명","13","12","24","26","27","25","25","18","12","18","21","21","21","19","19","22","24","22","58",
"1535413102140072HC3.350402","전주시 덕진구","1535413102140072B02.112","인턴","1635413103140072AAA[14STD04553]","인력현황[명]","명","50","32","46","1","45","1","31","40","48","40","44","41","37","45","47","43","47","1","2",
"1535413102140072HC3.350402","전주시 덕진구","1535413102140072B02.113","레지던트","1635413103140072AAA[14STD04553]","인력현황[명]","명","181","182","180","178","173","190","190","178","176","166","157","155","153","135","131","134","139","148","8",
"1535413102140072HC3.350402","전주시 덕진구","1535413102140072B02.114","전문의","1635413103140072AAA[14STD04553]","인력현황[명]","명","409","417","433","450","461","473","512","542","576","596","644","661","709","723","740","751","770","771","779",
"1535413102140072HC3.350500","정읍시","1535413102140072B02.1","의사","1635413103140072AAA[14STD04553]","인력현황[명]","명","149","157","161","162","169","158","157","156","156","161","163","172","158","159","162","157","165","165","167",
"1535413102140072HC3.350500","정읍시","1535413102140072B02.111","일반의","1635413103140072AAA[14STD04553]","인력현황[명]","명","30","25","29","29","35","26","26","24","21","22","22","24","24","24","29","29","21","18","26",
"1535413102140072HC3.350500","정읍시","1535413102140072B02.112","인턴","1635413103140072AAA[14STD04553]","인력현황[명]","명","0","0","0","0","0","0","0","0","0","0","0","0","1","1","0","0","0","0","0",
"1535413102140072HC3.350500","정읍시","1535413102140072B02.113","레지던트","1635413103140072AAA[14STD04553]","인력현황[명]","명","6","11","15","15","14","11","7","5","0","0","0","0","0","0","0","0","0","0","0",
"1535413102140072HC3.350500","정읍시","1535413102140072B02.114","전문의","1635413103140072AAA[14STD04553]","인력현황[명]","명","113","121","117","118","120","121","124","127","135","139","141","148","133","134","133","128","144","147","141",
"1535413102140072HC3.350600","김제시","1535413102140072B02.1","의사","1635413103140072AAA[14STD04553]","인력현황[명]","명","98","98","116","125","127","126","132","126","135","137","145","140","138","133","143","135","131","126","129",
"1535413102140072HC3.350600","김제시","1535413102140072B02.111","일반의","1635413103140072AAA[14STD04553]","인력현황[명]","명","14","15","19","22","18","13","21","21","18","19","19","15","17","18","21","19","15","13","14",
"1535413102140072HC3.350600","김제시","1535413102140072B02.112","인턴","1635413103140072AAA[14STD04553]","인력현황[명]","명","0","0","0","0","0","0","0","0","0","0","0","0","0","0","0","0","0","0","0",
"1535413102140072HC3.350600","김제시","1535413102140072B02.113","레지던트","1635413103140072AAA[14STD04553]","인력현황[명]","명","0","0","0","0","0","0","0","0","0","0","0","0","0","0","0","0","0","0","0",
"1535413102140072HC3.350600","김제시","1535413102140072B02.114","전문의","1635413103140072AAA[14STD04553]","인력현황[명]","명","84","83","97","103","109","113","111","105","117","118","126","125","121","115","122","116","116","113","115",
"1535413102140072HC3.36","전남","1535413102140072B02.1","의사","1635413103140072AAA[14STD04553]","인력현황[명]","명","2187","2301","2499","2598","2693","2746","2839","2875","2936","2976","3068","3096","3111","3112","3178","3221","3117","3093","3112",
"1535413102140072HC3.36","전남","1535413102140072B02.111","일반의","1635413103140072AAA[14STD04553]","인력현황[명]","명","398","395","412","446","426","389","361","361","348","333","368","378","416","427","443","468","374","365","473",
"1535413102140072HC3.36","전남","1535413102140072B02.112","인턴","1635413103140072AAA[14STD04553]","인력현황[명]","명","15","33","28","29","29","45","46","2","0","0","22","26","40","43","50","28","42","23","3",
"1535413102140072HC3.36","전남","1535413102140072B02.113","레지던트","1635413103140072AAA[14STD04553]","인력현황[명]","명","58","67","91","107","104","110","130","105","111","107","110","96","95","89","91","88","92","89","28",
"1535413102140072HC3.36","전남","1535413102140072B02.114","전문의","1635413103140072AAA[14STD04553]","인력현황[명]","명","1716","1806","1968","2016","2134","2202","2302","2407","2477","2536","2568","2596","2560","2553","2594","2637","2609","2616","2608",
"1535413102140072HC3.360001","강진군","1535413102140072B02.1","의사","1635413103140072AAA[14STD04553]","인력현황[명]","명","49","48","44","47","48","50","54","54","55","57","63","61","56","55","57","60","47","49","50",
"1535413102140072HC3.360001","강진군","1535413102140072B02.111","일반의","1635413103140072AAA[14STD04553]","인력현황[명]","명","16","15","17","17","20","19","19","16","16","16","13","15","17","17","19","21","14","15","17",
"1535413102140072HC3.360001","강진군","1535413102140072B02.112","인턴","1635413103140072AAA[14STD04553]","인력현황[명]","명","0","0","0","1","0","0","0","0","0","0","0","0","0","0","0","0","0","0","0",
"1535413102140072HC3.360001","강진군","1535413102140072B02.113","레지던트","1635413103140072AAA[14STD04553]","인력현황[명]","명","0","0","0","0","0","0","0","0","0","0","0","0","0","0","0","0","0","0","0",
"1535413102140072HC3.360001","강진군","1535413102140072B02.114","전문의","1635413103140072AAA[14STD04553]","인력현황[명]","명","33","33","27","29","28","31","35","38","39","41","50","46","39","38","38","39","33","34","33",
"1535413102140072HC3.360002","고흥군","1535413102140072B02.1","의사","1635413103140072AAA[14STD04553]","인력현황[명]","명","89","93","95","96","97","96","90","97","98","96","98","100","93","91","91","92","80","80","78",
"1535413102140072HC3.360002","고흥군","1535413102140072B02.111","일반의","1635413103140072AAA[14STD04553]","인력현황[명]","명","24","25","24","28","27","24","21","25","25","24","25","23","24","25","26","26","17","21","19",
"1535413102140072HC3.360002","고흥군","1535413102140072B02.112","인턴","1635413103140072AAA[14STD04553]","인력현황[명]","명","2","1","0","0","0","0","0","0","0","0","0","0","0","1","1","0","0","0","1",
"1535413102140072HC3.360002","고흥군","1535413102140072B02.113","레지던트","1635413103140072AAA[14STD04553]","인력현황[명]","명","0","0","0","0","0","0","0","0","0","0","0","0","0","0","0","0","0","0","0",
"1535413102140072HC3.360002","고흥군","1535413102140072B02.114","전문의","1635413103140072AAA[14STD04553]","인력현황[명]","명","63","67","71","68","70","72","69","72","73","72","73","77","69","65","64","66","63","59","58",
"1535413102140072HC3.360003","곡성군","1535413102140072B02.1","의사","1635413103140072AAA[14STD04553]","인력현황[명]","명","38","34","34","37","39","38","37","40","38","38","39","38","38","39","38","39","36","36","34",
"1535413102140072HC3.360003","곡성군","1535413102140072B02.111","일반의","1635413103140072AAA[14STD04553]","인력현황[명]","명","15","10","10","14","15","14","8","8","7","7","9","10","13","15","15","15","13","11","8",
"1535413102140072HC3.360003","곡성군","1535413102140072B02.112","인턴","1635413103140072AAA[14STD04553]","인력현황[명]","명","0","0","0","0","0","0","0","0","0","0","0","0","0","0","0","0","0","0","0",
"1535413102140072HC3.360003","곡성군","1535413102140072B02.113","레지던트","1635413103140072AAA[14STD04553]","인력현황[명]","명","0","0","0","0","0","0","0","0","0","0","0","0","0","0","0","0","0","0","0",
"1535413102140072HC3.360003","곡성군","1535413102140072B02.114","전문의","1635413103140072AAA[14STD04553]","인력현황[명]","명","23","24","24","23","24","24","29","32","31","31","30","28","25","24","23","24","23","25","26",
"1535413102140072HC3.360006","구례군","1535413102140072B02.1","의사","1635413103140072AAA[14STD04553]","인력현황[명]","명","29","27","28","34","33","36","35","37","36","38","38","39","39","38","40","38","32","30","30",
"1535413102140072HC3.360006","구례군","1535413102140072B02.111","일반의","1635413103140072AAA[14STD04553]","인력현황[명]","명","8","8","5","8","10","8","6","8","9","8","6","8","9","11","11","9","5","4","7",
"1535413102140072HC3.360006","구례군","1535413102140072B02.112","인턴","1635413103140072AAA[14STD04553]","인력현황[명]","명","0","0","0","0","0","0","0","0","0","0","0","0","1","1","0","0","0","1","0",
"1535413102140072HC3.360006","구례군","1535413102140072B02.113","레지던트","1635413103140072AAA[14STD04553]","인력현황[명]","명","0","0","0","0","0","0","0","0","0","0","0","0","0","0","0","0","0","0","0",
"1535413102140072HC3.360006","구례군","1535413102140072B02.114","전문의","1635413103140072AAA[14STD04553]","인력현황[명]","명","21","19","23","26","23","28","29","29","27","30","32","31","29","26","29","29","27","25","23",
"1535413102140072HC3.360008","담양군","1535413102140072B02.1","의사","1635413103140072AAA[14STD04553]","인력현황[명]","명","62","63","72","74","74","68","69","71","73","68","65","70","65","68","66","70","62","64","66",
"1535413102140072HC3.360008","담양군","1535413102140072B02.111","일반의","1635413103140072AAA[14STD04553]","인력현황[명]","명","15","12","15","20","21","14","17","13","14","14","14","16","16","15","15","17","15","13","16",
"1535413102140072HC3.360008","담양군","1535413102140072B02.112","인턴","1635413103140072AAA[14STD04553]","인력현황[명]","명","0","0","0","0","0","0","0","0","0","0","0","0","0","1","0","0","0","0","0",
"1535413102140072HC3.360008","담양군","1535413102140072B02.113","레지던트","1635413103140072AAA[14STD04553]","인력현황[명]","명","0","0","0","0","0","0","0","0","0","0","0","0","0","0","0","0","0","0","0",
"1535413102140072HC3.360008","담양군","1535413102140072B02.114","전문의","1635413103140072AAA[14STD04553]","인력현황[명]","명","47","51","57","54","53","54","52","58","59","54","51","54","49","52","51","53","47","51","50",
"1535413102140072HC3.360009","무안군","1535413102140072B02.1","의사","1635413103140072AAA[14STD04553]","인력현황[명]","명","62","61","62","62","63","65","73","83","83","88","89","98","102","108","106","113","115","112","113",
"1535413102140072HC3.360009","무안군","1535413102140072B02.111","일반의","1635413103140072AAA[14STD04553]","인력현황[명]","명","15","18","22","19","19","18","17","18","16","16","17","20","23","22","23","24","22","26","31",
"1535413102140072HC3.360009","무안군","1535413102140072B02.112","인턴","1635413103140072AAA[14STD04553]","인력현황[명]","명","0","0","0","0","0","0","0","0","0","0","0","0","0","1","0","0","0","0","0",
"1535413102140072HC3.360009","무안군","1535413102140072B02.113","레지던트","1635413103140072AAA[14STD04553]","인력현황[명]","명","0","0","0","0","0","0","0","0","0","0","0","0","0","0","0","0","0","0","0",
"1535413102140072HC3.360009","무안군","1535413102140072B02.114","전문의","1635413103140072AAA[14STD04553]","인력현황[명]","명","47","43","40","43","44","47","56","65","67","72","72","78","79","85","83","89","93","86","82",
"1535413102140072HC3.360010","보성군","1535413102140072B02.1","의사","1635413103140072AAA[14STD04553]","인력현황[명]","명","58","59","57","54","56","50","55","61","60","65","66","69","66","65","66","66","57","55","51",
"1535413102140072HC3.360010","보성군","1535413102140072B02.111","일반의","1635413103140072AAA[14STD04553]","인력현황[명]","명","14","14","10","10","12","12","11","13","11","12","15","14","13","14","15","17","10","7","7",
"1535413102140072HC3.360010","보성군","1535413102140072B02.112","인턴","1635413103140072AAA[14STD04553]","인력현황[명]","명","0","0","0","0","0","0","0","0","0","0","0","0","0","1","1","0","0","1","0",
"1535413102140072HC3.360010","보성군","1535413102140072B02.113","레지던트","1635413103140072AAA[14STD04553]","인력현황[명]","명","0","0","0","0","0","0","0","0","0","0","0","0","0","0","0","0","0","0","0",
"1535413102140072HC3.360010","보성군","1535413102140072B02.114","전문의","1635413103140072AAA[14STD04553]","인력현황[명]","명","44","45","47","44","44","38","44","48","49","53","51","55","53","50","50","49","47","47","44",
"1535413102140072HC3.360012","신안군","1535413102140072B02.1","의사","1635413103140072AAA[14STD04553]","인력현황[명]","명","30","22","36","36","39","40","42","46","46","46","47","48","47","48","48","49","42","44","46",
"1535413102140072HC3.360012","신안군","1535413102140072B02.111","일반의","1635413103140072AAA[14STD04553]","인력현황[명]","명","20","14","25","25","15","19","15","13","15","13","24","21","20","25","26","30","20","23","29",
"1535413102140072HC3.360012","신안군","1535413102140072B02.112","인턴","1635413103140072AAA[14STD04553]","인력현황[명]","명","0","0","0","0","0","0","0","0","0","0","0","0","8","5","5","1","3","4","1",
"1535413102140072HC3.360012","신안군","1535413102140072B02.113","레지던트","1635413103140072AAA[14STD04553]","인력현황[명]","명","0","0","0","0","0","0","0","0","0","0","0","0","0","0","0","0","0","0","0",
"1535413102140072HC3.360012","신안군","1535413102140072B02.114","전문의","1635413103140072AAA[14STD04553]","인력현황[명]","명","10","8","11","11","24","21","27","33","31","33","23","27","19","18","17","18","19","17","16",
"1535413102140072HC3.360014","영광군","1535413102140072B02.1","의사","1635413103140072AAA[14STD04553]","인력현황[명]","명","93","89","86","90","89","89","91","87","94","94","96","96","97","94","98","96","93","93","92",
"1535413102140072HC3.360014","영광군","1535413102140072B02.111","일반의","1635413103140072AAA[14STD04553]","인력현황[명]","명","14","12","15","18","14","9","9","8","8","9","10","11","11","8","12","14","9","10","11",
"1535413102140072HC3.360014","영광군","1535413102140072B02.112","인턴","1635413103140072AAA[14STD04553]","인력현황[명]","명","2","2","0","1","0","0","0","0","0","0","0","0","0","0","0","0","0","0","0",
"1535413102140072HC3.360014","영광군","1535413102140072B02.113","레지던트","1635413103140072AAA[14STD04553]","인력현황[명]","명","0","0","0","0","0","0","0","0","0","0","0","0","0","0","0","0","0","0","0",
"1535413102140072HC3.360014","영광군","1535413102140072B02.114","전문의","1635413103140072AAA[14STD04553]","인력현황[명]","명","77","75","71","71","75","80","82","79","86","85","86","85","86","86","86","82","84","83","81",
"1535413102140072HC3.360015","영암군","1535413102140072B02.1","의사","1635413103140072AAA[14STD04553]","인력현황[명]","명","48","49","55","58","56","57","58","56","53","52","51","49","47","47","51","49","49","49","49",
"1535413102140072HC3.360015","영암군","1535413102140072B02.111","일반의","1635413103140072AAA[14STD04553]","인력현황[명]","명","16","19","21","21","19","19","17","16","14","16","15","13","17","16","18","18","18","17","14",
"1535413102140072HC3.360015","영암군","1535413102140072B02.112","인턴","1635413103140072AAA[14STD04553]","인력현황[명]","명","0","0","0","0","0","0","0","0","0","0","0","0","0","1","0","0","0","0","0",
"1535413102140072HC3.360015","영암군","1535413102140072B02.113","레지던트","1635413103140072AAA[14STD04553]","인력현황[명]","명","0","0","0","0","0","0","0","0","0","0","0","0","0","0","0","0","0","0","0",
"1535413102140072HC3.360015","영암군","1535413102140072B02.114","전문의","1635413103140072AAA[14STD04553]","인력현황[명]","명","32","30","34","37","37","38","41","40","39","36","36","36","30","30","33","31","31","32","35",
"1535413102140072HC3.360016","완도군","1535413102140072B02.1","의사","1635413103140072AAA[14STD04553]","인력현황[명]","명","47","47","47","52","54","50","54","55","60","56","57","59","61","52","58","56","56","53","49",
"1535413102140072HC3.360016","완도군","1535413102140072B02.111","일반의","1635413103140072AAA[14STD04553]","인력현황[명]","명","14","14","14","21","21","15","22","21","20","17","24","24","30","30","28","31","27","19","25",
"1535413102140072HC3.360016","완도군","1535413102140072B02.112","인턴","1635413103140072AAA[14STD04553]","인력현황[명]","명","0","0","0","0","0","0","0","0","0","0","0","0","2","0","3","0","2","8","0",
"1535413102140072HC3.360016","완도군","1535413102140072B02.113","레지던트","1635413103140072AAA[14STD04553]","인력현황[명]","명","0","0","0","0","0","0","0","0","0","0","0","0","0","0","0","0","1","0","0",
"1535413102140072HC3.360016","완도군","1535413102140072B02.114","전문의","1635413103140072AAA[14STD04553]","인력현황[명]","명","33","33","33","31","33","35","32","34","40","39","33","35","29","22","27","25","26","26","24",
"1535413102140072HC3.360017","장성군","1535413102140072B02.1","의사","1635413103140072AAA[14STD04553]","인력현황[명]","명","39","46","51","59","55","53","52","57","51","46","42","45","48","45","47","48","43","44","45",
"1535413102140072HC3.360017","장성군","1535413102140072B02.111","일반의","1635413103140072AAA[14STD04553]","인력현황[명]","명","11","10","8","18","17","15","13","11","7","6","5","7","10","12","13","14","9","10","9",
"1535413102140072HC3.360017","장성군","1535413102140072B02.112","인턴","1635413103140072AAA[14STD04553]","인력현황[명]","명","0","0","0","0","0","0","0","0","0","0","0","0","0","0","0","0","0","0","0",
"1535413102140072HC3.360017","장성군","1535413102140072B02.113","레지던트","1635413103140072AAA[14STD04553]","인력현황[명]","명","0","0","0","0","0","0","0","0","0","0","0","0","0","0","0","0","0","0","0",
"1535413102140072HC3.360017","장성군","1535413102140072B02.114","전문의","1635413103140072AAA[14STD04553]","인력현황[명]","명","28","36","43","41","38","38","39","46","44","40","37","38","38","33","34","34","34","34","36",
"1535413102140072HC3.360018","장흥군","1535413102140072B02.1","의사","1635413103140072AAA[14STD04553]","인력현황[명]","명","53","54","56","56","55","50","49","56","55","52","53","57","58","52","56","58","50","49","54",
"1535413102140072HC3.360018","장흥군","1535413102140072B02.111","일반의","1635413103140072AAA[14STD04553]","인력현황[명]","명","15","17","21","21","18","15","13","16","15","11","13","12","14","14","16","17","12","12","15",
"1535413102140072HC3.360018","장흥군","1535413102140072B02.112","인턴","1635413103140072AAA[14STD04553]","인력현황[명]","명","0","0","0","0","0","0","0","0","0","0","0","0","0","1","0","0","0","0","0",
"1535413102140072HC3.360018","장흥군","1535413102140072B02.113","레지던트","1635413103140072AAA[14STD04553]","인력현황[명]","명","0","0","0","0","0","0","0","0","0","0","0","0","0","0","0","0","0","0","0",
"1535413102140072HC3.360018","장흥군","1535413102140072B02.114","전문의","1635413103140072AAA[14STD04553]","인력현황[명]","명","38","37","35","35","37","35","36","40","40","41","40","45","44","37","40","41","38","37","39",
"1535413102140072HC3.360019","진도군","1535413102140072B02.1","의사","1635413103140072AAA[14STD04553]","인력현황[명]","명","28","29","29","28","31","36","33","33","33","33","33","33","36","35","36","37","33","30","33",
"1535413102140072HC3.360019","진도군","1535413102140072B02.111","일반의","1635413103140072AAA[14STD04553]","인력현황[명]","명","12","15","18","17","17","20","18","15","14","13","13","14","16","17","16","18","11","9","16",
"1535413102140072HC3.360019","진도군","1535413102140072B02.112","인턴","1635413103140072AAA[14STD04553]","인력현황[명]","명","0","0","0","0","0","0","0","0","0","0","0","0","2","0","3","0","3","3","0",
"1535413102140072HC3.360019","진도군","1535413102140072B02.113","레지던트","1635413103140072AAA[14STD04553]","인력현황[명]","명","0","0","0","0","0","0","0","0","0","0","0","0","0","0","0","0","0","0","0",
"1535413102140072HC3.360019","진도군","1535413102140072B02.114","전문의","1635413103140072AAA[14STD04553]","인력현황[명]","명","16","14","11","11","14","16","15","18","19","20","20","19","18","18","17","19","19","18","17",
"1535413102140072HC3.360020","함평군","1535413102140072B02.1","의사","1635413103140072AAA[14STD04553]","인력현황[명]","명","31","51","58","63","58","62","58","64","63","62","63","62","58","54","47","48","44","44","33",
"1535413102140072HC3.360020","함평군","1535413102140072B02.111","일반의","1635413103140072AAA[14STD04553]","인력현황[명]","명","17","18","19","19","18","16","15","14","13","14","12","14","13","15","15","15","13","13","8",
"1535413102140072HC3.360020","함평군","1535413102140072B02.112","인턴","1635413103140072AAA[14STD04553]","인력현황[명]","명","0","0","0","0","0","0","0","0","0","0","0","0","0","0","0","1","0","1","1",
"1535413102140072HC3.360020","함평군","1535413102140072B02.113","레지던트","1635413103140072AAA[14STD04553]","인력현황[명]","명","0","0","0","0","0","0","0","0","0","0","0","0","0","0","0","0","0","0","0",
"1535413102140072HC3.360020","함평군","1535413102140072B02.114","전문의","1635413103140072AAA[14STD04553]","인력현황[명]","명","14","33","39","44","40","46","43","50","50","48","51","48","45","39","32","32","31","30","24",
"1535413102140072HC3.360021","해남군","1535413102140072B02.1","의사","1635413103140072AAA[14STD04553]","인력현황[명]","명","92","97","105","111","109","109","106","106","113","117","122","120","117","113","119","118","115","114","112",
"1535413102140072HC3.360021","해남군","1535413102140072B02.111","일반의","1635413103140072AAA[14STD04553]","인력현황[명]","명","25","21","21","22","17","19","16","15","16","14","18","16","17","20","19","21","19","18","18",
"1535413102140072HC3.360021","해남군","1535413102140072B02.112","인턴","1635413103140072AAA[14STD04553]","인력현황[명]","명","0","0","0","0","0","0","0","0","0","0","0","0","0","2","2","0","0","0","0",
"1535413102140072HC3.360021","해남군","1535413102140072B02.113","레지던트","1635413103140072AAA[14STD04553]","인력현황[명]","명","0","0","7","7","7","7","4","2","0","0","0","0","0","0","0","0","0","0","0",
"1535413102140072HC3.360021","해남군","1535413102140072B02.114","전문의","1635413103140072AAA[14STD04553]","인력현황[명]","명","67","76","77","82","85","83","86","89","97","103","104","104","100","91","98","97","96","96","94",
"1535413102140072HC3.360022","화순군","1535413102140072B02.1","의사","1635413103140072AAA[14STD04553]","인력현황[명]","명","165","214","257","285","274","310","371","292","294","329","354","359","368","365","374","378","377","338","268",
"1535413102140072HC3.360022","화순군","1535413102140072B02.111","일반의","1635413103140072AAA[14STD04553]","인력현황[명]","명","14","18","17","15","16","14","14","18","17","16","14","16","19","20","19","21","15","15","16",
"1535413102140072HC3.360022","화순군","1535413102140072B02.112","인턴","1635413103140072AAA[14STD04553]","인력현황[명]","명","4","25","26","26","27","43","46","0","0","0","22","26","22","20","27","25","27","0","0",
"1535413102140072HC3.360022","화순군","1535413102140072B02.113","레지던트","1635413103140072AAA[14STD04553]","인력현황[명]","명","30","38","44","54","44","51","77","50","65","73","78","71","75","72","73","67","64","65","7",
"1535413102140072HC3.360022","화순군","1535413102140072B02.114","전문의","1635413103140072AAA[14STD04553]","인력현황[명]","명","117","133","170","190","187","202","234","224","212","240","240","246","252","253","255","265","271","258","245",
"1535413102140072HC3.360200","나주시","1535413102140072B02.1","의사","1635413103140072AAA[14STD04553]","인력현황[명]","명","133","138","145","144","156","165","174","177","177","187","192","200","197","193","210","212","210","207","207",
"1535413102140072HC3.360200","나주시","1535413102140072B02.111","일반의","1635413103140072AAA[14STD04553]","인력현황[명]","명","28","31","25","22","22","21","18","17","17","21","21","22","23","24","24","25","21","21","24",
"1535413102140072HC3.360200","나주시","1535413102140072B02.112","인턴","1635413103140072AAA[14STD04553]","인력현황[명]","명","1","2","0","0","0","0","0","0","0","0","0","0","0","0","0","0","2","0","0",
"1535413102140072HC3.360200","나주시","1535413102140072B02.113","레지던트","1635413103140072AAA[14STD04553]","인력현황[명]","명","0","0","11","12","12","14","14","11","12","11","12","10","10","9","10","10","14","13","11",
"1535413102140072HC3.360200","나주시","1535413102140072B02.114","전문의","1635413103140072AAA[14STD04553]","인력현황[명]","명","104","105","109","110","122","130","142","149","148","155","159","168","164","160","176","177","173","173","172",
"1535413102140072HC3.360300","목포시","1535413102140072B02.1","의사","1635413103140072AAA[14STD04553]","인력현황[명]","명","349","358","408","421","445","443","445","450","469","465","481","480","487","493","488","485","487","496","527",
"1535413102140072HC3.360300","목포시","1535413102140072B02.111","일반의","1635413103140072AAA[14STD04553]","인력현황[명]","명","27","32","26","28","24","17","17","18","21","16","20","21","22","20","20","23","24","25","53",
"1535413102140072HC3.360300","목포시","1535413102140072B02.112","인턴","1635413103140072AAA[14STD04553]","인력현황[명]","명","4","1","1","1","1","1","0","1","0","0","0","0","2","3","3","1","1","0","0",
"1535413102140072HC3.360300","목포시","1535413102140072B02.113","레지던트","1635413103140072AAA[14STD04553]","인력현황[명]","명","0","0","2","2","3","4","3","4","2","0","0","0","0","0","0","0","0","0","1",
"1535413102140072HC3.360300","목포시","1535413102140072B02.114","전문의","1635413103140072AAA[14STD04553]","인력현황[명]","명","318","325","379","390","417","421","425","427","446","449","461","459","463","470","465","461","462","471","473",
"1535413102140072HC3.360400","순천시","1535413102140072B02.1","의사","1635413103140072AAA[14STD04553]","인력현황[명]","명","325","342","376","374","423","429","439","451","482","484","495","500","519","514","538","546","528","545","566",
"1535413102140072HC3.360400","순천시","1535413102140072B02.111","일반의","1635413103140072AAA[14STD04553]","인력현황[명]","명","19","20","25","27","29","27","23","23","26","23","23","27","33","35","40","36","30","28","47",
"1535413102140072HC3.360400","순천시","1535413102140072B02.112","인턴","1635413103140072AAA[14STD04553]","인력현황[명]","명","2","2","0","0","1","1","0","1","0","0","0","0","0","1","0","0","2","0","0",
"1535413102140072HC3.360400","순천시","1535413102140072B02.113","레지던트","1635413103140072AAA[14STD04553]","인력현황[명]","명","13","13","10","15","18","19","18","14","16","14","11","10","7","5","4","6","7","7","4",
"1535413102140072HC3.360400","순천시","1535413102140072B02.114","전문의","1635413103140072AAA[14STD04553]","인력현황[명]","명","291","307","341","332","375","382","398","413","440","447","461","463","479","473","494","504","489","510","515",
"1535413102140072HC3.360500","여수시","1535413102140072B02.1","의사","1635413103140072AAA[14STD04553]","인력현황[명]","명","284","287","309","329","345","351","338","384","381","380","400","388","391","408","414","431","432","434","467",
"1535413102140072HC3.360500","여수시","1535413102140072B02.111","일반의","1635413103140072AAA[14STD04553]","인력현황[명]","명","44","37","40","42","42","44","43","44","39","40","48","44","45","40","42","44","41","39","58",
"1535413102140072HC3.360500","여수시","1535413102140072B02.112","인턴","1635413103140072AAA[14STD04553]","인력현황[명]","명","0","0","1","0","0","0","0","0","0","0","0","0","3","5","5","0","2","4","0",
"1535413102140072HC3.360500","여수시","1535413102140072B02.113","레지던트","1635413103140072AAA[14STD04553]","인력현황[명]","명","15","16","17","17","20","15","14","24","16","9","9","5","3","3","4","5","6","4","5",
"1535413102140072HC3.360500","여수시","1535413102140072B02.114","전문의","1635413103140072AAA[14STD04553]","인력현황[명]","명","225","234","251","270","283","292","281","316","326","331","343","339","340","360","363","382","383","387","404",
"1535413102140072HC3.360700","광양시","1535413102140072B02.1","의사","1635413103140072AAA[14STD04553]","인력현황[명]","명","83","93","89","88","94","99","116","118","122","123","124","125","121","135","130","132","129","127","142",
"1535413102140072HC3.360700","광양시","1535413102140072B02.111","일반의","1635413103140072AAA[14STD04553]","인력현황[명]","명","15","15","14","14","13","10","9","11","8","7","9","10","11","12","11","12","9","9","25",
"1535413102140072HC3.360700","광양시","1535413102140072B02.112","인턴","1635413103140072AAA[14STD04553]","인력현황[명]","명","0","0","0","0","0","0","0","0","0","0","0","0","0","0","0","0","0","1","0",
"1535413102140072HC3.360700","광양시","1535413102140072B02.113","레지던트","1635413103140072AAA[14STD04553]","인력현황[명]","명","0","0","0","0","0","0","0","0","0","0","0","0","0","0","0","0","0","0","0",
"1535413102140072HC3.360700","광양시","1535413102140072B02.114","전문의","1635413103140072AAA[14STD04553]","인력현황[명]","명","68","78","75","74","81","89","107","107","114","116","115","115","110","123","119","120","120","117","117",
"1535413102140072HC3.37","경북","1535413102140072B02.1","의사","1635413103140072AAA[14STD04553]","인력현황[명]","명","2712","2777","2915","3045","3170","3230","3273","3407","3495","3477","3525","3625","3653","3644","3665","3630","3588","3591","3662",
"1535413102140072HC3.37","경북","1535413102140072B02.111","일반의","1635413103140072AAA[14STD04553]","인력현황[명]","명","362","350","364","405","414","373","318","312","314","306","318","340","372","403","410","407","350","317","407",
"1535413102140072HC3.37","경북","1535413102140072B02.112","인턴","1635413103140072AAA[14STD04553]","인력현황[명]","명","15","8","2","2","2","9","5","16","0","0","0","0","3","7","13","12","13","7","3",
"1535413102140072HC3.37","경북","1535413102140072B02.113","레지던트","1635413103140072AAA[14STD04553]","인력현황[명]","명","109","103","78","83","86","85","80","91","76","53","45","34","43","47","47","39","42","34","16",
"1535413102140072HC3.37","경북","1535413102140072B02.114","전문의","1635413103140072AAA[14STD04553]","인력현황[명]","명","2226","2316","2471","2555","2668","2763","2870","2988","3105","3118","3162","3251","3235","3187","3195","3172","3183","3233","3236",
"1535413102140072HC3.370002","고령군","1535413102140072B02.1","의사","1635413103140072AAA[14STD04553]","인력현황[명]","명","25","22","25","29","28","33","30","31","32","31","32","31","31","28","30","26","24","27","26",
"1535413102140072HC3.370002","고령군","1535413102140072B02.111","일반의","1635413103140072AAA[14STD04553]","인력현황[명]","명","10","7","8","11","11","11","5","5","5","3","6","6","7","8","10","9","8","9","8",
"1535413102140072HC3.370002","고령군","1535413102140072B02.112","인턴","1635413103140072AAA[14STD04553]","인력현황[명]","명","0","0","0","0","0","0","0","0","0","0","0","0","0","0","0","0","0","0","0",
"1535413102140072HC3.370002","고령군","1535413102140072B02.113","레지던트","1635413103140072AAA[14STD04553]","인력현황[명]","명","0","0","0","0","0","0","0","0","0","0","0","0","0","0","0","0","0","0","0",
"1535413102140072HC3.370002","고령군","1535413102140072B02.114","전문의","1635413103140072AAA[14STD04553]","인력현황[명]","명","15","15","17","18","17","22","25","26","27","28","26","25","24","20","20","17","16","18","18",
"1535413102140072HC3.370003","군위군","1535413102140072B02.1","의사","1635413103140072AAA[14STD04553]","인력현황[명]","명","19","19","19","19","20","18","18","22","18","18","17","20","19","16","17","16","16","","",
"1535413102140072HC3.370003","군위군","1535413102140072B02.111","일반의","1635413103140072AAA[14STD04553]","인력현황[명]","명","7","7","9","11","10","10","7","8","9","8","7","6","7","6","8","8","8","","",
"1535413102140072HC3.370003","군위군","1535413102140072B02.112","인턴","1635413103140072AAA[14STD04553]","인력현황[명]","명","0","0","0","0","0","0","0","0","0","0","0","0","0","1","1","0","1","","",
"1535413102140072HC3.370003","군위군","1535413102140072B02.113","레지던트","1635413103140072AAA[14STD04553]","인력현황[명]","명","0","0","0","0","0","0","0","0","0","0","0","0","0","0","0","0","0","","",
"1535413102140072HC3.370003","군위군","1535413102140072B02.114","전문의","1635413103140072AAA[14STD04553]","인력현황[명]","명","12","12","10","8","10","8","11","14","9","10","10","14","12","9","8","8","7","","",
"1535413102140072HC3.370007","봉화군","1535413102140072B02.1","의사","1635413103140072AAA[14STD04553]","인력현황[명]","명","24","26","27","26","29","18","25","26","25","25","26","25","25","24","26","25","22","23","22",
"1535413102140072HC3.370007","봉화군","1535413102140072B02.111","일반의","1635413103140072AAA[14STD04553]","인력현황[명]","명","12","12","14","16","16","8","11","11","9","9","13","15","14","14","15","14","12","13","11",
"1535413102140072HC3.370007","봉화군","1535413102140072B02.112","인턴","1635413103140072AAA[14STD04553]","인력현황[명]","명","0","0","0","0","0","0","0","0","0","0","0","0","0","0","0","0","0","0","0",
"1535413102140072HC3.370007","봉화군","1535413102140072B02.113","레지던트","1635413103140072AAA[14STD04553]","인력현황[명]","명","0","0","0","0","0","0","0","0","0","0","0","0","0","0","0","0","0","0","0",
"1535413102140072HC3.370007","봉화군","1535413102140072B02.114","전문의","1635413103140072AAA[14STD04553]","인력현황[명]","명","12","14","13","10","13","10","14","15","16","16","13","10","11","10","11","11","10","10","11",
"1535413102140072HC3.370010","성주군","1535413102140072B02.1","의사","1635413103140072AAA[14STD04553]","인력현황[명]","명","33","36","36","38","43","45","41","49","52","46","50","55","54","51","51","49","41","39","36",
"1535413102140072HC3.370010","성주군","1535413102140072B02.111","일반의","1635413103140072AAA[14STD04553]","인력현황[명]","명","10","10","14","15","17","12","9","10","8","7","10","12","13","13","13","14","12","10","12",
"1535413102140072HC3.370010","성주군","1535413102140072B02.112","인턴","1635413103140072AAA[14STD04553]","인력현황[명]","명","0","0","0","0","0","0","0","0","0","0","0","0","0","0","3","1","0","0","0",
"1535413102140072HC3.370010","성주군","1535413102140072B02.113","레지던트","1635413103140072AAA[14STD04553]","인력현황[명]","명","0","0","0","0","0","0","0","0","0","0","0","0","0","0","0","0","0","0","0",
"1535413102140072HC3.370010","성주군","1535413102140072B02.114","전문의","1635413103140072AAA[14STD04553]","인력현황[명]","명","23","26","22","23","26","33","32","39","44","39","40","43","41","38","35","34","29","29","24",
"1535413102140072HC3.370012","영덕군","1535413102140072B02.1","의사","1635413103140072AAA[14STD04553]","인력현황[명]","명","37","37","42","41","43","38","39","39","37","37","36","41","40","40","41","43","41","40","40",
"1535413102140072HC3.370012","영덕군","1535413102140072B02.111","일반의","1635413103140072AAA[14STD04553]","인력현황[명]","명","9","9","12","13","12","6","7","6","7","5","7","9","9","10","10","11","10","9","10",
"1535413102140072HC3.370012","영덕군","1535413102140072B02.112","인턴","1635413103140072AAA[14STD04553]","인력현황[명]","명","0","0","0","0","0","0","0","0","0","0","0","0","0","0","2","1","0","0","0",
"1535413102140072HC3.370012","영덕군","1535413102140072B02.113","레지던트","1635413103140072AAA[14STD04553]","인력현황[명]","명","0","0","0","0","0","0","0","0","0","0","0","0","0","0","0","0","0","0","0",
"1535413102140072HC3.370012","영덕군","1535413102140072B02.114","전문의","1635413103140072AAA[14STD04553]","인력현황[명]","명","28","28","30","28","31","32","32","33","30","32","29","32","31","30","29","31","31","31","30",
"1535413102140072HC3.370013","영양군","1535413102140072B02.1","의사","1635413103140072AAA[14STD04553]","인력현황[명]","명","12","12","12","13","15","14","13","12","12","11","8","11","10","10","12","13","9","8","8",
"1535413102140072HC3.370013","영양군","1535413102140072B02.111","일반의","1635413103140072AAA[14STD04553]","인력현황[명]","명","9","8","7","4","7","4","6","5","6","4","2","3","5","6","7","8","4","4","6",
"1535413102140072HC3.370013","영양군","1535413102140072B02.112","인턴","1635413103140072AAA[14STD04553]","인력현황[명]","명","0","0","0","0","0","0","0","0","0","0","0","0","0","1","0","0","1","2","0",
"1535413102140072HC3.370013","영양군","1535413102140072B02.113","레지던트","1635413103140072AAA[14STD04553]","인력현황[명]","명","0","0","0","0","0","0","0","0","0","0","0","0","0","0","0","0","0","0","0",
"1535413102140072HC3.370013","영양군","1535413102140072B02.114","전문의","1635413103140072AAA[14STD04553]","인력현황[명]","명","3","4","5","9","8","10","7","7","6","7","6","8","5","3","5","5","4","2","2",
"1535413102140072HC3.370017","예천군","1535413102140072B02.1","의사","1635413103140072AAA[14STD04553]","인력현황[명]","명","41","37","40","37","36","37","41","43","44","44","48","51","51","56","56","55","51","50","50",
"1535413102140072HC3.370017","예천군","1535413102140072B02.111","일반의","1635413103140072AAA[14STD04553]","인력현황[명]","명","14","12","17","14","14","7","8","9","10","13","11","11","12","16","19","20","13","14","14",
"1535413102140072HC3.370017","예천군","1535413102140072B02.112","인턴","1635413103140072AAA[14STD04553]","인력현황[명]","명","0","0","0","0","0","0","0","0","0","0","0","0","0","0","0","0","0","0","0",
"1535413102140072HC3.370017","예천군","1535413102140072B02.113","레지던트","1635413103140072AAA[14STD04553]","인력현황[명]","명","0","0","0","0","0","0","0","0","0","0","0","0","0","0","0","0","0","0","0",
"1535413102140072HC3.370017","예천군","1535413102140072B02.114","전문의","1635413103140072AAA[14STD04553]","인력현황[명]","명","27","25","23","23","22","30","33","34","34","31","37","40","39","40","37","35","38","36","36",
"1535413102140072HC3.370018","울릉군","1535413102140072B02.1","의사","1635413103140072AAA[14STD04553]","인력현황[명]","명","13","13","14","17","17","17","17","17","18","18","17","18","17","18","14","14","16","15","17",
"1535413102140072HC3.370018","울릉군","1535413102140072B02.111","일반의","1635413103140072AAA[14STD04553]","인력현황[명]","명","3","3","2","4","5","4","1","0","0","0","0","0","8","6","3","3","2","1","8",
"1535413102140072HC3.370018","울릉군","1535413102140072B02.112","인턴","1635413103140072AAA[14STD04553]","인력현황[명]","명","0","0","0","0","0","0","0","0","0","0","0","0","0","0","0","0","1","2","0",
"1535413102140072HC3.370018","울릉군","1535413102140072B02.113","레지던트","1635413103140072AAA[14STD04553]","인력현황[명]","명","0","0","0","0","0","0","0","0","0","0","0","0","0","0","0","0","0","0","0",
"1535413102140072HC3.370018","울릉군","1535413102140072B02.114","전문의","1635413103140072AAA[14STD04553]","인력현황[명]","명","10","10","12","13","12","13","16","17","18","18","17","18","9","12","11","11","13","12","9",
"1535413102140072HC3.370019","울진군","1535413102140072B02.1","의사","1635413103140072AAA[14STD04553]","인력현황[명]","명","44","40","39","42","44","40","40","47","49","50","52","56","54","51","56","53","53","49","51",
"1535413102140072HC3.370019","울진군","1535413102140072B02.111","일반의","1635413103140072AAA[14STD04553]","인력현황[명]","명","11","9","6","8","9","6","5","7","6","6","9","10","10","12","11","12","12","9","9",
"1535413102140072HC3.370019","울진군","1535413102140072B02.112","인턴","1635413103140072AAA[14STD04553]","인력현황[명]","명","0","0","0","0","0","0","0","0","0","0","0","0","0","0","0","0","1","0","0",
"1535413102140072HC3.370019","울진군","1535413102140072B02.113","레지던트","1635413103140072AAA[14STD04553]","인력현황[명]","명","0","0","0","0","0","0","0","0","0","0","0","0","0","0","0","0","0","0","0",
"1535413102140072HC3.370019","울진군","1535413102140072B02.114","전문의","1635413103140072AAA[14STD04553]","인력현황[명]","명","33","31","33","34","35","34","35","40","43","44","43","46","44","39","45","41","40","40","42",
"1535413102140072HC3.370021","의성군","1535413102140072B02.1","의사","1635413103140072AAA[14STD04553]","인력현황[명]","명","52","55","63","62","61","57","61","61","58","54","59","65","61","67","64","60","56","53","54",
"1535413102140072HC3.370021","의성군","1535413102140072B02.111","일반의","1635413103140072AAA[14STD04553]","인력현황[명]","명","15","19","24","21","22","20","21","16","14","11","13","13","17","23","23","21","19","16","19",
"1535413102140072HC3.370021","의성군","1535413102140072B02.112","인턴","1635413103140072AAA[14STD04553]","인력현황[명]","명","0","0","0","0","0","0","0","0","0","0","0","0","0","1","1","2","2","2","0",
"1535413102140072HC3.370021","의성군","1535413102140072B02.113","레지던트","1635413103140072AAA[14STD04553]","인력현황[명]","명","0","0","0","0","0","0","0","0","0","0","0","0","0","0","0","0","0","0","0",
"1535413102140072HC3.370021","의성군","1535413102140072B02.114","전문의","1635413103140072AAA[14STD04553]","인력현황[명]","명","37","36","39","41","39","37","40","45","44","43","46","52","44","43","40","37","35","35","35",
"1535413102140072HC3.370022","청도군","1535413102140072B02.1","의사","1635413103140072AAA[14STD04553]","인력현황[명]","명","42","45","48","52","53","54","55","55","60","63","61","60","60","52","47","54","50","51","49",
"1535413102140072HC3.370022","청도군","1535413102140072B02.111","일반의","1635413103140072AAA[14STD04553]","인력현황[명]","명","10","11","7","9","8","10","10","11","13","11","9","7","10","12","14","14","10","10","11",
"1535413102140072HC3.370022","청도군","1535413102140072B02.112","인턴","1635413103140072AAA[14STD04553]","인력현황[명]","명","0","0","0","0","0","0","0","0","0","0","0","0","0","0","0","0","0","0","0",
"1535413102140072HC3.370022","청도군","1535413102140072B02.113","레지던트","1635413103140072AAA[14STD04553]","인력현황[명]","명","0","0","0","0","0","0","0","0","0","0","0","0","0","0","0","0","0","0","0",
"1535413102140072HC3.370022","청도군","1535413102140072B02.114","전문의","1635413103140072AAA[14STD04553]","인력현황[명]","명","32","34","41","43","45","44","45","44","47","52","52","53","50","40","33","40","40","41","38",
"1535413102140072HC3.370023","청송군","1535413102140072B02.1","의사","1635413103140072AAA[14STD04553]","인력현황[명]","명","26","26","28","31","32","31","28","31","34","33","32","35","33","37","35","34","32","28","28",
"1535413102140072HC3.370023","청송군","1535413102140072B02.111","일반의","1635413103140072AAA[14STD04553]","인력현황[명]","명","10","9","9","13","11","9","6","6","6","5","3","6","8","10","10","10","10","7","7",
"1535413102140072HC3.370023","청송군","1535413102140072B02.112","인턴","1635413103140072AAA[14STD04553]","인력현황[명]","명","0","0","0","0","0","0","0","0","0","0","0","0","0","1","0","0","1","0","0",
"1535413102140072HC3.370023","청송군","1535413102140072B02.113","레지던트","1635413103140072AAA[14STD04553]","인력현황[명]","명","0","0","0","0","0","0","0","0","0","0","0","0","0","0","0","0","0","0","0",
"1535413102140072HC3.370023","청송군","1535413102140072B02.114","전문의","1635413103140072AAA[14STD04553]","인력현황[명]","명","16","17","19","18","21","22","22","25","28","28","29","29","25","26","25","24","21","21","21",
"1535413102140072HC3.370024","칠곡군","1535413102140072B02.1","의사","1635413103140072AAA[14STD04553]","인력현황[명]","명","79","74","82","84","92","92","93","94","91","95","93","95","93","95","94","97","94","91","97",
"1535413102140072HC3.370024","칠곡군","1535413102140072B02.111","일반의","1635413103140072AAA[14STD04553]","인력현황[명]","명","13","7","9","11","9","11","8","11","8","6","8","8","13","14","15","13","9","8","15",
"1535413102140072HC3.370024","칠곡군","1535413102140072B02.112","인턴","1635413103140072AAA[14STD04553]","인력현황[명]","명","0","0","0","0","0","0","0","0","0","0","0","0","0","0","0","0","0","0","0",
"1535413102140072HC3.370024","칠곡군","1535413102140072B02.113","레지던트","1635413103140072AAA[14STD04553]","인력현황[명]","명","0","0","0","0","0","0","0","0","0","0","0","0","0","0","0","0","0","0","0",
"1535413102140072HC3.370024","칠곡군","1535413102140072B02.114","전문의","1635413103140072AAA[14STD04553]","인력현황[명]","명","66","67","73","73","83","81","85","83","83","89","85","87","80","81","79","84","85","83","82",
"1535413102140072HC3.370100","경주시","1535413102140072B02.1","의사","1635413103140072AAA[14STD04553]","인력현황[명]","명","318","315","316","332","344","348","354","353","363","361","348","355","353","349","346","350","352","330","338",
"1535413102140072HC3.370100","경주시","1535413102140072B02.111","일반의","1635413103140072AAA[14STD04553]","인력현황[명]","명","25","30","41","43","35","37","33","35","36","37","37","41","45","42","38","41","37","29","44",
"1535413102140072HC3.370100","경주시","1535413102140072B02.112","인턴","1635413103140072AAA[14STD04553]","인력현황[명]","명","8","6","0","0","0","0","0","0","0","0","0","0","0","0","0","0","0","0","0",
"1535413102140072HC3.370100","경주시","1535413102140072B02.113","레지던트","1635413103140072AAA[14STD04553]","인력현황[명]","명","69","58","38","44","50","53","50","43","42","34","26","21","24","25","27","28","28","20","8",
"1535413102140072HC3.370100","경주시","1535413102140072B02.114","전문의","1635413103140072AAA[14STD04553]","인력현황[명]","명","216","221","237","245","259","258","271","275","285","290","285","293","284","282","281","281","287","281","286",
"1535413102140072HC3.370200","구미시","1535413102140072B02.1","의사","1635413103140072AAA[14STD04553]","인력현황[명]","명","374","381","417","431","444","461","478","523","534","540","530","543","560","549","552","531","535","565","567",
"1535413102140072HC3.370200","구미시","1535413102140072B02.111","일반의","1635413103140072AAA[14STD04553]","인력현황[명]","명","27","25","30","32","33","31","24","25","25","31","29","29","26","25","23","24","24","25","39",
"1535413102140072HC3.370200","구미시","1535413102140072B02.112","인턴","1635413103140072AAA[14STD04553]","인력현황[명]","명","0","0","2","2","2","2","2","13","0","0","0","0","0","0","0","0","1","0","0",
"1535413102140072HC3.370200","구미시","1535413102140072B02.113","레지던트","1635413103140072AAA[14STD04553]","인력현황[명]","명","2","2","2","1","1","1","2","22","11","10","7","5","10","15","14","5","7","8","4",
"1535413102140072HC3.370200","구미시","1535413102140072B02.114","전문의","1635413103140072AAA[14STD04553]","인력현황[명]","명","345","354","383","396","408","427","450","463","498","499","494","509","524","509","515","502","503","532","524",
"1535413102140072HC3.370300","김천시","1535413102140072B02.1","의사","1635413103140072AAA[14STD04553]","인력현황[명]","명","139","144","142","146","154","159","155","155","162","170","175","182","178","179","187","183","181","180","187",
"1535413102140072HC3.370300","김천시","1535413102140072B02.111","일반의","1635413103140072AAA[14STD04553]","인력현황[명]","명","15","17","10","14","14","18","17","13","9","12","9","13","16","21","20","19","15","14","17",
"1535413102140072HC3.370300","김천시","1535413102140072B02.112","인턴","1635413103140072AAA[14STD04553]","인력현황[명]","명","0","0","0","0","0","0","0","0","0","0","0","0","0","1","0","0","1","0","0",
"1535413102140072HC3.370300","김천시","1535413102140072B02.113","레지던트","1635413103140072AAA[14STD04553]","인력현황[명]","명","0","0","0","0","0","0","0","0","0","0","0","0","0","0","0","0","0","0","0",
"1535413102140072HC3.370300","김천시","1535413102140072B02.114","전문의","1635413103140072AAA[14STD04553]","인력현황[명]","명","124","127","132","132","140","141","138","142","153","158","166","169","162","157","167","164","165","166","170",
"1535413102140072HC3.370400","안동시","1535413102140072B02.1","의사","1635413103140072AAA[14STD04553]","인력현황[명]","명","226","229","239","268","280","310","302","311","323","332","327","331","334","335","339","317","309","321","327",
"1535413102140072HC3.370400","안동시","1535413102140072B02.111","일반의","1635413103140072AAA[14STD04553]","인력현황[명]","명","29","29","23","29","26","27","19","17","23","21","22","23","21","24","21","18","20","19","21",
"1535413102140072HC3.370400","안동시","1535413102140072B02.112","인턴","1635413103140072AAA[14STD04553]","인력현황[명]","명","0","0","0","0","0","7","0","0","0","0","0","0","0","0","1","0","1","0","0",
"1535413102140072HC3.370400","안동시","1535413102140072B02.113","레지던트","1635413103140072AAA[14STD04553]","인력현황[명]","명","1","0","0","0","0","0","0","0","0","0","0","0","0","0","0","0","0","0","0",
"1535413102140072HC3.370400","안동시","1535413102140072B02.114","전문의","1635413103140072AAA[14STD04553]","인력현황[명]","명","196","200","216","239","254","276","283","294","300","311","305","308","313","311","317","299","288","302","306",
"1535413102140072HC3.370500","영주시","1535413102140072B02.1","의사","1635413103140072AAA[14STD04553]","인력현황[명]","명","88","87","95","97","106","104","110","117","125","129","130","129","129","142","149","147","140","135","126",
"1535413102140072HC3.370500","영주시","1535413102140072B02.111","일반의","1635413103140072AAA[14STD04553]","인력현황[명]","명","17","16","12","12","18","19","18","18","17","15","18","19","21","21","26","24","18","15","15",
"1535413102140072HC3.370500","영주시","1535413102140072B02.112","인턴","1635413103140072AAA[14STD04553]","인력현황[명]","명","0","0","0","0","0","0","0","0","0","0","0","0","0","0","0","0","0","0","0",
"1535413102140072HC3.370500","영주시","1535413102140072B02.113","레지던트","1635413103140072AAA[14STD04553]","인력현황[명]","명","0","0","0","0","0","0","0","0","0","0","0","0","0","0","0","0","0","0","0",
"1535413102140072HC3.370500","영주시","1535413102140072B02.114","전문의","1635413103140072AAA[14STD04553]","인력현황[명]","명","71","71","83","85","88","85","92","99","108","114","112","110","108","121","123","123","122","120","111",
"1535413102140072HC3.370600","영천시","1535413102140072B02.1","의사","1635413103140072AAA[14STD04553]","인력현황[명]","명","110","118","131","126","134","129","126","131","127","127","136","132","130","129","131","128","131","135","139",
"1535413102140072HC3.370600","영천시","1535413102140072B02.111","일반의","1635413103140072AAA[14STD04553]","인력현황[명]","명","14","11","15","10","19","12","8","7","6","6","8","14","15","16","17","16","13","14","17",
"1535413102140072HC3.370600","영천시","1535413102140072B02.112","인턴","1635413103140072AAA[14STD04553]","인력현황[명]","명","0","0","0","0","0","0","3","3","0","0","0","0","0","0","0","0","0","0","0",
"1535413102140072HC3.370600","영천시","1535413102140072B02.113","레지던트","1635413103140072AAA[14STD04553]","인력현황[명]","명","0","0","0","0","0","0","0","0","0","0","0","0","0","0","0","0","0","0","0",
"1535413102140072HC3.370600","영천시","1535413102140072B02.114","전문의","1635413103140072AAA[14STD04553]","인력현황[명]","명","96","107","116","116","115","117","115","121","121","121","128","118","115","113","114","112","118","121","122",
"1535413102140072HC3.370701","포항시 남구","1535413102140072B02.1","의사","1635413103140072AAA[14STD04553]","인력현황[명]","명","227","239","261","265","280","283","288","315","325","335","381","401","411","426","436","438","451","471","484",
"1535413102140072HC3.370701","포항시 남구","1535413102140072B02.111","일반의","1635413103140072AAA[14STD04553]","인력현황[명]","명","23","19","21","26","23","18","17","16","15","16","12","13","15","17","15","15","15","15","23",
"1535413102140072HC3.370701","포항시 남구","1535413102140072B02.112","인턴","1635413103140072AAA[14STD04553]","인력현황[명]","명","2","0","0","0","0","0","0","0","0","0","0","0","3","0","3","4","1","1","3",
"1535413102140072HC3.370701","포항시 남구","1535413102140072B02.113","레지던트","1635413103140072AAA[14STD04553]","인력현황[명]","명","15","14","15","13","12","12","10","12","11","9","12","8","9","7","6","6","7","6","4",
"1535413102140072HC3.370701","포항시 남구","1535413102140072B02.114","전문의","1635413103140072AAA[14STD04553]","인력현황[명]","명","187","206","225","226","245","253","261","287","299","310","357","380","384","402","412","413","428","449","454",
"1535413102140072HC3.370702","포항시 북구","1535413102140072B02.1","의사","1635413103140072AAA[14STD04553]","인력현황[명]","명","362","387","377","402","422","432","439","460","455","396","401","423","428","422","422","428","420","415","433",
"1535413102140072HC3.370702","포항시 북구","1535413102140072B02.111","일반의","1635413103140072AAA[14STD04553]","인력현황[명]","명","23","29","25","28","28","27","21","24","27","24","31","29","25","25","29","29","26","28","41",
"1535413102140072HC3.370702","포항시 북구","1535413102140072B02.112","인턴","1635413103140072AAA[14STD04553]","인력현황[명]","명","5","2","0","0","0","0","0","0","0","0","0","0","0","0","0","1","1","0","0",
"1535413102140072HC3.370702","포항시 북구","1535413102140072B02.113","레지던트","1635413103140072AAA[14STD04553]","인력현황[명]","명","22","29","23","25","23","19","18","14","12","0","0","0","0","0","0","0","0","0","0",
"1535413102140072HC3.370702","포항시 북구","1535413102140072B02.114","전문의","1635413103140072AAA[14STD04553]","인력현황[명]","명","312","327","329","349","371","386","400","422","416","372","370","394","403","397","393","398","393","387","392",
"1535413102140072HC3.370800","문경시","1535413102140072B02.1","의사","1635413103140072AAA[14STD04553]","인력현황[명]","명","78","85","91","98","100","103","103","101","104","108","107","104","103","102","103","101","96","95","95",
"1535413102140072HC3.370800","문경시","1535413102140072B02.111","일반의","1635413103140072AAA[14STD04553]","인력현황[명]","명","16","13","12","12","17","18","16","18","20","18","17","17","19","20","21","18","15","16","12",
"1535413102140072HC3.370800","문경시","1535413102140072B02.112","인턴","1635413103140072AAA[14STD04553]","인력현황[명]","명","0","0","0","0","0","0","0","0","0","0","0","0","0","0","0","0","0","0","0",
"1535413102140072HC3.370800","문경시","1535413102140072B02.113","레지던트","1635413103140072AAA[14STD04553]","인력현황[명]","명","0","0","0","0","0","0","0","0","0","0","0","0","0","0","0","0","0","0","0",
"1535413102140072HC3.370800","문경시","1535413102140072B02.114","전문의","1635413103140072AAA[14STD04553]","인력현황[명]","명","62","72","79","86","83","85","87","83","84","90","90","87","84","82","82","83","81","79","83",
"1535413102140072HC3.370900","상주시","1535413102140072B02.1","의사","1635413103140072AAA[14STD04553]","인력현황[명]","명","99","100","107","116","115","112","109","115","120","123","124","127","131","121","120","125","110","114","113",
"1535413102140072HC3.370900","상주시","1535413102140072B02.111","일반의","1635413103140072AAA[14STD04553]","인력현황[명]","명","19","20","20","22","26","22","18","12","14","18","18","17","15","18","19","18","13","13","15",
"1535413102140072HC3.370900","상주시","1535413102140072B02.112","인턴","1635413103140072AAA[14STD04553]","인력현황[명]","명","0","0","0","0","0","0","0","0","0","0","0","0","0","2","2","3","1","0","0",
"1535413102140072HC3.370900","상주시","1535413102140072B02.113","레지던트","1635413103140072AAA[14STD04553]","인력현황[명]","명","0","0","0","0","0","0","0","0","0","0","0","0","0","0","0","0","0","0","0",
"1535413102140072HC3.370900","상주시","1535413102140072B02.114","전문의","1635413103140072AAA[14STD04553]","인력현황[명]","명","80","80","87","94","89","90","91","103","106","105","106","110","116","101","99","104","96","101","98",
"1535413102140072HC3.371000","경산시","1535413102140072B02.1","의사","1635413103140072AAA[14STD04553]","인력현황[명]","명","244","250","264","273","278","295","308","299","327","331","335","335","348","345","337","343","358","356","375",
"1535413102140072HC3.371000","경산시","1535413102140072B02.111","일반의","1635413103140072AAA[14STD04553]","인력현황[명]","명","21","18","17","27","24","26","23","22","21","20","19","19","21","24","23","28","25","19","33",
"1535413102140072HC3.371000","경산시","1535413102140072B02.112","인턴","1635413103140072AAA[14STD04553]","인력현황[명]","명","0","0","0","0","0","0","0","0","0","0","0","0","0","0","0","0","0","0","0",
"1535413102140072HC3.371000","경산시","1535413102140072B02.113","레지던트","1635413103140072AAA[14STD04553]","인력현황[명]","명","0","0","0","0","0","0","0","0","0","0","0","0","0","0","0","0","0","0","0",
"1535413102140072HC3.371000","경산시","1535413102140072B02.114","전문의","1635413103140072AAA[14STD04553]","인력현황[명]","명","223","232","247","246","254","269","285","277","306","311","316","316","327","321","314","315","333","337","342",
"1535413102140072HC3.38","경남","1535413102140072B02.1","의사","1635413103140072AAA[14STD04553]","인력현황[명]","명","3399","3629","3890","4153","4306","4351","4507","4683","4889","5116","5302","5421","5435","5535","5710","5727","5720","5562","5472",
"1535413102140072HC3.38","경남","1535413102140072B02.111","일반의","1635413103140072AAA[14STD04553]","인력현황[명]","명","434","466","488","533","518","449","395","406","404","425","419","439","415","451","461","419","380","382","645",
"1535413102140072HC3.38","경남","1535413102140072B02.112","인턴","1635413103140072AAA[14STD04553]","인력현황[명]","명","76","56","36","35","46","41","66","69","68","81","68","81","91","109","117","102","96","51","2",
"1535413102140072HC3.38","경남","1535413102140072B02.113","레지던트","1635413103140072AAA[14STD04553]","인력현황[명]","명","160","235","231","247","286","273","310","320","321","334","331","330","327","296","291","320","342","297","41",
"1535413102140072HC3.38","경남","1535413102140072B02.114","전문의","1635413103140072AAA[14STD04553]","인력현황[명]","명","2729","2872","3135","3338","3456","3588","3736","3888","4096","4276","4484","4571","4602","4679","4841","4886","4902","4832","4784",
"1535413102140072HC3.380002","거창군","1535413102140072B02.1","의사","1635413103140072AAA[14STD04553]","인력현황[명]","명","60","60","64","69","68","64","62","63","64","69","70","75","76","77","89","82","74","71","75",
"1535413102140072HC3.380002","거창군","1535413102140072B02.111","일반의","1635413103140072AAA[14STD04553]","인력현황[명]","명","18","16","15","15","14","11","10","10","10","9","9","12","15","22","20","14","8","10","14",
"1535413102140072HC3.380002","거창군","1535413102140072B02.112","인턴","1635413103140072AAA[14STD04553]","인력현황[명]","명","0","0","0","0","0","0","0","0","0","0","0","0","0","0","0","1","0","0","0",
"1535413102140072HC3.380002","거창군","1535413102140072B02.113","레지던트","1635413103140072AAA[14STD04553]","인력현황[명]","명","0","0","0","0","0","0","0","0","0","0","0","0","0","0","0","0","0","0","0",
"1535413102140072HC3.380002","거창군","1535413102140072B02.114","전문의","1635413103140072AAA[14STD04553]","인력현황[명]","명","42","44","49","54","54","53","52","53","54","60","61","63","61","55","69","67","66","61","61",
"1535413102140072HC3.380003","고성군","1535413102140072B02.1","의사","1635413103140072AAA[14STD04553]","인력현황[명]","명","53","53","59","55","60","57","59","63","64","63","66","64","61","62","64","57","51","52","57",
"1535413102140072HC3.380003","고성군","1535413102140072B02.111","일반의","1635413103140072AAA[14STD04553]","인력현황[명]","명","20","19","22","22","20","17","15","16","17","17","15","14","16","19","18","14","8","11","12",
"1535413102140072HC3.380003","고성군","1535413102140072B02.112","인턴","1635413103140072AAA[14STD04553]","인력현황[명]","명","0","0","0","0","0","0","0","0","0","0","0","0","0","0","0","0","0","0","0",
"1535413102140072HC3.380003","고성군","1535413102140072B02.113","레지던트","1635413103140072AAA[14STD04553]","인력현황[명]","명","0","0","0","0","0","0","0","0","0","0","0","0","0","0","1","1","0","0","0",
"1535413102140072HC3.380003","고성군","1535413102140072B02.114","전문의","1635413103140072AAA[14STD04553]","인력현황[명]","명","33","34","37","33","40","40","44","47","47","46","51","50","45","43","45","42","43","41","45",
"1535413102140072HC3.380005","남해군","1535413102140072B02.1","의사","1635413103140072AAA[14STD04553]","인력현황[명]","명","48","47","53","52","54","53","49","48","49","49","51","50","47","45","46","44","41","38","39",
"1535413102140072HC3.380005","남해군","1535413102140072B02.111","일반의","1635413103140072AAA[14STD04553]","인력현황[명]","명","22","20","19","20","21","18","15","16","13","14","16","17","15","16","16","13","11","10","12",
"1535413102140072HC3.380005","남해군","1535413102140072B02.112","인턴","1635413103140072AAA[14STD04553]","인력현황[명]","명","0","0","0","0","0","0","0","0","0","0","0","0","0","0","0","0","0","0","0",
"1535413102140072HC3.380005","남해군","1535413102140072B02.113","레지던트","1635413103140072AAA[14STD04553]","인력현황[명]","명","0","0","0","0","0","0","0","0","0","0","0","0","0","0","0","0","0","0","0",
"1535413102140072HC3.380005","남해군","1535413102140072B02.114","전문의","1635413103140072AAA[14STD04553]","인력현황[명]","명","26","27","34","32","33","35","34","32","36","35","35","33","32","29","30","31","30","28","27",
"1535413102140072HC3.380008","산청군","1535413102140072B02.1","의사","1635413103140072AAA[14STD04553]","인력현황[명]","명","27","31","32","31","31","30","31","28","29","31","32","32","32","33","33","34","28","28","30",
"1535413102140072HC3.380008","산청군","1535413102140072B02.111","일반의","1635413103140072AAA[14STD04553]","인력현황[명]","명","15","14","19","19","19","11","13","11","10","11","11","9","10","13","14","14","9","12","13",
"1535413102140072HC3.380008","산청군","1535413102140072B02.112","인턴","1635413103140072AAA[14STD04553]","인력현황[명]","명","0","0","0","0","0","0","0","0","0","0","0","0","0","0","1","0","0","0","0",
"1535413102140072HC3.380008","산청군","1535413102140072B02.113","레지던트","1635413103140072AAA[14STD04553]","인력현황[명]","명","0","0","0","0","0","0","0","0","0","0","0","0","0","0","0","0","0","0","0",
"1535413102140072HC3.380008","산청군","1535413102140072B02.114","전문의","1635413103140072AAA[14STD04553]","인력현황[명]","명","12","17","13","12","12","19","18","17","19","20","21","23","22","20","18","20","19","16","17",
"1535413102140072HC3.380011","의령군","1535413102140072B02.1","의사","1635413103140072AAA[14STD04553]","인력현황[명]","명","28","28","34","35","31","32","36","40","37","37","38","37","29","28","28","24","21","24","22",
"1535413102140072HC3.380011","의령군","1535413102140072B02.111","일반의","1635413103140072AAA[14STD04553]","인력현황[명]","명","16","18","18","17","17","13","11","9","13","14","13","13","8","10","10","7","7","8","6",
"1535413102140072HC3.380011","의령군","1535413102140072B02.112","인턴","1635413103140072AAA[14STD04553]","인력현황[명]","명","0","0","0","0","0","0","0","0","0","0","0","0","0","0","0","0","0","0","0",
"1535413102140072HC3.380011","의령군","1535413102140072B02.113","레지던트","1635413103140072AAA[14STD04553]","인력현황[명]","명","0","0","0","0","0","0","0","0","0","0","0","0","0","0","0","0","0","0","0",
"1535413102140072HC3.380011","의령군","1535413102140072B02.114","전문의","1635413103140072AAA[14STD04553]","인력현황[명]","명","12","10","16","18","14","19","25","31","24","23","25","24","21","18","18","17","14","16","16",
"1535413102140072HC3.380014","창녕군","1535413102140072B02.1","의사","1635413103140072AAA[14STD04553]","인력현황[명]","명","85","93","76","88","93","91","85","92","93","96","99","103","95","95","92","84","71","73","74",
"1535413102140072HC3.380014","창녕군","1535413102140072B02.111","일반의","1635413103140072AAA[14STD04553]","인력현황[명]","명","16","20","18","21","19","17","17","18","13","13","16","14","11","11","17","14","8","10","11",
"1535413102140072HC3.380014","창녕군","1535413102140072B02.112","인턴","1635413103140072AAA[14STD04553]","인력현황[명]","명","0","0","0","0","0","0","0","0","0","0","0","0","0","1","1","0","0","0","0",
"1535413102140072HC3.380014","창녕군","1535413102140072B02.113","레지던트","1635413103140072AAA[14STD04553]","인력현황[명]","명","7","9","10","10","11","12","10","9","7","6","4","3","5","5","6","5","3","3","5",
"1535413102140072HC3.380014","창녕군","1535413102140072B02.114","전문의","1635413103140072AAA[14STD04553]","인력현황[명]","명","62","64","48","57","63","62","58","65","73","77","79","86","79","78","68","65","60","60","58",
"1535413102140072HC3.380016","하동군","1535413102140072B02.1","의사","1635413103140072AAA[14STD04553]","인력현황[명]","명","42","45","50","51","46","53","49","48","48","47","50","51","40","46","49","42","37","36","38",
"1535413102140072HC3.380016","하동군","1535413102140072B02.111","일반의","1635413103140072AAA[14STD04553]","인력현황[명]","명","14","14","18","23","19","21","16","15","16","13","12","13","9","17","18","13","11","10","13",
"1535413102140072HC3.380016","하동군","1535413102140072B02.112","인턴","1635413103140072AAA[14STD04553]","인력현황[명]","명","0","0","0","0","0","0","0","0","0","0","0","0","0","0","0","0","0","0","0",
"1535413102140072HC3.380016","하동군","1535413102140072B02.113","레지던트","1635413103140072AAA[14STD04553]","인력현황[명]","명","0","0","0","0","0","0","0","0","0","0","0","0","0","0","0","0","0","0","0",
"1535413102140072HC3.380016","하동군","1535413102140072B02.114","전문의","1635413103140072AAA[14STD04553]","인력현황[명]","명","28","31","32","28","27","32","33","33","32","34","38","38","31","29","31","29","26","26","25",
"1535413102140072HC3.380017","함안군","1535413102140072B02.1","의사","1635413103140072AAA[14STD04553]","인력현황[명]","명","47","59","51","58","65","51","50","55","59","55","56","58","61","63","65","64","62","54","58",
"1535413102140072HC3.380017","함안군","1535413102140072B02.111","일반의","1635413103140072AAA[14STD04553]","인력현황[명]","명","12","16","15","15","14","7","8","13","13","12","13","13","15","14","15","14","12","9","10",
"1535413102140072HC3.380017","함안군","1535413102140072B02.112","인턴","1635413103140072AAA[14STD04553]","인력현황[명]","명","0","0","0","0","0","0","0","0","0","0","0","0","0","0","0","0","1","0","0",
"1535413102140072HC3.380017","함안군","1535413102140072B02.113","레지던트","1635413103140072AAA[14STD04553]","인력현황[명]","명","0","0","0","0","0","0","0","0","0","0","0","0","0","0","0","0","0","0","0",
"1535413102140072HC3.380017","함안군","1535413102140072B02.114","전문의","1635413103140072AAA[14STD04553]","인력현황[명]","명","35","43","36","43","51","44","42","42","46","43","43","45","46","49","50","50","49","45","48",
"1535413102140072HC3.380018","함양군","1535413102140072B02.1","의사","1635413103140072AAA[14STD04553]","인력현황[명]","명","39","40","43","43","42","43","42","44","41","42","42","42","44","44","47","44","36","40","42",
"1535413102140072HC3.380018","함양군","1535413102140072B02.111","일반의","1635413103140072AAA[14STD04553]","인력현황[명]","명","16","19","21","21","19","16","15","14","12","12","13","17","18","16","18","14","9","11","11",
"1535413102140072HC3.380018","함양군","1535413102140072B02.112","인턴","1635413103140072AAA[14STD04553]","인력현황[명]","명","0","0","0","0","0","1","0","0","0","0","0","0","0","0","0","0","0","1","0",
"1535413102140072HC3.380018","함양군","1535413102140072B02.113","레지던트","1635413103140072AAA[14STD04553]","인력현황[명]","명","0","0","0","0","0","0","0","0","0","0","0","0","0","0","0","0","0","0","0",
"1535413102140072HC3.380018","함양군","1535413102140072B02.114","전문의","1635413103140072AAA[14STD04553]","인력현황[명]","명","23","21","22","22","23","26","27","30","29","30","29","25","26","28","29","30","27","28","31",
"1535413102140072HC3.380019","합천군","1535413102140072B02.1","의사","1635413103140072AAA[14STD04553]","인력현황[명]","명","49","54","57","59","53","53","56","54","55","57","60","56","50","48","55","56","46","46","47",
"1535413102140072HC3.380019","합천군","1535413102140072B02.111","일반의","1635413103140072AAA[14STD04553]","인력현황[명]","명","21","22","23","27","20","18","17","16","15","11","12","18","15","14","18","16","13","12","14",
"1535413102140072HC3.380019","합천군","1535413102140072B02.112","인턴","1635413103140072AAA[14STD04553]","인력현황[명]","명","0","0","0","0","0","0","0","0","0","0","0","0","0","0","1","0","0","0","0",
"1535413102140072HC3.380019","합천군","1535413102140072B02.113","레지던트","1635413103140072AAA[14STD04553]","인력현황[명]","명","0","0","0","0","0","0","0","0","0","0","0","0","0","0","0","0","0","0","0",
"1535413102140072HC3.380019","합천군","1535413102140072B02.114","전문의","1635413103140072AAA[14STD04553]","인력현황[명]","명","28","32","34","32","33","35","39","38","40","46","48","38","35","34","36","40","33","34","33",
"1535413102140072HC3.380100","김해시","1535413102140072B02.1","의사","1635413103140072AAA[14STD04553]","인력현황[명]","명","404","426","454","502","488","522","529","555","585","592","626","666","658","685","699","713","718","687","719",
"1535413102140072HC3.380100","김해시","1535413102140072B02.111","일반의","1635413103140072AAA[14STD04553]","인력현황[명]","명","25","35","37","40","48","47","39","45","43","47","43","44","35","34","40","38","41","41","74",
"1535413102140072HC3.380100","김해시","1535413102140072B02.112","인턴","1635413103140072AAA[14STD04553]","인력현황[명]","명","0","0","0","0","0","0","0","0","0","0","0","3","1","0","1","0","0","0","0",
"1535413102140072HC3.380100","김해시","1535413102140072B02.113","레지던트","1635413103140072AAA[14STD04553]","인력현황[명]","명","0","1","0","0","0","0","0","0","0","0","0","0","0","0","0","0","0","0","0",
"1535413102140072HC3.380100","김해시","1535413102140072B02.114","전문의","1635413103140072AAA[14STD04553]","인력현황[명]","명","379","390","417","462","440","475","490","510","542","545","583","619","622","651","658","675","677","646","645",
"1535413102140072HC3.380200","마산시","1535413102140072B02.1","의사","1635413103140072AAA[14STD04553]","인력현황[명]","명","603","683","690","693","700","719","","","","","","","","","","","","","",
"1535413102140072HC3.380200","마산시","1535413102140072B02.111","일반의","1635413103140072AAA[14STD04553]","인력현황[명]","명","39","42","47","54","50","47","","","","","","","","","","","","","",
"1535413102140072HC3.380200","마산시","1535413102140072B02.112","인턴","1635413103140072AAA[14STD04553]","인력현황[명]","명","40","23","19","2","0","0","","","","","","","","","","","","","",
"1535413102140072HC3.380200","마산시","1535413102140072B02.113","레지던트","1635413103140072AAA[14STD04553]","인력현황[명]","명","5","70","64","62","55","58","","","","","","","","","","","","","",
"1535413102140072HC3.380200","마산시","1535413102140072B02.114","전문의","1635413103140072AAA[14STD04553]","인력현황[명]","명","519","548","560","575","595","614","","","","","","","","","","","","","",
"1535413102140072HC3.380300","사천시","1535413102140072B02.1","의사","1635413103140072AAA[14STD04553]","인력현황[명]","명","110","116","126","137","137","124","124","125","128","137","138","141","136","139","144","146","141","142","151",
"1535413102140072HC3.380300","사천시","1535413102140072B02.111","일반의","1635413103140072AAA[14STD04553]","인력현황[명]","명","17","22","23","26","22","20","16","14","16","21","24","24","20","19","19","18","15","15","26",
"1535413102140072HC3.380300","사천시","1535413102140072B02.112","인턴","1635413103140072AAA[14STD04553]","인력현황[명]","명","0","0","0","0","0","0","0","0","0","0","0","0","0","0","0","0","1","0","0",
"1535413102140072HC3.380300","사천시","1535413102140072B02.113","레지던트","1635413103140072AAA[14STD04553]","인력현황[명]","명","0","0","0","0","0","0","0","0","0","0","0","0","0","0","0","0","0","0","0",
"1535413102140072HC3.380300","사천시","1535413102140072B02.114","전문의","1635413103140072AAA[14STD04553]","인력현황[명]","명","93","94","103","111","115","104","108","111","112","116","114","117","116","120","125","128","125","127","125",
"1535413102140072HC3.380500","진주시","1535413102140072B02.1","의사","1635413103140072AAA[14STD04553]","인력현황[명]","명","641","685","661","721","739","741","766","776","817","806","815","856","876","875","900","887","916","877","824",
"1535413102140072HC3.380500","진주시","1535413102140072B02.111","일반의","1635413103140072AAA[14STD04553]","인력현황[명]","명","51","57","46","50","58","38","32","36","36","47","36","38","42","46","38","31","29","31","83",
"1535413102140072HC3.380500","진주시","1535413102140072B02.112","인턴","1635413103140072AAA[14STD04553]","인력현황[명]","명","36","33","6","33","21","30","30","29","36","35","19","28","33","30","30","34","31","0","1",
"1535413102140072HC3.380500","진주시","1535413102140072B02.113","레지던트","1635413103140072AAA[14STD04553]","인력현황[명]","명","141","147","144","144","144","133","142","131","126","128","123","117","115","98","103","107","112","111","13",
"1535413102140072HC3.380500","진주시","1535413102140072B02.114","전문의","1635413103140072AAA[14STD04553]","인력현황[명]","명","413","448","465","494","516","540","562","580","619","596","637","673","686","701","729","715","744","735","727",
"1535413102140072HC3.380600","진해시","1535413102140072B02.1","의사","1635413103140072AAA[14STD04553]","인력현황[명]","명","151","148","166","163","168","175","","","","","","","","","","","","","",
"1535413102140072HC3.380600","진해시","1535413102140072B02.111","일반의","1635413103140072AAA[14STD04553]","인력현황[명]","명","10","10","15","14","16","19","","","","","","","","","","","","","",
"1535413102140072HC3.380600","진해시","1535413102140072B02.112","인턴","1635413103140072AAA[14STD04553]","인력현황[명]","명","0","0","0","0","0","0","","","","","","","","","","","","","",
"1535413102140072HC3.380600","진해시","1535413102140072B02.113","레지던트","1635413103140072AAA[14STD04553]","인력현황[명]","명","0","0","0","0","0","0","","","","","","","","","","","","","",
"1535413102140072HC3.380600","진해시","1535413102140072B02.114","전문의","1635413103140072AAA[14STD04553]","인력현황[명]","명","141","138","151","149","152","156","","","","","","","","","","","","","",
"1535413102140072HC3.380700","창원시","1535413102140072B02.1","의사","1635413103140072AAA[14STD04553]","인력현황[명]","명","431","460","506","533","565","582","","","","","","","","","","","","","",
"1535413102140072HC3.380700","창원시","1535413102140072B02.111","일반의","1635413103140072AAA[14STD04553]","인력현황[명]","명","30","37","33","33","36","29","","","","","","","","","","","","","",
"1535413102140072HC3.380700","창원시","1535413102140072B02.112","인턴","1635413103140072AAA[14STD04553]","인력현황[명]","명","0","0","11","0","10","10","","","","","","","","","","","","","",
"1535413102140072HC3.380700","창원시","1535413102140072B02.113","레지던트","1635413103140072AAA[14STD04553]","인력현황[명]","명","0","0","0","0","0","0","","","","","","","","","","","","","",
"1535413102140072HC3.380700","창원시","1535413102140072B02.114","전문의","1635413103140072AAA[14STD04553]","인력현황[명]","명","401","423","462","500","519","543","","","","","","","","","","","","","",
"1535413102140072HC3.380701","창원시 마산회원구","1535413102140072B02.1","의사","1635413103140072AAA[14STD04553]","인력현황[명]","명","","","","","","","452","477","490","519","544","565","576","589","583","589","585","559","510",
"1535413102140072HC3.380701","창원시 마산회원구","1535413102140072B02.111","일반의","1635413103140072AAA[14STD04553]","인력현황[명]","명","","","","","","","18","23","24","26","30","31","28","25","22","21","23","19","37",
"1535413102140072HC3.380701","창원시 마산회원구","1535413102140072B02.112","인턴","1635413103140072AAA[14STD04553]","인력현황[명]","명","","","","","","","0","6","1","12","15","17","14","36","32","17","18","16","0",
"1535413102140072HC3.380701","창원시 마산회원구","1535413102140072B02.113","레지던트","1635413103140072AAA[14STD04553]","인력현황[명]","명","","","","","","","58","60","62","69","73","76","75","65","57","69","70","48","6",
"1535413102140072HC3.380701","창원시 마산회원구","1535413102140072B02.114","전문의","1635413103140072AAA[14STD04553]","인력현황[명]","명","","","","","","","376","388","403","412","426","441","459","463","472","482","474","476","467",
"1535413102140072HC3.380702","창원시 마산합포구","1535413102140072B02.1","의사","1635413103140072AAA[14STD04553]","인력현황[명]","명","","","","","","","284","293","307","288","306","295","292","308","306","305","299","296","307",
"1535413102140072HC3.380702","창원시 마산합포구","1535413102140072B02.111","일반의","1635413103140072AAA[14STD04553]","인력현황[명]","명","","","","","","","19","18","24","21","21","18","19","26","24","24","28","26","41",
"1535413102140072HC3.380702","창원시 마산합포구","1535413102140072B02.112","인턴","1635413103140072AAA[14STD04553]","인력현황[명]","명","","","","","","","0","0","0","0","0","0","0","0","0","0","0","0","0",
"1535413102140072HC3.380702","창원시 마산합포구","1535413102140072B02.113","레지던트","1635413103140072AAA[14STD04553]","인력현황[명]","명","","","","","","","0","0","0","0","0","0","0","0","0","0","0","0","0",
"1535413102140072HC3.380702","창원시 마산합포구","1535413102140072B02.114","전문의","1635413103140072AAA[14STD04553]","인력현황[명]","명","","","","","","","265","275","283","267","285","277","273","282","282","281","271","270","266",
"1535413102140072HC3.380703","창원시 진해구","1535413102140072B02.1","의사","1635413103140072AAA[14STD04553]","인력현황[명]","명","","","","","","","173","174","178","184","191","188","190","193","204","199","208","192","198",
"1535413102140072HC3.380703","창원시 진해구","1535413102140072B02.111","일반의","1635413103140072AAA[14STD04553]","인력현황[명]","명","","","","","","","15","9","8","10","11","11","8","7","9","11","10","11","26",
"1535413102140072HC3.380703","창원시 진해구","1535413102140072B02.112","인턴","1635413103140072AAA[14STD04553]","인력현황[명]","명","","","","","","","0","0","0","0","0","0","0","0","0","0","0","0","0",
"1535413102140072HC3.380703","창원시 진해구","1535413102140072B02.113","레지던트","1635413103140072AAA[14STD04553]","인력현황[명]","명","","","","","","","0","0","0","0","0","0","0","0","0","0","0","0","0",
"1535413102140072HC3.380703","창원시 진해구","1535413102140072B02.114","전문의","1635413103140072AAA[14STD04553]","인력현황[명]","명","","","","","","","158","165","170","174","180","177","182","186","195","188","198","181","172",
"1535413102140072HC3.380704","창원시 의창구","1535413102140072B02.1","의사","1635413103140072AAA[14STD04553]","인력현황[명]","명","","","","","","","316","351","349","369","372","374","367","377","456","440","460","458","497",
"1535413102140072HC3.380704","창원시 의창구","1535413102140072B02.111","일반의","1635413103140072AAA[14STD04553]","인력현황[명]","명","","","","","","","21","22","22","20","16","16","18","21","21","12","11","14","36",
"1535413102140072HC3.380704","창원시 의창구","1535413102140072B02.112","인턴","1635413103140072AAA[14STD04553]","인력현황[명]","명","","","","","","","10","10","7","10","10","9","9","9","0","0","0","0","0",
"1535413102140072HC3.380704","창원시 의창구","1535413102140072B02.113","레지던트","1635413103140072AAA[14STD04553]","인력현황[명]","명","","","","","","","0","12","12","12","10","8","5","1","1","0","0","0","0",
"1535413102140072HC3.380704","창원시 의창구","1535413102140072B02.114","전문의","1635413103140072AAA[14STD04553]","인력현황[명]","명","","","","","","","285","307","308","327","336","341","335","346","434","428","449","444","461",
"1535413102140072HC3.380705","창원시 성산구","1535413102140072B02.1","의사","1635413103140072AAA[14STD04553]","인력현황[명]","명","","","","","","","278","293","292","408","420","437","460","470","466","512","527","537","526",
"1535413102140072HC3.380705","창원시 성산구","1535413102140072B02.111","일반의","1635413103140072AAA[14STD04553]","인력현황[명]","명","","","","","","","10","16","16","20","19","22","22","20","27","31","36","38","67",
"1535413102140072HC3.380705","창원시 성산구","1535413102140072B02.112","인턴","1635413103140072AAA[14STD04553]","인력현황[명]","명","","","","","","","0","0","0","0","0","0","3","4","4","6","7","0","1",
"1535413102140072HC3.380705","창원시 성산구","1535413102140072B02.113","레지던트","1635413103140072AAA[14STD04553]","인력현황[명]","명","","","","","","","0","0","0","0","0","0","5","12","19","25","30","38","8",
"1535413102140072HC3.380705","창원시 성산구","1535413102140072B02.114","전문의","1635413103140072AAA[14STD04553]","인력현황[명]","명","","","","","","","268","277","276","388","401","415","430","434","416","450","454","461","450",
"1535413102140072HC3.380800","통영시","1535413102140072B02.1","의사","1635413103140072AAA[14STD04553]","인력현황[명]","명","94","101","123","132","155","156","164","170","183","180","186","178","146","165","167","163","158","155","158",
"1535413102140072HC3.380800","통영시","1535413102140072B02.111","일반의","1635413103140072AAA[14STD04553]","인력현황[명]","명","10","11","17","14","14","16","16","17","15","15","19","23","19","24","22","23","17","15","21",
"1535413102140072HC3.380800","통영시","1535413102140072B02.112","인턴","1635413103140072AAA[14STD04553]","인력현황[명]","명","0","0","0","0","0","0","0","0","0","0","0","0","2","0","2","0","0","0","0",
"1535413102140072HC3.380800","통영시","1535413102140072B02.113","레지던트","1635413103140072AAA[14STD04553]","인력현황[명]","명","0","0","0","0","0","0","0","0","0","0","0","0","0","0","0","0","0","0","0",
"1535413102140072HC3.380800","통영시","1535413102140072B02.114","전문의","1635413103140072AAA[14STD04553]","인력현황[명]","명","84","90","106","118","141","140","148","153","168","165","167","155","125","141","143","140","141","140","137",
"1535413102140072HC3.380900","밀양시","1535413102140072B02.1","의사","1635413103140072AAA[14STD04553]","인력현황[명]","명","112","108","133","133","120","115","120","128","121","114","122","126","126","116","119","122","124","118","116",
"1535413102140072HC3.380900","밀양시","1535413102140072B02.111","일반의","1635413103140072AAA[14STD04553]","인력현황[명]","명","27","21","27","32","27","17","14","13","11","10","12","15","16","17","15","14","13","10","15",
"1535413102140072HC3.380900","밀양시","1535413102140072B02.112","인턴","1635413103140072AAA[14STD04553]","인력현황[명]","명","0","0","0","0","0","0","0","0","0","0","0","0","0","1","1","0","0","0","0",
"1535413102140072HC3.380900","밀양시","1535413102140072B02.113","레지던트","1635413103140072AAA[14STD04553]","인력현황[명]","명","0","0","0","0","0","0","0","0","0","0","0","0","0","0","0","0","0","0","0",
"1535413102140072HC3.380900","밀양시","1535413102140072B02.114","전문의","1635413103140072AAA[14STD04553]","인력현황[명]","명","85","87","106","101","93","98","106","115","110","104","110","111","110","98","103","108","111","108","101",
"1535413102140072HC3.381000","거제시","1535413102140072B02.1","의사","1635413103140072AAA[14STD04553]","인력현황[명]","명","168","180","190","199","203","211","214","236","239","253","256","238","242","241","230","239","230","244","249",
"1535413102140072HC3.381000","거제시","1535413102140072B02.111","일반의","1635413103140072AAA[14STD04553]","인력현황[명]","명","29","28","25","31","32","31","27","27","27","31","33","25","24","27","28","26","23","23","40",
"1535413102140072HC3.381000","거제시","1535413102140072B02.112","인턴","1635413103140072AAA[14STD04553]","인력현황[명]","명","0","0","0","0","0","0","0","0","0","0","1","0","0","0","0","0","0","0","0",
"1535413102140072HC3.381000","거제시","1535413102140072B02.113","레지던트","1635413103140072AAA[14STD04553]","인력현황[명]","명","0","0","0","0","0","0","0","0","0","0","0","0","0","0","0","0","0","0","0",
"1535413102140072HC3.381000","거제시","1535413102140072B02.114","전문의","1635413103140072AAA[14STD04553]","인력현황[명]","명","139","152","165","168","171","180","187","209","212","222","222","213","218","214","202","213","207","221","209",
"1535413102140072HC3.381100","양산시","1535413102140072B02.1","의사","1635413103140072AAA[14STD04553]","인력현황[명]","명","207","212","322","399","488","479","568","570","661","720","762","789","831","836","868","881","887","835","735",
"1535413102140072HC3.381100","양산시","1535413102140072B02.111","일반의","1635413103140072AAA[14STD04553]","인력현황[명]","명","26","25","30","39","33","36","31","28","30","31","25","32","32","33","32","37","38","36","63",
"1535413102140072HC3.381100","양산시","1535413102140072B02.112","인턴","1635413103140072AAA[14STD04553]","인력현황[명]","명","0","0","0","0","15","0","26","24","24","24","23","24","29","28","44","44","38","34","0",
"1535413102140072HC3.381100","양산시","1535413102140072B02.113","레지던트","1635413103140072AAA[14STD04553]","인력현황[명]","명","7","8","13","31","76","70","100","108","114","119","121","126","122","115","104","113","127","97","9",
"1535413102140072HC3.381100","양산시","1535413102140072B02.114","전문의","1635413103140072AAA[14STD04553]","인력현황[명]","명","174","179","279","329","364","373","411","410","493","546","593","607","648","660","688","687","684","668","663",
"1535413102140072HC3.39","제주","1535413102140072B02.1","의사","1635413103140072AAA[14STD04553]","인력현황[명]","명","621","678","713","747","820","834","904","948","984","1031","1075","1139","1144","1174","1192","1183","1212","1224","1253",
"1535413102140072HC3.39","제주","1535413102140072B02.111","일반의","1635413103140072AAA[14STD04553]","인력현황[명]","명","67","64","83","74","80","78","71","68","69","72","62","79","73","80","71","78","75","72","130",
"1535413102140072HC3.39","제주","1535413102140072B02.112","인턴","1635413103140072AAA[14STD04553]","인력현황[명]","명","0","10","1","8","17","23","20","37","23","14","26","35","20","23","36","12","34","1","1",
"1535413102140072HC3.39","제주","1535413102140072B02.113","레지던트","1635413103140072AAA[14STD04553]","인력현황[명]","명","0","16","31","34","58","53","40","39","56","69","57","48","71","64","58","61","60","76","28",
"1535413102140072HC3.39","제주","1535413102140072B02.114","전문의","1635413103140072AAA[14STD04553]","인력현황[명]","명","554","588","598","631","665","680","773","804","836","876","930","977","980","1007","1027","1032","1043","1075","1094",
"1535413102140072HC3.390100","서귀포시","1535413102140072B02.1","의사","1635413103140072AAA[14STD04553]","인력현황[명]","명","112","119","120","124","129","127","133","142","148","165","163","174","174","182","189","187","194","203","216",
"1535413102140072HC3.390100","서귀포시","1535413102140072B02.111","일반의","1635413103140072AAA[14STD04553]","인력현황[명]","명","20","19","29","25","28","29","28","26","23","24","19","24","23","22","22","22","22","21","23",
"1535413102140072HC3.390100","서귀포시","1535413102140072B02.112","인턴","1635413103140072AAA[14STD04553]","인력현황[명]","명","0","0","0","0","0","0","0","0","0","0","0","0","0","0","0","1","1","1","0",
"1535413102140072HC3.390100","서귀포시","1535413102140072B02.113","레지던트","1635413103140072AAA[14STD04553]","인력현황[명]","명","0","0","0","0","0","0","0","0","0","0","0","0","0","0","0","0","0","0","0",
"1535413102140072HC3.390100","서귀포시","1535413102140072B02.114","전문의","1635413103140072AAA[14STD04553]","인력현황[명]","명","92","100","91","99","101","98","105","116","125","141","144","150","151","160","167","164","171","181","193",
"1535413102140072HC3.390200","제주시","1535413102140072B02.1","의사","1635413103140072AAA[14STD04553]","인력현황[명]","명","509","559","593","623","691","707","771","806","836","866","912","965","970","992","1003","996","1018","1021","1037",
"1535413102140072HC3.390200","제주시","1535413102140072B02.111","일반의","1635413103140072AAA[14STD04553]","인력현황[명]","명","47","45","54","49","52","49","43","42","46","48","43","55","50","58","49","56","53","51","107",
"1535413102140072HC3.390200","제주시","1535413102140072B02.112","인턴","1635413103140072AAA[14STD04553]","인력현황[명]","명","0","10","1","8","17","23","20","37","23","14","26","35","20","23","36","11","33","0","1",
"1535413102140072HC3.390200","제주시","1535413102140072B02.113","레지던트","1635413103140072AAA[14STD04553]","인력현황[명]","명","0","16","31","34","58","53","40","39","56","69","57","48","71","64","58","61","60","76","28",
"1535413102140072HC3.390200","제주시","1535413102140072B02.114","전문의","1635413103140072AAA[14STD04553]","인력현황[명]","명","462","488","507","532","564","582","668","688","711","735","786","827","829","847","860","868","872","894","901",
