region_sido,region_sigungu,year,selected_station,selected_terminal,ktx_travel_time_min,ktx_travel_time_median,ktx_travel_time_mean,car_to_station_time,wait_penalty,train_travel_time_min,train_travel_time_median,train_travel_time_mean,interval_minutes,n_trains,distance_to_station_km,car_travel_time,travel_time
강원,강릉시,2007,,,,,,,,,,,,,,177.8,177.8
강원,강릉시,2008,,,,,,,,,,,,,,177.8,177.8
강원,강릉시,2009,,,,,,,,,,,,,,177.8,177.8
강원,강릉시,2010,,,,,,,,,,,,,,177.8,177.8
강원,강릉시,2011,,,,,,,,,,,,,,177.8,177.8
강원,강릉시,2012,,,,,,,,,,,,,,177.8,177.8
강원,강릉시,2013,,,,,,,,,,,,,,177.8,177.8
강원,강릉시,2014,,,,,,,,,,,,,,177.8,177.8
강원,강릉시,2015,,,,,,,,,,,,,,177.8,177.8
강원,강릉시,2016,,,,,,,,,,,,,,177.8,177.8
강원,강릉시,2017,,,,,,,,,,,,,,177.8,177.8
강원,강릉시,2018,강릉역,서울역,156.5,162.5,162.44444444444446,13.5,30.0,113,119.0,118.94444444444444,60.0,18,8.379574029951876,177.8,162.5
강원,강릉시,2019,강릉역,서울역,156.5,162.5,162.44444444444446,13.5,30.0,113,119.0,118.94444444444444,60.0,18,8.379574029951876,177.8,162.5
강원,강릉시,2020,강릉역,서울역,156.5,163.0,163.21428571428572,13.5,30.0,113,119.5,119.71428571428571,78.46153846153847,14,8.379574029951876,177.8,163.0
강원,강릉시,2021,강릉역,서울역,154.5,162.5,163.78571428571428,13.5,30.0,111,119.0,120.28571428571429,78.84615384615384,14,8.379574029951876,177.8,162.5
강원,강릉시,2022,강릉역,서울역,154.5,162.5,163.78571428571428,13.5,30.0,111,119.0,120.28571428571429,78.84615384615384,14,8.379574029951876,177.8,162.5
강원,강릉시,2023,강릉역,서울역,154.5,165.5,165.64285714285714,13.5,30.0,111,122.0,122.14285714285714,79.07692307692308,14,8.379574029951876,177.8,165.5
강원,강릉시,2024,강릉역,서울역,154.5,165.5,165.85714285714286,13.5,30.0,111,122.0,122.35714285714286,79.07692307692308,14,8.379574029951876,177.8,165.5
강원,강릉시,2025,강릉역,서울역,159.5,166.0,167.5,13.5,30.0,116,122.5,124.0,79.0,14,8.379574029951876,177.8,166.0
강원,고성군,2007,,,,,,,,,,,,,,185.6,185.6
강원,고성군,2008,,,,,,,,,,,,,,185.6,185.6
강원,고성군,2009,,,,,,,,,,,,,,185.6,185.6
강원,고성군,2010,,,,,,,,,,,,,,185.6,185.6
강원,고성군,2011,,,,,,,,,,,,,,185.6,185.6
강원,고성군,2012,,,,,,,,,,,,,,185.6,185.6
강원,고성군,2013,,,,,,,,,,,,,,185.6,185.6
강원,고성군,2014,,,,,,,,,,,,,,185.6,185.6
강원,고성군,2015,,,,,,,,,,,,,,185.6,185.6
강원,고성군,2016,,,,,,,,,,,,,,185.6,185.6
강원,고성군,2017,,,,,,,,,,,,,,185.6,185.6
강원,고성군,2018,,,,,,,,,,,,,,185.6,185.6
강원,고성군,2019,,,,,,,,,,,,,,185.6,185.6
강원,고성군,2020,,,,,,,,,,,,,,185.6,185.6
강원,고성군,2021,,,,,,,,,,,,,,185.6,185.6
강원,고성군,2022,,,,,,,,,,,,,,185.6,185.6
강원,고성군,2023,,,,,,,,,,,,,,185.6,185.6
강원,고성군,2024,,,,,,,,,,,,,,185.6,185.6
강원,고성군,2025,,,,,,,,,,,,,,185.6,185.6
강원,동해시,2007,,,,,,,,,,,,,,212.7,212.7
강원,동해시,2008,,,,,,,,,,,,,,212.7,212.7
강원,동해시,2009,,,,,,,,,,,,,,212.7,212.7
강원,동해시,2010,,,,,,,,,,,,,,212.7,212.7
강원,동해시,2011,,,,,,,,,,,,,,212.7,212.7
강원,동해시,2012,,,,,,,,,,,,,,212.7,212.7
강원,동해시,2013,,,,,,,,,,,,,,212.7,212.7
강원,동해시,2014,,,,,,,,,,,,,,212.7,212.7
강원,동해시,2015,,,,,,,,,,,,,,212.7,212.7
강원,동해시,2016,,,,,,,,,,,,,,212.7,212.7
강원,동해시,2017,,,,,,,,,,,,,,212.7,212.7
강원,동해시,2018,,,,,,,,,,,,,,212.7,212.7
강원,동해시,2019,,,,,,,,,,,,,,212.7,212.7
강원,동해시,2020,묵호역,서울역,195.3,198.3,198.55,16.3,30.0,149,152.0,152.25,228.33333333333334,4,6.313942488399796,212.7,198.3
강원,동해시,2021,묵호역,서울역,195.3,198.3,198.55,16.3,30.0,149,152.0,152.25,228.33333333333334,4,6.313942488399796,212.7,198.3
강원,동해시,2022,묵호역,서울역,195.3,198.3,198.55,16.3,30.0,149,152.0,152.25,228.33333333333334,4,6.313942488399796,212.7,198.3
강원,동해시,2023,묵호역,서울역,195.3,197.8,198.3,16.3,30.0,149,151.5,152.0,228.33333333333334,4,6.313942488399796,212.7,197.8
강원,동해시,2024,묵호역,서울역,195.3,197.8,198.3,16.3,30.0,149,151.5,152.0,228.33333333333334,4,6.313942488399796,212.7,197.8
강원,동해시,2025,묵호역,서울역,195.3,201.8,201.3,16.3,30.0,149,155.5,155.0,289.3333333333333,4,6.313942488399796,212.7,201.8
강원,삼척시,2007,,,,,,,,,,,,,,244.7,244.7
강원,삼척시,2008,,,,,,,,,,,,,,244.7,244.7
강원,삼척시,2009,,,,,,,,,,,,,,244.7,244.7
강원,삼척시,2010,,,,,,,,,,,,,,244.7,244.7
강원,삼척시,2011,,,,,,,,,,,,,,244.7,244.7
강원,삼척시,2012,,,,,,,,,,,,,,244.7,244.7
강원,삼척시,2013,,,,,,,,,,,,,,244.7,244.7
강원,삼척시,2014,,,,,,,,,,,,,,244.7,244.7
강원,삼척시,2015,,,,,,,,,,,,,,244.7,244.7
강원,삼척시,2016,,,,,,,,,,,,,,244.7,244.7
강원,삼척시,2017,,,,,,,,,,,,,,244.7,244.7
강원,삼척시,2018,청량리역,서울역,107.0,108.0,108.0,58.0,30.0,19,20.0,20.0,81.47058823529412,18,19.775122005720522,244.7,108.0
강원,삼척시,2019,청량리역,서울역,107.0,108.0,108.0,58.0,30.0,19,20.0,20.0,81.47058823529412,18,19.775122005720522,244.7,108.0
강원,삼척시,2020,청량리역,서울역,107.0,108.0,108.0,58.0,30.0,19,20.0,20.0,84.0,18,19.775122005720522,244.7,108.0
강원,삼척시,2021,청량리역,서울역,107.0,108.0,107.88888888888889,58.0,30.0,19,20.0,19.88888888888889,84.0,18,19.775122005720522,244.7,108.0
강원,삼척시,2022,청량리역,서울역,107.0,108.0,107.88888888888889,58.0,30.0,19,20.0,19.88888888888889,84.0,18,19.775122005720522,244.7,108.0
강원,삼척시,2023,청량리역,서울역,107.0,108.0,108.18181818181819,58.0,30.0,19,20.0,20.181818181818183,68.0,22,19.775122005720522,244.7,108.0
강원,삼척시,2024,청량리역,서울역,107.0,108.0,107.9090909090909,58.0,30.0,19,20.0,19.90909090909091,67.95238095238095,22,19.775122005720522,244.7,108.0
강원,삼척시,2025,청량리역,서울역,108.0,108.0,108.21739130434783,58.0,30.0,20,20.0,20.217391304347824,64.86363636363636,23,19.775122005720522,244.7,108.0
강원,속초시,2007,,,,,,,,,,,,,,158.3,158.3
강원,속초시,2008,,,,,,,,,,,,,,158.3,158.3
강원,속초시,2009,,,,,,,,,,,,,,158.3,158.3
강원,속초시,2010,,,,,,,,,,,,,,158.3,158.3
강원,속초시,2011,,,,,,,,,,,,,,158.3,158.3
강원,속초시,2012,,,,,,,,,,,,,,158.3,158.3
강원,속초시,2013,,,,,,,,,,,,,,158.3,158.3
강원,속초시,2014,,,,,,,,,,,,,,158.3,158.3
강원,속초시,2015,,,,,,,,,,,,,,158.3,158.3
강원,속초시,2016,,,,,,,,,,,,,,158.3,158.3
강원,속초시,2017,,,,,,,,,,,,,,158.3,158.3
강원,속초시,2018,,,,,,,,,,,,,,158.3,158.3
강원,속초시,2019,,,,,,,,,,,,,,158.3,158.3
강원,속초시,2020,,,,,,,,,,,,,,158.3,158.3
강원,속초시,2021,,,,,,,,,,,,,,158.3,158.3
강원,속초시,2022,,,,,,,,,,,,,,158.3,158.3
강원,속초시,2023,,,,,,,,,,,,,,158.3,158.3
강원,속초시,2024,,,,,,,,,,,,,,158.3,158.3
강원,속초시,2025,,,,,,,,,,,,,,158.3,158.3
강원,양구군,2007,,,,,,,,,,,,,,137.4,137.4
강원,양구군,2008,,,,,,,,,,,,,,137.4,137.4
강원,양구군,2009,,,,,,,,,,,,,,137.4,137.4
강원,양구군,2010,,,,,,,,,,,,,,137.4,137.4
강원,양구군,2011,,,,,,,,,,,,,,137.4,137.4
강원,양구군,2012,,,,,,,,,,,,,,137.4,137.4
강원,양구군,2013,,,,,,,,,,,,,,137.4,137.4
강원,양구군,2014,,,,,,,,,,,,,,137.4,137.4
강원,양구군,2015,,,,,,,,,,,,,,137.4,137.4
강원,양구군,2016,,,,,,,,,,,,,,137.4,137.4
강원,양구군,2017,,,,,,,,,,,,,,137.4,137.4
강원,양구군,2018,,,,,,,,,,,,,,137.4,137.4
강원,양구군,2019,,,,,,,,,,,,,,137.4,137.4
강원,양구군,2020,,,,,,,,,,,,,,137.4,137.4
강원,양구군,2021,,,,,,,,,,,,,,137.4,137.4
강원,양구군,2022,,,,,,,,,,,,,,137.4,137.4
강원,양구군,2023,,,,,,,,,,,,,,137.4,137.4
강원,양구군,2024,,,,,,,,,,,,,,137.4,137.4
강원,양구군,2025,,,,,,,,,,,,,,137.4,137.4
강원,양양군,2007,,,,,,,,,,,,,,284.4,284.4
강원,양양군,2008,,,,,,,,,,,,,,284.4,284.4
강원,양양군,2009,,,,,,,,,,,,,,284.4,284.4
강원,양양군,2010,,,,,,,,,,,,,,284.4,284.4
강원,양양군,2011,,,,,,,,,,,,,,284.4,284.4
강원,양양군,2012,,,,,,,,,,,,,,284.4,284.4
강원,양양군,2013,,,,,,,,,,,,,,284.4,284.4
강원,양양군,2014,,,,,,,,,,,,,,284.4,284.4
강원,양양군,2015,,,,,,,,,,,,,,284.4,284.4
강원,양양군,2016,,,,,,,,,,,,,,284.4,284.4
강원,양양군,2017,,,,,,,,,,,,,,284.4,284.4
강원,양양군,2018,,,,,,,,,,,,,,284.4,284.4
강원,양양군,2019,,,,,,,,,,,,,,284.4,284.4
강원,양양군,2020,,,,,,,,,,,,,,284.4,284.4
강원,양양군,2021,,,,,,,,,,,,,,284.4,284.4
강원,양양군,2022,,,,,,,,,,,,,,284.4,284.4
강원,양양군,2023,,,,,,,,,,,,,,284.4,284.4
강원,양양군,2024,,,,,,,,,,,,,,284.4,284.4
강원,양양군,2025,,,,,,,,,,,,,,284.4,284.4
강원,영월군,2007,,,,,,,,,,,,,,154.1,154.1
강원,영월군,2008,,,,,,,,,,,,,,154.1,154.1
강원,영월군,2009,,,,,,,,,,,,,,154.1,154.1
강원,영월군,2010,,,,,,,,,,,,,,154.1,154.1
강원,영월군,2011,,,,,,,,,,,,,,154.1,154.1
강원,영월군,2012,,,,,,,,,,,,,,154.1,154.1
강원,영월군,2013,,,,,,,,,,,,,,154.1,154.1
강원,영월군,2014,,,,,,,,,,,,,,154.1,154.1
강원,영월군,2015,,,,,,,,,,,,,,154.1,154.1
강원,영월군,2016,,,,,,,,,,,,,,154.1,154.1
강원,영월군,2017,,,,,,,,,,,,,,154.1,154.1
강원,영월군,2018,,,,,,,,,,,,,,154.1,154.1
강원,영월군,2019,,,,,,,,,,,,,,154.1,154.1
강원,영월군,2020,,,,,,,,,,,,,,154.1,154.1
강원,영월군,2021,,,,,,,,,,,,,,154.1,154.1
강원,영월군,2022,,,,,,,,,,,,,,154.1,154.1
강원,영월군,2023,제천역,서울역,159.9,162.9,163.9,36.9,30.0,93,96.0,97.0,178.33333333333334,4,27.62187631406026,154.1,154.1
강원,영월군,2024,제천역,서울역,161.9,163.9,164.4,36.9,30.0,95,97.0,97.5,178.33333333333334,4,27.62187631406026,154.1,154.1
강원,영월군,2025,제천역,서울역,162.9,164.9,164.7,36.9,30.0,96,98.0,97.8,160.0,5,27.62187631406026,154.1,154.1
강원,원주시,2007,,,,,,,,,,,,,,95.4,95.4
강원,원주시,2008,,,,,,,,,,,,,,95.4,95.4
강원,원주시,2009,,,,,,,,,,,,,,95.4,95.4
강원,원주시,2010,,,,,,,,,,,,,,95.4,95.4
강원,원주시,2011,,,,,,,,,,,,,,95.4,95.4
강원,원주시,2012,,,,,,,,,,,,,,95.4,95.4
강원,원주시,2013,,,,,,,,,,,,,,95.4,95.4
강원,원주시,2014,,,,,,,,,,,,,,95.4,95.4
강원,원주시,2015,,,,,,,,,,,,,,95.4,95.4
강원,원주시,2016,,,,,,,,,,,,,,95.4,95.4
강원,원주시,2017,,,,,,,,,,,,,,95.4,95.4
강원,원주시,2018,만종역,서울역,110.4,111.4,112.32307692307691,12.4,30.0,68,69.0,69.92307692307692,85.0,13,6.075599914584901,95.4,95.4
강원,원주시,2019,만종역,서울역,110.4,111.4,112.32307692307691,12.4,30.0,68,69.0,69.92307692307692,85.0,13,6.075599914584901,95.4,95.4
강원,원주시,2020,만종역,서울역,110.4,111.9,112.65,12.4,30.0,68,69.5,70.25,68.0,16,6.075599914584901,95.4,95.4
강원,원주시,2021,만종역,서울역,110.4,112.4,112.73333333333332,12.4,30.0,68,70.0,70.33333333333333,72.85714285714286,15,6.075599914584901,95.4,95.4
강원,원주시,2022,만종역,서울역,110.4,112.4,112.73333333333332,12.4,30.0,68,70.0,70.33333333333333,72.85714285714286,15,6.075599914584901,95.4,95.4
강원,원주시,2023,만종역,서울역,110.4,113.9,114.18571428571428,12.4,30.0,68,71.5,71.78571428571429,78.6923076923077,14,6.075599914584901,95.4,95.4
강원,원주시,2024,만종역,서울역,110.4,113.9,114.1142857142857,12.4,30.0,68,71.5,71.71428571428571,78.76923076923077,14,6.075599914584901,95.4,95.4
강원,원주시,2025,만종역,서울역,111.4,115.4,115.04285714285714,12.4,30.0,69,73.0,72.64285714285714,78.92307692307692,14,6.075599914584901,95.4,95.4
강원,인제군,2007,,,,,,,,,,,,,,144.5,144.5
강원,인제군,2008,,,,,,,,,,,,,,144.5,144.5
강원,인제군,2009,,,,,,,,,,,,,,144.5,144.5
강원,인제군,2010,,,,,,,,,,,,,,144.5,144.5
강원,인제군,2011,,,,,,,,,,,,,,144.5,144.5
강원,인제군,2012,,,,,,,,,,,,,,144.5,144.5
강원,인제군,2013,,,,,,,,,,,,,,144.5,144.5
강원,인제군,2014,,,,,,,,,,,,,,144.5,144.5
강원,인제군,2015,,,,,,,,,,,,,,144.5,144.5
강원,인제군,2016,,,,,,,,,,,,,,144.5,144.5
강원,인제군,2017,,,,,,,,,,,,,,144.5,144.5
강원,인제군,2018,,,,,,,,,,,,,,144.5,144.5
강원,인제군,2019,,,,,,,,,,,,,,144.5,144.5
강원,인제군,2020,,,,,,,,,,,,,,144.5,144.5
강원,인제군,2021,,,,,,,,,,,,,,144.5,144.5
강원,인제군,2022,,,,,,,,,,,,,,144.5,144.5
강원,인제군,2023,,,,,,,,,,,,,,144.5,144.5
강원,인제군,2024,,,,,,,,,,,,,,144.5,144.5
강원,인제군,2025,,,,,,,,,,,,,,144.5,144.5
강원,정선군,2007,,,,,,,,,,,,,,194.9,194.9
강원,정선군,2008,,,,,,,,,,,,,,194.9,194.9
강원,정선군,2009,,,,,,,,,,,,,,194.9,194.9
강원,정선군,2010,,,,,,,,,,,,,,194.9,194.9
강원,정선군,2011,,,,,,,,,,,,,,194.9,194.9
강원,정선군,2012,,,,,,,,,,,,,,194.9,194.9
강원,정선군,2013,,,,,,,,,,,,,,194.9,194.9
강원,정선군,2014,,,,,,,,,,,,,,194.9,194.9
강원,정선군,2015,,,,,,,,,,,,,,194.9,194.9
강원,정선군,2016,,,,,,,,,,,,,,194.9,194.9
강원,정선군,2017,,,,,,,,,,,,,,194.9,194.9
강원,정선군,2018,,,,,,,,,,,,,,194.9,194.9
강원,정선군,2019,,,,,,,,,,,,,,194.9,194.9
강원,정선군,2020,,,,,,,,,,,,,,194.9,194.9
강원,정선군,2021,,,,,,,,,,,,,,194.9,194.9
강원,정선군,2022,,,,,,,,,,,,,,194.9,194.9
강원,정선군,2023,,,,,,,,,,,,,,194.9,194.9
강원,정선군,2024,,,,,,,,,,,,,,194.9,194.9
강원,정선군,2025,,,,,,,,,,,,,,194.9,194.9
강원,철원군,2007,,,,,,,,,,,,,,95.7,95.7
강원,철원군,2008,,,,,,,,,,,,,,95.7,95.7
강원,철원군,2009,,,,,,,,,,,,,,95.7,95.7
강원,철원군,2010,,,,,,,,,,,,,,95.7,95.7
강원,철원군,2011,,,,,,,,,,,,,,95.7,95.7
강원,철원군,2012,,,,,,,,,,,,,,95.7,95.7
강원,철원군,2013,,,,,,,,,,,,,,95.7,95.7
강원,철원군,2014,,,,,,,,,,,,,,95.7,95.7
강원,철원군,2015,,,,,,,,,,,,,,95.7,95.7
강원,철원군,2016,,,,,,,,,,,,,,95.7,95.7
강원,철원군,2017,,,,,,,,,,,,,,95.7,95.7
강원,철원군,2018,,,,,,,,,,,,,,95.7,95.7
강원,철원군,2019,,,,,,,,,,,,,,95.7,95.7
강원,철원군,2020,,,,,,,,,,,,,,95.7,95.7
강원,철원군,2021,,,,,,,,,,,,,,95.7,95.7
강원,철원군,2022,,,,,,,,,,,,,,95.7,95.7
강원,철원군,2023,,,,,,,,,,,,,,95.7,95.7
강원,철원군,2024,,,,,,,,,,,,,,95.7,95.7
강원,철원군,2025,,,,,,,,,,,,,,95.7,95.7
강원,춘천시,2007,,,,,,,,,,,,,,92.9,92.9
강원,춘천시,2008,,,,,,,,,,,,,,92.9,92.9
강원,춘천시,2009,,,,,,,,,,,,,,92.9,92.9
강원,춘천시,2010,,,,,,,,,,,,,,92.9,92.9
강원,춘천시,2011,,,,,,,,,,,,,,92.9,92.9
강원,춘천시,2012,,,,,,,,,,,,,,92.9,92.9
강원,춘천시,2013,,,,,,,,,,,,,,92.9,92.9
강원,춘천시,2014,,,,,,,,,,,,,,92.9,92.9
강원,춘천시,2015,,,,,,,,,,,,,,92.9,92.9
강원,춘천시,2016,,,,,,,,,,,,,,92.9,92.9
강원,춘천시,2017,,,,,,,,,,,,,,92.9,92.9
강원,춘천시,2018,,,,,,,,,,,,,,92.9,92.9
강원,춘천시,2019,,,,,,,,,,,,,,92.9,92.9
강원,춘천시,2020,,,,,,,,,,,,,,92.9,92.9
강원,춘천시,2021,,,,,,,,,,,,,,92.9,92.9
강원,춘천시,2022,,,,,,,,,,,,,,92.9,92.9
강원,춘천시,2023,,,,,,,,,,,,,,92.9,92.9
강원,춘천시,2024,,,,,,,,,,,,,,92.9,92.9
강원,춘천시,2025,,,,,,,,,,,,,,92.9,92.9
강원,태백시,2007,,,,,,,,,,,,,,193.6,193.6
강원,태백시,2008,,,,,,,,,,,,,,193.6,193.6
강원,태백시,2009,,,,,,,,,,,,,,193.6,193.6
강원,태백시,2010,,,,,,,,,,,,,,193.6,193.6
강원,태백시,2011,,,,,,,,,,,,,,193.6,193.6
강원,태백시,2012,,,,,,,,,,,,,,193.6,193.6
강원,태백시,2013,,,,,,,,,,,,,,193.6,193.6
강원,태백시,2014,,,,,,,,,,,,,,193.6,193.6
강원,태백시,2015,,,,,,,,,,,,,,193.6,193.6
강원,태백시,2016,,,,,,,,,,,,,,193.6,193.6
강원,태백시,2017,,,,,,,,,,,,,,193.6,193.6
강원,태백시,2018,청량리역,서울역,69.6,70.6,70.6,20.6,30.0,19,20.0,20.0,81.47058823529412,18,8.2739727176202,193.6,70.6
강원,태백시,2019,청량리역,서울역,69.6,70.6,70.6,20.6,30.0,19,20.0,20.0,81.47058823529412,18,8.2739727176202,193.6,70.6
강원,태백시,2020,청량리역,서울역,69.6,70.6,70.6,20.6,30.0,19,20.0,20.0,84.0,18,8.2739727176202,193.6,70.6
강원,태백시,2021,청량리역,서울역,69.6,70.6,70.4888888888889,20.6,30.0,19,20.0,19.88888888888889,84.0,18,8.2739727176202,193.6,70.6
강원,태백시,2022,청량리역,서울역,69.6,70.6,70.4888888888889,20.6,30.0,19,20.0,19.88888888888889,84.0,18,8.2739727176202,193.6,70.6
강원,태백시,2023,청량리역,서울역,69.6,70.6,70.78181818181818,20.6,30.0,19,20.0,20.181818181818183,68.0,22,8.2739727176202,193.6,70.6
강원,태백시,2024,청량리역,서울역,69.6,70.6,70.50909090909092,20.6,30.0,19,20.0,19.90909090909091,67.95238095238095,22,8.2739727176202,193.6,70.6
강원,태백시,2025,청량리역,서울역,70.6,70.6,70.81739130434782,20.6,30.0,20,20.0,20.217391304347824,64.86363636363636,23,8.2739727176202,193.6,70.6
강원,평창군,2007,,,,,,,,,,,,,,145.4,145.4
강원,평창군,2008,,,,,,,,,,,,,,145.4,145.4
강원,평창군,2009,,,,,,,,,,,,,,145.4,145.4
강원,평창군,2010,,,,,,,,,,,,,,145.4,145.4
강원,평창군,2011,,,,,,,,,,,,,,145.4,145.4
강원,평창군,2012,,,,,,,,,,,,,,145.4,145.4
강원,평창군,2013,,,,,,,,,,,,,,145.4,145.4
강원,평창군,2014,,,,,,,,,,,,,,145.4,145.4
강원,평창군,2015,,,,,,,,,,,,,,145.4,145.4
강원,평창군,2016,,,,,,,,,,,,,,145.4,145.4
강원,평창군,2017,,,,,,,,,,,,,,145.4,145.4
강원,평창군,2018,평창역,서울역,130.8,135.8,135.71666666666667,11.8,30.0,89,94.0,93.91666666666667,86.81818181818181,12,4.683376556536633,145.4,135.8
강원,평창군,2019,평창역,서울역,130.8,135.8,135.71666666666667,11.8,30.0,89,94.0,93.91666666666667,86.81818181818181,12,4.683376556536633,145.4,135.8
강원,평창군,2020,평창역,서울역,130.8,136.3,136.0857142857143,11.8,30.0,89,94.5,94.28571428571429,73.46153846153847,14,4.683376556536633,145.4,136.3
강원,평창군,2021,평창역,서울역,130.8,136.8,136.64615384615382,11.8,30.0,89,95.0,94.84615384615384,79.58333333333333,13,4.683376556536633,145.4,136.8
강원,평창군,2022,평창역,서울역,130.8,136.8,136.64615384615382,11.8,30.0,89,95.0,94.84615384615384,79.58333333333333,13,4.683376556536633,145.4,136.8
강원,평창군,2023,평창역,서울역,130.8,137.8,138.18461538461537,11.8,30.0,89,96.0,96.38461538461539,80.25,13,4.683376556536633,145.4,137.8
강원,평창군,2024,평창역,서울역,131.8,137.8,138.4153846153846,11.8,30.0,90,96.0,96.61538461538461,80.25,13,4.683376556536633,145.4,137.8
강원,평창군,2025,평창역,서울역,134.8,140.3,140.63333333333333,11.8,30.0,93,98.5,98.83333333333333,88.0,12,4.683376556536633,145.4,140.3
강원,홍천군,2007,,,,,,,,,,,,,,103.6,103.6
강원,홍천군,2008,,,,,,,,,,,,,,103.6,103.6
강원,홍천군,2009,,,,,,,,,,,,,,103.6,103.6
강원,홍천군,2010,,,,,,,,,,,,,,103.6,103.6
강원,홍천군,2011,,,,,,,,,,,,,,103.6,103.6
강원,홍천군,2012,,,,,,,,,,,,,,103.6,103.6
강원,홍천군,2013,,,,,,,,,,,,,,103.6,103.6
강원,홍천군,2014,,,,,,,,,,,,,,103.6,103.6
강원,홍천군,2015,,,,,,,,,,,,,,103.6,103.6
강원,홍천군,2016,,,,,,,,,,,,,,103.6,103.6
강원,홍천군,2017,,,,,,,,,,,,,,103.6,103.6
강원,홍천군,2018,횡성역,서울역,160.8,165.8,165.8,57.8,30.0,73,78.0,78.0,100.0,10,29.641320567167664,103.6,103.6
강원,홍천군,2019,횡성역,서울역,160.8,165.8,165.8,57.8,30.0,73,78.0,78.0,100.0,10,29.641320567167664,103.6,103.6
강원,홍천군,2020,둔내역,서울역,162.3,167.3,167.05,52.3,30.0,80,85.0,84.75,143.71428571428572,8,29.1206861483644,103.6,103.6
강원,홍천군,2021,횡성역,서울역,164.8,167.8,167.2,57.8,30.0,77,80.0,79.4,99.55555555555556,10,29.641320567167664,103.6,103.6
강원,홍천군,2022,횡성역,서울역,164.8,167.8,167.2,57.8,30.0,77,80.0,79.4,99.55555555555556,10,29.641320567167664,103.6,103.6
강원,홍천군,2023,횡성역,서울역,164.8,168.3,169.1,57.8,30.0,77,80.5,81.3,100.44444444444444,10,29.641320567167664,103.6,103.6
강원,홍천군,2024,횡성역,서울역,164.8,168.8,169.2,57.8,30.0,77,81.0,81.4,100.44444444444444,10,29.641320567167664,103.6,103.6
강원,홍천군,2025,둔내역,서울역,165.3,170.3,170.18888888888887,52.3,30.0,83,88.0,87.88888888888889,126.5,9,29.1206861483644,103.6,103.6
강원,화천군,2007,,,,,,,,,,,,,,124.3,124.3
강원,화천군,2008,,,,,,,,,,,,,,124.3,124.3
강원,화천군,2009,,,,,,,,,,,,,,124.3,124.3
강원,화천군,2010,,,,,,,,,,,,,,124.3,124.3
강원,화천군,2011,,,,,,,,,,,,,,124.3,124.3
강원,화천군,2012,,,,,,,,,,,,,,124.3,124.3
강원,화천군,2013,,,,,,,,,,,,,,124.3,124.3
강원,화천군,2014,,,,,,,,,,,,,,124.3,124.3
강원,화천군,2015,,,,,,,,,,,,,,124.3,124.3
강원,화천군,2016,,,,,,,,,,,,,,124.3,124.3
강원,화천군,2017,,,,,,,,,,,,,,124.3,124.3
강원,화천군,2018,,,,,,,,,,,,,,124.3,124.3
강원,화천군,2019,,,,,,,,,,,,,,124.3,124.3
강원,화천군,2020,,,,,,,,,,,,,,124.3,124.3
강원,화천군,2021,,,,,,,,,,,,,,124.3,124.3
강원,화천군,2022,,,,,,,,,,,,,,124.3,124.3
강원,화천군,2023,,,,,,,,,,,,,,124.3,124.3
강원,화천군,2024,,,,,,,,,,,,,,124.3,124.3
강원,화천군,2025,,,,,,,,,,,,,,124.3,124.3
강원,횡성군,2007,,,,,,,,,,,,,,113.6,113.6
강원,횡성군,2008,,,,,,,,,,,,,,113.6,113.6
강원,횡성군,2009,,,,,,,,,,,,,,113.6,113.6
강원,횡성군,2010,,,,,,,,,,,,,,113.6,113.6
강원,횡성군,2011,,,,,,,,,,,,,,113.6,113.6
강원,횡성군,2012,,,,,,,,,,,,,,113.6,113.6
강원,횡성군,2013,,,,,,,,,,,,,,113.6,113.6
강원,횡성군,2014,,,,,,,,,,,,,,113.6,113.6
강원,횡성군,2015,,,,,,,,,,,,,,113.6,113.6
강원,횡성군,2016,,,,,,,,,,,,,,113.6,113.6
강원,횡성군,2017,,,,,,,,,,,,,,113.6,113.6
강원,횡성군,2018,횡성역,서울역,120.7,125.7,125.7,17.7,30.0,73,78.0,78.0,100.0,10,6.584808637010043,113.6,113.6
강원,횡성군,2019,횡성역,서울역,120.7,125.7,125.7,17.7,30.0,73,78.0,78.0,100.0,10,6.584808637010043,113.6,113.6
강원,횡성군,2020,횡성역,서울역,122.7,127.2,126.7,17.7,30.0,75,79.5,79.0,99.55555555555556,10,6.584808637010043,113.6,113.6
강원,횡성군,2021,횡성역,서울역,124.7,127.7,127.10000000000001,17.7,30.0,77,80.0,79.4,99.55555555555556,10,6.584808637010043,113.6,113.6
강원,횡성군,2022,횡성역,서울역,124.7,127.7,127.10000000000001,17.7,30.0,77,80.0,79.4,99.55555555555556,10,6.584808637010043,113.6,113.6
강원,횡성군,2023,횡성역,서울역,124.7,128.2,129.0,17.7,30.0,77,80.5,81.3,100.44444444444444,10,6.584808637010043,113.6,113.6
강원,횡성군,2024,횡성역,서울역,124.7,128.7,129.10000000000002,17.7,30.0,77,81.0,81.4,100.44444444444444,10,6.584808637010043,113.6,113.6
강원,횡성군,2025,횡성역,서울역,125.7,130.2,130.10000000000002,17.7,30.0,78,82.5,82.4,107.55555555555556,10,6.584808637010043,113.6,113.6
경기,가평군,2007,,,,,,,,,,,,,,72.7,72.7
경기,가평군,2008,,,,,,,,,,,,,,72.7,72.7
경기,가평군,2009,,,,,,,,,,,,,,72.7,72.7
경기,가평군,2010,,,,,,,,,,,,,,72.7,72.7
경기,가평군,2011,,,,,,,,,,,,,,72.7,72.7
경기,가평군,2012,,,,,,,,,,,,,,72.7,72.7
경기,가평군,2013,,,,,,,,,,,,,,72.7,72.7
경기,가평군,2014,,,,,,,,,,,,,,72.7,72.7
경기,가평군,2015,,,,,,,,,,,,,,72.7,72.7
경기,가평군,2016,,,,,,,,,,,,,,72.7,72.7
경기,가평군,2017,,,,,,,,,,,,,,72.7,72.7
경기,가평군,2018,,,,,,,,,,,,,,72.7,72.7
경기,가평군,2019,,,,,,,,,,,,,,72.7,72.7
경기,가평군,2020,,,,,,,,,,,,,,72.7,72.7
경기,가평군,2021,,,,,,,,,,,,,,72.7,72.7
경기,가평군,2022,,,,,,,,,,,,,,72.7,72.7
경기,가평군,2023,,,,,,,,,,,,,,72.7,72.7
경기,가평군,2024,,,,,,,,,,,,,,72.7,72.7
경기,가평군,2025,,,,,,,,,,,,,,72.7,72.7
경기,고양시 덕양구,2007,광명역,용산역,77.0,78.0,79.35714285714286,34.0,30.0,13,14.0,15.357142857142858,103.61538461538461,14,26.097980743843834,23.3,23.3
경기,고양시 덕양구,2008,광명역,용산역,77.0,77.0,78.0,34.0,30.0,13,13.0,14.0,67.92857142857143,15,26.097980743843834,23.3,23.3
경기,고양시 덕양구,2009,광명역,용산역,77.0,77.0,78.0,34.0,30.0,13,13.0,14.0,67.92857142857143,15,26.097980743843834,23.3,23.3
경기,고양시 덕양구,2010,광명역,서울역,73.0,79.0,78.71739130434783,34.0,30.0,9,15.0,14.717391304347826,30.622222222222224,46,26.097980743843834,23.3,23.3
경기,고양시 덕양구,2011,광명역,서울역,73.0,79.0,79.42553191489361,34.0,30.0,9,15.0,15.425531914893616,31.195652173913043,47,26.097980743843834,23.3,23.3
경기,고양시 덕양구,2012,광명역,서울역,73.0,79.0,79.5,34.0,30.0,9,15.0,15.5,28.137254901960784,52,26.097980743843834,23.3,23.3
경기,고양시 덕양구,2013,용산역,서울역,61.3,61.3,61.3,23.3,30.0,8,8.0,8.0,,1,15.901459182024185,23.3,23.3
경기,고양시 덕양구,2014,광명역,서울역,73.0,79.0,81.19642857142857,34.0,30.0,9,15.0,17.196428571428573,26.09090909090909,56,26.097980743843834,23.3,23.3
경기,고양시 덕양구,2015,광명역,서울역,74.0,81.0,82.859375,34.0,30.0,10,17.0,18.859375,22.682539682539684,64,26.097980743843834,23.3,23.3
경기,고양시 덕양구,2016,용산역,서울역,58.3,58.3,60.21666666666666,23.3,30.0,5,5.0,6.916666666666667,79.36363636363636,12,15.901459182024185,23.3,23.3
경기,고양시 덕양구,2017,용산역,서울역,58.3,58.3,60.38333333333333,23.3,30.0,5,5.0,7.083333333333333,79.36363636363636,12,15.901459182024185,23.3,23.3
경기,고양시 덕양구,2018,용산역,서울역,58.3,58.3,60.166666666666664,23.3,30.0,5,5.0,6.866666666666666,62.07142857142857,15,15.901459182024185,23.3,23.3
경기,고양시 덕양구,2019,용산역,서울역,58.3,59.3,61.099999999999994,23.3,30.0,5,6.0,7.8,62.07142857142857,15,15.901459182024185,23.3,23.3
경기,고양시 덕양구,2020,용산역,서울역,58.3,60.8,61.3,23.3,30.0,5,7.5,8.0,57.93333333333333,16,15.901459182024185,23.3,23.3
경기,고양시 덕양구,2021,용산역,서울역,58.3,58.3,61.5,23.3,30.0,5,5.0,8.2,61.92857142857143,15,15.901459182024185,23.3,23.3
경기,고양시 덕양구,2022,용산역,서울역,58.3,58.3,61.5,23.3,30.0,5,5.0,8.2,61.92857142857143,15,15.901459182024185,23.3,23.3
경기,고양시 덕양구,2023,용산역,서울역,58.3,60.3,60.96666666666666,23.3,30.0,5,7.0,7.666666666666667,50.588235294117645,18,15.901459182024185,23.3,23.3
경기,고양시 덕양구,2024,용산역,서울역,58.3,58.3,60.82631578947368,23.3,30.0,5,5.0,7.526315789473684,47.77777777777778,19,15.901459182024185,23.3,23.3
경기,고양시 덕양구,2025,용산역,서울역,58.3,58.3,60.72105263157894,23.3,30.0,5,5.0,7.421052631578948,47.77777777777778,19,15.901459182024185,23.3,23.3
경기,고양시 일산 동구,2007,광명역,용산역,81.5,82.5,83.85714285714286,38.5,30.0,13,14.0,15.357142857142858,103.61538461538461,14,29.70400952126655,30.1,30.1
경기,고양시 일산 동구,2008,광명역,용산역,81.5,81.5,82.5,38.5,30.0,13,13.0,14.0,67.92857142857143,15,29.70400952126655,30.1,30.1
경기,고양시 일산 동구,2009,광명역,용산역,81.5,81.5,82.5,38.5,30.0,13,13.0,14.0,67.92857142857143,15,29.70400952126655,30.1,30.1
경기,고양시 일산 동구,2010,광명역,서울역,77.5,83.5,83.21739130434783,38.5,30.0,9,15.0,14.717391304347826,30.622222222222224,46,29.70400952126655,30.1,30.1
경기,고양시 일산 동구,2011,광명역,서울역,77.5,83.5,83.92553191489361,38.5,30.0,9,15.0,15.425531914893616,31.195652173913043,47,29.70400952126655,30.1,30.1
경기,고양시 일산 동구,2012,광명역,서울역,77.5,83.5,84.0,38.5,30.0,9,15.0,15.5,28.137254901960784,52,29.70400952126655,30.1,30.1
경기,고양시 일산 동구,2013,용산역,서울역,68.1,68.1,68.1,30.1,30.0,8,8.0,8.0,,1,22.22460243376636,30.1,30.1
경기,고양시 일산 동구,2014,광명역,서울역,77.5,83.5,85.69642857142857,38.5,30.0,9,15.0,17.196428571428573,26.09090909090909,56,29.70400952126655,30.1,30.1
경기,고양시 일산 동구,2015,광명역,서울역,78.5,85.5,87.359375,38.5,30.0,10,17.0,18.859375,22.682539682539684,64,29.70400952126655,30.1,30.1
경기,고양시 일산 동구,2016,용산역,서울역,65.1,65.1,67.01666666666667,30.1,30.0,5,5.0,6.916666666666667,79.36363636363636,12,22.22460243376636,30.1,30.1
경기,고양시 일산 동구,2017,용산역,서울역,65.1,65.1,67.18333333333334,30.1,30.0,5,5.0,7.083333333333333,79.36363636363636,12,22.22460243376636,30.1,30.1
경기,고양시 일산 동구,2018,용산역,서울역,65.1,65.1,66.96666666666667,30.1,30.0,5,5.0,6.866666666666666,62.07142857142857,15,22.22460243376636,30.1,30.1
경기,고양시 일산 동구,2019,용산역,서울역,65.1,66.1,67.9,30.1,30.0,5,6.0,7.8,62.07142857142857,15,22.22460243376636,30.1,30.1
경기,고양시 일산 동구,2020,용산역,서울역,65.1,67.6,68.1,30.1,30.0,5,7.5,8.0,57.93333333333333,16,22.22460243376636,30.1,30.1
경기,고양시 일산 동구,2021,용산역,서울역,65.1,65.1,68.3,30.1,30.0,5,5.0,8.2,61.92857142857143,15,22.22460243376636,30.1,30.1
경기,고양시 일산 동구,2022,용산역,서울역,65.1,65.1,68.3,30.1,30.0,5,5.0,8.2,61.92857142857143,15,22.22460243376636,30.1,30.1
경기,고양시 일산 동구,2023,용산역,서울역,65.1,67.1,67.76666666666667,30.1,30.0,5,7.0,7.666666666666667,50.588235294117645,18,22.22460243376636,30.1,30.1
경기,고양시 일산 동구,2024,용산역,서울역,65.1,65.1,67.62631578947368,30.1,30.0,5,5.0,7.526315789473684,47.77777777777778,19,22.22460243376636,30.1,30.1
경기,고양시 일산 동구,2025,용산역,서울역,65.1,65.1,67.52105263157895,30.1,30.0,5,5.0,7.421052631578948,47.77777777777778,19,22.22460243376636,30.1,30.1
경기,고양시 일산 서구,2007,,,,,,,,,,,,,,31.2,31.2
경기,고양시 일산 서구,2008,,,,,,,,,,,,,,31.2,31.2
경기,고양시 일산 서구,2009,,,,,,,,,,,,,,31.2,31.2
경기,고양시 일산 서구,2010,,,,,,,,,,,,,,31.2,31.2
경기,고양시 일산 서구,2011,,,,,,,,,,,,,,31.2,31.2
경기,고양시 일산 서구,2012,,,,,,,,,,,,,,31.2,31.2
경기,고양시 일산 서구,2013,용산역,서울역,69.2,69.2,69.2,31.2,30.0,8,8.0,8.0,,1,26.71999683165576,31.2,31.2
경기,고양시 일산 서구,2014,,,,,,,,,,,,,,31.2,31.2
경기,고양시 일산 서구,2015,,,,,,,,,,,,,,31.2,31.2
경기,고양시 일산 서구,2016,용산역,서울역,66.2,66.2,68.11666666666667,31.2,30.0,5,5.0,6.916666666666667,79.36363636363636,12,26.71999683165576,31.2,31.2
경기,고양시 일산 서구,2017,용산역,서울역,66.2,66.2,68.28333333333333,31.2,30.0,5,5.0,7.083333333333333,79.36363636363636,12,26.71999683165576,31.2,31.2
경기,고양시 일산 서구,2018,용산역,서울역,66.2,66.2,68.06666666666666,31.2,30.0,5,5.0,6.866666666666666,62.07142857142857,15,26.71999683165576,31.2,31.2
경기,고양시 일산 서구,2019,용산역,서울역,66.2,67.2,69.0,31.2,30.0,5,6.0,7.8,62.07142857142857,15,26.71999683165576,31.2,31.2
경기,고양시 일산 서구,2020,용산역,서울역,66.2,68.7,69.2,31.2,30.0,5,7.5,8.0,57.93333333333333,16,26.71999683165576,31.2,31.2
경기,고양시 일산 서구,2021,용산역,서울역,66.2,66.2,69.4,31.2,30.0,5,5.0,8.2,61.92857142857143,15,26.71999683165576,31.2,31.2
경기,고양시 일산 서구,2022,용산역,서울역,66.2,66.2,69.4,31.2,30.0,5,5.0,8.2,61.92857142857143,15,26.71999683165576,31.2,31.2
경기,고양시 일산 서구,2023,용산역,서울역,66.2,68.2,68.86666666666667,31.2,30.0,5,7.0,7.666666666666667,50.588235294117645,18,26.71999683165576,31.2,31.2
경기,고양시 일산 서구,2024,용산역,서울역,66.2,66.2,68.72631578947369,31.2,30.0,5,5.0,7.526315789473684,47.77777777777778,19,26.71999683165576,31.2,31.2
경기,고양시 일산 서구,2025,용산역,서울역,66.2,66.2,68.62105263157895,31.2,30.0,5,5.0,7.421052631578948,47.77777777777778,19,26.71999683165576,31.2,31.2
경기,과천시,2007,광명역,용산역,61.4,62.4,63.75714285714285,18.4,30.0,13,14.0,15.357142857142858,103.61538461538461,14,10.813762659013092,14.4,14.4
경기,과천시,2008,광명역,용산역,61.4,61.4,62.4,18.4,30.0,13,13.0,14.0,67.92857142857143,15,10.813762659013092,14.4,14.4
경기,과천시,2009,광명역,용산역,61.4,61.4,62.4,18.4,30.0,13,13.0,14.0,67.92857142857143,15,10.813762659013092,14.4,14.4
경기,과천시,2010,광명역,서울역,57.4,63.4,63.11739130434783,18.4,30.0,9,15.0,14.717391304347826,30.622222222222224,46,10.813762659013092,14.4,14.4
경기,과천시,2011,광명역,서울역,57.4,63.4,63.82553191489362,18.4,30.0,9,15.0,15.425531914893616,31.195652173913043,47,10.813762659013092,14.4,14.4
경기,과천시,2012,광명역,서울역,57.4,63.4,63.9,18.4,30.0,9,15.0,15.5,28.137254901960784,52,10.813762659013092,14.4,14.4
경기,과천시,2013,용산역,서울역,52.4,52.4,52.4,14.4,30.0,8,8.0,8.0,,1,11.159188397843879,14.4,14.4
경기,과천시,2014,광명역,서울역,57.4,63.4,65.59642857142858,18.4,30.0,9,15.0,17.196428571428573,26.09090909090909,56,10.813762659013092,14.4,14.4
경기,과천시,2015,광명역,서울역,58.4,65.4,67.259375,18.4,30.0,10,17.0,18.859375,22.682539682539684,64,10.813762659013092,14.4,14.4
경기,과천시,2016,용산역,서울역,49.4,49.4,51.31666666666666,14.4,30.0,5,5.0,6.916666666666667,79.36363636363636,12,11.159188397843879,14.4,14.4
경기,과천시,2017,용산역,서울역,49.4,49.4,51.483333333333334,14.4,30.0,5,5.0,7.083333333333333,79.36363636363636,12,11.159188397843879,14.4,14.4
경기,과천시,2018,용산역,서울역,49.4,49.4,51.266666666666666,14.4,30.0,5,5.0,6.866666666666666,62.07142857142857,15,11.159188397843879,14.4,14.4
경기,과천시,2019,용산역,서울역,49.4,50.4,52.199999999999996,14.4,30.0,5,6.0,7.8,62.07142857142857,15,11.159188397843879,14.4,14.4
경기,과천시,2020,용산역,서울역,49.4,51.9,52.4,14.4,30.0,5,7.5,8.0,57.93333333333333,16,11.159188397843879,14.4,14.4
경기,과천시,2021,용산역,서울역,49.4,49.4,52.599999999999994,14.4,30.0,5,5.0,8.2,61.92857142857143,15,11.159188397843879,14.4,14.4
경기,과천시,2022,용산역,서울역,49.4,49.4,52.599999999999994,14.4,30.0,5,5.0,8.2,61.92857142857143,15,11.159188397843879,14.4,14.4
경기,과천시,2023,용산역,서울역,49.4,51.4,52.06666666666666,14.4,30.0,5,7.0,7.666666666666667,50.588235294117645,18,11.159188397843879,14.4,14.4
경기,과천시,2024,용산역,서울역,49.4,49.4,51.92631578947368,14.4,30.0,5,5.0,7.526315789473684,47.77777777777778,19,11.159188397843879,14.4,14.4
경기,과천시,2025,용산역,서울역,49.4,49.4,51.821052631578944,14.4,30.0,5,5.0,7.421052631578948,47.77777777777778,19,11.159188397843879,14.4,14.4
경기,광명시,2007,광명역,용산역,49.3,50.3,51.65714285714286,6.3,30.0,13,14.0,15.357142857142858,103.61538461538461,14,3.108602211376621,18.1,18.1
경기,광명시,2008,광명역,용산역,49.3,49.3,50.3,6.3,30.0,13,13.0,14.0,67.92857142857143,15,3.108602211376621,18.1,18.1
경기,광명시,2009,광명역,용산역,49.3,49.3,50.3,6.3,30.0,13,13.0,14.0,67.92857142857143,15,3.108602211376621,18.1,18.1
경기,광명시,2010,광명역,서울역,45.3,51.3,51.017391304347825,6.3,30.0,9,15.0,14.717391304347826,30.622222222222224,46,3.108602211376621,18.1,18.1
경기,광명시,2011,광명역,서울역,45.3,51.3,51.725531914893615,6.3,30.0,9,15.0,15.425531914893616,31.195652173913043,47,3.108602211376621,18.1,18.1
경기,광명시,2012,광명역,서울역,45.3,51.3,51.8,6.3,30.0,9,15.0,15.5,28.137254901960784,52,3.108602211376621,18.1,18.1
경기,광명시,2013,광명역,서울역,45.3,51.3,52.170370370370364,6.3,30.0,9,15.0,15.87037037037037,27.07547169811321,54,3.108602211376621,18.1,18.1
경기,광명시,2014,광명역,서울역,45.3,51.3,53.49642857142857,6.3,30.0,9,15.0,17.196428571428573,26.09090909090909,56,3.108602211376621,18.1,18.1
경기,광명시,2015,광명역,서울역,46.3,53.3,55.159375,6.3,30.0,10,17.0,18.859375,22.682539682539684,64,3.108602211376621,18.1,18.1
경기,광명시,2016,광명역,용산역,49.3,50.3,51.7390243902439,6.3,30.0,13,14.0,15.439024390243903,34.55,41,3.108602211376621,18.1,18.1
경기,광명시,2017,광명역,용산역,49.3,50.3,51.75454545454545,6.3,30.0,13,14.0,15.454545454545455,32.13953488372093,44,3.108602211376621,18.1,18.1
경기,광명시,2018,광명역,용산역,49.3,51.3,51.81351351351351,6.3,30.0,13,15.0,15.513513513513514,37.638888888888886,37,3.108602211376621,18.1,18.1
경기,광명시,2019,광명역,용산역,49.3,51.3,52.110810810810804,6.3,30.0,13,15.0,15.81081081081081,37.72222222222222,37,3.108602211376621,18.1,18.1
경기,광명시,2020,광명역,용산역,49.3,51.8,52.11578947368421,6.3,30.0,13,15.5,15.81578947368421,36.7027027027027,38,3.108602211376621,18.1,18.1
경기,광명시,2021,광명역,용산역,50.3,50.3,52.02972972972972,6.3,30.0,14,14.0,15.72972972972973,27.61111111111111,37,3.108602211376621,18.1,18.1
경기,광명시,2022,광명역,용산역,50.3,50.3,52.02972972972972,6.3,30.0,14,14.0,15.72972972972973,27.61111111111111,37,3.108602211376621,18.1,18.1
경기,광명시,2023,광명역,용산역,52.3,54.3,53.91904761904762,6.3,30.0,16,18.0,17.61904761904762,24.21951219512195,42,3.108602211376621,18.1,18.1
경기,광명시,2024,광명역,용산역,52.3,54.3,53.90975609756097,6.3,30.0,16,18.0,17.609756097560975,24.825,41,3.108602211376621,18.1,18.1
경기,광명시,2025,광명역,용산역,52.3,54.3,53.91904761904762,6.3,30.0,16,18.0,17.61904761904762,24.21951219512195,42,3.108602211376621,18.1,18.1
경기,광주시,2007,,,,,,,,,,,,,,46.7,46.7
경기,광주시,2008,,,,,,,,,,,,,,46.7,46.7
경기,광주시,2009,,,,,,,,,,,,,,46.7,46.7
경기,광주시,2010,,,,,,,,,,,,,,46.7,46.7
경기,광주시,2011,,,,,,,,,,,,,,46.7,46.7
경기,광주시,2012,,,,,,,,,,,,,,46.7,46.7
경기,광주시,2013,,,,,,,,,,,,,,46.7,46.7
경기,광주시,2014,,,,,,,,,,,,,,46.7,46.7
경기,광주시,2015,,,,,,,,,,,,,,46.7,46.7
경기,광주시,2016,,,,,,,,,,,,,,46.7,46.7
경기,광주시,2017,,,,,,,,,,,,,,46.7,46.7
경기,광주시,2018,상봉역,서울역,95.5,96.5,96.72222222222223,40.5,30.0,25,26.0,26.22222222222222,104.75,9,28.724922291251364,46.7,46.7
경기,광주시,2019,상봉역,서울역,95.5,96.5,96.72222222222223,40.5,30.0,25,26.0,26.22222222222222,104.75,9,28.724922291251364,46.7,46.7
경기,광주시,2020,상봉역,서울역,95.5,96.5,96.8,40.5,30.0,25,26.0,26.3,92.11111111111111,10,28.724922291251364,46.7,46.7
경기,광주시,2021,상봉역,서울역,95.5,96.5,96.7,40.5,30.0,25,26.0,26.2,92.11111111111111,10,28.724922291251364,46.7,46.7
경기,광주시,2022,상봉역,서울역,95.5,96.5,96.7,40.5,30.0,25,26.0,26.2,92.11111111111111,10,28.724922291251364,46.7,46.7
경기,광주시,2023,상봉역,서울역,96.5,96.5,96.75,40.5,30.0,26,26.0,26.25,102.0,8,28.724922291251364,46.7,46.7
경기,광주시,2024,상봉역,서울역,96.5,96.5,96.75,40.5,30.0,26,26.0,26.25,102.14285714285714,8,28.724922291251364,46.7,46.7
경기,광주시,2025,상봉역,서울역,97.5,97.5,97.5,40.5,30.0,27,27.0,27.0,145.66666666666666,7,28.724922291251364,46.7,46.7
경기,구리시,2007,광명역,용산역,82.8,83.8,85.15714285714286,39.8,30.0,13,14.0,15.357142857142858,103.61538461538461,14,29.653932303547442,23.5,23.5
경기,구리시,2008,광명역,용산역,82.8,82.8,83.8,39.8,30.0,13,13.0,14.0,67.92857142857143,15,29.653932303547442,23.5,23.5
경기,구리시,2009,광명역,용산역,82.8,82.8,83.8,39.8,30.0,13,13.0,14.0,67.92857142857143,15,29.653932303547442,23.5,23.5
경기,구리시,2010,광명역,서울역,78.8,84.8,84.51739130434783,39.8,30.0,9,15.0,14.717391304347826,30.622222222222224,46,29.653932303547442,23.5,23.5
경기,구리시,2011,광명역,서울역,78.8,84.8,85.22553191489361,39.8,30.0,9,15.0,15.425531914893616,31.195652173913043,47,29.653932303547442,23.5,23.5
경기,구리시,2012,광명역,서울역,78.8,84.8,85.3,39.8,30.0,9,15.0,15.5,28.137254901960784,52,29.653932303547442,23.5,23.5
경기,구리시,2013,용산역,서울역,61.5,61.5,61.5,23.5,30.0,8,8.0,8.0,,1,16.67262986383267,23.5,23.5
경기,구리시,2014,광명역,서울역,78.8,84.8,86.99642857142857,39.8,30.0,9,15.0,17.196428571428573,26.09090909090909,56,29.653932303547442,23.5,23.5
경기,구리시,2015,광명역,서울역,79.8,86.8,88.659375,39.8,30.0,10,17.0,18.859375,22.682539682539684,64,29.653932303547442,23.5,23.5
경기,구리시,2016,용산역,서울역,58.5,58.5,60.416666666666664,23.5,30.0,5,5.0,6.916666666666667,79.36363636363636,12,16.67262986383267,23.5,23.5
경기,구리시,2017,용산역,서울역,58.5,58.5,60.583333333333336,23.5,30.0,5,5.0,7.083333333333333,79.36363636363636,12,16.67262986383267,23.5,23.5
경기,구리시,2018,용산역,서울역,58.5,58.5,60.36666666666667,23.5,30.0,5,5.0,6.866666666666666,62.07142857142857,15,16.67262986383267,23.5,23.5
경기,구리시,2019,용산역,서울역,58.5,59.5,61.3,23.5,30.0,5,6.0,7.8,62.07142857142857,15,16.67262986383267,23.5,23.5
경기,구리시,2020,용산역,서울역,58.5,61.0,61.5,23.5,30.0,5,7.5,8.0,57.93333333333333,16,16.67262986383267,23.5,23.5
경기,구리시,2021,용산역,서울역,58.5,58.5,61.7,23.5,30.0,5,5.0,8.2,61.92857142857143,15,16.67262986383267,23.5,23.5
경기,구리시,2022,용산역,서울역,58.5,58.5,61.7,23.5,30.0,5,5.0,8.2,61.92857142857143,15,16.67262986383267,23.5,23.5
경기,구리시,2023,용산역,서울역,58.5,60.5,61.166666666666664,23.5,30.0,5,7.0,7.666666666666667,50.588235294117645,18,16.67262986383267,23.5,23.5
경기,구리시,2024,용산역,서울역,58.5,58.5,61.026315789473685,23.5,30.0,5,5.0,7.526315789473684,47.77777777777778,19,16.67262986383267,23.5,23.5
경기,구리시,2025,용산역,서울역,58.5,58.5,60.921052631578945,23.5,30.0,5,5.0,7.421052631578948,47.77777777777778,19,16.67262986383267,23.5,23.5
경기,군포시,2007,광명역,용산역,63.0,64.0,65.35714285714286,20.0,30.0,13,14.0,15.357142857142858,103.61538461538461,14,9.242462376191726,30.4,30.4
경기,군포시,2008,광명역,용산역,63.0,63.0,64.0,20.0,30.0,13,13.0,14.0,67.92857142857143,15,9.242462376191726,30.4,30.4
경기,군포시,2009,광명역,용산역,63.0,63.0,64.0,20.0,30.0,13,13.0,14.0,67.92857142857143,15,9.242462376191726,30.4,30.4
경기,군포시,2010,광명역,서울역,59.0,65.0,64.71739130434783,20.0,30.0,9,15.0,14.717391304347826,30.622222222222224,46,9.242462376191726,30.4,30.4
경기,군포시,2011,광명역,서울역,59.0,65.0,65.42553191489361,20.0,30.0,9,15.0,15.425531914893616,31.195652173913043,47,9.242462376191726,30.4,30.4
경기,군포시,2012,광명역,서울역,59.0,65.0,65.5,20.0,30.0,9,15.0,15.5,28.137254901960784,52,9.242462376191726,30.4,30.4
경기,군포시,2013,광명역,서울역,59.0,65.0,65.87037037037037,20.0,30.0,9,15.0,15.87037037037037,27.07547169811321,54,9.242462376191726,30.4,30.4
경기,군포시,2014,광명역,서울역,59.0,65.0,67.19642857142857,20.0,30.0,9,15.0,17.196428571428573,26.09090909090909,56,9.242462376191726,30.4,30.4
경기,군포시,2015,광명역,서울역,60.0,67.0,68.859375,20.0,30.0,10,17.0,18.859375,22.682539682539684,64,9.242462376191726,30.4,30.4
경기,군포시,2016,광명역,용산역,63.0,64.0,65.4390243902439,20.0,30.0,13,14.0,15.439024390243903,34.55,41,9.242462376191726,30.4,30.4
경기,군포시,2017,광명역,용산역,63.0,64.0,65.45454545454545,20.0,30.0,13,14.0,15.454545454545455,32.13953488372093,44,9.242462376191726,30.4,30.4
경기,군포시,2018,광명역,용산역,63.0,65.0,65.51351351351352,20.0,30.0,13,15.0,15.513513513513514,37.638888888888886,37,9.242462376191726,30.4,30.4
경기,군포시,2019,광명역,용산역,63.0,65.0,65.8108108108108,20.0,30.0,13,15.0,15.81081081081081,37.72222222222222,37,9.242462376191726,30.4,30.4
경기,군포시,2020,광명역,용산역,63.0,65.5,65.8157894736842,20.0,30.0,13,15.5,15.81578947368421,36.7027027027027,38,9.242462376191726,30.4,30.4
경기,군포시,2021,광명역,용산역,64.0,64.0,65.72972972972973,20.0,30.0,14,14.0,15.72972972972973,27.61111111111111,37,9.242462376191726,30.4,30.4
경기,군포시,2022,광명역,용산역,64.0,64.0,65.72972972972973,20.0,30.0,14,14.0,15.72972972972973,27.61111111111111,37,9.242462376191726,30.4,30.4
경기,군포시,2023,용산역,서울역,65.4,67.4,68.06666666666666,30.4,30.0,5,7.0,7.666666666666667,50.588235294117645,18,20.991127823508997,30.4,30.4
경기,군포시,2024,용산역,서울역,65.4,65.4,67.92631578947368,30.4,30.0,5,5.0,7.526315789473684,47.77777777777778,19,20.991127823508997,30.4,30.4
경기,군포시,2025,용산역,서울역,65.4,65.4,67.82105263157895,30.4,30.0,5,5.0,7.421052631578948,47.77777777777778,19,20.991127823508997,30.4,30.4
경기,김포시,2007,,,,,,,,,,,,,,37.8,37.8
경기,김포시,2008,,,,,,,,,,,,,,37.8,37.8
경기,김포시,2009,,,,,,,,,,,,,,37.8,37.8
경기,김포시,2010,,,,,,,,,,,,,,37.8,37.8
경기,김포시,2011,,,,,,,,,,,,,,37.8,37.8
경기,김포시,2012,,,,,,,,,,,,,,37.8,37.8
경기,김포시,2013,,,,,,,,,,,,,,37.8,37.8
경기,김포시,2014,,,,,,,,,,,,,,37.8,37.8
경기,김포시,2015,,,,,,,,,,,,,,37.8,37.8
경기,김포시,2016,,,,,,,,,,,,,,37.8,37.8
경기,김포시,2017,,,,,,,,,,,,,,37.8,37.8
경기,김포시,2018,,,,,,,,,,,,,,37.8,37.8
경기,김포시,2019,,,,,,,,,,,,,,37.8,37.8
경기,김포시,2020,,,,,,,,,,,,,,37.8,37.8
경기,김포시,2021,,,,,,,,,,,,,,37.8,37.8
경기,김포시,2022,,,,,,,,,,,,,,37.8,37.8
경기,김포시,2023,,,,,,,,,,,,,,37.8,37.8
경기,김포시,2024,,,,,,,,,,,,,,37.8,37.8
경기,김포시,2025,,,,,,,,,,,,,,37.8,37.8
경기,남양주시,2007,,,,,,,,,,,,,,38.1,38.1
경기,남양주시,2008,,,,,,,,,,,,,,38.1,38.1
경기,남양주시,2009,,,,,,,,,,,,,,38.1,38.1
경기,남양주시,2010,,,,,,,,,,,,,,38.1,38.1
경기,남양주시,2011,,,,,,,,,,,,,,38.1,38.1
경기,남양주시,2012,,,,,,,,,,,,,,38.1,38.1
경기,남양주시,2013,용산역,서울역,76.1,76.1,76.1,38.1,30.0,8,8.0,8.0,,1,28.76515562383813,38.1,38.1
경기,남양주시,2014,,,,,,,,,,,,,,38.1,38.1
경기,남양주시,2015,,,,,,,,,,,,,,38.1,38.1
경기,남양주시,2016,용산역,서울역,73.1,73.1,75.01666666666667,38.1,30.0,5,5.0,6.916666666666667,79.36363636363636,12,28.76515562383813,38.1,38.1
경기,남양주시,2017,용산역,서울역,73.1,73.1,75.18333333333332,38.1,30.0,5,5.0,7.083333333333333,79.36363636363636,12,28.76515562383813,38.1,38.1
경기,남양주시,2018,용산역,서울역,73.1,73.1,74.96666666666665,38.1,30.0,5,5.0,6.866666666666666,62.07142857142857,15,28.76515562383813,38.1,38.1
경기,남양주시,2019,용산역,서울역,73.1,74.1,75.89999999999999,38.1,30.0,5,6.0,7.8,62.07142857142857,15,28.76515562383813,38.1,38.1
경기,남양주시,2020,용산역,서울역,73.1,75.6,76.1,38.1,30.0,5,7.5,8.0,57.93333333333333,16,28.76515562383813,38.1,38.1
경기,남양주시,2021,용산역,서울역,73.1,73.1,76.3,38.1,30.0,5,5.0,8.2,61.92857142857143,15,28.76515562383813,38.1,38.1
경기,남양주시,2022,용산역,서울역,73.1,73.1,76.3,38.1,30.0,5,5.0,8.2,61.92857142857143,15,28.76515562383813,38.1,38.1
경기,남양주시,2023,용산역,서울역,73.1,75.1,75.76666666666667,38.1,30.0,5,7.0,7.666666666666667,50.588235294117645,18,28.76515562383813,38.1,38.1
경기,남양주시,2024,용산역,서울역,73.1,73.1,75.62631578947368,38.1,30.0,5,5.0,7.526315789473684,47.77777777777778,19,28.76515562383813,38.1,38.1
경기,남양주시,2025,용산역,서울역,73.1,73.1,75.52105263157894,38.1,30.0,5,5.0,7.421052631578948,47.77777777777778,19,28.76515562383813,38.1,38.1
경기,동두천시,2007,,,,,,,,,,,,,,63.6,63.6
경기,동두천시,2008,,,,,,,,,,,,,,63.6,63.6
경기,동두천시,2009,,,,,,,,,,,,,,63.6,63.6
경기,동두천시,2010,,,,,,,,,,,,,,63.6,63.6
경기,동두천시,2011,,,,,,,,,,,,,,63.6,63.6
경기,동두천시,2012,,,,,,,,,,,,,,63.6,63.6
경기,동두천시,2013,,,,,,,,,,,,,,63.6,63.6
경기,동두천시,2014,,,,,,,,,,,,,,63.6,63.6
경기,동두천시,2015,,,,,,,,,,,,,,63.6,63.6
경기,동두천시,2016,,,,,,,,,,,,,,63.6,63.6
경기,동두천시,2017,,,,,,,,,,,,,,63.6,63.6
경기,동두천시,2018,,,,,,,,,,,,,,63.6,63.6
경기,동두천시,2019,,,,,,,,,,,,,,63.6,63.6
경기,동두천시,2020,,,,,,,,,,,,,,63.6,63.6
경기,동두천시,2021,,,,,,,,,,,,,,63.6,63.6
경기,동두천시,2022,,,,,,,,,,,,,,63.6,63.6
경기,동두천시,2023,,,,,,,,,,,,,,63.6,63.6
경기,동두천시,2024,,,,,,,,,,,,,,63.6,63.6
경기,동두천시,2025,,,,,,,,,,,,,,63.6,63.6
경기,부천시,2007,광명역,용산역,61.9,62.9,64.25714285714285,18.9,30.0,13,14.0,15.357142857142858,103.61538461538461,14,12.39688675777164,21.6,21.6
경기,부천시,2008,광명역,용산역,61.9,61.9,62.9,18.9,30.0,13,13.0,14.0,67.92857142857143,15,12.39688675777164,21.6,21.6
경기,부천시,2009,광명역,용산역,61.9,61.9,62.9,18.9,30.0,13,13.0,14.0,67.92857142857143,15,12.39688675777164,21.6,21.6
경기,부천시,2010,광명역,서울역,57.9,63.9,63.61739130434783,18.9,30.0,9,15.0,14.717391304347826,30.622222222222224,46,12.39688675777164,21.6,21.6
경기,부천시,2011,광명역,서울역,57.9,63.9,64.32553191489362,18.9,30.0,9,15.0,15.425531914893616,31.195652173913043,47,12.39688675777164,21.6,21.6
경기,부천시,2012,광명역,서울역,57.9,63.9,64.4,18.9,30.0,9,15.0,15.5,28.137254901960784,52,12.39688675777164,21.6,21.6
경기,부천시,2013,광명역,서울역,57.9,63.9,64.77037037037037,18.9,30.0,9,15.0,15.87037037037037,27.07547169811321,54,12.39688675777164,21.6,21.6
경기,부천시,2014,광명역,서울역,57.9,63.9,66.09642857142858,18.9,30.0,9,15.0,17.196428571428573,26.09090909090909,56,12.39688675777164,21.6,21.6
경기,부천시,2015,광명역,서울역,58.9,65.9,67.759375,18.9,30.0,10,17.0,18.859375,22.682539682539684,64,12.39688675777164,21.6,21.6
경기,부천시,2016,영등포역,서울역,53.8,53.8,53.8,14.8,30.0,9,9.0,9.0,691.0,2,11.055805757505798,21.6,21.6
경기,부천시,2017,영등포역,서울역,53.8,53.8,53.8,14.8,30.0,9,9.0,9.0,691.0,2,11.055805757505798,21.6,21.6
경기,부천시,2018,영등포역,서울역,53.8,53.8,54.05,14.8,30.0,9,9.0,9.25,231.0,4,11.055805757505798,21.6,21.6
경기,부천시,2019,영등포역,서울역,53.8,53.8,54.13333333333333,14.8,30.0,9,9.0,9.333333333333334,158.4,6,11.055805757505798,21.6,21.6
경기,부천시,2020,영등포역,서울역,53.8,53.8,54.13333333333333,14.8,30.0,9,9.0,9.333333333333334,158.4,6,11.055805757505798,21.6,21.6
경기,부천시,2021,영등포역,서울역,53.8,53.8,53.8,14.8,30.0,9,9.0,9.0,156.8,6,11.055805757505798,21.6,21.6
경기,부천시,2022,영등포역,서울역,53.8,53.8,53.8,14.8,30.0,9,9.0,9.0,156.8,6,11.055805757505798,21.6,21.6
경기,부천시,2023,영등포역,서울역,55.8,55.8,55.8,14.8,30.0,11,11.0,11.0,156.8,6,11.055805757505798,21.6,21.6
경기,부천시,2024,영등포역,서울역,55.8,55.8,55.8,14.8,30.0,11,11.0,11.0,113.85714285714286,8,11.055805757505798,21.6,21.6
경기,부천시,2025,영등포역,서울역,55.8,55.8,55.8,14.8,30.0,11,11.0,11.0,113.85714285714286,8,11.055805757505798,21.6,21.6
경기,성남시 분당구,2007,광명역,용산역,72.3,73.3,74.65714285714286,29.3,30.0,13,14.0,15.357142857142858,103.61538461538461,14,20.38441749298151,30.6,30.6
경기,성남시 분당구,2008,광명역,용산역,72.3,72.3,73.3,29.3,30.0,13,13.0,14.0,67.92857142857143,15,20.38441749298151,30.6,30.6
경기,성남시 분당구,2009,광명역,용산역,72.3,72.3,73.3,29.3,30.0,13,13.0,14.0,67.92857142857143,15,20.38441749298151,30.6,30.6
경기,성남시 분당구,2010,광명역,서울역,68.3,74.3,74.01739130434783,29.3,30.0,9,15.0,14.717391304347826,30.622222222222224,46,20.38441749298151,30.6,30.6
경기,성남시 분당구,2011,광명역,서울역,68.3,74.3,74.72553191489361,29.3,30.0,9,15.0,15.425531914893616,31.195652173913043,47,20.38441749298151,30.6,30.6
경기,성남시 분당구,2012,광명역,서울역,68.3,74.3,74.8,29.3,30.0,9,15.0,15.5,28.137254901960784,52,20.38441749298151,30.6,30.6
경기,성남시 분당구,2013,광명역,서울역,68.3,74.3,75.17037037037036,29.3,30.0,9,15.0,15.87037037037037,27.07547169811321,54,20.38441749298151,30.6,30.6
경기,성남시 분당구,2014,광명역,서울역,68.3,74.3,76.49642857142857,29.3,30.0,9,15.0,17.196428571428573,26.09090909090909,56,20.38441749298151,30.6,30.6
경기,성남시 분당구,2015,광명역,서울역,69.3,76.3,78.159375,29.3,30.0,10,17.0,18.859375,22.682539682539684,64,20.38441749298151,30.6,30.6
경기,성남시 분당구,2016,용산역,서울역,65.6,65.6,67.51666666666667,30.6,30.0,5,5.0,6.916666666666667,79.36363636363636,12,20.874918783132518,30.6,30.6
경기,성남시 분당구,2017,용산역,서울역,65.6,65.6,67.68333333333334,30.6,30.0,5,5.0,7.083333333333333,79.36363636363636,12,20.874918783132518,30.6,30.6
경기,성남시 분당구,2018,용산역,서울역,65.6,65.6,67.46666666666667,30.6,30.0,5,5.0,6.866666666666666,62.07142857142857,15,20.874918783132518,30.6,30.6
경기,성남시 분당구,2019,용산역,서울역,65.6,66.6,68.4,30.6,30.0,5,6.0,7.8,62.07142857142857,15,20.874918783132518,30.6,30.6
경기,성남시 분당구,2020,용산역,서울역,65.6,68.1,68.6,30.6,30.0,5,7.5,8.0,57.93333333333333,16,20.874918783132518,30.6,30.6
경기,성남시 분당구,2021,용산역,서울역,65.6,65.6,68.8,30.6,30.0,5,5.0,8.2,61.92857142857143,15,20.874918783132518,30.6,30.6
경기,성남시 분당구,2022,용산역,서울역,65.6,65.6,68.8,30.6,30.0,5,5.0,8.2,61.92857142857143,15,20.874918783132518,30.6,30.6
경기,성남시 분당구,2023,용산역,서울역,65.6,67.6,68.26666666666667,30.6,30.0,5,7.0,7.666666666666667,50.588235294117645,18,20.874918783132518,30.6,30.6
경기,성남시 분당구,2024,용산역,서울역,65.6,65.6,68.12631578947368,30.6,30.0,5,5.0,7.526315789473684,47.77777777777778,19,20.874918783132518,30.6,30.6
경기,성남시 분당구,2025,용산역,서울역,65.6,65.6,68.02105263157895,30.6,30.0,5,5.0,7.421052631578948,47.77777777777778,19,20.874918783132518,30.6,30.6
경기,성남시 수정구,2007,광명역,용산역,73.2,74.2,75.55714285714286,30.2,30.0,13,14.0,15.357142857142858,103.61538461538461,14,19.762760510498964,26.2,26.2
경기,성남시 수정구,2008,광명역,용산역,73.2,73.2,74.2,30.2,30.0,13,13.0,14.0,67.92857142857143,15,19.762760510498964,26.2,26.2
경기,성남시 수정구,2009,광명역,용산역,73.2,73.2,74.2,30.2,30.0,13,13.0,14.0,67.92857142857143,15,19.762760510498964,26.2,26.2
경기,성남시 수정구,2010,광명역,서울역,69.2,75.2,74.91739130434783,30.2,30.0,9,15.0,14.717391304347826,30.622222222222224,46,19.762760510498964,26.2,26.2
경기,성남시 수정구,2011,광명역,서울역,69.2,75.2,75.62553191489361,30.2,30.0,9,15.0,15.425531914893616,31.195652173913043,47,19.762760510498964,26.2,26.2
경기,성남시 수정구,2012,광명역,서울역,69.2,75.2,75.7,30.2,30.0,9,15.0,15.5,28.137254901960784,52,19.762760510498964,26.2,26.2
경기,성남시 수정구,2013,용산역,서울역,64.2,64.2,64.2,26.2,30.0,8,8.0,8.0,,1,16.226123086785858,26.2,26.2
경기,성남시 수정구,2014,광명역,서울역,69.2,75.2,77.39642857142857,30.2,30.0,9,15.0,17.196428571428573,26.09090909090909,56,19.762760510498964,26.2,26.2
경기,성남시 수정구,2015,광명역,서울역,70.2,77.2,79.059375,30.2,30.0,10,17.0,18.859375,22.682539682539684,64,19.762760510498964,26.2,26.2
경기,성남시 수정구,2016,용산역,서울역,61.2,61.2,63.11666666666667,26.2,30.0,5,5.0,6.916666666666667,79.36363636363636,12,16.226123086785858,26.2,26.2
경기,성남시 수정구,2017,용산역,서울역,61.2,61.2,63.28333333333334,26.2,30.0,5,5.0,7.083333333333333,79.36363636363636,12,16.226123086785858,26.2,26.2
경기,성남시 수정구,2018,용산역,서울역,61.2,61.2,63.06666666666667,26.2,30.0,5,5.0,6.866666666666666,62.07142857142857,15,16.226123086785858,26.2,26.2
경기,성남시 수정구,2019,용산역,서울역,61.2,62.2,64.0,26.2,30.0,5,6.0,7.8,62.07142857142857,15,16.226123086785858,26.2,26.2
경기,성남시 수정구,2020,용산역,서울역,61.2,63.7,64.2,26.2,30.0,5,7.5,8.0,57.93333333333333,16,16.226123086785858,26.2,26.2
경기,성남시 수정구,2021,용산역,서울역,61.2,61.2,64.4,26.2,30.0,5,5.0,8.2,61.92857142857143,15,16.226123086785858,26.2,26.2
경기,성남시 수정구,2022,용산역,서울역,61.2,61.2,64.4,26.2,30.0,5,5.0,8.2,61.92857142857143,15,16.226123086785858,26.2,26.2
경기,성남시 수정구,2023,용산역,서울역,61.2,63.2,63.86666666666667,26.2,30.0,5,7.0,7.666666666666667,50.588235294117645,18,16.226123086785858,26.2,26.2
경기,성남시 수정구,2024,용산역,서울역,61.2,61.2,63.72631578947369,26.2,30.0,5,5.0,7.526315789473684,47.77777777777778,19,16.226123086785858,26.2,26.2
경기,성남시 수정구,2025,용산역,서울역,61.2,61.2,63.62105263157895,26.2,30.0,5,5.0,7.421052631578948,47.77777777777778,19,16.226123086785858,26.2,26.2
경기,성남시 중원구,2007,광명역,용산역,72.0,73.0,74.35714285714286,29.0,30.0,13,14.0,15.357142857142858,103.61538461538461,14,25.018109487736076,29.4,29.4
경기,성남시 중원구,2008,광명역,용산역,72.0,72.0,73.0,29.0,30.0,13,13.0,14.0,67.92857142857143,15,25.018109487736076,29.4,29.4
경기,성남시 중원구,2009,광명역,용산역,72.0,72.0,73.0,29.0,30.0,13,13.0,14.0,67.92857142857143,15,25.018109487736076,29.4,29.4
경기,성남시 중원구,2010,광명역,서울역,68.0,74.0,73.71739130434783,29.0,30.0,9,15.0,14.717391304347826,30.622222222222224,46,25.018109487736076,29.4,29.4
경기,성남시 중원구,2011,광명역,서울역,68.0,74.0,74.42553191489361,29.0,30.0,9,15.0,15.425531914893616,31.195652173913043,47,25.018109487736076,29.4,29.4
경기,성남시 중원구,2012,광명역,서울역,68.0,74.0,74.5,29.0,30.0,9,15.0,15.5,28.137254901960784,52,25.018109487736076,29.4,29.4
경기,성남시 중원구,2013,용산역,서울역,67.4,67.4,67.4,29.4,30.0,8,8.0,8.0,,1,20.64881648551737,29.4,29.4
경기,성남시 중원구,2014,광명역,서울역,68.0,74.0,76.19642857142857,29.0,30.0,9,15.0,17.196428571428573,26.09090909090909,56,25.018109487736076,29.4,29.4
경기,성남시 중원구,2015,광명역,서울역,69.0,76.0,77.859375,29.0,30.0,10,17.0,18.859375,22.682539682539684,64,25.018109487736076,29.4,29.4
경기,성남시 중원구,2016,용산역,서울역,64.4,64.4,66.31666666666666,29.4,30.0,5,5.0,6.916666666666667,79.36363636363636,12,20.64881648551737,29.4,29.4
경기,성남시 중원구,2017,용산역,서울역,64.4,64.4,66.48333333333333,29.4,30.0,5,5.0,7.083333333333333,79.36363636363636,12,20.64881648551737,29.4,29.4
경기,성남시 중원구,2018,용산역,서울역,64.4,64.4,66.26666666666667,29.4,30.0,5,5.0,6.866666666666666,62.07142857142857,15,20.64881648551737,29.4,29.4
경기,성남시 중원구,2019,용산역,서울역,64.4,65.4,67.2,29.4,30.0,5,6.0,7.8,62.07142857142857,15,20.64881648551737,29.4,29.4
경기,성남시 중원구,2020,용산역,서울역,64.4,66.9,67.4,29.4,30.0,5,7.5,8.0,57.93333333333333,16,20.64881648551737,29.4,29.4
경기,성남시 중원구,2021,용산역,서울역,64.4,64.4,67.6,29.4,30.0,5,5.0,8.2,61.92857142857143,15,20.64881648551737,29.4,29.4
경기,성남시 중원구,2022,용산역,서울역,64.4,64.4,67.6,29.4,30.0,5,5.0,8.2,61.92857142857143,15,20.64881648551737,29.4,29.4
경기,성남시 중원구,2023,용산역,서울역,64.4,66.4,67.06666666666666,29.4,30.0,5,7.0,7.666666666666667,50.588235294117645,18,20.64881648551737,29.4,29.4
경기,성남시 중원구,2024,용산역,서울역,64.4,64.4,66.92631578947368,29.4,30.0,5,5.0,7.526315789473684,47.77777777777778,19,20.64881648551737,29.4,29.4
경기,성남시 중원구,2025,용산역,서울역,64.4,64.4,66.82105263157895,29.4,30.0,5,5.0,7.421052631578948,47.77777777777778,19,20.64881648551737,29.4,29.4
경기,수원시 권선구,2007,광명역,용산역,69.6,70.6,71.95714285714286,26.6,30.0,13,14.0,15.357142857142858,103.61538461538461,14,19.772923927056578,36.2,36.2
경기,수원시 권선구,2008,광명역,용산역,69.6,69.6,70.6,26.6,30.0,13,13.0,14.0,67.92857142857143,15,19.772923927056578,36.2,36.2
경기,수원시 권선구,2009,광명역,용산역,69.6,69.6,70.6,26.6,30.0,13,13.0,14.0,67.92857142857143,15,19.772923927056578,36.2,36.2
경기,수원시 권선구,2010,광명역,서울역,65.6,71.6,71.31739130434782,26.6,30.0,9,15.0,14.717391304347826,30.622222222222224,46,19.772923927056578,36.2,36.2
경기,수원시 권선구,2011,광명역,서울역,65.6,71.6,72.02553191489362,26.6,30.0,9,15.0,15.425531914893616,31.195652173913043,47,19.772923927056578,36.2,36.2
경기,수원시 권선구,2012,광명역,서울역,65.6,71.6,72.1,26.6,30.0,9,15.0,15.5,28.137254901960784,52,19.772923927056578,36.2,36.2
경기,수원시 권선구,2013,광명역,서울역,65.6,71.6,72.47037037037038,26.6,30.0,9,15.0,15.87037037037037,27.07547169811321,54,19.772923927056578,36.2,36.2
경기,수원시 권선구,2014,광명역,서울역,65.6,71.6,73.79642857142858,26.6,30.0,9,15.0,17.196428571428573,26.09090909090909,56,19.772923927056578,36.2,36.2
경기,수원시 권선구,2015,광명역,서울역,66.6,73.6,75.459375,26.6,30.0,10,17.0,18.859375,22.682539682539684,64,19.772923927056578,36.2,36.2
경기,수원시 권선구,2016,수원역,서울역,63.7,66.7,66.95,6.7,30.0,27,30.0,30.25,229.33333333333334,4,1.8940981511485795,36.2,36.2
경기,수원시 권선구,2017,수원역,서울역,63.7,66.7,66.95,6.7,30.0,27,30.0,30.25,229.33333333333334,4,1.8940981511485795,36.2,36.2
경기,수원시 권선구,2018,수원역,서울역,66.7,69.7,69.45,6.7,30.0,30,33.0,32.75,229.66666666666666,4,1.8940981511485795,36.2,36.2
경기,수원시 권선구,2019,수원역,서울역,66.7,71.2,70.36666666666667,6.7,30.0,30,34.5,33.666666666666664,158.2,6,1.8940981511485795,36.2,36.2
경기,수원시 권선구,2020,수원역,서울역,66.7,71.2,70.36666666666667,6.7,30.0,30,34.5,33.666666666666664,158.2,6,1.8940981511485795,36.2,36.2
경기,수원시 권선구,2021,수원역,서울역,67.7,67.7,67.7,6.7,30.0,31,31.0,31.0,156.8,6,1.8940981511485795,36.2,36.2
경기,수원시 권선구,2022,수원역,서울역,67.7,67.7,67.7,6.7,30.0,31,31.0,31.0,156.8,6,1.8940981511485795,36.2,36.2
경기,수원시 권선구,2023,수원역,서울역,69.7,69.7,69.7,6.7,30.0,33,33.0,33.0,156.8,6,1.8940981511485795,36.2,36.2
경기,수원시 권선구,2024,수원역,서울역,69.7,69.7,70.45,6.7,30.0,33,33.0,33.75,113.42857142857143,8,1.8940981511485795,36.2,36.2
경기,수원시 권선구,2025,수원역,서울역,69.7,69.7,70.45,6.7,30.0,33,33.0,33.75,113.42857142857143,8,1.8940981511485795,36.2,36.2
경기,수원시 영통구,2007,광명역,용산역,71.8,72.8,74.15714285714286,28.8,30.0,13,14.0,15.357142857142858,103.61538461538461,14,22.392329328405914,36.0,36.0
경기,수원시 영통구,2008,광명역,용산역,71.8,71.8,72.8,28.8,30.0,13,13.0,14.0,67.92857142857143,15,22.392329328405914,36.0,36.0
경기,수원시 영통구,2009,광명역,용산역,71.8,71.8,72.8,28.8,30.0,13,13.0,14.0,67.92857142857143,15,22.392329328405914,36.0,36.0
경기,수원시 영통구,2010,광명역,서울역,67.8,73.8,73.51739130434783,28.8,30.0,9,15.0,14.717391304347826,30.622222222222224,46,22.392329328405914,36.0,36.0
경기,수원시 영통구,2011,광명역,서울역,67.8,73.8,74.22553191489361,28.8,30.0,9,15.0,15.425531914893616,31.195652173913043,47,22.392329328405914,36.0,36.0
경기,수원시 영통구,2012,광명역,서울역,67.8,73.8,74.3,28.8,30.0,9,15.0,15.5,28.137254901960784,52,22.392329328405914,36.0,36.0
경기,수원시 영통구,2013,광명역,서울역,67.8,73.8,74.67037037037036,28.8,30.0,9,15.0,15.87037037037037,27.07547169811321,54,22.392329328405914,36.0,36.0
경기,수원시 영통구,2014,광명역,서울역,67.8,73.8,75.99642857142857,28.8,30.0,9,15.0,17.196428571428573,26.09090909090909,56,22.392329328405914,36.0,36.0
경기,수원시 영통구,2015,광명역,서울역,68.8,75.8,77.659375,28.8,30.0,10,17.0,18.859375,22.682539682539684,64,22.392329328405914,36.0,36.0
경기,수원시 영통구,2016,수원역,서울역,63.8,66.8,67.05,6.8,30.0,27,30.0,30.25,229.33333333333334,4,5.1305730221226735,36.0,36.0
경기,수원시 영통구,2017,수원역,서울역,63.8,66.8,67.05,6.8,30.0,27,30.0,30.25,229.33333333333334,4,5.1305730221226735,36.0,36.0
경기,수원시 영통구,2018,수원역,서울역,66.8,69.8,69.55,6.8,30.0,30,33.0,32.75,229.66666666666666,4,5.1305730221226735,36.0,36.0
경기,수원시 영통구,2019,수원역,서울역,66.8,71.3,70.46666666666667,6.8,30.0,30,34.5,33.666666666666664,158.2,6,5.1305730221226735,36.0,36.0
경기,수원시 영통구,2020,수원역,서울역,66.8,71.3,70.46666666666667,6.8,30.0,30,34.5,33.666666666666664,158.2,6,5.1305730221226735,36.0,36.0
경기,수원시 영통구,2021,수원역,서울역,67.8,67.8,67.8,6.8,30.0,31,31.0,31.0,156.8,6,5.1305730221226735,36.0,36.0
경기,수원시 영통구,2022,수원역,서울역,67.8,67.8,67.8,6.8,30.0,31,31.0,31.0,156.8,6,5.1305730221226735,36.0,36.0
경기,수원시 영통구,2023,수원역,서울역,69.8,69.8,69.8,6.8,30.0,33,33.0,33.0,156.8,6,5.1305730221226735,36.0,36.0
경기,수원시 영통구,2024,수원역,서울역,69.8,69.8,70.55,6.8,30.0,33,33.0,33.75,113.42857142857143,8,5.1305730221226735,36.0,36.0
경기,수원시 영통구,2025,수원역,서울역,69.8,69.8,70.55,6.8,30.0,33,33.0,33.75,113.42857142857143,8,5.1305730221226735,36.0,36.0
경기,수원시 장안구,2007,광명역,용산역,75.0,76.0,77.35714285714286,32.0,30.0,13,14.0,15.357142857142858,103.61538461538461,14,16.01075788318483,39.3,39.3
경기,수원시 장안구,2008,광명역,용산역,75.0,75.0,76.0,32.0,30.0,13,13.0,14.0,67.92857142857143,15,16.01075788318483,39.3,39.3
경기,수원시 장안구,2009,광명역,용산역,75.0,75.0,76.0,32.0,30.0,13,13.0,14.0,67.92857142857143,15,16.01075788318483,39.3,39.3
경기,수원시 장안구,2010,광명역,서울역,71.0,77.0,76.71739130434783,32.0,30.0,9,15.0,14.717391304347826,30.622222222222224,46,16.01075788318483,39.3,39.3
경기,수원시 장안구,2011,광명역,서울역,71.0,77.0,77.42553191489361,32.0,30.0,9,15.0,15.425531914893616,31.195652173913043,47,16.01075788318483,39.3,39.3
경기,수원시 장안구,2012,광명역,서울역,71.0,77.0,77.5,32.0,30.0,9,15.0,15.5,28.137254901960784,52,16.01075788318483,39.3,39.3
경기,수원시 장안구,2013,광명역,서울역,71.0,77.0,77.87037037037037,32.0,30.0,9,15.0,15.87037037037037,27.07547169811321,54,16.01075788318483,39.3,39.3
경기,수원시 장안구,2014,광명역,서울역,71.0,77.0,79.19642857142857,32.0,30.0,9,15.0,17.196428571428573,26.09090909090909,56,16.01075788318483,39.3,39.3
경기,수원시 장안구,2015,광명역,서울역,72.0,79.0,80.859375,32.0,30.0,10,17.0,18.859375,22.682539682539684,64,16.01075788318483,39.3,39.3
경기,수원시 장안구,2016,수원역,서울역,69.6,72.6,72.85,12.6,30.0,27,30.0,30.25,229.33333333333334,4,5.317783834094884,39.3,39.3
경기,수원시 장안구,2017,수원역,서울역,69.6,72.6,72.85,12.6,30.0,27,30.0,30.25,229.33333333333334,4,5.317783834094884,39.3,39.3
경기,수원시 장안구,2018,수원역,서울역,72.6,75.6,75.35,12.6,30.0,30,33.0,32.75,229.66666666666666,4,5.317783834094884,39.3,39.3
경기,수원시 장안구,2019,수원역,서울역,72.6,77.1,76.26666666666667,12.6,30.0,30,34.5,33.666666666666664,158.2,6,5.317783834094884,39.3,39.3
경기,수원시 장안구,2020,수원역,서울역,72.6,77.1,76.26666666666667,12.6,30.0,30,34.5,33.666666666666664,158.2,6,5.317783834094884,39.3,39.3
경기,수원시 장안구,2021,수원역,서울역,73.6,73.6,73.6,12.6,30.0,31,31.0,31.0,156.8,6,5.317783834094884,39.3,39.3
경기,수원시 장안구,2022,수원역,서울역,73.6,73.6,73.6,12.6,30.0,31,31.0,31.0,156.8,6,5.317783834094884,39.3,39.3
경기,수원시 장안구,2023,용산역,서울역,74.3,76.3,76.96666666666667,39.3,30.0,5,7.0,7.666666666666667,50.588235294117645,18,24.173596966416866,39.3,39.3
경기,수원시 장안구,2024,용산역,서울역,74.3,74.3,76.82631578947368,39.3,30.0,5,5.0,7.526315789473684,47.77777777777778,19,24.173596966416866,39.3,39.3
경기,수원시 장안구,2025,용산역,서울역,74.3,74.3,76.72105263157894,39.3,30.0,5,5.0,7.421052631578948,47.77777777777778,19,24.173596966416866,39.3,39.3
경기,수원시 팔달구,2007,광명역,용산역,69.4,70.4,71.75714285714285,26.4,30.0,13,14.0,15.357142857142858,103.61538461538461,14,19.859345883338158,33.7,33.7
경기,수원시 팔달구,2008,광명역,용산역,69.4,69.4,70.4,26.4,30.0,13,13.0,14.0,67.92857142857143,15,19.859345883338158,33.7,33.7
경기,수원시 팔달구,2009,광명역,용산역,69.4,69.4,70.4,26.4,30.0,13,13.0,14.0,67.92857142857143,15,19.859345883338158,33.7,33.7
경기,수원시 팔달구,2010,광명역,서울역,65.4,71.4,71.11739130434782,26.4,30.0,9,15.0,14.717391304347826,30.622222222222224,46,19.859345883338158,33.7,33.7
경기,수원시 팔달구,2011,광명역,서울역,65.4,71.4,71.82553191489362,26.4,30.0,9,15.0,15.425531914893616,31.195652173913043,47,19.859345883338158,33.7,33.7
경기,수원시 팔달구,2012,광명역,서울역,65.4,71.4,71.9,26.4,30.0,9,15.0,15.5,28.137254901960784,52,19.859345883338158,33.7,33.7
경기,수원시 팔달구,2013,광명역,서울역,65.4,71.4,72.27037037037037,26.4,30.0,9,15.0,15.87037037037037,27.07547169811321,54,19.859345883338158,33.7,33.7
경기,수원시 팔달구,2014,광명역,서울역,65.4,71.4,73.59642857142858,26.4,30.0,9,15.0,17.196428571428573,26.09090909090909,56,19.859345883338158,33.7,33.7
경기,수원시 팔달구,2015,광명역,서울역,66.4,73.4,75.259375,26.4,30.0,10,17.0,18.859375,22.682539682539684,64,19.859345883338158,33.7,33.7
경기,수원시 팔달구,2016,수원역,서울역,59.4,62.4,62.65,2.4,30.0,27,30.0,30.25,229.33333333333334,4,1.9165356967760578,33.7,33.7
경기,수원시 팔달구,2017,수원역,서울역,59.4,62.4,62.65,2.4,30.0,27,30.0,30.25,229.33333333333334,4,1.9165356967760578,33.7,33.7
경기,수원시 팔달구,2018,수원역,서울역,62.4,65.4,65.15,2.4,30.0,30,33.0,32.75,229.66666666666666,4,1.9165356967760578,33.7,33.7
경기,수원시 팔달구,2019,수원역,서울역,62.4,66.9,66.06666666666666,2.4,30.0,30,34.5,33.666666666666664,158.2,6,1.9165356967760578,33.7,33.7
경기,수원시 팔달구,2020,수원역,서울역,62.4,66.9,66.06666666666666,2.4,30.0,30,34.5,33.666666666666664,158.2,6,1.9165356967760578,33.7,33.7
경기,수원시 팔달구,2021,수원역,서울역,63.4,63.4,63.4,2.4,30.0,31,31.0,31.0,156.8,6,1.9165356967760578,33.7,33.7
경기,수원시 팔달구,2022,수원역,서울역,63.4,63.4,63.4,2.4,30.0,31,31.0,31.0,156.8,6,1.9165356967760578,33.7,33.7
경기,수원시 팔달구,2023,수원역,서울역,65.4,65.4,65.4,2.4,30.0,33,33.0,33.0,156.8,6,1.9165356967760578,33.7,33.7
경기,수원시 팔달구,2024,수원역,서울역,65.4,65.4,66.15,2.4,30.0,33,33.0,33.75,113.42857142857143,8,1.9165356967760578,33.7,33.7
경기,수원시 팔달구,2025,수원역,서울역,65.4,65.4,66.15,2.4,30.0,33,33.0,33.75,113.42857142857143,8,1.9165356967760578,33.7,33.7
경기,시흥시,2007,광명역,용산역,59.4,60.4,61.75714285714285,16.4,30.0,13,14.0,15.357142857142858,103.61538461538461,14,9.484649856689666,30.4,30.4
경기,시흥시,2008,광명역,용산역,59.4,59.4,60.4,16.4,30.0,13,13.0,14.0,67.92857142857143,15,9.484649856689666,30.4,30.4
경기,시흥시,2009,광명역,용산역,59.4,59.4,60.4,16.4,30.0,13,13.0,14.0,67.92857142857143,15,9.484649856689666,30.4,30.4
경기,시흥시,2010,광명역,서울역,55.4,61.4,61.11739130434783,16.4,30.0,9,15.0,14.717391304347826,30.622222222222224,46,9.484649856689666,30.4,30.4
경기,시흥시,2011,광명역,서울역,55.4,61.4,61.82553191489362,16.4,30.0,9,15.0,15.425531914893616,31.195652173913043,47,9.484649856689666,30.4,30.4
경기,시흥시,2012,광명역,서울역,55.4,61.4,61.9,16.4,30.0,9,15.0,15.5,28.137254901960784,52,9.484649856689666,30.4,30.4
경기,시흥시,2013,광명역,서울역,55.4,61.4,62.27037037037037,16.4,30.0,9,15.0,15.87037037037037,27.07547169811321,54,9.484649856689666,30.4,30.4
경기,시흥시,2014,광명역,서울역,55.4,61.4,63.596428571428575,16.4,30.0,9,15.0,17.196428571428573,26.09090909090909,56,9.484649856689666,30.4,30.4
경기,시흥시,2015,광명역,서울역,56.4,63.4,65.259375,16.4,30.0,10,17.0,18.859375,22.682539682539684,64,9.484649856689666,30.4,30.4
경기,시흥시,2016,광명역,용산역,59.4,60.4,61.8390243902439,16.4,30.0,13,14.0,15.439024390243903,34.55,41,9.484649856689666,30.4,30.4
경기,시흥시,2017,광명역,용산역,59.4,60.4,61.85454545454545,16.4,30.0,13,14.0,15.454545454545455,32.13953488372093,44,9.484649856689666,30.4,30.4
경기,시흥시,2018,광명역,용산역,59.4,61.4,61.913513513513514,16.4,30.0,13,15.0,15.513513513513514,37.638888888888886,37,9.484649856689666,30.4,30.4
경기,시흥시,2019,광명역,용산역,59.4,61.4,62.21081081081081,16.4,30.0,13,15.0,15.81081081081081,37.72222222222222,37,9.484649856689666,30.4,30.4
경기,시흥시,2020,광명역,용산역,59.4,61.9,62.21578947368421,16.4,30.0,13,15.5,15.81578947368421,36.7027027027027,38,9.484649856689666,30.4,30.4
경기,시흥시,2021,광명역,용산역,60.4,60.4,62.12972972972973,16.4,30.0,14,14.0,15.72972972972973,27.61111111111111,37,9.484649856689666,30.4,30.4
경기,시흥시,2022,광명역,용산역,60.4,60.4,62.12972972972973,16.4,30.0,14,14.0,15.72972972972973,27.61111111111111,37,9.484649856689666,30.4,30.4
경기,시흥시,2023,광명역,용산역,62.4,64.4,64.01904761904763,16.4,30.0,16,18.0,17.61904761904762,24.21951219512195,42,9.484649856689666,30.4,30.4
경기,시흥시,2024,광명역,용산역,62.4,64.4,64.00975609756097,16.4,30.0,16,18.0,17.609756097560975,24.825,41,9.484649856689666,30.4,30.4
경기,시흥시,2025,광명역,용산역,62.4,64.4,64.01904761904763,16.4,30.0,16,18.0,17.61904761904762,24.21951219512195,42,9.484649856689666,30.4,30.4
경기,안산시 단원구,2007,광명역,용산역,98.2,99.2,100.55714285714286,55.2,30.0,13,14.0,15.357142857142858,103.61538461538461,14,23.648987188270763,72.2,72.2
경기,안산시 단원구,2008,광명역,용산역,98.2,98.2,99.2,55.2,30.0,13,13.0,14.0,67.92857142857143,15,23.648987188270763,72.2,72.2
경기,안산시 단원구,2009,광명역,용산역,98.2,98.2,99.2,55.2,30.0,13,13.0,14.0,67.92857142857143,15,23.648987188270763,72.2,72.2
경기,안산시 단원구,2010,광명역,서울역,94.2,100.2,99.91739130434783,55.2,30.0,9,15.0,14.717391304347826,30.622222222222224,46,23.648987188270763,72.2,72.2
경기,안산시 단원구,2011,광명역,서울역,94.2,100.2,100.62553191489361,55.2,30.0,9,15.0,15.425531914893616,31.195652173913043,47,23.648987188270763,72.2,72.2
경기,안산시 단원구,2012,광명역,서울역,94.2,100.2,100.7,55.2,30.0,9,15.0,15.5,28.137254901960784,52,23.648987188270763,72.2,72.2
경기,안산시 단원구,2013,광명역,서울역,94.2,100.2,101.07037037037037,55.2,30.0,9,15.0,15.87037037037037,27.07547169811321,54,23.648987188270763,72.2,72.2
경기,안산시 단원구,2014,광명역,서울역,94.2,100.2,102.39642857142857,55.2,30.0,9,15.0,17.196428571428573,26.09090909090909,56,23.648987188270763,72.2,72.2
경기,안산시 단원구,2015,광명역,서울역,95.2,102.2,104.059375,55.2,30.0,10,17.0,18.859375,22.682539682539684,64,23.648987188270763,72.2,72.2
경기,안산시 단원구,2016,광명역,용산역,98.2,99.2,100.6390243902439,55.2,30.0,13,14.0,15.439024390243903,34.55,41,23.648987188270763,72.2,72.2
경기,안산시 단원구,2017,광명역,용산역,98.2,99.2,100.65454545454546,55.2,30.0,13,14.0,15.454545454545455,32.13953488372093,44,23.648987188270763,72.2,72.2
경기,안산시 단원구,2018,광명역,용산역,98.2,100.2,100.71351351351352,55.2,30.0,13,15.0,15.513513513513514,37.638888888888886,37,23.648987188270763,72.2,72.2
경기,안산시 단원구,2019,광명역,용산역,98.2,100.2,101.01081081081081,55.2,30.0,13,15.0,15.81081081081081,37.72222222222222,37,23.648987188270763,72.2,72.2
경기,안산시 단원구,2020,광명역,용산역,98.2,100.7,101.01578947368421,55.2,30.0,13,15.5,15.81578947368421,36.7027027027027,38,23.648987188270763,72.2,72.2
경기,안산시 단원구,2021,광명역,용산역,99.2,99.2,100.92972972972973,55.2,30.0,14,14.0,15.72972972972973,27.61111111111111,37,23.648987188270763,72.2,72.2
경기,안산시 단원구,2022,광명역,용산역,99.2,99.2,100.92972972972973,55.2,30.0,14,14.0,15.72972972972973,27.61111111111111,37,23.648987188270763,72.2,72.2
경기,안산시 단원구,2023,광명역,용산역,101.2,103.2,102.81904761904762,55.2,30.0,16,18.0,17.61904761904762,24.21951219512195,42,23.648987188270763,72.2,72.2
경기,안산시 단원구,2024,광명역,용산역,101.2,103.2,102.80975609756098,55.2,30.0,16,18.0,17.609756097560975,24.825,41,23.648987188270763,72.2,72.2
경기,안산시 단원구,2025,광명역,용산역,101.2,103.2,102.81904761904762,55.2,30.0,16,18.0,17.61904761904762,24.21951219512195,42,23.648987188270763,72.2,72.2
경기,안산시 상록구,2007,광명역,용산역,60.9,61.9,63.25714285714285,17.9,30.0,13,14.0,15.357142857142858,103.61538461538461,14,11.680313413403098,35.3,35.3
경기,안산시 상록구,2008,광명역,용산역,60.9,60.9,61.9,17.9,30.0,13,13.0,14.0,67.92857142857143,15,11.680313413403098,35.3,35.3
경기,안산시 상록구,2009,광명역,용산역,60.9,60.9,61.9,17.9,30.0,13,13.0,14.0,67.92857142857143,15,11.680313413403098,35.3,35.3
경기,안산시 상록구,2010,광명역,서울역,56.9,62.9,62.61739130434783,17.9,30.0,9,15.0,14.717391304347826,30.622222222222224,46,11.680313413403098,35.3,35.3
경기,안산시 상록구,2011,광명역,서울역,56.9,62.9,63.32553191489362,17.9,30.0,9,15.0,15.425531914893616,31.195652173913043,47,11.680313413403098,35.3,35.3
경기,안산시 상록구,2012,광명역,서울역,56.9,62.9,63.4,17.9,30.0,9,15.0,15.5,28.137254901960784,52,11.680313413403098,35.3,35.3
경기,안산시 상록구,2013,광명역,서울역,56.9,62.9,63.77037037037037,17.9,30.0,9,15.0,15.87037037037037,27.07547169811321,54,11.680313413403098,35.3,35.3
경기,안산시 상록구,2014,광명역,서울역,56.9,62.9,65.09642857142858,17.9,30.0,9,15.0,17.196428571428573,26.09090909090909,56,11.680313413403098,35.3,35.3
경기,안산시 상록구,2015,광명역,서울역,57.9,64.9,66.759375,17.9,30.0,10,17.0,18.859375,22.682539682539684,64,11.680313413403098,35.3,35.3
경기,안산시 상록구,2016,광명역,용산역,60.9,61.9,63.3390243902439,17.9,30.0,13,14.0,15.439024390243903,34.55,41,11.680313413403098,35.3,35.3
경기,안산시 상록구,2017,광명역,용산역,60.9,61.9,63.35454545454545,17.9,30.0,13,14.0,15.454545454545455,32.13953488372093,44,11.680313413403098,35.3,35.3
경기,안산시 상록구,2018,광명역,용산역,60.9,62.9,63.413513513513514,17.9,30.0,13,15.0,15.513513513513514,37.638888888888886,37,11.680313413403098,35.3,35.3
경기,안산시 상록구,2019,광명역,용산역,60.9,62.9,63.71081081081081,17.9,30.0,13,15.0,15.81081081081081,37.72222222222222,37,11.680313413403098,35.3,35.3
경기,안산시 상록구,2020,광명역,용산역,60.9,63.4,63.71578947368421,17.9,30.0,13,15.5,15.81578947368421,36.7027027027027,38,11.680313413403098,35.3,35.3
경기,안산시 상록구,2021,광명역,용산역,61.9,61.9,63.62972972972973,17.9,30.0,14,14.0,15.72972972972973,27.61111111111111,37,11.680313413403098,35.3,35.3
경기,안산시 상록구,2022,광명역,용산역,61.9,61.9,63.62972972972973,17.9,30.0,14,14.0,15.72972972972973,27.61111111111111,37,11.680313413403098,35.3,35.3
경기,안산시 상록구,2023,광명역,용산역,63.9,65.9,65.51904761904763,17.9,30.0,16,18.0,17.61904761904762,24.21951219512195,42,11.680313413403098,35.3,35.3
경기,안산시 상록구,2024,광명역,용산역,63.9,65.9,65.50975609756097,17.9,30.0,16,18.0,17.609756097560975,24.825,41,11.680313413403098,35.3,35.3
경기,안산시 상록구,2025,광명역,용산역,63.9,65.9,65.51904761904763,17.9,30.0,16,18.0,17.61904761904762,24.21951219512195,42,11.680313413403098,35.3,35.3
경기,안성시,2007,,,,,,,,,,,,,,66.3,66.3
경기,안성시,2008,,,,,,,,,,,,,,66.3,66.3
경기,안성시,2009,,,,,,,,,,,,,,66.3,66.3
경기,안성시,2010,,,,,,,,,,,,,,66.3,66.3
경기,안성시,2011,,,,,,,,,,,,,,66.3,66.3
경기,안성시,2012,,,,,,,,,,,,,,66.3,66.3
경기,안성시,2013,,,,,,,,,,,,,,66.3,66.3
경기,안성시,2014,,,,,,,,,,,,,,66.3,66.3
경기,안성시,2015,,,,,,,,,,,,,,66.3,66.3
경기,안성시,2016,,,,,,,,,,,,,,66.3,66.3
경기,안성시,2017,,,,,,,,,,,,,,66.3,66.3
경기,안성시,2018,,,,,,,,,,,,,,66.3,66.3
경기,안성시,2019,,,,,,,,,,,,,,66.3,66.3
경기,안성시,2020,,,,,,,,,,,,,,66.3,66.3
경기,안성시,2021,,,,,,,,,,,,,,66.3,66.3
경기,안성시,2022,,,,,,,,,,,,,,66.3,66.3
경기,안성시,2023,,,,,,,,,,,,,,66.3,66.3
경기,안성시,2024,,,,,,,,,,,,,,66.3,66.3
경기,안성시,2025,,,,,,,,,,,,,,66.3,66.3
경기,안양시 동안구,2007,광명역,용산역,55.0,56.0,57.35714285714286,12.0,30.0,13,14.0,15.357142857142858,103.61538461538461,14,6.907332499569081,20.4,20.4
경기,안양시 동안구,2008,광명역,용산역,55.0,55.0,56.0,12.0,30.0,13,13.0,14.0,67.92857142857143,15,6.907332499569081,20.4,20.4
경기,안양시 동안구,2009,광명역,용산역,55.0,55.0,56.0,12.0,30.0,13,13.0,14.0,67.92857142857143,15,6.907332499569081,20.4,20.4
경기,안양시 동안구,2010,광명역,서울역,51.0,57.0,56.71739130434783,12.0,30.0,9,15.0,14.717391304347826,30.622222222222224,46,6.907332499569081,20.4,20.4
경기,안양시 동안구,2011,광명역,서울역,51.0,57.0,57.42553191489362,12.0,30.0,9,15.0,15.425531914893616,31.195652173913043,47,6.907332499569081,20.4,20.4
경기,안양시 동안구,2012,광명역,서울역,51.0,57.0,57.5,12.0,30.0,9,15.0,15.5,28.137254901960784,52,6.907332499569081,20.4,20.4
경기,안양시 동안구,2013,광명역,서울역,51.0,57.0,57.87037037037037,12.0,30.0,9,15.0,15.87037037037037,27.07547169811321,54,6.907332499569081,20.4,20.4
경기,안양시 동안구,2014,광명역,서울역,51.0,57.0,59.19642857142857,12.0,30.0,9,15.0,17.196428571428573,26.09090909090909,56,6.907332499569081,20.4,20.4
경기,안양시 동안구,2015,광명역,서울역,52.0,59.0,60.859375,12.0,30.0,10,17.0,18.859375,22.682539682539684,64,6.907332499569081,20.4,20.4
경기,안양시 동안구,2016,광명역,용산역,55.0,56.0,57.4390243902439,12.0,30.0,13,14.0,15.439024390243903,34.55,41,6.907332499569081,20.4,20.4
경기,안양시 동안구,2017,광명역,용산역,55.0,56.0,57.45454545454545,12.0,30.0,13,14.0,15.454545454545455,32.13953488372093,44,6.907332499569081,20.4,20.4
경기,안양시 동안구,2018,광명역,용산역,55.0,57.0,57.513513513513516,12.0,30.0,13,15.0,15.513513513513514,37.638888888888886,37,6.907332499569081,20.4,20.4
경기,안양시 동안구,2019,광명역,용산역,55.0,57.0,57.81081081081081,12.0,30.0,13,15.0,15.81081081081081,37.72222222222222,37,6.907332499569081,20.4,20.4
경기,안양시 동안구,2020,광명역,용산역,55.0,57.5,57.81578947368421,12.0,30.0,13,15.5,15.81578947368421,36.7027027027027,38,6.907332499569081,20.4,20.4
경기,안양시 동안구,2021,용산역,서울역,55.4,55.4,58.599999999999994,20.4,30.0,5,5.0,8.2,61.92857142857143,15,14.350515895766753,20.4,20.4
경기,안양시 동안구,2022,용산역,서울역,55.4,55.4,58.599999999999994,20.4,30.0,5,5.0,8.2,61.92857142857143,15,14.350515895766753,20.4,20.4
경기,안양시 동안구,2023,용산역,서울역,55.4,57.4,58.06666666666666,20.4,30.0,5,7.0,7.666666666666667,50.588235294117645,18,14.350515895766753,20.4,20.4
경기,안양시 동안구,2024,용산역,서울역,55.4,55.4,57.92631578947368,20.4,30.0,5,5.0,7.526315789473684,47.77777777777778,19,14.350515895766753,20.4,20.4
경기,안양시 동안구,2025,용산역,서울역,55.4,55.4,57.821052631578944,20.4,30.0,5,5.0,7.421052631578948,47.77777777777778,19,14.350515895766753,20.4,20.4
경기,안양시 만안구,2007,광명역,용산역,49.2,50.2,51.557142857142864,6.2,30.0,13,14.0,15.357142857142858,103.61538461538461,14,3.2071532490558834,23.8,23.8
경기,안양시 만안구,2008,광명역,용산역,49.2,49.2,50.2,6.2,30.0,13,13.0,14.0,67.92857142857143,15,3.2071532490558834,23.8,23.8
경기,안양시 만안구,2009,광명역,용산역,49.2,49.2,50.2,6.2,30.0,13,13.0,14.0,67.92857142857143,15,3.2071532490558834,23.8,23.8
경기,안양시 만안구,2010,광명역,서울역,45.2,51.2,50.91739130434783,6.2,30.0,9,15.0,14.717391304347826,30.622222222222224,46,3.2071532490558834,23.8,23.8
경기,안양시 만안구,2011,광명역,서울역,45.2,51.2,51.62553191489362,6.2,30.0,9,15.0,15.425531914893616,31.195652173913043,47,3.2071532490558834,23.8,23.8
경기,안양시 만안구,2012,광명역,서울역,45.2,51.2,51.7,6.2,30.0,9,15.0,15.5,28.137254901960784,52,3.2071532490558834,23.8,23.8
경기,안양시 만안구,2013,광명역,서울역,45.2,51.2,52.07037037037037,6.2,30.0,9,15.0,15.87037037037037,27.07547169811321,54,3.2071532490558834,23.8,23.8
경기,안양시 만안구,2014,광명역,서울역,45.2,51.2,53.39642857142857,6.2,30.0,9,15.0,17.196428571428573,26.09090909090909,56,3.2071532490558834,23.8,23.8
경기,안양시 만안구,2015,광명역,서울역,46.2,53.2,55.059375,6.2,30.0,10,17.0,18.859375,22.682539682539684,64,3.2071532490558834,23.8,23.8
경기,안양시 만안구,2016,광명역,용산역,49.2,50.2,51.639024390243904,6.2,30.0,13,14.0,15.439024390243903,34.55,41,3.2071532490558834,23.8,23.8
경기,안양시 만안구,2017,광명역,용산역,49.2,50.2,51.654545454545456,6.2,30.0,13,14.0,15.454545454545455,32.13953488372093,44,3.2071532490558834,23.8,23.8
경기,안양시 만안구,2018,광명역,용산역,49.2,51.2,51.71351351351352,6.2,30.0,13,15.0,15.513513513513514,37.638888888888886,37,3.2071532490558834,23.8,23.8
경기,안양시 만안구,2019,광명역,용산역,49.2,51.2,52.01081081081081,6.2,30.0,13,15.0,15.81081081081081,37.72222222222222,37,3.2071532490558834,23.8,23.8
경기,안양시 만안구,2020,광명역,용산역,49.2,51.7,52.015789473684215,6.2,30.0,13,15.5,15.81578947368421,36.7027027027027,38,3.2071532490558834,23.8,23.8
경기,안양시 만안구,2021,광명역,용산역,50.2,50.2,51.92972972972973,6.2,30.0,14,14.0,15.72972972972973,27.61111111111111,37,3.2071532490558834,23.8,23.8
경기,안양시 만안구,2022,광명역,용산역,50.2,50.2,51.92972972972973,6.2,30.0,14,14.0,15.72972972972973,27.61111111111111,37,3.2071532490558834,23.8,23.8
경기,안양시 만안구,2023,광명역,용산역,52.2,54.2,53.81904761904762,6.2,30.0,16,18.0,17.61904761904762,24.21951219512195,42,3.2071532490558834,23.8,23.8
경기,안양시 만안구,2024,광명역,용산역,52.2,54.2,53.80975609756098,6.2,30.0,16,18.0,17.609756097560975,24.825,41,3.2071532490558834,23.8,23.8
경기,안양시 만안구,2025,광명역,용산역,52.2,54.2,53.81904761904762,6.2,30.0,16,18.0,17.61904761904762,24.21951219512195,42,3.2071532490558834,23.8,23.8
경기,양주시,2007,,,,,,,,,,,,,,42.5,42.5
경기,양주시,2008,,,,,,,,,,,,,,42.5,42.5
경기,양주시,2009,,,,,,,,,,,,,,42.5,42.5
경기,양주시,2010,,,,,,,,,,,,,,42.5,42.5
경기,양주시,2011,,,,,,,,,,,,,,42.5,42.5
경기,양주시,2012,,,,,,,,,,,,,,42.5,42.5
경기,양주시,2013,,,,,,,,,,,,,,42.5,42.5
경기,양주시,2014,,,,,,,,,,,,,,42.5,42.5
경기,양주시,2015,,,,,,,,,,,,,,42.5,42.5
경기,양주시,2016,,,,,,,,,,,,,,42.5,42.5
경기,양주시,2017,,,,,,,,,,,,,,42.5,42.5
경기,양주시,2018,상봉역,서울역,87.3,88.3,88.52222222222221,32.3,30.0,25,26.0,26.22222222222222,104.75,9,24.64327462055314,42.5,42.5
경기,양주시,2019,상봉역,서울역,87.3,88.3,88.52222222222221,32.3,30.0,25,26.0,26.22222222222222,104.75,9,24.64327462055314,42.5,42.5
경기,양주시,2020,상봉역,서울역,87.3,88.3,88.6,32.3,30.0,25,26.0,26.3,92.11111111111111,10,24.64327462055314,42.5,42.5
경기,양주시,2021,상봉역,서울역,87.3,88.3,88.5,32.3,30.0,25,26.0,26.2,92.11111111111111,10,24.64327462055314,42.5,42.5
경기,양주시,2022,상봉역,서울역,87.3,88.3,88.5,32.3,30.0,25,26.0,26.2,92.11111111111111,10,24.64327462055314,42.5,42.5
경기,양주시,2023,상봉역,서울역,88.3,88.3,88.55,32.3,30.0,26,26.0,26.25,102.0,8,24.64327462055314,42.5,42.5
경기,양주시,2024,상봉역,서울역,88.3,88.3,88.55,32.3,30.0,26,26.0,26.25,102.14285714285714,8,24.64327462055314,42.5,42.5
경기,양주시,2025,상봉역,서울역,89.3,89.3,89.3,32.3,30.0,27,27.0,27.0,145.66666666666666,7,24.64327462055314,42.5,42.5
경기,양평군,2007,,,,,,,,,,,,,,71.7,71.7
경기,양평군,2008,,,,,,,,,,,,,,71.7,71.7
경기,양평군,2009,,,,,,,,,,,,,,71.7,71.7
경기,양평군,2010,,,,,,,,,,,,,,71.7,71.7
경기,양평군,2011,,,,,,,,,,,,,,71.7,71.7
경기,양평군,2012,,,,,,,,,,,,,,71.7,71.7
경기,양평군,2013,,,,,,,,,,,,,,71.7,71.7
경기,양평군,2014,,,,,,,,,,,,,,71.7,71.7
경기,양평군,2015,,,,,,,,,,,,,,71.7,71.7
경기,양평군,2016,,,,,,,,,,,,,,71.7,71.7
경기,양평군,2017,,,,,,,,,,,,,,71.7,71.7
경기,양평군,2018,양평역,서울역,96.6,96.6,98.05454545454546,19.6,30.0,47,47.0,48.45454545454545,90.3,11,8.109614550603037,71.7,71.7
경기,양평군,2019,양평역,서울역,96.6,96.6,98.05454545454546,19.6,30.0,47,47.0,48.45454545454545,90.3,11,8.109614550603037,71.7,71.7
경기,양평군,2020,양평역,서울역,96.6,98.1,98.43333333333334,19.6,30.0,47,48.5,48.833333333333336,91.54545454545455,12,8.109614550603037,71.7,71.7
경기,양평군,2021,양평역,서울역,96.6,98.1,98.35,19.6,30.0,47,48.5,48.75,91.54545454545455,12,8.109614550603037,71.7,71.7
경기,양평군,2022,양평역,서울역,96.6,98.1,98.35,19.6,30.0,47,48.5,48.75,91.54545454545455,12,8.109614550603037,71.7,71.7
경기,양평군,2023,양평역,서울역,96.6,98.1,98.52857142857144,19.6,30.0,47,48.5,48.92857142857143,77.46153846153847,14,8.109614550603037,71.7,71.7
경기,양평군,2024,양평역,서울역,96.6,98.1,98.38571428571429,19.6,30.0,47,48.5,48.785714285714285,77.46153846153847,14,8.109614550603037,71.7,71.7
경기,양평군,2025,양평역,서울역,96.6,98.6,98.52307692307693,19.6,30.0,47,49.0,48.92307692307692,83.91666666666667,13,8.109614550603037,71.7,71.7
경기,여주시,2007,,,,,,,,,,,,,,68.9,68.9
경기,여주시,2008,,,,,,,,,,,,,,68.9,68.9
경기,여주시,2009,,,,,,,,,,,,,,68.9,68.9
경기,여주시,2010,,,,,,,,,,,,,,68.9,68.9
경기,여주시,2011,,,,,,,,,,,,,,68.9,68.9
경기,여주시,2012,,,,,,,,,,,,,,68.9,68.9
경기,여주시,2013,,,,,,,,,,,,,,68.9,68.9
경기,여주시,2014,,,,,,,,,,,,,,68.9,68.9
경기,여주시,2015,,,,,,,,,,,,,,68.9,68.9
경기,여주시,2016,,,,,,,,,,,,,,68.9,68.9
경기,여주시,2017,,,,,,,,,,,,,,68.9,68.9
경기,여주시,2018,양평역,서울역,103.3,103.3,104.75454545454545,26.3,30.0,47,47.0,48.45454545454545,90.3,11,24.11298527550184,68.9,68.9
경기,여주시,2019,양평역,서울역,103.3,103.3,104.75454545454545,26.3,30.0,47,47.0,48.45454545454545,90.3,11,24.11298527550184,68.9,68.9
경기,여주시,2020,양평역,서울역,103.3,104.8,105.13333333333333,26.3,30.0,47,48.5,48.833333333333336,91.54545454545455,12,24.11298527550184,68.9,68.9
경기,여주시,2021,양평역,서울역,103.3,104.8,105.05,26.3,30.0,47,48.5,48.75,91.54545454545455,12,24.11298527550184,68.9,68.9
경기,여주시,2022,양평역,서울역,103.3,104.8,105.05,26.3,30.0,47,48.5,48.75,91.54545454545455,12,24.11298527550184,68.9,68.9
경기,여주시,2023,양평역,서울역,103.3,104.8,105.22857142857143,26.3,30.0,47,48.5,48.92857142857143,77.46153846153847,14,24.11298527550184,68.9,68.9
경기,여주시,2024,양평역,서울역,103.3,104.8,105.08571428571429,26.3,30.0,47,48.5,48.785714285714285,77.46153846153847,14,24.11298527550184,68.9,68.9
경기,여주시,2025,양평역,서울역,103.3,105.3,105.22307692307692,26.3,30.0,47,49.0,48.92307692307692,83.91666666666667,13,24.11298527550184,68.9,68.9
경기,연천군,2007,,,,,,,,,,,,,,81.0,81.0
경기,연천군,2008,,,,,,,,,,,,,,81.0,81.0
경기,연천군,2009,,,,,,,,,,,,,,81.0,81.0
경기,연천군,2010,,,,,,,,,,,,,,81.0,81.0
경기,연천군,2011,,,,,,,,,,,,,,81.0,81.0
경기,연천군,2012,,,,,,,,,,,,,,81.0,81.0
경기,연천군,2013,,,,,,,,,,,,,,81.0,81.0
경기,연천군,2014,,,,,,,,,,,,,,81.0,81.0
경기,연천군,2015,,,,,,,,,,,,,,81.0,81.0
경기,연천군,2016,,,,,,,,,,,,,,81.0,81.0
경기,연천군,2017,,,,,,,,,,,,,,81.0,81.0
경기,연천군,2018,,,,,,,,,,,,,,81.0,81.0
경기,연천군,2019,,,,,,,,,,,,,,81.0,81.0
경기,연천군,2020,,,,,,,,,,,,,,81.0,81.0
경기,연천군,2021,,,,,,,,,,,,,,81.0,81.0
경기,연천군,2022,,,,,,,,,,,,,,81.0,81.0
경기,연천군,2023,,,,,,,,,,,,,,81.0,81.0
경기,연천군,2024,,,,,,,,,,,,,,81.0,81.0
경기,연천군,2025,,,,,,,,,,,,,,81.0,81.0
경기,오산시,2007,,,,,,,,,,,,,,47.6,47.6
경기,오산시,2008,,,,,,,,,,,,,,47.6,47.6
경기,오산시,2009,,,,,,,,,,,,,,47.6,47.6
경기,오산시,2010,,,,,,,,,,,,,,47.6,47.6
경기,오산시,2011,,,,,,,,,,,,,,47.6,47.6
경기,오산시,2012,,,,,,,,,,,,,,47.6,47.6
경기,오산시,2013,,,,,,,,,,,,,,47.6,47.6
경기,오산시,2014,,,,,,,,,,,,,,47.6,47.6
경기,오산시,2015,,,,,,,,,,,,,,47.6,47.6
경기,오산시,2016,수원역,서울역,72.2,75.2,75.45,15.2,30.0,27,30.0,30.25,229.33333333333334,4,12.285109814184045,47.6,47.6
경기,오산시,2017,수원역,서울역,72.2,75.2,75.45,15.2,30.0,27,30.0,30.25,229.33333333333334,4,12.285109814184045,47.6,47.6
경기,오산시,2018,수원역,서울역,75.2,78.2,77.95,15.2,30.0,30,33.0,32.75,229.66666666666666,4,12.285109814184045,47.6,47.6
경기,오산시,2019,수원역,서울역,75.2,79.7,78.86666666666667,15.2,30.0,30,34.5,33.666666666666664,158.2,6,12.285109814184045,47.6,47.6
경기,오산시,2020,수원역,서울역,75.2,79.7,78.86666666666667,15.2,30.0,30,34.5,33.666666666666664,158.2,6,12.285109814184045,47.6,47.6
경기,오산시,2021,수원역,서울역,76.2,76.2,76.2,15.2,30.0,31,31.0,31.0,156.8,6,12.285109814184045,47.6,47.6
경기,오산시,2022,수원역,서울역,76.2,76.2,76.2,15.2,30.0,31,31.0,31.0,156.8,6,12.285109814184045,47.6,47.6
경기,오산시,2023,수원역,서울역,78.2,78.2,78.2,15.2,30.0,33,33.0,33.0,156.8,6,12.285109814184045,47.6,47.6
경기,오산시,2024,수원역,서울역,78.2,78.2,78.95,15.2,30.0,33,33.0,33.75,113.42857142857143,8,12.285109814184045,47.6,47.6
경기,오산시,2025,수원역,서울역,78.2,78.2,78.95,15.2,30.0,33,33.0,33.75,113.42857142857143,8,12.285109814184045,47.6,47.6
경기,용인시 기흥구,2007,광명역,용산역,78.1,79.1,80.45714285714286,35.1,30.0,13,14.0,15.357142857142858,103.61538461538461,14,27.198224922971896,39.1,39.1
경기,용인시 기흥구,2008,광명역,용산역,78.1,78.1,79.1,35.1,30.0,13,13.0,14.0,67.92857142857143,15,27.198224922971896,39.1,39.1
경기,용인시 기흥구,2009,광명역,용산역,78.1,78.1,79.1,35.1,30.0,13,13.0,14.0,67.92857142857143,15,27.198224922971896,39.1,39.1
경기,용인시 기흥구,2010,광명역,서울역,74.1,80.1,79.81739130434782,35.1,30.0,9,15.0,14.717391304347826,30.622222222222224,46,27.198224922971896,39.1,39.1
경기,용인시 기흥구,2011,광명역,서울역,74.1,80.1,80.5255319148936,35.1,30.0,9,15.0,15.425531914893616,31.195652173913043,47,27.198224922971896,39.1,39.1
경기,용인시 기흥구,2012,광명역,서울역,74.1,80.1,80.6,35.1,30.0,9,15.0,15.5,28.137254901960784,52,27.198224922971896,39.1,39.1
경기,용인시 기흥구,2013,광명역,서울역,74.1,80.1,80.97037037037036,35.1,30.0,9,15.0,15.87037037037037,27.07547169811321,54,27.198224922971896,39.1,39.1
경기,용인시 기흥구,2014,광명역,서울역,74.1,80.1,82.29642857142856,35.1,30.0,9,15.0,17.196428571428573,26.09090909090909,56,27.198224922971896,39.1,39.1
경기,용인시 기흥구,2015,광명역,서울역,75.1,82.1,83.959375,35.1,30.0,10,17.0,18.859375,22.682539682539684,64,27.198224922971896,39.1,39.1
경기,용인시 기흥구,2016,수원역,서울역,70.1,73.1,73.35,13.1,30.0,27,30.0,30.25,229.33333333333334,4,10.765219534742084,39.1,39.1
경기,용인시 기흥구,2017,수원역,서울역,70.1,73.1,73.35,13.1,30.0,27,30.0,30.25,229.33333333333334,4,10.765219534742084,39.1,39.1
경기,용인시 기흥구,2018,수원역,서울역,73.1,76.1,75.85,13.1,30.0,30,33.0,32.75,229.66666666666666,4,10.765219534742084,39.1,39.1
경기,용인시 기흥구,2019,수원역,서울역,73.1,77.6,76.76666666666667,13.1,30.0,30,34.5,33.666666666666664,158.2,6,10.765219534742084,39.1,39.1
경기,용인시 기흥구,2020,수원역,서울역,73.1,77.6,76.76666666666667,13.1,30.0,30,34.5,33.666666666666664,158.2,6,10.765219534742084,39.1,39.1
경기,용인시 기흥구,2021,수원역,서울역,74.1,74.1,74.1,13.1,30.0,31,31.0,31.0,156.8,6,10.765219534742084,39.1,39.1
경기,용인시 기흥구,2022,수원역,서울역,74.1,74.1,74.1,13.1,30.0,31,31.0,31.0,156.8,6,10.765219534742084,39.1,39.1
경기,용인시 기흥구,2023,수원역,서울역,76.1,76.1,76.1,13.1,30.0,33,33.0,33.0,156.8,6,10.765219534742084,39.1,39.1
경기,용인시 기흥구,2024,수원역,서울역,76.1,76.1,76.85,13.1,30.0,33,33.0,33.75,113.42857142857143,8,10.765219534742084,39.1,39.1
경기,용인시 기흥구,2025,수원역,서울역,76.1,76.1,76.85,13.1,30.0,33,33.0,33.75,113.42857142857143,8,10.765219534742084,39.1,39.1
경기,용인시 수지구,2007,광명역,용산역,74.4,75.4,76.75714285714285,31.4,30.0,13,14.0,15.357142857142858,103.61538461538461,14,19.401125851459177,34.3,34.3
경기,용인시 수지구,2008,광명역,용산역,74.4,74.4,75.4,31.4,30.0,13,13.0,14.0,67.92857142857143,15,19.401125851459177,34.3,34.3
경기,용인시 수지구,2009,광명역,용산역,74.4,74.4,75.4,31.4,30.0,13,13.0,14.0,67.92857142857143,15,19.401125851459177,34.3,34.3
경기,용인시 수지구,2010,광명역,서울역,70.4,76.4,76.11739130434782,31.4,30.0,9,15.0,14.717391304347826,30.622222222222224,46,19.401125851459177,34.3,34.3
경기,용인시 수지구,2011,광명역,서울역,70.4,76.4,76.82553191489362,31.4,30.0,9,15.0,15.425531914893616,31.195652173913043,47,19.401125851459177,34.3,34.3
경기,용인시 수지구,2012,광명역,서울역,70.4,76.4,76.9,31.4,30.0,9,15.0,15.5,28.137254901960784,52,19.401125851459177,34.3,34.3
경기,용인시 수지구,2013,광명역,서울역,70.4,76.4,77.27037037037037,31.4,30.0,9,15.0,15.87037037037037,27.07547169811321,54,19.401125851459177,34.3,34.3
경기,용인시 수지구,2014,광명역,서울역,70.4,76.4,78.59642857142858,31.4,30.0,9,15.0,17.196428571428573,26.09090909090909,56,19.401125851459177,34.3,34.3
경기,용인시 수지구,2015,광명역,서울역,71.4,78.4,80.259375,31.4,30.0,10,17.0,18.859375,22.682539682539684,64,19.401125851459177,34.3,34.3
경기,용인시 수지구,2016,용산역,서울역,69.3,69.3,71.21666666666667,34.3,30.0,5,5.0,6.916666666666667,79.36363636363636,12,23.752384058035997,34.3,34.3
경기,용인시 수지구,2017,용산역,서울역,69.3,69.3,71.38333333333333,34.3,30.0,5,5.0,7.083333333333333,79.36363636363636,12,23.752384058035997,34.3,34.3
경기,용인시 수지구,2018,용산역,서울역,69.3,69.3,71.16666666666666,34.3,30.0,5,5.0,6.866666666666666,62.07142857142857,15,23.752384058035997,34.3,34.3
경기,용인시 수지구,2019,용산역,서울역,69.3,70.3,72.1,34.3,30.0,5,6.0,7.8,62.07142857142857,15,23.752384058035997,34.3,34.3
경기,용인시 수지구,2020,용산역,서울역,69.3,71.8,72.3,34.3,30.0,5,7.5,8.0,57.93333333333333,16,23.752384058035997,34.3,34.3
경기,용인시 수지구,2021,용산역,서울역,69.3,69.3,72.5,34.3,30.0,5,5.0,8.2,61.92857142857143,15,23.752384058035997,34.3,34.3
경기,용인시 수지구,2022,용산역,서울역,69.3,69.3,72.5,34.3,30.0,5,5.0,8.2,61.92857142857143,15,23.752384058035997,34.3,34.3
경기,용인시 수지구,2023,용산역,서울역,69.3,71.3,71.96666666666667,34.3,30.0,5,7.0,7.666666666666667,50.588235294117645,18,23.752384058035997,34.3,34.3
경기,용인시 수지구,2024,용산역,서울역,69.3,69.3,71.82631578947368,34.3,30.0,5,5.0,7.526315789473684,47.77777777777778,19,23.752384058035997,34.3,34.3
경기,용인시 수지구,2025,용산역,서울역,69.3,69.3,71.72105263157894,34.3,30.0,5,5.0,7.421052631578948,47.77777777777778,19,23.752384058035997,34.3,34.3
경기,용인시 처인구,2007,,,,,,,,,,,,,,51.2,51.2
경기,용인시 처인구,2008,,,,,,,,,,,,,,51.2,51.2
경기,용인시 처인구,2009,,,,,,,,,,,,,,51.2,51.2
경기,용인시 처인구,2010,,,,,,,,,,,,,,51.2,51.2
경기,용인시 처인구,2011,,,,,,,,,,,,,,51.2,51.2
경기,용인시 처인구,2012,,,,,,,,,,,,,,51.2,51.2
경기,용인시 처인구,2013,,,,,,,,,,,,,,51.2,51.2
경기,용인시 처인구,2014,,,,,,,,,,,,,,51.2,51.2
경기,용인시 처인구,2015,,,,,,,,,,,,,,51.2,51.2
경기,용인시 처인구,2016,수원역,서울역,85.4,88.4,88.65,28.4,30.0,27,30.0,30.25,229.33333333333334,4,23.49721467303623,51.2,51.2
경기,용인시 처인구,2017,수원역,서울역,85.4,88.4,88.65,28.4,30.0,27,30.0,30.25,229.33333333333334,4,23.49721467303623,51.2,51.2
경기,용인시 처인구,2018,수원역,서울역,88.4,91.4,91.15,28.4,30.0,30,33.0,32.75,229.66666666666666,4,23.49721467303623,51.2,51.2
경기,용인시 처인구,2019,수원역,서울역,88.4,92.9,92.06666666666666,28.4,30.0,30,34.5,33.666666666666664,158.2,6,23.49721467303623,51.2,51.2
경기,용인시 처인구,2020,수원역,서울역,88.4,92.9,92.06666666666666,28.4,30.0,30,34.5,33.666666666666664,158.2,6,23.49721467303623,51.2,51.2
경기,용인시 처인구,2021,수원역,서울역,89.4,89.4,89.4,28.4,30.0,31,31.0,31.0,156.8,6,23.49721467303623,51.2,51.2
경기,용인시 처인구,2022,수원역,서울역,89.4,89.4,89.4,28.4,30.0,31,31.0,31.0,156.8,6,23.49721467303623,51.2,51.2
경기,용인시 처인구,2023,수원역,서울역,91.4,91.4,91.4,28.4,30.0,33,33.0,33.0,156.8,6,23.49721467303623,51.2,51.2
경기,용인시 처인구,2024,수원역,서울역,91.4,91.4,92.15,28.4,30.0,33,33.0,33.75,113.42857142857143,8,23.49721467303623,51.2,51.2
경기,용인시 처인구,2025,수원역,서울역,91.4,91.4,92.15,28.4,30.0,33,33.0,33.75,113.42857142857143,8,23.49721467303623,51.2,51.2
경기,의왕시,2007,광명역,용산역,63.2,64.2,65.55714285714286,20.2,30.0,13,14.0,15.357142857142858,103.61538461538461,14,11.538076657032134,25.3,25.3
경기,의왕시,2008,광명역,용산역,63.2,63.2,64.2,20.2,30.0,13,13.0,14.0,67.92857142857143,15,11.538076657032134,25.3,25.3
경기,의왕시,2009,광명역,용산역,63.2,63.2,64.2,20.2,30.0,13,13.0,14.0,67.92857142857143,15,11.538076657032134,25.3,25.3
경기,의왕시,2010,광명역,서울역,59.2,65.2,64.91739130434783,20.2,30.0,9,15.0,14.717391304347826,30.622222222222224,46,11.538076657032134,25.3,25.3
경기,의왕시,2011,광명역,서울역,59.2,65.2,65.62553191489361,20.2,30.0,9,15.0,15.425531914893616,31.195652173913043,47,11.538076657032134,25.3,25.3
경기,의왕시,2012,광명역,서울역,59.2,65.2,65.7,20.2,30.0,9,15.0,15.5,28.137254901960784,52,11.538076657032134,25.3,25.3
경기,의왕시,2013,광명역,서울역,59.2,65.2,66.07037037037037,20.2,30.0,9,15.0,15.87037037037037,27.07547169811321,54,11.538076657032134,25.3,25.3
경기,의왕시,2014,광명역,서울역,59.2,65.2,67.39642857142857,20.2,30.0,9,15.0,17.196428571428573,26.09090909090909,56,11.538076657032134,25.3,25.3
경기,의왕시,2015,광명역,서울역,60.2,67.2,69.059375,20.2,30.0,10,17.0,18.859375,22.682539682539684,64,11.538076657032134,25.3,25.3
경기,의왕시,2016,용산역,서울역,60.3,60.3,62.21666666666666,25.3,30.0,5,5.0,6.916666666666667,79.36363636363636,12,18.687071328987358,25.3,25.3
경기,의왕시,2017,용산역,서울역,60.3,60.3,62.38333333333333,25.3,30.0,5,5.0,7.083333333333333,79.36363636363636,12,18.687071328987358,25.3,25.3
경기,의왕시,2018,용산역,서울역,60.3,60.3,62.166666666666664,25.3,30.0,5,5.0,6.866666666666666,62.07142857142857,15,18.687071328987358,25.3,25.3
경기,의왕시,2019,용산역,서울역,60.3,61.3,63.099999999999994,25.3,30.0,5,6.0,7.8,62.07142857142857,15,18.687071328987358,25.3,25.3
경기,의왕시,2020,용산역,서울역,60.3,62.8,63.3,25.3,30.0,5,7.5,8.0,57.93333333333333,16,18.687071328987358,25.3,25.3
경기,의왕시,2021,용산역,서울역,60.3,60.3,63.5,25.3,30.0,5,5.0,8.2,61.92857142857143,15,18.687071328987358,25.3,25.3
경기,의왕시,2022,용산역,서울역,60.3,60.3,63.5,25.3,30.0,5,5.0,8.2,61.92857142857143,15,18.687071328987358,25.3,25.3
경기,의왕시,2023,용산역,서울역,60.3,62.3,62.96666666666666,25.3,30.0,5,7.0,7.666666666666667,50.588235294117645,18,18.687071328987358,25.3,25.3
경기,의왕시,2024,용산역,서울역,60.3,60.3,62.82631578947368,25.3,30.0,5,5.0,7.526315789473684,47.77777777777778,19,18.687071328987358,25.3,25.3
경기,의왕시,2025,용산역,서울역,60.3,60.3,62.72105263157894,25.3,30.0,5,5.0,7.421052631578948,47.77777777777778,19,18.687071328987358,25.3,25.3
경기,의정부시,2007,,,,,,,,,,,,,,32.1,32.1
경기,의정부시,2008,,,,,,,,,,,,,,32.1,32.1
경기,의정부시,2009,,,,,,,,,,,,,,32.1,32.1
경기,의정부시,2010,,,,,,,,,,,,,,32.1,32.1
경기,의정부시,2011,,,,,,,,,,,,,,32.1,32.1
경기,의정부시,2012,,,,,,,,,,,,,,32.1,32.1
경기,의정부시,2013,용산역,서울역,70.1,70.1,70.1,32.1,30.0,8,8.0,8.0,,1,24.709613670832837,32.1,32.1
경기,의정부시,2014,,,,,,,,,,,,,,32.1,32.1
경기,의정부시,2015,,,,,,,,,,,,,,32.1,32.1
경기,의정부시,2016,용산역,서울역,67.1,67.1,69.01666666666667,32.1,30.0,5,5.0,6.916666666666667,79.36363636363636,12,24.709613670832837,32.1,32.1
경기,의정부시,2017,용산역,서울역,67.1,67.1,69.18333333333334,32.1,30.0,5,5.0,7.083333333333333,79.36363636363636,12,24.709613670832837,32.1,32.1
경기,의정부시,2018,용산역,서울역,67.1,67.1,68.96666666666667,32.1,30.0,5,5.0,6.866666666666666,62.07142857142857,15,24.709613670832837,32.1,32.1
경기,의정부시,2019,용산역,서울역,67.1,68.1,69.9,32.1,30.0,5,6.0,7.8,62.07142857142857,15,24.709613670832837,32.1,32.1
경기,의정부시,2020,용산역,서울역,67.1,69.6,70.1,32.1,30.0,5,7.5,8.0,57.93333333333333,16,24.709613670832837,32.1,32.1
경기,의정부시,2021,용산역,서울역,67.1,67.1,70.3,32.1,30.0,5,5.0,8.2,61.92857142857143,15,24.709613670832837,32.1,32.1
경기,의정부시,2022,용산역,서울역,67.1,67.1,70.3,32.1,30.0,5,5.0,8.2,61.92857142857143,15,24.709613670832837,32.1,32.1
경기,의정부시,2023,용산역,서울역,67.1,69.1,69.76666666666667,32.1,30.0,5,7.0,7.666666666666667,50.588235294117645,18,24.709613670832837,32.1,32.1
경기,의정부시,2024,용산역,서울역,67.1,67.1,69.62631578947368,32.1,30.0,5,5.0,7.526315789473684,47.77777777777778,19,24.709613670832837,32.1,32.1
경기,의정부시,2025,용산역,서울역,67.1,67.1,69.52105263157895,32.1,30.0,5,5.0,7.421052631578948,47.77777777777778,19,24.709613670832837,32.1,32.1
경기,이천시,2007,,,,,,,,,,,,,,71.2,71.2
경기,이천시,2008,,,,,,,,,,,,,,71.2,71.2
경기,이천시,2009,,,,,,,,,,,,,,71.2,71.2
경기,이천시,2010,,,,,,,,,,,,,,71.2,71.2
경기,이천시,2011,,,,,,,,,,,,,,71.2,71.2
경기,이천시,2012,,,,,,,,,,,,,,71.2,71.2
경기,이천시,2013,,,,,,,,,,,,,,71.2,71.2
경기,이천시,2014,,,,,,,,,,,,,,71.2,71.2
경기,이천시,2015,,,,,,,,,,,,,,71.2,71.2
경기,이천시,2016,,,,,,,,,,,,,,71.2,71.2
경기,이천시,2017,,,,,,,,,,,,,,71.2,71.2
경기,이천시,2018,,,,,,,,,,,,,,71.2,71.2
경기,이천시,2019,,,,,,,,,,,,,,71.2,71.2
경기,이천시,2020,,,,,,,,,,,,,,71.2,71.2
경기,이천시,2021,,,,,,,,,,,,,,71.2,71.2
경기,이천시,2022,,,,,,,,,,,,,,71.2,71.2
경기,이천시,2023,,,,,,,,,,,,,,71.2,71.2
경기,이천시,2024,,,,,,,,,,,,,,71.2,71.2
경기,이천시,2025,,,,,,,,,,,,,,71.2,71.2
경기,파주시,2007,,,,,,,,,,,,,,48.0,48.0
경기,파주시,2008,,,,,,,,,,,,,,48.0,48.0
경기,파주시,2009,,,,,,,,,,,,,,48.0,48.0
경기,파주시,2010,,,,,,,,,,,,,,48.0,48.0
경기,파주시,2011,,,,,,,,,,,,,,48.0,48.0
경기,파주시,2012,,,,,,,,,,,,,,48.0,48.0
경기,파주시,2013,,,,,,,,,,,,,,48.0,48.0
경기,파주시,2014,,,,,,,,,,,,,,48.0,48.0
경기,파주시,2015,,,,,,,,,,,,,,48.0,48.0
경기,파주시,2016,,,,,,,,,,,,,,48.0,48.0
경기,파주시,2017,,,,,,,,,,,,,,48.0,48.0
경기,파주시,2018,,,,,,,,,,,,,,48.0,48.0
경기,파주시,2019,,,,,,,,,,,,,,48.0,48.0
경기,파주시,2020,,,,,,,,,,,,,,48.0,48.0
경기,파주시,2021,,,,,,,,,,,,,,48.0,48.0
경기,파주시,2022,,,,,,,,,,,,,,48.0,48.0
경기,파주시,2023,,,,,,,,,,,,,,48.0,48.0
경기,파주시,2024,,,,,,,,,,,,,,48.0,48.0
경기,파주시,2025,,,,,,,,,,,,,,48.0,48.0
경기,평택시,2007,천안아산역,용산역,97.2,99.2,100.2,32.2,30.0,35,37.0,38.0,140.85714285714286,8,26.416604196928617,57.8,57.8
경기,평택시,2008,천안아산역,용산역,94.2,97.2,97.45,32.2,30.0,32,35.0,35.25,135.85714285714286,8,26.416604196928617,57.8,57.8
경기,평택시,2009,천안아산역,용산역,94.2,97.2,97.45,32.2,30.0,32,35.0,35.25,135.85714285714286,8,26.416604196928617,57.8,57.8
경기,평택시,2010,천안아산역,서울역,92.2,97.2,97.68571428571428,32.2,30.0,30,35.0,35.48571428571429,41.38235294117647,35,26.416604196928617,57.8,57.8
경기,평택시,2011,천안아산역,서울역,91.2,101.2,100.45,32.2,30.0,29,39.0,38.25,39.91428571428571,36,26.416604196928617,57.8,57.8
경기,평택시,2012,천안아산역,서울역,91.2,99.7,100.775,32.2,30.0,29,37.5,38.575,35.69230769230769,40,26.416604196928617,57.8,57.8
경기,평택시,2013,천안아산역,서울역,90.2,100.2,98.61463414634147,32.2,30.0,28,38.0,36.41463414634146,34.625,41,26.416604196928617,57.8,57.8
경기,평택시,2014,천안아산역,서울역,90.2,100.2,100.2,32.2,30.0,28,38.0,38.0,34.09756097560975,42,26.416604196928617,57.8,57.8
경기,평택시,2015,천안아산역,서울역,90.2,102.2,102.22222222222223,32.2,30.0,28,40.0,40.022222222222226,32.09090909090909,45,26.416604196928617,57.8,57.8
경기,평택시,2016,수원역,서울역,85.2,88.2,88.45,28.2,30.0,27,30.0,30.25,229.33333333333334,4,27.831880096494174,57.8,57.8
경기,평택시,2017,수원역,서울역,85.2,88.2,88.45,28.2,30.0,27,30.0,30.25,229.33333333333334,4,27.831880096494174,57.8,57.8
경기,평택시,2018,수원역,서울역,88.2,91.2,90.95,28.2,30.0,30,33.0,32.75,229.66666666666666,4,27.831880096494174,57.8,57.8
경기,평택시,2019,수원역,서울역,88.2,92.7,91.86666666666667,28.2,30.0,30,34.5,33.666666666666664,158.2,6,27.831880096494174,57.8,57.8
경기,평택시,2020,수원역,서울역,88.2,92.7,91.86666666666667,28.2,30.0,30,34.5,33.666666666666664,158.2,6,27.831880096494174,57.8,57.8
경기,평택시,2021,수원역,서울역,89.2,89.2,89.2,28.2,30.0,31,31.0,31.0,156.8,6,27.831880096494174,57.8,57.8
경기,평택시,2022,수원역,서울역,89.2,89.2,89.2,28.2,30.0,31,31.0,31.0,156.8,6,27.831880096494174,57.8,57.8
경기,평택시,2023,수원역,서울역,91.2,91.2,91.2,28.2,30.0,33,33.0,33.0,156.8,6,27.831880096494174,57.8,57.8
경기,평택시,2024,수원역,서울역,91.2,91.2,91.95,28.2,30.0,33,33.0,33.75,113.42857142857143,8,27.831880096494174,57.8,57.8
경기,평택시,2025,수원역,서울역,91.2,91.2,91.95,28.2,30.0,33,33.0,33.75,113.42857142857143,8,27.831880096494174,57.8,57.8
경기,포천시,2007,,,,,,,,,,,,,,60.9,60.9
경기,포천시,2008,,,,,,,,,,,,,,60.9,60.9
경기,포천시,2009,,,,,,,,,,,,,,60.9,60.9
경기,포천시,2010,,,,,,,,,,,,,,60.9,60.9
경기,포천시,2011,,,,,,,,,,,,,,60.9,60.9
경기,포천시,2012,,,,,,,,,,,,,,60.9,60.9
경기,포천시,2013,,,,,,,,,,,,,,60.9,60.9
경기,포천시,2014,,,,,,,,,,,,,,60.9,60.9
경기,포천시,2015,,,,,,,,,,,,,,60.9,60.9
경기,포천시,2016,,,,,,,,,,,,,,60.9,60.9
경기,포천시,2017,,,,,,,,,,,,,,60.9,60.9
경기,포천시,2018,,,,,,,,,,,,,,60.9,60.9
경기,포천시,2019,,,,,,,,,,,,,,60.9,60.9
경기,포천시,2020,,,,,,,,,,,,,,60.9,60.9
경기,포천시,2021,,,,,,,,,,,,,,60.9,60.9
경기,포천시,2022,,,,,,,,,,,,,,60.9,60.9
경기,포천시,2023,,,,,,,,,,,,,,60.9,60.9
경기,포천시,2024,,,,,,,,,,,,,,60.9,60.9
경기,포천시,2025,,,,,,,,,,,,,,60.9,60.9
경기,하남시,2007,,,,,,,,,,,,,,27.4,27.4
경기,하남시,2008,,,,,,,,,,,,,,27.4,27.4
경기,하남시,2009,,,,,,,,,,,,,,27.4,27.4
경기,하남시,2010,,,,,,,,,,,,,,27.4,27.4
경기,하남시,2011,,,,,,,,,,,,,,27.4,27.4
경기,하남시,2012,,,,,,,,,,,,,,27.4,27.4
경기,하남시,2013,용산역,서울역,65.4,65.4,65.4,27.4,30.0,8,8.0,8.0,,1,21.398669728787198,27.4,27.4
경기,하남시,2014,,,,,,,,,,,,,,27.4,27.4
경기,하남시,2015,,,,,,,,,,,,,,27.4,27.4
경기,하남시,2016,용산역,서울역,62.4,62.4,64.31666666666666,27.4,30.0,5,5.0,6.916666666666667,79.36363636363636,12,21.398669728787198,27.4,27.4
경기,하남시,2017,용산역,서울역,62.4,62.4,64.48333333333333,27.4,30.0,5,5.0,7.083333333333333,79.36363636363636,12,21.398669728787198,27.4,27.4
경기,하남시,2018,용산역,서울역,62.4,62.4,64.26666666666667,27.4,30.0,5,5.0,6.866666666666666,62.07142857142857,15,21.398669728787198,27.4,27.4
경기,하남시,2019,용산역,서울역,62.4,63.4,65.2,27.4,30.0,5,6.0,7.8,62.07142857142857,15,21.398669728787198,27.4,27.4
경기,하남시,2020,용산역,서울역,62.4,64.9,65.4,27.4,30.0,5,7.5,8.0,57.93333333333333,16,21.398669728787198,27.4,27.4
경기,하남시,2021,용산역,서울역,62.4,62.4,65.6,27.4,30.0,5,5.0,8.2,61.92857142857143,15,21.398669728787198,27.4,27.4
경기,하남시,2022,용산역,서울역,62.4,62.4,65.6,27.4,30.0,5,5.0,8.2,61.92857142857143,15,21.398669728787198,27.4,27.4
경기,하남시,2023,용산역,서울역,62.4,64.4,65.06666666666666,27.4,30.0,5,7.0,7.666666666666667,50.588235294117645,18,21.398669728787198,27.4,27.4
경기,하남시,2024,용산역,서울역,62.4,62.4,64.92631578947368,27.4,30.0,5,5.0,7.526315789473684,47.77777777777778,19,21.398669728787198,27.4,27.4
경기,하남시,2025,용산역,서울역,62.4,62.4,64.82105263157895,27.4,30.0,5,5.0,7.421052631578948,47.77777777777778,19,21.398669728787198,27.4,27.4
경기,화성시,2007,광명역,용산역,74.9,75.9,77.25714285714285,31.9,30.0,13,14.0,15.357142857142858,103.61538461538461,14,27.909506984667065,47.1,47.1
경기,화성시,2008,광명역,용산역,74.9,74.9,75.9,31.9,30.0,13,13.0,14.0,67.92857142857143,15,27.909506984667065,47.1,47.1
경기,화성시,2009,광명역,용산역,74.9,74.9,75.9,31.9,30.0,13,13.0,14.0,67.92857142857143,15,27.909506984667065,47.1,47.1
경기,화성시,2010,광명역,서울역,70.9,76.9,76.61739130434782,31.9,30.0,9,15.0,14.717391304347826,30.622222222222224,46,27.909506984667065,47.1,47.1
경기,화성시,2011,광명역,서울역,70.9,76.9,77.32553191489362,31.9,30.0,9,15.0,15.425531914893616,31.195652173913043,47,27.909506984667065,47.1,47.1
경기,화성시,2012,광명역,서울역,70.9,76.9,77.4,31.9,30.0,9,15.0,15.5,28.137254901960784,52,27.909506984667065,47.1,47.1
경기,화성시,2013,광명역,서울역,70.9,76.9,77.77037037037037,31.9,30.0,9,15.0,15.87037037037037,27.07547169811321,54,27.909506984667065,47.1,47.1
경기,화성시,2014,광명역,서울역,70.9,76.9,79.09642857142858,31.9,30.0,9,15.0,17.196428571428573,26.09090909090909,56,27.909506984667065,47.1,47.1
경기,화성시,2015,광명역,서울역,71.9,78.9,80.759375,31.9,30.0,10,17.0,18.859375,22.682539682539684,64,27.909506984667065,47.1,47.1
경기,화성시,2016,광명역,용산역,74.9,75.9,77.3390243902439,31.9,30.0,13,14.0,15.439024390243903,34.55,41,27.909506984667065,47.1,47.1
경기,화성시,2017,광명역,용산역,74.9,75.9,77.35454545454546,31.9,30.0,13,14.0,15.454545454545455,32.13953488372093,44,27.909506984667065,47.1,47.1
경기,화성시,2018,광명역,용산역,74.9,76.9,77.41351351351351,31.9,30.0,13,15.0,15.513513513513514,37.638888888888886,37,27.909506984667065,47.1,47.1
경기,화성시,2019,광명역,용산역,74.9,76.9,77.71081081081081,31.9,30.0,13,15.0,15.81081081081081,37.72222222222222,37,27.909506984667065,47.1,47.1
경기,화성시,2020,광명역,용산역,74.9,77.4,77.71578947368421,31.9,30.0,13,15.5,15.81578947368421,36.7027027027027,38,27.909506984667065,47.1,47.1
경기,화성시,2021,광명역,용산역,75.9,75.9,77.62972972972973,31.9,30.0,14,14.0,15.72972972972973,27.61111111111111,37,27.909506984667065,47.1,47.1
경기,화성시,2022,광명역,용산역,75.9,75.9,77.62972972972973,31.9,30.0,14,14.0,15.72972972972973,27.61111111111111,37,27.909506984667065,47.1,47.1
경기,화성시,2023,광명역,용산역,77.9,79.9,79.51904761904763,31.9,30.0,16,18.0,17.61904761904762,24.21951219512195,42,27.909506984667065,47.1,47.1
경기,화성시,2024,광명역,용산역,77.9,79.9,79.50975609756097,31.9,30.0,16,18.0,17.609756097560975,24.825,41,27.909506984667065,47.1,47.1
경기,화성시,2025,광명역,용산역,77.9,79.9,79.51904761904763,31.9,30.0,16,18.0,17.61904761904762,24.21951219512195,42,27.909506984667065,47.1,47.1
경남,거제시,2007,,,,,,,,,,,,,,312.9,312.9
경남,거제시,2008,,,,,,,,,,,,,,312.9,312.9
경남,거제시,2009,,,,,,,,,,,,,,312.9,312.9
경남,거제시,2010,,,,,,,,,,,,,,312.9,312.9
경남,거제시,2011,,,,,,,,,,,,,,312.9,312.9
경남,거제시,2012,,,,,,,,,,,,,,312.9,312.9
경남,거제시,2013,,,,,,,,,,,,,,312.9,312.9
경남,거제시,2014,,,,,,,,,,,,,,312.9,312.9
경남,거제시,2015,,,,,,,,,,,,,,312.9,312.9
경남,거제시,2016,,,,,,,,,,,,,,312.9,312.9
경남,거제시,2017,,,,,,,,,,,,,,312.9,312.9
경남,거제시,2018,,,,,,,,,,,,,,312.9,312.9
경남,거제시,2019,,,,,,,,,,,,,,312.9,312.9
경남,거제시,2020,,,,,,,,,,,,,,312.9,312.9
경남,거제시,2021,,,,,,,,,,,,,,312.9,312.9
경남,거제시,2022,,,,,,,,,,,,,,312.9,312.9
경남,거제시,2023,,,,,,,,,,,,,,312.9,312.9
경남,거제시,2024,,,,,,,,,,,,,,312.9,312.9
경남,거제시,2025,,,,,,,,,,,,,,312.9,312.9
경남,거창군,2007,,,,,,,,,,,,,,219.4,219.4
경남,거창군,2008,,,,,,,,,,,,,,219.4,219.4
경남,거창군,2009,,,,,,,,,,,,,,219.4,219.4
경남,거창군,2010,,,,,,,,,,,,,,219.4,219.4
경남,거창군,2011,,,,,,,,,,,,,,219.4,219.4
경남,거창군,2012,,,,,,,,,,,,,,219.4,219.4
경남,거창군,2013,,,,,,,,,,,,,,219.4,219.4
경남,거창군,2014,,,,,,,,,,,,,,219.4,219.4
경남,거창군,2015,,,,,,,,,,,,,,219.4,219.4
경남,거창군,2016,,,,,,,,,,,,,,219.4,219.4
경남,거창군,2017,,,,,,,,,,,,,,219.4,219.4
경남,거창군,2018,,,,,,,,,,,,,,219.4,219.4
경남,거창군,2019,,,,,,,,,,,,,,219.4,219.4
경남,거창군,2020,,,,,,,,,,,,,,219.4,219.4
경남,거창군,2021,,,,,,,,,,,,,,219.4,219.4
경남,거창군,2022,,,,,,,,,,,,,,219.4,219.4
경남,거창군,2023,,,,,,,,,,,,,,219.4,219.4
경남,거창군,2024,,,,,,,,,,,,,,219.4,219.4
경남,거창군,2025,,,,,,,,,,,,,,219.4,219.4
경남,고성군,2007,,,,,,,,,,,,,,281.2,281.2
경남,고성군,2008,,,,,,,,,,,,,,281.2,281.2
경남,고성군,2009,,,,,,,,,,,,,,281.2,281.2
경남,고성군,2010,,,,,,,,,,,,,,281.2,281.2
경남,고성군,2011,,,,,,,,,,,,,,281.2,281.2
경남,고성군,2012,진주역,서울역,270.9,284.9,283.73333333333335,42.9,30.0,198,212.0,210.83333333333334,152.2,6,26.231899532003766,281.2,281.2
경남,고성군,2013,진주역,서울역,271.9,284.9,283.56666666666666,42.9,30.0,199,212.0,210.66666666666666,152.6,6,26.231899532003766,281.2,281.2
경남,고성군,2014,진주역,서울역,273.9,285.4,287.06666666666666,42.9,30.0,201,212.5,214.16666666666666,152.6,6,26.231899532003766,281.2,281.2
경남,고성군,2015,진주역,서울역,267.9,276.9,280.4,42.9,30.0,195,204.0,207.5,165.0,6,26.231899532003766,281.2,276.9
경남,고성군,2016,진주역,서울역,265.9,279.9,278.9,42.9,30.0,193,207.0,206.0,166.0,6,26.231899532003766,281.2,279.9
경남,고성군,2017,진주역,서울역,265.9,281.9,279.3285714285714,42.9,30.0,193,209.0,206.42857142857142,138.33333333333334,7,26.231899532003766,281.2,281.2
경남,고성군,2018,진주역,서울역,267.9,281.9,279.61428571428576,42.9,30.0,195,209.0,206.71428571428572,138.33333333333334,7,26.231899532003766,281.2,281.2
경남,고성군,2019,진주역,서울역,267.9,282.9,281.15,42.9,30.0,195,210.0,208.25,118.57142857142857,8,26.231899532003766,281.2,281.2
경남,고성군,2020,진주역,서울역,267.9,282.9,281.15,42.9,30.0,195,210.0,208.25,118.85714285714286,8,26.231899532003766,281.2,281.2
경남,고성군,2021,진주역,서울역,269.9,282.9,281.7888888888889,42.9,30.0,197,210.0,208.88888888888889,103.625,9,26.231899532003766,281.2,281.2
경남,고성군,2022,진주역,서울역,269.9,282.9,281.7888888888889,42.9,30.0,197,210.0,208.88888888888889,103.625,9,26.231899532003766,281.2,281.2
경남,고성군,2023,진주역,서울역,271.9,286.9,286.65,42.9,30.0,199,214.0,213.75,75.63636363636364,12,26.231899532003766,281.2,281.2
경남,고성군,2024,진주역,서울역,271.9,287.4,286.15,42.9,30.0,199,214.5,213.25,75.72727272727273,12,26.231899532003766,281.2,281.2
경남,고성군,2025,진주역,서울역,272.9,288.9,287.06666666666666,42.9,30.0,200,216.0,214.16666666666666,75.9090909090909,12,26.231899532003766,281.2,281.2
경남,김해시,2007,밀양역,서울역,198.0,205.5,205.3181818181818,33.0,30.0,135,142.5,142.3181818181818,45.95238095238095,22,23.4414635247541,280.3,205.5
경남,김해시,2008,밀양역,서울역,182.0,199.0,197.72,33.0,30.0,119,136.0,134.72,39.916666666666664,25,23.4414635247541,280.3,199.0
경남,김해시,2009,밀양역,서울역,182.0,199.0,197.72,33.0,30.0,119,136.0,134.72,39.916666666666664,25,23.4414635247541,280.3,199.0
경남,김해시,2010,부산역,서울역,199.2,216.2,220.76666666666665,31.2,30.0,138,155.0,159.56666666666666,18.305084745762713,60,25.038836815581597,280.3,216.2
경남,김해시,2011,부산역,서울역,194.2,224.2,229.38333333333333,31.2,30.0,133,163.0,168.18333333333334,18.389830508474578,60,25.038836815581597,280.3,224.2
경남,김해시,2012,부산역,서울역,194.2,224.2,228.38840579710143,31.2,30.0,133,163.0,167.18840579710144,15.955882352941176,69,25.038836815581597,280.3,224.2
경남,김해시,2013,부산역,서울역,198.2,224.2,229.2,31.2,30.0,137,163.0,168.0,15.5,71,25.038836815581597,280.3,224.2
경남,김해시,2014,부산역,서울역,198.2,228.2,231.60000000000002,31.2,30.0,137,167.0,170.4,15.72463768115942,70,25.038836815581597,280.3,228.2
경남,김해시,2015,진영역,서울역,201.0,207.5,210.5,13.0,30.0,158,164.5,167.5,291.0,4,11.050445666581417,280.3,207.5
경남,김해시,2016,밀양역,서울역,196.0,208.5,207.875,33.0,30.0,133,145.5,144.875,68.46666666666667,16,23.4414635247541,280.3,208.5
경남,김해시,2017,밀양역,서울역,196.0,208.5,207.875,33.0,30.0,133,145.5,144.875,68.46666666666667,16,23.4414635247541,280.3,208.5
경남,김해시,2018,부산역,서울역,196.2,223.2,226.23125,31.2,30.0,135,162.0,165.03125,17.38095238095238,64,25.038836815581597,280.3,223.2
경남,김해시,2019,밀양역,서울역,196.0,210.0,208.63636363636363,33.0,30.0,133,147.0,145.63636363636363,48.666666666666664,22,23.4414635247541,280.3,210.0
경남,김해시,2020,밀양역,서울역,196.0,210.0,208.5909090909091,33.0,30.0,133,147.0,145.5909090909091,48.666666666666664,22,23.4414635247541,280.3,210.0
경남,김해시,2021,부산역,서울역,196.2,222.7,226.06363636363636,31.2,30.0,135,161.5,164.86363636363637,16.784615384615385,66,25.038836815581597,280.3,222.7
경남,김해시,2022,부산역,서울역,196.2,222.7,226.06363636363636,31.2,30.0,135,161.5,164.86363636363637,16.784615384615385,66,25.038836815581597,280.3,222.7
경남,김해시,2023,진영역,서울역,199.0,209.5,209.5,13.0,30.0,156,166.5,166.5,99.44444444444444,10,11.050445666581417,280.3,209.5
경남,김해시,2024,밀양역,서울역,200.0,213.0,212.28,33.0,30.0,137,150.0,149.28,42.541666666666664,25,23.4414635247541,280.3,213.0
경남,김해시,2025,밀양역,서울역,201.0,215.0,213.2,33.0,30.0,138,152.0,150.2,42.583333333333336,25,23.4414635247541,280.3,215.0
경남,남해군,2007,,,,,,,,,,,,,,286.4,286.4
경남,남해군,2008,,,,,,,,,,,,,,286.4,286.4
경남,남해군,2009,,,,,,,,,,,,,,286.4,286.4
경남,남해군,2010,,,,,,,,,,,,,,286.4,286.4
경남,남해군,2011,여천역,용산역,302.8,309.8,309.46666666666664,69.8,30.0,203,210.0,209.66666666666666,410.0,3,26.39387835498686,286.4,286.4
경남,남해군,2012,여천역,용산역,300.8,303.8,306.55,69.8,30.0,201,204.0,206.75,313.3333333333333,4,26.39387835498686,286.4,286.4
경남,남해군,2013,여천역,용산역,292.8,301.8,302.4,69.8,30.0,193,202.0,202.6,238.75,5,26.39387835498686,286.4,286.4
경남,남해군,2014,여천역,용산역,292.8,303.8,306.675,69.8,30.0,193,204.0,206.875,136.42857142857142,8,26.39387835498686,286.4,286.4
경남,남해군,2015,여천역,용산역,258.8,265.8,270.24444444444447,69.8,30.0,159,166.0,170.44444444444446,120.75,9,26.39387835498686,286.4,265.8
경남,남해군,2016,여천역,용산역,260.8,275.8,275.6,69.8,30.0,161,176.0,175.8,112.33333333333333,10,26.39387835498686,286.4,275.8
경남,남해군,2017,여수엑스포역,용산역,268.8,284.8,288.9428571428571,70.8,30.0,168,184.0,188.14285714285714,77.6923076923077,14,19.52366681221562,286.4,284.8
경남,남해군,2018,여수엑스포역,용산역,268.8,284.3,288.2285714285714,70.8,30.0,168,183.5,187.42857142857142,77.6923076923077,14,19.52366681221562,286.4,284.3
경남,남해군,2019,여수엑스포역,용산역,264.8,283.3,286.8,70.8,30.0,164,182.5,186.0,67.33333333333333,16,19.52366681221562,286.4,283.3
경남,남해군,2020,여수엑스포역,용산역,264.8,283.3,286.8,70.8,30.0,164,182.5,186.0,67.33333333333333,16,19.52366681221562,286.4,283.3
경남,남해군,2021,여천역,용산역,257.8,278.8,278.2285714285714,69.8,30.0,158,179.0,178.42857142857142,78.0,14,26.39387835498686,286.4,278.8
경남,남해군,2022,여천역,용산역,257.8,278.8,278.2285714285714,69.8,30.0,158,179.0,178.42857142857142,78.0,14,26.39387835498686,286.4,278.8
경남,남해군,2023,여천역,용산역,262.8,279.8,282.925,69.8,30.0,163,180.0,183.125,67.2,16,26.39387835498686,286.4,279.8
경남,남해군,2024,여천역,용산역,262.8,279.8,283.2375,69.8,30.0,163,180.0,183.4375,67.2,16,26.39387835498686,286.4,279.8
경남,남해군,2025,여천역,용산역,264.8,281.3,284.425,69.8,30.0,165,181.5,184.625,67.2,16,26.39387835498686,286.4,281.3
경남,밀양시,2007,밀양역,서울역,174.0,181.5,181.3181818181818,9.0,30.0,135,142.5,142.3181818181818,45.95238095238095,22,3.130181468000936,255.3,181.5
경남,밀양시,2008,밀양역,서울역,158.0,175.0,173.72,9.0,30.0,119,136.0,134.72,39.916666666666664,25,3.130181468000936,255.3,175.0
경남,밀양시,2009,밀양역,서울역,158.0,175.0,173.72,9.0,30.0,119,136.0,134.72,39.916666666666664,25,3.130181468000936,255.3,175.0
경남,밀양시,2010,,,,,,,,,,,,,,255.3,255.3
경남,밀양시,2011,밀양역,서울역,181.0,182.5,183.5,9.0,30.0,142,143.5,144.5,136.85714285714286,8,3.130181468000936,255.3,182.5
경남,밀양시,2012,밀양역,서울역,182.0,185.0,186.0,9.0,30.0,143,146.0,147.0,136.85714285714286,8,3.130181468000936,255.3,185.0
경남,밀양시,2013,밀양역,서울역,182.0,185.0,186.0,9.0,30.0,143,146.0,147.0,136.85714285714286,8,3.130181468000936,255.3,185.0
경남,밀양시,2014,밀양역,서울역,181.0,186.0,187.375,9.0,30.0,142,147.0,148.375,136.85714285714286,8,3.130181468000936,255.3,186.0
경남,밀양시,2015,밀양역,서울역,180.0,184.0,187.55555555555554,9.0,30.0,141,145.0,148.55555555555554,119.75,9,3.130181468000936,255.3,184.0
경남,밀양시,2016,밀양역,서울역,172.0,184.5,183.875,9.0,30.0,133,145.5,144.875,68.46666666666667,16,3.130181468000936,255.3,184.5
경남,밀양시,2017,밀양역,서울역,172.0,184.5,183.875,9.0,30.0,133,145.5,144.875,68.46666666666667,16,3.130181468000936,255.3,184.5
경남,밀양시,2018,밀양역,서울역,174.0,185.0,184.45,9.0,30.0,135,146.0,145.45,54.05263157894737,20,3.130181468000936,255.3,185.0
경남,밀양시,2019,밀양역,서울역,172.0,186.0,184.63636363636363,9.0,30.0,133,147.0,145.63636363636363,48.666666666666664,22,3.130181468000936,255.3,186.0
경남,밀양시,2020,밀양역,서울역,172.0,186.0,184.5909090909091,9.0,30.0,133,147.0,145.5909090909091,48.666666666666664,22,3.130181468000936,255.3,186.0
경남,밀양시,2021,밀양역,서울역,174.0,184.5,183.6818181818182,9.0,30.0,135,145.5,144.6818181818182,48.57142857142857,22,3.130181468000936,255.3,184.5
경남,밀양시,2022,밀양역,서울역,174.0,184.5,183.6818181818182,9.0,30.0,135,145.5,144.6818181818182,48.57142857142857,22,3.130181468000936,255.3,184.5
경남,밀양시,2023,밀양역,서울역,176.0,189.0,188.24,9.0,30.0,137,150.0,149.24,42.5,25,3.130181468000936,255.3,189.0
경남,밀양시,2024,밀양역,서울역,176.0,189.0,188.28,9.0,30.0,137,150.0,149.28,42.541666666666664,25,3.130181468000936,255.3,189.0
경남,밀양시,2025,밀양역,서울역,177.0,191.0,189.2,9.0,30.0,138,152.0,150.2,42.583333333333336,25,3.130181468000936,255.3,191.0
경남,사천시,2007,,,,,,,,,,,,,,266.8,266.8
경남,사천시,2008,,,,,,,,,,,,,,266.8,266.8
경남,사천시,2009,,,,,,,,,,,,,,266.8,266.8
경남,사천시,2010,,,,,,,,,,,,,,266.8,266.8
경남,사천시,2011,,,,,,,,,,,,,,266.8,266.8
경남,사천시,2012,진주역,서울역,252.4,266.4,265.23333333333335,24.4,30.0,198,212.0,210.83333333333334,152.2,6,15.543318234321484,266.8,266.4
경남,사천시,2013,진주역,서울역,253.4,266.4,265.06666666666666,24.4,30.0,199,212.0,210.66666666666666,152.6,6,15.543318234321484,266.8,266.4
경남,사천시,2014,진주역,서울역,255.4,266.9,268.56666666666666,24.4,30.0,201,212.5,214.16666666666666,152.6,6,15.543318234321484,266.8,266.8
경남,사천시,2015,진주역,서울역,249.4,258.4,261.9,24.4,30.0,195,204.0,207.5,165.0,6,15.543318234321484,266.8,258.4
경남,사천시,2016,진주역,서울역,247.4,261.4,260.4,24.4,30.0,193,207.0,206.0,166.0,6,15.543318234321484,266.8,261.4
경남,사천시,2017,진주역,서울역,247.4,263.4,260.8285714285714,24.4,30.0,193,209.0,206.42857142857142,138.33333333333334,7,15.543318234321484,266.8,263.4
경남,사천시,2018,진주역,서울역,249.4,263.4,261.1142857142857,24.4,30.0,195,209.0,206.71428571428572,138.33333333333334,7,15.543318234321484,266.8,263.4
경남,사천시,2019,진주역,서울역,249.4,264.4,262.65,24.4,30.0,195,210.0,208.25,118.57142857142857,8,15.543318234321484,266.8,264.4
경남,사천시,2020,진주역,서울역,249.4,264.4,262.65,24.4,30.0,195,210.0,208.25,118.85714285714286,8,15.543318234321484,266.8,264.4
경남,사천시,2021,진주역,서울역,251.4,264.4,263.2888888888889,24.4,30.0,197,210.0,208.88888888888889,103.625,9,15.543318234321484,266.8,264.4
경남,사천시,2022,진주역,서울역,251.4,264.4,263.2888888888889,24.4,30.0,197,210.0,208.88888888888889,103.625,9,15.543318234321484,266.8,264.4
경남,사천시,2023,진주역,서울역,253.4,268.4,268.15,24.4,30.0,199,214.0,213.75,75.63636363636364,12,15.543318234321484,266.8,266.8
경남,사천시,2024,진주역,서울역,253.4,268.9,267.65,24.4,30.0,199,214.5,213.25,75.72727272727273,12,15.543318234321484,266.8,266.8
경남,사천시,2025,진주역,서울역,254.4,270.4,268.56666666666666,24.4,30.0,200,216.0,214.16666666666666,75.9090909090909,12,15.543318234321484,266.8,266.8
경남,산청군,2007,,,,,,,,,,,,,,279.7,279.7
경남,산청군,2008,,,,,,,,,,,,,,279.7,279.7
경남,산청군,2009,,,,,,,,,,,,,,279.7,279.7
경남,산청군,2010,,,,,,,,,,,,,,279.7,279.7
경남,산청군,2011,,,,,,,,,,,,,,279.7,279.7
경남,산청군,2012,진주역,서울역,306.5,320.5,319.33333333333337,78.5,30.0,198,212.0,210.83333333333334,152.2,6,27.616445427002738,279.7,279.7
경남,산청군,2013,진주역,서울역,307.5,320.5,319.16666666666663,78.5,30.0,199,212.0,210.66666666666666,152.6,6,27.616445427002738,279.7,279.7
경남,산청군,2014,진주역,서울역,309.5,321.0,322.66666666666663,78.5,30.0,201,212.5,214.16666666666666,152.6,6,27.616445427002738,279.7,279.7
경남,산청군,2015,진주역,서울역,303.5,312.5,316.0,78.5,30.0,195,204.0,207.5,165.0,6,27.616445427002738,279.7,279.7
경남,산청군,2016,진주역,서울역,301.5,315.5,314.5,78.5,30.0,193,207.0,206.0,166.0,6,27.616445427002738,279.7,279.7
경남,산청군,2017,진주역,서울역,301.5,317.5,314.92857142857144,78.5,30.0,193,209.0,206.42857142857142,138.33333333333334,7,27.616445427002738,279.7,279.7
경남,산청군,2018,진주역,서울역,303.5,317.5,315.2142857142857,78.5,30.0,195,209.0,206.71428571428572,138.33333333333334,7,27.616445427002738,279.7,279.7
경남,산청군,2019,진주역,서울역,303.5,318.5,316.75,78.5,30.0,195,210.0,208.25,118.57142857142857,8,27.616445427002738,279.7,279.7
경남,산청군,2020,진주역,서울역,303.5,318.5,316.75,78.5,30.0,195,210.0,208.25,118.85714285714286,8,27.616445427002738,279.7,279.7
경남,산청군,2021,진주역,서울역,305.5,318.5,317.3888888888889,78.5,30.0,197,210.0,208.88888888888889,103.625,9,27.616445427002738,279.7,279.7
경남,산청군,2022,진주역,서울역,305.5,318.5,317.3888888888889,78.5,30.0,197,210.0,208.88888888888889,103.625,9,27.616445427002738,279.7,279.7
경남,산청군,2023,진주역,서울역,307.5,322.5,322.25,78.5,30.0,199,214.0,213.75,75.63636363636364,12,27.616445427002738,279.7,279.7
경남,산청군,2024,진주역,서울역,307.5,323.0,321.75,78.5,30.0,199,214.5,213.25,75.72727272727273,12,27.616445427002738,279.7,279.7
경남,산청군,2025,진주역,서울역,308.5,324.5,322.66666666666663,78.5,30.0,200,216.0,214.16666666666666,75.9090909090909,12,27.616445427002738,279.7,279.7
경남,양산시,2007,밀양역,서울역,214.2,221.7,221.5181818181818,49.2,30.0,135,142.5,142.3181818181818,45.95238095238095,22,25.788551594096294,290.6,221.7
경남,양산시,2008,밀양역,서울역,198.2,215.2,213.92000000000002,49.2,30.0,119,136.0,134.72,39.916666666666664,25,25.788551594096294,290.6,215.2
경남,양산시,2009,밀양역,서울역,198.2,215.2,213.92000000000002,49.2,30.0,119,136.0,134.72,39.916666666666664,25,25.788551594096294,290.6,215.2
경남,양산시,2010,,,,,,,,,,,,,,290.6,290.6
경남,양산시,2011,밀양역,서울역,221.2,222.7,223.7,49.2,30.0,142,143.5,144.5,136.85714285714286,8,25.788551594096294,290.6,222.7
경남,양산시,2012,밀양역,서울역,222.2,225.2,226.2,49.2,30.0,143,146.0,147.0,136.85714285714286,8,25.788551594096294,290.6,225.2
경남,양산시,2013,밀양역,서울역,222.2,225.2,226.2,49.2,30.0,143,146.0,147.0,136.85714285714286,8,25.788551594096294,290.6,225.2
경남,양산시,2014,밀양역,서울역,221.2,226.2,227.575,49.2,30.0,142,147.0,148.375,136.85714285714286,8,25.788551594096294,290.6,226.2
경남,양산시,2015,밀양역,서울역,220.2,224.2,227.75555555555553,49.2,30.0,141,145.0,148.55555555555554,119.75,9,25.788551594096294,290.6,224.2
경남,양산시,2016,밀양역,서울역,212.2,224.7,224.075,49.2,30.0,133,145.5,144.875,68.46666666666667,16,25.788551594096294,290.6,224.7
경남,양산시,2017,밀양역,서울역,212.2,224.7,224.075,49.2,30.0,133,145.5,144.875,68.46666666666667,16,25.788551594096294,290.6,224.7
경남,양산시,2018,밀양역,서울역,214.2,225.2,224.64999999999998,49.2,30.0,135,146.0,145.45,54.05263157894737,20,25.788551594096294,290.6,225.2
경남,양산시,2019,밀양역,서울역,212.2,226.2,224.83636363636361,49.2,30.0,133,147.0,145.63636363636363,48.666666666666664,22,25.788551594096294,290.6,226.2
경남,양산시,2020,밀양역,서울역,212.2,226.2,224.7909090909091,49.2,30.0,133,147.0,145.5909090909091,48.666666666666664,22,25.788551594096294,290.6,226.2
경남,양산시,2021,밀양역,서울역,214.2,224.7,223.88181818181818,49.2,30.0,135,145.5,144.6818181818182,48.57142857142857,22,25.788551594096294,290.6,224.7
경남,양산시,2022,밀양역,서울역,214.2,224.7,223.88181818181818,49.2,30.0,135,145.5,144.6818181818182,48.57142857142857,22,25.788551594096294,290.6,224.7
경남,양산시,2023,물금역,서울역,211.6,226.1,224.1,22.6,30.0,159,173.5,171.5,155.6,6,11.694258300947546,290.6,226.1
경남,양산시,2024,물금역,서울역,211.6,226.1,224.1,22.6,30.0,159,173.5,171.5,155.6,6,11.694258300947546,290.6,226.1
경남,양산시,2025,물금역,서울역,212.6,227.1,225.1,22.6,30.0,160,174.5,172.5,155.4,6,11.694258300947546,290.6,227.1
경남,의령군,2007,,,,,,,,,,,,,,269.0,269.0
경남,의령군,2008,,,,,,,,,,,,,,269.0,269.0
경남,의령군,2009,,,,,,,,,,,,,,269.0,269.0
경남,의령군,2010,,,,,,,,,,,,,,269.0,269.0
경남,의령군,2011,,,,,,,,,,,,,,269.0,269.0
경남,의령군,2012,함안역,서울역,250.2,254.2,254.2,27.2,30.0,193,197.0,197.0,297.0,2,17.6008353461822,269.0,254.2
경남,의령군,2013,함안역,서울역,250.2,254.2,254.2,27.2,30.0,193,197.0,197.0,297.0,2,17.6008353461822,269.0,254.2
경남,의령군,2014,함안역,서울역,259.2,265.2,265.2,27.2,30.0,202,208.0,208.0,521.0,2,17.6008353461822,269.0,265.2
경남,의령군,2015,진주역,서울역,274.4,283.4,286.9,49.4,30.0,195,204.0,207.5,165.0,6,28.920246896737588,269.0,269.0
경남,의령군,2016,진주역,서울역,272.4,286.4,285.4,49.4,30.0,193,207.0,206.0,166.0,6,28.920246896737588,269.0,269.0
경남,의령군,2017,진주역,서울역,272.4,288.4,285.8285714285714,49.4,30.0,193,209.0,206.42857142857142,138.33333333333334,7,28.920246896737588,269.0,269.0
경남,의령군,2018,진주역,서울역,274.4,288.4,286.11428571428576,49.4,30.0,195,209.0,206.71428571428572,138.33333333333334,7,28.920246896737588,269.0,269.0
경남,의령군,2019,진주역,서울역,274.4,289.4,287.65,49.4,30.0,195,210.0,208.25,118.57142857142857,8,28.920246896737588,269.0,269.0
경남,의령군,2020,진주역,서울역,274.4,289.4,287.65,49.4,30.0,195,210.0,208.25,118.85714285714286,8,28.920246896737588,269.0,269.0
경남,의령군,2021,진주역,서울역,276.4,289.4,288.2888888888889,49.4,30.0,197,210.0,208.88888888888889,103.625,9,28.920246896737588,269.0,269.0
경남,의령군,2022,진주역,서울역,276.4,289.4,288.2888888888889,49.4,30.0,197,210.0,208.88888888888889,103.625,9,28.920246896737588,269.0,269.0
경남,의령군,2023,진주역,서울역,278.4,293.4,293.15,49.4,30.0,199,214.0,213.75,75.63636363636364,12,28.920246896737588,269.0,269.0
경남,의령군,2024,진주역,서울역,278.4,293.9,292.65,49.4,30.0,199,214.5,213.25,75.72727272727273,12,28.920246896737588,269.0,269.0
경남,의령군,2025,진주역,서울역,279.4,295.4,293.56666666666666,49.4,30.0,200,216.0,214.16666666666666,75.9090909090909,12,28.920246896737588,269.0,269.0
경남,진주시,2007,,,,,,,,,,,,,,261.6,261.6
경남,진주시,2008,,,,,,,,,,,,,,261.6,261.6
경남,진주시,2009,,,,,,,,,,,,,,261.6,261.6
경남,진주시,2010,,,,,,,,,,,,,,261.6,261.6
경남,진주시,2011,,,,,,,,,,,,,,261.6,261.6
경남,진주시,2012,진주역,서울역,238.3,252.3,251.13333333333333,10.3,30.0,198,212.0,210.83333333333334,152.2,6,4.579810716476579,261.6,252.3
경남,진주시,2013,진주역,서울역,239.3,252.3,250.96666666666664,10.3,30.0,199,212.0,210.66666666666666,152.6,6,4.579810716476579,261.6,252.3
경남,진주시,2014,진주역,서울역,241.3,252.8,254.46666666666664,10.3,30.0,201,212.5,214.16666666666666,152.6,6,4.579810716476579,261.6,252.8
경남,진주시,2015,진주역,서울역,235.3,244.3,247.8,10.3,30.0,195,204.0,207.5,165.0,6,4.579810716476579,261.6,244.3
경남,진주시,2016,진주역,서울역,233.3,247.3,246.3,10.3,30.0,193,207.0,206.0,166.0,6,4.579810716476579,261.6,247.3
경남,진주시,2017,진주역,서울역,233.3,249.3,246.7285714285714,10.3,30.0,193,209.0,206.42857142857142,138.33333333333334,7,4.579810716476579,261.6,249.3
경남,진주시,2018,진주역,서울역,235.3,249.3,247.01428571428573,10.3,30.0,195,209.0,206.71428571428572,138.33333333333334,7,4.579810716476579,261.6,249.3
경남,진주시,2019,진주역,서울역,235.3,250.3,248.55,10.3,30.0,195,210.0,208.25,118.57142857142857,8,4.579810716476579,261.6,250.3
경남,진주시,2020,진주역,서울역,235.3,250.3,248.55,10.3,30.0,195,210.0,208.25,118.85714285714286,8,4.579810716476579,261.6,250.3
경남,진주시,2021,진주역,서울역,237.3,250.3,249.18888888888887,10.3,30.0,197,210.0,208.88888888888889,103.625,9,4.579810716476579,261.6,250.3
경남,진주시,2022,진주역,서울역,237.3,250.3,249.18888888888887,10.3,30.0,197,210.0,208.88888888888889,103.625,9,4.579810716476579,261.6,250.3
경남,진주시,2023,진주역,서울역,239.3,254.3,254.05,10.3,30.0,199,214.0,213.75,75.63636363636364,12,4.579810716476579,261.6,254.3
경남,진주시,2024,진주역,서울역,239.3,254.8,253.55,10.3,30.0,199,214.5,213.25,75.72727272727273,12,4.579810716476579,261.6,254.8
경남,진주시,2025,진주역,서울역,240.3,256.3,254.46666666666664,10.3,30.0,200,216.0,214.16666666666666,75.9090909090909,12,4.579810716476579,261.6,256.3
경남,창녕군,2007,밀양역,서울역,202.3,209.8,209.61818181818182,37.3,30.0,135,142.5,142.3181818181818,45.95238095238095,22,25.51756141054091,239.5,209.8
경남,창녕군,2008,밀양역,서울역,186.3,203.3,202.01999999999998,37.3,30.0,119,136.0,134.72,39.916666666666664,25,25.51756141054091,239.5,203.3
경남,창녕군,2009,밀양역,서울역,186.3,203.3,202.01999999999998,37.3,30.0,119,136.0,134.72,39.916666666666664,25,25.51756141054091,239.5,203.3
경남,창녕군,2010,,,,,,,,,,,,,,239.5,239.5
경남,창녕군,2011,밀양역,서울역,209.3,210.8,211.8,37.3,30.0,142,143.5,144.5,136.85714285714286,8,25.51756141054091,239.5,210.8
경남,창녕군,2012,밀양역,서울역,210.3,213.3,214.3,37.3,30.0,143,146.0,147.0,136.85714285714286,8,25.51756141054091,239.5,213.3
경남,창녕군,2013,밀양역,서울역,210.3,213.3,214.3,37.3,30.0,143,146.0,147.0,136.85714285714286,8,25.51756141054091,239.5,213.3
경남,창녕군,2014,밀양역,서울역,209.3,214.3,215.675,37.3,30.0,142,147.0,148.375,136.85714285714286,8,25.51756141054091,239.5,214.3
경남,창녕군,2015,밀양역,서울역,208.3,212.3,215.85555555555555,37.3,30.0,141,145.0,148.55555555555554,119.75,9,25.51756141054091,239.5,212.3
경남,창녕군,2016,밀양역,서울역,200.3,212.8,212.175,37.3,30.0,133,145.5,144.875,68.46666666666667,16,25.51756141054091,239.5,212.8
경남,창녕군,2017,밀양역,서울역,200.3,212.8,212.175,37.3,30.0,133,145.5,144.875,68.46666666666667,16,25.51756141054091,239.5,212.8
경남,창녕군,2018,밀양역,서울역,202.3,213.3,212.75,37.3,30.0,135,146.0,145.45,54.05263157894737,20,25.51756141054091,239.5,213.3
경남,창녕군,2019,밀양역,서울역,200.3,214.3,212.93636363636364,37.3,30.0,133,147.0,145.63636363636363,48.666666666666664,22,25.51756141054091,239.5,214.3
경남,창녕군,2020,밀양역,서울역,200.3,214.3,212.89090909090908,37.3,30.0,133,147.0,145.5909090909091,48.666666666666664,22,25.51756141054091,239.5,214.3
경남,창녕군,2021,밀양역,서울역,202.3,212.8,211.9818181818182,37.3,30.0,135,145.5,144.6818181818182,48.57142857142857,22,25.51756141054091,239.5,212.8
경남,창녕군,2022,밀양역,서울역,202.3,212.8,211.9818181818182,37.3,30.0,135,145.5,144.6818181818182,48.57142857142857,22,25.51756141054091,239.5,212.8
경남,창녕군,2023,밀양역,서울역,204.3,217.3,216.54000000000002,37.3,30.0,137,150.0,149.24,42.5,25,25.51756141054091,239.5,217.3
경남,창녕군,2024,밀양역,서울역,204.3,217.3,216.57999999999998,37.3,30.0,137,150.0,149.28,42.541666666666664,25,25.51756141054091,239.5,217.3
경남,창녕군,2025,밀양역,서울역,205.3,219.3,217.5,37.3,30.0,138,152.0,150.2,42.583333333333336,25,25.51756141054091,239.5,219.3
경남,창원시,2007,,,,,,,,,,,,,,271.9,271.9
경남,창원시,2008,,,,,,,,,,,,,,271.9,271.9
경남,창원시,2009,,,,,,,,,,,,,,271.9,271.9
경남,창원시,2010,,,,,,,,,,,,,,271.9,271.9
경남,창원시,2011,창원중앙역,서울역,210.0,213.0,213.57142857142858,15.0,30.0,165,168.0,168.57142857142858,125.0,7,10.264518716810782,271.9,213.0
경남,창원시,2012,창원중앙역,서울역,206.0,212.0,211.57142857142858,15.0,30.0,161,167.0,166.57142857142858,118.33333333333333,7,10.264518716810782,271.9,212.0
경남,창원시,2013,창원중앙역,서울역,207.0,212.0,211.71428571428572,15.0,30.0,162,167.0,166.71428571428572,118.33333333333333,7,10.264518716810782,271.9,212.0
경남,창원시,2014,창원중앙역,서울역,208.0,212.0,214.28571428571428,15.0,30.0,163,167.0,169.28571428571428,118.5,7,10.264518716810782,271.9,212.0
경남,창원시,2015,창원중앙역,서울역,203.0,212.0,213.125,15.0,30.0,158,167.0,168.125,137.28571428571428,8,10.264518716810782,271.9,212.0
경남,창원시,2016,창원중앙역,서울역,202.0,215.0,213.25,15.0,30.0,157,170.0,168.25,98.57142857142857,8,10.264518716810782,271.9,215.0
경남,창원시,2017,창원중앙역,서울역,202.0,215.0,213.25,15.0,30.0,157,170.0,168.25,98.57142857142857,8,10.264518716810782,271.9,215.0
경남,창원시,2018,창원중앙역,서울역,202.0,217.5,214.4,15.0,30.0,157,172.5,169.4,103.11111111111111,10,10.264518716810782,271.9,217.5
경남,창원시,2019,창원중앙역,서울역,202.0,218.0,216.07692307692307,15.0,30.0,157,173.0,171.07692307692307,80.0,13,10.264518716810782,271.9,218.0
경남,창원시,2020,창원중앙역,서울역,202.0,218.0,216.07692307692307,15.0,30.0,157,173.0,171.07692307692307,80.0,13,10.264518716810782,271.9,218.0
경남,창원시,2021,창원중앙역,서울역,204.0,216.0,214.69230769230768,15.0,30.0,159,171.0,169.69230769230768,80.5,13,10.264518716810782,271.9,216.0
경남,창원시,2022,창원중앙역,서울역,204.0,216.0,214.69230769230768,15.0,30.0,159,171.0,169.69230769230768,80.5,13,10.264518716810782,271.9,216.0
경남,창원시,2023,창원중앙역,서울역,206.0,221.0,219.35294117647058,15.0,30.0,161,176.0,174.35294117647058,60.375,17,10.264518716810782,271.9,221.0
경남,창원시,2024,창원중앙역,서울역,207.0,221.0,219.2941176470588,15.0,30.0,162,176.0,174.2941176470588,60.4375,17,10.264518716810782,271.9,221.0
경남,창원시,2025,창원중앙역,서울역,208.0,222.0,220.2941176470588,15.0,30.0,163,177.0,175.2941176470588,60.5,17,10.264518716810782,271.9,222.0
경남,통영시,2007,,,,,,,,,,,,,,300.7,300.7
경남,통영시,2008,,,,,,,,,,,,,,300.7,300.7
경남,통영시,2009,,,,,,,,,,,,,,300.7,300.7
경남,통영시,2010,,,,,,,,,,,,,,300.7,300.7
경남,통영시,2011,,,,,,,,,,,,,,300.7,300.7
경남,통영시,2012,,,,,,,,,,,,,,300.7,300.7
경남,통영시,2013,,,,,,,,,,,,,,300.7,300.7
경남,통영시,2014,,,,,,,,,,,,,,300.7,300.7
경남,통영시,2015,,,,,,,,,,,,,,300.7,300.7
경남,통영시,2016,,,,,,,,,,,,,,300.7,300.7
경남,통영시,2017,,,,,,,,,,,,,,300.7,300.7
경남,통영시,2018,,,,,,,,,,,,,,300.7,300.7
경남,통영시,2019,,,,,,,,,,,,,,300.7,300.7
경남,통영시,2020,,,,,,,,,,,,,,300.7,300.7
경남,통영시,2021,,,,,,,,,,,,,,300.7,300.7
경남,통영시,2022,,,,,,,,,,,,,,300.7,300.7
경남,통영시,2023,,,,,,,,,,,,,,300.7,300.7
경남,통영시,2024,,,,,,,,,,,,,,300.7,300.7
경남,통영시,2025,,,,,,,,,,,,,,300.7,300.7
경남,하동군,2007,,,,,,,,,,,,,,274.3,274.3
경남,하동군,2008,,,,,,,,,,,,,,274.3,274.3
경남,하동군,2009,,,,,,,,,,,,,,274.3,274.3
경남,하동군,2010,,,,,,,,,,,,,,274.3,274.3
경남,하동군,2011,구례구역,용산역,272.5,276.0,276.0,64.5,30.0,178,181.5,181.5,819.0,2,29.896876546696316,274.3,274.3
경남,하동군,2012,구례구역,용산역,268.5,276.0,276.0,64.5,30.0,174,181.5,181.5,820.0,2,29.896876546696316,274.3,274.3
경남,하동군,2013,구례구역,용산역,267.5,274.5,274.5,64.5,30.0,173,180.0,180.0,830.0,2,29.896876546696316,274.3,274.3
경남,하동군,2014,구례구역,용산역,267.5,272.5,272.5,64.5,30.0,173,178.0,178.0,888.0,2,29.896876546696316,274.3,272.5
경남,하동군,2015,구례구역,용산역,230.5,246.5,243.0,64.5,30.0,136,152.0,148.5,258.3333333333333,4,29.896876546696316,274.3,246.5
경남,하동군,2016,구례구역,용산역,234.5,245.0,249.33333333333334,64.5,30.0,140,150.5,154.83333333333334,185.8,6,29.896876546696316,274.3,245.0
경남,하동군,2017,구례구역,용산역,234.5,245.0,249.33333333333334,64.5,30.0,140,150.5,154.83333333333334,185.8,6,29.896876546696316,274.3,245.0
경남,하동군,2018,구례구역,용산역,234.5,244.0,248.83333333333334,64.5,30.0,140,149.5,154.33333333333334,185.8,6,29.896876546696316,274.3,244.0
경남,하동군,2019,구례구역,용산역,234.5,242.5,248.0,64.5,30.0,140,148.0,153.5,184.8,6,29.896876546696316,274.3,242.5
경남,하동군,2020,구례구역,용산역,234.5,242.5,248.0,64.5,30.0,140,148.0,153.5,184.8,6,29.896876546696316,274.3,242.5
경남,하동군,2021,구례구역,용산역,229.5,245.5,248.92857142857142,64.5,30.0,135,151.0,154.42857142857142,154.0,7,29.896876546696316,274.3,245.5
경남,하동군,2022,구례구역,용산역,229.5,245.5,248.92857142857142,64.5,30.0,135,151.0,154.42857142857142,154.0,7,29.896876546696316,274.3,245.5
경남,하동군,2023,구례구역,용산역,231.5,247.5,253.94444444444446,64.5,30.0,137,153.0,159.44444444444446,114.75,9,29.896876546696316,274.3,247.5
경남,하동군,2024,구례구역,용산역,231.5,247.5,253.94444444444446,64.5,30.0,137,153.0,159.44444444444446,114.75,9,29.896876546696316,274.3,247.5
경남,하동군,2025,구례구역,용산역,232.5,249.5,255.27777777777777,64.5,30.0,138,155.0,160.77777777777777,114.625,9,29.896876546696316,274.3,249.5
경남,함안군,2007,,,,,,,,,,,,,,266.7,266.7
경남,함안군,2008,,,,,,,,,,,,,,266.7,266.7
경남,함안군,2009,,,,,,,,,,,,,,266.7,266.7
경남,함안군,2010,,,,,,,,,,,,,,266.7,266.7
경남,함안군,2011,창원역,서울역,220.9,224.4,224.9,19.9,30.0,171,174.5,175.0,174.0,6,16.439565668333135,266.7,224.4
경남,함안군,2012,마산역,서울역,219.2,227.2,228.03333333333336,18.2,30.0,171,179.0,179.83333333333334,87.27272727272727,12,14.631402363462435,266.7,227.2
경남,함안군,2013,마산역,서울역,220.2,227.2,228.11666666666667,18.2,30.0,172,179.0,179.91666666666666,87.27272727272727,12,14.631402363462435,266.7,227.2
경남,함안군,2014,창원역,서울역,219.9,228.9,230.56666666666666,19.9,30.0,170,179.0,180.66666666666666,174.0,6,16.439565668333135,266.7,228.9
경남,함안군,2015,마산역,서울역,217.2,228.7,230.86666666666667,18.2,30.0,169,180.5,182.66666666666666,87.54545454545455,12,14.631402363462435,266.7,228.7
경남,함안군,2016,마산역,서울역,216.2,230.2,229.65454545454548,18.2,30.0,168,182.0,181.45454545454547,90.3,11,14.631402363462435,266.7,230.2
경남,함안군,2017,마산역,서울역,216.2,230.2,229.65454545454548,18.2,30.0,168,182.0,181.45454545454547,90.3,11,14.631402363462435,266.7,230.2
경남,함안군,2018,마산역,서울역,217.2,232.2,230.05714285714288,18.2,30.0,169,184.0,181.85714285714286,77.3076923076923,14,14.631402363462435,266.7,232.2
경남,함안군,2019,창원역,서울역,211.9,230.9,229.32857142857142,19.9,30.0,162,181.0,179.42857142857142,166.66666666666666,7,16.439565668333135,266.7,230.9
경남,함안군,2020,창원역,서울역,211.9,230.9,229.32857142857142,19.9,30.0,162,181.0,179.42857142857142,166.66666666666666,7,16.439565668333135,266.7,230.9
경남,함안군,2021,창원역,서울역,214.9,228.9,228.18571428571428,19.9,30.0,165,179.0,178.28571428571428,167.16666666666666,7,16.439565668333135,266.7,228.9
경남,함안군,2022,창원역,서울역,214.9,228.9,228.18571428571428,19.9,30.0,165,179.0,178.28571428571428,167.16666666666666,7,16.439565668333135,266.7,228.9
경남,함안군,2023,창원역,서울역,217.9,235.9,233.775,19.9,30.0,168,186.0,183.875,143.28571428571428,8,16.439565668333135,266.7,235.9
경남,함안군,2024,창원역,서울역,217.9,235.9,234.025,19.9,30.0,168,186.0,184.125,143.42857142857142,8,16.439565668333135,266.7,235.9
경남,함안군,2025,창원역,서울역,218.9,235.9,235.025,19.9,30.0,169,186.0,185.125,143.57142857142858,8,16.439565668333135,266.7,235.9
경남,함양군,2007,,,,,,,,,,,,,,221.7,221.7
경남,함양군,2008,,,,,,,,,,,,,,221.7,221.7
경남,함양군,2009,,,,,,,,,,,,,,221.7,221.7
경남,함양군,2010,,,,,,,,,,,,,,221.7,221.7
경남,함양군,2011,,,,,,,,,,,,,,221.7,221.7
경남,함양군,2012,,,,,,,,,,,,,,221.7,221.7
경남,함양군,2013,,,,,,,,,,,,,,221.7,221.7
경남,함양군,2014,,,,,,,,,,,,,,221.7,221.7
경남,함양군,2015,,,,,,,,,,,,,,221.7,221.7
경남,함양군,2016,,,,,,,,,,,,,,221.7,221.7
경남,함양군,2017,,,,,,,,,,,,,,221.7,221.7
경남,함양군,2018,,,,,,,,,,,,,,221.7,221.7
경남,함양군,2019,,,,,,,,,,,,,,221.7,221.7
경남,함양군,2020,,,,,,,,,,,,,,221.7,221.7
경남,함양군,2021,,,,,,,,,,,,,,221.7,221.7
경남,함양군,2022,,,,,,,,,,,,,,221.7,221.7
경남,함양군,2023,,,,,,,,,,,,,,221.7,221.7
경남,함양군,2024,,,,,,,,,,,,,,221.7,221.7
경남,함양군,2025,,,,,,,,,,,,,,221.7,221.7
경남,합천군,2007,,,,,,,,,,,,,,240.9,240.9
경남,합천군,2008,,,,,,,,,,,,,,240.9,240.9
경남,합천군,2009,,,,,,,,,,,,,,240.9,240.9
경남,합천군,2010,,,,,,,,,,,,,,240.9,240.9
경남,합천군,2011,,,,,,,,,,,,,,240.9,240.9
경남,합천군,2012,,,,,,,,,,,,,,240.9,240.9
경남,합천군,2013,,,,,,,,,,,,,,240.9,240.9
경남,합천군,2014,,,,,,,,,,,,,,240.9,240.9
경남,합천군,2015,,,,,,,,,,,,,,240.9,240.9
경남,합천군,2016,,,,,,,,,,,,,,240.9,240.9
경남,합천군,2017,,,,,,,,,,,,,,240.9,240.9
경남,합천군,2018,,,,,,,,,,,,,,240.9,240.9
경남,합천군,2019,,,,,,,,,,,,,,240.9,240.9
경남,합천군,2020,,,,,,,,,,,,,,240.9,240.9
경남,합천군,2021,,,,,,,,,,,,,,240.9,240.9
경남,합천군,2022,,,,,,,,,,,,,,240.9,240.9
경남,합천군,2023,,,,,,,,,,,,,,240.9,240.9
경남,합천군,2024,,,,,,,,,,,,,,240.9,240.9
경남,합천군,2025,,,,,,,,,,,,,,240.9,240.9
경북,경산시,2007,동대구역,서울역,154.2,164.2,164.23030303030305,25.2,30.0,99,109.0,109.03030303030303,15.923076923076923,66,17.24753038390295,234.4,164.2
경북,경산시,2008,동대구역,서울역,150.2,161.2,159.6931506849315,25.2,30.0,95,106.0,104.4931506849315,14.666666666666666,73,17.24753038390295,234.4,161.2
경북,경산시,2009,동대구역,서울역,150.2,161.2,159.6931506849315,25.2,30.0,95,106.0,104.4931506849315,14.666666666666666,73,17.24753038390295,234.4,161.2
경북,경산시,2010,동대구역,서울역,153.2,163.2,163.075,25.2,30.0,98,108.0,107.875,15.056338028169014,72,17.24753038390295,234.4,163.2
경북,경산시,2011,동대구역,서울역,158.2,169.2,170.39718309859154,25.2,30.0,103,114.0,115.19718309859155,15.314285714285715,71,17.24753038390295,234.4,169.2
경북,경산시,2012,동대구역,서울역,158.2,169.2,170.30975609756098,25.2,30.0,103,114.0,115.10975609756098,13.246913580246913,82,17.24753038390295,234.4,169.2
경북,경산시,2013,동대구역,서울역,158.2,169.2,170.69397590361444,25.2,30.0,103,114.0,115.49397590361446,13.109756097560975,83,17.24753038390295,234.4,169.2
경북,경산시,2014,동대구역,서울역,158.2,170.2,172.45925925925926,25.2,30.0,103,115.0,117.25925925925925,13.4375,81,17.24753038390295,234.4,170.2
경북,경산시,2015,동대구역,서울역,153.2,165.2,168.08505747126438,25.2,30.0,98,110.0,112.88505747126437,12.569767441860465,87,17.24753038390295,234.4,165.2
경북,경산시,2016,동대구역,서울역,150.2,165.2,166.40779220779223,25.2,30.0,95,110.0,111.20779220779221,14.197368421052632,77,17.24753038390295,234.4,165.2
경북,경산시,2017,동대구역,서울역,150.2,165.2,166.575,25.2,30.0,95,110.0,111.375,13.658227848101266,80,17.24753038390295,234.4,165.2
경북,경산시,2018,동대구역,서울역,150.2,165.2,166.10322580645163,25.2,30.0,95,110.0,110.90322580645162,11.728260869565217,93,17.24753038390295,234.4,165.2
경북,경산시,2019,동대구역,서울역,149.2,166.2,166.96530612244896,25.2,30.0,94,111.0,111.76530612244898,11.082474226804123,98,17.24753038390295,234.4,166.2
경북,경산시,2020,동대구역,서울역,149.2,166.2,166.9551020408163,25.2,30.0,94,111.0,111.75510204081633,11.082474226804123,98,17.24753038390295,234.4,166.2
경북,경산시,2021,동대구역,서울역,149.2,167.2,167.38181818181818,25.2,30.0,94,112.0,112.18181818181819,11.020408163265307,99,17.24753038390295,234.4,167.2
경북,경산시,2022,동대구역,서울역,149.2,167.2,167.38181818181818,25.2,30.0,94,112.0,112.18181818181819,11.020408163265307,99,17.24753038390295,234.4,167.2
경북,경산시,2023,동대구역,서울역,154.2,170.2,170.24545454545455,25.2,30.0,99,115.0,115.04545454545455,9.53211009174312,110,17.24753038390295,234.4,170.2
경북,경산시,2024,동대구역,서울역,154.2,169.2,170.3293103448276,25.2,30.0,99,114.0,115.12931034482759,9.034782608695652,116,17.24753038390295,234.4,169.2
경북,경산시,2025,동대구역,서울역,154.2,170.2,171.3858407079646,25.2,30.0,99,115.0,116.1858407079646,9.276785714285714,113,17.24753038390295,234.4,170.2
경북,경주시,2007,,,,,,,,,,,,,,246.7,246.7
경북,경주시,2008,,,,,,,,,,,,,,246.7,246.7
경북,경주시,2009,,,,,,,,,,,,,,246.7,246.7
경북,경주시,2010,신경주역,서울역,163.5,173.5,177.95714285714286,16.5,30.0,117,127.0,131.45714285714286,29.0,35,9.328821514636287,246.7,173.5
경북,경주시,2011,신경주역,서울역,168.5,183.5,187.35714285714286,16.5,30.0,122,137.0,140.85714285714286,29.41176470588235,35,9.328821514636287,246.7,183.5
경북,경주시,2012,신경주역,서울역,174.5,181.5,187.09459459459458,16.5,30.0,128,135.0,140.59459459459458,27.75,37,9.328821514636287,246.7,181.5
경북,경주시,2013,신경주역,서울역,174.5,182.5,187.33783783783784,16.5,30.0,128,136.0,140.83783783783784,27.75,37,9.328821514636287,246.7,182.5
경북,경주시,2014,신경주역,서울역,174.5,188.0,188.61904761904762,16.5,30.0,128,141.5,142.11904761904762,24.365853658536587,42,9.328821514636287,246.7,188.0
경북,경주시,2015,신경주역,서울역,168.5,182.5,183.85897435897436,16.5,30.0,122,136.0,137.35897435897436,27.210526315789473,39,9.328821514636287,246.7,182.5
경북,경주시,2016,신경주역,서울역,169.5,178.5,178.23333333333332,16.5,30.0,123,132.0,131.73333333333332,68.85714285714286,15,9.328821514636287,246.7,178.5
경북,경주시,2017,신경주역,서울역,162.5,176.5,177.16666666666666,16.5,30.0,116,130.0,130.66666666666666,62.0,18,9.328821514636287,246.7,176.5
경북,경주시,2018,신경주역,서울역,162.5,174.5,176.16666666666666,16.5,30.0,116,128.0,129.66666666666666,52.7,21,9.328821514636287,246.7,174.5
경북,경주시,2019,신경주역,서울역,164.5,174.5,178.27272727272728,16.5,30.0,118,128.0,131.77272727272728,49.476190476190474,22,9.328821514636287,246.7,174.5
경북,경주시,2020,신경주역,서울역,164.5,174.5,178.22727272727272,16.5,30.0,118,128.0,131.72727272727272,49.476190476190474,22,9.328821514636287,246.7,174.5
경북,경주시,2021,신경주역,서울역,166.5,174.0,177.83333333333334,16.5,30.0,120,127.5,131.33333333333334,45.130434782608695,24,9.328821514636287,246.7,174.0
경북,경주시,2022,신경주역,서울역,166.5,174.0,177.83333333333334,16.5,30.0,120,127.5,131.33333333333334,45.130434782608695,24,9.328821514636287,246.7,174.0
경북,경주시,2023,경주역,서울역,155.7,165.7,167.23571428571427,3.7,30.0,122,132.0,133.53571428571428,38.44444444444444,28,2.6459274777462083,246.7,165.7
경북,경주시,2024,경주역,서울역,155.7,165.7,166.95925925925928,3.7,30.0,122,132.0,133.25925925925927,39.92307692307692,27,2.6459274777462083,246.7,165.7
경북,경주시,2025,경주역,서울역,157.7,167.2,176.36666666666667,3.7,30.0,124,133.5,142.66666666666666,35.793103448275865,30,2.6459274777462083,246.7,167.2
경북,고령군,2007,,,,,,,,,,,,,,229.6,229.6
경북,고령군,2008,,,,,,,,,,,,,,229.6,229.6
경북,고령군,2009,,,,,,,,,,,,,,229.6,229.6
경북,고령군,2010,,,,,,,,,,,,,,229.6,229.6
경북,고령군,2011,,,,,,,,,,,,,,229.6,229.6
경북,고령군,2012,,,,,,,,,,,,,,229.6,229.6
경북,고령군,2013,,,,,,,,,,,,,,229.6,229.6
경북,고령군,2014,,,,,,,,,,,,,,229.6,229.6
경북,고령군,2015,,,,,,,,,,,,,,229.6,229.6
경북,고령군,2016,,,,,,,,,,,,,,229.6,229.6
경북,고령군,2017,,,,,,,,,,,,,,229.6,229.6
경북,고령군,2018,,,,,,,,,,,,,,229.6,229.6
경북,고령군,2019,,,,,,,,,,,,,,229.6,229.6
경북,고령군,2020,,,,,,,,,,,,,,229.6,229.6
경북,고령군,2021,,,,,,,,,,,,,,229.6,229.6
경북,고령군,2022,,,,,,,,,,,,,,229.6,229.6
경북,고령군,2023,서대구역,서울역,166.4,180.4,179.46666666666667,40.4,30.0,96,110.0,109.06666666666666,65.71428571428571,15,26.4927776755323,229.6,180.4
경북,고령군,2024,서대구역,서울역,166.4,179.9,179.025,40.4,30.0,96,109.5,108.625,61.333333333333336,16,26.4927776755323,229.6,179.9
경북,고령군,2025,서대구역,서울역,167.4,180.4,180.15,40.4,30.0,97,110.0,109.75,61.333333333333336,16,26.4927776755323,229.6,180.4
경북,구미시,2007,,,,,,,,,,,,,,176.7,176.7
경북,구미시,2008,,,,,,,,,,,,,,176.7,176.7
경북,구미시,2009,,,,,,,,,,,,,,176.7,176.7
경북,구미시,2010,김천(구미)역,서울역,143.4,149.4,149.85454545454544,33.4,30.0,80,86.0,86.45454545454545,49.80952380952381,22,18.83520651797998,176.7,149.4
경북,구미시,2011,김천(구미)역,서울역,147.4,154.4,154.4952380952381,33.4,30.0,84,91.0,91.0952380952381,52.4,21,18.83520651797998,176.7,154.4
경북,구미시,2012,김천(구미)역,서울역,148.4,153.4,155.12727272727273,33.4,30.0,85,90.0,91.72727272727273,49.904761904761905,22,18.83520651797998,176.7,153.4
경북,구미시,2013,김천(구미)역,서울역,148.4,154.4,155.3,33.4,30.0,85,91.0,91.9,55.21052631578947,20,18.83520651797998,176.7,154.4
경북,구미시,2014,김천(구미)역,서울역,148.4,154.4,156.1,33.4,30.0,85,91.0,92.7,55.21052631578947,20,18.83520651797998,176.7,154.4
경북,구미시,2015,김천(구미)역,서울역,146.4,151.4,156.51111111111112,33.4,30.0,83,88.0,93.11111111111111,38.07692307692308,27,18.83520651797998,176.7,151.4
경북,구미시,2016,김천(구미)역,서울역,146.4,153.4,154.32,33.4,30.0,83,90.0,90.92,42.666666666666664,25,18.83520651797998,176.7,153.4
경북,구미시,2017,김천(구미)역,서울역,146.4,153.4,154.86153846153846,33.4,30.0,83,90.0,91.46153846153847,40.96,26,18.83520651797998,176.7,153.4
경북,구미시,2018,김천(구미)역,서울역,146.4,153.4,153.6258064516129,33.4,30.0,83,90.0,90.2258064516129,34.13333333333333,31,18.83520651797998,176.7,153.4
경북,구미시,2019,김천(구미)역,서울역,146.4,153.4,153.62857142857143,33.4,30.0,83,90.0,90.22857142857143,28.88235294117647,35,18.83520651797998,176.7,153.4
경북,구미시,2020,김천(구미)역,서울역,146.4,153.4,153.6,33.4,30.0,83,90.0,90.2,28.91176470588235,35,18.83520651797998,176.7,153.4
경북,구미시,2021,김천(구미)역,서울역,147.4,153.4,154.42777777777778,33.4,30.0,84,90.0,91.02777777777777,28.114285714285714,36,18.83520651797998,176.7,153.4
경북,구미시,2022,김천(구미)역,서울역,147.4,153.4,154.42777777777778,33.4,30.0,84,90.0,91.02777777777777,28.114285714285714,36,18.83520651797998,176.7,153.4
경북,구미시,2023,김천(구미)역,서울역,149.4,155.4,156.2,33.4,30.0,86,92.0,92.8,25.23076923076923,40,18.83520651797998,176.7,155.4
경북,구미시,2024,김천(구미)역,서울역,143.4,155.9,157.2421052631579,33.4,30.0,80,92.5,93.84210526315789,26.594594594594593,38,18.83520651797998,176.7,155.9
경북,구미시,2025,김천(구미)역,서울역,144.4,156.4,157.76842105263157,33.4,30.0,81,93.0,94.36842105263158,26.594594594594593,38,18.83520651797998,176.7,156.4
경북,군위군,2007,,,,,,,,,,,,,,206.8,206.8
경북,군위군,2008,,,,,,,,,,,,,,206.8,206.8
경북,군위군,2009,,,,,,,,,,,,,,206.8,206.8
경북,군위군,2010,,,,,,,,,,,,,,206.8,206.8
경북,군위군,2011,,,,,,,,,,,,,,206.8,206.8
경북,군위군,2012,,,,,,,,,,,,,,206.8,206.8
경북,군위군,2013,,,,,,,,,,,,,,206.8,206.8
경북,군위군,2014,,,,,,,,,,,,,,206.8,206.8
경북,군위군,2015,,,,,,,,,,,,,,206.8,206.8
경북,군위군,2016,,,,,,,,,,,,,,206.8,206.8
경북,군위군,2017,,,,,,,,,,,,,,206.8,206.8
경북,군위군,2018,,,,,,,,,,,,,,206.8,206.8
경북,군위군,2019,,,,,,,,,,,,,,206.8,206.8
경북,군위군,2020,,,,,,,,,,,,,,206.8,206.8
경북,군위군,2021,,,,,,,,,,,,,,206.8,206.8
경북,군위군,2022,,,,,,,,,,,,,,206.8,206.8
경북,군위군,2023,,,,,,,,,,,,,,206.8,206.8
경북,군위군,2024,,,,,,,,,,,,,,206.8,206.8
경북,군위군,2025,의성역,서울역,215.3,215.3,215.3,29.3,30.0,156,156.0,156.0,,1,20.79540723897646,206.8,206.8
경북,김천시,2007,,,,,,,,,,,,,,190.9,190.9
경북,김천시,2008,,,,,,,,,,,,,,190.9,190.9
경북,김천시,2009,,,,,,,,,,,,,,190.9,190.9
경북,김천시,2010,김천(구미)역,서울역,127.3,133.3,133.75454545454545,17.3,30.0,80,86.0,86.45454545454545,49.80952380952381,22,11.007743749841485,190.9,133.3
경북,김천시,2011,김천(구미)역,서울역,131.3,138.3,138.39523809523808,17.3,30.0,84,91.0,91.0952380952381,52.4,21,11.007743749841485,190.9,138.3
경북,김천시,2012,김천(구미)역,서울역,132.3,137.3,139.02727272727273,17.3,30.0,85,90.0,91.72727272727273,49.904761904761905,22,11.007743749841485,190.9,137.3
경북,김천시,2013,김천(구미)역,서울역,132.3,138.3,139.2,17.3,30.0,85,91.0,91.9,55.21052631578947,20,11.007743749841485,190.9,138.3
경북,김천시,2014,김천(구미)역,서울역,132.3,138.3,140.0,17.3,30.0,85,91.0,92.7,55.21052631578947,20,11.007743749841485,190.9,138.3
경북,김천시,2015,김천(구미)역,서울역,130.3,135.3,140.4111111111111,17.3,30.0,83,88.0,93.11111111111111,38.07692307692308,27,11.007743749841485,190.9,135.3
경북,김천시,2016,김천(구미)역,서울역,130.3,137.3,138.22,17.3,30.0,83,90.0,90.92,42.666666666666664,25,11.007743749841485,190.9,137.3
경북,김천시,2017,김천(구미)역,서울역,130.3,137.3,138.76153846153846,17.3,30.0,83,90.0,91.46153846153847,40.96,26,11.007743749841485,190.9,137.3
경북,김천시,2018,김천(구미)역,서울역,130.3,137.3,137.52580645161288,17.3,30.0,83,90.0,90.2258064516129,34.13333333333333,31,11.007743749841485,190.9,137.3
경북,김천시,2019,김천(구미)역,서울역,130.3,137.3,137.5285714285714,17.3,30.0,83,90.0,90.22857142857143,28.88235294117647,35,11.007743749841485,190.9,137.3
경북,김천시,2020,김천(구미)역,서울역,130.3,137.3,137.5,17.3,30.0,83,90.0,90.2,28.91176470588235,35,11.007743749841485,190.9,137.3
경북,김천시,2021,김천(구미)역,서울역,131.3,137.3,138.32777777777778,17.3,30.0,84,90.0,91.02777777777777,28.114285714285714,36,11.007743749841485,190.9,137.3
경북,김천시,2022,김천(구미)역,서울역,131.3,137.3,138.32777777777778,17.3,30.0,84,90.0,91.02777777777777,28.114285714285714,36,11.007743749841485,190.9,137.3
경북,김천시,2023,김천(구미)역,서울역,133.3,139.3,140.1,17.3,30.0,86,92.0,92.8,25.23076923076923,40,11.007743749841485,190.9,139.3
경북,김천시,2024,김천(구미)역,서울역,127.3,139.8,141.14210526315787,17.3,30.0,80,92.5,93.84210526315789,26.594594594594593,38,11.007743749841485,190.9,139.8
경북,김천시,2025,김천(구미)역,서울역,128.3,140.3,141.66842105263157,17.3,30.0,81,93.0,94.36842105263158,26.594594594594593,38,11.007743749841485,190.9,140.3
경북,문경시,2007,,,,,,,,,,,,,,135.2,135.2
경북,문경시,2008,,,,,,,,,,,,,,135.2,135.2
경북,문경시,2009,,,,,,,,,,,,,,135.2,135.2
경북,문경시,2010,,,,,,,,,,,,,,135.2,135.2
경북,문경시,2011,,,,,,,,,,,,,,135.2,135.2
경북,문경시,2012,,,,,,,,,,,,,,135.2,135.2
경북,문경시,2013,,,,,,,,,,,,,,135.2,135.2
경북,문경시,2014,,,,,,,,,,,,,,135.2,135.2
경북,문경시,2015,,,,,,,,,,,,,,135.2,135.2
경북,문경시,2016,,,,,,,,,,,,,,135.2,135.2
경북,문경시,2017,,,,,,,,,,,,,,135.2,135.2
경북,문경시,2018,,,,,,,,,,,,,,135.2,135.2
경북,문경시,2019,,,,,,,,,,,,,,135.2,135.2
경북,문경시,2020,,,,,,,,,,,,,,135.2,135.2
경북,문경시,2021,,,,,,,,,,,,,,135.2,135.2
경북,문경시,2022,,,,,,,,,,,,,,135.2,135.2
경북,문경시,2023,,,,,,,,,,,,,,135.2,135.2
경북,문경시,2024,,,,,,,,,,,,,,135.2,135.2
경북,문경시,2025,,,,,,,,,,,,,,135.2,135.2
경북,봉화군,2007,,,,,,,,,,,,,,192.5,192.5
경북,봉화군,2008,,,,,,,,,,,,,,192.5,192.5
경북,봉화군,2009,,,,,,,,,,,,,,192.5,192.5
경북,봉화군,2010,,,,,,,,,,,,,,192.5,192.5
경북,봉화군,2011,,,,,,,,,,,,,,192.5,192.5
경북,봉화군,2012,,,,,,,,,,,,,,192.5,192.5
경북,봉화군,2013,,,,,,,,,,,,,,192.5,192.5
경북,봉화군,2014,,,,,,,,,,,,,,192.5,192.5
경북,봉화군,2015,,,,,,,,,,,,,,192.5,192.5
경북,봉화군,2016,,,,,,,,,,,,,,192.5,192.5
경북,봉화군,2017,,,,,,,,,,,,,,192.5,192.5
경북,봉화군,2018,청량리역,서울역,88.2,89.2,89.2,39.2,30.0,19,20.0,20.0,81.47058823529412,18,22.68278667312767,192.5,89.2
경북,봉화군,2019,청량리역,서울역,88.2,89.2,89.2,39.2,30.0,19,20.0,20.0,81.47058823529412,18,22.68278667312767,192.5,89.2
경북,봉화군,2020,청량리역,서울역,88.2,89.2,89.2,39.2,30.0,19,20.0,20.0,84.0,18,22.68278667312767,192.5,89.2
경북,봉화군,2021,청량리역,서울역,88.2,89.2,89.08888888888889,39.2,30.0,19,20.0,19.88888888888889,84.0,18,22.68278667312767,192.5,89.2
경북,봉화군,2022,청량리역,서울역,88.2,89.2,89.08888888888889,39.2,30.0,19,20.0,19.88888888888889,84.0,18,22.68278667312767,192.5,89.2
경북,봉화군,2023,청량리역,서울역,88.2,89.2,89.38181818181819,39.2,30.0,19,20.0,20.181818181818183,68.0,22,22.68278667312767,192.5,89.2
경북,봉화군,2024,청량리역,서울역,88.2,89.2,89.10909090909091,39.2,30.0,19,20.0,19.90909090909091,67.95238095238095,22,22.68278667312767,192.5,89.2
경북,봉화군,2025,청량리역,서울역,89.2,89.2,89.41739130434783,39.2,30.0,20,20.0,20.217391304347824,64.86363636363636,23,22.68278667312767,192.5,89.2
경북,상주시,2007,,,,,,,,,,,,,,160.3,160.3
경북,상주시,2008,,,,,,,,,,,,,,160.3,160.3
경북,상주시,2009,,,,,,,,,,,,,,160.3,160.3
경북,상주시,2010,,,,,,,,,,,,,,160.3,160.3
경북,상주시,2011,,,,,,,,,,,,,,160.3,160.3
경북,상주시,2012,,,,,,,,,,,,,,160.3,160.3
경북,상주시,2013,,,,,,,,,,,,,,160.3,160.3
경북,상주시,2014,,,,,,,,,,,,,,160.3,160.3
경북,상주시,2015,,,,,,,,,,,,,,160.3,160.3
경북,상주시,2016,,,,,,,,,,,,,,160.3,160.3
경북,상주시,2017,,,,,,,,,,,,,,160.3,160.3
경북,상주시,2018,,,,,,,,,,,,,,160.3,160.3
경북,상주시,2019,,,,,,,,,,,,,,160.3,160.3
경북,상주시,2020,,,,,,,,,,,,,,160.3,160.3
경북,상주시,2021,,,,,,,,,,,,,,160.3,160.3
경북,상주시,2022,,,,,,,,,,,,,,160.3,160.3
경북,상주시,2023,,,,,,,,,,,,,,160.3,160.3
경북,상주시,2024,,,,,,,,,,,,,,160.3,160.3
경북,상주시,2025,,,,,,,,,,,,,,160.3,160.3
경북,성주군,2007,,,,,,,,,,,,,,200.1,200.1
경북,성주군,2008,,,,,,,,,,,,,,200.1,200.1
경북,성주군,2009,,,,,,,,,,,,,,200.1,200.1
경북,성주군,2010,김천(구미)역,서울역,143.2,149.2,149.65454545454546,33.2,30.0,80,86.0,86.45454545454545,49.80952380952381,22,23.36453030853469,200.1,149.2
경북,성주군,2011,김천(구미)역,서울역,147.2,154.2,154.29523809523812,33.2,30.0,84,91.0,91.0952380952381,52.4,21,23.36453030853469,200.1,154.2
경북,성주군,2012,김천(구미)역,서울역,148.2,153.2,154.92727272727274,33.2,30.0,85,90.0,91.72727272727273,49.904761904761905,22,23.36453030853469,200.1,153.2
경북,성주군,2013,김천(구미)역,서울역,148.2,154.2,155.10000000000002,33.2,30.0,85,91.0,91.9,55.21052631578947,20,23.36453030853469,200.1,154.2
경북,성주군,2014,김천(구미)역,서울역,148.2,154.2,155.9,33.2,30.0,85,91.0,92.7,55.21052631578947,20,23.36453030853469,200.1,154.2
경북,성주군,2015,김천(구미)역,서울역,146.2,151.2,156.31111111111113,33.2,30.0,83,88.0,93.11111111111111,38.07692307692308,27,23.36453030853469,200.1,151.2
경북,성주군,2016,김천(구미)역,서울역,146.2,153.2,154.12,33.2,30.0,83,90.0,90.92,42.666666666666664,25,23.36453030853469,200.1,153.2
경북,성주군,2017,김천(구미)역,서울역,146.2,153.2,154.66153846153847,33.2,30.0,83,90.0,91.46153846153847,40.96,26,23.36453030853469,200.1,153.2
경북,성주군,2018,김천(구미)역,서울역,146.2,153.2,153.4258064516129,33.2,30.0,83,90.0,90.2258064516129,34.13333333333333,31,23.36453030853469,200.1,153.2
경북,성주군,2019,김천(구미)역,서울역,146.2,153.2,153.42857142857144,33.2,30.0,83,90.0,90.22857142857143,28.88235294117647,35,23.36453030853469,200.1,153.2
경북,성주군,2020,김천(구미)역,서울역,146.2,153.2,153.4,33.2,30.0,83,90.0,90.2,28.91176470588235,35,23.36453030853469,200.1,153.2
경북,성주군,2021,김천(구미)역,서울역,147.2,153.2,154.22777777777776,33.2,30.0,84,90.0,91.02777777777777,28.114285714285714,36,23.36453030853469,200.1,153.2
경북,성주군,2022,김천(구미)역,서울역,147.2,153.2,154.22777777777776,33.2,30.0,84,90.0,91.02777777777777,28.114285714285714,36,23.36453030853469,200.1,153.2
경북,성주군,2023,김천(구미)역,서울역,149.2,155.2,156.0,33.2,30.0,86,92.0,92.8,25.23076923076923,40,23.36453030853469,200.1,155.2
경북,성주군,2024,김천(구미)역,서울역,143.2,155.7,157.0421052631579,33.2,30.0,80,92.5,93.84210526315789,26.594594594594593,38,23.36453030853469,200.1,155.7
경북,성주군,2025,김천(구미)역,서울역,144.2,156.2,157.56842105263158,33.2,30.0,81,93.0,94.36842105263158,26.594594594594593,38,23.36453030853469,200.1,156.2
경북,안동시,2007,,,,,,,,,,,,,,196.7,196.7
경북,안동시,2008,,,,,,,,,,,,,,196.7,196.7
경북,안동시,2009,,,,,,,,,,,,,,196.7,196.7
경북,안동시,2010,,,,,,,,,,,,,,196.7,196.7
경북,안동시,2011,,,,,,,,,,,,,,196.7,196.7
경북,안동시,2012,,,,,,,,,,,,,,196.7,196.7
경북,안동시,2013,,,,,,,,,,,,,,196.7,196.7
경북,안동시,2014,,,,,,,,,,,,,,196.7,196.7
경북,안동시,2015,,,,,,,,,,,,,,196.7,196.7
경북,안동시,2016,,,,,,,,,,,,,,196.7,196.7
경북,안동시,2017,,,,,,,,,,,,,,196.7,196.7
경북,안동시,2018,,,,,,,,,,,,,,196.7,196.7
경북,안동시,2019,,,,,,,,,,,,,,196.7,196.7
경북,안동시,2020,,,,,,,,,,,,,,196.7,196.7
경북,안동시,2021,,,,,,,,,,,,,,196.7,196.7
경북,안동시,2022,,,,,,,,,,,,,,196.7,196.7
경북,안동시,2023,안동역,서울역,191.1,196.1,195.85,10.1,30.0,151,156.0,155.75,177.33333333333334,4,4.8280653782265075,196.7,196.1
경북,안동시,2024,안동역,서울역,193.1,197.1,196.35,10.1,30.0,153,157.0,156.25,177.33333333333334,4,4.8280653782265075,196.7,196.7
경북,안동시,2025,안동역,서울역,181.1,184.1,185.9,10.1,30.0,141,144.0,145.8,160.75,5,4.8280653782265075,196.7,184.1
경북,영덕군,2007,,,,,,,,,,,,,,272.4,272.4
경북,영덕군,2008,,,,,,,,,,,,,,272.4,272.4
경북,영덕군,2009,,,,,,,,,,,,,,272.4,272.4
경북,영덕군,2010,,,,,,,,,,,,,,272.4,272.4
경북,영덕군,2011,,,,,,,,,,,,,,272.4,272.4
경북,영덕군,2012,,,,,,,,,,,,,,272.4,272.4
경북,영덕군,2013,,,,,,,,,,,,,,272.4,272.4
경북,영덕군,2014,,,,,,,,,,,,,,272.4,272.4
경북,영덕군,2015,,,,,,,,,,,,,,272.4,272.4
경북,영덕군,2016,,,,,,,,,,,,,,272.4,272.4
경북,영덕군,2017,,,,,,,,,,,,,,272.4,272.4
경북,영덕군,2018,,,,,,,,,,,,,,272.4,272.4
경북,영덕군,2019,,,,,,,,,,,,,,272.4,272.4
경북,영덕군,2020,,,,,,,,,,,,,,272.4,272.4
경북,영덕군,2021,,,,,,,,,,,,,,272.4,272.4
경북,영덕군,2022,,,,,,,,,,,,,,272.4,272.4
경북,영덕군,2023,,,,,,,,,,,,,,272.4,272.4
경북,영덕군,2024,,,,,,,,,,,,,,272.4,272.4
경북,영덕군,2025,,,,,,,,,,,,,,272.4,272.4
경북,영양군,2007,,,,,,,,,,,,,,233.9,233.9
경북,영양군,2008,,,,,,,,,,,,,,233.9,233.9
경북,영양군,2009,,,,,,,,,,,,,,233.9,233.9
경북,영양군,2010,,,,,,,,,,,,,,233.9,233.9
경북,영양군,2011,,,,,,,,,,,,,,233.9,233.9
경북,영양군,2012,,,,,,,,,,,,,,233.9,233.9
경북,영양군,2013,,,,,,,,,,,,,,233.9,233.9
경북,영양군,2014,,,,,,,,,,,,,,233.9,233.9
경북,영양군,2015,,,,,,,,,,,,,,233.9,233.9
경북,영양군,2016,,,,,,,,,,,,,,233.9,233.9
경북,영양군,2017,,,,,,,,,,,,,,233.9,233.9
경북,영양군,2018,,,,,,,,,,,,,,233.9,233.9
경북,영양군,2019,,,,,,,,,,,,,,233.9,233.9
경북,영양군,2020,,,,,,,,,,,,,,233.9,233.9
경북,영양군,2021,,,,,,,,,,,,,,233.9,233.9
경북,영양군,2022,,,,,,,,,,,,,,233.9,233.9
경북,영양군,2023,,,,,,,,,,,,,,233.9,233.9
경북,영양군,2024,,,,,,,,,,,,,,233.9,233.9
경북,영양군,2025,,,,,,,,,,,,,,233.9,233.9
경북,영주시,2007,,,,,,,,,,,,,,167.4,167.4
경북,영주시,2008,,,,,,,,,,,,,,167.4,167.4
경북,영주시,2009,,,,,,,,,,,,,,167.4,167.4
경북,영주시,2010,,,,,,,,,,,,,,167.4,167.4
경북,영주시,2011,,,,,,,,,,,,,,167.4,167.4
경북,영주시,2012,,,,,,,,,,,,,,167.4,167.4
경북,영주시,2013,,,,,,,,,,,,,,167.4,167.4
경북,영주시,2014,,,,,,,,,,,,,,167.4,167.4
경북,영주시,2015,,,,,,,,,,,,,,167.4,167.4
경북,영주시,2016,,,,,,,,,,,,,,167.4,167.4
경북,영주시,2017,,,,,,,,,,,,,,167.4,167.4
경북,영주시,2018,,,,,,,,,,,,,,167.4,167.4
경북,영주시,2019,,,,,,,,,,,,,,167.4,167.4
경북,영주시,2020,,,,,,,,,,,,,,167.4,167.4
경북,영주시,2021,,,,,,,,,,,,,,167.4,167.4
경북,영주시,2022,,,,,,,,,,,,,,167.4,167.4
경북,영주시,2023,풍기역,서울역,165.5,169.5,168.5,15.5,30.0,120,124.0,123.0,205.5,3,6.715503027104984,167.4,167.4
경북,영주시,2024,풍기역,서울역,167.5,170.5,169.83333333333331,15.5,30.0,122,125.0,124.33333333333333,205.5,3,6.715503027104984,167.4,167.4
경북,영주시,2025,풍기역,서울역,170.5,171.5,171.5,15.5,30.0,125,126.0,126.0,362.0,2,6.715503027104984,167.4,167.4
경북,영천시,2007,,,,,,,,,,,,,,220.5,220.5
경북,영천시,2008,,,,,,,,,,,,,,220.5,220.5
경북,영천시,2009,,,,,,,,,,,,,,220.5,220.5
경북,영천시,2010,신경주역,서울역,191.4,201.4,205.85714285714286,44.4,30.0,117,127.0,131.45714285714286,29.0,35,29.92960941146449,220.5,201.4
경북,영천시,2011,신경주역,서울역,196.4,211.4,215.25714285714287,44.4,30.0,122,137.0,140.85714285714286,29.41176470588235,35,29.92960941146449,220.5,211.4
경북,영천시,2012,신경주역,서울역,202.4,209.4,214.9945945945946,44.4,30.0,128,135.0,140.59459459459458,27.75,37,29.92960941146449,220.5,209.4
경북,영천시,2013,신경주역,서울역,202.4,210.4,215.23783783783784,44.4,30.0,128,136.0,140.83783783783784,27.75,37,29.92960941146449,220.5,210.4
경북,영천시,2014,신경주역,서울역,202.4,215.9,216.51904761904763,44.4,30.0,128,141.5,142.11904761904762,24.365853658536587,42,29.92960941146449,220.5,215.9
경북,영천시,2015,신경주역,서울역,196.4,210.4,211.75897435897437,44.4,30.0,122,136.0,137.35897435897436,27.210526315789473,39,29.92960941146449,220.5,210.4
경북,영천시,2016,경산역,용산역,189.6,189.6,189.6,35.6,30.0,124,124.0,124.0,,1,29.11477473643375,220.5,189.6
경북,영천시,2017,경산역,용산역,189.6,189.6,189.6,35.6,30.0,124,124.0,124.0,,1,29.11477473643375,220.5,189.6
경북,영천시,2018,신경주역,서울역,190.4,202.4,204.06666666666666,44.4,30.0,116,128.0,129.66666666666666,52.7,21,29.92960941146449,220.5,202.4
경북,영천시,2019,신경주역,서울역,192.4,202.4,206.1727272727273,44.4,30.0,118,128.0,131.77272727272728,49.476190476190474,22,29.92960941146449,220.5,202.4
경북,영천시,2020,신경주역,서울역,192.4,202.4,206.12727272727273,44.4,30.0,118,128.0,131.72727272727272,49.476190476190474,22,29.92960941146449,220.5,202.4
경북,영천시,2021,경산역,서울역,193.6,194.6,194.6,35.6,30.0,128,129.0,129.0,747.0,2,29.11477473643375,220.5,194.6
경북,영천시,2022,경산역,서울역,193.6,194.6,194.6,35.6,30.0,128,129.0,129.0,747.0,2,29.11477473643375,220.5,194.6
경북,영천시,2023,경산역,서울역,191.6,196.6,195.26666666666665,35.6,30.0,126,131.0,129.66666666666666,373.0,3,29.11477473643375,220.5,196.6
경북,영천시,2024,경산역,서울역,191.6,195.6,194.93333333333334,35.6,30.0,126,130.0,129.33333333333334,376.5,3,29.11477473643375,220.5,195.6
경북,영천시,2025,경산역,서울역,191.6,196.6,195.6,35.6,30.0,126,131.0,130.0,376.0,3,29.11477473643375,220.5,196.6
경북,예천군,2007,,,,,,,,,,,,,,165.7,165.7
경북,예천군,2008,,,,,,,,,,,,,,165.7,165.7
경북,예천군,2009,,,,,,,,,,,,,,165.7,165.7
경북,예천군,2010,,,,,,,,,,,,,,165.7,165.7
경북,예천군,2011,,,,,,,,,,,,,,165.7,165.7
경북,예천군,2012,,,,,,,,,,,,,,165.7,165.7
경북,예천군,2013,,,,,,,,,,,,,,165.7,165.7
경북,예천군,2014,,,,,,,,,,,,,,165.7,165.7
경북,예천군,2015,,,,,,,,,,,,,,165.7,165.7
경북,예천군,2016,,,,,,,,,,,,,,165.7,165.7
경북,예천군,2017,,,,,,,,,,,,,,165.7,165.7
경북,예천군,2018,,,,,,,,,,,,,,165.7,165.7
경북,예천군,2019,,,,,,,,,,,,,,165.7,165.7
경북,예천군,2020,,,,,,,,,,,,,,165.7,165.7
경북,예천군,2021,,,,,,,,,,,,,,165.7,165.7
경북,예천군,2022,,,,,,,,,,,,,,165.7,165.7
경북,예천군,2023,풍기역,서울역,188.0,192.0,191.0,38.0,30.0,120,124.0,123.0,205.5,3,25.935844888519377,165.7,165.7
경북,예천군,2024,풍기역,서울역,190.0,193.0,192.33333333333331,38.0,30.0,122,125.0,124.33333333333333,205.5,3,25.935844888519377,165.7,165.7
경북,예천군,2025,영주역,서울역,187.7,190.7,192.10000000000002,31.7,30.0,126,129.0,130.4,161.0,5,23.17702534576576,165.7,165.7
경북,울릉군,2007,,,,,,,,,,,,,,385.7,385.7
경북,울릉군,2008,,,,,,,,,,,,,,385.7,385.7
경북,울릉군,2009,,,,,,,,,,,,,,385.7,385.7
경북,울릉군,2010,,,,,,,,,,,,,,385.7,385.7
경북,울릉군,2011,,,,,,,,,,,,,,385.7,385.7
경북,울릉군,2012,,,,,,,,,,,,,,385.7,385.7
경북,울릉군,2013,,,,,,,,,,,,,,385.7,385.7
경북,울릉군,2014,,,,,,,,,,,,,,385.7,385.7
경북,울릉군,2015,,,,,,,,,,,,,,385.7,385.7
경북,울릉군,2016,,,,,,,,,,,,,,385.7,385.7
경북,울릉군,2017,,,,,,,,,,,,,,385.7,385.7
경북,울릉군,2018,,,,,,,,,,,,,,385.7,385.7
경북,울릉군,2019,,,,,,,,,,,,,,385.7,385.7
경북,울릉군,2020,,,,,,,,,,,,,,385.7,385.7
경북,울릉군,2021,,,,,,,,,,,,,,385.7,385.7
경북,울릉군,2022,,,,,,,,,,,,,,385.7,385.7
경북,울릉군,2023,,,,,,,,,,,,,,385.7,385.7
경북,울릉군,2024,,,,,,,,,,,,,,385.7,385.7
경북,울릉군,2025,,,,,,,,,,,,,,385.7,385.7
경북,울진군,2007,,,,,,,,,,,,,,279.8,279.8
경북,울진군,2008,,,,,,,,,,,,,,279.8,279.8
경북,울진군,2009,,,,,,,,,,,,,,279.8,279.8
경북,울진군,2010,,,,,,,,,,,,,,279.8,279.8
경북,울진군,2011,,,,,,,,,,,,,,279.8,279.8
경북,울진군,2012,,,,,,,,,,,,,,279.8,279.8
경북,울진군,2013,,,,,,,,,,,,,,279.8,279.8
경북,울진군,2014,,,,,,,,,,,,,,279.8,279.8
경북,울진군,2015,,,,,,,,,,,,,,279.8,279.8
경북,울진군,2016,,,,,,,,,,,,,,279.8,279.8
경북,울진군,2017,,,,,,,,,,,,,,279.8,279.8
경북,울진군,2018,,,,,,,,,,,,,,279.8,279.8
경북,울진군,2019,,,,,,,,,,,,,,279.8,279.8
경북,울진군,2020,,,,,,,,,,,,,,279.8,279.8
경북,울진군,2021,,,,,,,,,,,,,,279.8,279.8
경북,울진군,2022,,,,,,,,,,,,,,279.8,279.8
경북,울진군,2023,,,,,,,,,,,,,,279.8,279.8
경북,울진군,2024,,,,,,,,,,,,,,279.8,279.8
경북,울진군,2025,,,,,,,,,,,,,,279.8,279.8
경북,의성군,2007,,,,,,,,,,,,,,200.9,200.9
경북,의성군,2008,,,,,,,,,,,,,,200.9,200.9
경북,의성군,2009,,,,,,,,,,,,,,200.9,200.9
경북,의성군,2010,,,,,,,,,,,,,,200.9,200.9
경북,의성군,2011,,,,,,,,,,,,,,200.9,200.9
경북,의성군,2012,,,,,,,,,,,,,,200.9,200.9
경북,의성군,2013,,,,,,,,,,,,,,200.9,200.9
경북,의성군,2014,,,,,,,,,,,,,,200.9,200.9
경북,의성군,2015,,,,,,,,,,,,,,200.9,200.9
경북,의성군,2016,,,,,,,,,,,,,,200.9,200.9
경북,의성군,2017,,,,,,,,,,,,,,200.9,200.9
경북,의성군,2018,,,,,,,,,,,,,,200.9,200.9
경북,의성군,2019,,,,,,,,,,,,,,200.9,200.9
경북,의성군,2020,,,,,,,,,,,,,,200.9,200.9
경북,의성군,2021,,,,,,,,,,,,,,200.9,200.9
경북,의성군,2022,,,,,,,,,,,,,,200.9,200.9
경북,의성군,2023,안동역,서울역,233.2,238.2,237.95,52.2,30.0,151,156.0,155.75,177.33333333333334,4,24.500547550302187,200.9,200.9
경북,의성군,2024,안동역,서울역,235.2,239.2,238.45,52.2,30.0,153,157.0,156.25,177.33333333333334,4,24.500547550302187,200.9,200.9
경북,의성군,2025,의성역,서울역,212.8,212.8,212.8,26.8,30.0,156,156.0,156.0,,1,7.094050269523933,200.9,200.9
경북,청도군,2007,동대구역,서울역,162.9,172.9,172.93030303030304,33.9,30.0,99,109.0,109.03030303030303,15.923076923076923,66,27.061774233243572,245.4,172.9
경북,청도군,2008,동대구역,서울역,158.9,169.9,168.3931506849315,33.9,30.0,95,106.0,104.4931506849315,14.666666666666666,73,27.061774233243572,245.4,169.9
경북,청도군,2009,동대구역,서울역,158.9,169.9,168.3931506849315,33.9,30.0,95,106.0,104.4931506849315,14.666666666666666,73,27.061774233243572,245.4,169.9
경북,청도군,2010,동대구역,서울역,161.9,171.9,171.775,33.9,30.0,98,108.0,107.875,15.056338028169014,72,27.061774233243572,245.4,171.9
경북,청도군,2011,동대구역,서울역,166.9,177.9,179.09718309859156,33.9,30.0,103,114.0,115.19718309859155,15.314285714285715,71,27.061774233243572,245.4,177.9
경북,청도군,2012,동대구역,서울역,166.9,177.9,179.00975609756097,33.9,30.0,103,114.0,115.10975609756098,13.246913580246913,82,27.061774233243572,245.4,177.9
경북,청도군,2013,동대구역,서울역,166.9,177.9,179.39397590361446,33.9,30.0,103,114.0,115.49397590361446,13.109756097560975,83,27.061774233243572,245.4,177.9
경북,청도군,2014,동대구역,서울역,166.9,178.9,181.15925925925924,33.9,30.0,103,115.0,117.25925925925925,13.4375,81,27.061774233243572,245.4,178.9
경북,청도군,2015,동대구역,서울역,161.9,173.9,176.78505747126437,33.9,30.0,98,110.0,112.88505747126437,12.569767441860465,87,27.061774233243572,245.4,173.9
경북,청도군,2016,동대구역,서울역,158.9,173.9,175.10779220779222,33.9,30.0,95,110.0,111.20779220779221,14.197368421052632,77,27.061774233243572,245.4,173.9
경북,청도군,2017,동대구역,서울역,158.9,173.9,175.275,33.9,30.0,95,110.0,111.375,13.658227848101266,80,27.061774233243572,245.4,173.9
경북,청도군,2018,동대구역,서울역,158.9,173.9,174.80322580645162,33.9,30.0,95,110.0,110.90322580645162,11.728260869565217,93,27.061774233243572,245.4,173.9
경북,청도군,2019,동대구역,서울역,157.9,174.9,175.66530612244898,33.9,30.0,94,111.0,111.76530612244898,11.082474226804123,98,27.061774233243572,245.4,174.9
경북,청도군,2020,동대구역,서울역,157.9,174.9,175.65510204081633,33.9,30.0,94,111.0,111.75510204081633,11.082474226804123,98,27.061774233243572,245.4,174.9
경북,청도군,2021,동대구역,서울역,157.9,175.9,176.0818181818182,33.9,30.0,94,112.0,112.18181818181819,11.020408163265307,99,27.061774233243572,245.4,175.9
경북,청도군,2022,동대구역,서울역,157.9,175.9,176.0818181818182,33.9,30.0,94,112.0,112.18181818181819,11.020408163265307,99,27.061774233243572,245.4,175.9
경북,청도군,2023,동대구역,서울역,162.9,178.9,178.94545454545454,33.9,30.0,99,115.0,115.04545454545455,9.53211009174312,110,27.061774233243572,245.4,178.9
경북,청도군,2024,동대구역,서울역,162.9,177.9,179.0293103448276,33.9,30.0,99,114.0,115.12931034482759,9.034782608695652,116,27.061774233243572,245.4,177.9
경북,청도군,2025,동대구역,서울역,162.9,178.9,180.0858407079646,33.9,30.0,99,115.0,116.1858407079646,9.276785714285714,113,27.061774233243572,245.4,178.9
경북,청송군,2007,,,,,,,,,,,,,,225.2,225.2
경북,청송군,2008,,,,,,,,,,,,,,225.2,225.2
경북,청송군,2009,,,,,,,,,,,,,,225.2,225.2
경북,청송군,2010,,,,,,,,,,,,,,225.2,225.2
경북,청송군,2011,,,,,,,,,,,,,,225.2,225.2
경북,청송군,2012,,,,,,,,,,,,,,225.2,225.2
경북,청송군,2013,,,,,,,,,,,,,,225.2,225.2
경북,청송군,2014,,,,,,,,,,,,,,225.2,225.2
경북,청송군,2015,,,,,,,,,,,,,,225.2,225.2
경북,청송군,2016,,,,,,,,,,,,,,225.2,225.2
경북,청송군,2017,,,,,,,,,,,,,,225.2,225.2
경북,청송군,2018,,,,,,,,,,,,,,225.2,225.2
경북,청송군,2019,,,,,,,,,,,,,,225.2,225.2
경북,청송군,2020,,,,,,,,,,,,,,225.2,225.2
경북,청송군,2021,,,,,,,,,,,,,,225.2,225.2
경북,청송군,2022,,,,,,,,,,,,,,225.2,225.2
경북,청송군,2023,,,,,,,,,,,,,,225.2,225.2
경북,청송군,2024,,,,,,,,,,,,,,225.2,225.2
경북,청송군,2025,,,,,,,,,,,,,,225.2,225.2
경북,칠곡군,2007,동대구역,서울역,166.0,176.0,176.03030303030303,37.0,30.0,99,109.0,109.03030303030303,15.923076923076923,66,21.14733088959459,208.9,176.0
경북,칠곡군,2008,동대구역,서울역,162.0,173.0,171.4931506849315,37.0,30.0,95,106.0,104.4931506849315,14.666666666666666,73,21.14733088959459,208.9,173.0
경북,칠곡군,2009,동대구역,서울역,162.0,173.0,171.4931506849315,37.0,30.0,95,106.0,104.4931506849315,14.666666666666666,73,21.14733088959459,208.9,173.0
경북,칠곡군,2010,김천(구미)역,서울역,151.6,157.6,158.05454545454546,41.6,30.0,80,86.0,86.45454545454545,49.80952380952381,22,27.5891344060605,208.9,157.6
경북,칠곡군,2011,김천(구미)역,서울역,155.6,162.6,162.6952380952381,41.6,30.0,84,91.0,91.0952380952381,52.4,21,27.5891344060605,208.9,162.6
경북,칠곡군,2012,김천(구미)역,서울역,156.6,161.6,163.3272727272727,41.6,30.0,85,90.0,91.72727272727273,49.904761904761905,22,27.5891344060605,208.9,161.6
경북,칠곡군,2013,김천(구미)역,서울역,156.6,162.6,163.5,41.6,30.0,85,91.0,91.9,55.21052631578947,20,27.5891344060605,208.9,162.6
경북,칠곡군,2014,김천(구미)역,서울역,156.6,162.6,164.3,41.6,30.0,85,91.0,92.7,55.21052631578947,20,27.5891344060605,208.9,162.6
경북,칠곡군,2015,김천(구미)역,서울역,154.6,159.6,164.7111111111111,41.6,30.0,83,88.0,93.11111111111111,38.07692307692308,27,27.5891344060605,208.9,159.6
경북,칠곡군,2016,김천(구미)역,서울역,154.6,161.6,162.51999999999998,41.6,30.0,83,90.0,90.92,42.666666666666664,25,27.5891344060605,208.9,161.6
경북,칠곡군,2017,김천(구미)역,서울역,154.6,161.6,163.06153846153848,41.6,30.0,83,90.0,91.46153846153847,40.96,26,27.5891344060605,208.9,161.6
경북,칠곡군,2018,김천(구미)역,서울역,154.6,161.6,161.8258064516129,41.6,30.0,83,90.0,90.2258064516129,34.13333333333333,31,27.5891344060605,208.9,161.6
경북,칠곡군,2019,김천(구미)역,서울역,154.6,161.6,161.82857142857142,41.6,30.0,83,90.0,90.22857142857143,28.88235294117647,35,27.5891344060605,208.9,161.6
경북,칠곡군,2020,김천(구미)역,서울역,154.6,161.6,161.8,41.6,30.0,83,90.0,90.2,28.91176470588235,35,27.5891344060605,208.9,161.6
경북,칠곡군,2021,김천(구미)역,서울역,155.6,161.6,162.62777777777777,41.6,30.0,84,90.0,91.02777777777777,28.114285714285714,36,27.5891344060605,208.9,161.6
경북,칠곡군,2022,김천(구미)역,서울역,155.6,161.6,162.62777777777777,41.6,30.0,84,90.0,91.02777777777777,28.114285714285714,36,27.5891344060605,208.9,161.6
경북,칠곡군,2023,서대구역,서울역,154.6,168.6,167.66666666666666,28.6,30.0,96,110.0,109.06666666666666,65.71428571428571,15,16.44426489325691,208.9,168.6
경북,칠곡군,2024,김천(구미)역,서울역,151.6,164.1,165.44210526315788,41.6,30.0,80,92.5,93.84210526315789,26.594594594594593,38,27.5891344060605,208.9,164.1
경북,칠곡군,2025,김천(구미)역,서울역,152.6,164.6,165.96842105263158,41.6,30.0,81,93.0,94.36842105263158,26.594594594594593,38,27.5891344060605,208.9,164.6
경북,포항시 남구,2007,,,,,,,,,,,,,,263.0,263.0
경북,포항시 남구,2008,,,,,,,,,,,,,,263.0,263.0
경북,포항시 남구,2009,,,,,,,,,,,,,,263.0,263.0
경북,포항시 남구,2010,,,,,,,,,,,,,,263.0,263.0
경북,포항시 남구,2011,,,,,,,,,,,,,,263.0,263.0
경북,포항시 남구,2012,,,,,,,,,,,,,,263.0,263.0
경북,포항시 남구,2013,,,,,,,,,,,,,,263.0,263.0
경북,포항시 남구,2014,,,,,,,,,,,,,,263.0,263.0
경북,포항시 남구,2015,포항역,서울역,189.6,204.6,205.7,23.6,30.0,136,151.0,152.1,109.44444444444444,10,11.139581566136535,263.0,204.6
경북,포항시 남구,2016,포항역,용산역,194.6,195.6,196.6,23.6,30.0,141,142.0,143.0,365.0,3,11.139581566136535,263.0,195.6
경북,포항시 남구,2017,포항역,용산역,194.6,195.6,196.6,23.6,30.0,141,142.0,143.0,365.0,3,11.139581566136535,263.0,195.6
경북,포항시 남구,2018,포항역,서울역,196.6,203.6,203.24285714285713,23.6,30.0,143,150.0,149.64285714285714,72.6923076923077,14,11.139581566136535,263.0,203.6
경북,포항시 남구,2019,포항역,서울역,196.6,203.6,203.2,23.6,30.0,143,150.0,149.6,67.5,15,11.139581566136535,263.0,203.6
경북,포항시 남구,2020,포항역,서울역,196.6,203.6,203.26666666666665,23.6,30.0,143,150.0,149.66666666666666,67.5,15,11.139581566136535,263.0,203.6
경북,포항시 남구,2021,포항역,서울역,191.6,204.1,203.4125,23.6,30.0,138,150.5,149.8125,63.93333333333333,16,11.139581566136535,263.0,204.1
경북,포항시 남구,2022,포항역,서울역,191.6,204.1,203.4125,23.6,30.0,138,150.5,149.8125,63.93333333333333,16,11.139581566136535,263.0,204.1
경북,포항시 남구,2023,경주역,서울역,190.2,200.2,201.73571428571427,38.2,30.0,122,132.0,133.53571428571428,38.44444444444444,28,23.520853466210056,263.0,200.2
경북,포항시 남구,2024,경주역,서울역,190.2,200.2,201.45925925925928,38.2,30.0,122,132.0,133.25925925925927,39.92307692307692,27,23.520853466210056,263.0,200.2
경북,포항시 남구,2025,경주역,서울역,192.2,201.7,210.86666666666667,38.2,30.0,124,133.5,142.66666666666666,35.793103448275865,30,23.520853466210056,263.0,201.7
경북,포항시 북구,2007,,,,,,,,,,,,,,269.9,269.9
경북,포항시 북구,2008,,,,,,,,,,,,,,269.9,269.9
경북,포항시 북구,2009,,,,,,,,,,,,,,269.9,269.9
경북,포항시 북구,2010,,,,,,,,,,,,,,269.9,269.9
경북,포항시 북구,2011,,,,,,,,,,,,,,269.9,269.9
경북,포항시 북구,2012,,,,,,,,,,,,,,269.9,269.9
경북,포항시 북구,2013,,,,,,,,,,,,,,269.9,269.9
경북,포항시 북구,2014,,,,,,,,,,,,,,269.9,269.9
경북,포항시 북구,2015,포항역,서울역,202.6,217.6,218.7,36.6,30.0,136,151.0,152.1,109.44444444444444,10,18.202547783675577,269.9,217.6
경북,포항시 북구,2016,포항역,용산역,207.6,208.6,209.6,36.6,30.0,141,142.0,143.0,365.0,3,18.202547783675577,269.9,208.6
경북,포항시 북구,2017,포항역,용산역,207.6,208.6,209.6,36.6,30.0,141,142.0,143.0,365.0,3,18.202547783675577,269.9,208.6
경북,포항시 북구,2018,포항역,서울역,209.6,216.6,216.24285714285713,36.6,30.0,143,150.0,149.64285714285714,72.6923076923077,14,18.202547783675577,269.9,216.6
경북,포항시 북구,2019,포항역,서울역,209.6,216.6,216.2,36.6,30.0,143,150.0,149.6,67.5,15,18.202547783675577,269.9,216.6
경북,포항시 북구,2020,포항역,서울역,209.6,216.6,216.26666666666665,36.6,30.0,143,150.0,149.66666666666666,67.5,15,18.202547783675577,269.9,216.6
경북,포항시 북구,2021,포항역,서울역,204.6,217.1,216.4125,36.6,30.0,138,150.5,149.8125,63.93333333333333,16,18.202547783675577,269.9,217.1
경북,포항시 북구,2022,포항역,서울역,204.6,217.1,216.4125,36.6,30.0,138,150.5,149.8125,63.93333333333333,16,18.202547783675577,269.9,217.1
경북,포항시 북구,2023,포항역,서울역,206.6,218.6,218.17142857142858,36.6,30.0,140,152.0,151.57142857142858,47.95,21,18.202547783675577,269.9,218.6
경북,포항시 북구,2024,포항역,서울역,206.6,218.6,218.31428571428572,36.6,30.0,140,152.0,151.71428571428572,48.0,21,18.202547783675577,269.9,218.6
경북,포항시 북구,2025,포항역,서울역,207.6,219.1,219.0,36.6,30.0,141,152.5,152.4,50.578947368421055,20,18.202547783675577,269.9,219.1
광주,광산구,2007,광주송정역,용산역,191.9,213.9,214.32105263157897,13.9,30.0,148,170.0,170.42105263157896,54.166666666666664,19,4.655820101031056,230.6,213.9
광주,광산구,2008,광주송정역,용산역,194.9,206.4,206.0,13.9,30.0,151,162.5,162.1,101.88888888888889,10,4.655820101031056,230.6,206.4
광주,광산구,2009,광주송정역,용산역,194.9,206.4,206.0,13.9,30.0,151,162.5,162.1,101.88888888888889,10,4.655820101031056,230.6,206.4
광주,광산구,2010,광주송정역,용산역,197.9,204.9,206.66923076923078,13.9,30.0,154,161.0,162.76923076923077,79.75,13,4.655820101031056,230.6,204.9
광주,광산구,2011,광주송정역,용산역,198.9,214.9,213.44545454545454,13.9,30.0,155,171.0,169.54545454545453,96.8,11,4.655820101031056,230.6,214.9
광주,광산구,2012,광주송정역,용산역,196.9,212.4,214.23333333333335,13.9,30.0,153,168.5,170.33333333333334,88.0,12,4.655820101031056,230.6,212.4
광주,광산구,2013,광주송정역,용산역,193.9,209.9,212.06666666666666,13.9,30.0,150,166.0,168.16666666666666,88.45454545454545,12,4.655820101031056,230.6,209.9
광주,광산구,2014,광주송정역,용산역,193.9,209.9,212.48333333333335,13.9,30.0,150,166.0,168.58333333333334,88.45454545454545,12,4.655820101031056,230.6,209.9
광주,광산구,2015,광주송정역,용산역,136.9,157.9,156.775,13.9,30.0,93,114.0,112.875,45.130434782608695,24,4.655820101031056,230.6,157.9
광주,광산구,2016,광주송정역,용산역,141.9,158.9,161.72608695652173,13.9,30.0,98,115.0,117.82608695652173,46.77272727272727,23,4.655820101031056,230.6,158.9
광주,광산구,2017,광주송정역,용산역,141.9,160.9,162.2913043478261,13.9,30.0,98,117.0,118.3913043478261,46.77272727272727,23,4.655820101031056,230.6,160.9
광주,광산구,2018,광주송정역,용산역,141.9,160.9,162.33478260869566,13.9,30.0,98,117.0,118.43478260869566,46.77272727272727,23,4.655820101031056,230.6,160.9
광주,광산구,2019,광주송정역,용산역,143.9,160.9,165.07391304347826,13.9,30.0,100,117.0,121.17391304347827,46.54545454545455,23,4.655820101031056,230.6,160.9
광주,광산구,2020,광주송정역,용산역,143.9,160.9,164.7695652173913,13.9,30.0,100,117.0,120.8695652173913,46.54545454545455,23,4.655820101031056,230.6,160.9
광주,광산구,2021,광주송정역,용산역,142.9,161.9,166.33478260869566,13.9,30.0,99,118.0,122.43478260869566,46.04545454545455,23,4.655820101031056,230.6,161.9
광주,광산구,2022,광주송정역,용산역,142.9,161.9,166.33478260869566,13.9,30.0,99,118.0,122.43478260869566,46.04545454545455,23,4.655820101031056,230.6,161.9
광주,광산구,2023,광주송정역,용산역,148.9,168.4,176.70769230769233,13.9,30.0,105,124.5,132.80769230769232,40.48,26,4.655820101031056,230.6,168.4
광주,광산구,2024,광주송정역,용산역,145.9,168.9,175.12222222222223,13.9,30.0,102,125.0,131.22222222222223,38.92307692307692,27,4.655820101031056,230.6,168.9
광주,광산구,2025,광주송정역,용산역,146.9,168.9,175.96896551724137,13.9,30.0,103,125.0,132.06896551724137,36.17857142857143,29,4.655820101031056,230.6,168.9
광주,남구,2007,광주송정역,용산역,192.3,214.3,214.72105263157897,14.3,30.0,148,170.0,170.42105263157896,54.166666666666664,19,7.653052132697071,232.6,214.3
광주,남구,2008,광주송정역,용산역,195.3,206.8,206.39999999999998,14.3,30.0,151,162.5,162.1,101.88888888888889,10,7.653052132697071,232.6,206.8
광주,남구,2009,광주송정역,용산역,195.3,206.8,206.39999999999998,14.3,30.0,151,162.5,162.1,101.88888888888889,10,7.653052132697071,232.6,206.8
광주,남구,2010,광주송정역,용산역,198.3,205.3,207.06923076923078,14.3,30.0,154,161.0,162.76923076923077,79.75,13,7.653052132697071,232.6,205.3
광주,남구,2011,광주송정역,용산역,199.3,215.3,213.84545454545452,14.3,30.0,155,171.0,169.54545454545453,96.8,11,7.653052132697071,232.6,215.3
광주,남구,2012,광주송정역,용산역,197.3,212.8,214.63333333333333,14.3,30.0,153,168.5,170.33333333333334,88.0,12,7.653052132697071,232.6,212.8
광주,남구,2013,광주송정역,용산역,194.3,210.3,212.46666666666664,14.3,30.0,150,166.0,168.16666666666666,88.45454545454545,12,7.653052132697071,232.6,210.3
광주,남구,2014,광주송정역,용산역,194.3,210.3,212.88333333333333,14.3,30.0,150,166.0,168.58333333333334,88.45454545454545,12,7.653052132697071,232.6,210.3
광주,남구,2015,광주송정역,용산역,137.3,158.3,157.175,14.3,30.0,93,114.0,112.875,45.130434782608695,24,7.653052132697071,232.6,158.3
광주,남구,2016,광주송정역,용산역,142.3,159.3,162.12608695652173,14.3,30.0,98,115.0,117.82608695652173,46.77272727272727,23,7.653052132697071,232.6,159.3
광주,남구,2017,광주송정역,용산역,142.3,161.3,162.69130434782608,14.3,30.0,98,117.0,118.3913043478261,46.77272727272727,23,7.653052132697071,232.6,161.3
광주,남구,2018,광주송정역,용산역,142.3,161.3,162.73478260869564,14.3,30.0,98,117.0,118.43478260869566,46.77272727272727,23,7.653052132697071,232.6,161.3
광주,남구,2019,광주송정역,용산역,144.3,161.3,165.47391304347826,14.3,30.0,100,117.0,121.17391304347827,46.54545454545455,23,7.653052132697071,232.6,161.3
광주,남구,2020,광주송정역,용산역,144.3,161.3,165.1695652173913,14.3,30.0,100,117.0,120.8695652173913,46.54545454545455,23,7.653052132697071,232.6,161.3
광주,남구,2021,광주송정역,용산역,143.3,162.3,166.73478260869564,14.3,30.0,99,118.0,122.43478260869566,46.04545454545455,23,7.653052132697071,232.6,162.3
광주,남구,2022,광주송정역,용산역,143.3,162.3,166.73478260869564,14.3,30.0,99,118.0,122.43478260869566,46.04545454545455,23,7.653052132697071,232.6,162.3
광주,남구,2023,광주송정역,용산역,149.3,168.8,177.10769230769233,14.3,30.0,105,124.5,132.80769230769232,40.48,26,7.653052132697071,232.6,168.8
광주,남구,2024,광주송정역,용산역,146.3,169.3,175.52222222222224,14.3,30.0,102,125.0,131.22222222222223,38.92307692307692,27,7.653052132697071,232.6,169.3
광주,남구,2025,광주송정역,용산역,147.3,169.3,176.36896551724135,14.3,30.0,103,125.0,132.06896551724137,36.17857142857143,29,7.653052132697071,232.6,169.3
광주,동구,2007,광주송정역,용산역,197.1,219.1,219.52105263157895,19.1,30.0,148,170.0,170.42105263157896,54.166666666666664,19,14.543614380875743,236.1,219.1
광주,동구,2008,광주송정역,용산역,200.1,211.6,211.2,19.1,30.0,151,162.5,162.1,101.88888888888889,10,14.543614380875743,236.1,211.6
광주,동구,2009,광주송정역,용산역,200.1,211.6,211.2,19.1,30.0,151,162.5,162.1,101.88888888888889,10,14.543614380875743,236.1,211.6
광주,동구,2010,광주송정역,용산역,203.1,210.1,211.86923076923077,19.1,30.0,154,161.0,162.76923076923077,79.75,13,14.543614380875743,236.1,210.1
광주,동구,2011,광주송정역,용산역,204.1,220.1,218.64545454545453,19.1,30.0,155,171.0,169.54545454545453,96.8,11,14.543614380875743,236.1,220.1
광주,동구,2012,광주송정역,용산역,202.1,217.6,219.43333333333334,19.1,30.0,153,168.5,170.33333333333334,88.0,12,14.543614380875743,236.1,217.6
광주,동구,2013,광주송정역,용산역,199.1,215.1,217.26666666666665,19.1,30.0,150,166.0,168.16666666666666,88.45454545454545,12,14.543614380875743,236.1,215.1
광주,동구,2014,광주송정역,용산역,199.1,215.1,217.68333333333334,19.1,30.0,150,166.0,168.58333333333334,88.45454545454545,12,14.543614380875743,236.1,215.1
광주,동구,2015,광주송정역,용산역,142.1,163.1,161.975,19.1,30.0,93,114.0,112.875,45.130434782608695,24,14.543614380875743,236.1,163.1
광주,동구,2016,광주송정역,용산역,147.1,164.1,166.92608695652174,19.1,30.0,98,115.0,117.82608695652173,46.77272727272727,23,14.543614380875743,236.1,164.1
광주,동구,2017,광주송정역,용산역,147.1,166.1,167.4913043478261,19.1,30.0,98,117.0,118.3913043478261,46.77272727272727,23,14.543614380875743,236.1,166.1
광주,동구,2018,광주송정역,용산역,147.1,166.1,167.53478260869565,19.1,30.0,98,117.0,118.43478260869566,46.77272727272727,23,14.543614380875743,236.1,166.1
광주,동구,2019,광주송정역,용산역,149.1,166.1,170.27391304347827,19.1,30.0,100,117.0,121.17391304347827,46.54545454545455,23,14.543614380875743,236.1,166.1
광주,동구,2020,광주송정역,용산역,149.1,166.1,169.9695652173913,19.1,30.0,100,117.0,120.8695652173913,46.54545454545455,23,14.543614380875743,236.1,166.1
광주,동구,2021,광주송정역,용산역,148.1,167.1,171.53478260869565,19.1,30.0,99,118.0,122.43478260869566,46.04545454545455,23,14.543614380875743,236.1,167.1
광주,동구,2022,광주송정역,용산역,148.1,167.1,171.53478260869565,19.1,30.0,99,118.0,122.43478260869566,46.04545454545455,23,14.543614380875743,236.1,167.1
광주,동구,2023,광주송정역,용산역,154.1,173.6,181.90769230769232,19.1,30.0,105,124.5,132.80769230769232,40.48,26,14.543614380875743,236.1,173.6
광주,동구,2024,광주송정역,용산역,151.1,174.1,180.32222222222222,19.1,30.0,102,125.0,131.22222222222223,38.92307692307692,27,14.543614380875743,236.1,174.1
광주,동구,2025,광주송정역,용산역,152.1,174.1,181.16896551724136,19.1,30.0,103,125.0,132.06896551724137,36.17857142857143,29,14.543614380875743,236.1,174.1
광주,북구,2007,광주송정역,용산역,199.3,221.3,221.72105263157897,21.3,30.0,148,170.0,170.42105263157896,54.166666666666664,19,13.642454095278719,227.3,221.3
광주,북구,2008,장성역,용산역,198.2,203.2,204.075,24.2,30.0,144,149.0,149.875,113.71428571428571,8,17.725542761986,227.3,203.2
광주,북구,2009,장성역,용산역,198.2,203.2,204.075,24.2,30.0,144,149.0,149.875,113.71428571428571,8,17.725542761986,227.3,203.2
광주,북구,2010,장성역,용산역,200.2,210.2,209.53333333333336,24.2,30.0,146,156.0,155.33333333333334,101.25,9,17.725542761986,227.3,210.2
광주,북구,2011,장성역,용산역,205.2,211.2,212.53333333333336,24.2,30.0,151,157.0,158.33333333333334,73.63636363636364,12,17.725542761986,227.3,211.2
광주,북구,2012,광주송정역,용산역,204.3,219.8,221.63333333333333,21.3,30.0,153,168.5,170.33333333333334,88.0,12,13.642454095278719,227.3,219.8
광주,북구,2013,광주송정역,용산역,201.3,217.3,219.46666666666664,21.3,30.0,150,166.0,168.16666666666666,88.45454545454545,12,13.642454095278719,227.3,217.3
광주,북구,2014,광주송정역,용산역,201.3,217.3,219.88333333333333,21.3,30.0,150,166.0,168.58333333333334,88.45454545454545,12,13.642454095278719,227.3,217.3
광주,북구,2015,광주송정역,용산역,144.3,165.3,164.175,21.3,30.0,93,114.0,112.875,45.130434782608695,24,13.642454095278719,227.3,165.3
광주,북구,2016,광주송정역,용산역,149.3,166.3,169.12608695652173,21.3,30.0,98,115.0,117.82608695652173,46.77272727272727,23,13.642454095278719,227.3,166.3
광주,북구,2017,광주송정역,용산역,149.3,168.3,169.69130434782608,21.3,30.0,98,117.0,118.3913043478261,46.77272727272727,23,13.642454095278719,227.3,168.3
광주,북구,2018,광주송정역,용산역,149.3,168.3,169.73478260869564,21.3,30.0,98,117.0,118.43478260869566,46.77272727272727,23,13.642454095278719,227.3,168.3
광주,북구,2019,광주송정역,용산역,151.3,168.3,172.47391304347826,21.3,30.0,100,117.0,121.17391304347827,46.54545454545455,23,13.642454095278719,227.3,168.3
광주,북구,2020,광주송정역,용산역,151.3,168.3,172.1695652173913,21.3,30.0,100,117.0,120.8695652173913,46.54545454545455,23,13.642454095278719,227.3,168.3
광주,북구,2021,광주송정역,용산역,150.3,169.3,173.73478260869564,21.3,30.0,99,118.0,122.43478260869566,46.04545454545455,23,13.642454095278719,227.3,169.3
광주,북구,2022,광주송정역,용산역,150.3,169.3,173.73478260869564,21.3,30.0,99,118.0,122.43478260869566,46.04545454545455,23,13.642454095278719,227.3,169.3
광주,북구,2023,광주송정역,용산역,156.3,175.8,184.10769230769233,21.3,30.0,105,124.5,132.80769230769232,40.48,26,13.642454095278719,227.3,175.8
광주,북구,2024,광주송정역,용산역,153.3,176.3,182.52222222222224,21.3,30.0,102,125.0,131.22222222222223,38.92307692307692,27,13.642454095278719,227.3,176.3
광주,북구,2025,광주송정역,용산역,154.3,176.3,183.36896551724135,21.3,30.0,103,125.0,132.06896551724137,36.17857142857143,29,13.642454095278719,227.3,176.3
광주,서구,2007,광주송정역,용산역,186.1,208.1,208.52105263157895,8.1,30.0,148,170.0,170.42105263157896,54.166666666666664,19,5.371741853744996,227.2,208.1
광주,서구,2008,광주송정역,용산역,189.1,200.6,200.2,8.1,30.0,151,162.5,162.1,101.88888888888889,10,5.371741853744996,227.2,200.6
광주,서구,2009,광주송정역,용산역,189.1,200.6,200.2,8.1,30.0,151,162.5,162.1,101.88888888888889,10,5.371741853744996,227.2,200.6
광주,서구,2010,광주송정역,용산역,192.1,199.1,200.86923076923077,8.1,30.0,154,161.0,162.76923076923077,79.75,13,5.371741853744996,227.2,199.1
광주,서구,2011,광주송정역,용산역,193.1,209.1,207.64545454545453,8.1,30.0,155,171.0,169.54545454545453,96.8,11,5.371741853744996,227.2,209.1
광주,서구,2012,광주송정역,용산역,191.1,206.6,208.43333333333334,8.1,30.0,153,168.5,170.33333333333334,88.0,12,5.371741853744996,227.2,206.6
광주,서구,2013,광주송정역,용산역,188.1,204.1,206.26666666666665,8.1,30.0,150,166.0,168.16666666666666,88.45454545454545,12,5.371741853744996,227.2,204.1
광주,서구,2014,광주송정역,용산역,188.1,204.1,206.68333333333334,8.1,30.0,150,166.0,168.58333333333334,88.45454545454545,12,5.371741853744996,227.2,204.1
광주,서구,2015,광주송정역,용산역,131.1,152.1,150.975,8.1,30.0,93,114.0,112.875,45.130434782608695,24,5.371741853744996,227.2,152.1
광주,서구,2016,광주송정역,용산역,136.1,153.1,155.92608695652174,8.1,30.0,98,115.0,117.82608695652173,46.77272727272727,23,5.371741853744996,227.2,153.1
광주,서구,2017,광주송정역,용산역,136.1,155.1,156.4913043478261,8.1,30.0,98,117.0,118.3913043478261,46.77272727272727,23,5.371741853744996,227.2,155.1
광주,서구,2018,광주송정역,용산역,136.1,155.1,156.53478260869565,8.1,30.0,98,117.0,118.43478260869566,46.77272727272727,23,5.371741853744996,227.2,155.1
광주,서구,2019,광주송정역,용산역,138.1,155.1,159.27391304347827,8.1,30.0,100,117.0,121.17391304347827,46.54545454545455,23,5.371741853744996,227.2,155.1
광주,서구,2020,광주송정역,용산역,138.1,155.1,158.9695652173913,8.1,30.0,100,117.0,120.8695652173913,46.54545454545455,23,5.371741853744996,227.2,155.1
광주,서구,2021,광주송정역,용산역,137.1,156.1,160.53478260869565,8.1,30.0,99,118.0,122.43478260869566,46.04545454545455,23,5.371741853744996,227.2,156.1
광주,서구,2022,광주송정역,용산역,137.1,156.1,160.53478260869565,8.1,30.0,99,118.0,122.43478260869566,46.04545454545455,23,5.371741853744996,227.2,156.1
광주,서구,2023,광주송정역,용산역,143.1,162.6,170.90769230769232,8.1,30.0,105,124.5,132.80769230769232,40.48,26,5.371741853744996,227.2,162.6
광주,서구,2024,광주송정역,용산역,140.1,163.1,169.32222222222222,8.1,30.0,102,125.0,131.22222222222223,38.92307692307692,27,5.371741853744996,227.2,163.1
광주,서구,2025,광주송정역,용산역,141.1,163.1,170.16896551724136,8.1,30.0,103,125.0,132.06896551724137,36.17857142857143,29,5.371741853744996,227.2,163.1
대구,남구,2007,동대구역,서울역,140.2,150.2,150.23030303030305,11.2,30.0,99,109.0,109.03030303030303,15.923076923076923,66,6.113806387685821,217.4,150.2
대구,남구,2008,동대구역,서울역,136.2,147.2,145.6931506849315,11.2,30.0,95,106.0,104.4931506849315,14.666666666666666,73,6.113806387685821,217.4,147.2
대구,남구,2009,동대구역,서울역,136.2,147.2,145.6931506849315,11.2,30.0,95,106.0,104.4931506849315,14.666666666666666,73,6.113806387685821,217.4,147.2
대구,남구,2010,동대구역,서울역,139.2,149.2,149.075,11.2,30.0,98,108.0,107.875,15.056338028169014,72,6.113806387685821,217.4,149.2
대구,남구,2011,동대구역,서울역,144.2,155.2,156.39718309859154,11.2,30.0,103,114.0,115.19718309859155,15.314285714285715,71,6.113806387685821,217.4,155.2
대구,남구,2012,동대구역,서울역,144.2,155.2,156.30975609756098,11.2,30.0,103,114.0,115.10975609756098,13.246913580246913,82,6.113806387685821,217.4,155.2
대구,남구,2013,동대구역,서울역,144.2,155.2,156.69397590361444,11.2,30.0,103,114.0,115.49397590361446,13.109756097560975,83,6.113806387685821,217.4,155.2
대구,남구,2014,동대구역,서울역,144.2,156.2,158.45925925925926,11.2,30.0,103,115.0,117.25925925925925,13.4375,81,6.113806387685821,217.4,156.2
대구,남구,2015,동대구역,서울역,139.2,151.2,154.08505747126438,11.2,30.0,98,110.0,112.88505747126437,12.569767441860465,87,6.113806387685821,217.4,151.2
대구,남구,2016,동대구역,서울역,136.2,151.2,152.40779220779223,11.2,30.0,95,110.0,111.20779220779221,14.197368421052632,77,6.113806387685821,217.4,151.2
대구,남구,2017,동대구역,서울역,136.2,151.2,152.575,11.2,30.0,95,110.0,111.375,13.658227848101266,80,6.113806387685821,217.4,151.2
대구,남구,2018,동대구역,서울역,136.2,151.2,152.10322580645163,11.2,30.0,95,110.0,110.90322580645162,11.728260869565217,93,6.113806387685821,217.4,151.2
대구,남구,2019,동대구역,서울역,135.2,152.2,152.96530612244896,11.2,30.0,94,111.0,111.76530612244898,11.082474226804123,98,6.113806387685821,217.4,152.2
대구,남구,2020,동대구역,서울역,135.2,152.2,152.9551020408163,11.2,30.0,94,111.0,111.75510204081633,11.082474226804123,98,6.113806387685821,217.4,152.2
대구,남구,2021,동대구역,서울역,135.2,153.2,153.38181818181818,11.2,30.0,94,112.0,112.18181818181819,11.020408163265307,99,6.113806387685821,217.4,153.2
대구,남구,2022,동대구역,서울역,135.2,153.2,153.38181818181818,11.2,30.0,94,112.0,112.18181818181819,11.020408163265307,99,6.113806387685821,217.4,153.2
대구,남구,2023,서대구역,서울역,135.7,149.7,148.76666666666665,9.7,30.0,96,110.0,109.06666666666666,65.71428571428571,15,6.550565011096302,217.4,149.7
대구,남구,2024,서대구역,서울역,135.7,149.2,148.325,9.7,30.0,96,109.5,108.625,61.333333333333336,16,6.550565011096302,217.4,149.2
대구,남구,2025,서대구역,서울역,136.7,149.7,149.45,9.7,30.0,97,110.0,109.75,61.333333333333336,16,6.550565011096302,217.4,149.7
대구,달서구,2007,동대구역,서울역,144.7,154.7,154.73030303030305,15.7,30.0,99,109.0,109.03030303030303,15.923076923076923,66,10.467715103974461,216.6,154.7
대구,달서구,2008,동대구역,서울역,140.7,151.7,150.1931506849315,15.7,30.0,95,106.0,104.4931506849315,14.666666666666666,73,10.467715103974461,216.6,151.7
대구,달서구,2009,동대구역,서울역,140.7,151.7,150.1931506849315,15.7,30.0,95,106.0,104.4931506849315,14.666666666666666,73,10.467715103974461,216.6,151.7
대구,달서구,2010,동대구역,서울역,143.7,153.7,153.575,15.7,30.0,98,108.0,107.875,15.056338028169014,72,10.467715103974461,216.6,153.7
대구,달서구,2011,동대구역,서울역,148.7,159.7,160.89718309859154,15.7,30.0,103,114.0,115.19718309859155,15.314285714285715,71,10.467715103974461,216.6,159.7
대구,달서구,2012,동대구역,서울역,148.7,159.7,160.80975609756098,15.7,30.0,103,114.0,115.10975609756098,13.246913580246913,82,10.467715103974461,216.6,159.7
대구,달서구,2013,동대구역,서울역,148.7,159.7,161.19397590361444,15.7,30.0,103,114.0,115.49397590361446,13.109756097560975,83,10.467715103974461,216.6,159.7
대구,달서구,2014,동대구역,서울역,148.7,160.7,162.95925925925926,15.7,30.0,103,115.0,117.25925925925925,13.4375,81,10.467715103974461,216.6,160.7
대구,달서구,2015,동대구역,서울역,143.7,155.7,158.58505747126438,15.7,30.0,98,110.0,112.88505747126437,12.569767441860465,87,10.467715103974461,216.6,155.7
대구,달서구,2016,동대구역,서울역,140.7,155.7,156.90779220779223,15.7,30.0,95,110.0,111.20779220779221,14.197368421052632,77,10.467715103974461,216.6,155.7
대구,달서구,2017,동대구역,서울역,140.7,155.7,157.075,15.7,30.0,95,110.0,111.375,13.658227848101266,80,10.467715103974461,216.6,155.7
대구,달서구,2018,동대구역,서울역,140.7,155.7,156.60322580645163,15.7,30.0,95,110.0,110.90322580645162,11.728260869565217,93,10.467715103974461,216.6,155.7
대구,달서구,2019,동대구역,서울역,139.7,156.7,157.46530612244896,15.7,30.0,94,111.0,111.76530612244898,11.082474226804123,98,10.467715103974461,216.6,156.7
대구,달서구,2020,동대구역,서울역,139.7,156.7,157.4551020408163,15.7,30.0,94,111.0,111.75510204081633,11.082474226804123,98,10.467715103974461,216.6,156.7
대구,달서구,2021,동대구역,서울역,139.7,157.7,157.88181818181818,15.7,30.0,94,112.0,112.18181818181819,11.020408163265307,99,10.467715103974461,216.6,157.7
대구,달서구,2022,동대구역,서울역,139.7,157.7,157.88181818181818,15.7,30.0,94,112.0,112.18181818181819,11.020408163265307,99,10.467715103974461,216.6,157.7
대구,달서구,2023,서대구역,서울역,137.2,151.2,150.26666666666665,11.2,30.0,96,110.0,109.06666666666666,65.71428571428571,15,6.055638385036955,216.6,151.2
대구,달서구,2024,서대구역,서울역,137.2,150.7,149.825,11.2,30.0,96,109.5,108.625,61.333333333333336,16,6.055638385036955,216.6,150.7
대구,달서구,2025,서대구역,서울역,138.2,151.2,150.95,11.2,30.0,97,110.0,109.75,61.333333333333336,16,6.055638385036955,216.6,151.2
대구,달성군,2007,동대구역,서울역,152.3,162.3,162.330303030303,23.3,30.0,99,109.0,109.03030303030303,15.923076923076923,66,17.582492591117834,223.6,162.3
대구,달성군,2008,동대구역,서울역,148.3,159.3,157.7931506849315,23.3,30.0,95,106.0,104.4931506849315,14.666666666666666,73,17.582492591117834,223.6,159.3
대구,달성군,2009,동대구역,서울역,148.3,159.3,157.7931506849315,23.3,30.0,95,106.0,104.4931506849315,14.666666666666666,73,17.582492591117834,223.6,159.3
대구,달성군,2010,동대구역,서울역,151.3,161.3,161.175,23.3,30.0,98,108.0,107.875,15.056338028169014,72,17.582492591117834,223.6,161.3
대구,달성군,2011,동대구역,서울역,156.3,167.3,168.49718309859156,23.3,30.0,103,114.0,115.19718309859155,15.314285714285715,71,17.582492591117834,223.6,167.3
대구,달성군,2012,동대구역,서울역,156.3,167.3,168.40975609756097,23.3,30.0,103,114.0,115.10975609756098,13.246913580246913,82,17.582492591117834,223.6,167.3
대구,달성군,2013,동대구역,서울역,156.3,167.3,168.79397590361447,23.3,30.0,103,114.0,115.49397590361446,13.109756097560975,83,17.582492591117834,223.6,167.3
대구,달성군,2014,동대구역,서울역,156.3,168.3,170.55925925925925,23.3,30.0,103,115.0,117.25925925925925,13.4375,81,17.582492591117834,223.6,168.3
대구,달성군,2015,동대구역,서울역,151.3,163.3,166.18505747126437,23.3,30.0,98,110.0,112.88505747126437,12.569767441860465,87,17.582492591117834,223.6,163.3
대구,달성군,2016,동대구역,서울역,148.3,163.3,164.5077922077922,23.3,30.0,95,110.0,111.20779220779221,14.197368421052632,77,17.582492591117834,223.6,163.3
대구,달성군,2017,동대구역,서울역,148.3,163.3,164.675,23.3,30.0,95,110.0,111.375,13.658227848101266,80,17.582492591117834,223.6,163.3
대구,달성군,2018,동대구역,서울역,148.3,163.3,164.2032258064516,23.3,30.0,95,110.0,110.90322580645162,11.728260869565217,93,17.582492591117834,223.6,163.3
대구,달성군,2019,동대구역,서울역,147.3,164.3,165.065306122449,23.3,30.0,94,111.0,111.76530612244898,11.082474226804123,98,17.582492591117834,223.6,164.3
대구,달성군,2020,동대구역,서울역,147.3,164.3,165.05510204081634,23.3,30.0,94,111.0,111.75510204081633,11.082474226804123,98,17.582492591117834,223.6,164.3
대구,달성군,2021,동대구역,서울역,147.3,165.3,165.4818181818182,23.3,30.0,94,112.0,112.18181818181819,11.020408163265307,99,17.582492591117834,223.6,165.3
대구,달성군,2022,동대구역,서울역,147.3,165.3,165.4818181818182,23.3,30.0,94,112.0,112.18181818181819,11.020408163265307,99,17.582492591117834,223.6,165.3
대구,달성군,2023,서대구역,서울역,147.0,161.0,160.06666666666666,21.0,30.0,96,110.0,109.06666666666666,65.71428571428571,15,14.047326442026115,223.6,161.0
대구,달성군,2024,서대구역,서울역,147.0,160.5,159.625,21.0,30.0,96,109.5,108.625,61.333333333333336,16,14.047326442026115,223.6,160.5
대구,달성군,2025,서대구역,서울역,148.0,161.0,160.75,21.0,30.0,97,110.0,109.75,61.333333333333336,16,14.047326442026115,223.6,161.0
대구,동구,2007,동대구역,서울역,142.3,152.3,152.330303030303,13.3,30.0,99,109.0,109.03030303030303,15.923076923076923,66,8.15873238468529,225.2,152.3
대구,동구,2008,동대구역,서울역,138.3,149.3,147.7931506849315,13.3,30.0,95,106.0,104.4931506849315,14.666666666666666,73,8.15873238468529,225.2,149.3
대구,동구,2009,동대구역,서울역,138.3,149.3,147.7931506849315,13.3,30.0,95,106.0,104.4931506849315,14.666666666666666,73,8.15873238468529,225.2,149.3
대구,동구,2010,동대구역,서울역,141.3,151.3,151.175,13.3,30.0,98,108.0,107.875,15.056338028169014,72,8.15873238468529,225.2,151.3
대구,동구,2011,동대구역,서울역,146.3,157.3,158.49718309859156,13.3,30.0,103,114.0,115.19718309859155,15.314285714285715,71,8.15873238468529,225.2,157.3
대구,동구,2012,동대구역,서울역,146.3,157.3,158.40975609756097,13.3,30.0,103,114.0,115.10975609756098,13.246913580246913,82,8.15873238468529,225.2,157.3
대구,동구,2013,동대구역,서울역,146.3,157.3,158.79397590361447,13.3,30.0,103,114.0,115.49397590361446,13.109756097560975,83,8.15873238468529,225.2,157.3
대구,동구,2014,동대구역,서울역,146.3,158.3,160.55925925925925,13.3,30.0,103,115.0,117.25925925925925,13.4375,81,8.15873238468529,225.2,158.3
대구,동구,2015,동대구역,서울역,141.3,153.3,156.18505747126437,13.3,30.0,98,110.0,112.88505747126437,12.569767441860465,87,8.15873238468529,225.2,153.3
대구,동구,2016,동대구역,서울역,138.3,153.3,154.5077922077922,13.3,30.0,95,110.0,111.20779220779221,14.197368421052632,77,8.15873238468529,225.2,153.3
대구,동구,2017,동대구역,서울역,138.3,153.3,154.675,13.3,30.0,95,110.0,111.375,13.658227848101266,80,8.15873238468529,225.2,153.3
대구,동구,2018,동대구역,서울역,138.3,153.3,154.2032258064516,13.3,30.0,95,110.0,110.90322580645162,11.728260869565217,93,8.15873238468529,225.2,153.3
대구,동구,2019,동대구역,서울역,137.3,154.3,155.065306122449,13.3,30.0,94,111.0,111.76530612244898,11.082474226804123,98,8.15873238468529,225.2,154.3
대구,동구,2020,동대구역,서울역,137.3,154.3,155.05510204081634,13.3,30.0,94,111.0,111.75510204081633,11.082474226804123,98,8.15873238468529,225.2,154.3
대구,동구,2021,동대구역,서울역,137.3,155.3,155.4818181818182,13.3,30.0,94,112.0,112.18181818181819,11.020408163265307,99,8.15873238468529,225.2,155.3
대구,동구,2022,동대구역,서울역,137.3,155.3,155.4818181818182,13.3,30.0,94,112.0,112.18181818181819,11.020408163265307,99,8.15873238468529,225.2,155.3
대구,동구,2023,동대구역,서울역,142.3,158.3,158.34545454545454,13.3,30.0,99,115.0,115.04545454545455,9.53211009174312,110,8.15873238468529,225.2,158.3
대구,동구,2024,동대구역,서울역,142.3,157.3,158.42931034482757,13.3,30.0,99,114.0,115.12931034482759,9.034782608695652,116,8.15873238468529,225.2,157.3
대구,동구,2025,동대구역,서울역,142.3,158.3,159.4858407079646,13.3,30.0,99,115.0,116.1858407079646,9.276785714285714,113,8.15873238468529,225.2,158.3
대구,북구,2007,동대구역,서울역,140.5,150.5,150.53030303030303,11.5,30.0,99,109.0,109.03030303030303,15.923076923076923,66,7.06955020768268,217.5,150.5
대구,북구,2008,동대구역,서울역,136.5,147.5,145.9931506849315,11.5,30.0,95,106.0,104.4931506849315,14.666666666666666,73,7.06955020768268,217.5,147.5
대구,북구,2009,동대구역,서울역,136.5,147.5,145.9931506849315,11.5,30.0,95,106.0,104.4931506849315,14.666666666666666,73,7.06955020768268,217.5,147.5
대구,북구,2010,동대구역,서울역,139.5,149.5,149.375,11.5,30.0,98,108.0,107.875,15.056338028169014,72,7.06955020768268,217.5,149.5
대구,북구,2011,동대구역,서울역,144.5,155.5,156.69718309859155,11.5,30.0,103,114.0,115.19718309859155,15.314285714285715,71,7.06955020768268,217.5,155.5
대구,북구,2012,동대구역,서울역,144.5,155.5,156.609756097561,11.5,30.0,103,114.0,115.10975609756098,13.246913580246913,82,7.06955020768268,217.5,155.5
대구,북구,2013,동대구역,서울역,144.5,155.5,156.99397590361446,11.5,30.0,103,114.0,115.49397590361446,13.109756097560975,83,7.06955020768268,217.5,155.5
대구,북구,2014,동대구역,서울역,144.5,156.5,158.75925925925924,11.5,30.0,103,115.0,117.25925925925925,13.4375,81,7.06955020768268,217.5,156.5
대구,북구,2015,동대구역,서울역,139.5,151.5,154.38505747126436,11.5,30.0,98,110.0,112.88505747126437,12.569767441860465,87,7.06955020768268,217.5,151.5
대구,북구,2016,동대구역,서울역,136.5,151.5,152.7077922077922,11.5,30.0,95,110.0,111.20779220779221,14.197368421052632,77,7.06955020768268,217.5,151.5
대구,북구,2017,동대구역,서울역,136.5,151.5,152.875,11.5,30.0,95,110.0,111.375,13.658227848101266,80,7.06955020768268,217.5,151.5
대구,북구,2018,동대구역,서울역,136.5,151.5,152.40322580645162,11.5,30.0,95,110.0,110.90322580645162,11.728260869565217,93,7.06955020768268,217.5,151.5
대구,북구,2019,동대구역,서울역,135.5,152.5,153.26530612244898,11.5,30.0,94,111.0,111.76530612244898,11.082474226804123,98,7.06955020768268,217.5,152.5
대구,북구,2020,동대구역,서울역,135.5,152.5,153.25510204081633,11.5,30.0,94,111.0,111.75510204081633,11.082474226804123,98,7.06955020768268,217.5,152.5
대구,북구,2021,동대구역,서울역,135.5,153.5,153.6818181818182,11.5,30.0,94,112.0,112.18181818181819,11.020408163265307,99,7.06955020768268,217.5,153.5
대구,북구,2022,동대구역,서울역,135.5,153.5,153.6818181818182,11.5,30.0,94,112.0,112.18181818181819,11.020408163265307,99,7.06955020768268,217.5,153.5
대구,북구,2023,서대구역,서울역,135.9,149.9,148.96666666666667,9.9,30.0,96,110.0,109.06666666666666,65.71428571428571,15,6.219341761589738,217.5,149.9
대구,북구,2024,서대구역,서울역,135.9,149.4,148.525,9.9,30.0,96,109.5,108.625,61.333333333333336,16,6.219341761589738,217.5,149.4
대구,북구,2025,서대구역,서울역,136.9,149.9,149.65,9.9,30.0,97,110.0,109.75,61.333333333333336,16,6.219341761589738,217.5,149.9
대구,서구,2007,동대구역,서울역,138.7,148.7,148.73030303030305,9.7,30.0,99,109.0,109.03030303030303,15.923076923076923,66,6.926578074100094,210.9,148.7
대구,서구,2008,동대구역,서울역,134.7,145.7,144.1931506849315,9.7,30.0,95,106.0,104.4931506849315,14.666666666666666,73,6.926578074100094,210.9,145.7
대구,서구,2009,동대구역,서울역,134.7,145.7,144.1931506849315,9.7,30.0,95,106.0,104.4931506849315,14.666666666666666,73,6.926578074100094,210.9,145.7
대구,서구,2010,동대구역,서울역,137.7,147.7,147.575,9.7,30.0,98,108.0,107.875,15.056338028169014,72,6.926578074100094,210.9,147.7
대구,서구,2011,동대구역,서울역,142.7,153.7,154.89718309859154,9.7,30.0,103,114.0,115.19718309859155,15.314285714285715,71,6.926578074100094,210.9,153.7
대구,서구,2012,동대구역,서울역,142.7,153.7,154.80975609756098,9.7,30.0,103,114.0,115.10975609756098,13.246913580246913,82,6.926578074100094,210.9,153.7
대구,서구,2013,동대구역,서울역,142.7,153.7,155.19397590361444,9.7,30.0,103,114.0,115.49397590361446,13.109756097560975,83,6.926578074100094,210.9,153.7
대구,서구,2014,동대구역,서울역,142.7,154.7,156.95925925925926,9.7,30.0,103,115.0,117.25925925925925,13.4375,81,6.926578074100094,210.9,154.7
대구,서구,2015,동대구역,서울역,137.7,149.7,152.58505747126438,9.7,30.0,98,110.0,112.88505747126437,12.569767441860465,87,6.926578074100094,210.9,149.7
대구,서구,2016,동대구역,서울역,134.7,149.7,150.90779220779223,9.7,30.0,95,110.0,111.20779220779221,14.197368421052632,77,6.926578074100094,210.9,149.7
대구,서구,2017,동대구역,서울역,134.7,149.7,151.075,9.7,30.0,95,110.0,111.375,13.658227848101266,80,6.926578074100094,210.9,149.7
대구,서구,2018,동대구역,서울역,134.7,149.7,150.60322580645163,9.7,30.0,95,110.0,110.90322580645162,11.728260869565217,93,6.926578074100094,210.9,149.7
대구,서구,2019,동대구역,서울역,133.7,150.7,151.46530612244896,9.7,30.0,94,111.0,111.76530612244898,11.082474226804123,98,6.926578074100094,210.9,150.7
대구,서구,2020,동대구역,서울역,133.7,150.7,151.4551020408163,9.7,30.0,94,111.0,111.75510204081633,11.082474226804123,98,6.926578074100094,210.9,150.7
대구,서구,2021,동대구역,서울역,133.7,151.7,151.88181818181818,9.7,30.0,94,112.0,112.18181818181819,11.020408163265307,99,6.926578074100094,210.9,151.7
대구,서구,2022,동대구역,서울역,133.7,151.7,151.88181818181818,9.7,30.0,94,112.0,112.18181818181819,11.020408163265307,99,6.926578074100094,210.9,151.7
대구,서구,2023,서대구역,서울역,129.5,143.5,142.56666666666666,3.5,30.0,96,110.0,109.06666666666666,65.71428571428571,15,1.0927707354206573,210.9,143.5
대구,서구,2024,서대구역,서울역,129.5,143.0,142.125,3.5,30.0,96,109.5,108.625,61.333333333333336,16,1.0927707354206573,210.9,143.0
대구,서구,2025,서대구역,서울역,130.5,143.5,143.25,3.5,30.0,97,110.0,109.75,61.333333333333336,16,1.0927707354206573,210.9,143.5
대구,수성구,2007,동대구역,서울역,140.6,150.6,150.63030303030303,11.6,30.0,99,109.0,109.03030303030303,15.923076923076923,66,5.929786713201161,226.2,150.6
대구,수성구,2008,동대구역,서울역,136.6,147.6,146.09315068493152,11.6,30.0,95,106.0,104.4931506849315,14.666666666666666,73,5.929786713201161,226.2,147.6
대구,수성구,2009,동대구역,서울역,136.6,147.6,146.09315068493152,11.6,30.0,95,106.0,104.4931506849315,14.666666666666666,73,5.929786713201161,226.2,147.6
대구,수성구,2010,동대구역,서울역,139.6,149.6,149.475,11.6,30.0,98,108.0,107.875,15.056338028169014,72,5.929786713201161,226.2,149.6
대구,수성구,2011,동대구역,서울역,144.6,155.6,156.79718309859155,11.6,30.0,103,114.0,115.19718309859155,15.314285714285715,71,5.929786713201161,226.2,155.6
대구,수성구,2012,동대구역,서울역,144.6,155.6,156.70975609756098,11.6,30.0,103,114.0,115.10975609756098,13.246913580246913,82,5.929786713201161,226.2,155.6
대구,수성구,2013,동대구역,서울역,144.6,155.6,157.09397590361445,11.6,30.0,103,114.0,115.49397590361446,13.109756097560975,83,5.929786713201161,226.2,155.6
대구,수성구,2014,동대구역,서울역,144.6,156.6,158.85925925925926,11.6,30.0,103,115.0,117.25925925925925,13.4375,81,5.929786713201161,226.2,156.6
대구,수성구,2015,동대구역,서울역,139.6,151.6,154.48505747126438,11.6,30.0,98,110.0,112.88505747126437,12.569767441860465,87,5.929786713201161,226.2,151.6
대구,수성구,2016,동대구역,서울역,136.6,151.6,152.8077922077922,11.6,30.0,95,110.0,111.20779220779221,14.197368421052632,77,5.929786713201161,226.2,151.6
대구,수성구,2017,동대구역,서울역,136.6,151.6,152.975,11.6,30.0,95,110.0,111.375,13.658227848101266,80,5.929786713201161,226.2,151.6
대구,수성구,2018,동대구역,서울역,136.6,151.6,152.5032258064516,11.6,30.0,95,110.0,110.90322580645162,11.728260869565217,93,5.929786713201161,226.2,151.6
대구,수성구,2019,동대구역,서울역,135.6,152.6,153.36530612244897,11.6,30.0,94,111.0,111.76530612244898,11.082474226804123,98,5.929786713201161,226.2,152.6
대구,수성구,2020,동대구역,서울역,135.6,152.6,153.35510204081632,11.6,30.0,94,111.0,111.75510204081633,11.082474226804123,98,5.929786713201161,226.2,152.6
대구,수성구,2021,동대구역,서울역,135.6,153.6,153.78181818181818,11.6,30.0,94,112.0,112.18181818181819,11.020408163265307,99,5.929786713201161,226.2,153.6
대구,수성구,2022,동대구역,서울역,135.6,153.6,153.78181818181818,11.6,30.0,94,112.0,112.18181818181819,11.020408163265307,99,5.929786713201161,226.2,153.6
대구,수성구,2023,동대구역,서울역,140.6,156.6,156.64545454545456,11.6,30.0,99,115.0,115.04545454545455,9.53211009174312,110,5.929786713201161,226.2,156.6
대구,수성구,2024,동대구역,서울역,140.6,155.6,156.72931034482758,11.6,30.0,99,114.0,115.12931034482759,9.034782608695652,116,5.929786713201161,226.2,155.6
대구,수성구,2025,동대구역,서울역,140.6,156.6,157.7858407079646,11.6,30.0,99,115.0,116.1858407079646,9.276785714285714,113,5.929786713201161,226.2,156.6
대구,중구,2007,동대구역,서울역,135.5,145.5,145.53030303030303,6.5,30.0,99,109.0,109.03030303030303,15.923076923076923,66,3.260401486378018,216.3,145.5
대구,중구,2008,동대구역,서울역,131.5,142.5,140.9931506849315,6.5,30.0,95,106.0,104.4931506849315,14.666666666666666,73,3.260401486378018,216.3,142.5
대구,중구,2009,동대구역,서울역,131.5,142.5,140.9931506849315,6.5,30.0,95,106.0,104.4931506849315,14.666666666666666,73,3.260401486378018,216.3,142.5
대구,중구,2010,동대구역,서울역,134.5,144.5,144.375,6.5,30.0,98,108.0,107.875,15.056338028169014,72,3.260401486378018,216.3,144.5
대구,중구,2011,동대구역,서울역,139.5,150.5,151.69718309859155,6.5,30.0,103,114.0,115.19718309859155,15.314285714285715,71,3.260401486378018,216.3,150.5
대구,중구,2012,동대구역,서울역,139.5,150.5,151.609756097561,6.5,30.0,103,114.0,115.10975609756098,13.246913580246913,82,3.260401486378018,216.3,150.5
대구,중구,2013,동대구역,서울역,139.5,150.5,151.99397590361446,6.5,30.0,103,114.0,115.49397590361446,13.109756097560975,83,3.260401486378018,216.3,150.5
대구,중구,2014,동대구역,서울역,139.5,151.5,153.75925925925924,6.5,30.0,103,115.0,117.25925925925925,13.4375,81,3.260401486378018,216.3,151.5
대구,중구,2015,동대구역,서울역,134.5,146.5,149.38505747126436,6.5,30.0,98,110.0,112.88505747126437,12.569767441860465,87,3.260401486378018,216.3,146.5
대구,중구,2016,동대구역,서울역,131.5,146.5,147.7077922077922,6.5,30.0,95,110.0,111.20779220779221,14.197368421052632,77,3.260401486378018,216.3,146.5
대구,중구,2017,동대구역,서울역,131.5,146.5,147.875,6.5,30.0,95,110.0,111.375,13.658227848101266,80,3.260401486378018,216.3,146.5
대구,중구,2018,동대구역,서울역,131.5,146.5,147.40322580645162,6.5,30.0,95,110.0,110.90322580645162,11.728260869565217,93,3.260401486378018,216.3,146.5
대구,중구,2019,동대구역,서울역,130.5,147.5,148.26530612244898,6.5,30.0,94,111.0,111.76530612244898,11.082474226804123,98,3.260401486378018,216.3,147.5
대구,중구,2020,동대구역,서울역,130.5,147.5,148.25510204081633,6.5,30.0,94,111.0,111.75510204081633,11.082474226804123,98,3.260401486378018,216.3,147.5
대구,중구,2021,동대구역,서울역,130.5,148.5,148.6818181818182,6.5,30.0,94,112.0,112.18181818181819,11.020408163265307,99,3.260401486378018,216.3,148.5
대구,중구,2022,동대구역,서울역,130.5,148.5,148.6818181818182,6.5,30.0,94,112.0,112.18181818181819,11.020408163265307,99,3.260401486378018,216.3,148.5
대구,중구,2023,서대구역,서울역,134.7,148.7,147.76666666666665,8.7,30.0,96,110.0,109.06666666666666,65.71428571428571,15,5.077276547912746,216.3,148.7
대구,중구,2024,서대구역,서울역,134.7,148.2,147.325,8.7,30.0,96,109.5,108.625,61.333333333333336,16,5.077276547912746,216.3,148.2
대구,중구,2025,동대구역,서울역,135.5,151.5,152.6858407079646,6.5,30.0,99,115.0,116.1858407079646,9.276785714285714,113,3.260401486378018,216.3,151.5
대전,대덕구,2007,대전역,서울역,95.6,103.6,103.20294117647059,14.6,30.0,51,59.0,58.60294117647059,15.64179104477612,68,8.888664746957359,124.5,103.6
대전,대덕구,2008,대전역,서울역,92.6,102.6,100.61333333333334,14.6,30.0,48,58.0,56.013333333333335,14.31081081081081,75,8.888664746957359,124.5,102.6
대전,대덕구,2009,대전역,서울역,92.6,102.6,100.61333333333334,14.6,30.0,48,58.0,56.013333333333335,14.31081081081081,75,8.888664746957359,124.5,102.6
대전,대덕구,2010,대전역,서울역,93.6,100.6,102.47837837837838,14.6,30.0,49,56.0,57.87837837837838,19.273972602739725,74,8.888664746957359,124.5,100.6
대전,대덕구,2011,대전역,서울역,97.6,105.6,108.31232876712329,14.6,30.0,53,61.0,63.71232876712329,19.541666666666668,73,8.888664746957359,124.5,105.6
대전,대덕구,2012,대전역,서울역,97.6,105.6,108.44883720930233,14.6,30.0,53,61.0,63.848837209302324,16.55294117647059,86,8.888664746957359,124.5,105.6
대전,대덕구,2013,대전역,서울역,94.6,102.6,105.97209302325581,14.6,30.0,50,58.0,61.372093023255815,16.529411764705884,86,8.888664746957359,124.5,102.6
대전,대덕구,2014,대전역,서울역,94.6,105.6,107.7764705882353,14.6,30.0,50,61.0,63.1764705882353,16.726190476190474,85,8.888664746957359,124.5,105.6
대전,대덕구,2015,대전역,서울역,96.6,107.6,109.79780219780221,14.6,30.0,52,63.0,65.1978021978022,15.655555555555555,91,8.888664746957359,124.5,107.6
대전,대덕구,2016,대전역,서울역,97.6,110.6,112.01772151898734,14.6,30.0,53,66.0,67.41772151898734,18.128205128205128,79,8.888664746957359,124.5,110.6
대전,대덕구,2017,대전역,서울역,97.6,110.6,112.17317073170733,14.6,30.0,53,66.0,67.57317073170732,17.45679012345679,82,8.888664746957359,124.5,110.6
대전,대덕구,2018,대전역,서울역,97.6,110.6,111.55789473684212,14.6,30.0,53,66.0,66.9578947368421,15.042553191489361,95,8.888664746957359,124.5,110.6
대전,대덕구,2019,대전역,서울역,97.6,110.6,112.25,14.6,30.0,53,66.0,67.65,14.16161616161616,100,8.888664746957359,124.5,110.6
대전,대덕구,2020,대전역,서울역,97.6,110.6,112.25999999999999,14.6,30.0,53,66.0,67.66,14.16161616161616,100,8.888664746957359,124.5,110.6
대전,대덕구,2021,대전역,서울역,97.6,110.6,112.69900990099009,14.6,30.0,53,66.0,68.0990099009901,13.99,101,8.888664746957359,124.5,110.6
대전,대덕구,2022,대전역,서울역,97.6,110.6,112.69900990099009,14.6,30.0,53,66.0,68.0990099009901,13.99,101,8.888664746957359,124.5,110.6
대전,대덕구,2023,대전역,서울역,99.6,112.6,114.33214285714286,14.6,30.0,55,68.0,69.73214285714286,9.585585585585585,112,8.888664746957359,124.5,112.6
대전,대덕구,2024,대전역,서울역,99.6,112.6,114.55762711864406,14.6,30.0,55,68.0,69.95762711864407,9.094017094017094,118,8.888664746957359,124.5,112.6
대전,대덕구,2025,대전역,서울역,99.6,112.6,114.73043478260871,14.6,30.0,55,68.0,70.1304347826087,9.342105263157896,115,8.888664746957359,124.5,112.6
대전,동구,2007,대전역,서울역,87.8,95.8,95.40294117647059,6.8,30.0,51,59.0,58.60294117647059,15.64179104477612,68,3.781757118833054,132.2,95.8
대전,동구,2008,대전역,서울역,84.8,94.8,92.81333333333333,6.8,30.0,48,58.0,56.013333333333335,14.31081081081081,75,3.781757118833054,132.2,94.8
대전,동구,2009,대전역,서울역,84.8,94.8,92.81333333333333,6.8,30.0,48,58.0,56.013333333333335,14.31081081081081,75,3.781757118833054,132.2,94.8
대전,동구,2010,대전역,서울역,85.8,92.8,94.67837837837837,6.8,30.0,49,56.0,57.87837837837838,19.273972602739725,74,3.781757118833054,132.2,92.8
대전,동구,2011,대전역,서울역,89.8,97.8,100.51232876712328,6.8,30.0,53,61.0,63.71232876712329,19.541666666666668,73,3.781757118833054,132.2,97.8
대전,동구,2012,대전역,서울역,89.8,97.8,100.64883720930231,6.8,30.0,53,61.0,63.848837209302324,16.55294117647059,86,3.781757118833054,132.2,97.8
대전,동구,2013,대전역,서울역,86.8,94.8,98.17209302325581,6.8,30.0,50,58.0,61.372093023255815,16.529411764705884,86,3.781757118833054,132.2,94.8
대전,동구,2014,대전역,서울역,86.8,97.8,99.97647058823529,6.8,30.0,50,61.0,63.1764705882353,16.726190476190474,85,3.781757118833054,132.2,97.8
대전,동구,2015,대전역,서울역,88.8,99.8,101.9978021978022,6.8,30.0,52,63.0,65.1978021978022,15.655555555555555,91,3.781757118833054,132.2,99.8
대전,동구,2016,대전역,서울역,89.8,102.8,104.21772151898733,6.8,30.0,53,66.0,67.41772151898734,18.128205128205128,79,3.781757118833054,132.2,102.8
대전,동구,2017,대전역,서울역,89.8,102.8,104.37317073170732,6.8,30.0,53,66.0,67.57317073170732,17.45679012345679,82,3.781757118833054,132.2,102.8
대전,동구,2018,대전역,서울역,89.8,102.8,103.7578947368421,6.8,30.0,53,66.0,66.9578947368421,15.042553191489361,95,3.781757118833054,132.2,102.8
대전,동구,2019,대전역,서울역,89.8,102.8,104.45,6.8,30.0,53,66.0,67.65,14.16161616161616,100,3.781757118833054,132.2,102.8
대전,동구,2020,대전역,서울역,89.8,102.8,104.46,6.8,30.0,53,66.0,67.66,14.16161616161616,100,3.781757118833054,132.2,102.8
대전,동구,2021,대전역,서울역,89.8,102.8,104.8990099009901,6.8,30.0,53,66.0,68.0990099009901,13.99,101,3.781757118833054,132.2,102.8
대전,동구,2022,대전역,서울역,89.8,102.8,104.8990099009901,6.8,30.0,53,66.0,68.0990099009901,13.99,101,3.781757118833054,132.2,102.8
대전,동구,2023,대전역,서울역,91.8,104.8,106.53214285714286,6.8,30.0,55,68.0,69.73214285714286,9.585585585585585,112,3.781757118833054,132.2,104.8
대전,동구,2024,대전역,서울역,91.8,104.8,106.75762711864407,6.8,30.0,55,68.0,69.95762711864407,9.094017094017094,118,3.781757118833054,132.2,104.8
대전,동구,2025,대전역,서울역,91.8,104.8,106.9304347826087,6.8,30.0,55,68.0,70.1304347826087,9.342105263157896,115,3.781757118833054,132.2,104.8
대전,서구,2007,서대전역,용산역,92.3,100.3,100.24736842105263,11.3,30.0,51,59.0,58.94736842105263,54.888888888888886,19,7.202306359349877,136.4,100.3
대전,서구,2008,서대전역,용산역,92.3,97.3,97.77368421052631,11.3,30.0,51,56.0,56.473684210526315,55.22222222222222,19,7.202306359349877,136.4,97.3
대전,서구,2009,서대전역,용산역,92.3,97.3,97.77368421052631,11.3,30.0,51,56.0,56.473684210526315,55.22222222222222,19,7.202306359349877,136.4,97.3
대전,서구,2010,서대전역,용산역,91.3,99.8,100.39090909090909,11.3,30.0,50,58.5,59.09090909090909,67.23809523809524,22,7.202306359349877,136.4,99.8
대전,서구,2011,서대전역,용산역,95.3,103.3,103.18,11.3,30.0,54,62.0,61.88,57.375,25,7.202306359349877,136.4,103.3
대전,서구,2012,서대전역,용산역,95.3,104.8,104.69285714285715,11.3,30.0,54,63.5,63.392857142857146,51.148148148148145,28,7.202306359349877,136.4,104.8
대전,서구,2013,서대전역,용산역,92.3,102.3,101.96666666666667,11.3,30.0,51,61.0,60.666666666666664,47.62068965517241,30,7.202306359349877,136.4,102.3
대전,서구,2014,서대전역,용산역,92.3,102.3,103.46129032258065,11.3,30.0,51,61.0,62.16129032258065,46.03333333333333,31,7.202306359349877,136.4,102.3
대전,서구,2015,대전역,서울역,97.4,108.4,110.5978021978022,15.4,30.0,52,63.0,65.1978021978022,15.655555555555555,91,9.85487884811228,136.4,108.4
대전,서구,2016,대전역,서울역,98.4,111.4,112.81772151898733,15.4,30.0,53,66.0,67.41772151898734,18.128205128205128,79,9.85487884811228,136.4,111.4
대전,서구,2017,대전역,서울역,98.4,111.4,112.97317073170731,15.4,30.0,53,66.0,67.57317073170732,17.45679012345679,82,9.85487884811228,136.4,111.4
대전,서구,2018,대전역,서울역,98.4,111.4,112.3578947368421,15.4,30.0,53,66.0,66.9578947368421,15.042553191489361,95,9.85487884811228,136.4,111.4
대전,서구,2019,대전역,서울역,98.4,111.4,113.05000000000001,15.4,30.0,53,66.0,67.65,14.16161616161616,100,9.85487884811228,136.4,111.4
대전,서구,2020,대전역,서울역,98.4,111.4,113.06,15.4,30.0,53,66.0,67.66,14.16161616161616,100,9.85487884811228,136.4,111.4
대전,서구,2021,대전역,서울역,98.4,111.4,113.4990099009901,15.4,30.0,53,66.0,68.0990099009901,13.99,101,9.85487884811228,136.4,111.4
대전,서구,2022,대전역,서울역,98.4,111.4,113.4990099009901,15.4,30.0,53,66.0,68.0990099009901,13.99,101,9.85487884811228,136.4,111.4
대전,서구,2023,대전역,서울역,100.4,113.4,115.13214285714287,15.4,30.0,55,68.0,69.73214285714286,9.585585585585585,112,9.85487884811228,136.4,113.4
대전,서구,2024,대전역,서울역,100.4,113.4,115.35762711864407,15.4,30.0,55,68.0,69.95762711864407,9.094017094017094,118,9.85487884811228,136.4,113.4
대전,서구,2025,대전역,서울역,100.4,113.4,115.5304347826087,15.4,30.0,55,68.0,70.1304347826087,9.342105263157896,115,9.85487884811228,136.4,113.4
대전,유성구,2007,서대전역,용산역,93.6,101.6,101.54736842105262,12.6,30.0,51,59.0,58.94736842105263,54.888888888888886,19,8.301706644797893,123.6,101.6
대전,유성구,2008,서대전역,용산역,93.6,98.6,99.07368421052632,12.6,30.0,51,56.0,56.473684210526315,55.22222222222222,19,8.301706644797893,123.6,98.6
대전,유성구,2009,서대전역,용산역,93.6,98.6,99.07368421052632,12.6,30.0,51,56.0,56.473684210526315,55.22222222222222,19,8.301706644797893,123.6,98.6
대전,유성구,2010,서대전역,용산역,92.6,101.1,101.69090909090909,12.6,30.0,50,58.5,59.09090909090909,67.23809523809524,22,8.301706644797893,123.6,101.1
대전,유성구,2011,서대전역,용산역,96.6,104.6,104.48,12.6,30.0,54,62.0,61.88,57.375,25,8.301706644797893,123.6,104.6
대전,유성구,2012,서대전역,용산역,96.6,106.1,105.99285714285715,12.6,30.0,54,63.5,63.392857142857146,51.148148148148145,28,8.301706644797893,123.6,106.1
대전,유성구,2013,서대전역,용산역,93.6,103.6,103.26666666666667,12.6,30.0,51,61.0,60.666666666666664,47.62068965517241,30,8.301706644797893,123.6,103.6
대전,유성구,2014,서대전역,용산역,93.6,103.6,104.76129032258065,12.6,30.0,51,61.0,62.16129032258065,46.03333333333333,31,8.301706644797893,123.6,103.6
대전,유성구,2015,대전역,서울역,99.8,110.8,112.9978021978022,17.8,30.0,52,63.0,65.1978021978022,15.655555555555555,91,10.315028200597492,123.6,110.8
대전,유성구,2016,대전역,서울역,100.8,113.8,115.21772151898733,17.8,30.0,53,66.0,67.41772151898734,18.128205128205128,79,10.315028200597492,123.6,113.8
대전,유성구,2017,대전역,서울역,100.8,113.8,115.37317073170732,17.8,30.0,53,66.0,67.57317073170732,17.45679012345679,82,10.315028200597492,123.6,113.8
대전,유성구,2018,대전역,서울역,100.8,113.8,114.7578947368421,17.8,30.0,53,66.0,66.9578947368421,15.042553191489361,95,10.315028200597492,123.6,113.8
대전,유성구,2019,대전역,서울역,100.8,113.8,115.45,17.8,30.0,53,66.0,67.65,14.16161616161616,100,10.315028200597492,123.6,113.8
대전,유성구,2020,대전역,서울역,100.8,113.8,115.46,17.8,30.0,53,66.0,67.66,14.16161616161616,100,10.315028200597492,123.6,113.8
대전,유성구,2021,대전역,서울역,100.8,113.8,115.8990099009901,17.8,30.0,53,66.0,68.0990099009901,13.99,101,10.315028200597492,123.6,113.8
대전,유성구,2022,대전역,서울역,100.8,113.8,115.8990099009901,17.8,30.0,53,66.0,68.0990099009901,13.99,101,10.315028200597492,123.6,113.8
대전,유성구,2023,대전역,서울역,102.8,115.8,117.53214285714286,17.8,30.0,55,68.0,69.73214285714286,9.585585585585585,112,10.315028200597492,123.6,115.8
대전,유성구,2024,대전역,서울역,102.8,115.8,117.75762711864407,17.8,30.0,55,68.0,69.95762711864407,9.094017094017094,118,10.315028200597492,123.6,115.8
대전,유성구,2025,대전역,서울역,102.8,115.8,117.9304347826087,17.8,30.0,55,68.0,70.1304347826087,9.342105263157896,115,10.315028200597492,123.6,115.8
대전,중구,2007,서대전역,용산역,92.8,100.8,100.74736842105263,11.8,30.0,51,59.0,58.94736842105263,54.888888888888886,19,5.127115451848768,141.7,100.8
대전,중구,2008,서대전역,용산역,92.8,97.8,98.27368421052631,11.8,30.0,51,56.0,56.473684210526315,55.22222222222222,19,5.127115451848768,141.7,97.8
대전,중구,2009,서대전역,용산역,92.8,97.8,98.27368421052631,11.8,30.0,51,56.0,56.473684210526315,55.22222222222222,19,5.127115451848768,141.7,97.8
대전,중구,2010,서대전역,용산역,91.8,100.3,100.89090909090909,11.8,30.0,50,58.5,59.09090909090909,67.23809523809524,22,5.127115451848768,141.7,100.3
대전,중구,2011,서대전역,용산역,95.8,103.8,103.68,11.8,30.0,54,62.0,61.88,57.375,25,5.127115451848768,141.7,103.8
대전,중구,2012,서대전역,용산역,95.8,105.3,105.19285714285715,11.8,30.0,54,63.5,63.392857142857146,51.148148148148145,28,5.127115451848768,141.7,105.3
대전,중구,2013,서대전역,용산역,92.8,102.8,102.46666666666667,11.8,30.0,51,61.0,60.666666666666664,47.62068965517241,30,5.127115451848768,141.7,102.8
대전,중구,2014,서대전역,용산역,92.8,102.8,103.96129032258065,11.8,30.0,51,61.0,62.16129032258065,46.03333333333333,31,5.127115451848768,141.7,102.8
대전,중구,2015,대전역,서울역,97.9,108.9,111.0978021978022,15.9,30.0,52,63.0,65.1978021978022,15.655555555555555,91,6.0732877813907304,141.7,108.9
대전,중구,2016,대전역,서울역,98.9,111.9,113.31772151898733,15.9,30.0,53,66.0,67.41772151898734,18.128205128205128,79,6.0732877813907304,141.7,111.9
대전,중구,2017,대전역,서울역,98.9,111.9,113.47317073170731,15.9,30.0,53,66.0,67.57317073170732,17.45679012345679,82,6.0732877813907304,141.7,111.9
대전,중구,2018,대전역,서울역,98.9,111.9,112.8578947368421,15.9,30.0,53,66.0,66.9578947368421,15.042553191489361,95,6.0732877813907304,141.7,111.9
대전,중구,2019,대전역,서울역,98.9,111.9,113.55000000000001,15.9,30.0,53,66.0,67.65,14.16161616161616,100,6.0732877813907304,141.7,111.9
대전,중구,2020,대전역,서울역,98.9,111.9,113.56,15.9,30.0,53,66.0,67.66,14.16161616161616,100,6.0732877813907304,141.7,111.9
대전,중구,2021,대전역,서울역,98.9,111.9,113.9990099009901,15.9,30.0,53,66.0,68.0990099009901,13.99,101,6.0732877813907304,141.7,111.9
대전,중구,2022,대전역,서울역,98.9,111.9,113.9990099009901,15.9,30.0,53,66.0,68.0990099009901,13.99,101,6.0732877813907304,141.7,111.9
대전,중구,2023,대전역,서울역,100.9,113.9,115.63214285714287,15.9,30.0,55,68.0,69.73214285714286,9.585585585585585,112,6.0732877813907304,141.7,113.9
대전,중구,2024,대전역,서울역,100.9,113.9,115.85762711864407,15.9,30.0,55,68.0,69.95762711864407,9.094017094017094,118,6.0732877813907304,141.7,113.9
대전,중구,2025,대전역,서울역,100.9,113.9,116.0304347826087,15.9,30.0,55,68.0,70.1304347826087,9.342105263157896,115,6.0732877813907304,141.7,113.9
부산,강서구,2007,구포역,서울역,205.4,214.9,214.86153846153846,19.4,30.0,156,165.5,165.46153846153845,41.4,26,12.350938529878487,291.2,214.9
부산,강서구,2008,구포역,서울역,199.4,210.4,209.6258064516129,19.4,30.0,150,161.0,160.2258064516129,35.2,31,12.350938529878487,291.2,210.4
부산,강서구,2009,구포역,서울역,199.4,210.4,209.6258064516129,19.4,30.0,150,161.0,160.2258064516129,35.2,31,12.350938529878487,291.2,210.4
부산,강서구,2010,부산역,서울역,185.9,202.9,207.46666666666667,17.9,30.0,138,155.0,159.56666666666666,18.305084745762713,60,14.04312389040179,291.2,202.9
부산,강서구,2011,부산역,서울역,180.9,210.9,216.08333333333334,17.9,30.0,133,163.0,168.18333333333334,18.389830508474578,60,14.04312389040179,291.2,210.9
부산,강서구,2012,부산역,서울역,180.9,210.9,215.08840579710144,17.9,30.0,133,163.0,167.18840579710144,15.955882352941176,69,14.04312389040179,291.2,210.9
부산,강서구,2013,부산역,서울역,184.9,210.9,215.9,17.9,30.0,137,163.0,168.0,15.5,71,14.04312389040179,291.2,210.9
부산,강서구,2014,부산역,서울역,184.9,214.9,218.3,17.9,30.0,137,167.0,170.4,15.72463768115942,70,14.04312389040179,291.2,214.9
부산,강서구,2015,부산역,서울역,195.9,209.9,215.76153846153846,17.9,30.0,148,162.0,167.86153846153846,17.03125,65,14.04312389040179,291.2,209.9
부산,강서구,2016,부산역,서울역,182.9,209.9,212.53636363636363,17.9,30.0,135,162.0,164.63636363636363,20.27777777777778,55,14.04312389040179,291.2,209.9
부산,강서구,2017,부산역,서울역,182.9,209.9,212.8122807017544,17.9,30.0,135,162.0,164.91228070175438,19.553571428571427,57,14.04312389040179,291.2,209.9
부산,강서구,2018,부산역,서울역,182.9,209.9,212.93125,17.9,30.0,135,162.0,165.03125,17.38095238095238,64,14.04312389040179,291.2,209.9
부산,강서구,2019,부산역,서울역,182.9,209.9,213.9909090909091,17.9,30.0,135,162.0,166.0909090909091,16.846153846153847,66,14.04312389040179,291.2,209.9
부산,강서구,2020,부산역,서울역,182.9,209.9,213.9909090909091,17.9,30.0,135,162.0,166.0909090909091,16.846153846153847,66,14.04312389040179,291.2,209.9
부산,강서구,2021,부산역,서울역,182.9,209.4,212.76363636363638,17.9,30.0,135,161.5,164.86363636363637,16.784615384615385,66,14.04312389040179,291.2,209.4
부산,강서구,2022,부산역,서울역,182.9,209.4,212.76363636363638,17.9,30.0,135,161.5,164.86363636363637,16.784615384615385,66,14.04312389040179,291.2,209.4
부산,강서구,2023,부산역,서울역,193.9,212.9,217.0159420289855,17.9,30.0,146,165.0,169.1159420289855,15.455882352941176,69,14.04312389040179,291.2,212.9
부산,강서구,2024,부산역,서울역,191.9,211.9,216.58,17.9,30.0,144,164.0,168.68,14.202702702702704,75,14.04312389040179,291.2,211.9
부산,강서구,2025,부산역,서울역,192.9,213.9,217.74931506849316,17.9,30.0,145,166.0,169.84931506849315,14.61111111111111,73,14.04312389040179,291.2,213.9
부산,금정구,2007,구포역,서울역,200.0,209.5,209.46153846153845,14.0,30.0,156,165.5,165.46153846153845,41.4,26,10.417676044212516,290.5,209.5
부산,금정구,2008,구포역,서울역,194.0,205.0,204.2258064516129,14.0,30.0,150,161.0,160.2258064516129,35.2,31,10.417676044212516,290.5,205.0
부산,금정구,2009,구포역,서울역,194.0,205.0,204.2258064516129,14.0,30.0,150,161.0,160.2258064516129,35.2,31,10.417676044212516,290.5,205.0
부산,금정구,2010,부산역,서울역,186.5,203.5,208.06666666666666,18.5,30.0,138,155.0,159.56666666666666,18.305084745762713,60,16.538422995981634,290.5,203.5
부산,금정구,2011,부산역,서울역,181.5,211.5,216.68333333333334,18.5,30.0,133,163.0,168.18333333333334,18.389830508474578,60,16.538422995981634,290.5,211.5
부산,금정구,2012,부산역,서울역,181.5,211.5,215.68840579710144,18.5,30.0,133,163.0,167.18840579710144,15.955882352941176,69,16.538422995981634,290.5,211.5
부산,금정구,2013,부산역,서울역,185.5,211.5,216.5,18.5,30.0,137,163.0,168.0,15.5,71,16.538422995981634,290.5,211.5
부산,금정구,2014,부산역,서울역,185.5,215.5,218.9,18.5,30.0,137,167.0,170.4,15.72463768115942,70,16.538422995981634,290.5,215.5
부산,금정구,2015,부산역,서울역,196.5,210.5,216.36153846153846,18.5,30.0,148,162.0,167.86153846153846,17.03125,65,16.538422995981634,290.5,210.5
부산,금정구,2016,부산역,서울역,183.5,210.5,213.13636363636363,18.5,30.0,135,162.0,164.63636363636363,20.27777777777778,55,16.538422995981634,290.5,210.5
부산,금정구,2017,부산역,서울역,183.5,210.5,213.41228070175438,18.5,30.0,135,162.0,164.91228070175438,19.553571428571427,57,16.538422995981634,290.5,210.5
부산,금정구,2018,부산역,서울역,183.5,210.5,213.53125,18.5,30.0,135,162.0,165.03125,17.38095238095238,64,16.538422995981634,290.5,210.5
부산,금정구,2019,부산역,서울역,183.5,210.5,214.5909090909091,18.5,30.0,135,162.0,166.0909090909091,16.846153846153847,66,16.538422995981634,290.5,210.5
부산,금정구,2020,부산역,서울역,183.5,210.5,214.5909090909091,18.5,30.0,135,162.0,166.0909090909091,16.846153846153847,66,16.538422995981634,290.5,210.5
부산,금정구,2021,부산역,서울역,183.5,210.0,213.36363636363637,18.5,30.0,135,161.5,164.86363636363637,16.784615384615385,66,16.538422995981634,290.5,210.0
부산,금정구,2022,부산역,서울역,183.5,210.0,213.36363636363637,18.5,30.0,135,161.5,164.86363636363637,16.784615384615385,66,16.538422995981634,290.5,210.0
부산,금정구,2023,부산역,서울역,194.5,213.5,217.6159420289855,18.5,30.0,146,165.0,169.1159420289855,15.455882352941176,69,16.538422995981634,290.5,213.5
부산,금정구,2024,부산역,서울역,192.5,212.5,217.18,18.5,30.0,144,164.0,168.68,14.202702702702704,75,16.538422995981634,290.5,212.5
부산,금정구,2025,부산역,서울역,193.5,214.5,218.34931506849315,18.5,30.0,145,166.0,169.84931506849315,14.61111111111111,73,16.538422995981634,290.5,214.5
부산,기장군,2007,구포역,서울역,215.6,225.1,225.06153846153845,29.6,30.0,156,165.5,165.46153846153845,41.4,26,21.180574400796672,300.7,225.1
부산,기장군,2008,구포역,서울역,209.6,220.6,219.8258064516129,29.6,30.0,150,161.0,160.2258064516129,35.2,31,21.180574400796672,300.7,220.6
부산,기장군,2009,구포역,서울역,209.6,220.6,219.8258064516129,29.6,30.0,150,161.0,160.2258064516129,35.2,31,21.180574400796672,300.7,220.6
부산,기장군,2010,부산역,서울역,198.4,215.4,219.96666666666667,30.4,30.0,138,155.0,159.56666666666666,18.305084745762713,60,24.85388241551951,300.7,215.4
부산,기장군,2011,부산역,서울역,193.4,223.4,228.58333333333334,30.4,30.0,133,163.0,168.18333333333334,18.389830508474578,60,24.85388241551951,300.7,223.4
부산,기장군,2012,부산역,서울역,193.4,223.4,227.58840579710144,30.4,30.0,133,163.0,167.18840579710144,15.955882352941176,69,24.85388241551951,300.7,223.4
부산,기장군,2013,부산역,서울역,197.4,223.4,228.4,30.4,30.0,137,163.0,168.0,15.5,71,24.85388241551951,300.7,223.4
부산,기장군,2014,부산역,서울역,197.4,227.4,230.8,30.4,30.0,137,167.0,170.4,15.72463768115942,70,24.85388241551951,300.7,227.4
부산,기장군,2015,부산역,서울역,208.4,222.4,228.26153846153846,30.4,30.0,148,162.0,167.86153846153846,17.03125,65,24.85388241551951,300.7,222.4
부산,기장군,2016,부산역,서울역,195.4,222.4,225.03636363636363,30.4,30.0,135,162.0,164.63636363636363,20.27777777777778,55,24.85388241551951,300.7,222.4
부산,기장군,2017,부산역,서울역,195.4,222.4,225.3122807017544,30.4,30.0,135,162.0,164.91228070175438,19.553571428571427,57,24.85388241551951,300.7,222.4
부산,기장군,2018,부산역,서울역,195.4,222.4,225.43125,30.4,30.0,135,162.0,165.03125,17.38095238095238,64,24.85388241551951,300.7,222.4
부산,기장군,2019,부산역,서울역,195.4,222.4,226.4909090909091,30.4,30.0,135,162.0,166.0909090909091,16.846153846153847,66,24.85388241551951,300.7,222.4
부산,기장군,2020,부산역,서울역,195.4,222.4,226.4909090909091,30.4,30.0,135,162.0,166.0909090909091,16.846153846153847,66,24.85388241551951,300.7,222.4
부산,기장군,2021,부산역,서울역,195.4,221.9,225.26363636363638,30.4,30.0,135,161.5,164.86363636363637,16.784615384615385,66,24.85388241551951,300.7,221.9
부산,기장군,2022,부산역,서울역,195.4,221.9,225.26363636363638,30.4,30.0,135,161.5,164.86363636363637,16.784615384615385,66,24.85388241551951,300.7,221.9
부산,기장군,2023,부산역,서울역,206.4,225.4,229.5159420289855,30.4,30.0,146,165.0,169.1159420289855,15.455882352941176,69,24.85388241551951,300.7,225.4
부산,기장군,2024,부산역,서울역,204.4,224.4,229.08,30.4,30.0,144,164.0,168.68,14.202702702702704,75,24.85388241551951,300.7,224.4
부산,기장군,2025,부산역,서울역,205.4,226.4,230.24931506849316,30.4,30.0,145,166.0,169.84931506849315,14.61111111111111,73,24.85388241551951,300.7,226.4
부산,남구,2007,부산역,서울역,197.6,212.6,212.225,7.6,30.0,160,175.0,174.625,18.818181818181817,56,4.825646435133373,295.8,212.6
부산,남구,2008,부산역,서울역,197.6,209.6,209.39591836734692,7.6,30.0,160,172.0,171.79591836734693,21.979166666666668,49,4.825646435133373,295.8,209.6
부산,남구,2009,부산역,서울역,197.6,209.6,209.39591836734692,7.6,30.0,160,172.0,171.79591836734693,21.979166666666668,49,4.825646435133373,295.8,209.6
부산,남구,2010,부산역,서울역,175.6,192.6,197.16666666666666,7.6,30.0,138,155.0,159.56666666666666,18.305084745762713,60,4.825646435133373,295.8,192.6
부산,남구,2011,부산역,서울역,170.6,200.6,205.78333333333333,7.6,30.0,133,163.0,168.18333333333334,18.389830508474578,60,4.825646435133373,295.8,200.6
부산,남구,2012,부산역,서울역,170.6,200.6,204.78840579710143,7.6,30.0,133,163.0,167.18840579710144,15.955882352941176,69,4.825646435133373,295.8,200.6
부산,남구,2013,부산역,서울역,174.6,200.6,205.6,7.6,30.0,137,163.0,168.0,15.5,71,4.825646435133373,295.8,200.6
부산,남구,2014,부산역,서울역,174.6,204.6,208.0,7.6,30.0,137,167.0,170.4,15.72463768115942,70,4.825646435133373,295.8,204.6
부산,남구,2015,부산역,서울역,185.6,199.6,205.46153846153845,7.6,30.0,148,162.0,167.86153846153846,17.03125,65,4.825646435133373,295.8,199.6
부산,남구,2016,부산역,서울역,172.6,199.6,202.23636363636362,7.6,30.0,135,162.0,164.63636363636363,20.27777777777778,55,4.825646435133373,295.8,199.6
부산,남구,2017,부산역,서울역,172.6,199.6,202.51228070175438,7.6,30.0,135,162.0,164.91228070175438,19.553571428571427,57,4.825646435133373,295.8,199.6
부산,남구,2018,부산역,서울역,172.6,199.6,202.63125,7.6,30.0,135,162.0,165.03125,17.38095238095238,64,4.825646435133373,295.8,199.6
부산,남구,2019,부산역,서울역,172.6,199.6,203.6909090909091,7.6,30.0,135,162.0,166.0909090909091,16.846153846153847,66,4.825646435133373,295.8,199.6
부산,남구,2020,부산역,서울역,172.6,199.6,203.6909090909091,7.6,30.0,135,162.0,166.0909090909091,16.846153846153847,66,4.825646435133373,295.8,199.6
부산,남구,2021,부산역,서울역,172.6,199.1,202.46363636363637,7.6,30.0,135,161.5,164.86363636363637,16.784615384615385,66,4.825646435133373,295.8,199.1
부산,남구,2022,부산역,서울역,172.6,199.1,202.46363636363637,7.6,30.0,135,161.5,164.86363636363637,16.784615384615385,66,4.825646435133373,295.8,199.1
부산,남구,2023,부산역,서울역,183.6,202.6,206.7159420289855,7.6,30.0,146,165.0,169.1159420289855,15.455882352941176,69,4.825646435133373,295.8,202.6
부산,남구,2024,부산역,서울역,181.6,201.6,206.28,7.6,30.0,144,164.0,168.68,14.202702702702704,75,4.825646435133373,295.8,201.6
부산,남구,2025,부산역,서울역,182.6,203.6,207.44931506849315,7.6,30.0,145,166.0,169.84931506849315,14.61111111111111,73,4.825646435133373,295.8,203.6
부산,동구,2007,부산역,서울역,192.9,207.9,207.525,2.9,30.0,160,175.0,174.625,18.818181818181817,56,1.452311809021043,292.7,207.9
부산,동구,2008,부산역,서울역,192.9,204.9,204.69591836734693,2.9,30.0,160,172.0,171.79591836734693,21.979166666666668,49,1.452311809021043,292.7,204.9
부산,동구,2009,부산역,서울역,192.9,204.9,204.69591836734693,2.9,30.0,160,172.0,171.79591836734693,21.979166666666668,49,1.452311809021043,292.7,204.9
부산,동구,2010,부산역,서울역,170.9,187.9,192.46666666666667,2.9,30.0,138,155.0,159.56666666666666,18.305084745762713,60,1.452311809021043,292.7,187.9
부산,동구,2011,부산역,서울역,165.9,195.9,201.08333333333334,2.9,30.0,133,163.0,168.18333333333334,18.389830508474578,60,1.452311809021043,292.7,195.9
부산,동구,2012,부산역,서울역,165.9,195.9,200.08840579710144,2.9,30.0,133,163.0,167.18840579710144,15.955882352941176,69,1.452311809021043,292.7,195.9
부산,동구,2013,부산역,서울역,169.9,195.9,200.9,2.9,30.0,137,163.0,168.0,15.5,71,1.452311809021043,292.7,195.9
부산,동구,2014,부산역,서울역,169.9,199.9,203.3,2.9,30.0,137,167.0,170.4,15.72463768115942,70,1.452311809021043,292.7,199.9
부산,동구,2015,부산역,서울역,180.9,194.9,200.76153846153846,2.9,30.0,148,162.0,167.86153846153846,17.03125,65,1.452311809021043,292.7,194.9
부산,동구,2016,부산역,서울역,167.9,194.9,197.53636363636363,2.9,30.0,135,162.0,164.63636363636363,20.27777777777778,55,1.452311809021043,292.7,194.9
부산,동구,2017,부산역,서울역,167.9,194.9,197.8122807017544,2.9,30.0,135,162.0,164.91228070175438,19.553571428571427,57,1.452311809021043,292.7,194.9
부산,동구,2018,부산역,서울역,167.9,194.9,197.93125,2.9,30.0,135,162.0,165.03125,17.38095238095238,64,1.452311809021043,292.7,194.9
부산,동구,2019,부산역,서울역,167.9,194.9,198.9909090909091,2.9,30.0,135,162.0,166.0909090909091,16.846153846153847,66,1.452311809021043,292.7,194.9
부산,동구,2020,부산역,서울역,167.9,194.9,198.9909090909091,2.9,30.0,135,162.0,166.0909090909091,16.846153846153847,66,1.452311809021043,292.7,194.9
부산,동구,2021,부산역,서울역,167.9,194.4,197.76363636363638,2.9,30.0,135,161.5,164.86363636363637,16.784615384615385,66,1.452311809021043,292.7,194.4
부산,동구,2022,부산역,서울역,167.9,194.4,197.76363636363638,2.9,30.0,135,161.5,164.86363636363637,16.784615384615385,66,1.452311809021043,292.7,194.4
부산,동구,2023,부산역,서울역,178.9,197.9,202.0159420289855,2.9,30.0,146,165.0,169.1159420289855,15.455882352941176,69,1.452311809021043,292.7,197.9
부산,동구,2024,부산역,서울역,176.9,196.9,201.58,2.9,30.0,144,164.0,168.68,14.202702702702704,75,1.452311809021043,292.7,196.9
부산,동구,2025,부산역,서울역,177.9,198.9,202.74931506849316,2.9,30.0,145,166.0,169.84931506849315,14.61111111111111,73,1.452311809021043,292.7,198.9
부산,동래구,2007,구포역,서울역,194.6,204.1,204.06153846153845,8.6,30.0,156,165.5,165.46153846153845,41.4,26,7.450367366651829,289.5,204.1
부산,동래구,2008,구포역,서울역,188.6,199.6,198.8258064516129,8.6,30.0,150,161.0,160.2258064516129,35.2,31,7.450367366651829,289.5,199.6
부산,동래구,2009,구포역,서울역,188.6,199.6,198.8258064516129,8.6,30.0,150,161.0,160.2258064516129,35.2,31,7.450367366651829,289.5,199.6
부산,동래구,2010,부산역,서울역,181.2,198.2,202.76666666666665,13.2,30.0,138,155.0,159.56666666666666,18.305084745762713,60,10.618238986821092,289.5,198.2
부산,동래구,2011,부산역,서울역,176.2,206.2,211.38333333333333,13.2,30.0,133,163.0,168.18333333333334,18.389830508474578,60,10.618238986821092,289.5,206.2
부산,동래구,2012,부산역,서울역,176.2,206.2,210.38840579710143,13.2,30.0,133,163.0,167.18840579710144,15.955882352941176,69,10.618238986821092,289.5,206.2
부산,동래구,2013,부산역,서울역,180.2,206.2,211.2,13.2,30.0,137,163.0,168.0,15.5,71,10.618238986821092,289.5,206.2
부산,동래구,2014,부산역,서울역,180.2,210.2,213.60000000000002,13.2,30.0,137,167.0,170.4,15.72463768115942,70,10.618238986821092,289.5,210.2
부산,동래구,2015,부산역,서울역,191.2,205.2,211.06153846153848,13.2,30.0,148,162.0,167.86153846153846,17.03125,65,10.618238986821092,289.5,205.2
부산,동래구,2016,부산역,서울역,178.2,205.2,207.83636363636361,13.2,30.0,135,162.0,164.63636363636363,20.27777777777778,55,10.618238986821092,289.5,205.2
부산,동래구,2017,부산역,서울역,178.2,205.2,208.1122807017544,13.2,30.0,135,162.0,164.91228070175438,19.553571428571427,57,10.618238986821092,289.5,205.2
부산,동래구,2018,부산역,서울역,178.2,205.2,208.23125,13.2,30.0,135,162.0,165.03125,17.38095238095238,64,10.618238986821092,289.5,205.2
부산,동래구,2019,부산역,서울역,178.2,205.2,209.2909090909091,13.2,30.0,135,162.0,166.0909090909091,16.846153846153847,66,10.618238986821092,289.5,205.2
부산,동래구,2020,부산역,서울역,178.2,205.2,209.2909090909091,13.2,30.0,135,162.0,166.0909090909091,16.846153846153847,66,10.618238986821092,289.5,205.2
부산,동래구,2021,부산역,서울역,178.2,204.7,208.06363636363636,13.2,30.0,135,161.5,164.86363636363637,16.784615384615385,66,10.618238986821092,289.5,204.7
부산,동래구,2022,부산역,서울역,178.2,204.7,208.06363636363636,13.2,30.0,135,161.5,164.86363636363637,16.784615384615385,66,10.618238986821092,289.5,204.7
부산,동래구,2023,부산역,서울역,189.2,208.2,212.3159420289855,13.2,30.0,146,165.0,169.1159420289855,15.455882352941176,69,10.618238986821092,289.5,208.2
부산,동래구,2024,부산역,서울역,187.2,207.2,211.88,13.2,30.0,144,164.0,168.68,14.202702702702704,75,10.618238986821092,289.5,207.2
부산,동래구,2025,부산역,서울역,188.2,209.2,213.04931506849317,13.2,30.0,145,166.0,169.84931506849315,14.61111111111111,73,10.618238986821092,289.5,209.2
부산,부산진구,2007,구포역,서울역,197.2,206.7,206.66153846153844,11.2,30.0,156,165.5,165.46153846153845,41.4,26,6.102092519178514,289.2,206.7
부산,부산진구,2008,구포역,서울역,191.2,202.2,201.4258064516129,11.2,30.0,150,161.0,160.2258064516129,35.2,31,6.102092519178514,289.2,202.2
부산,부산진구,2009,구포역,서울역,191.2,202.2,201.4258064516129,11.2,30.0,150,161.0,160.2258064516129,35.2,31,6.102092519178514,289.2,202.2
부산,부산진구,2010,부산역,서울역,176.7,193.7,198.26666666666665,8.7,30.0,138,155.0,159.56666666666666,18.305084745762713,60,5.551935010030607,289.2,193.7
부산,부산진구,2011,부산역,서울역,171.7,201.7,206.88333333333333,8.7,30.0,133,163.0,168.18333333333334,18.389830508474578,60,5.551935010030607,289.2,201.7
부산,부산진구,2012,부산역,서울역,171.7,201.7,205.88840579710143,8.7,30.0,133,163.0,167.18840579710144,15.955882352941176,69,5.551935010030607,289.2,201.7
부산,부산진구,2013,부산역,서울역,175.7,201.7,206.7,8.7,30.0,137,163.0,168.0,15.5,71,5.551935010030607,289.2,201.7
부산,부산진구,2014,부산역,서울역,175.7,205.7,209.10000000000002,8.7,30.0,137,167.0,170.4,15.72463768115942,70,5.551935010030607,289.2,205.7
부산,부산진구,2015,부산역,서울역,186.7,200.7,206.56153846153848,8.7,30.0,148,162.0,167.86153846153846,17.03125,65,5.551935010030607,289.2,200.7
부산,부산진구,2016,부산역,서울역,173.7,200.7,203.33636363636361,8.7,30.0,135,162.0,164.63636363636363,20.27777777777778,55,5.551935010030607,289.2,200.7
부산,부산진구,2017,부산역,서울역,173.7,200.7,203.6122807017544,8.7,30.0,135,162.0,164.91228070175438,19.553571428571427,57,5.551935010030607,289.2,200.7
부산,부산진구,2018,부산역,서울역,173.7,200.7,203.73125,8.7,30.0,135,162.0,165.03125,17.38095238095238,64,5.551935010030607,289.2,200.7
부산,부산진구,2019,부산역,서울역,173.7,200.7,204.7909090909091,8.7,30.0,135,162.0,166.0909090909091,16.846153846153847,66,5.551935010030607,289.2,200.7
부산,부산진구,2020,부산역,서울역,173.7,200.7,204.7909090909091,8.7,30.0,135,162.0,166.0909090909091,16.846153846153847,66,5.551935010030607,289.2,200.7
부산,부산진구,2021,부산역,서울역,173.7,200.2,203.56363636363636,8.7,30.0,135,161.5,164.86363636363637,16.784615384615385,66,5.551935010030607,289.2,200.2
부산,부산진구,2022,부산역,서울역,173.7,200.2,203.56363636363636,8.7,30.0,135,161.5,164.86363636363637,16.784615384615385,66,5.551935010030607,289.2,200.2
부산,부산진구,2023,부산역,서울역,184.7,203.7,207.8159420289855,8.7,30.0,146,165.0,169.1159420289855,15.455882352941176,69,5.551935010030607,289.2,203.7
부산,부산진구,2024,부산역,서울역,182.7,202.7,207.38,8.7,30.0,144,164.0,168.68,14.202702702702704,75,5.551935010030607,289.2,202.7
부산,부산진구,2025,부산역,서울역,183.7,204.7,208.54931506849317,8.7,30.0,145,166.0,169.84931506849315,14.61111111111111,73,5.551935010030607,289.2,204.7
부산,북구,2007,구포역,서울역,192.2,201.7,201.66153846153844,6.2,30.0,156,165.5,165.46153846153845,41.4,26,3.5487826246037333,286.0,201.7
부산,북구,2008,구포역,서울역,186.2,197.2,196.4258064516129,6.2,30.0,150,161.0,160.2258064516129,35.2,31,3.5487826246037333,286.0,197.2
부산,북구,2009,구포역,서울역,186.2,197.2,196.4258064516129,6.2,30.0,150,161.0,160.2258064516129,35.2,31,3.5487826246037333,286.0,197.2
부산,북구,2010,부산역,서울역,187.0,204.0,208.56666666666666,19.0,30.0,138,155.0,159.56666666666666,18.305084745762713,60,12.773409120686253,286.0,204.0
부산,북구,2011,부산역,서울역,182.0,212.0,217.18333333333334,19.0,30.0,133,163.0,168.18333333333334,18.389830508474578,60,12.773409120686253,286.0,212.0
부산,북구,2012,부산역,서울역,182.0,212.0,216.18840579710144,19.0,30.0,133,163.0,167.18840579710144,15.955882352941176,69,12.773409120686253,286.0,212.0
부산,북구,2013,부산역,서울역,186.0,212.0,217.0,19.0,30.0,137,163.0,168.0,15.5,71,12.773409120686253,286.0,212.0
부산,북구,2014,부산역,서울역,186.0,216.0,219.4,19.0,30.0,137,167.0,170.4,15.72463768115942,70,12.773409120686253,286.0,216.0
부산,북구,2015,부산역,서울역,197.0,211.0,216.86153846153846,19.0,30.0,148,162.0,167.86153846153846,17.03125,65,12.773409120686253,286.0,211.0
부산,북구,2016,부산역,서울역,184.0,211.0,213.63636363636363,19.0,30.0,135,162.0,164.63636363636363,20.27777777777778,55,12.773409120686253,286.0,211.0
부산,북구,2017,부산역,서울역,184.0,211.0,213.91228070175438,19.0,30.0,135,162.0,164.91228070175438,19.553571428571427,57,12.773409120686253,286.0,211.0
부산,북구,2018,부산역,서울역,184.0,211.0,214.03125,19.0,30.0,135,162.0,165.03125,17.38095238095238,64,12.773409120686253,286.0,211.0
부산,북구,2019,부산역,서울역,184.0,211.0,215.0909090909091,19.0,30.0,135,162.0,166.0909090909091,16.846153846153847,66,12.773409120686253,286.0,211.0
부산,북구,2020,부산역,서울역,184.0,211.0,215.0909090909091,19.0,30.0,135,162.0,166.0909090909091,16.846153846153847,66,12.773409120686253,286.0,211.0
부산,북구,2021,부산역,서울역,184.0,210.5,213.86363636363637,19.0,30.0,135,161.5,164.86363636363637,16.784615384615385,66,12.773409120686253,286.0,210.5
부산,북구,2022,부산역,서울역,184.0,210.5,213.86363636363637,19.0,30.0,135,161.5,164.86363636363637,16.784615384615385,66,12.773409120686253,286.0,210.5
부산,북구,2023,부산역,서울역,195.0,214.0,218.1159420289855,19.0,30.0,146,165.0,169.1159420289855,15.455882352941176,69,12.773409120686253,286.0,214.0
부산,북구,2024,부산역,서울역,193.0,213.0,217.68,19.0,30.0,144,164.0,168.68,14.202702702702704,75,12.773409120686253,286.0,213.0
부산,북구,2025,부산역,서울역,194.0,215.0,218.84931506849315,19.0,30.0,145,166.0,169.84931506849315,14.61111111111111,73,12.773409120686253,286.0,215.0
부산,사상구,2007,구포역,서울역,193.0,202.5,202.46153846153845,7.0,30.0,156,165.5,165.46153846153845,41.4,26,5.359027154186744,287.6,202.5
부산,사상구,2008,구포역,서울역,187.0,198.0,197.2258064516129,7.0,30.0,150,161.0,160.2258064516129,35.2,31,5.359027154186744,287.6,198.0
부산,사상구,2009,구포역,서울역,187.0,198.0,197.2258064516129,7.0,30.0,150,161.0,160.2258064516129,35.2,31,5.359027154186744,287.6,198.0
부산,사상구,2010,부산역,서울역,178.9,195.9,200.46666666666667,10.9,30.0,138,155.0,159.56666666666666,18.305084745762713,60,6.9896169572879145,287.6,195.9
부산,사상구,2011,부산역,서울역,173.9,203.9,209.08333333333334,10.9,30.0,133,163.0,168.18333333333334,18.389830508474578,60,6.9896169572879145,287.6,203.9
부산,사상구,2012,부산역,서울역,173.9,203.9,208.08840579710144,10.9,30.0,133,163.0,167.18840579710144,15.955882352941176,69,6.9896169572879145,287.6,203.9
부산,사상구,2013,부산역,서울역,177.9,203.9,208.9,10.9,30.0,137,163.0,168.0,15.5,71,6.9896169572879145,287.6,203.9
부산,사상구,2014,부산역,서울역,177.9,207.9,211.3,10.9,30.0,137,167.0,170.4,15.72463768115942,70,6.9896169572879145,287.6,207.9
부산,사상구,2015,부산역,서울역,188.9,202.9,208.76153846153846,10.9,30.0,148,162.0,167.86153846153846,17.03125,65,6.9896169572879145,287.6,202.9
부산,사상구,2016,부산역,서울역,175.9,202.9,205.53636363636363,10.9,30.0,135,162.0,164.63636363636363,20.27777777777778,55,6.9896169572879145,287.6,202.9
부산,사상구,2017,부산역,서울역,175.9,202.9,205.8122807017544,10.9,30.0,135,162.0,164.91228070175438,19.553571428571427,57,6.9896169572879145,287.6,202.9
부산,사상구,2018,부산역,서울역,175.9,202.9,205.93125,10.9,30.0,135,162.0,165.03125,17.38095238095238,64,6.9896169572879145,287.6,202.9
부산,사상구,2019,부산역,서울역,175.9,202.9,206.9909090909091,10.9,30.0,135,162.0,166.0909090909091,16.846153846153847,66,6.9896169572879145,287.6,202.9
부산,사상구,2020,부산역,서울역,175.9,202.9,206.9909090909091,10.9,30.0,135,162.0,166.0909090909091,16.846153846153847,66,6.9896169572879145,287.6,202.9
부산,사상구,2021,부산역,서울역,175.9,202.4,205.76363636363638,10.9,30.0,135,161.5,164.86363636363637,16.784615384615385,66,6.9896169572879145,287.6,202.4
부산,사상구,2022,부산역,서울역,175.9,202.4,205.76363636363638,10.9,30.0,135,161.5,164.86363636363637,16.784615384615385,66,6.9896169572879145,287.6,202.4
부산,사상구,2023,부산역,서울역,186.9,205.9,210.0159420289855,10.9,30.0,146,165.0,169.1159420289855,15.455882352941176,69,6.9896169572879145,287.6,205.9
부산,사상구,2024,부산역,서울역,184.9,204.9,209.58,10.9,30.0,144,164.0,168.68,14.202702702702704,75,6.9896169572879145,287.6,204.9
부산,사상구,2025,부산역,서울역,185.9,206.9,210.74931506849316,10.9,30.0,145,166.0,169.84931506849315,14.61111111111111,73,6.9896169572879145,287.6,206.9
부산,사하구,2007,부산역,서울역,201.5,216.5,216.125,11.5,30.0,160,175.0,174.625,18.818181818181817,56,7.36338825167488,297.4,216.5
부산,사하구,2008,구포역,서울역,198.1,209.1,208.3258064516129,18.1,30.0,150,161.0,160.2258064516129,35.2,31,13.49051614000458,297.4,209.1
부산,사하구,2009,구포역,서울역,198.1,209.1,208.3258064516129,18.1,30.0,150,161.0,160.2258064516129,35.2,31,13.49051614000458,297.4,209.1
부산,사하구,2010,부산역,서울역,179.5,196.5,201.06666666666666,11.5,30.0,138,155.0,159.56666666666666,18.305084745762713,60,7.36338825167488,297.4,196.5
부산,사하구,2011,부산역,서울역,174.5,204.5,209.68333333333334,11.5,30.0,133,163.0,168.18333333333334,18.389830508474578,60,7.36338825167488,297.4,204.5
부산,사하구,2012,부산역,서울역,174.5,204.5,208.68840579710144,11.5,30.0,133,163.0,167.18840579710144,15.955882352941176,69,7.36338825167488,297.4,204.5
부산,사하구,2013,부산역,서울역,178.5,204.5,209.5,11.5,30.0,137,163.0,168.0,15.5,71,7.36338825167488,297.4,204.5
부산,사하구,2014,부산역,서울역,178.5,208.5,211.9,11.5,30.0,137,167.0,170.4,15.72463768115942,70,7.36338825167488,297.4,208.5
부산,사하구,2015,부산역,서울역,189.5,203.5,209.36153846153846,11.5,30.0,148,162.0,167.86153846153846,17.03125,65,7.36338825167488,297.4,203.5
부산,사하구,2016,부산역,서울역,176.5,203.5,206.13636363636363,11.5,30.0,135,162.0,164.63636363636363,20.27777777777778,55,7.36338825167488,297.4,203.5
부산,사하구,2017,부산역,서울역,176.5,203.5,206.41228070175438,11.5,30.0,135,162.0,164.91228070175438,19.553571428571427,57,7.36338825167488,297.4,203.5
부산,사하구,2018,부산역,서울역,176.5,203.5,206.53125,11.5,30.0,135,162.0,165.03125,17.38095238095238,64,7.36338825167488,297.4,203.5
부산,사하구,2019,부산역,서울역,176.5,203.5,207.5909090909091,11.5,30.0,135,162.0,166.0909090909091,16.846153846153847,66,7.36338825167488,297.4,203.5
부산,사하구,2020,부산역,서울역,176.5,203.5,207.5909090909091,11.5,30.0,135,162.0,166.0909090909091,16.846153846153847,66,7.36338825167488,297.4,203.5
부산,사하구,2021,부산역,서울역,176.5,203.0,206.36363636363637,11.5,30.0,135,161.5,164.86363636363637,16.784615384615385,66,7.36338825167488,297.4,203.0
부산,사하구,2022,부산역,서울역,176.5,203.0,206.36363636363637,11.5,30.0,135,161.5,164.86363636363637,16.784615384615385,66,7.36338825167488,297.4,203.0
부산,사하구,2023,부산역,서울역,187.5,206.5,210.6159420289855,11.5,30.0,146,165.0,169.1159420289855,15.455882352941176,69,7.36338825167488,297.4,206.5
부산,사하구,2024,부산역,서울역,185.5,205.5,210.18,11.5,30.0,144,164.0,168.68,14.202702702702704,75,7.36338825167488,297.4,205.5
부산,사하구,2025,부산역,서울역,186.5,207.5,211.34931506849315,11.5,30.0,145,166.0,169.84931506849315,14.61111111111111,73,7.36338825167488,297.4,207.5
부산,서구,2007,부산역,서울역,196.3,211.3,210.925,6.3,30.0,160,175.0,174.625,18.818181818181817,56,2.9032584162087596,297.1,211.3
부산,서구,2008,부산역,서울역,196.3,208.3,208.09591836734694,6.3,30.0,160,172.0,171.79591836734693,21.979166666666668,49,2.9032584162087596,297.1,208.3
부산,서구,2009,부산역,서울역,196.3,208.3,208.09591836734694,6.3,30.0,160,172.0,171.79591836734693,21.979166666666668,49,2.9032584162087596,297.1,208.3
부산,서구,2010,부산역,서울역,174.3,191.3,195.86666666666667,6.3,30.0,138,155.0,159.56666666666666,18.305084745762713,60,2.9032584162087596,297.1,191.3
부산,서구,2011,부산역,서울역,169.3,199.3,204.48333333333335,6.3,30.0,133,163.0,168.18333333333334,18.389830508474578,60,2.9032584162087596,297.1,199.3
부산,서구,2012,부산역,서울역,169.3,199.3,203.48840579710145,6.3,30.0,133,163.0,167.18840579710144,15.955882352941176,69,2.9032584162087596,297.1,199.3
부산,서구,2013,부산역,서울역,173.3,199.3,204.3,6.3,30.0,137,163.0,168.0,15.5,71,2.9032584162087596,297.1,199.3
부산,서구,2014,부산역,서울역,173.3,203.3,206.7,6.3,30.0,137,167.0,170.4,15.72463768115942,70,2.9032584162087596,297.1,203.3
부산,서구,2015,부산역,서울역,184.3,198.3,204.16153846153844,6.3,30.0,148,162.0,167.86153846153846,17.03125,65,2.9032584162087596,297.1,198.3
부산,서구,2016,부산역,서울역,171.3,198.3,200.93636363636364,6.3,30.0,135,162.0,164.63636363636363,20.27777777777778,55,2.9032584162087596,297.1,198.3
부산,서구,2017,부산역,서울역,171.3,198.3,201.21228070175437,6.3,30.0,135,162.0,164.91228070175438,19.553571428571427,57,2.9032584162087596,297.1,198.3
부산,서구,2018,부산역,서울역,171.3,198.3,201.33125,6.3,30.0,135,162.0,165.03125,17.38095238095238,64,2.9032584162087596,297.1,198.3
부산,서구,2019,부산역,서울역,171.3,198.3,202.39090909090908,6.3,30.0,135,162.0,166.0909090909091,16.846153846153847,66,2.9032584162087596,297.1,198.3
부산,서구,2020,부산역,서울역,171.3,198.3,202.39090909090908,6.3,30.0,135,162.0,166.0909090909091,16.846153846153847,66,2.9032584162087596,297.1,198.3
부산,서구,2021,부산역,서울역,171.3,197.8,201.16363636363639,6.3,30.0,135,161.5,164.86363636363637,16.784615384615385,66,2.9032584162087596,297.1,197.8
부산,서구,2022,부산역,서울역,171.3,197.8,201.16363636363639,6.3,30.0,135,161.5,164.86363636363637,16.784615384615385,66,2.9032584162087596,297.1,197.8
부산,서구,2023,부산역,서울역,182.3,201.3,205.4159420289855,6.3,30.0,146,165.0,169.1159420289855,15.455882352941176,69,2.9032584162087596,297.1,201.3
부산,서구,2024,부산역,서울역,180.3,200.3,204.98000000000002,6.3,30.0,144,164.0,168.68,14.202702702702704,75,2.9032584162087596,297.1,200.3
부산,서구,2025,부산역,서울역,181.3,202.3,206.14931506849314,6.3,30.0,145,166.0,169.84931506849315,14.61111111111111,73,2.9032584162087596,297.1,202.3
부산,수영구,2007,부산역,서울역,202.7,217.7,217.325,12.7,30.0,160,175.0,174.625,18.818181818181817,56,8.058197471741272,297.6,217.7
부산,수영구,2008,구포역,서울역,196.7,207.7,206.9258064516129,16.7,30.0,150,161.0,160.2258064516129,35.2,31,11.486887881581534,297.6,207.7
부산,수영구,2009,구포역,서울역,196.7,207.7,206.9258064516129,16.7,30.0,150,161.0,160.2258064516129,35.2,31,11.486887881581534,297.6,207.7
부산,수영구,2010,부산역,서울역,180.7,197.7,202.26666666666665,12.7,30.0,138,155.0,159.56666666666666,18.305084745762713,60,8.058197471741272,297.6,197.7
부산,수영구,2011,부산역,서울역,175.7,205.7,210.88333333333333,12.7,30.0,133,163.0,168.18333333333334,18.389830508474578,60,8.058197471741272,297.6,205.7
부산,수영구,2012,부산역,서울역,175.7,205.7,209.88840579710143,12.7,30.0,133,163.0,167.18840579710144,15.955882352941176,69,8.058197471741272,297.6,205.7
부산,수영구,2013,부산역,서울역,179.7,205.7,210.7,12.7,30.0,137,163.0,168.0,15.5,71,8.058197471741272,297.6,205.7
부산,수영구,2014,부산역,서울역,179.7,209.7,213.10000000000002,12.7,30.0,137,167.0,170.4,15.72463768115942,70,8.058197471741272,297.6,209.7
부산,수영구,2015,부산역,서울역,190.7,204.7,210.56153846153848,12.7,30.0,148,162.0,167.86153846153846,17.03125,65,8.058197471741272,297.6,204.7
부산,수영구,2016,부산역,서울역,177.7,204.7,207.33636363636361,12.7,30.0,135,162.0,164.63636363636363,20.27777777777778,55,8.058197471741272,297.6,204.7
부산,수영구,2017,부산역,서울역,177.7,204.7,207.6122807017544,12.7,30.0,135,162.0,164.91228070175438,19.553571428571427,57,8.058197471741272,297.6,204.7
부산,수영구,2018,부산역,서울역,177.7,204.7,207.73125,12.7,30.0,135,162.0,165.03125,17.38095238095238,64,8.058197471741272,297.6,204.7
부산,수영구,2019,부산역,서울역,177.7,204.7,208.7909090909091,12.7,30.0,135,162.0,166.0909090909091,16.846153846153847,66,8.058197471741272,297.6,204.7
부산,수영구,2020,부산역,서울역,177.7,204.7,208.7909090909091,12.7,30.0,135,162.0,166.0909090909091,16.846153846153847,66,8.058197471741272,297.6,204.7
부산,수영구,2021,부산역,서울역,177.7,204.2,207.56363636363636,12.7,30.0,135,161.5,164.86363636363637,16.784615384615385,66,8.058197471741272,297.6,204.2
부산,수영구,2022,부산역,서울역,177.7,204.2,207.56363636363636,12.7,30.0,135,161.5,164.86363636363637,16.784615384615385,66,8.058197471741272,297.6,204.2
부산,수영구,2023,부산역,서울역,188.7,207.7,211.8159420289855,12.7,30.0,146,165.0,169.1159420289855,15.455882352941176,69,8.058197471741272,297.6,207.7
부산,수영구,2024,부산역,서울역,186.7,206.7,211.38,12.7,30.0,144,164.0,168.68,14.202702702702704,75,8.058197471741272,297.6,206.7
부산,수영구,2025,부산역,서울역,187.7,208.7,212.54931506849317,12.7,30.0,145,166.0,169.84931506849315,14.61111111111111,73,8.058197471741272,297.6,208.7
부산,연제구,2007,구포역,서울역,196.5,206.0,205.96153846153845,10.5,30.0,156,165.5,165.46153846153845,41.4,26,8.2099664327267,291.4,206.0
부산,연제구,2008,구포역,서울역,190.5,201.5,200.7258064516129,10.5,30.0,150,161.0,160.2258064516129,35.2,31,8.2099664327267,291.4,201.5
부산,연제구,2009,구포역,서울역,190.5,201.5,200.7258064516129,10.5,30.0,150,161.0,160.2258064516129,35.2,31,8.2099664327267,291.4,201.5
부산,연제구,2010,부산역,서울역,179.3,196.3,200.86666666666667,11.3,30.0,138,155.0,159.56666666666666,18.305084745762713,60,8.295712939089306,291.4,196.3
부산,연제구,2011,부산역,서울역,174.3,204.3,209.48333333333335,11.3,30.0,133,163.0,168.18333333333334,18.389830508474578,60,8.295712939089306,291.4,204.3
부산,연제구,2012,부산역,서울역,174.3,204.3,208.48840579710145,11.3,30.0,133,163.0,167.18840579710144,15.955882352941176,69,8.295712939089306,291.4,204.3
부산,연제구,2013,부산역,서울역,178.3,204.3,209.3,11.3,30.0,137,163.0,168.0,15.5,71,8.295712939089306,291.4,204.3
부산,연제구,2014,부산역,서울역,178.3,208.3,211.7,11.3,30.0,137,167.0,170.4,15.72463768115942,70,8.295712939089306,291.4,208.3
부산,연제구,2015,부산역,서울역,189.3,203.3,209.16153846153844,11.3,30.0,148,162.0,167.86153846153846,17.03125,65,8.295712939089306,291.4,203.3
부산,연제구,2016,부산역,서울역,176.3,203.3,205.93636363636364,11.3,30.0,135,162.0,164.63636363636363,20.27777777777778,55,8.295712939089306,291.4,203.3
부산,연제구,2017,부산역,서울역,176.3,203.3,206.21228070175437,11.3,30.0,135,162.0,164.91228070175438,19.553571428571427,57,8.295712939089306,291.4,203.3
부산,연제구,2018,부산역,서울역,176.3,203.3,206.33125,11.3,30.0,135,162.0,165.03125,17.38095238095238,64,8.295712939089306,291.4,203.3
부산,연제구,2019,부산역,서울역,176.3,203.3,207.39090909090908,11.3,30.0,135,162.0,166.0909090909091,16.846153846153847,66,8.295712939089306,291.4,203.3
부산,연제구,2020,부산역,서울역,176.3,203.3,207.39090909090908,11.3,30.0,135,162.0,166.0909090909091,16.846153846153847,66,8.295712939089306,291.4,203.3
부산,연제구,2021,부산역,서울역,176.3,202.8,206.16363636363639,11.3,30.0,135,161.5,164.86363636363637,16.784615384615385,66,8.295712939089306,291.4,202.8
부산,연제구,2022,부산역,서울역,176.3,202.8,206.16363636363639,11.3,30.0,135,161.5,164.86363636363637,16.784615384615385,66,8.295712939089306,291.4,202.8
부산,연제구,2023,부산역,서울역,187.3,206.3,210.4159420289855,11.3,30.0,146,165.0,169.1159420289855,15.455882352941176,69,8.295712939089306,291.4,206.3
부산,연제구,2024,부산역,서울역,185.3,205.3,209.98000000000002,11.3,30.0,144,164.0,168.68,14.202702702702704,75,8.295712939089306,291.4,205.3
부산,연제구,2025,부산역,서울역,186.3,207.3,211.14931506849314,11.3,30.0,145,166.0,169.84931506849315,14.61111111111111,73,8.295712939089306,291.4,207.3
부산,영도구,2007,부산역,서울역,198.5,213.5,213.125,8.5,30.0,160,175.0,174.625,18.818181818181817,56,4.529334549435901,300.0,213.5
부산,영도구,2008,부산역,서울역,198.5,210.5,210.29591836734693,8.5,30.0,160,172.0,171.79591836734693,21.979166666666668,49,4.529334549435901,300.0,210.5
부산,영도구,2009,부산역,서울역,198.5,210.5,210.29591836734693,8.5,30.0,160,172.0,171.79591836734693,21.979166666666668,49,4.529334549435901,300.0,210.5
부산,영도구,2010,부산역,서울역,176.5,193.5,198.06666666666666,8.5,30.0,138,155.0,159.56666666666666,18.305084745762713,60,4.529334549435901,300.0,193.5
부산,영도구,2011,부산역,서울역,171.5,201.5,206.68333333333334,8.5,30.0,133,163.0,168.18333333333334,18.389830508474578,60,4.529334549435901,300.0,201.5
부산,영도구,2012,부산역,서울역,171.5,201.5,205.68840579710144,8.5,30.0,133,163.0,167.18840579710144,15.955882352941176,69,4.529334549435901,300.0,201.5
부산,영도구,2013,부산역,서울역,175.5,201.5,206.5,8.5,30.0,137,163.0,168.0,15.5,71,4.529334549435901,300.0,201.5
부산,영도구,2014,부산역,서울역,175.5,205.5,208.9,8.5,30.0,137,167.0,170.4,15.72463768115942,70,4.529334549435901,300.0,205.5
부산,영도구,2015,부산역,서울역,186.5,200.5,206.36153846153846,8.5,30.0,148,162.0,167.86153846153846,17.03125,65,4.529334549435901,300.0,200.5
부산,영도구,2016,부산역,서울역,173.5,200.5,203.13636363636363,8.5,30.0,135,162.0,164.63636363636363,20.27777777777778,55,4.529334549435901,300.0,200.5
부산,영도구,2017,부산역,서울역,173.5,200.5,203.41228070175438,8.5,30.0,135,162.0,164.91228070175438,19.553571428571427,57,4.529334549435901,300.0,200.5
부산,영도구,2018,부산역,서울역,173.5,200.5,203.53125,8.5,30.0,135,162.0,165.03125,17.38095238095238,64,4.529334549435901,300.0,200.5
부산,영도구,2019,부산역,서울역,173.5,200.5,204.5909090909091,8.5,30.0,135,162.0,166.0909090909091,16.846153846153847,66,4.529334549435901,300.0,200.5
부산,영도구,2020,부산역,서울역,173.5,200.5,204.5909090909091,8.5,30.0,135,162.0,166.0909090909091,16.846153846153847,66,4.529334549435901,300.0,200.5
부산,영도구,2021,부산역,서울역,173.5,200.0,203.36363636363637,8.5,30.0,135,161.5,164.86363636363637,16.784615384615385,66,4.529334549435901,300.0,200.0
부산,영도구,2022,부산역,서울역,173.5,200.0,203.36363636363637,8.5,30.0,135,161.5,164.86363636363637,16.784615384615385,66,4.529334549435901,300.0,200.0
부산,영도구,2023,부산역,서울역,184.5,203.5,207.6159420289855,8.5,30.0,146,165.0,169.1159420289855,15.455882352941176,69,4.529334549435901,300.0,203.5
부산,영도구,2024,부산역,서울역,182.5,202.5,207.18,8.5,30.0,144,164.0,168.68,14.202702702702704,75,4.529334549435901,300.0,202.5
부산,영도구,2025,부산역,서울역,183.5,204.5,208.34931506849315,8.5,30.0,145,166.0,169.84931506849315,14.61111111111111,73,4.529334549435901,300.0,204.5
부산,중구,2007,부산역,서울역,193.2,208.2,207.825,3.2,30.0,160,175.0,174.625,18.818181818181817,56,1.4748492962274649,294.7,208.2
부산,중구,2008,부산역,서울역,193.2,205.2,204.99591836734692,3.2,30.0,160,172.0,171.79591836734693,21.979166666666668,49,1.4748492962274649,294.7,205.2
부산,중구,2009,부산역,서울역,193.2,205.2,204.99591836734692,3.2,30.0,160,172.0,171.79591836734693,21.979166666666668,49,1.4748492962274649,294.7,205.2
부산,중구,2010,부산역,서울역,171.2,188.2,192.76666666666665,3.2,30.0,138,155.0,159.56666666666666,18.305084745762713,60,1.4748492962274649,294.7,188.2
부산,중구,2011,부산역,서울역,166.2,196.2,201.38333333333333,3.2,30.0,133,163.0,168.18333333333334,18.389830508474578,60,1.4748492962274649,294.7,196.2
부산,중구,2012,부산역,서울역,166.2,196.2,200.38840579710143,3.2,30.0,133,163.0,167.18840579710144,15.955882352941176,69,1.4748492962274649,294.7,196.2
부산,중구,2013,부산역,서울역,170.2,196.2,201.2,3.2,30.0,137,163.0,168.0,15.5,71,1.4748492962274649,294.7,196.2
부산,중구,2014,부산역,서울역,170.2,200.2,203.60000000000002,3.2,30.0,137,167.0,170.4,15.72463768115942,70,1.4748492962274649,294.7,200.2
부산,중구,2015,부산역,서울역,181.2,195.2,201.06153846153848,3.2,30.0,148,162.0,167.86153846153846,17.03125,65,1.4748492962274649,294.7,195.2
부산,중구,2016,부산역,서울역,168.2,195.2,197.83636363636361,3.2,30.0,135,162.0,164.63636363636363,20.27777777777778,55,1.4748492962274649,294.7,195.2
부산,중구,2017,부산역,서울역,168.2,195.2,198.1122807017544,3.2,30.0,135,162.0,164.91228070175438,19.553571428571427,57,1.4748492962274649,294.7,195.2
부산,중구,2018,부산역,서울역,168.2,195.2,198.23125,3.2,30.0,135,162.0,165.03125,17.38095238095238,64,1.4748492962274649,294.7,195.2
부산,중구,2019,부산역,서울역,168.2,195.2,199.2909090909091,3.2,30.0,135,162.0,166.0909090909091,16.846153846153847,66,1.4748492962274649,294.7,195.2
부산,중구,2020,부산역,서울역,168.2,195.2,199.2909090909091,3.2,30.0,135,162.0,166.0909090909091,16.846153846153847,66,1.4748492962274649,294.7,195.2
부산,중구,2021,부산역,서울역,168.2,194.7,198.06363636363636,3.2,30.0,135,161.5,164.86363636363637,16.784615384615385,66,1.4748492962274649,294.7,194.7
부산,중구,2022,부산역,서울역,168.2,194.7,198.06363636363636,3.2,30.0,135,161.5,164.86363636363637,16.784615384615385,66,1.4748492962274649,294.7,194.7
부산,중구,2023,부산역,서울역,179.2,198.2,202.3159420289855,3.2,30.0,146,165.0,169.1159420289855,15.455882352941176,69,1.4748492962274649,294.7,198.2
부산,중구,2024,부산역,서울역,177.2,197.2,201.88,3.2,30.0,144,164.0,168.68,14.202702702702704,75,1.4748492962274649,294.7,197.2
부산,중구,2025,부산역,서울역,178.2,199.2,203.04931506849317,3.2,30.0,145,166.0,169.84931506849315,14.61111111111111,73,1.4748492962274649,294.7,199.2
부산,해운대구,2007,구포역,서울역,241.8,251.3,251.26153846153846,55.8,30.0,156,165.5,165.46153846153845,41.4,26,14.294829340081176,333.1,251.3
부산,해운대구,2008,구포역,서울역,235.8,246.8,246.02580645161288,55.8,30.0,150,161.0,160.2258064516129,35.2,31,14.294829340081176,333.1,246.8
부산,해운대구,2009,구포역,서울역,235.8,246.8,246.02580645161288,55.8,30.0,150,161.0,160.2258064516129,35.2,31,14.294829340081176,333.1,246.8
부산,해운대구,2010,부산역,서울역,221.6,238.6,243.16666666666666,53.6,30.0,138,155.0,159.56666666666666,18.305084745762713,60,13.320383158697293,333.1,238.6
부산,해운대구,2011,부산역,서울역,216.6,246.6,251.78333333333333,53.6,30.0,133,163.0,168.18333333333334,18.389830508474578,60,13.320383158697293,333.1,246.6
부산,해운대구,2012,부산역,서울역,216.6,246.6,250.78840579710143,53.6,30.0,133,163.0,167.18840579710144,15.955882352941176,69,13.320383158697293,333.1,246.6
부산,해운대구,2013,부산역,서울역,220.6,246.6,251.6,53.6,30.0,137,163.0,168.0,15.5,71,13.320383158697293,333.1,246.6
부산,해운대구,2014,부산역,서울역,220.6,250.6,254.0,53.6,30.0,137,167.0,170.4,15.72463768115942,70,13.320383158697293,333.1,250.6
부산,해운대구,2015,부산역,서울역,231.6,245.6,251.46153846153845,53.6,30.0,148,162.0,167.86153846153846,17.03125,65,13.320383158697293,333.1,245.6
부산,해운대구,2016,부산역,서울역,218.6,245.6,248.23636363636362,53.6,30.0,135,162.0,164.63636363636363,20.27777777777778,55,13.320383158697293,333.1,245.6
부산,해운대구,2017,부산역,서울역,218.6,245.6,248.51228070175438,53.6,30.0,135,162.0,164.91228070175438,19.553571428571427,57,13.320383158697293,333.1,245.6
부산,해운대구,2018,부산역,서울역,218.6,245.6,248.63125,53.6,30.0,135,162.0,165.03125,17.38095238095238,64,13.320383158697293,333.1,245.6
부산,해운대구,2019,부산역,서울역,218.6,245.6,249.6909090909091,53.6,30.0,135,162.0,166.0909090909091,16.846153846153847,66,13.320383158697293,333.1,245.6
부산,해운대구,2020,부산역,서울역,218.6,245.6,249.6909090909091,53.6,30.0,135,162.0,166.0909090909091,16.846153846153847,66,13.320383158697293,333.1,245.6
부산,해운대구,2021,부산역,서울역,218.6,245.1,248.46363636363637,53.6,30.0,135,161.5,164.86363636363637,16.784615384615385,66,13.320383158697293,333.1,245.1
부산,해운대구,2022,부산역,서울역,218.6,245.1,248.46363636363637,53.6,30.0,135,161.5,164.86363636363637,16.784615384615385,66,13.320383158697293,333.1,245.1
부산,해운대구,2023,부산역,서울역,229.6,248.6,252.7159420289855,53.6,30.0,146,165.0,169.1159420289855,15.455882352941176,69,13.320383158697293,333.1,248.6
부산,해운대구,2024,부산역,서울역,227.6,247.6,252.28,53.6,30.0,144,164.0,168.68,14.202702702702704,75,13.320383158697293,333.1,247.6
부산,해운대구,2025,부산역,서울역,228.6,249.6,253.44931506849315,53.6,30.0,145,166.0,169.84931506849315,14.61111111111111,73,13.320383158697293,333.1,249.6
서울,강남구,2007,광명역,용산역,68.0,69.0,70.35714285714286,25.0,30.0,13,14.0,15.357142857142858,103.61538461538461,14,18.126484364757907,17.4,17.4
서울,강남구,2008,광명역,용산역,68.0,68.0,69.0,25.0,30.0,13,13.0,14.0,67.92857142857143,15,18.126484364757907,17.4,17.4
서울,강남구,2009,광명역,용산역,68.0,68.0,69.0,25.0,30.0,13,13.0,14.0,67.92857142857143,15,18.126484364757907,17.4,17.4
서울,강남구,2010,광명역,서울역,64.0,70.0,69.71739130434783,25.0,30.0,9,15.0,14.717391304347826,30.622222222222224,46,18.126484364757907,17.4,17.4
서울,강남구,2011,광명역,서울역,64.0,70.0,70.42553191489361,25.0,30.0,9,15.0,15.425531914893616,31.195652173913043,47,18.126484364757907,17.4,17.4
서울,강남구,2012,광명역,서울역,64.0,70.0,70.5,25.0,30.0,9,15.0,15.5,28.137254901960784,52,18.126484364757907,17.4,17.4
서울,강남구,2013,용산역,서울역,55.4,55.4,55.4,17.4,30.0,8,8.0,8.0,,1,9.48571160209086,17.4,17.4
서울,강남구,2014,광명역,서울역,64.0,70.0,72.19642857142857,25.0,30.0,9,15.0,17.196428571428573,26.09090909090909,56,18.126484364757907,17.4,17.4
서울,강남구,2015,광명역,서울역,65.0,72.0,73.859375,25.0,30.0,10,17.0,18.859375,22.682539682539684,64,18.126484364757907,17.4,17.4
서울,강남구,2016,용산역,서울역,52.4,52.4,54.31666666666666,17.4,30.0,5,5.0,6.916666666666667,79.36363636363636,12,9.48571160209086,17.4,17.4
서울,강남구,2017,용산역,서울역,52.4,52.4,54.483333333333334,17.4,30.0,5,5.0,7.083333333333333,79.36363636363636,12,9.48571160209086,17.4,17.4
서울,강남구,2018,용산역,서울역,52.4,52.4,54.266666666666666,17.4,30.0,5,5.0,6.866666666666666,62.07142857142857,15,9.48571160209086,17.4,17.4
서울,강남구,2019,용산역,서울역,52.4,53.4,55.199999999999996,17.4,30.0,5,6.0,7.8,62.07142857142857,15,9.48571160209086,17.4,17.4
서울,강남구,2020,용산역,서울역,52.4,54.9,55.4,17.4,30.0,5,7.5,8.0,57.93333333333333,16,9.48571160209086,17.4,17.4
서울,강남구,2021,용산역,서울역,52.4,52.4,55.599999999999994,17.4,30.0,5,5.0,8.2,61.92857142857143,15,9.48571160209086,17.4,17.4
서울,강남구,2022,용산역,서울역,52.4,52.4,55.599999999999994,17.4,30.0,5,5.0,8.2,61.92857142857143,15,9.48571160209086,17.4,17.4
서울,강남구,2023,용산역,서울역,52.4,54.4,55.06666666666666,17.4,30.0,5,7.0,7.666666666666667,50.588235294117645,18,9.48571160209086,17.4,17.4
서울,강남구,2024,용산역,서울역,52.4,52.4,54.92631578947368,17.4,30.0,5,5.0,7.526315789473684,47.77777777777778,19,9.48571160209086,17.4,17.4
서울,강남구,2025,용산역,서울역,52.4,52.4,54.821052631578944,17.4,30.0,5,5.0,7.421052631578948,47.77777777777778,19,9.48571160209086,17.4,17.4
서울,강동구,2007,광명역,용산역,76.6,77.6,78.95714285714286,33.6,30.0,13,14.0,15.357142857142858,103.61538461538461,14,27.535239572098586,23.3,23.3
서울,강동구,2008,광명역,용산역,76.6,76.6,77.6,33.6,30.0,13,13.0,14.0,67.92857142857143,15,27.535239572098586,23.3,23.3
서울,강동구,2009,광명역,용산역,76.6,76.6,77.6,33.6,30.0,13,13.0,14.0,67.92857142857143,15,27.535239572098586,23.3,23.3
서울,강동구,2010,광명역,서울역,72.6,78.6,78.31739130434782,33.6,30.0,9,15.0,14.717391304347826,30.622222222222224,46,27.535239572098586,23.3,23.3
서울,강동구,2011,광명역,서울역,72.6,78.6,79.02553191489362,33.6,30.0,9,15.0,15.425531914893616,31.195652173913043,47,27.535239572098586,23.3,23.3
서울,강동구,2012,광명역,서울역,72.6,78.6,79.1,33.6,30.0,9,15.0,15.5,28.137254901960784,52,27.535239572098586,23.3,23.3
서울,강동구,2013,용산역,서울역,61.3,61.3,61.3,23.3,30.0,8,8.0,8.0,,1,16.340465189056957,23.3,23.3
서울,강동구,2014,광명역,서울역,72.6,78.6,80.79642857142858,33.6,30.0,9,15.0,17.196428571428573,26.09090909090909,56,27.535239572098586,23.3,23.3
서울,강동구,2015,광명역,서울역,73.6,80.6,82.459375,33.6,30.0,10,17.0,18.859375,22.682539682539684,64,27.535239572098586,23.3,23.3
서울,강동구,2016,용산역,서울역,58.3,58.3,60.21666666666666,23.3,30.0,5,5.0,6.916666666666667,79.36363636363636,12,16.340465189056957,23.3,23.3
서울,강동구,2017,용산역,서울역,58.3,58.3,60.38333333333333,23.3,30.0,5,5.0,7.083333333333333,79.36363636363636,12,16.340465189056957,23.3,23.3
서울,강동구,2018,용산역,서울역,58.3,58.3,60.166666666666664,23.3,30.0,5,5.0,6.866666666666666,62.07142857142857,15,16.340465189056957,23.3,23.3
서울,강동구,2019,용산역,서울역,58.3,59.3,61.099999999999994,23.3,30.0,5,6.0,7.8,62.07142857142857,15,16.340465189056957,23.3,23.3
서울,강동구,2020,용산역,서울역,58.3,60.8,61.3,23.3,30.0,5,7.5,8.0,57.93333333333333,16,16.340465189056957,23.3,23.3
서울,강동구,2021,용산역,서울역,58.3,58.3,61.5,23.3,30.0,5,5.0,8.2,61.92857142857143,15,16.340465189056957,23.3,23.3
서울,강동구,2022,용산역,서울역,58.3,58.3,61.5,23.3,30.0,5,5.0,8.2,61.92857142857143,15,16.340465189056957,23.3,23.3
서울,강동구,2023,용산역,서울역,58.3,60.3,60.96666666666666,23.3,30.0,5,7.0,7.666666666666667,50.588235294117645,18,16.340465189056957,23.3,23.3
서울,강동구,2024,용산역,서울역,58.3,58.3,60.82631578947368,23.3,30.0,5,5.0,7.526315789473684,47.77777777777778,19,16.340465189056957,23.3,23.3
서울,강동구,2025,용산역,서울역,58.3,58.3,60.72105263157894,23.3,30.0,5,5.0,7.421052631578948,47.77777777777778,19,16.340465189056957,23.3,23.3
서울,강북구,2007,광명역,용산역,78.7,79.7,81.05714285714286,35.7,30.0,13,14.0,15.357142857142858,103.61538461538461,14,27.249703020454522,18.7,18.7
서울,강북구,2008,광명역,용산역,78.7,78.7,79.7,35.7,30.0,13,13.0,14.0,67.92857142857143,15,27.249703020454522,18.7,18.7
서울,강북구,2009,광명역,용산역,78.7,78.7,79.7,35.7,30.0,13,13.0,14.0,67.92857142857143,15,27.249703020454522,18.7,18.7
서울,강북구,2010,광명역,서울역,74.7,80.7,80.41739130434783,35.7,30.0,9,15.0,14.717391304347826,30.622222222222224,46,27.249703020454522,18.7,18.7
서울,강북구,2011,광명역,서울역,74.7,80.7,81.12553191489361,35.7,30.0,9,15.0,15.425531914893616,31.195652173913043,47,27.249703020454522,18.7,18.7
서울,강북구,2012,광명역,서울역,74.7,80.7,81.2,35.7,30.0,9,15.0,15.5,28.137254901960784,52,27.249703020454522,18.7,18.7
서울,강북구,2013,용산역,서울역,56.6,56.6,56.6,18.6,30.0,8,8.0,8.0,,1,13.308163958963963,18.7,18.7
서울,강북구,2014,광명역,서울역,74.7,80.7,82.89642857142857,35.7,30.0,9,15.0,17.196428571428573,26.09090909090909,56,27.249703020454522,18.7,18.7
서울,강북구,2015,광명역,서울역,75.7,82.7,84.559375,35.7,30.0,10,17.0,18.859375,22.682539682539684,64,27.249703020454522,18.7,18.7
서울,강북구,2016,용산역,서울역,53.6,53.6,55.516666666666666,18.6,30.0,5,5.0,6.916666666666667,79.36363636363636,12,13.308163958963963,18.7,18.7
서울,강북구,2017,용산역,서울역,53.6,53.6,55.68333333333334,18.6,30.0,5,5.0,7.083333333333333,79.36363636363636,12,13.308163958963963,18.7,18.7
서울,강북구,2018,용산역,서울역,53.6,53.6,55.46666666666667,18.6,30.0,5,5.0,6.866666666666666,62.07142857142857,15,13.308163958963963,18.7,18.7
서울,강북구,2019,용산역,서울역,53.6,54.6,56.4,18.6,30.0,5,6.0,7.8,62.07142857142857,15,13.308163958963963,18.7,18.7
서울,강북구,2020,용산역,서울역,53.6,56.1,56.6,18.6,30.0,5,7.5,8.0,57.93333333333333,16,13.308163958963963,18.7,18.7
서울,강북구,2021,용산역,서울역,53.6,53.6,56.8,18.6,30.0,5,5.0,8.2,61.92857142857143,15,13.308163958963963,18.7,18.7
서울,강북구,2022,용산역,서울역,53.6,53.6,56.8,18.6,30.0,5,5.0,8.2,61.92857142857143,15,13.308163958963963,18.7,18.7
서울,강북구,2023,용산역,서울역,53.6,55.6,56.266666666666666,18.6,30.0,5,7.0,7.666666666666667,50.588235294117645,18,13.308163958963963,18.7,18.7
서울,강북구,2024,용산역,서울역,53.6,53.6,56.126315789473686,18.6,30.0,5,5.0,7.526315789473684,47.77777777777778,19,13.308163958963963,18.7,18.7
서울,강북구,2025,용산역,서울역,53.6,53.6,56.02105263157895,18.6,30.0,5,5.0,7.421052631578948,47.77777777777778,19,13.308163958963963,18.7,18.7
서울,강서구,2007,광명역,용산역,64.3,65.3,66.65714285714286,21.3,30.0,13,14.0,15.357142857142858,103.61538461538461,14,16.446342338261193,19.5,19.5
서울,강서구,2008,광명역,용산역,64.3,64.3,65.3,21.3,30.0,13,13.0,14.0,67.92857142857143,15,16.446342338261193,19.5,19.5
서울,강서구,2009,광명역,용산역,64.3,64.3,65.3,21.3,30.0,13,13.0,14.0,67.92857142857143,15,16.446342338261193,19.5,19.5
서울,강서구,2010,광명역,서울역,60.3,66.3,66.01739130434783,21.3,30.0,9,15.0,14.717391304347826,30.622222222222224,46,16.446342338261193,19.5,19.5
서울,강서구,2011,광명역,서울역,60.3,66.3,66.72553191489361,21.3,30.0,9,15.0,15.425531914893616,31.195652173913043,47,16.446342338261193,19.5,19.5
서울,강서구,2012,광명역,서울역,60.3,66.3,66.8,21.3,30.0,9,15.0,15.5,28.137254901960784,52,16.446342338261193,19.5,19.5
서울,강서구,2013,용산역,서울역,57.5,57.5,57.5,19.5,30.0,8,8.0,8.0,,1,12.950740723756468,19.5,19.5
서울,강서구,2014,광명역,서울역,60.3,66.3,68.49642857142857,21.3,30.0,9,15.0,17.196428571428573,26.09090909090909,56,16.446342338261193,19.5,19.5
서울,강서구,2015,광명역,서울역,61.3,68.3,70.159375,21.3,30.0,10,17.0,18.859375,22.682539682539684,64,16.446342338261193,19.5,19.5
서울,강서구,2016,영등포역,서울역,52.2,52.2,52.2,13.2,30.0,9,9.0,9.0,691.0,2,9.28890849582922,19.5,19.5
서울,강서구,2017,영등포역,서울역,52.2,52.2,52.2,13.2,30.0,9,9.0,9.0,691.0,2,9.28890849582922,19.5,19.5
서울,강서구,2018,영등포역,서울역,52.2,52.2,52.45,13.2,30.0,9,9.0,9.25,231.0,4,9.28890849582922,19.5,19.5
서울,강서구,2019,영등포역,서울역,52.2,52.2,52.53333333333334,13.2,30.0,9,9.0,9.333333333333334,158.4,6,9.28890849582922,19.5,19.5
서울,강서구,2020,영등포역,서울역,52.2,52.2,52.53333333333334,13.2,30.0,9,9.0,9.333333333333334,158.4,6,9.28890849582922,19.5,19.5
서울,강서구,2021,영등포역,서울역,52.2,52.2,52.2,13.2,30.0,9,9.0,9.0,156.8,6,9.28890849582922,19.5,19.5
서울,강서구,2022,영등포역,서울역,52.2,52.2,52.2,13.2,30.0,9,9.0,9.0,156.8,6,9.28890849582922,19.5,19.5
서울,강서구,2023,영등포역,서울역,54.2,54.2,54.2,13.2,30.0,11,11.0,11.0,156.8,6,9.28890849582922,19.5,19.5
서울,강서구,2024,영등포역,서울역,54.2,54.2,54.2,13.2,30.0,11,11.0,11.0,113.85714285714286,8,9.28890849582922,19.5,19.5
서울,강서구,2025,영등포역,서울역,54.2,54.2,54.2,13.2,30.0,11,11.0,11.0,113.85714285714286,8,9.28890849582922,19.5,19.5
서울,관악구,2007,광명역,용산역,54.0,55.0,56.35714285714286,11.0,30.0,13,14.0,15.357142857142858,103.61538461538461,14,7.664597066189855,22.9,22.9
서울,관악구,2008,광명역,용산역,54.0,54.0,55.0,11.0,30.0,13,13.0,14.0,67.92857142857143,15,7.664597066189855,22.9,22.9
서울,관악구,2009,광명역,용산역,54.0,54.0,55.0,11.0,30.0,13,13.0,14.0,67.92857142857143,15,7.664597066189855,22.9,22.9
서울,관악구,2010,광명역,서울역,50.0,56.0,55.71739130434783,11.0,30.0,9,15.0,14.717391304347826,30.622222222222224,46,7.664597066189855,22.9,22.9
서울,관악구,2011,광명역,서울역,50.0,56.0,56.42553191489362,11.0,30.0,9,15.0,15.425531914893616,31.195652173913043,47,7.664597066189855,22.9,22.9
서울,관악구,2012,광명역,서울역,50.0,56.0,56.5,11.0,30.0,9,15.0,15.5,28.137254901960784,52,7.664597066189855,22.9,22.9
서울,관악구,2013,광명역,서울역,50.0,56.0,56.87037037037037,11.0,30.0,9,15.0,15.87037037037037,27.07547169811321,54,7.664597066189855,22.9,22.9
서울,관악구,2014,광명역,서울역,50.0,56.0,58.19642857142857,11.0,30.0,9,15.0,17.196428571428573,26.09090909090909,56,7.664597066189855,22.9,22.9
서울,관악구,2015,광명역,서울역,51.0,58.0,59.859375,11.0,30.0,10,17.0,18.859375,22.682539682539684,64,7.664597066189855,22.9,22.9
서울,관악구,2016,광명역,용산역,54.0,55.0,56.4390243902439,11.0,30.0,13,14.0,15.439024390243903,34.55,41,7.664597066189855,22.9,22.9
서울,관악구,2017,광명역,용산역,54.0,55.0,56.45454545454545,11.0,30.0,13,14.0,15.454545454545455,32.13953488372093,44,7.664597066189855,22.9,22.9
서울,관악구,2018,광명역,용산역,54.0,56.0,56.513513513513516,11.0,30.0,13,15.0,15.513513513513514,37.638888888888886,37,7.664597066189855,22.9,22.9
서울,관악구,2019,광명역,용산역,54.0,56.0,56.81081081081081,11.0,30.0,13,15.0,15.81081081081081,37.72222222222222,37,7.664597066189855,22.9,22.9
서울,관악구,2020,광명역,용산역,54.0,56.5,56.81578947368421,11.0,30.0,13,15.5,15.81578947368421,36.7027027027027,38,7.664597066189855,22.9,22.9
서울,관악구,2021,광명역,용산역,55.0,55.0,56.729729729729726,11.0,30.0,14,14.0,15.72972972972973,27.61111111111111,37,7.664597066189855,22.9,22.9
서울,관악구,2022,광명역,용산역,55.0,55.0,56.729729729729726,11.0,30.0,14,14.0,15.72972972972973,27.61111111111111,37,7.664597066189855,22.9,22.9
서울,관악구,2023,광명역,용산역,57.0,59.0,58.61904761904762,11.0,30.0,16,18.0,17.61904761904762,24.21951219512195,42,7.664597066189855,22.9,22.9
서울,관악구,2024,광명역,용산역,57.0,59.0,58.609756097560975,11.0,30.0,16,18.0,17.609756097560975,24.825,41,7.664597066189855,22.9,22.9
서울,관악구,2025,광명역,용산역,57.0,59.0,58.61904761904762,11.0,30.0,16,18.0,17.61904761904762,24.21951219512195,42,7.664597066189855,22.9,22.9
서울,광진구,2007,광명역,용산역,74.3,75.3,76.65714285714286,31.3,30.0,13,14.0,15.357142857142858,103.61538461538461,14,22.838127226837244,16.6,16.6
서울,광진구,2008,광명역,용산역,74.3,74.3,75.3,31.3,30.0,13,13.0,14.0,67.92857142857143,15,22.838127226837244,16.6,16.6
서울,광진구,2009,광명역,용산역,74.3,74.3,75.3,31.3,30.0,13,13.0,14.0,67.92857142857143,15,22.838127226837244,16.6,16.6
서울,광진구,2010,광명역,서울역,70.3,76.3,76.01739130434783,31.3,30.0,9,15.0,14.717391304347826,30.622222222222224,46,22.838127226837244,16.6,16.6
서울,광진구,2011,광명역,서울역,70.3,76.3,76.72553191489361,31.3,30.0,9,15.0,15.425531914893616,31.195652173913043,47,22.838127226837244,16.6,16.6
서울,광진구,2012,광명역,서울역,70.3,76.3,76.8,31.3,30.0,9,15.0,15.5,28.137254901960784,52,22.838127226837244,16.6,16.6
서울,광진구,2013,용산역,서울역,54.6,54.6,54.6,16.6,30.0,8,8.0,8.0,,1,10.929892762243338,16.6,16.6
서울,광진구,2014,광명역,서울역,70.3,76.3,78.49642857142857,31.3,30.0,9,15.0,17.196428571428573,26.09090909090909,56,22.838127226837244,16.6,16.6
서울,광진구,2015,광명역,서울역,71.3,78.3,80.159375,31.3,30.0,10,17.0,18.859375,22.682539682539684,64,22.838127226837244,16.6,16.6
서울,광진구,2016,용산역,서울역,51.6,51.6,53.516666666666666,16.6,30.0,5,5.0,6.916666666666667,79.36363636363636,12,10.929892762243338,16.6,16.6
서울,광진구,2017,용산역,서울역,51.6,51.6,53.68333333333334,16.6,30.0,5,5.0,7.083333333333333,79.36363636363636,12,10.929892762243338,16.6,16.6
서울,광진구,2018,용산역,서울역,51.6,51.6,53.46666666666667,16.6,30.0,5,5.0,6.866666666666666,62.07142857142857,15,10.929892762243338,16.6,16.6
서울,광진구,2019,용산역,서울역,51.6,52.6,54.4,16.6,30.0,5,6.0,7.8,62.07142857142857,15,10.929892762243338,16.6,16.6
서울,광진구,2020,용산역,서울역,51.6,54.1,54.6,16.6,30.0,5,7.5,8.0,57.93333333333333,16,10.929892762243338,16.6,16.6
서울,광진구,2021,용산역,서울역,51.6,51.6,54.8,16.6,30.0,5,5.0,8.2,61.92857142857143,15,10.929892762243338,16.6,16.6
서울,광진구,2022,용산역,서울역,51.6,51.6,54.8,16.6,30.0,5,5.0,8.2,61.92857142857143,15,10.929892762243338,16.6,16.6
서울,광진구,2023,용산역,서울역,51.6,53.6,54.266666666666666,16.6,30.0,5,7.0,7.666666666666667,50.588235294117645,18,10.929892762243338,16.6,16.6
서울,광진구,2024,용산역,서울역,51.6,51.6,54.126315789473686,16.6,30.0,5,5.0,7.526315789473684,47.77777777777778,19,10.929892762243338,16.6,16.6
서울,광진구,2025,용산역,서울역,51.6,51.6,54.02105263157895,16.6,30.0,5,5.0,7.421052631578948,47.77777777777778,19,10.929892762243338,16.6,16.6
서울,구로구,2007,광명역,용산역,55.8,56.8,58.15714285714286,12.8,30.0,13,14.0,15.357142857142858,103.61538461538461,14,8.488981673114695,15.1,15.1
서울,구로구,2008,광명역,용산역,55.8,55.8,56.8,12.8,30.0,13,13.0,14.0,67.92857142857143,15,8.488981673114695,15.1,15.1
서울,구로구,2009,광명역,용산역,55.8,55.8,56.8,12.8,30.0,13,13.0,14.0,67.92857142857143,15,8.488981673114695,15.1,15.1
서울,구로구,2010,광명역,서울역,51.8,57.8,57.517391304347825,12.8,30.0,9,15.0,14.717391304347826,30.622222222222224,46,8.488981673114695,15.1,15.1
서울,구로구,2011,광명역,서울역,51.8,57.8,58.225531914893615,12.8,30.0,9,15.0,15.425531914893616,31.195652173913043,47,8.488981673114695,15.1,15.1
서울,구로구,2012,광명역,서울역,51.8,57.8,58.3,12.8,30.0,9,15.0,15.5,28.137254901960784,52,8.488981673114695,15.1,15.1
서울,구로구,2013,광명역,서울역,51.8,57.8,58.670370370370364,12.8,30.0,9,15.0,15.87037037037037,27.07547169811321,54,8.488981673114695,15.1,15.1
서울,구로구,2014,광명역,서울역,51.8,57.8,59.99642857142857,12.8,30.0,9,15.0,17.196428571428573,26.09090909090909,56,8.488981673114695,15.1,15.1
서울,구로구,2015,광명역,서울역,52.8,59.8,61.659375,12.8,30.0,10,17.0,18.859375,22.682539682539684,64,8.488981673114695,15.1,15.1
서울,구로구,2016,영등포역,서울역,47.3,47.3,47.3,8.3,30.0,9,9.0,9.0,691.0,2,5.6075574649054865,15.1,15.1
서울,구로구,2017,영등포역,서울역,47.3,47.3,47.3,8.3,30.0,9,9.0,9.0,691.0,2,5.6075574649054865,15.1,15.1
서울,구로구,2018,영등포역,서울역,47.3,47.3,47.55,8.3,30.0,9,9.0,9.25,231.0,4,5.6075574649054865,15.1,15.1
서울,구로구,2019,영등포역,서울역,47.3,47.3,47.63333333333333,8.3,30.0,9,9.0,9.333333333333334,158.4,6,5.6075574649054865,15.1,15.1
서울,구로구,2020,영등포역,서울역,47.3,47.3,47.63333333333333,8.3,30.0,9,9.0,9.333333333333334,158.4,6,5.6075574649054865,15.1,15.1
서울,구로구,2021,영등포역,서울역,47.3,47.3,47.3,8.3,30.0,9,9.0,9.0,156.8,6,5.6075574649054865,15.1,15.1
서울,구로구,2022,영등포역,서울역,47.3,47.3,47.3,8.3,30.0,9,9.0,9.0,156.8,6,5.6075574649054865,15.1,15.1
서울,구로구,2023,영등포역,서울역,49.3,49.3,49.3,8.3,30.0,11,11.0,11.0,156.8,6,5.6075574649054865,15.1,15.1
서울,구로구,2024,영등포역,서울역,49.3,49.3,49.3,8.3,30.0,11,11.0,11.0,113.85714285714286,8,5.6075574649054865,15.1,15.1
서울,구로구,2025,영등포역,서울역,49.3,49.3,49.3,8.3,30.0,11,11.0,11.0,113.85714285714286,8,5.6075574649054865,15.1,15.1
서울,금천구,2007,광명역,용산역,51.6,52.6,53.957142857142856,8.6,30.0,13,14.0,15.357142857142858,103.61538461538461,14,4.750664869819969,14.6,14.6
서울,금천구,2008,광명역,용산역,51.6,51.6,52.6,8.6,30.0,13,13.0,14.0,67.92857142857143,15,4.750664869819969,14.6,14.6
서울,금천구,2009,광명역,용산역,51.6,51.6,52.6,8.6,30.0,13,13.0,14.0,67.92857142857143,15,4.750664869819969,14.6,14.6
서울,금천구,2010,광명역,서울역,47.6,53.6,53.31739130434783,8.6,30.0,9,15.0,14.717391304347826,30.622222222222224,46,4.750664869819969,14.6,14.6
서울,금천구,2011,광명역,서울역,47.6,53.6,54.02553191489362,8.6,30.0,9,15.0,15.425531914893616,31.195652173913043,47,4.750664869819969,14.6,14.6
서울,금천구,2012,광명역,서울역,47.6,53.6,54.1,8.6,30.0,9,15.0,15.5,28.137254901960784,52,4.750664869819969,14.6,14.6
서울,금천구,2013,광명역,서울역,47.6,53.6,54.470370370370375,8.6,30.0,9,15.0,15.87037037037037,27.07547169811321,54,4.750664869819969,14.6,14.6
서울,금천구,2014,광명역,서울역,47.6,53.6,55.79642857142858,8.6,30.0,9,15.0,17.196428571428573,26.09090909090909,56,4.750664869819969,14.6,14.6
서울,금천구,2015,광명역,서울역,48.6,55.6,57.459375,8.6,30.0,10,17.0,18.859375,22.682539682539684,64,4.750664869819969,14.6,14.6
서울,금천구,2016,영등포역,서울역,48.6,48.6,48.6,9.6,30.0,9,9.0,9.0,691.0,2,6.423277457309175,14.6,14.6
서울,금천구,2017,영등포역,서울역,48.6,48.6,48.6,9.6,30.0,9,9.0,9.0,691.0,2,6.423277457309175,14.6,14.6
서울,금천구,2018,영등포역,서울역,48.6,48.6,48.85,9.6,30.0,9,9.0,9.25,231.0,4,6.423277457309175,14.6,14.6
서울,금천구,2019,영등포역,서울역,48.6,48.6,48.93333333333334,9.6,30.0,9,9.0,9.333333333333334,158.4,6,6.423277457309175,14.6,14.6
서울,금천구,2020,영등포역,서울역,48.6,48.6,48.93333333333334,9.6,30.0,9,9.0,9.333333333333334,158.4,6,6.423277457309175,14.6,14.6
서울,금천구,2021,영등포역,서울역,48.6,48.6,48.6,9.6,30.0,9,9.0,9.0,156.8,6,6.423277457309175,14.6,14.6
서울,금천구,2022,영등포역,서울역,48.6,48.6,48.6,9.6,30.0,9,9.0,9.0,156.8,6,6.423277457309175,14.6,14.6
서울,금천구,2023,용산역,서울역,49.6,51.6,52.266666666666666,14.6,30.0,5,7.0,7.666666666666667,50.588235294117645,18,9.471059360437593,14.6,14.6
서울,금천구,2024,용산역,서울역,49.6,49.6,52.126315789473686,14.6,30.0,5,5.0,7.526315789473684,47.77777777777778,19,9.471059360437593,14.6,14.6
서울,금천구,2025,용산역,서울역,49.6,49.6,52.02105263157895,14.6,30.0,5,5.0,7.421052631578948,47.77777777777778,19,9.471059360437593,14.6,14.6
서울,노원구,2007,,,,,,,,,,,,,,22.7,22.7
서울,노원구,2008,,,,,,,,,,,,,,22.7,22.7
서울,노원구,2009,,,,,,,,,,,,,,22.7,22.7
서울,노원구,2010,,,,,,,,,,,,,,22.7,22.7
서울,노원구,2011,,,,,,,,,,,,,,22.7,22.7
서울,노원구,2012,,,,,,,,,,,,,,22.7,22.7
서울,노원구,2013,용산역,서울역,60.7,60.7,60.7,22.7,30.0,8,8.0,8.0,,1,16.801884519203004,22.7,22.7
서울,노원구,2014,,,,,,,,,,,,,,22.7,22.7
서울,노원구,2015,,,,,,,,,,,,,,22.7,22.7
서울,노원구,2016,용산역,서울역,57.7,57.7,59.61666666666667,22.7,30.0,5,5.0,6.916666666666667,79.36363636363636,12,16.801884519203004,22.7,22.7
서울,노원구,2017,용산역,서울역,57.7,57.7,59.78333333333334,22.7,30.0,5,5.0,7.083333333333333,79.36363636363636,12,16.801884519203004,22.7,22.7
서울,노원구,2018,용산역,서울역,57.7,57.7,59.56666666666667,22.7,30.0,5,5.0,6.866666666666666,62.07142857142857,15,16.801884519203004,22.7,22.7
서울,노원구,2019,용산역,서울역,57.7,58.7,60.5,22.7,30.0,5,6.0,7.8,62.07142857142857,15,16.801884519203004,22.7,22.7
서울,노원구,2020,용산역,서울역,57.7,60.2,60.7,22.7,30.0,5,7.5,8.0,57.93333333333333,16,16.801884519203004,22.7,22.7
서울,노원구,2021,용산역,서울역,57.7,57.7,60.900000000000006,22.7,30.0,5,5.0,8.2,61.92857142857143,15,16.801884519203004,22.7,22.7
서울,노원구,2022,용산역,서울역,57.7,57.7,60.900000000000006,22.7,30.0,5,5.0,8.2,61.92857142857143,15,16.801884519203004,22.7,22.7
서울,노원구,2023,용산역,서울역,57.7,59.7,60.36666666666667,22.7,30.0,5,7.0,7.666666666666667,50.588235294117645,18,16.801884519203004,22.7,22.7
서울,노원구,2024,용산역,서울역,57.7,57.7,60.22631578947369,22.7,30.0,5,5.0,7.526315789473684,47.77777777777778,19,16.801884519203004,22.7,22.7
서울,노원구,2025,용산역,서울역,57.7,57.7,60.12105263157895,22.7,30.0,5,5.0,7.421052631578948,47.77777777777778,19,16.801884519203004,22.7,22.7
서울,도봉구,2007,,,,,,,,,,,,,,22.1,22.1
서울,도봉구,2008,,,,,,,,,,,,,,22.1,22.1
서울,도봉구,2009,,,,,,,,,,,,,,22.1,22.1
서울,도봉구,2010,,,,,,,,,,,,,,22.1,22.1
서울,도봉구,2011,,,,,,,,,,,,,,22.1,22.1
서울,도봉구,2012,,,,,,,,,,,,,,22.1,22.1
서울,도봉구,2013,용산역,서울역,60.1,60.1,60.1,22.1,30.0,8,8.0,8.0,,1,16.61883409555099,22.1,22.1
서울,도봉구,2014,,,,,,,,,,,,,,22.1,22.1
서울,도봉구,2015,,,,,,,,,,,,,,22.1,22.1
서울,도봉구,2016,용산역,서울역,57.1,57.1,59.016666666666666,22.1,30.0,5,5.0,6.916666666666667,79.36363636363636,12,16.61883409555099,22.1,22.1
서울,도봉구,2017,용산역,서울역,57.1,57.1,59.18333333333334,22.1,30.0,5,5.0,7.083333333333333,79.36363636363636,12,16.61883409555099,22.1,22.1
서울,도봉구,2018,용산역,서울역,57.1,57.1,58.96666666666667,22.1,30.0,5,5.0,6.866666666666666,62.07142857142857,15,16.61883409555099,22.1,22.1
서울,도봉구,2019,용산역,서울역,57.1,58.1,59.9,22.1,30.0,5,6.0,7.8,62.07142857142857,15,16.61883409555099,22.1,22.1
서울,도봉구,2020,용산역,서울역,57.1,59.6,60.1,22.1,30.0,5,7.5,8.0,57.93333333333333,16,16.61883409555099,22.1,22.1
서울,도봉구,2021,용산역,서울역,57.1,57.1,60.3,22.1,30.0,5,5.0,8.2,61.92857142857143,15,16.61883409555099,22.1,22.1
서울,도봉구,2022,용산역,서울역,57.1,57.1,60.3,22.1,30.0,5,5.0,8.2,61.92857142857143,15,16.61883409555099,22.1,22.1
서울,도봉구,2023,용산역,서울역,57.1,59.1,59.766666666666666,22.1,30.0,5,7.0,7.666666666666667,50.588235294117645,18,16.61883409555099,22.1,22.1
서울,도봉구,2024,용산역,서울역,57.1,57.1,59.626315789473686,22.1,30.0,5,5.0,7.526315789473684,47.77777777777778,19,16.61883409555099,22.1,22.1
서울,도봉구,2025,용산역,서울역,57.1,57.1,59.52105263157895,22.1,30.0,5,5.0,7.421052631578948,47.77777777777778,19,16.61883409555099,22.1,22.1
서울,동대문구,2007,광명역,용산역,74.6,75.6,76.95714285714286,31.6,30.0,13,14.0,15.357142857142858,103.61538461538461,14,23.564974509100928,14.6,14.6
서울,동대문구,2008,광명역,용산역,74.6,74.6,75.6,31.6,30.0,13,13.0,14.0,67.92857142857143,15,23.564974509100928,14.6,14.6
서울,동대문구,2009,광명역,용산역,74.6,74.6,75.6,31.6,30.0,13,13.0,14.0,67.92857142857143,15,23.564974509100928,14.6,14.6
서울,동대문구,2010,광명역,서울역,70.6,76.6,76.31739130434782,31.6,30.0,9,15.0,14.717391304347826,30.622222222222224,46,23.564974509100928,14.6,14.6
서울,동대문구,2011,광명역,서울역,70.6,76.6,77.02553191489362,31.6,30.0,9,15.0,15.425531914893616,31.195652173913043,47,23.564974509100928,14.6,14.6
서울,동대문구,2012,광명역,서울역,70.6,76.6,77.1,31.6,30.0,9,15.0,15.5,28.137254901960784,52,23.564974509100928,14.6,14.6
서울,동대문구,2013,용산역,서울역,52.6,52.6,52.6,14.6,30.0,8,8.0,8.0,,1,9.919400614136016,14.6,14.6
서울,동대문구,2014,광명역,서울역,70.6,76.6,78.79642857142858,31.6,30.0,9,15.0,17.196428571428573,26.09090909090909,56,23.564974509100928,14.6,14.6
서울,동대문구,2015,광명역,서울역,71.6,78.6,80.459375,31.6,30.0,10,17.0,18.859375,22.682539682539684,64,23.564974509100928,14.6,14.6
서울,동대문구,2016,용산역,서울역,49.6,49.6,51.516666666666666,14.6,30.0,5,5.0,6.916666666666667,79.36363636363636,12,9.919400614136016,14.6,14.6
서울,동대문구,2017,용산역,서울역,49.6,49.6,51.68333333333334,14.6,30.0,5,5.0,7.083333333333333,79.36363636363636,12,9.919400614136016,14.6,14.6
서울,동대문구,2018,용산역,서울역,49.6,49.6,51.46666666666667,14.6,30.0,5,5.0,6.866666666666666,62.07142857142857,15,9.919400614136016,14.6,14.6
서울,동대문구,2019,용산역,서울역,49.6,50.6,52.4,14.6,30.0,5,6.0,7.8,62.07142857142857,15,9.919400614136016,14.6,14.6
서울,동대문구,2020,용산역,서울역,49.6,52.1,52.6,14.6,30.0,5,7.5,8.0,57.93333333333333,16,9.919400614136016,14.6,14.6
서울,동대문구,2021,용산역,서울역,49.6,49.6,52.8,14.6,30.0,5,5.0,8.2,61.92857142857143,15,9.919400614136016,14.6,14.6
서울,동대문구,2022,용산역,서울역,49.6,49.6,52.8,14.6,30.0,5,5.0,8.2,61.92857142857143,15,9.919400614136016,14.6,14.6
서울,동대문구,2023,용산역,서울역,49.6,51.6,52.266666666666666,14.6,30.0,5,7.0,7.666666666666667,50.588235294117645,18,9.919400614136016,14.6,14.6
서울,동대문구,2024,용산역,서울역,49.6,49.6,52.126315789473686,14.6,30.0,5,5.0,7.526315789473684,47.77777777777778,19,9.919400614136016,14.6,14.6
서울,동대문구,2025,용산역,서울역,49.6,49.6,52.02105263157895,14.6,30.0,5,5.0,7.421052631578948,47.77777777777778,19,9.919400614136016,14.6,14.6
서울,동작구,2007,광명역,용산역,59.9,60.9,62.25714285714285,16.9,30.0,13,14.0,15.357142857142858,103.61538461538461,14,10.670614756778846,6.5,6.5
서울,동작구,2008,광명역,용산역,59.9,59.9,60.9,16.9,30.0,13,13.0,14.0,67.92857142857143,15,10.670614756778846,6.5,6.5
서울,동작구,2009,광명역,용산역,59.9,59.9,60.9,16.9,30.0,13,13.0,14.0,67.92857142857143,15,10.670614756778846,6.5,6.5
서울,동작구,2010,광명역,서울역,55.9,61.9,61.61739130434783,16.9,30.0,9,15.0,14.717391304347826,30.622222222222224,46,10.670614756778846,6.5,6.5
서울,동작구,2011,광명역,서울역,55.9,61.9,62.32553191489362,16.9,30.0,9,15.0,15.425531914893616,31.195652173913043,47,10.670614756778846,6.5,6.5
서울,동작구,2012,광명역,서울역,55.9,61.9,62.4,16.9,30.0,9,15.0,15.5,28.137254901960784,52,10.670614756778846,6.5,6.5
서울,동작구,2013,용산역,서울역,44.5,44.5,44.5,6.5,30.0,8,8.0,8.0,,1,3.5718836678374712,6.5,6.5
서울,동작구,2014,광명역,서울역,55.9,61.9,64.09642857142858,16.9,30.0,9,15.0,17.196428571428573,26.09090909090909,56,10.670614756778846,6.5,6.5
서울,동작구,2015,광명역,서울역,56.9,63.9,65.759375,16.9,30.0,10,17.0,18.859375,22.682539682539684,64,10.670614756778846,6.5,6.5
서울,동작구,2016,용산역,서울역,41.5,41.5,43.416666666666664,6.5,30.0,5,5.0,6.916666666666667,79.36363636363636,12,3.5718836678374712,6.5,6.5
서울,동작구,2017,용산역,서울역,41.5,41.5,43.583333333333336,6.5,30.0,5,5.0,7.083333333333333,79.36363636363636,12,3.5718836678374712,6.5,6.5
서울,동작구,2018,용산역,서울역,41.5,41.5,43.36666666666667,6.5,30.0,5,5.0,6.866666666666666,62.07142857142857,15,3.5718836678374712,6.5,6.5
서울,동작구,2019,용산역,서울역,41.5,42.5,44.3,6.5,30.0,5,6.0,7.8,62.07142857142857,15,3.5718836678374712,6.5,6.5
서울,동작구,2020,용산역,서울역,41.5,44.0,44.5,6.5,30.0,5,7.5,8.0,57.93333333333333,16,3.5718836678374712,6.5,6.5
서울,동작구,2021,용산역,서울역,41.5,41.5,44.7,6.5,30.0,5,5.0,8.2,61.92857142857143,15,3.5718836678374712,6.5,6.5
서울,동작구,2022,용산역,서울역,41.5,41.5,44.7,6.5,30.0,5,5.0,8.2,61.92857142857143,15,3.5718836678374712,6.5,6.5
서울,동작구,2023,용산역,서울역,41.5,43.5,44.166666666666664,6.5,30.0,5,7.0,7.666666666666667,50.588235294117645,18,3.5718836678374712,6.5,6.5
서울,동작구,2024,용산역,서울역,41.5,41.5,44.026315789473685,6.5,30.0,5,5.0,7.526315789473684,47.77777777777778,19,3.5718836678374712,6.5,6.5
서울,동작구,2025,용산역,서울역,41.5,41.5,43.921052631578945,6.5,30.0,5,5.0,7.421052631578948,47.77777777777778,19,3.5718836678374712,6.5,6.5
서울,마포구,2007,광명역,용산역,63.0,64.0,65.35714285714286,20.0,30.0,13,14.0,15.357142857142858,103.61538461538461,14,15.570642078553135,9.8,9.8
서울,마포구,2008,광명역,용산역,63.0,63.0,64.0,20.0,30.0,13,13.0,14.0,67.92857142857143,15,15.570642078553135,9.8,9.8
서울,마포구,2009,광명역,용산역,63.0,63.0,64.0,20.0,30.0,13,13.0,14.0,67.92857142857143,15,15.570642078553135,9.8,9.8
서울,마포구,2010,광명역,서울역,59.0,65.0,64.71739130434783,20.0,30.0,9,15.0,14.717391304347826,30.622222222222224,46,15.570642078553135,9.8,9.8
서울,마포구,2011,광명역,서울역,59.0,65.0,65.42553191489361,20.0,30.0,9,15.0,15.425531914893616,31.195652173913043,47,15.570642078553135,9.8,9.8
서울,마포구,2012,광명역,서울역,59.0,65.0,65.5,20.0,30.0,9,15.0,15.5,28.137254901960784,52,15.570642078553135,9.8,9.8
서울,마포구,2013,용산역,서울역,47.8,47.8,47.8,9.8,30.0,8,8.0,8.0,,1,5.9216763813115305,9.8,9.8
서울,마포구,2014,광명역,서울역,59.0,65.0,67.19642857142857,20.0,30.0,9,15.0,17.196428571428573,26.09090909090909,56,15.570642078553135,9.8,9.8
서울,마포구,2015,광명역,서울역,60.0,67.0,68.859375,20.0,30.0,10,17.0,18.859375,22.682539682539684,64,15.570642078553135,9.8,9.8
서울,마포구,2016,용산역,서울역,44.8,44.8,46.71666666666666,9.8,30.0,5,5.0,6.916666666666667,79.36363636363636,12,5.9216763813115305,9.8,9.8
서울,마포구,2017,용산역,서울역,44.8,44.8,46.88333333333333,9.8,30.0,5,5.0,7.083333333333333,79.36363636363636,12,5.9216763813115305,9.8,9.8
서울,마포구,2018,용산역,서울역,44.8,44.8,46.666666666666664,9.8,30.0,5,5.0,6.866666666666666,62.07142857142857,15,5.9216763813115305,9.8,9.8
서울,마포구,2019,용산역,서울역,44.8,45.8,47.599999999999994,9.8,30.0,5,6.0,7.8,62.07142857142857,15,5.9216763813115305,9.8,9.8
서울,마포구,2020,용산역,서울역,44.8,47.3,47.8,9.8,30.0,5,7.5,8.0,57.93333333333333,16,5.9216763813115305,9.8,9.8
서울,마포구,2021,용산역,서울역,44.8,44.8,48.0,9.8,30.0,5,5.0,8.2,61.92857142857143,15,5.9216763813115305,9.8,9.8
서울,마포구,2022,용산역,서울역,44.8,44.8,48.0,9.8,30.0,5,5.0,8.2,61.92857142857143,15,5.9216763813115305,9.8,9.8
서울,마포구,2023,용산역,서울역,44.8,46.8,47.46666666666666,9.8,30.0,5,7.0,7.666666666666667,50.588235294117645,18,5.9216763813115305,9.8,9.8
서울,마포구,2024,용산역,서울역,44.8,44.8,47.32631578947368,9.8,30.0,5,5.0,7.526315789473684,47.77777777777778,19,5.9216763813115305,9.8,9.8
서울,마포구,2025,용산역,서울역,44.8,44.8,47.22105263157894,9.8,30.0,5,5.0,7.421052631578948,47.77777777777778,19,5.9216763813115305,9.8,9.8
서울,서대문구,2007,광명역,용산역,67.3,68.3,69.65714285714286,24.3,30.0,13,14.0,15.357142857142858,103.61538461538461,14,18.165283188815906,10.7,10.7
서울,서대문구,2008,광명역,용산역,67.3,67.3,68.3,24.3,30.0,13,13.0,14.0,67.92857142857143,15,18.165283188815906,10.7,10.7
서울,서대문구,2009,광명역,용산역,67.3,67.3,68.3,24.3,30.0,13,13.0,14.0,67.92857142857143,15,18.165283188815906,10.7,10.7
서울,서대문구,2010,광명역,서울역,63.3,69.3,69.01739130434783,24.3,30.0,9,15.0,14.717391304347826,30.622222222222224,46,18.165283188815906,10.7,10.7
서울,서대문구,2011,광명역,서울역,63.3,69.3,69.72553191489361,24.3,30.0,9,15.0,15.425531914893616,31.195652173913043,47,18.165283188815906,10.7,10.7
서울,서대문구,2012,광명역,서울역,63.3,69.3,69.8,24.3,30.0,9,15.0,15.5,28.137254901960784,52,18.165283188815906,10.7,10.7
서울,서대문구,2013,용산역,서울역,48.7,48.7,48.7,10.7,30.0,8,8.0,8.0,,1,5.7830220392050276,10.7,10.7
서울,서대문구,2014,광명역,서울역,63.3,69.3,71.49642857142857,24.3,30.0,9,15.0,17.196428571428573,26.09090909090909,56,18.165283188815906,10.7,10.7
서울,서대문구,2015,광명역,서울역,64.3,71.3,73.159375,24.3,30.0,10,17.0,18.859375,22.682539682539684,64,18.165283188815906,10.7,10.7
서울,서대문구,2016,용산역,서울역,45.7,45.7,47.61666666666667,10.7,30.0,5,5.0,6.916666666666667,79.36363636363636,12,5.7830220392050276,10.7,10.7
서울,서대문구,2017,용산역,서울역,45.7,45.7,47.78333333333334,10.7,30.0,5,5.0,7.083333333333333,79.36363636363636,12,5.7830220392050276,10.7,10.7
서울,서대문구,2018,용산역,서울역,45.7,45.7,47.56666666666667,10.7,30.0,5,5.0,6.866666666666666,62.07142857142857,15,5.7830220392050276,10.7,10.7
서울,서대문구,2019,용산역,서울역,45.7,46.7,48.5,10.7,30.0,5,6.0,7.8,62.07142857142857,15,5.7830220392050276,10.7,10.7
서울,서대문구,2020,용산역,서울역,45.7,48.2,48.7,10.7,30.0,5,7.5,8.0,57.93333333333333,16,5.7830220392050276,10.7,10.7
서울,서대문구,2021,용산역,서울역,45.7,45.7,48.900000000000006,10.7,30.0,5,5.0,8.2,61.92857142857143,15,5.7830220392050276,10.7,10.7
서울,서대문구,2022,용산역,서울역,45.7,45.7,48.900000000000006,10.7,30.0,5,5.0,8.2,61.92857142857143,15,5.7830220392050276,10.7,10.7
서울,서대문구,2023,용산역,서울역,45.7,47.7,48.36666666666667,10.7,30.0,5,7.0,7.666666666666667,50.588235294117645,18,5.7830220392050276,10.7,10.7
서울,서대문구,2024,용산역,서울역,45.7,45.7,48.22631578947369,10.7,30.0,5,5.0,7.526315789473684,47.77777777777778,19,5.7830220392050276,10.7,10.7
서울,서대문구,2025,용산역,서울역,45.7,45.7,48.12105263157895,10.7,30.0,5,5.0,7.421052631578948,47.77777777777778,19,5.7830220392050276,10.7,10.7
서울,서초구,2007,광명역,용산역,64.7,65.7,67.05714285714286,21.7,30.0,13,14.0,15.357142857142858,103.61538461538461,14,14.471440477973282,15.7,15.7
서울,서초구,2008,광명역,용산역,64.7,64.7,65.7,21.7,30.0,13,13.0,14.0,67.92857142857143,15,14.471440477973282,15.7,15.7
서울,서초구,2009,광명역,용산역,64.7,64.7,65.7,21.7,30.0,13,13.0,14.0,67.92857142857143,15,14.471440477973282,15.7,15.7
서울,서초구,2010,광명역,서울역,60.7,66.7,66.41739130434783,21.7,30.0,9,15.0,14.717391304347826,30.622222222222224,46,14.471440477973282,15.7,15.7
서울,서초구,2011,광명역,서울역,60.7,66.7,67.12553191489361,21.7,30.0,9,15.0,15.425531914893616,31.195652173913043,47,14.471440477973282,15.7,15.7
서울,서초구,2012,광명역,서울역,60.7,66.7,67.2,21.7,30.0,9,15.0,15.5,28.137254901960784,52,14.471440477973282,15.7,15.7
서울,서초구,2013,용산역,서울역,53.7,53.7,53.7,15.7,30.0,8,8.0,8.0,,1,8.625337996746987,15.7,15.7
서울,서초구,2014,광명역,서울역,60.7,66.7,68.89642857142857,21.7,30.0,9,15.0,17.196428571428573,26.09090909090909,56,14.471440477973282,15.7,15.7
서울,서초구,2015,광명역,서울역,61.7,68.7,70.559375,21.7,30.0,10,17.0,18.859375,22.682539682539684,64,14.471440477973282,15.7,15.7
서울,서초구,2016,용산역,서울역,50.7,50.7,52.61666666666667,15.7,30.0,5,5.0,6.916666666666667,79.36363636363636,12,8.625337996746987,15.7,15.7
서울,서초구,2017,용산역,서울역,50.7,50.7,52.78333333333334,15.7,30.0,5,5.0,7.083333333333333,79.36363636363636,12,8.625337996746987,15.7,15.7
서울,서초구,2018,용산역,서울역,50.7,50.7,52.56666666666667,15.7,30.0,5,5.0,6.866666666666666,62.07142857142857,15,8.625337996746987,15.7,15.7
서울,서초구,2019,용산역,서울역,50.7,51.7,53.5,15.7,30.0,5,6.0,7.8,62.07142857142857,15,8.625337996746987,15.7,15.7
서울,서초구,2020,용산역,서울역,50.7,53.2,53.7,15.7,30.0,5,7.5,8.0,57.93333333333333,16,8.625337996746987,15.7,15.7
서울,서초구,2021,용산역,서울역,50.7,50.7,53.900000000000006,15.7,30.0,5,5.0,8.2,61.92857142857143,15,8.625337996746987,15.7,15.7
서울,서초구,2022,용산역,서울역,50.7,50.7,53.900000000000006,15.7,30.0,5,5.0,8.2,61.92857142857143,15,8.625337996746987,15.7,15.7
서울,서초구,2023,용산역,서울역,50.7,52.7,53.36666666666667,15.7,30.0,5,7.0,7.666666666666667,50.588235294117645,18,8.625337996746987,15.7,15.7
서울,서초구,2024,용산역,서울역,50.7,50.7,53.22631578947369,15.7,30.0,5,5.0,7.526315789473684,47.77777777777778,19,8.625337996746987,15.7,15.7
서울,서초구,2025,용산역,서울역,50.7,50.7,53.12105263157895,15.7,30.0,5,5.0,7.421052631578948,47.77777777777778,19,8.625337996746987,15.7,15.7
서울,성동구,2007,광명역,용산역,69.7,70.7,72.05714285714286,26.7,30.0,13,14.0,15.357142857142858,103.61538461538461,14,20.20288091946989,11.7,11.7
서울,성동구,2008,광명역,용산역,69.7,69.7,70.7,26.7,30.0,13,13.0,14.0,67.92857142857143,15,20.20288091946989,11.7,11.7
서울,성동구,2009,광명역,용산역,69.7,69.7,70.7,26.7,30.0,13,13.0,14.0,67.92857142857143,15,20.20288091946989,11.7,11.7
서울,성동구,2010,광명역,서울역,65.7,71.7,71.41739130434783,26.7,30.0,9,15.0,14.717391304347826,30.622222222222224,46,20.20288091946989,11.7,11.7
서울,성동구,2011,광명역,서울역,65.7,71.7,72.12553191489361,26.7,30.0,9,15.0,15.425531914893616,31.195652173913043,47,20.20288091946989,11.7,11.7
서울,성동구,2012,광명역,서울역,65.7,71.7,72.2,26.7,30.0,9,15.0,15.5,28.137254901960784,52,20.20288091946989,11.7,11.7
서울,성동구,2013,용산역,서울역,49.7,49.7,49.7,11.7,30.0,8,8.0,8.0,,1,7.218327406690906,11.7,11.7
서울,성동구,2014,광명역,서울역,65.7,71.7,73.89642857142857,26.7,30.0,9,15.0,17.196428571428573,26.09090909090909,56,20.20288091946989,11.7,11.7
서울,성동구,2015,광명역,서울역,66.7,73.7,75.559375,26.7,30.0,10,17.0,18.859375,22.682539682539684,64,20.20288091946989,11.7,11.7
서울,성동구,2016,용산역,서울역,46.7,46.7,48.61666666666667,11.7,30.0,5,5.0,6.916666666666667,79.36363636363636,12,7.218327406690906,11.7,11.7
서울,성동구,2017,용산역,서울역,46.7,46.7,48.78333333333334,11.7,30.0,5,5.0,7.083333333333333,79.36363636363636,12,7.218327406690906,11.7,11.7
서울,성동구,2018,용산역,서울역,46.7,46.7,48.56666666666667,11.7,30.0,5,5.0,6.866666666666666,62.07142857142857,15,7.218327406690906,11.7,11.7
서울,성동구,2019,용산역,서울역,46.7,47.7,49.5,11.7,30.0,5,6.0,7.8,62.07142857142857,15,7.218327406690906,11.7,11.7
서울,성동구,2020,용산역,서울역,46.7,49.2,49.7,11.7,30.0,5,7.5,8.0,57.93333333333333,16,7.218327406690906,11.7,11.7
서울,성동구,2021,용산역,서울역,46.7,46.7,49.900000000000006,11.7,30.0,5,5.0,8.2,61.92857142857143,15,7.218327406690906,11.7,11.7
서울,성동구,2022,용산역,서울역,46.7,46.7,49.900000000000006,11.7,30.0,5,5.0,8.2,61.92857142857143,15,7.218327406690906,11.7,11.7
서울,성동구,2023,용산역,서울역,46.7,48.7,49.36666666666667,11.7,30.0,5,7.0,7.666666666666667,50.588235294117645,18,7.218327406690906,11.7,11.7
서울,성동구,2024,용산역,서울역,46.7,46.7,49.22631578947369,11.7,30.0,5,5.0,7.526315789473684,47.77777777777778,19,7.218327406690906,11.7,11.7
서울,성동구,2025,용산역,서울역,46.7,46.7,49.12105263157895,11.7,30.0,5,5.0,7.421052631578948,47.77777777777778,19,7.218327406690906,11.7,11.7
서울,성북구,2007,광명역,용산역,74.2,75.2,76.55714285714286,31.2,30.0,13,14.0,15.357142857142858,103.61538461538461,14,23.792378737848534,14.2,14.2
서울,성북구,2008,광명역,용산역,74.2,74.2,75.2,31.2,30.0,13,13.0,14.0,67.92857142857143,15,23.792378737848534,14.2,14.2
서울,성북구,2009,광명역,용산역,74.2,74.2,75.2,31.2,30.0,13,13.0,14.0,67.92857142857143,15,23.792378737848534,14.2,14.2
서울,성북구,2010,광명역,서울역,70.2,76.2,75.91739130434783,31.2,30.0,9,15.0,14.717391304347826,30.622222222222224,46,23.792378737848534,14.2,14.2
서울,성북구,2011,광명역,서울역,70.2,76.2,76.62553191489361,31.2,30.0,9,15.0,15.425531914893616,31.195652173913043,47,23.792378737848534,14.2,14.2
서울,성북구,2012,광명역,서울역,70.2,76.2,76.7,31.2,30.0,9,15.0,15.5,28.137254901960784,52,23.792378737848534,14.2,14.2
서울,성북구,2013,용산역,서울역,52.2,52.2,52.2,14.2,30.0,8,8.0,8.0,,1,9.68277069485366,14.2,14.2
서울,성북구,2014,광명역,서울역,70.2,76.2,78.39642857142857,31.2,30.0,9,15.0,17.196428571428573,26.09090909090909,56,23.792378737848534,14.2,14.2
서울,성북구,2015,광명역,서울역,71.2,78.2,80.059375,31.2,30.0,10,17.0,18.859375,22.682539682539684,64,23.792378737848534,14.2,14.2
서울,성북구,2016,용산역,서울역,49.2,49.2,51.11666666666667,14.2,30.0,5,5.0,6.916666666666667,79.36363636363636,12,9.68277069485366,14.2,14.2
서울,성북구,2017,용산역,서울역,49.2,49.2,51.28333333333334,14.2,30.0,5,5.0,7.083333333333333,79.36363636363636,12,9.68277069485366,14.2,14.2
서울,성북구,2018,용산역,서울역,49.2,49.2,51.06666666666667,14.2,30.0,5,5.0,6.866666666666666,62.07142857142857,15,9.68277069485366,14.2,14.2
서울,성북구,2019,용산역,서울역,49.2,50.2,52.0,14.2,30.0,5,6.0,7.8,62.07142857142857,15,9.68277069485366,14.2,14.2
서울,성북구,2020,용산역,서울역,49.2,51.7,52.2,14.2,30.0,5,7.5,8.0,57.93333333333333,16,9.68277069485366,14.2,14.2
서울,성북구,2021,용산역,서울역,49.2,49.2,52.400000000000006,14.2,30.0,5,5.0,8.2,61.92857142857143,15,9.68277069485366,14.2,14.2
서울,성북구,2022,용산역,서울역,49.2,49.2,52.400000000000006,14.2,30.0,5,5.0,8.2,61.92857142857143,15,9.68277069485366,14.2,14.2
서울,성북구,2023,용산역,서울역,49.2,51.2,51.86666666666667,14.2,30.0,5,7.0,7.666666666666667,50.588235294117645,18,9.68277069485366,14.2,14.2
서울,성북구,2024,용산역,서울역,49.2,49.2,51.72631578947369,14.2,30.0,5,5.0,7.526315789473684,47.77777777777778,19,9.68277069485366,14.2,14.2
서울,성북구,2025,용산역,서울역,49.2,49.2,51.62105263157895,14.2,30.0,5,5.0,7.421052631578948,47.77777777777778,19,9.68277069485366,14.2,14.2
서울,송파구,2007,광명역,용산역,70.7,71.7,73.05714285714286,27.7,30.0,13,14.0,15.357142857142858,103.61538461538461,14,22.718410522689556,19.3,19.3
서울,송파구,2008,광명역,용산역,70.7,70.7,71.7,27.7,30.0,13,13.0,14.0,67.92857142857143,15,22.718410522689556,19.3,19.3
서울,송파구,2009,광명역,용산역,70.7,70.7,71.7,27.7,30.0,13,13.0,14.0,67.92857142857143,15,22.718410522689556,19.3,19.3
서울,송파구,2010,광명역,서울역,66.7,72.7,72.41739130434783,27.7,30.0,9,15.0,14.717391304347826,30.622222222222224,46,22.718410522689556,19.3,19.3
서울,송파구,2011,광명역,서울역,66.7,72.7,73.12553191489361,27.7,30.0,9,15.0,15.425531914893616,31.195652173913043,47,22.718410522689556,19.3,19.3
서울,송파구,2012,광명역,서울역,66.7,72.7,73.2,27.7,30.0,9,15.0,15.5,28.137254901960784,52,22.718410522689556,19.3,19.3
서울,송파구,2013,용산역,서울역,57.3,57.3,57.3,19.3,30.0,8,8.0,8.0,,1,13.638789182155971,19.3,19.3
서울,송파구,2014,광명역,서울역,66.7,72.7,74.89642857142857,27.7,30.0,9,15.0,17.196428571428573,26.09090909090909,56,22.718410522689556,19.3,19.3
서울,송파구,2015,광명역,서울역,67.7,74.7,76.559375,27.7,30.0,10,17.0,18.859375,22.682539682539684,64,22.718410522689556,19.3,19.3
서울,송파구,2016,용산역,서울역,54.3,54.3,56.21666666666666,19.3,30.0,5,5.0,6.916666666666667,79.36363636363636,12,13.638789182155971,19.3,19.3
서울,송파구,2017,용산역,서울역,54.3,54.3,56.38333333333333,19.3,30.0,5,5.0,7.083333333333333,79.36363636363636,12,13.638789182155971,19.3,19.3
서울,송파구,2018,용산역,서울역,54.3,54.3,56.166666666666664,19.3,30.0,5,5.0,6.866666666666666,62.07142857142857,15,13.638789182155971,19.3,19.3
서울,송파구,2019,용산역,서울역,54.3,55.3,57.099999999999994,19.3,30.0,5,6.0,7.8,62.07142857142857,15,13.638789182155971,19.3,19.3
서울,송파구,2020,용산역,서울역,54.3,56.8,57.3,19.3,30.0,5,7.5,8.0,57.93333333333333,16,13.638789182155971,19.3,19.3
서울,송파구,2021,용산역,서울역,54.3,54.3,57.5,19.3,30.0,5,5.0,8.2,61.92857142857143,15,13.638789182155971,19.3,19.3
서울,송파구,2022,용산역,서울역,54.3,54.3,57.5,19.3,30.0,5,5.0,8.2,61.92857142857143,15,13.638789182155971,19.3,19.3
서울,송파구,2023,용산역,서울역,54.3,56.3,56.96666666666666,19.3,30.0,5,7.0,7.666666666666667,50.588235294117645,18,13.638789182155971,19.3,19.3
서울,송파구,2024,용산역,서울역,54.3,54.3,56.82631578947368,19.3,30.0,5,5.0,7.526315789473684,47.77777777777778,19,13.638789182155971,19.3,19.3
서울,송파구,2025,용산역,서울역,54.3,54.3,56.72105263157894,19.3,30.0,5,5.0,7.421052631578948,47.77777777777778,19,13.638789182155971,19.3,19.3
서울,양천구,2007,광명역,용산역,58.2,59.2,60.557142857142864,15.2,30.0,13,14.0,15.357142857142858,103.61538461538461,14,11.785263005118956,13.0,13.0
서울,양천구,2008,광명역,용산역,58.2,58.2,59.2,15.2,30.0,13,13.0,14.0,67.92857142857143,15,11.785263005118956,13.0,13.0
서울,양천구,2009,광명역,용산역,58.2,58.2,59.2,15.2,30.0,13,13.0,14.0,67.92857142857143,15,11.785263005118956,13.0,13.0
서울,양천구,2010,광명역,서울역,54.2,60.2,59.91739130434783,15.2,30.0,9,15.0,14.717391304347826,30.622222222222224,46,11.785263005118956,13.0,13.0
서울,양천구,2011,광명역,서울역,54.2,60.2,60.62553191489362,15.2,30.0,9,15.0,15.425531914893616,31.195652173913043,47,11.785263005118956,13.0,13.0
서울,양천구,2012,광명역,서울역,54.2,60.2,60.7,15.2,30.0,9,15.0,15.5,28.137254901960784,52,11.785263005118956,13.0,13.0
서울,양천구,2013,용산역,서울역,51.0,51.0,51.0,13.0,30.0,8,8.0,8.0,,1,9.606401736637505,13.0,13.0
서울,양천구,2014,광명역,서울역,54.2,60.2,62.39642857142857,15.2,30.0,9,15.0,17.196428571428573,26.09090909090909,56,11.785263005118956,13.0,13.0
서울,양천구,2015,광명역,서울역,55.2,62.2,64.059375,15.2,30.0,10,17.0,18.859375,22.682539682539684,64,11.785263005118956,13.0,13.0
서울,양천구,2016,영등포역,서울역,45.2,45.2,45.2,6.2,30.0,9,9.0,9.0,691.0,2,5.119356848570755,13.0,13.0
서울,양천구,2017,영등포역,서울역,45.2,45.2,45.2,6.2,30.0,9,9.0,9.0,691.0,2,5.119356848570755,13.0,13.0
서울,양천구,2018,영등포역,서울역,45.2,45.2,45.45,6.2,30.0,9,9.0,9.25,231.0,4,5.119356848570755,13.0,13.0
서울,양천구,2019,영등포역,서울역,45.2,45.2,45.53333333333334,6.2,30.0,9,9.0,9.333333333333334,158.4,6,5.119356848570755,13.0,13.0
서울,양천구,2020,영등포역,서울역,45.2,45.2,45.53333333333334,6.2,30.0,9,9.0,9.333333333333334,158.4,6,5.119356848570755,13.0,13.0
서울,양천구,2021,영등포역,서울역,45.2,45.2,45.2,6.2,30.0,9,9.0,9.0,156.8,6,5.119356848570755,13.0,13.0
서울,양천구,2022,영등포역,서울역,45.2,45.2,45.2,6.2,30.0,9,9.0,9.0,156.8,6,5.119356848570755,13.0,13.0
서울,양천구,2023,영등포역,서울역,47.2,47.2,47.2,6.2,30.0,11,11.0,11.0,156.8,6,5.119356848570755,13.0,13.0
서울,양천구,2024,영등포역,서울역,47.2,47.2,47.2,6.2,30.0,11,11.0,11.0,113.85714285714286,8,5.119356848570755,13.0,13.0
서울,양천구,2025,영등포역,서울역,47.2,47.2,47.2,6.2,30.0,11,11.0,11.0,113.85714285714286,8,5.119356848570755,13.0,13.0
서울,영등포구,2007,광명역,용산역,59.8,60.8,62.15714285714286,16.8,30.0,13,14.0,15.357142857142858,103.61538461538461,14,11.565084781482023,8.6,8.6
서울,영등포구,2008,광명역,용산역,59.8,59.8,60.8,16.8,30.0,13,13.0,14.0,67.92857142857143,15,11.565084781482023,8.6,8.6
서울,영등포구,2009,광명역,용산역,59.8,59.8,60.8,16.8,30.0,13,13.0,14.0,67.92857142857143,15,11.565084781482023,8.6,8.6
서울,영등포구,2010,광명역,서울역,55.8,61.8,61.517391304347825,16.8,30.0,9,15.0,14.717391304347826,30.622222222222224,46,11.565084781482023,8.6,8.6
서울,영등포구,2011,광명역,서울역,55.8,61.8,62.225531914893615,16.8,30.0,9,15.0,15.425531914893616,31.195652173913043,47,11.565084781482023,8.6,8.6
서울,영등포구,2012,광명역,서울역,55.8,61.8,62.3,16.8,30.0,9,15.0,15.5,28.137254901960784,52,11.565084781482023,8.6,8.6
서울,영등포구,2013,용산역,서울역,46.5,46.5,46.5,8.5,30.0,8,8.0,8.0,,1,4.8159864862132995,8.6,8.6
서울,영등포구,2014,광명역,서울역,55.8,61.8,63.99642857142857,16.8,30.0,9,15.0,17.196428571428573,26.09090909090909,56,11.565084781482023,8.6,8.6
서울,영등포구,2015,광명역,서울역,56.8,63.8,65.659375,16.8,30.0,10,17.0,18.859375,22.682539682539684,64,11.565084781482023,8.6,8.6
서울,영등포구,2016,영등포역,서울역,40.7,40.7,40.7,1.7,30.0,9,9.0,9.0,691.0,2,0.5553983797662478,8.6,8.6
서울,영등포구,2017,영등포역,서울역,40.7,40.7,40.7,1.7,30.0,9,9.0,9.0,691.0,2,0.5553983797662478,8.6,8.6
서울,영등포구,2018,영등포역,서울역,40.7,40.7,40.95,1.7,30.0,9,9.0,9.25,231.0,4,0.5553983797662478,8.6,8.6
서울,영등포구,2019,영등포역,서울역,40.7,40.7,41.03333333333333,1.7,30.0,9,9.0,9.333333333333334,158.4,6,0.5553983797662478,8.6,8.6
서울,영등포구,2020,영등포역,서울역,40.7,40.7,41.03333333333333,1.7,30.0,9,9.0,9.333333333333334,158.4,6,0.5553983797662478,8.6,8.6
서울,영등포구,2021,영등포역,서울역,40.7,40.7,40.7,1.7,30.0,9,9.0,9.0,156.8,6,0.5553983797662478,8.6,8.6
서울,영등포구,2022,영등포역,서울역,40.7,40.7,40.7,1.7,30.0,9,9.0,9.0,156.8,6,0.5553983797662478,8.6,8.6
서울,영등포구,2023,영등포역,서울역,42.7,42.7,42.7,1.7,30.0,11,11.0,11.0,156.8,6,0.5553983797662478,8.6,8.6
서울,영등포구,2024,영등포역,서울역,42.7,42.7,42.7,1.7,30.0,11,11.0,11.0,113.85714285714286,8,0.5553983797662478,8.6,8.6
서울,영등포구,2025,영등포역,서울역,42.7,42.7,42.7,1.7,30.0,11,11.0,11.0,113.85714285714286,8,0.5553983797662478,8.6,8.6
서울,용산구,2007,광명역,용산역,65.4,66.4,67.75714285714285,22.4,30.0,13,14.0,15.357142857142858,103.61538461538461,14,15.053569064196783,5.5,5.5
서울,용산구,2008,광명역,용산역,65.4,65.4,66.4,22.4,30.0,13,13.0,14.0,67.92857142857143,15,15.053569064196783,5.5,5.5
서울,용산구,2009,광명역,용산역,65.4,65.4,66.4,22.4,30.0,13,13.0,14.0,67.92857142857143,15,15.053569064196783,5.5,5.5
서울,용산구,2010,광명역,서울역,61.4,67.4,67.11739130434782,22.4,30.0,9,15.0,14.717391304347826,30.622222222222224,46,15.053569064196783,5.5,5.5
서울,용산구,2011,광명역,서울역,61.4,67.4,67.82553191489362,22.4,30.0,9,15.0,15.425531914893616,31.195652173913043,47,15.053569064196783,5.5,5.5
서울,용산구,2012,광명역,서울역,61.4,67.4,67.9,22.4,30.0,9,15.0,15.5,28.137254901960784,52,15.053569064196783,5.5,5.5
서울,용산구,2013,용산역,서울역,43.5,43.5,43.5,5.5,30.0,8,8.0,8.0,,1,1.4270705901535394,5.5,5.5
서울,용산구,2014,광명역,서울역,61.4,67.4,69.59642857142858,22.4,30.0,9,15.0,17.196428571428573,26.09090909090909,56,15.053569064196783,5.5,5.5
서울,용산구,2015,광명역,서울역,62.4,69.4,71.259375,22.4,30.0,10,17.0,18.859375,22.682539682539684,64,15.053569064196783,5.5,5.5
서울,용산구,2016,용산역,서울역,40.5,40.5,42.416666666666664,5.5,30.0,5,5.0,6.916666666666667,79.36363636363636,12,1.4270705901535394,5.5,5.5
서울,용산구,2017,용산역,서울역,40.5,40.5,42.583333333333336,5.5,30.0,5,5.0,7.083333333333333,79.36363636363636,12,1.4270705901535394,5.5,5.5
서울,용산구,2018,용산역,서울역,40.5,40.5,42.36666666666667,5.5,30.0,5,5.0,6.866666666666666,62.07142857142857,15,1.4270705901535394,5.5,5.5
서울,용산구,2019,용산역,서울역,40.5,41.5,43.3,5.5,30.0,5,6.0,7.8,62.07142857142857,15,1.4270705901535394,5.5,5.5
서울,용산구,2020,용산역,서울역,40.5,43.0,43.5,5.5,30.0,5,7.5,8.0,57.93333333333333,16,1.4270705901535394,5.5,5.5
서울,용산구,2021,용산역,서울역,40.5,40.5,43.7,5.5,30.0,5,5.0,8.2,61.92857142857143,15,1.4270705901535394,5.5,5.5
서울,용산구,2022,용산역,서울역,40.5,40.5,43.7,5.5,30.0,5,5.0,8.2,61.92857142857143,15,1.4270705901535394,5.5,5.5
서울,용산구,2023,용산역,서울역,40.5,42.5,43.166666666666664,5.5,30.0,5,7.0,7.666666666666667,50.588235294117645,18,1.4270705901535394,5.5,5.5
서울,용산구,2024,용산역,서울역,40.5,40.5,43.026315789473685,5.5,30.0,5,5.0,7.526315789473684,47.77777777777778,19,1.4270705901535394,5.5,5.5
서울,용산구,2025,용산역,서울역,40.5,40.5,42.921052631578945,5.5,30.0,5,5.0,7.421052631578948,47.77777777777778,19,1.4270705901535394,5.5,5.5
서울,은평구,2007,광명역,용산역,73.2,74.2,75.55714285714286,30.2,30.0,13,14.0,15.357142857142858,103.61538461538461,14,22.398649403888637,16.8,16.8
서울,은평구,2008,광명역,용산역,73.2,73.2,74.2,30.2,30.0,13,13.0,14.0,67.92857142857143,15,22.398649403888637,16.8,16.8
서울,은평구,2009,광명역,용산역,73.2,73.2,74.2,30.2,30.0,13,13.0,14.0,67.92857142857143,15,22.398649403888637,16.8,16.8
서울,은평구,2010,광명역,서울역,69.2,75.2,74.91739130434783,30.2,30.0,9,15.0,14.717391304347826,30.622222222222224,46,22.398649403888637,16.8,16.8
서울,은평구,2011,광명역,서울역,69.2,75.2,75.62553191489361,30.2,30.0,9,15.0,15.425531914893616,31.195652173913043,47,22.398649403888637,16.8,16.8
서울,은평구,2012,광명역,서울역,69.2,75.2,75.7,30.2,30.0,9,15.0,15.5,28.137254901960784,52,22.398649403888637,16.8,16.8
서울,은평구,2013,용산역,서울역,54.8,54.8,54.8,16.8,30.0,8,8.0,8.0,,1,10.4656413769707,16.8,16.8
서울,은평구,2014,광명역,서울역,69.2,75.2,77.39642857142857,30.2,30.0,9,15.0,17.196428571428573,26.09090909090909,56,22.398649403888637,16.8,16.8
서울,은평구,2015,광명역,서울역,70.2,77.2,79.059375,30.2,30.0,10,17.0,18.859375,22.682539682539684,64,22.398649403888637,16.8,16.8
서울,은평구,2016,용산역,서울역,51.8,51.8,53.71666666666666,16.8,30.0,5,5.0,6.916666666666667,79.36363636363636,12,10.4656413769707,16.8,16.8
서울,은평구,2017,용산역,서울역,51.8,51.8,53.88333333333333,16.8,30.0,5,5.0,7.083333333333333,79.36363636363636,12,10.4656413769707,16.8,16.8
서울,은평구,2018,용산역,서울역,51.8,51.8,53.666666666666664,16.8,30.0,5,5.0,6.866666666666666,62.07142857142857,15,10.4656413769707,16.8,16.8
서울,은평구,2019,용산역,서울역,51.8,52.8,54.599999999999994,16.8,30.0,5,6.0,7.8,62.07142857142857,15,10.4656413769707,16.8,16.8
서울,은평구,2020,용산역,서울역,51.8,54.3,54.8,16.8,30.0,5,7.5,8.0,57.93333333333333,16,10.4656413769707,16.8,16.8
서울,은평구,2021,용산역,서울역,51.8,51.8,55.0,16.8,30.0,5,5.0,8.2,61.92857142857143,15,10.4656413769707,16.8,16.8
서울,은평구,2022,용산역,서울역,51.8,51.8,55.0,16.8,30.0,5,5.0,8.2,61.92857142857143,15,10.4656413769707,16.8,16.8
서울,은평구,2023,용산역,서울역,51.8,53.8,54.46666666666666,16.8,30.0,5,7.0,7.666666666666667,50.588235294117645,18,10.4656413769707,16.8,16.8
서울,은평구,2024,용산역,서울역,51.8,51.8,54.32631578947368,16.8,30.0,5,5.0,7.526315789473684,47.77777777777778,19,10.4656413769707,16.8,16.8
서울,은평구,2025,용산역,서울역,51.8,51.8,54.22105263157894,16.8,30.0,5,5.0,7.421052631578948,47.77777777777778,19,10.4656413769707,16.8,16.8
서울,종로구,2007,광명역,용산역,71.7,72.7,74.05714285714286,28.7,30.0,13,14.0,15.357142857142858,103.61538461538461,14,21.110305691825847,11.7,11.7
서울,종로구,2008,광명역,용산역,71.7,71.7,72.7,28.7,30.0,13,13.0,14.0,67.92857142857143,15,21.110305691825847,11.7,11.7
서울,종로구,2009,광명역,용산역,71.7,71.7,72.7,28.7,30.0,13,13.0,14.0,67.92857142857143,15,21.110305691825847,11.7,11.7
서울,종로구,2010,광명역,서울역,67.7,73.7,73.41739130434783,28.7,30.0,9,15.0,14.717391304347826,30.622222222222224,46,21.110305691825847,11.7,11.7
서울,종로구,2011,광명역,서울역,67.7,73.7,74.12553191489361,28.7,30.0,9,15.0,15.425531914893616,31.195652173913043,47,21.110305691825847,11.7,11.7
서울,종로구,2012,광명역,서울역,67.7,73.7,74.2,28.7,30.0,9,15.0,15.5,28.137254901960784,52,21.110305691825847,11.7,11.7
서울,종로구,2013,용산역,서울역,49.7,49.7,49.7,11.7,30.0,8,8.0,8.0,,1,7.346243475956753,11.7,11.7
서울,종로구,2014,광명역,서울역,67.7,73.7,75.89642857142857,28.7,30.0,9,15.0,17.196428571428573,26.09090909090909,56,21.110305691825847,11.7,11.7
서울,종로구,2015,광명역,서울역,68.7,75.7,77.559375,28.7,30.0,10,17.0,18.859375,22.682539682539684,64,21.110305691825847,11.7,11.7
서울,종로구,2016,용산역,서울역,46.7,46.7,48.61666666666667,11.7,30.0,5,5.0,6.916666666666667,79.36363636363636,12,7.346243475956753,11.7,11.7
서울,종로구,2017,용산역,서울역,46.7,46.7,48.78333333333334,11.7,30.0,5,5.0,7.083333333333333,79.36363636363636,12,7.346243475956753,11.7,11.7
서울,종로구,2018,용산역,서울역,46.7,46.7,48.56666666666667,11.7,30.0,5,5.0,6.866666666666666,62.07142857142857,15,7.346243475956753,11.7,11.7
서울,종로구,2019,용산역,서울역,46.7,47.7,49.5,11.7,30.0,5,6.0,7.8,62.07142857142857,15,7.346243475956753,11.7,11.7
서울,종로구,2020,용산역,서울역,46.7,49.2,49.7,11.7,30.0,5,7.5,8.0,57.93333333333333,16,7.346243475956753,11.7,11.7
서울,종로구,2021,용산역,서울역,46.7,46.7,49.900000000000006,11.7,30.0,5,5.0,8.2,61.92857142857143,15,7.346243475956753,11.7,11.7
서울,종로구,2022,용산역,서울역,46.7,46.7,49.900000000000006,11.7,30.0,5,5.0,8.2,61.92857142857143,15,7.346243475956753,11.7,11.7
서울,종로구,2023,용산역,서울역,46.7,48.7,49.36666666666667,11.7,30.0,5,7.0,7.666666666666667,50.588235294117645,18,7.346243475956753,11.7,11.7
서울,종로구,2024,용산역,서울역,46.7,46.7,49.22631578947369,11.7,30.0,5,5.0,7.526315789473684,47.77777777777778,19,7.346243475956753,11.7,11.7
서울,종로구,2025,용산역,서울역,46.7,46.7,49.12105263157895,11.7,30.0,5,5.0,7.421052631578948,47.77777777777778,19,7.346243475956753,11.7,11.7
서울,중구,2007,광명역,용산역,67.8,68.8,70.15714285714286,24.8,30.0,13,14.0,15.357142857142858,103.61538461538461,14,18.488090571729686,7.8,7.8
서울,중구,2008,광명역,용산역,67.8,67.8,68.8,24.8,30.0,13,13.0,14.0,67.92857142857143,15,18.488090571729686,7.8,7.8
서울,중구,2009,광명역,용산역,67.8,67.8,68.8,24.8,30.0,13,13.0,14.0,67.92857142857143,15,18.488090571729686,7.8,7.8
서울,중구,2010,광명역,서울역,63.8,69.8,69.51739130434783,24.8,30.0,9,15.0,14.717391304347826,30.622222222222224,46,18.488090571729686,7.8,7.8
서울,중구,2011,광명역,서울역,63.8,69.8,70.22553191489361,24.8,30.0,9,15.0,15.425531914893616,31.195652173913043,47,18.488090571729686,7.8,7.8
서울,중구,2012,광명역,서울역,63.8,69.8,70.3,24.8,30.0,9,15.0,15.5,28.137254901960784,52,18.488090571729686,7.8,7.8
서울,중구,2013,용산역,서울역,45.7,45.7,45.7,7.7,30.0,8,8.0,8.0,,1,4.4145507012991585,7.8,7.8
서울,중구,2014,광명역,서울역,63.8,69.8,71.99642857142857,24.8,30.0,9,15.0,17.196428571428573,26.09090909090909,56,18.488090571729686,7.8,7.8
서울,중구,2015,광명역,서울역,64.8,71.8,73.659375,24.8,30.0,10,17.0,18.859375,22.682539682539684,64,18.488090571729686,7.8,7.8
서울,중구,2016,용산역,서울역,42.7,42.7,44.61666666666667,7.7,30.0,5,5.0,6.916666666666667,79.36363636363636,12,4.4145507012991585,7.8,7.8
서울,중구,2017,용산역,서울역,42.7,42.7,44.78333333333334,7.7,30.0,5,5.0,7.083333333333333,79.36363636363636,12,4.4145507012991585,7.8,7.8
서울,중구,2018,용산역,서울역,42.7,42.7,44.56666666666667,7.7,30.0,5,5.0,6.866666666666666,62.07142857142857,15,4.4145507012991585,7.8,7.8
서울,중구,2019,용산역,서울역,42.7,43.7,45.5,7.7,30.0,5,6.0,7.8,62.07142857142857,15,4.4145507012991585,7.8,7.8
서울,중구,2020,용산역,서울역,42.7,45.2,45.7,7.7,30.0,5,7.5,8.0,57.93333333333333,16,4.4145507012991585,7.8,7.8
서울,중구,2021,용산역,서울역,42.7,42.7,45.900000000000006,7.7,30.0,5,5.0,8.2,61.92857142857143,15,4.4145507012991585,7.8,7.8
서울,중구,2022,용산역,서울역,42.7,42.7,45.900000000000006,7.7,30.0,5,5.0,8.2,61.92857142857143,15,4.4145507012991585,7.8,7.8
서울,중구,2023,용산역,서울역,42.7,44.7,45.36666666666667,7.7,30.0,5,7.0,7.666666666666667,50.588235294117645,18,4.4145507012991585,7.8,7.8
서울,중구,2024,용산역,서울역,42.7,42.7,45.22631578947369,7.7,30.0,5,5.0,7.526315789473684,47.77777777777778,19,4.4145507012991585,7.8,7.8
서울,중구,2025,용산역,서울역,42.7,42.7,45.12105263157895,7.7,30.0,5,5.0,7.421052631578948,47.77777777777778,19,4.4145507012991585,7.8,7.8
서울,중랑구,2007,광명역,용산역,78.5,79.5,80.85714285714286,35.5,30.0,13,14.0,15.357142857142858,103.61538461538461,14,27.11701533785863,18.9,18.9
서울,중랑구,2008,광명역,용산역,78.5,78.5,79.5,35.5,30.0,13,13.0,14.0,67.92857142857143,15,27.11701533785863,18.9,18.9
서울,중랑구,2009,광명역,용산역,78.5,78.5,79.5,35.5,30.0,13,13.0,14.0,67.92857142857143,15,27.11701533785863,18.9,18.9
서울,중랑구,2010,광명역,서울역,74.5,80.5,80.21739130434783,35.5,30.0,9,15.0,14.717391304347826,30.622222222222224,46,27.11701533785863,18.9,18.9
서울,중랑구,2011,광명역,서울역,74.5,80.5,80.92553191489361,35.5,30.0,9,15.0,15.425531914893616,31.195652173913043,47,27.11701533785863,18.9,18.9
서울,중랑구,2012,광명역,서울역,74.5,80.5,81.0,35.5,30.0,9,15.0,15.5,28.137254901960784,52,27.11701533785863,18.9,18.9
서울,중랑구,2013,용산역,서울역,56.9,56.9,56.9,18.9,30.0,8,8.0,8.0,,1,13.677238208122379,18.9,18.9
서울,중랑구,2014,광명역,서울역,74.5,80.5,82.69642857142857,35.5,30.0,9,15.0,17.196428571428573,26.09090909090909,56,27.11701533785863,18.9,18.9
서울,중랑구,2015,광명역,서울역,75.5,82.5,84.359375,35.5,30.0,10,17.0,18.859375,22.682539682539684,64,27.11701533785863,18.9,18.9
서울,중랑구,2016,용산역,서울역,53.9,53.9,55.81666666666666,18.9,30.0,5,5.0,6.916666666666667,79.36363636363636,12,13.677238208122379,18.9,18.9
서울,중랑구,2017,용산역,서울역,53.9,53.9,55.983333333333334,18.9,30.0,5,5.0,7.083333333333333,79.36363636363636,12,13.677238208122379,18.9,18.9
서울,중랑구,2018,용산역,서울역,53.9,53.9,55.766666666666666,18.9,30.0,5,5.0,6.866666666666666,62.07142857142857,15,13.677238208122379,18.9,18.9
서울,중랑구,2019,용산역,서울역,53.9,54.9,56.699999999999996,18.9,30.0,5,6.0,7.8,62.07142857142857,15,13.677238208122379,18.9,18.9
서울,중랑구,2020,용산역,서울역,53.9,56.4,56.9,18.9,30.0,5,7.5,8.0,57.93333333333333,16,13.677238208122379,18.9,18.9
서울,중랑구,2021,용산역,서울역,53.9,53.9,57.099999999999994,18.9,30.0,5,5.0,8.2,61.92857142857143,15,13.677238208122379,18.9,18.9
서울,중랑구,2022,용산역,서울역,53.9,53.9,57.099999999999994,18.9,30.0,5,5.0,8.2,61.92857142857143,15,13.677238208122379,18.9,18.9
서울,중랑구,2023,용산역,서울역,53.9,55.9,56.56666666666666,18.9,30.0,5,7.0,7.666666666666667,50.588235294117645,18,13.677238208122379,18.9,18.9
서울,중랑구,2024,용산역,서울역,53.9,53.9,56.42631578947368,18.9,30.0,5,5.0,7.526315789473684,47.77777777777778,19,13.677238208122379,18.9,18.9
서울,중랑구,2025,용산역,서울역,53.9,53.9,56.321052631578944,18.9,30.0,5,5.0,7.421052631578948,47.77777777777778,19,13.677238208122379,18.9,18.9
울산,남구,2007,,,,,,,,,,,,,,287.4,287.4
울산,남구,2008,,,,,,,,,,,,,,287.4,287.4
울산,남구,2009,,,,,,,,,,,,,,287.4,287.4
울산,남구,2010,울산역,서울역,162.1,176.1,184.54444444444445,8.1,30.0,124,138.0,146.44444444444446,29.97142857142857,36,3.56307141124421,287.4,176.1
울산,남구,2011,울산역,서울역,172.1,182.6,192.04736842105262,8.1,30.0,134,144.5,153.94736842105263,29.0,38,3.56307141124421,287.4,182.6
울산,남구,2012,울산역,서울역,167.1,181.1,190.00697674418603,8.1,30.0,129,143.0,151.90697674418604,25.547619047619047,43,3.56307141124421,287.4,181.1
울산,남구,2013,울산역,서울역,167.1,183.1,189.85555555555555,8.1,30.0,129,145.0,151.75555555555556,23.863636363636363,45,3.56307141124421,287.4,183.1
울산,남구,2014,울산역,서울역,167.1,190.1,193.05744680851063,8.1,30.0,129,152.0,154.95744680851064,23.32608695652174,47,3.56307141124421,287.4,190.1
울산,남구,2015,울산역,서울역,164.1,181.6,188.14545454545453,8.1,30.0,126,143.5,150.04545454545453,24.697674418604652,44,3.56307141124421,287.4,181.6
울산,남구,2016,울산역,용산역,161.1,170.1,168.76666666666665,8.1,30.0,123,132.0,130.66666666666666,325.0,3,3.56307141124421,287.4,170.1
울산,남구,2017,울산역,용산역,165.1,174.6,172.43333333333334,8.1,30.0,127,136.5,134.33333333333334,154.0,6,3.56307141124421,287.4,174.6
울산,남구,2018,울산역,서울역,166.1,177.1,179.37777777777777,8.1,30.0,128,139.0,141.27777777777777,30.97142857142857,36,3.56307141124421,287.4,177.1
울산,남구,2019,울산역,서울역,160.1,177.1,179.96842105263158,8.1,30.0,122,139.0,141.8684210526316,29.27027027027027,38,3.56307141124421,287.4,177.1
울산,남구,2020,울산역,서울역,160.1,177.1,179.94210526315788,8.1,30.0,122,139.0,141.8421052631579,29.27027027027027,38,3.56307141124421,287.4,177.1
울산,남구,2021,울산역,서울역,160.1,177.1,178.2315789473684,8.1,30.0,122,139.0,140.1315789473684,29.324324324324323,38,3.56307141124421,287.4,177.1
울산,남구,2022,울산역,서울역,160.1,177.1,178.2315789473684,8.1,30.0,122,139.0,140.1315789473684,29.324324324324323,38,3.56307141124421,287.4,177.1
울산,남구,2023,울산역,서울역,162.1,181.1,182.4095238095238,8.1,30.0,124,143.0,144.3095238095238,25.24390243902439,42,3.56307141124421,287.4,181.1
울산,남구,2024,울산역,서울역,162.1,182.1,183.76666666666665,8.1,30.0,124,144.0,145.66666666666666,23.522727272727273,45,3.56307141124421,287.4,182.1
울산,남구,2025,울산역,서울역,162.1,182.6,184.8272727272727,8.1,30.0,124,144.5,146.72727272727272,24.069767441860463,44,3.56307141124421,287.4,182.6
울산,동구,2007,,,,,,,,,,,,,,291.7,291.7
울산,동구,2008,,,,,,,,,,,,,,291.7,291.7
울산,동구,2009,,,,,,,,,,,,,,291.7,291.7
울산,동구,2010,울산역,서울역,169.7,183.7,192.14444444444445,15.7,30.0,124,138.0,146.44444444444446,29.97142857142857,36,6.642066920545621,291.7,183.7
울산,동구,2011,울산역,서울역,179.7,190.2,199.64736842105265,15.7,30.0,134,144.5,153.94736842105263,29.0,38,6.642066920545621,291.7,190.2
울산,동구,2012,울산역,서울역,174.7,188.7,197.60697674418606,15.7,30.0,129,143.0,151.90697674418604,25.547619047619047,43,6.642066920545621,291.7,188.7
울산,동구,2013,울산역,서울역,174.7,190.7,197.45555555555558,15.7,30.0,129,145.0,151.75555555555556,23.863636363636363,45,6.642066920545621,291.7,190.7
울산,동구,2014,울산역,서울역,174.7,197.7,200.65744680851066,15.7,30.0,129,152.0,154.95744680851064,23.32608695652174,47,6.642066920545621,291.7,197.7
울산,동구,2015,울산역,서울역,171.7,189.2,195.74545454545455,15.7,30.0,126,143.5,150.04545454545453,24.697674418604652,44,6.642066920545621,291.7,189.2
울산,동구,2016,울산역,용산역,168.7,177.7,176.36666666666667,15.7,30.0,123,132.0,130.66666666666666,325.0,3,6.642066920545621,291.7,177.7
울산,동구,2017,울산역,용산역,172.7,182.2,180.03333333333336,15.7,30.0,127,136.5,134.33333333333334,154.0,6,6.642066920545621,291.7,182.2
울산,동구,2018,울산역,서울역,173.7,184.7,186.97777777777776,15.7,30.0,128,139.0,141.27777777777777,30.97142857142857,36,6.642066920545621,291.7,184.7
울산,동구,2019,울산역,서울역,167.7,184.7,187.5684210526316,15.7,30.0,122,139.0,141.8684210526316,29.27027027027027,38,6.642066920545621,291.7,184.7
울산,동구,2020,울산역,서울역,167.7,184.7,187.5421052631579,15.7,30.0,122,139.0,141.8421052631579,29.27027027027027,38,6.642066920545621,291.7,184.7
울산,동구,2021,울산역,서울역,167.7,184.7,185.83157894736843,15.7,30.0,122,139.0,140.1315789473684,29.324324324324323,38,6.642066920545621,291.7,184.7
울산,동구,2022,울산역,서울역,167.7,184.7,185.83157894736843,15.7,30.0,122,139.0,140.1315789473684,29.324324324324323,38,6.642066920545621,291.7,184.7
울산,동구,2023,울산역,서울역,169.7,188.7,190.00952380952378,15.7,30.0,124,143.0,144.3095238095238,25.24390243902439,42,6.642066920545621,291.7,188.7
울산,동구,2024,울산역,서울역,169.7,189.7,191.36666666666667,15.7,30.0,124,144.0,145.66666666666666,23.522727272727273,45,6.642066920545621,291.7,189.7
울산,동구,2025,울산역,서울역,169.7,190.2,192.42727272727274,15.7,30.0,124,144.5,146.72727272727272,24.069767441860463,44,6.642066920545621,291.7,190.2
울산,북구,2007,,,,,,,,,,,,,,279.4,279.4
울산,북구,2008,,,,,,,,,,,,,,279.4,279.4
울산,북구,2009,,,,,,,,,,,,,,279.4,279.4
울산,북구,2010,울산역,서울역,169.2,183.2,191.64444444444445,15.2,30.0,124,138.0,146.44444444444446,29.97142857142857,36,8.153588440256572,279.4,183.2
울산,북구,2011,울산역,서울역,179.2,189.7,199.14736842105265,15.2,30.0,134,144.5,153.94736842105263,29.0,38,8.153588440256572,279.4,189.7
울산,북구,2012,울산역,서울역,174.2,188.2,197.10697674418606,15.2,30.0,129,143.0,151.90697674418604,25.547619047619047,43,8.153588440256572,279.4,188.2
울산,북구,2013,울산역,서울역,174.2,190.2,196.95555555555558,15.2,30.0,129,145.0,151.75555555555556,23.863636363636363,45,8.153588440256572,279.4,190.2
울산,북구,2014,울산역,서울역,174.2,197.2,200.15744680851066,15.2,30.0,129,152.0,154.95744680851064,23.32608695652174,47,8.153588440256572,279.4,197.2
울산,북구,2015,울산역,서울역,171.2,188.7,195.24545454545455,15.2,30.0,126,143.5,150.04545454545453,24.697674418604652,44,8.153588440256572,279.4,188.7
울산,북구,2016,울산역,용산역,168.2,177.2,175.86666666666667,15.2,30.0,123,132.0,130.66666666666666,325.0,3,8.153588440256572,279.4,177.2
울산,북구,2017,울산역,용산역,172.2,181.7,179.53333333333336,15.2,30.0,127,136.5,134.33333333333334,154.0,6,8.153588440256572,279.4,181.7
울산,북구,2018,울산역,서울역,173.2,184.2,186.47777777777776,15.2,30.0,128,139.0,141.27777777777777,30.97142857142857,36,8.153588440256572,279.4,184.2
울산,북구,2019,울산역,서울역,167.2,184.2,187.0684210526316,15.2,30.0,122,139.0,141.8684210526316,29.27027027027027,38,8.153588440256572,279.4,184.2
울산,북구,2020,울산역,서울역,167.2,184.2,187.0421052631579,15.2,30.0,122,139.0,141.8421052631579,29.27027027027027,38,8.153588440256572,279.4,184.2
울산,북구,2021,울산역,서울역,167.2,184.2,185.33157894736843,15.2,30.0,122,139.0,140.1315789473684,29.324324324324323,38,8.153588440256572,279.4,184.2
울산,북구,2022,울산역,서울역,167.2,184.2,185.33157894736843,15.2,30.0,122,139.0,140.1315789473684,29.324324324324323,38,8.153588440256572,279.4,184.2
울산,북구,2023,울산역,서울역,169.2,188.2,189.50952380952378,15.2,30.0,124,143.0,144.3095238095238,25.24390243902439,42,8.153588440256572,279.4,188.2
울산,북구,2024,울산역,서울역,169.2,189.2,190.86666666666667,15.2,30.0,124,144.0,145.66666666666666,23.522727272727273,45,8.153588440256572,279.4,189.2
울산,북구,2025,울산역,서울역,169.2,189.7,191.92727272727274,15.2,30.0,124,144.5,146.72727272727272,24.069767441860463,44,8.153588440256572,279.4,189.7
울산,울주군,2007,,,,,,,,,,,,,,273.6,273.6
울산,울주군,2008,,,,,,,,,,,,,,273.6,273.6
울산,울주군,2009,,,,,,,,,,,,,,273.6,273.6
울산,울주군,2010,울산역,서울역,177.1,191.1,199.54444444444445,23.1,30.0,124,138.0,146.44444444444446,29.97142857142857,36,15.187529558268189,273.6,191.1
울산,울주군,2011,울산역,서울역,187.1,197.6,207.04736842105262,23.1,30.0,134,144.5,153.94736842105263,29.0,38,15.187529558268189,273.6,197.6
울산,울주군,2012,울산역,서울역,182.1,196.1,205.00697674418603,23.1,30.0,129,143.0,151.90697674418604,25.547619047619047,43,15.187529558268189,273.6,196.1
울산,울주군,2013,울산역,서울역,182.1,198.1,204.85555555555555,23.1,30.0,129,145.0,151.75555555555556,23.863636363636363,45,15.187529558268189,273.6,198.1
울산,울주군,2014,울산역,서울역,182.1,205.1,208.05744680851063,23.1,30.0,129,152.0,154.95744680851064,23.32608695652174,47,15.187529558268189,273.6,205.1
울산,울주군,2015,울산역,서울역,179.1,196.6,203.14545454545453,23.1,30.0,126,143.5,150.04545454545453,24.697674418604652,44,15.187529558268189,273.6,196.6
울산,울주군,2016,울산역,용산역,176.1,185.1,183.76666666666665,23.1,30.0,123,132.0,130.66666666666666,325.0,3,15.187529558268189,273.6,185.1
울산,울주군,2017,울산역,용산역,180.1,189.6,187.43333333333334,23.1,30.0,127,136.5,134.33333333333334,154.0,6,15.187529558268189,273.6,189.6
울산,울주군,2018,울산역,서울역,181.1,192.1,194.37777777777777,23.1,30.0,128,139.0,141.27777777777777,30.97142857142857,36,15.187529558268189,273.6,192.1
울산,울주군,2019,울산역,서울역,175.1,192.1,194.96842105263158,23.1,30.0,122,139.0,141.8684210526316,29.27027027027027,38,15.187529558268189,273.6,192.1
울산,울주군,2020,울산역,서울역,175.1,192.1,194.94210526315788,23.1,30.0,122,139.0,141.8421052631579,29.27027027027027,38,15.187529558268189,273.6,192.1
울산,울주군,2021,울산역,서울역,175.1,192.1,193.2315789473684,23.1,30.0,122,139.0,140.1315789473684,29.324324324324323,38,15.187529558268189,273.6,192.1
울산,울주군,2022,울산역,서울역,175.1,192.1,193.2315789473684,23.1,30.0,122,139.0,140.1315789473684,29.324324324324323,38,15.187529558268189,273.6,192.1
울산,울주군,2023,울산역,서울역,177.1,196.1,197.4095238095238,23.1,30.0,124,143.0,144.3095238095238,25.24390243902439,42,15.187529558268189,273.6,196.1
울산,울주군,2024,울산역,서울역,177.1,197.1,198.76666666666665,23.1,30.0,124,144.0,145.66666666666666,23.522727272727273,45,15.187529558268189,273.6,197.1
울산,울주군,2025,울산역,서울역,177.1,197.6,199.8272727272727,23.1,30.0,124,144.5,146.72727272727272,24.069767441860463,44,15.187529558268189,273.6,197.6
울산,중구,2007,,,,,,,,,,,,,,282.8,282.8
울산,중구,2008,,,,,,,,,,,,,,282.8,282.8
울산,중구,2009,,,,,,,,,,,,,,282.8,282.8
울산,중구,2010,울산역,서울역,167.2,181.2,189.64444444444445,13.2,30.0,124,138.0,146.44444444444446,29.97142857142857,36,5.511203977868251,282.8,181.2
울산,중구,2011,울산역,서울역,177.2,187.7,197.14736842105265,13.2,30.0,134,144.5,153.94736842105263,29.0,38,5.511203977868251,282.8,187.7
울산,중구,2012,울산역,서울역,172.2,186.2,195.10697674418606,13.2,30.0,129,143.0,151.90697674418604,25.547619047619047,43,5.511203977868251,282.8,186.2
울산,중구,2013,울산역,서울역,172.2,188.2,194.95555555555558,13.2,30.0,129,145.0,151.75555555555556,23.863636363636363,45,5.511203977868251,282.8,188.2
울산,중구,2014,울산역,서울역,172.2,195.2,198.15744680851066,13.2,30.0,129,152.0,154.95744680851064,23.32608695652174,47,5.511203977868251,282.8,195.2
울산,중구,2015,울산역,서울역,169.2,186.7,193.24545454545455,13.2,30.0,126,143.5,150.04545454545453,24.697674418604652,44,5.511203977868251,282.8,186.7
울산,중구,2016,울산역,용산역,166.2,175.2,173.86666666666667,13.2,30.0,123,132.0,130.66666666666666,325.0,3,5.511203977868251,282.8,175.2
울산,중구,2017,울산역,용산역,170.2,179.7,177.53333333333336,13.2,30.0,127,136.5,134.33333333333334,154.0,6,5.511203977868251,282.8,179.7
울산,중구,2018,울산역,서울역,171.2,182.2,184.47777777777776,13.2,30.0,128,139.0,141.27777777777777,30.97142857142857,36,5.511203977868251,282.8,182.2
울산,중구,2019,울산역,서울역,165.2,182.2,185.0684210526316,13.2,30.0,122,139.0,141.8684210526316,29.27027027027027,38,5.511203977868251,282.8,182.2
울산,중구,2020,울산역,서울역,165.2,182.2,185.0421052631579,13.2,30.0,122,139.0,141.8421052631579,29.27027027027027,38,5.511203977868251,282.8,182.2
울산,중구,2021,울산역,서울역,165.2,182.2,183.33157894736843,13.2,30.0,122,139.0,140.1315789473684,29.324324324324323,38,5.511203977868251,282.8,182.2
울산,중구,2022,울산역,서울역,165.2,182.2,183.33157894736843,13.2,30.0,122,139.0,140.1315789473684,29.324324324324323,38,5.511203977868251,282.8,182.2
울산,중구,2023,울산역,서울역,167.2,186.2,187.50952380952378,13.2,30.0,124,143.0,144.3095238095238,25.24390243902439,42,5.511203977868251,282.8,186.2
울산,중구,2024,울산역,서울역,167.2,187.2,188.86666666666667,13.2,30.0,124,144.0,145.66666666666666,23.522727272727273,45,5.511203977868251,282.8,187.2
울산,중구,2025,울산역,서울역,167.2,187.7,189.92727272727274,13.2,30.0,124,144.5,146.72727272727272,24.069767441860463,44,5.511203977868251,282.8,187.7
인천,강화군,2007,,,,,,,,,,,,,,66.2,66.2
인천,강화군,2008,,,,,,,,,,,,,,66.2,66.2
인천,강화군,2009,,,,,,,,,,,,,,66.2,66.2
인천,강화군,2010,,,,,,,,,,,,,,66.2,66.2
인천,강화군,2011,,,,,,,,,,,,,,66.2,66.2
인천,강화군,2012,,,,,,,,,,,,,,66.2,66.2
인천,강화군,2013,,,,,,,,,,,,,,66.2,66.2
인천,강화군,2014,,,,,,,,,,,,,,66.2,66.2
인천,강화군,2015,,,,,,,,,,,,,,66.2,66.2
인천,강화군,2016,,,,,,,,,,,,,,66.2,66.2
인천,강화군,2017,,,,,,,,,,,,,,66.2,66.2
인천,강화군,2018,,,,,,,,,,,,,,66.2,66.2
인천,강화군,2019,,,,,,,,,,,,,,66.2,66.2
인천,강화군,2020,,,,,,,,,,,,,,66.2,66.2
인천,강화군,2021,,,,,,,,,,,,,,66.2,66.2
인천,강화군,2022,,,,,,,,,,,,,,66.2,66.2
인천,강화군,2023,,,,,,,,,,,,,,66.2,66.2
인천,강화군,2024,,,,,,,,,,,,,,66.2,66.2
인천,강화군,2025,,,,,,,,,,,,,,66.2,66.2
인천,계양구,2007,광명역,용산역,72.5,73.5,74.85714285714286,29.5,30.0,13,14.0,15.357142857142858,103.61538461538461,14,19.967350072867887,30.1,30.1
인천,계양구,2008,광명역,용산역,72.5,72.5,73.5,29.5,30.0,13,13.0,14.0,67.92857142857143,15,19.967350072867887,30.1,30.1
인천,계양구,2009,광명역,용산역,72.5,72.5,73.5,29.5,30.0,13,13.0,14.0,67.92857142857143,15,19.967350072867887,30.1,30.1
인천,계양구,2010,광명역,서울역,68.5,74.5,74.21739130434783,29.5,30.0,9,15.0,14.717391304347826,30.622222222222224,46,19.967350072867887,30.1,30.1
인천,계양구,2011,광명역,서울역,68.5,74.5,74.92553191489361,29.5,30.0,9,15.0,15.425531914893616,31.195652173913043,47,19.967350072867887,30.1,30.1
인천,계양구,2012,광명역,서울역,68.5,74.5,75.0,29.5,30.0,9,15.0,15.5,28.137254901960784,52,19.967350072867887,30.1,30.1
인천,계양구,2013,용산역,서울역,68.1,68.1,68.1,30.1,30.0,8,8.0,8.0,,1,20.482322982318752,30.1,30.1
인천,계양구,2014,광명역,서울역,68.5,74.5,76.69642857142857,29.5,30.0,9,15.0,17.196428571428573,26.09090909090909,56,19.967350072867887,30.1,30.1
인천,계양구,2015,광명역,서울역,69.5,76.5,78.359375,29.5,30.0,10,17.0,18.859375,22.682539682539684,64,19.967350072867887,30.1,30.1
인천,계양구,2016,영등포역,서울역,62.3,62.3,62.3,23.3,30.0,9,9.0,9.0,691.0,2,16.32208767113288,30.1,30.1
인천,계양구,2017,영등포역,서울역,62.3,62.3,62.3,23.3,30.0,9,9.0,9.0,691.0,2,16.32208767113288,30.1,30.1
인천,계양구,2018,영등포역,서울역,62.3,62.3,62.55,23.3,30.0,9,9.0,9.25,231.0,4,16.32208767113288,30.1,30.1
인천,계양구,2019,영등포역,서울역,62.3,62.3,62.63333333333333,23.3,30.0,9,9.0,9.333333333333334,158.4,6,16.32208767113288,30.1,30.1
인천,계양구,2020,영등포역,서울역,62.3,62.3,62.63333333333333,23.3,30.0,9,9.0,9.333333333333334,158.4,6,16.32208767113288,30.1,30.1
인천,계양구,2021,영등포역,서울역,62.3,62.3,62.3,23.3,30.0,9,9.0,9.0,156.8,6,16.32208767113288,30.1,30.1
인천,계양구,2022,영등포역,서울역,62.3,62.3,62.3,23.3,30.0,9,9.0,9.0,156.8,6,16.32208767113288,30.1,30.1
인천,계양구,2023,영등포역,서울역,64.3,64.3,64.3,23.3,30.0,11,11.0,11.0,156.8,6,16.32208767113288,30.1,30.1
인천,계양구,2024,영등포역,서울역,64.3,64.3,64.3,23.3,30.0,11,11.0,11.0,113.85714285714286,8,16.32208767113288,30.1,30.1
인천,계양구,2025,영등포역,서울역,64.3,64.3,64.3,23.3,30.0,11,11.0,11.0,113.85714285714286,8,16.32208767113288,30.1,30.1
인천,남구,2007,광명역,용산역,66.7,67.7,69.05714285714286,23.7,30.0,13,14.0,15.357142857142858,103.61538461538461,14,19.52624498440523,32.3,32.3
인천,남구,2008,광명역,용산역,66.7,66.7,67.7,23.7,30.0,13,13.0,14.0,67.92857142857143,15,19.52624498440523,32.3,32.3
인천,남구,2009,광명역,용산역,66.7,66.7,67.7,23.7,30.0,13,13.0,14.0,67.92857142857143,15,19.52624498440523,32.3,32.3
인천,남구,2010,광명역,서울역,62.7,68.7,68.41739130434783,23.7,30.0,9,15.0,14.717391304347826,30.622222222222224,46,19.52624498440523,32.3,32.3
인천,남구,2011,광명역,서울역,62.7,68.7,69.12553191489361,23.7,30.0,9,15.0,15.425531914893616,31.195652173913043,47,19.52624498440523,32.3,32.3
인천,남구,2012,광명역,서울역,62.7,68.7,69.2,23.7,30.0,9,15.0,15.5,28.137254901960784,52,19.52624498440523,32.3,32.3
인천,남구,2013,광명역,서울역,62.7,68.7,69.57037037037037,23.7,30.0,9,15.0,15.87037037037037,27.07547169811321,54,19.52624498440523,32.3,32.3
인천,남구,2014,광명역,서울역,62.7,68.7,70.89642857142857,23.7,30.0,9,15.0,17.196428571428573,26.09090909090909,56,19.52624498440523,32.3,32.3
인천,남구,2015,광명역,서울역,63.7,70.7,72.559375,23.7,30.0,10,17.0,18.859375,22.682539682539684,64,19.52624498440523,32.3,32.3
인천,남구,2016,영등포역,서울역,64.5,64.5,64.5,25.5,30.0,9,9.0,9.0,691.0,2,23.089689929092565,32.3,32.3
인천,남구,2017,영등포역,서울역,64.5,64.5,64.5,25.5,30.0,9,9.0,9.0,691.0,2,23.089689929092565,32.3,32.3
인천,남구,2018,영등포역,서울역,64.5,64.5,64.75,25.5,30.0,9,9.0,9.25,231.0,4,23.089689929092565,32.3,32.3
인천,남구,2019,영등포역,서울역,64.5,64.5,64.83333333333333,25.5,30.0,9,9.0,9.333333333333334,158.4,6,23.089689929092565,32.3,32.3
인천,남구,2020,영등포역,서울역,64.5,64.5,64.83333333333333,25.5,30.0,9,9.0,9.333333333333334,158.4,6,23.089689929092565,32.3,32.3
인천,남구,2021,영등포역,서울역,64.5,64.5,64.5,25.5,30.0,9,9.0,9.0,156.8,6,23.089689929092565,32.3,32.3
인천,남구,2022,영등포역,서울역,64.5,64.5,64.5,25.5,30.0,9,9.0,9.0,156.8,6,23.089689929092565,32.3,32.3
인천,남구,2023,영등포역,서울역,66.5,66.5,66.5,25.5,30.0,11,11.0,11.0,156.8,6,23.089689929092565,32.3,32.3
인천,남구,2024,영등포역,서울역,66.5,66.5,66.5,25.5,30.0,11,11.0,11.0,113.85714285714286,8,23.089689929092565,32.3,32.3
인천,남구,2025,영등포역,서울역,66.5,66.5,66.5,25.5,30.0,11,11.0,11.0,113.85714285714286,8,23.089689929092565,32.3,32.3
인천,남동구,2007,광명역,용산역,65.8,66.8,68.15714285714286,22.8,30.0,13,14.0,15.357142857142858,103.61538461538461,14,13.774421784431443,32.4,32.4
인천,남동구,2008,광명역,용산역,65.8,65.8,66.8,22.8,30.0,13,13.0,14.0,67.92857142857143,15,13.774421784431443,32.4,32.4
인천,남동구,2009,광명역,용산역,65.8,65.8,66.8,22.8,30.0,13,13.0,14.0,67.92857142857143,15,13.774421784431443,32.4,32.4
인천,남동구,2010,광명역,서울역,61.8,67.8,67.51739130434783,22.8,30.0,9,15.0,14.717391304347826,30.622222222222224,46,13.774421784431443,32.4,32.4
인천,남동구,2011,광명역,서울역,61.8,67.8,68.22553191489361,22.8,30.0,9,15.0,15.425531914893616,31.195652173913043,47,13.774421784431443,32.4,32.4
인천,남동구,2012,광명역,서울역,61.8,67.8,68.3,22.8,30.0,9,15.0,15.5,28.137254901960784,52,13.774421784431443,32.4,32.4
인천,남동구,2013,광명역,서울역,61.8,67.8,68.67037037037036,22.8,30.0,9,15.0,15.87037037037037,27.07547169811321,54,13.774421784431443,32.4,32.4
인천,남동구,2014,광명역,서울역,61.8,67.8,69.99642857142857,22.8,30.0,9,15.0,17.196428571428573,26.09090909090909,56,13.774421784431443,32.4,32.4
인천,남동구,2015,광명역,서울역,62.8,69.8,71.659375,22.8,30.0,10,17.0,18.859375,22.682539682539684,64,13.774421784431443,32.4,32.4
인천,남동구,2016,영등포역,서울역,64.6,64.6,64.6,25.6,30.0,9,9.0,9.0,691.0,2,19.070865789939244,32.4,32.4
인천,남동구,2017,영등포역,서울역,64.6,64.6,64.6,25.6,30.0,9,9.0,9.0,691.0,2,19.070865789939244,32.4,32.4
인천,남동구,2018,영등포역,서울역,64.6,64.6,64.85,25.6,30.0,9,9.0,9.25,231.0,4,19.070865789939244,32.4,32.4
인천,남동구,2019,영등포역,서울역,64.6,64.6,64.93333333333334,25.6,30.0,9,9.0,9.333333333333334,158.4,6,19.070865789939244,32.4,32.4
인천,남동구,2020,영등포역,서울역,64.6,64.6,64.93333333333334,25.6,30.0,9,9.0,9.333333333333334,158.4,6,19.070865789939244,32.4,32.4
인천,남동구,2021,영등포역,서울역,64.6,64.6,64.6,25.6,30.0,9,9.0,9.0,156.8,6,19.070865789939244,32.4,32.4
인천,남동구,2022,영등포역,서울역,64.6,64.6,64.6,25.6,30.0,9,9.0,9.0,156.8,6,19.070865789939244,32.4,32.4
인천,남동구,2023,영등포역,서울역,66.6,66.6,66.6,25.6,30.0,11,11.0,11.0,156.8,6,19.070865789939244,32.4,32.4
인천,남동구,2024,영등포역,서울역,66.6,66.6,66.6,25.6,30.0,11,11.0,11.0,113.85714285714286,8,19.070865789939244,32.4,32.4
인천,남동구,2025,영등포역,서울역,66.6,66.6,66.6,25.6,30.0,11,11.0,11.0,113.85714285714286,8,19.070865789939244,32.4,32.4
인천,동구,2007,광명역,용산역,71.7,72.7,74.05714285714286,28.7,30.0,13,14.0,15.357142857142858,103.61538461538461,14,22.52461188805992,33.7,33.7
인천,동구,2008,광명역,용산역,71.7,71.7,72.7,28.7,30.0,13,13.0,14.0,67.92857142857143,15,22.52461188805992,33.7,33.7
인천,동구,2009,광명역,용산역,71.7,71.7,72.7,28.7,30.0,13,13.0,14.0,67.92857142857143,15,22.52461188805992,33.7,33.7
인천,동구,2010,광명역,서울역,67.7,73.7,73.41739130434783,28.7,30.0,9,15.0,14.717391304347826,30.622222222222224,46,22.52461188805992,33.7,33.7
인천,동구,2011,광명역,서울역,67.7,73.7,74.12553191489361,28.7,30.0,9,15.0,15.425531914893616,31.195652173913043,47,22.52461188805992,33.7,33.7
인천,동구,2012,광명역,서울역,67.7,73.7,74.2,28.7,30.0,9,15.0,15.5,28.137254901960784,52,22.52461188805992,33.7,33.7
인천,동구,2013,광명역,서울역,67.7,73.7,74.57037037037037,28.7,30.0,9,15.0,15.87037037037037,27.07547169811321,54,22.52461188805992,33.7,33.7
인천,동구,2014,광명역,서울역,67.7,73.7,75.89642857142857,28.7,30.0,9,15.0,17.196428571428573,26.09090909090909,56,22.52461188805992,33.7,33.7
인천,동구,2015,광명역,서울역,68.7,75.7,77.559375,28.7,30.0,10,17.0,18.859375,22.682539682539684,64,22.52461188805992,33.7,33.7
인천,동구,2016,영등포역,서울역,65.9,65.9,65.9,26.9,30.0,9,9.0,9.0,691.0,2,24.453107947322067,33.7,33.7
인천,동구,2017,영등포역,서울역,65.9,65.9,65.9,26.9,30.0,9,9.0,9.0,691.0,2,24.453107947322067,33.7,33.7
인천,동구,2018,영등포역,서울역,65.9,65.9,66.15,26.9,30.0,9,9.0,9.25,231.0,4,24.453107947322067,33.7,33.7
인천,동구,2019,영등포역,서울역,65.9,65.9,66.23333333333333,26.9,30.0,9,9.0,9.333333333333334,158.4,6,24.453107947322067,33.7,33.7
인천,동구,2020,영등포역,서울역,65.9,65.9,66.23333333333333,26.9,30.0,9,9.0,9.333333333333334,158.4,6,24.453107947322067,33.7,33.7
인천,동구,2021,영등포역,서울역,65.9,65.9,65.9,26.9,30.0,9,9.0,9.0,156.8,6,24.453107947322067,33.7,33.7
인천,동구,2022,영등포역,서울역,65.9,65.9,65.9,26.9,30.0,9,9.0,9.0,156.8,6,24.453107947322067,33.7,33.7
인천,동구,2023,영등포역,서울역,67.9,67.9,67.9,26.9,30.0,11,11.0,11.0,156.8,6,24.453107947322067,33.7,33.7
인천,동구,2024,영등포역,서울역,67.9,67.9,67.9,26.9,30.0,11,11.0,11.0,113.85714285714286,8,24.453107947322067,33.7,33.7
인천,동구,2025,영등포역,서울역,67.9,67.9,67.9,26.9,30.0,11,11.0,11.0,113.85714285714286,8,24.453107947322067,33.7,33.7
인천,부평구,2007,광명역,용산역,66.7,67.7,69.05714285714286,23.7,30.0,13,14.0,15.357142857142858,103.61538461538461,14,16.504565260105856,26.3,26.3
인천,부평구,2008,광명역,용산역,66.7,66.7,67.7,23.7,30.0,13,13.0,14.0,67.92857142857143,15,16.504565260105856,26.3,26.3
인천,부평구,2009,광명역,용산역,66.7,66.7,67.7,23.7,30.0,13,13.0,14.0,67.92857142857143,15,16.504565260105856,26.3,26.3
인천,부평구,2010,광명역,서울역,62.7,68.7,68.41739130434783,23.7,30.0,9,15.0,14.717391304347826,30.622222222222224,46,16.504565260105856,26.3,26.3
인천,부평구,2011,광명역,서울역,62.7,68.7,69.12553191489361,23.7,30.0,9,15.0,15.425531914893616,31.195652173913043,47,16.504565260105856,26.3,26.3
인천,부평구,2012,광명역,서울역,62.7,68.7,69.2,23.7,30.0,9,15.0,15.5,28.137254901960784,52,16.504565260105856,26.3,26.3
인천,부평구,2013,광명역,서울역,62.7,68.7,69.57037037037037,23.7,30.0,9,15.0,15.87037037037037,27.07547169811321,54,16.504565260105856,26.3,26.3
인천,부평구,2014,광명역,서울역,62.7,68.7,70.89642857142857,23.7,30.0,9,15.0,17.196428571428573,26.09090909090909,56,16.504565260105856,26.3,26.3
인천,부평구,2015,광명역,서울역,63.7,70.7,72.559375,23.7,30.0,10,17.0,18.859375,22.682539682539684,64,16.504565260105856,26.3,26.3
인천,부평구,2016,영등포역,서울역,58.5,58.5,58.5,19.5,30.0,9,9.0,9.0,691.0,2,17.078794401089635,26.3,26.3
인천,부평구,2017,영등포역,서울역,58.5,58.5,58.5,19.5,30.0,9,9.0,9.0,691.0,2,17.078794401089635,26.3,26.3
인천,부평구,2018,영등포역,서울역,58.5,58.5,58.75,19.5,30.0,9,9.0,9.25,231.0,4,17.078794401089635,26.3,26.3
인천,부평구,2019,영등포역,서울역,58.5,58.5,58.833333333333336,19.5,30.0,9,9.0,9.333333333333334,158.4,6,17.078794401089635,26.3,26.3
인천,부평구,2020,영등포역,서울역,58.5,58.5,58.833333333333336,19.5,30.0,9,9.0,9.333333333333334,158.4,6,17.078794401089635,26.3,26.3
인천,부평구,2021,영등포역,서울역,58.5,58.5,58.5,19.5,30.0,9,9.0,9.0,156.8,6,17.078794401089635,26.3,26.3
인천,부평구,2022,영등포역,서울역,58.5,58.5,58.5,19.5,30.0,9,9.0,9.0,156.8,6,17.078794401089635,26.3,26.3
인천,부평구,2023,영등포역,서울역,60.5,60.5,60.5,19.5,30.0,11,11.0,11.0,156.8,6,17.078794401089635,26.3,26.3
인천,부평구,2024,영등포역,서울역,60.5,60.5,60.5,19.5,30.0,11,11.0,11.0,113.85714285714286,8,17.078794401089635,26.3,26.3
인천,부평구,2025,영등포역,서울역,60.5,60.5,60.5,19.5,30.0,11,11.0,11.0,113.85714285714286,8,17.078794401089635,26.3,26.3
인천,서구,2007,광명역,용산역,77.1,78.1,79.45714285714286,34.1,30.0,13,14.0,15.357142857142858,103.61538461538461,14,25.508743080860196,32.2,32.2
인천,서구,2008,광명역,용산역,77.1,77.1,78.1,34.1,30.0,13,13.0,14.0,67.92857142857143,15,25.508743080860196,32.2,32.2
인천,서구,2009,광명역,용산역,77.1,77.1,78.1,34.1,30.0,13,13.0,14.0,67.92857142857143,15,25.508743080860196,32.2,32.2
인천,서구,2010,광명역,서울역,73.1,79.1,78.81739130434782,34.1,30.0,9,15.0,14.717391304347826,30.622222222222224,46,25.508743080860196,32.2,32.2
인천,서구,2011,광명역,서울역,73.1,79.1,79.5255319148936,34.1,30.0,9,15.0,15.425531914893616,31.195652173913043,47,25.508743080860196,32.2,32.2
인천,서구,2012,광명역,서울역,73.1,79.1,79.6,34.1,30.0,9,15.0,15.5,28.137254901960784,52,25.508743080860196,32.2,32.2
인천,서구,2013,용산역,서울역,70.2,70.2,70.2,32.2,30.0,8,8.0,8.0,,1,27.772916720695214,32.2,32.2
인천,서구,2014,광명역,서울역,73.1,79.1,81.29642857142856,34.1,30.0,9,15.0,17.196428571428573,26.09090909090909,56,25.508743080860196,32.2,32.2
인천,서구,2015,광명역,서울역,74.1,81.1,82.959375,34.1,30.0,10,17.0,18.859375,22.682539682539684,64,25.508743080860196,32.2,32.2
인천,서구,2016,영등포역,서울역,65.0,65.0,65.0,26.0,30.0,9,9.0,9.0,691.0,2,23.50748096025687,32.2,32.2
인천,서구,2017,영등포역,서울역,65.0,65.0,65.0,26.0,30.0,9,9.0,9.0,691.0,2,23.50748096025687,32.2,32.2
인천,서구,2018,영등포역,서울역,65.0,65.0,65.25,26.0,30.0,9,9.0,9.25,231.0,4,23.50748096025687,32.2,32.2
인천,서구,2019,영등포역,서울역,65.0,65.0,65.33333333333333,26.0,30.0,9,9.0,9.333333333333334,158.4,6,23.50748096025687,32.2,32.2
인천,서구,2020,영등포역,서울역,65.0,65.0,65.33333333333333,26.0,30.0,9,9.0,9.333333333333334,158.4,6,23.50748096025687,32.2,32.2
인천,서구,2021,영등포역,서울역,65.0,65.0,65.0,26.0,30.0,9,9.0,9.0,156.8,6,23.50748096025687,32.2,32.2
인천,서구,2022,영등포역,서울역,65.0,65.0,65.0,26.0,30.0,9,9.0,9.0,156.8,6,23.50748096025687,32.2,32.2
인천,서구,2023,영등포역,서울역,67.0,67.0,67.0,26.0,30.0,11,11.0,11.0,156.8,6,23.50748096025687,32.2,32.2
인천,서구,2024,영등포역,서울역,67.0,67.0,67.0,26.0,30.0,11,11.0,11.0,113.85714285714286,8,23.50748096025687,32.2,32.2
인천,서구,2025,영등포역,서울역,67.0,67.0,67.0,26.0,30.0,11,11.0,11.0,113.85714285714286,8,23.50748096025687,32.2,32.2
인천,연수구,2007,광명역,용산역,67.1,68.1,69.45714285714286,24.1,30.0,13,14.0,15.357142857142858,103.61538461538461,14,20.854885866945416,38.8,38.8
인천,연수구,2008,광명역,용산역,67.1,67.1,68.1,24.1,30.0,13,13.0,14.0,67.92857142857143,15,20.854885866945416,38.8,38.8
인천,연수구,2009,광명역,용산역,67.1,67.1,68.1,24.1,30.0,13,13.0,14.0,67.92857142857143,15,20.854885866945416,38.8,38.8
인천,연수구,2010,광명역,서울역,63.1,69.1,68.81739130434782,24.1,30.0,9,15.0,14.717391304347826,30.622222222222224,46,20.854885866945416,38.8,38.8
인천,연수구,2011,광명역,서울역,63.1,69.1,69.52553191489362,24.1,30.0,9,15.0,15.425531914893616,31.195652173913043,47,20.854885866945416,38.8,38.8
인천,연수구,2012,광명역,서울역,63.1,69.1,69.6,24.1,30.0,9,15.0,15.5,28.137254901960784,52,20.854885866945416,38.8,38.8
인천,연수구,2013,광명역,서울역,63.1,69.1,69.97037037037038,24.1,30.0,9,15.0,15.87037037037037,27.07547169811321,54,20.854885866945416,38.8,38.8
인천,연수구,2014,광명역,서울역,63.1,69.1,71.29642857142858,24.1,30.0,9,15.0,17.196428571428573,26.09090909090909,56,20.854885866945416,38.8,38.8
인천,연수구,2015,광명역,서울역,64.1,71.1,72.959375,24.1,30.0,10,17.0,18.859375,22.682539682539684,64,20.854885866945416,38.8,38.8
인천,연수구,2016,광명역,용산역,67.1,68.1,69.53902439024391,24.1,30.0,13,14.0,15.439024390243903,34.55,41,20.854885866945416,38.8,38.8
인천,연수구,2017,광명역,용산역,67.1,68.1,69.55454545454546,24.1,30.0,13,14.0,15.454545454545455,32.13953488372093,44,20.854885866945416,38.8,38.8
인천,연수구,2018,광명역,용산역,67.1,69.1,69.61351351351351,24.1,30.0,13,15.0,15.513513513513514,37.638888888888886,37,20.854885866945416,38.8,38.8
인천,연수구,2019,광명역,용산역,67.1,69.1,69.91081081081082,24.1,30.0,13,15.0,15.81081081081081,37.72222222222222,37,20.854885866945416,38.8,38.8
인천,연수구,2020,광명역,용산역,67.1,69.6,69.91578947368421,24.1,30.0,13,15.5,15.81578947368421,36.7027027027027,38,20.854885866945416,38.8,38.8
인천,연수구,2021,광명역,용산역,68.1,68.1,69.82972972972973,24.1,30.0,14,14.0,15.72972972972973,27.61111111111111,37,20.854885866945416,38.8,38.8
인천,연수구,2022,광명역,용산역,68.1,68.1,69.82972972972973,24.1,30.0,14,14.0,15.72972972972973,27.61111111111111,37,20.854885866945416,38.8,38.8
인천,연수구,2023,광명역,용산역,70.1,72.1,71.71904761904761,24.1,30.0,16,18.0,17.61904761904762,24.21951219512195,42,20.854885866945416,38.8,38.8
인천,연수구,2024,광명역,용산역,70.1,72.1,71.70975609756098,24.1,30.0,16,18.0,17.609756097560975,24.825,41,20.854885866945416,38.8,38.8
인천,연수구,2025,광명역,용산역,70.1,72.1,71.71904761904761,24.1,30.0,16,18.0,17.61904761904762,24.21951219512195,42,20.854885866945416,38.8,38.8
인천,옹진군,2007,,,,,,,,,,,,,,175.0,175.0
인천,옹진군,2008,,,,,,,,,,,,,,175.0,175.0
인천,옹진군,2009,,,,,,,,,,,,,,175.0,175.0
인천,옹진군,2010,,,,,,,,,,,,,,175.0,175.0
인천,옹진군,2011,,,,,,,,,,,,,,175.0,175.0
인천,옹진군,2012,,,,,,,,,,,,,,175.0,175.0
인천,옹진군,2013,,,,,,,,,,,,,,175.0,175.0
인천,옹진군,2014,,,,,,,,,,,,,,175.0,175.0
인천,옹진군,2015,,,,,,,,,,,,,,175.0,175.0
인천,옹진군,2016,,,,,,,,,,,,,,175.0,175.0
인천,옹진군,2017,,,,,,,,,,,,,,175.0,175.0
인천,옹진군,2018,,,,,,,,,,,,,,175.0,175.0
인천,옹진군,2019,,,,,,,,,,,,,,175.0,175.0
인천,옹진군,2020,,,,,,,,,,,,,,175.0,175.0
인천,옹진군,2021,,,,,,,,,,,,,,175.0,175.0
인천,옹진군,2022,,,,,,,,,,,,,,175.0,175.0
인천,옹진군,2023,,,,,,,,,,,,,,175.0,175.0
인천,옹진군,2024,,,,,,,,,,,,,,175.0,175.0
인천,옹진군,2025,,,,,,,,,,,,,,175.0,175.0
인천,중구,2007,,,,,,,,,,,,,,47.6,47.6
인천,중구,2008,,,,,,,,,,,,,,47.6,47.6
인천,중구,2009,,,,,,,,,,,,,,47.6,47.6
인천,중구,2010,,,,,,,,,,,,,,47.6,47.6
인천,중구,2011,,,,,,,,,,,,,,47.6,47.6
인천,중구,2012,,,,,,,,,,,,,,47.6,47.6
인천,중구,2013,,,,,,,,,,,,,,47.6,47.6
인천,중구,2014,,,,,,,,,,,,,,47.6,47.6
인천,중구,2015,,,,,,,,,,,,,,47.6,47.6
인천,중구,2016,,,,,,,,,,,,,,47.6,47.6
인천,중구,2017,,,,,,,,,,,,,,47.6,47.6
인천,중구,2018,,,,,,,,,,,,,,47.6,47.6
인천,중구,2019,,,,,,,,,,,,,,47.6,47.6
인천,중구,2020,,,,,,,,,,,,,,47.6,47.6
인천,중구,2021,,,,,,,,,,,,,,47.6,47.6
인천,중구,2022,,,,,,,,,,,,,,47.6,47.6
인천,중구,2023,,,,,,,,,,,,,,47.6,47.6
인천,중구,2024,,,,,,,,,,,,,,47.6,47.6
인천,중구,2025,,,,,,,,,,,,,,47.6,47.6
전남,강진군,2007,,,,,,,,,,,,,,273.4,273.4
전남,강진군,2008,,,,,,,,,,,,,,273.4,273.4
전남,강진군,2009,,,,,,,,,,,,,,273.4,273.4
전남,강진군,2010,,,,,,,,,,,,,,273.4,273.4
전남,강진군,2011,,,,,,,,,,,,,,273.4,273.4
전남,강진군,2012,,,,,,,,,,,,,,273.4,273.4
전남,강진군,2013,,,,,,,,,,,,,,273.4,273.4
전남,강진군,2014,,,,,,,,,,,,,,273.4,273.4
전남,강진군,2015,,,,,,,,,,,,,,273.4,273.4
전남,강진군,2016,,,,,,,,,,,,,,273.4,273.4
전남,강진군,2017,,,,,,,,,,,,,,273.4,273.4
전남,강진군,2018,,,,,,,,,,,,,,273.4,273.4
전남,강진군,2019,,,,,,,,,,,,,,273.4,273.4
전남,강진군,2020,,,,,,,,,,,,,,273.4,273.4
전남,강진군,2021,,,,,,,,,,,,,,273.4,273.4
전남,강진군,2022,,,,,,,,,,,,,,273.4,273.4
전남,강진군,2023,,,,,,,,,,,,,,273.4,273.4
전남,강진군,2024,,,,,,,,,,,,,,273.4,273.4
전남,강진군,2025,,,,,,,,,,,,,,273.4,273.4
전남,고흥군,2007,,,,,,,,,,,,,,292.0,292.0
전남,고흥군,2008,,,,,,,,,,,,,,292.0,292.0
전남,고흥군,2009,,,,,,,,,,,,,,292.0,292.0
전남,고흥군,2010,,,,,,,,,,,,,,292.0,292.0
전남,고흥군,2011,,,,,,,,,,,,,,292.0,292.0
전남,고흥군,2012,,,,,,,,,,,,,,292.0,292.0
전남,고흥군,2013,,,,,,,,,,,,,,292.0,292.0
전남,고흥군,2014,,,,,,,,,,,,,,292.0,292.0
전남,고흥군,2015,,,,,,,,,,,,,,292.0,292.0
전남,고흥군,2016,,,,,,,,,,,,,,292.0,292.0
전남,고흥군,2017,,,,,,,,,,,,,,292.0,292.0
전남,고흥군,2018,,,,,,,,,,,,,,292.0,292.0
전남,고흥군,2019,,,,,,,,,,,,,,292.0,292.0
전남,고흥군,2020,,,,,,,,,,,,,,292.0,292.0
전남,고흥군,2021,,,,,,,,,,,,,,292.0,292.0
전남,고흥군,2022,,,,,,,,,,,,,,292.0,292.0
전남,고흥군,2023,,,,,,,,,,,,,,292.0,292.0
전남,고흥군,2024,,,,,,,,,,,,,,292.0,292.0
전남,고흥군,2025,,,,,,,,,,,,,,292.0,292.0
전남,곡성군,2007,,,,,,,,,,,,,,228.3,228.3
전남,곡성군,2008,,,,,,,,,,,,,,228.3,228.3
전남,곡성군,2009,,,,,,,,,,,,,,228.3,228.3
전남,곡성군,2010,,,,,,,,,,,,,,228.3,228.3
전남,곡성군,2011,남원역,용산역,212.6,217.6,217.93333333333334,29.6,30.0,153,158.0,158.33333333333334,410.0,3,23.2681610401757,228.3,217.6
전남,곡성군,2012,남원역,용산역,215.6,225.6,223.2,29.6,30.0,156,166.0,163.6,205.0,5,23.2681610401757,228.3,225.6
전남,곡성군,2013,남원역,용산역,208.6,218.6,218.93333333333334,29.6,30.0,149,159.0,159.33333333333334,166.0,6,23.2681610401757,228.3,218.6
전남,곡성군,2014,남원역,용산역,208.6,222.1,221.1,29.6,30.0,149,162.5,161.5,127.0,8,23.2681610401757,228.3,222.1
전남,곡성군,2015,곡성역,용산역,166.7,185.2,183.45,15.7,30.0,121,139.5,137.75,205.33333333333334,4,8.264495448030331,228.3,185.2
전남,곡성군,2016,남원역,용산역,176.6,187.6,190.75384615384615,29.6,30.0,117,128.0,131.15384615384616,83.91666666666667,13,23.2681610401757,228.3,187.6
전남,곡성군,2017,남원역,용산역,177.6,188.6,193.31428571428572,29.6,30.0,118,129.0,133.71428571428572,77.3076923076923,14,23.2681610401757,228.3,188.6
전남,곡성군,2018,남원역,용산역,177.6,188.6,192.6,29.6,30.0,118,129.0,133.0,77.3076923076923,14,23.2681610401757,228.3,188.6
전남,곡성군,2019,남원역,용산역,173.6,188.6,191.225,29.6,30.0,114,129.0,131.625,67.0,16,23.2681610401757,228.3,188.6
전남,곡성군,2020,남원역,용산역,173.6,188.6,191.225,29.6,30.0,114,129.0,131.625,67.0,16,23.2681610401757,228.3,188.6
전남,곡성군,2021,남원역,용산역,172.6,190.6,192.5375,29.6,30.0,113,131.0,132.9375,67.46666666666667,16,23.2681610401757,228.3,190.6
전남,곡성군,2022,남원역,용산역,172.6,190.6,192.5375,29.6,30.0,113,131.0,132.9375,67.46666666666667,16,23.2681610401757,228.3,190.6
전남,곡성군,2023,남원역,용산역,178.6,192.6,196.6,29.6,30.0,119,133.0,137.0,59.11764705882353,18,23.2681610401757,228.3,192.6
전남,곡성군,2024,남원역,용산역,178.6,192.6,196.87777777777777,29.6,30.0,119,133.0,137.27777777777777,59.11764705882353,18,23.2681610401757,228.3,192.6
전남,곡성군,2025,남원역,용산역,179.6,193.6,198.04444444444445,29.6,30.0,120,134.0,138.44444444444446,59.11764705882353,18,23.2681610401757,228.3,193.6
전남,광양시,2007,,,,,,,,,,,,,,263.3,263.3
전남,광양시,2008,,,,,,,,,,,,,,263.3,263.3
전남,광양시,2009,,,,,,,,,,,,,,263.3,263.3
전남,광양시,2010,,,,,,,,,,,,,,263.3,263.3
전남,광양시,2011,순천역,용산역,250.8,259.8,258.8,33.8,30.0,187,196.0,195.0,204.75,5,16.273252148766616,263.3,259.8
전남,광양시,2012,구례구역,용산역,248.4,255.9,255.9,44.4,30.0,174,181.5,181.5,820.0,2,24.51180961348251,263.3,255.9
전남,광양시,2013,순천역,용산역,242.8,252.8,254.8,33.8,30.0,179,189.0,191.0,159.16666666666666,7,16.273252148766616,263.3,252.8
전남,광양시,2014,순천역,용산역,242.8,254.8,256.68888888888887,33.8,30.0,179,191.0,192.88888888888889,119.375,9,16.273252148766616,263.3,254.8
전남,광양시,2015,순천역,용산역,208.8,220.8,221.8,33.8,30.0,145,157.0,158.0,107.33333333333333,10,16.273252148766616,263.3,220.8
전남,광양시,2016,순천역,용산역,210.8,226.8,228.18461538461537,33.8,30.0,147,163.0,164.3846153846154,84.16666666666667,13,16.273252148766616,263.3,226.8
전남,광양시,2017,순천역,용산역,211.8,227.3,230.7285714285714,33.8,30.0,148,163.5,166.92857142857142,77.53846153846153,14,16.273252148766616,263.3,227.3
전남,광양시,2018,순천역,용산역,211.8,225.8,230.01428571428573,33.8,30.0,148,162.0,166.21428571428572,77.53846153846153,14,16.273252148766616,263.3,225.8
전남,광양시,2019,순천역,용산역,207.8,225.3,228.4875,33.8,30.0,144,161.5,164.6875,67.26666666666667,16,16.273252148766616,263.3,225.3
전남,광양시,2020,순천역,용산역,207.8,225.3,228.4875,33.8,30.0,144,161.5,164.6875,67.26666666666667,16,16.273252148766616,263.3,225.3
전남,광양시,2021,순천역,용산역,206.8,228.8,230.05,33.8,30.0,143,165.0,166.25,67.66666666666667,16,16.273252148766616,263.3,228.8
전남,광양시,2022,순천역,용산역,206.8,228.8,230.05,33.8,30.0,143,165.0,166.25,67.66666666666667,16,16.273252148766616,263.3,228.8
전남,광양시,2023,구례구역,용산역,211.4,227.4,233.84444444444446,44.4,30.0,137,153.0,159.44444444444446,114.75,9,24.51180961348251,263.3,227.4
전남,광양시,2024,구례구역,용산역,211.4,227.4,233.84444444444446,44.4,30.0,137,153.0,159.44444444444446,114.75,9,24.51180961348251,263.3,227.4
전남,광양시,2025,구례구역,용산역,212.4,229.4,235.17777777777778,44.4,30.0,138,155.0,160.77777777777777,114.625,9,24.51180961348251,263.3,229.4
전남,구례군,2007,,,,,,,,,,,,,,234.1,234.1
전남,구례군,2008,,,,,,,,,,,,,,234.1,234.1
전남,구례군,2009,,,,,,,,,,,,,,234.1,234.1
전남,구례군,2010,,,,,,,,,,,,,,234.1,234.1
전남,구례군,2011,남원역,용산역,223.3,228.3,228.63333333333333,40.3,30.0,153,158.0,158.33333333333334,410.0,3,23.247518180802583,234.1,228.3
전남,구례군,2012,구례구역,용산역,221.6,229.1,229.1,17.6,30.0,174,181.5,181.5,820.0,2,9.335960132779375,234.1,229.1
전남,구례군,2013,남원역,용산역,219.3,229.3,229.63333333333333,40.3,30.0,149,159.0,159.33333333333334,166.0,6,23.247518180802583,234.1,229.3
전남,구례군,2014,남원역,용산역,219.3,232.8,231.8,40.3,30.0,149,162.5,161.5,127.0,8,23.247518180802583,234.1,232.8
전남,구례군,2015,남원역,용산역,181.3,195.3,195.3,40.3,30.0,111,125.0,125.0,107.0,10,23.247518180802583,234.1,195.3
전남,구례군,2016,남원역,용산역,187.3,198.3,201.45384615384614,40.3,30.0,117,128.0,131.15384615384616,83.91666666666667,13,23.247518180802583,234.1,198.3
전남,구례군,2017,구례구역,용산역,187.6,198.1,202.43333333333334,17.6,30.0,140,150.5,154.83333333333334,185.8,6,9.335960132779375,234.1,198.1
전남,구례군,2018,구례구역,용산역,187.6,197.1,201.93333333333334,17.6,30.0,140,149.5,154.33333333333334,185.8,6,9.335960132779375,234.1,197.1
전남,구례군,2019,남원역,용산역,184.3,199.3,201.925,40.3,30.0,114,129.0,131.625,67.0,16,23.247518180802583,234.1,199.3
전남,구례군,2020,남원역,용산역,184.3,199.3,201.925,40.3,30.0,114,129.0,131.625,67.0,16,23.247518180802583,234.1,199.3
전남,구례군,2021,구례구역,용산역,182.6,198.6,202.0285714285714,17.6,30.0,135,151.0,154.42857142857142,154.0,7,9.335960132779375,234.1,198.6
전남,구례군,2022,구례구역,용산역,182.6,198.6,202.0285714285714,17.6,30.0,135,151.0,154.42857142857142,154.0,7,9.335960132779375,234.1,198.6
전남,구례군,2023,구례구역,용산역,184.6,200.6,207.04444444444445,17.6,30.0,137,153.0,159.44444444444446,114.75,9,9.335960132779375,234.1,200.6
전남,구례군,2024,구례구역,용산역,184.6,200.6,207.04444444444445,17.6,30.0,137,153.0,159.44444444444446,114.75,9,9.335960132779375,234.1,200.6
전남,구례군,2025,구례구역,용산역,185.6,202.6,208.37777777777777,17.6,30.0,138,155.0,160.77777777777777,114.625,9,9.335960132779375,234.1,202.6
전남,나주시,2007,광주송정역,용산역,199.9,221.9,222.32105263157897,21.9,30.0,148,170.0,170.42105263157896,54.166666666666664,19,17.779577442393506,245.6,221.9
전남,나주시,2008,나주역,용산역,200.6,211.1,211.1,6.6,30.0,164,174.5,174.5,256.6666666666667,4,2.831885709322155,245.6,211.1
전남,나주시,2009,나주역,용산역,200.6,211.1,211.1,6.6,30.0,164,174.5,174.5,256.6666666666667,4,2.831885709322155,245.6,211.1
전남,나주시,2010,나주역,용산역,205.6,209.6,213.4,6.6,30.0,169,173.0,176.8,202.5,5,2.831885709322155,245.6,209.6
전남,나주시,2011,광주송정역,용산역,206.9,222.9,221.44545454545454,21.9,30.0,155,171.0,169.54545454545453,96.8,11,17.779577442393506,245.6,222.9
전남,나주시,2012,광주송정역,용산역,204.9,220.4,222.23333333333335,21.9,30.0,153,168.5,170.33333333333334,88.0,12,17.779577442393506,245.6,220.4
전남,나주시,2013,광주송정역,용산역,201.9,217.9,220.06666666666666,21.9,30.0,150,166.0,168.16666666666666,88.45454545454545,12,17.779577442393506,245.6,217.9
전남,나주시,2014,광주송정역,용산역,201.9,217.9,220.48333333333335,21.9,30.0,150,166.0,168.58333333333334,88.45454545454545,12,17.779577442393506,245.6,217.9
전남,나주시,2015,나주역,용산역,144.6,166.6,163.90769230769232,6.6,30.0,108,130.0,127.3076923076923,83.75,13,2.831885709322155,245.6,166.6
전남,나주시,2016,나주역,용산역,146.6,168.1,171.1,6.6,30.0,110,131.5,134.5,76.46153846153847,14,2.831885709322155,245.6,168.1
전남,나주시,2017,나주역,용산역,146.6,166.1,167.81428571428572,6.6,30.0,110,129.5,131.21428571428572,76.46153846153847,14,2.831885709322155,245.6,166.1
전남,나주시,2018,나주역,용산역,146.6,166.1,167.1,6.6,30.0,110,129.5,130.5,76.46153846153847,14,2.831885709322155,245.6,166.1
전남,나주시,2019,나주역,용산역,147.6,165.6,173.0,6.6,30.0,111,129.0,136.4,70.5,15,2.831885709322155,245.6,165.6
전남,나주시,2020,나주역,용산역,147.6,164.6,172.53333333333333,6.6,30.0,111,128.0,135.93333333333334,70.5,15,2.831885709322155,245.6,164.6
전남,나주시,2021,나주역,용산역,145.6,166.6,169.06666666666666,6.6,30.0,109,130.0,132.46666666666667,70.85714285714286,15,2.831885709322155,245.6,166.6
전남,나주시,2022,나주역,용산역,145.6,166.6,169.06666666666666,6.6,30.0,109,130.0,132.46666666666667,70.85714285714286,15,2.831885709322155,245.6,166.6
전남,나주시,2023,나주역,용산역,151.6,172.6,177.24705882352941,6.6,30.0,115,136.0,140.64705882352942,61.8125,17,2.831885709322155,245.6,172.6
전남,나주시,2024,나주역,용산역,151.6,171.6,174.01176470588234,6.6,30.0,115,135.0,137.41176470588235,61.8125,17,2.831885709322155,245.6,171.6
전남,나주시,2025,나주역,용산역,152.6,172.6,175.01176470588234,6.6,30.0,116,136.0,138.41176470588235,61.8125,17,2.831885709322155,245.6,172.6
전남,담양군,2007,장성역,용산역,210.4,214.4,216.2888888888889,28.4,30.0,152,156.0,157.88888888888889,109.375,9,19.60898399330656,224.9,214.4
전남,담양군,2008,장성역,용산역,202.4,207.4,208.275,28.4,30.0,144,149.0,149.875,113.71428571428571,8,19.60898399330656,224.9,207.4
전남,담양군,2009,장성역,용산역,202.4,207.4,208.275,28.4,30.0,144,149.0,149.875,113.71428571428571,8,19.60898399330656,224.9,207.4
전남,담양군,2010,장성역,용산역,204.4,214.4,213.73333333333335,28.4,30.0,146,156.0,155.33333333333334,101.25,9,19.60898399330656,224.9,214.4
전남,담양군,2011,장성역,용산역,209.4,215.4,216.73333333333335,28.4,30.0,151,157.0,158.33333333333334,73.63636363636364,12,19.60898399330656,224.9,215.4
전남,담양군,2012,장성역,용산역,212.4,220.9,219.98333333333335,28.4,30.0,154,162.5,161.58333333333334,73.27272727272727,12,19.60898399330656,224.9,220.9
전남,담양군,2013,장성역,용산역,208.4,217.4,217.81666666666666,28.4,30.0,150,159.0,159.41666666666666,72.81818181818181,12,19.60898399330656,224.9,217.4
전남,담양군,2014,장성역,용산역,210.4,217.9,218.4,28.4,30.0,152,159.5,160.0,73.27272727272727,12,19.60898399330656,224.9,217.9
전남,담양군,2015,광주송정역,용산역,155.5,176.5,175.375,32.5,30.0,93,114.0,112.875,45.130434782608695,24,25.174334958005236,224.9,176.5
전남,담양군,2016,광주송정역,용산역,160.5,177.5,180.32608695652175,32.5,30.0,98,115.0,117.82608695652173,46.77272727272727,23,25.174334958005236,224.9,177.5
전남,담양군,2017,광주송정역,용산역,160.5,179.5,180.8913043478261,32.5,30.0,98,117.0,118.3913043478261,46.77272727272727,23,25.174334958005236,224.9,179.5
전남,담양군,2018,광주송정역,용산역,160.5,179.5,180.93478260869566,32.5,30.0,98,117.0,118.43478260869566,46.77272727272727,23,25.174334958005236,224.9,179.5
전남,담양군,2019,광주송정역,용산역,162.5,179.5,183.67391304347825,32.5,30.0,100,117.0,121.17391304347827,46.54545454545455,23,25.174334958005236,224.9,179.5
전남,담양군,2020,광주송정역,용산역,162.5,179.5,183.3695652173913,32.5,30.0,100,117.0,120.8695652173913,46.54545454545455,23,25.174334958005236,224.9,179.5
전남,담양군,2021,광주송정역,용산역,161.5,180.5,184.93478260869566,32.5,30.0,99,118.0,122.43478260869566,46.04545454545455,23,25.174334958005236,224.9,180.5
전남,담양군,2022,광주송정역,용산역,161.5,180.5,184.93478260869566,32.5,30.0,99,118.0,122.43478260869566,46.04545454545455,23,25.174334958005236,224.9,180.5
전남,담양군,2023,광주송정역,용산역,167.5,187.0,195.30769230769232,32.5,30.0,105,124.5,132.80769230769232,40.48,26,25.174334958005236,224.9,187.0
전남,담양군,2024,광주송정역,용산역,164.5,187.5,193.72222222222223,32.5,30.0,102,125.0,131.22222222222223,38.92307692307692,27,25.174334958005236,224.9,187.5
전남,담양군,2025,광주송정역,용산역,165.5,187.5,194.56896551724137,32.5,30.0,103,125.0,132.06896551724137,36.17857142857143,29,25.174334958005236,224.9,187.5
전남,목포시,2007,목포역,용산역,214.4,235.4,231.4,3.4,30.0,181,202.0,198.0,121.42857142857143,8,1.3121887152022491,249.9,235.4
전남,목포시,2008,목포역,용산역,217.4,229.9,229.8,3.4,30.0,184,196.5,196.4,102.22222222222223,10,1.3121887152022491,249.9,229.9
전남,목포시,2009,목포역,용산역,217.4,229.9,229.8,3.4,30.0,184,196.5,196.4,102.22222222222223,10,1.3121887152022491,249.9,229.9
전남,목포시,2010,목포역,용산역,222.4,229.4,231.70769230769233,3.4,30.0,189,196.0,198.30769230769232,80.0,13,1.3121887152022491,249.9,229.4
전남,목포시,2011,목포역,용산역,223.4,238.4,238.5818181818182,3.4,30.0,190,205.0,205.1818181818182,97.0,11,1.3121887152022491,249.9,238.4
전남,목포시,2012,목포역,용산역,220.4,238.4,238.73333333333335,3.4,30.0,187,205.0,205.33333333333334,88.18181818181819,12,1.3121887152022491,249.9,238.4
전남,목포시,2013,목포역,용산역,217.4,235.4,236.48333333333335,3.4,30.0,184,202.0,203.08333333333334,88.63636363636364,12,1.3121887152022491,249.9,235.4
전남,목포시,2014,목포역,용산역,217.4,235.4,237.4,3.4,30.0,184,202.0,204.0,88.63636363636364,12,1.3121887152022491,249.9,235.4
전남,목포시,2015,목포역,용산역,168.4,188.9,187.2125,3.4,30.0,135,155.5,153.8125,67.0,16,1.3121887152022491,249.9,188.9
전남,목포시,2016,목포역,용산역,167.4,190.4,192.67777777777778,3.4,30.0,134,157.0,159.27777777777777,58.529411764705884,18,1.3121887152022491,249.9,190.4
전남,목포시,2017,목포역,용산역,167.4,190.9,193.12222222222223,3.4,30.0,134,157.5,159.72222222222223,58.529411764705884,18,1.3121887152022491,249.9,190.9
전남,목포시,2018,목포역,용산역,170.4,191.4,192.84444444444446,3.4,30.0,137,158.0,159.44444444444446,58.529411764705884,18,1.3121887152022491,249.9,191.4
전남,목포시,2019,목포역,용산역,169.4,188.4,193.67777777777778,3.4,30.0,136,155.0,160.27777777777777,58.05882352941177,18,1.3121887152022491,249.9,188.4
전남,목포시,2020,목포역,용산역,169.4,187.9,193.2888888888889,3.4,30.0,136,154.5,159.88888888888889,58.05882352941177,18,1.3121887152022491,249.9,187.9
전남,목포시,2021,목포역,용산역,169.4,190.9,195.17777777777778,3.4,30.0,136,157.5,161.77777777777777,58.35294117647059,18,1.3121887152022491,249.9,190.9
전남,목포시,2022,목포역,용산역,169.4,190.9,195.17777777777778,3.4,30.0,136,157.5,161.77777777777777,58.35294117647059,18,1.3121887152022491,249.9,190.9
전남,목포시,2023,목포역,용산역,176.4,197.4,206.73333333333335,3.4,30.0,143,164.0,173.33333333333334,49.45,21,1.3121887152022491,249.9,197.4
전남,목포시,2024,목포역,용산역,176.4,197.4,206.68571428571428,3.4,30.0,143,164.0,173.28571428571428,49.45,21,1.3121887152022491,249.9,197.4
전남,목포시,2025,목포역,용산역,176.4,197.4,206.92380952380952,3.4,30.0,143,164.0,173.52380952380952,49.45,21,1.3121887152022491,249.9,197.4
전남,무안군,2007,나주역,용산역,235.4,243.9,243.65,36.4,30.0,169,177.5,177.25,250.0,4,27.482760557021674,240.1,240.1
전남,무안군,2008,나주역,용산역,230.4,240.9,240.9,36.4,30.0,164,174.5,174.5,256.6666666666667,4,27.482760557021674,240.1,240.1
전남,무안군,2009,나주역,용산역,230.4,240.9,240.9,36.4,30.0,164,174.5,174.5,256.6666666666667,4,27.482760557021674,240.1,240.1
전남,무안군,2010,나주역,용산역,235.4,239.4,243.20000000000002,36.4,30.0,169,173.0,176.8,202.5,5,27.482760557021674,240.1,239.4
전남,무안군,2011,나주역,용산역,244.4,250.9,250.9,36.4,30.0,178,184.5,184.5,270.0,4,27.482760557021674,240.1,240.1
전남,무안군,2012,나주역,용산역,244.4,248.9,249.4,36.4,30.0,178,182.5,183.0,268.6666666666667,4,27.482760557021674,240.1,240.1
전남,무안군,2013,나주역,용산역,241.4,246.9,249.4,36.4,30.0,175,180.5,183.0,267.0,4,27.482760557021674,240.1,240.1
전남,무안군,2014,나주역,용산역,241.4,246.9,248.56666666666666,36.4,30.0,175,180.5,182.16666666666666,161.2,6,27.482760557021674,240.1,240.1
전남,무안군,2015,나주역,용산역,174.4,196.4,193.7076923076923,36.4,30.0,108,130.0,127.3076923076923,83.75,13,27.482760557021674,240.1,196.4
전남,무안군,2016,나주역,용산역,176.4,197.9,200.9,36.4,30.0,110,131.5,134.5,76.46153846153847,14,27.482760557021674,240.1,197.9
전남,무안군,2017,나주역,용산역,176.4,195.9,197.61428571428573,36.4,30.0,110,129.5,131.21428571428572,76.46153846153847,14,27.482760557021674,240.1,195.9
전남,무안군,2018,나주역,용산역,176.4,195.9,196.9,36.4,30.0,110,129.5,130.5,76.46153846153847,14,27.482760557021674,240.1,195.9
전남,무안군,2019,나주역,용산역,177.4,195.4,202.8,36.4,30.0,111,129.0,136.4,70.5,15,27.482760557021674,240.1,195.4
전남,무안군,2020,나주역,용산역,177.4,194.4,202.33333333333334,36.4,30.0,111,128.0,135.93333333333334,70.5,15,27.482760557021674,240.1,194.4
전남,무안군,2021,나주역,용산역,175.4,196.4,198.86666666666667,36.4,30.0,109,130.0,132.46666666666667,70.85714285714286,15,27.482760557021674,240.1,196.4
전남,무안군,2022,나주역,용산역,175.4,196.4,198.86666666666667,36.4,30.0,109,130.0,132.46666666666667,70.85714285714286,15,27.482760557021674,240.1,196.4
전남,무안군,2023,나주역,용산역,181.4,202.4,207.04705882352943,36.4,30.0,115,136.0,140.64705882352942,61.8125,17,27.482760557021674,240.1,202.4
전남,무안군,2024,나주역,용산역,181.4,201.4,203.81176470588235,36.4,30.0,115,135.0,137.41176470588235,61.8125,17,27.482760557021674,240.1,201.4
전남,무안군,2025,나주역,용산역,182.4,202.4,204.81176470588235,36.4,30.0,116,136.0,138.41176470588235,61.8125,17,27.482760557021674,240.1,202.4
전남,보성군,2007,,,,,,,,,,,,,,283.4,283.4
전남,보성군,2008,,,,,,,,,,,,,,283.4,283.4
전남,보성군,2009,,,,,,,,,,,,,,283.4,283.4
전남,보성군,2010,,,,,,,,,,,,,,283.4,283.4
전남,보성군,2011,,,,,,,,,,,,,,283.4,283.4
전남,보성군,2012,,,,,,,,,,,,,,283.4,283.4
전남,보성군,2013,,,,,,,,,,,,,,283.4,283.4
전남,보성군,2014,,,,,,,,,,,,,,283.4,283.4
전남,보성군,2015,,,,,,,,,,,,,,283.4,283.4
전남,보성군,2016,,,,,,,,,,,,,,283.4,283.4
전남,보성군,2017,,,,,,,,,,,,,,283.4,283.4
전남,보성군,2018,,,,,,,,,,,,,,283.4,283.4
전남,보성군,2019,,,,,,,,,,,,,,283.4,283.4
전남,보성군,2020,,,,,,,,,,,,,,283.4,283.4
전남,보성군,2021,,,,,,,,,,,,,,283.4,283.4
전남,보성군,2022,,,,,,,,,,,,,,283.4,283.4
전남,보성군,2023,,,,,,,,,,,,,,283.4,283.4
전남,보성군,2024,,,,,,,,,,,,,,283.4,283.4
전남,보성군,2025,,,,,,,,,,,,,,283.4,283.4
전남,순천시,2007,,,,,,,,,,,,,,250.8,250.8
전남,순천시,2008,,,,,,,,,,,,,,250.8,250.8
전남,순천시,2009,,,,,,,,,,,,,,250.8,250.8
전남,순천시,2010,,,,,,,,,,,,,,250.8,250.8
전남,순천시,2011,구례구역,용산역,236.9,240.4,240.4,28.9,30.0,178,181.5,181.5,819.0,2,19.603387369641183,250.8,240.4
전남,순천시,2012,구례구역,용산역,232.9,240.4,240.4,28.9,30.0,174,181.5,181.5,820.0,2,19.603387369641183,250.8,240.4
전남,순천시,2013,구례구역,용산역,231.9,238.9,238.9,28.9,30.0,173,180.0,180.0,830.0,2,19.603387369641183,250.8,238.9
전남,순천시,2014,구례구역,용산역,231.9,236.9,236.9,28.9,30.0,173,178.0,178.0,888.0,2,19.603387369641183,250.8,236.9
전남,순천시,2015,구례구역,용산역,194.9,210.9,207.4,28.9,30.0,136,152.0,148.5,258.3333333333333,4,19.603387369641183,250.8,210.9
전남,순천시,2016,구례구역,용산역,198.9,209.4,213.73333333333335,28.9,30.0,140,150.5,154.83333333333334,185.8,6,19.603387369641183,250.8,209.4
전남,순천시,2017,구례구역,용산역,198.9,209.4,213.73333333333335,28.9,30.0,140,150.5,154.83333333333334,185.8,6,19.603387369641183,250.8,209.4
전남,순천시,2018,구례구역,용산역,198.9,208.4,213.23333333333335,28.9,30.0,140,149.5,154.33333333333334,185.8,6,19.603387369641183,250.8,208.4
전남,순천시,2019,순천역,용산역,198.7,216.2,219.3875,24.7,30.0,144,161.5,164.6875,67.26666666666667,16,11.478714541138343,250.8,216.2
전남,순천시,2020,순천역,용산역,198.7,216.2,219.3875,24.7,30.0,144,161.5,164.6875,67.26666666666667,16,11.478714541138343,250.8,216.2
전남,순천시,2021,구례구역,용산역,193.9,209.9,213.32857142857142,28.9,30.0,135,151.0,154.42857142857142,154.0,7,19.603387369641183,250.8,209.9
전남,순천시,2022,구례구역,용산역,193.9,209.9,213.32857142857142,28.9,30.0,135,151.0,154.42857142857142,154.0,7,19.603387369641183,250.8,209.9
전남,순천시,2023,구례구역,용산역,195.9,211.9,218.34444444444446,28.9,30.0,137,153.0,159.44444444444446,114.75,9,19.603387369641183,250.8,211.9
전남,순천시,2024,구례구역,용산역,195.9,211.9,218.34444444444446,28.9,30.0,137,153.0,159.44444444444446,114.75,9,19.603387369641183,250.8,211.9
전남,순천시,2025,구례구역,용산역,196.9,213.9,219.67777777777778,28.9,30.0,138,155.0,160.77777777777777,114.625,9,19.603387369641183,250.8,213.9
전남,신안군,2007,,,,,,,,,,,,,,281.3,281.3
전남,신안군,2008,,,,,,,,,,,,,,281.3,281.3
전남,신안군,2009,,,,,,,,,,,,,,281.3,281.3
전남,신안군,2010,,,,,,,,,,,,,,281.3,281.3
전남,신안군,2011,,,,,,,,,,,,,,281.3,281.3
전남,신안군,2012,,,,,,,,,,,,,,281.3,281.3
전남,신안군,2013,,,,,,,,,,,,,,281.3,281.3
전남,신안군,2014,,,,,,,,,,,,,,281.3,281.3
전남,신안군,2015,,,,,,,,,,,,,,281.3,281.3
전남,신안군,2016,,,,,,,,,,,,,,281.3,281.3
전남,신안군,2017,,,,,,,,,,,,,,281.3,281.3
전남,신안군,2018,,,,,,,,,,,,,,281.3,281.3
전남,신안군,2019,,,,,,,,,,,,,,281.3,281.3
전남,신안군,2020,,,,,,,,,,,,,,281.3,281.3
전남,신안군,2021,,,,,,,,,,,,,,281.3,281.3
전남,신안군,2022,,,,,,,,,,,,,,281.3,281.3
전남,신안군,2023,,,,,,,,,,,,,,281.3,281.3
전남,신안군,2024,,,,,,,,,,,,,,281.3,281.3
전남,신안군,2025,,,,,,,,,,,,,,281.3,281.3
전남,여수시,2007,,,,,,,,,,,,,,276.5,276.5
전남,여수시,2008,,,,,,,,,,,,,,276.5,276.5
전남,여수시,2009,,,,,,,,,,,,,,276.5,276.5
전남,여수시,2010,,,,,,,,,,,,,,276.5,276.5
전남,여수시,2011,여천역,용산역,248.8,255.8,255.46666666666664,15.8,30.0,203,210.0,209.66666666666666,410.0,3,7.883171180047723,276.5,255.8
전남,여수시,2012,여천역,용산역,246.8,249.8,252.55,15.8,30.0,201,204.0,206.75,313.3333333333333,4,7.883171180047723,276.5,249.8
전남,여수시,2013,여천역,용산역,238.8,247.8,248.39999999999998,15.8,30.0,193,202.0,202.6,238.75,5,7.883171180047723,276.5,247.8
전남,여수시,2014,여천역,용산역,238.8,249.8,252.675,15.8,30.0,193,204.0,206.875,136.42857142857142,8,7.883171180047723,276.5,249.8
전남,여수시,2015,여천역,용산역,204.8,211.8,216.24444444444447,15.8,30.0,159,166.0,170.44444444444446,120.75,9,7.883171180047723,276.5,211.8
전남,여수시,2016,여천역,용산역,206.8,221.8,221.60000000000002,15.8,30.0,161,176.0,175.8,112.33333333333333,10,7.883171180047723,276.5,221.8
전남,여수시,2017,여천역,용산역,214.8,225.3,226.89999999999998,15.8,30.0,169,179.5,181.1,103.33333333333333,10,7.883171180047723,276.5,225.3
전남,여수시,2018,여천역,용산역,214.8,222.8,226.2,15.8,30.0,169,177.0,180.4,103.33333333333333,10,7.883171180047723,276.5,222.8
전남,여수시,2019,여천역,용산역,214.8,222.8,224.46666666666664,15.8,30.0,169,177.0,178.66666666666666,84.0,12,7.883171180047723,276.5,222.8
전남,여수시,2020,여천역,용산역,214.8,222.8,224.46666666666664,15.8,30.0,169,177.0,178.66666666666666,84.0,12,7.883171180047723,276.5,222.8
전남,여수시,2021,여천역,용산역,203.8,224.8,224.2285714285714,15.8,30.0,158,179.0,178.42857142857142,78.0,14,7.883171180047723,276.5,224.8
전남,여수시,2022,여천역,용산역,203.8,224.8,224.2285714285714,15.8,30.0,158,179.0,178.42857142857142,78.0,14,7.883171180047723,276.5,224.8
전남,여수시,2023,여천역,용산역,208.8,225.8,228.925,15.8,30.0,163,180.0,183.125,67.2,16,7.883171180047723,276.5,225.8
전남,여수시,2024,여천역,용산역,208.8,225.8,229.2375,15.8,30.0,163,180.0,183.4375,67.2,16,7.883171180047723,276.5,225.8
전남,여수시,2025,여천역,용산역,210.8,227.3,230.425,15.8,30.0,165,181.5,184.625,67.2,16,7.883171180047723,276.5,227.3
전남,영광군,2007,,,,,,,,,,,,,,214.9,214.9
전남,영광군,2008,,,,,,,,,,,,,,214.9,214.9
전남,영광군,2009,,,,,,,,,,,,,,214.9,214.9
전남,영광군,2010,,,,,,,,,,,,,,214.9,214.9
전남,영광군,2011,,,,,,,,,,,,,,214.9,214.9
전남,영광군,2012,,,,,,,,,,,,,,214.9,214.9
전남,영광군,2013,,,,,,,,,,,,,,214.9,214.9
전남,영광군,2014,,,,,,,,,,,,,,214.9,214.9
전남,영광군,2015,,,,,,,,,,,,,,214.9,214.9
전남,영광군,2016,,,,,,,,,,,,,,214.9,214.9
전남,영광군,2017,,,,,,,,,,,,,,214.9,214.9
전남,영광군,2018,,,,,,,,,,,,,,214.9,214.9
전남,영광군,2019,,,,,,,,,,,,,,214.9,214.9
전남,영광군,2020,,,,,,,,,,,,,,214.9,214.9
전남,영광군,2021,,,,,,,,,,,,,,214.9,214.9
전남,영광군,2022,,,,,,,,,,,,,,214.9,214.9
전남,영광군,2023,,,,,,,,,,,,,,214.9,214.9
전남,영광군,2024,,,,,,,,,,,,,,214.9,214.9
전남,영광군,2025,,,,,,,,,,,,,,214.9,214.9
전남,영암군,2007,나주역,용산역,235.2,243.7,243.45,36.2,30.0,169,177.5,177.25,250.0,4,25.643568570502726,270.9,243.7
전남,영암군,2008,나주역,용산역,230.2,240.7,240.7,36.2,30.0,164,174.5,174.5,256.6666666666667,4,25.643568570502726,270.9,240.7
전남,영암군,2009,나주역,용산역,230.2,240.7,240.7,36.2,30.0,164,174.5,174.5,256.6666666666667,4,25.643568570502726,270.9,240.7
전남,영암군,2010,나주역,용산역,235.2,239.2,243.0,36.2,30.0,169,173.0,176.8,202.5,5,25.643568570502726,270.9,239.2
전남,영암군,2011,나주역,용산역,244.2,250.7,250.7,36.2,30.0,178,184.5,184.5,270.0,4,25.643568570502726,270.9,250.7
전남,영암군,2012,나주역,용산역,244.2,248.7,249.2,36.2,30.0,178,182.5,183.0,268.6666666666667,4,25.643568570502726,270.9,248.7
전남,영암군,2013,나주역,용산역,241.2,246.7,249.2,36.2,30.0,175,180.5,183.0,267.0,4,25.643568570502726,270.9,246.7
전남,영암군,2014,나주역,용산역,241.2,246.7,248.36666666666667,36.2,30.0,175,180.5,182.16666666666666,161.2,6,25.643568570502726,270.9,246.7
전남,영암군,2015,나주역,용산역,174.2,196.2,193.5076923076923,36.2,30.0,108,130.0,127.3076923076923,83.75,13,25.643568570502726,270.9,196.2
전남,영암군,2016,나주역,용산역,176.2,197.7,200.7,36.2,30.0,110,131.5,134.5,76.46153846153847,14,25.643568570502726,270.9,197.7
전남,영암군,2017,나주역,용산역,176.2,195.7,197.4142857142857,36.2,30.0,110,129.5,131.21428571428572,76.46153846153847,14,25.643568570502726,270.9,195.7
전남,영암군,2018,나주역,용산역,176.2,195.7,196.7,36.2,30.0,110,129.5,130.5,76.46153846153847,14,25.643568570502726,270.9,195.7
전남,영암군,2019,나주역,용산역,177.2,195.2,202.60000000000002,36.2,30.0,111,129.0,136.4,70.5,15,25.643568570502726,270.9,195.2
전남,영암군,2020,나주역,용산역,177.2,194.2,202.13333333333333,36.2,30.0,111,128.0,135.93333333333334,70.5,15,25.643568570502726,270.9,194.2
전남,영암군,2021,나주역,용산역,175.2,196.2,198.66666666666669,36.2,30.0,109,130.0,132.46666666666667,70.85714285714286,15,25.643568570502726,270.9,196.2
전남,영암군,2022,나주역,용산역,175.2,196.2,198.66666666666669,36.2,30.0,109,130.0,132.46666666666667,70.85714285714286,15,25.643568570502726,270.9,196.2
전남,영암군,2023,나주역,용산역,181.2,202.2,206.84705882352944,36.2,30.0,115,136.0,140.64705882352942,61.8125,17,25.643568570502726,270.9,202.2
전남,영암군,2024,나주역,용산역,181.2,201.2,203.61176470588236,36.2,30.0,115,135.0,137.41176470588235,61.8125,17,25.643568570502726,270.9,201.2
전남,영암군,2025,나주역,용산역,182.2,202.2,204.61176470588236,36.2,30.0,116,136.0,138.41176470588235,61.8125,17,25.643568570502726,270.9,202.2
전남,완도군,2007,,,,,,,,,,,,,,322.4,322.4
전남,완도군,2008,,,,,,,,,,,,,,322.4,322.4
전남,완도군,2009,,,,,,,,,,,,,,322.4,322.4
전남,완도군,2010,,,,,,,,,,,,,,322.4,322.4
전남,완도군,2011,,,,,,,,,,,,,,322.4,322.4
전남,완도군,2012,,,,,,,,,,,,,,322.4,322.4
전남,완도군,2013,,,,,,,,,,,,,,322.4,322.4
전남,완도군,2014,,,,,,,,,,,,,,322.4,322.4
전남,완도군,2015,,,,,,,,,,,,,,322.4,322.4
전남,완도군,2016,,,,,,,,,,,,,,322.4,322.4
전남,완도군,2017,,,,,,,,,,,,,,322.4,322.4
전남,완도군,2018,,,,,,,,,,,,,,322.4,322.4
전남,완도군,2019,,,,,,,,,,,,,,322.4,322.4
전남,완도군,2020,,,,,,,,,,,,,,322.4,322.4
전남,완도군,2021,,,,,,,,,,,,,,322.4,322.4
전남,완도군,2022,,,,,,,,,,,,,,322.4,322.4
전남,완도군,2023,,,,,,,,,,,,,,322.4,322.4
전남,완도군,2024,,,,,,,,,,,,,,322.4,322.4
전남,완도군,2025,,,,,,,,,,,,,,322.4,322.4
전남,장성군,2007,장성역,용산역,188.0,192.0,193.88888888888889,6.0,30.0,152,156.0,157.88888888888889,109.375,9,3.4995352625919067,205.2,192.0
전남,장성군,2008,장성역,용산역,180.0,185.0,185.875,6.0,30.0,144,149.0,149.875,113.71428571428571,8,3.4995352625919067,205.2,185.0
전남,장성군,2009,장성역,용산역,180.0,185.0,185.875,6.0,30.0,144,149.0,149.875,113.71428571428571,8,3.4995352625919067,205.2,185.0
전남,장성군,2010,장성역,용산역,182.0,192.0,191.33333333333334,6.0,30.0,146,156.0,155.33333333333334,101.25,9,3.4995352625919067,205.2,192.0
전남,장성군,2011,장성역,용산역,187.0,193.0,194.33333333333334,6.0,30.0,151,157.0,158.33333333333334,73.63636363636364,12,3.4995352625919067,205.2,193.0
전남,장성군,2012,장성역,용산역,190.0,198.5,197.58333333333334,6.0,30.0,154,162.5,161.58333333333334,73.27272727272727,12,3.4995352625919067,205.2,198.5
전남,장성군,2013,장성역,용산역,186.0,195.0,195.41666666666666,6.0,30.0,150,159.0,159.41666666666666,72.81818181818181,12,3.4995352625919067,205.2,195.0
전남,장성군,2014,장성역,용산역,188.0,195.5,196.0,6.0,30.0,152,159.5,160.0,73.27272727272727,12,3.4995352625919067,205.2,195.5
전남,장성군,2015,광주송정역,용산역,150.7,171.7,170.575,27.7,30.0,93,114.0,112.875,45.130434782608695,24,21.374899280961376,205.2,171.7
전남,장성군,2016,정읍역,용산역,155.0,164.0,167.42857142857144,35.0,30.0,90,99.0,102.42857142857143,73.92307692307692,14,28.081203974897996,205.2,164.0
전남,장성군,2017,광주송정역,용산역,155.7,174.7,176.0913043478261,27.7,30.0,98,117.0,118.3913043478261,46.77272727272727,23,21.374899280961376,205.2,174.7
전남,장성군,2018,정읍역,용산역,153.0,165.0,168.06666666666666,35.0,30.0,88,100.0,103.06666666666666,68.64285714285714,15,28.081203974897996,205.2,165.0
전남,장성군,2019,정읍역,용산역,153.0,168.0,172.625,35.0,30.0,88,103.0,107.625,64.06666666666666,16,28.081203974897996,205.2,168.0
전남,장성군,2020,정읍역,용산역,153.0,166.5,172.1875,35.0,30.0,88,101.5,107.1875,64.06666666666666,16,28.081203974897996,205.2,166.5
전남,장성군,2021,정읍역,용산역,152.0,170.0,174.0,35.0,30.0,87,105.0,109.0,63.2,16,28.081203974897996,205.2,170.0
전남,장성군,2022,정읍역,용산역,152.0,170.0,174.0,35.0,30.0,87,105.0,109.0,63.2,16,28.081203974897996,205.2,170.0
전남,장성군,2023,정읍역,용산역,157.0,171.0,182.31578947368422,35.0,30.0,92,106.0,117.3157894736842,52.333333333333336,19,28.081203974897996,205.2,171.0
전남,장성군,2024,정읍역,용산역,157.0,171.0,182.31578947368422,35.0,30.0,92,106.0,117.3157894736842,52.333333333333336,19,28.081203974897996,205.2,171.0
전남,장성군,2025,정읍역,용산역,158.0,172.0,183.5263157894737,35.0,30.0,93,107.0,118.52631578947368,52.388888888888886,19,28.081203974897996,205.2,172.0
전남,장흥군,2007,,,,,,,,,,,,,,284.0,284.0
전남,장흥군,2008,,,,,,,,,,,,,,284.0,284.0
전남,장흥군,2009,,,,,,,,,,,,,,284.0,284.0
전남,장흥군,2010,,,,,,,,,,,,,,284.0,284.0
전남,장흥군,2011,,,,,,,,,,,,,,284.0,284.0
전남,장흥군,2012,,,,,,,,,,,,,,284.0,284.0
전남,장흥군,2013,,,,,,,,,,,,,,284.0,284.0
전남,장흥군,2014,,,,,,,,,,,,,,284.0,284.0
전남,장흥군,2015,,,,,,,,,,,,,,284.0,284.0
전남,장흥군,2016,,,,,,,,,,,,,,284.0,284.0
전남,장흥군,2017,,,,,,,,,,,,,,284.0,284.0
전남,장흥군,2018,,,,,,,,,,,,,,284.0,284.0
전남,장흥군,2019,,,,,,,,,,,,,,284.0,284.0
전남,장흥군,2020,,,,,,,,,,,,,,284.0,284.0
전남,장흥군,2021,,,,,,,,,,,,,,284.0,284.0
전남,장흥군,2022,,,,,,,,,,,,,,284.0,284.0
전남,장흥군,2023,,,,,,,,,,,,,,284.0,284.0
전남,장흥군,2024,,,,,,,,,,,,,,284.0,284.0
전남,장흥군,2025,,,,,,,,,,,,,,284.0,284.0
전남,진도군,2007,,,,,,,,,,,,,,306.1,306.1
전남,진도군,2008,,,,,,,,,,,,,,306.1,306.1
전남,진도군,2009,,,,,,,,,,,,,,306.1,306.1
전남,진도군,2010,,,,,,,,,,,,,,306.1,306.1
전남,진도군,2011,,,,,,,,,,,,,,306.1,306.1
전남,진도군,2012,,,,,,,,,,,,,,306.1,306.1
전남,진도군,2013,,,,,,,,,,,,,,306.1,306.1
전남,진도군,2014,,,,,,,,,,,,,,306.1,306.1
전남,진도군,2015,,,,,,,,,,,,,,306.1,306.1
전남,진도군,2016,,,,,,,,,,,,,,306.1,306.1
전남,진도군,2017,,,,,,,,,,,,,,306.1,306.1
전남,진도군,2018,,,,,,,,,,,,,,306.1,306.1
전남,진도군,2019,,,,,,,,,,,,,,306.1,306.1
전남,진도군,2020,,,,,,,,,,,,,,306.1,306.1
전남,진도군,2021,,,,,,,,,,,,,,306.1,306.1
전남,진도군,2022,,,,,,,,,,,,,,306.1,306.1
전남,진도군,2023,,,,,,,,,,,,,,306.1,306.1
전남,진도군,2024,,,,,,,,,,,,,,306.1,306.1
전남,진도군,2025,,,,,,,,,,,,,,306.1,306.1
전남,함평군,2007,광주송정역,용산역,215.2,237.2,237.62105263157895,37.2,30.0,148,170.0,170.42105263157896,54.166666666666664,19,23.51928840333605,231.8,231.8
전남,함평군,2008,광주송정역,용산역,218.2,229.7,229.3,37.2,30.0,151,162.5,162.1,101.88888888888889,10,23.51928840333605,231.8,229.7
전남,함평군,2009,광주송정역,용산역,218.2,229.7,229.3,37.2,30.0,151,162.5,162.1,101.88888888888889,10,23.51928840333605,231.8,229.7
전남,함평군,2010,광주송정역,용산역,221.2,228.2,229.96923076923076,37.2,30.0,154,161.0,162.76923076923077,79.75,13,23.51928840333605,231.8,228.2
전남,함평군,2011,광주송정역,용산역,222.2,238.2,236.74545454545455,37.2,30.0,155,171.0,169.54545454545453,96.8,11,23.51928840333605,231.8,231.8
전남,함평군,2012,광주송정역,용산역,220.2,235.7,237.53333333333336,37.2,30.0,153,168.5,170.33333333333334,88.0,12,23.51928840333605,231.8,231.8
전남,함평군,2013,광주송정역,용산역,217.2,233.2,235.36666666666667,37.2,30.0,150,166.0,168.16666666666666,88.45454545454545,12,23.51928840333605,231.8,231.8
전남,함평군,2014,광주송정역,용산역,217.2,233.2,235.78333333333336,37.2,30.0,150,166.0,168.58333333333334,88.45454545454545,12,23.51928840333605,231.8,231.8
전남,함평군,2015,광주송정역,용산역,160.2,181.2,180.075,37.2,30.0,93,114.0,112.875,45.130434782608695,24,23.51928840333605,231.8,181.2
전남,함평군,2016,광주송정역,용산역,165.2,182.2,185.02608695652174,37.2,30.0,98,115.0,117.82608695652173,46.77272727272727,23,23.51928840333605,231.8,182.2
전남,함평군,2017,광주송정역,용산역,165.2,184.2,185.5913043478261,37.2,30.0,98,117.0,118.3913043478261,46.77272727272727,23,23.51928840333605,231.8,184.2
전남,함평군,2018,광주송정역,용산역,165.2,184.2,185.63478260869567,37.2,30.0,98,117.0,118.43478260869566,46.77272727272727,23,23.51928840333605,231.8,184.2
전남,함평군,2019,광주송정역,용산역,167.2,184.2,188.37391304347827,37.2,30.0,100,117.0,121.17391304347827,46.54545454545455,23,23.51928840333605,231.8,184.2
전남,함평군,2020,광주송정역,용산역,167.2,184.2,188.0695652173913,37.2,30.0,100,117.0,120.8695652173913,46.54545454545455,23,23.51928840333605,231.8,184.2
전남,함평군,2021,광주송정역,용산역,166.2,185.2,189.63478260869567,37.2,30.0,99,118.0,122.43478260869566,46.04545454545455,23,23.51928840333605,231.8,185.2
전남,함평군,2022,광주송정역,용산역,166.2,185.2,189.63478260869567,37.2,30.0,99,118.0,122.43478260869566,46.04545454545455,23,23.51928840333605,231.8,185.2
전남,함평군,2023,광주송정역,용산역,172.2,191.7,200.0076923076923,37.2,30.0,105,124.5,132.80769230769232,40.48,26,23.51928840333605,231.8,191.7
전남,함평군,2024,광주송정역,용산역,169.2,192.2,198.42222222222222,37.2,30.0,102,125.0,131.22222222222223,38.92307692307692,27,23.51928840333605,231.8,192.2
전남,함평군,2025,광주송정역,용산역,170.2,192.2,199.26896551724138,37.2,30.0,103,125.0,132.06896551724137,36.17857142857143,29,23.51928840333605,231.8,192.2
전남,해남군,2007,목포역,용산역,271.4,292.4,288.4,60.4,30.0,181,202.0,198.0,121.42857142857143,8,28.2468380689011,293.4,292.4
전남,해남군,2008,목포역,용산역,274.4,286.9,286.8,60.4,30.0,184,196.5,196.4,102.22222222222223,10,28.2468380689011,293.4,286.9
전남,해남군,2009,목포역,용산역,274.4,286.9,286.8,60.4,30.0,184,196.5,196.4,102.22222222222223,10,28.2468380689011,293.4,286.9
전남,해남군,2010,목포역,용산역,279.4,286.4,288.70769230769235,60.4,30.0,189,196.0,198.30769230769232,80.0,13,28.2468380689011,293.4,286.4
전남,해남군,2011,목포역,용산역,280.4,295.4,295.5818181818182,60.4,30.0,190,205.0,205.1818181818182,97.0,11,28.2468380689011,293.4,293.4
전남,해남군,2012,목포역,용산역,277.4,295.4,295.73333333333335,60.4,30.0,187,205.0,205.33333333333334,88.18181818181819,12,28.2468380689011,293.4,293.4
전남,해남군,2013,목포역,용산역,274.4,292.4,293.48333333333335,60.4,30.0,184,202.0,203.08333333333334,88.63636363636364,12,28.2468380689011,293.4,292.4
전남,해남군,2014,목포역,용산역,274.4,292.4,294.4,60.4,30.0,184,202.0,204.0,88.63636363636364,12,28.2468380689011,293.4,292.4
전남,해남군,2015,목포역,용산역,225.4,245.9,244.2125,60.4,30.0,135,155.5,153.8125,67.0,16,28.2468380689011,293.4,245.9
전남,해남군,2016,목포역,용산역,224.4,247.4,249.67777777777778,60.4,30.0,134,157.0,159.27777777777777,58.529411764705884,18,28.2468380689011,293.4,247.4
전남,해남군,2017,목포역,용산역,224.4,247.9,250.12222222222223,60.4,30.0,134,157.5,159.72222222222223,58.529411764705884,18,28.2468380689011,293.4,247.9
전남,해남군,2018,목포역,용산역,227.4,248.4,249.84444444444446,60.4,30.0,137,158.0,159.44444444444446,58.529411764705884,18,28.2468380689011,293.4,248.4
전남,해남군,2019,목포역,용산역,226.4,245.4,250.67777777777778,60.4,30.0,136,155.0,160.27777777777777,58.05882352941177,18,28.2468380689011,293.4,245.4
전남,해남군,2020,목포역,용산역,226.4,244.9,250.2888888888889,60.4,30.0,136,154.5,159.88888888888889,58.05882352941177,18,28.2468380689011,293.4,244.9
전남,해남군,2021,목포역,용산역,226.4,247.9,252.17777777777778,60.4,30.0,136,157.5,161.77777777777777,58.35294117647059,18,28.2468380689011,293.4,247.9
전남,해남군,2022,목포역,용산역,226.4,247.9,252.17777777777778,60.4,30.0,136,157.5,161.77777777777777,58.35294117647059,18,28.2468380689011,293.4,247.9
전남,해남군,2023,목포역,용산역,233.4,254.4,263.73333333333335,60.4,30.0,143,164.0,173.33333333333334,49.45,21,28.2468380689011,293.4,254.4
전남,해남군,2024,목포역,용산역,233.4,254.4,263.6857142857143,60.4,30.0,143,164.0,173.28571428571428,49.45,21,28.2468380689011,293.4,254.4
전남,해남군,2025,목포역,용산역,233.4,254.4,263.9238095238095,60.4,30.0,143,164.0,173.52380952380952,49.45,21,28.2468380689011,293.4,254.4
전남,화순군,2007,광주송정역,용산역,216.4,238.4,238.82105263157897,38.4,30.0,148,170.0,170.42105263157896,54.166666666666664,19,26.306865356989874,255.4,238.4
전남,화순군,2008,광주송정역,용산역,219.4,230.9,230.5,38.4,30.0,151,162.5,162.1,101.88888888888889,10,26.306865356989874,255.4,230.9
전남,화순군,2009,광주송정역,용산역,219.4,230.9,230.5,38.4,30.0,151,162.5,162.1,101.88888888888889,10,26.306865356989874,255.4,230.9
전남,화순군,2010,광주송정역,용산역,222.4,229.4,231.16923076923078,38.4,30.0,154,161.0,162.76923076923077,79.75,13,26.306865356989874,255.4,229.4
전남,화순군,2011,광주송정역,용산역,223.4,239.4,237.94545454545454,38.4,30.0,155,171.0,169.54545454545453,96.8,11,26.306865356989874,255.4,239.4
전남,화순군,2012,광주송정역,용산역,221.4,236.9,238.73333333333335,38.4,30.0,153,168.5,170.33333333333334,88.0,12,26.306865356989874,255.4,236.9
전남,화순군,2013,광주송정역,용산역,218.4,234.4,236.56666666666666,38.4,30.0,150,166.0,168.16666666666666,88.45454545454545,12,26.306865356989874,255.4,234.4
전남,화순군,2014,광주송정역,용산역,218.4,234.4,236.98333333333335,38.4,30.0,150,166.0,168.58333333333334,88.45454545454545,12,26.306865356989874,255.4,234.4
전남,화순군,2015,광주송정역,용산역,161.4,182.4,181.275,38.4,30.0,93,114.0,112.875,45.130434782608695,24,26.306865356989874,255.4,182.4
전남,화순군,2016,광주송정역,용산역,166.4,183.4,186.22608695652173,38.4,30.0,98,115.0,117.82608695652173,46.77272727272727,23,26.306865356989874,255.4,183.4
전남,화순군,2017,광주송정역,용산역,166.4,185.4,186.7913043478261,38.4,30.0,98,117.0,118.3913043478261,46.77272727272727,23,26.306865356989874,255.4,185.4
전남,화순군,2018,광주송정역,용산역,166.4,185.4,186.83478260869566,38.4,30.0,98,117.0,118.43478260869566,46.77272727272727,23,26.306865356989874,255.4,185.4
전남,화순군,2019,광주송정역,용산역,168.4,185.4,189.57391304347829,38.4,30.0,100,117.0,121.17391304347827,46.54545454545455,23,26.306865356989874,255.4,185.4
전남,화순군,2020,광주송정역,용산역,168.4,185.4,189.2695652173913,38.4,30.0,100,117.0,120.8695652173913,46.54545454545455,23,26.306865356989874,255.4,185.4
전남,화순군,2021,광주송정역,용산역,167.4,186.4,190.83478260869566,38.4,30.0,99,118.0,122.43478260869566,46.04545454545455,23,26.306865356989874,255.4,186.4
전남,화순군,2022,광주송정역,용산역,167.4,186.4,190.83478260869566,38.4,30.0,99,118.0,122.43478260869566,46.04545454545455,23,26.306865356989874,255.4,186.4
전남,화순군,2023,광주송정역,용산역,173.4,192.9,201.20769230769233,38.4,30.0,105,124.5,132.80769230769232,40.48,26,26.306865356989874,255.4,192.9
전남,화순군,2024,광주송정역,용산역,170.4,193.4,199.62222222222223,38.4,30.0,102,125.0,131.22222222222223,38.92307692307692,27,26.306865356989874,255.4,193.4
전남,화순군,2025,광주송정역,용산역,171.4,193.4,200.46896551724137,38.4,30.0,103,125.0,132.06896551724137,36.17857142857143,29,26.306865356989874,255.4,193.4
전북,고창군,2007,정읍역,용산역,193.8,200.8,200.95384615384614,32.8,30.0,131,138.0,138.15384615384616,72.91666666666667,13,24.906454679933656,199.5,199.5
전북,고창군,2008,정읍역,용산역,187.8,196.3,196.51428571428573,32.8,30.0,125,133.5,133.71428571428572,72.6923076923077,14,24.906454679933656,199.5,196.3
전북,고창군,2009,정읍역,용산역,187.8,196.3,196.51428571428573,32.8,30.0,125,133.5,133.71428571428572,72.6923076923077,14,24.906454679933656,199.5,196.3
전북,고창군,2010,정읍역,용산역,189.8,197.8,198.2,32.8,30.0,127,135.0,135.4,67.85714285714286,15,24.906454679933656,199.5,197.8
전북,고창군,2011,정읍역,용산역,196.8,203.3,203.37142857142857,32.8,30.0,134,140.5,140.57142857142858,73.84615384615384,14,24.906454679933656,199.5,199.5
전북,고창군,2012,정읍역,용산역,195.8,206.8,206.15714285714284,32.8,30.0,133,144.0,143.35714285714286,73.84615384615384,14,24.906454679933656,199.5,199.5
전북,고창군,2013,정읍역,용산역,192.8,203.8,203.46666666666664,32.8,30.0,130,141.0,140.66666666666666,69.64285714285714,15,24.906454679933656,199.5,199.5
전북,고창군,2014,정읍역,용산역,192.8,204.8,204.93333333333334,32.8,30.0,130,142.0,142.13333333333333,69.64285714285714,15,24.906454679933656,199.5,199.5
전북,고창군,2015,정읍역,용산역,150.8,161.8,161.2736842105263,32.8,30.0,88,99.0,98.47368421052632,57.666666666666664,19,24.906454679933656,199.5,161.8
전북,고창군,2016,정읍역,용산역,152.8,161.8,165.22857142857143,32.8,30.0,90,99.0,102.42857142857143,73.92307692307692,14,24.906454679933656,199.5,161.8
전북,고창군,2017,정읍역,용산역,157.8,162.8,166.2,32.8,30.0,95,100.0,103.4,68.64285714285714,15,24.906454679933656,199.5,162.8
전북,고창군,2018,정읍역,용산역,150.8,162.8,165.86666666666667,32.8,30.0,88,100.0,103.06666666666666,68.64285714285714,15,24.906454679933656,199.5,162.8
전북,고창군,2019,정읍역,용산역,150.8,165.8,170.425,32.8,30.0,88,103.0,107.625,64.06666666666666,16,24.906454679933656,199.5,165.8
전북,고창군,2020,정읍역,용산역,150.8,164.3,169.9875,32.8,30.0,88,101.5,107.1875,64.06666666666666,16,24.906454679933656,199.5,164.3
전북,고창군,2021,정읍역,용산역,149.8,167.8,171.8,32.8,30.0,87,105.0,109.0,63.2,16,24.906454679933656,199.5,167.8
전북,고창군,2022,정읍역,용산역,149.8,167.8,171.8,32.8,30.0,87,105.0,109.0,63.2,16,24.906454679933656,199.5,167.8
전북,고창군,2023,정읍역,용산역,154.8,168.8,180.1157894736842,32.8,30.0,92,106.0,117.3157894736842,52.333333333333336,19,24.906454679933656,199.5,168.8
전북,고창군,2024,정읍역,용산역,154.8,168.8,180.1157894736842,32.8,30.0,92,106.0,117.3157894736842,52.333333333333336,19,24.906454679933656,199.5,168.8
전북,고창군,2025,정읍역,용산역,155.8,169.8,181.32631578947368,32.8,30.0,93,107.0,118.52631578947368,52.388888888888886,19,24.906454679933656,199.5,169.8
전북,군산시,2007,익산역,용산역,157.5,169.5,167.9736842105263,26.5,30.0,101,113.0,111.47368421052632,54.77777777777778,19,20.78806549043819,156.3,156.3
전북,군산시,2008,익산역,용산역,158.5,165.5,165.60526315789474,26.5,30.0,102,109.0,109.10526315789474,55.22222222222222,19,20.78806549043819,156.3,156.3
전북,군산시,2009,익산역,용산역,158.5,165.5,165.60526315789474,26.5,30.0,102,109.0,109.10526315789474,55.22222222222222,19,20.78806549043819,156.3,156.3
전북,군산시,2010,익산역,용산역,159.5,167.5,167.72727272727275,26.5,30.0,103,111.0,111.22727272727273,48.095238095238095,22,20.78806549043819,156.3,156.3
전북,군산시,2011,익산역,용산역,161.5,170.5,171.38,26.5,30.0,105,114.0,114.88,43.0,25,20.78806549043819,156.3,156.3
전북,군산시,2012,익산역,용산역,160.5,172.5,172.5,26.5,30.0,104,116.0,116.0,38.333333333333336,28,20.78806549043819,156.3,156.3
전북,군산시,2013,익산역,용산역,157.5,169.5,169.73333333333335,26.5,30.0,101,113.0,113.23333333333333,36.206896551724135,30,20.78806549043819,156.3,156.3
전북,군산시,2014,익산역,용산역,157.5,169.5,171.2741935483871,26.5,30.0,101,113.0,114.7741935483871,35.0,31,20.78806549043819,156.3,156.3
전북,군산시,2015,익산역,용산역,120.5,139.5,143.59302325581393,26.5,30.0,64,83.0,87.09302325581395,24.714285714285715,43,20.78806549043819,156.3,139.5
전북,군산시,2016,익산역,용산역,125.5,139.5,145.1829268292683,26.5,30.0,69,83.0,88.6829268292683,26.025,41,20.78806549043819,156.3,139.5
전북,군산시,2017,익산역,용산역,125.5,140.0,146.23809523809524,26.5,30.0,69,83.5,89.73809523809524,25.341463414634145,42,20.78806549043819,156.3,140.0
전북,군산시,2018,익산역,용산역,125.5,139.5,146.02380952380952,26.5,30.0,69,83.0,89.52380952380952,25.341463414634145,42,20.78806549043819,156.3,139.5
전북,군산시,2019,익산역,용산역,127.5,139.5,145.95454545454544,26.5,30.0,71,83.0,89.45454545454545,24.302325581395348,44,20.78806549043819,156.3,139.5
전북,군산시,2020,익산역,용산역,127.5,139.5,145.79545454545456,26.5,30.0,71,83.0,89.29545454545455,24.302325581395348,44,20.78806549043819,156.3,139.5
전북,군산시,2021,익산역,용산역,126.5,142.5,147.47727272727275,26.5,30.0,70,86.0,90.97727272727273,24.023255813953487,44,20.78806549043819,156.3,142.5
전북,군산시,2022,익산역,용산역,126.5,142.5,147.47727272727275,26.5,30.0,70,86.0,90.97727272727273,24.023255813953487,44,20.78806549043819,156.3,142.5
전북,군산시,2023,익산역,용산역,129.5,144.5,151.39795918367346,26.5,30.0,73,88.0,94.89795918367346,21.520833333333332,49,20.78806549043819,156.3,144.5
전북,군산시,2024,익산역,용산역,126.5,144.5,150.74,26.5,30.0,70,88.0,94.24,21.081632653061224,50,20.78806549043819,156.3,144.5
전북,군산시,2025,익산역,용산역,128.5,146.5,151.59803921568627,26.5,30.0,72,90.0,95.09803921568627,20.66,51,20.78806549043819,156.3,146.5
전북,김제시,2007,익산역,용산역,152.3,164.3,162.7736842105263,21.3,30.0,101,113.0,111.47368421052632,54.77777777777778,19,15.585803554644716,165.4,164.3
전북,김제시,2008,김제역,용산역,151.5,157.0,157.16666666666669,3.5,30.0,118,123.5,123.66666666666667,172.6,6,1.7065228751170851,165.4,157.0
전북,김제시,2009,김제역,용산역,151.5,157.0,157.16666666666669,3.5,30.0,118,123.5,123.66666666666667,172.6,6,1.7065228751170851,165.4,157.0
전북,김제시,2010,김제역,용산역,153.5,160.0,159.83333333333331,3.5,30.0,120,126.5,126.33333333333333,178.6,6,1.7065228751170851,165.4,160.0
전북,김제시,2011,김제역,용산역,154.5,160.5,162.35714285714286,3.5,30.0,121,127.0,128.85714285714286,148.83333333333334,7,1.7065228751170851,165.4,160.5
전북,김제시,2012,익산역,용산역,155.3,167.3,167.3,21.3,30.0,104,116.0,116.0,38.333333333333336,28,15.585803554644716,165.4,165.4
전북,김제시,2013,익산역,용산역,152.3,164.3,164.53333333333333,21.3,30.0,101,113.0,113.23333333333333,36.206896551724135,30,15.585803554644716,165.4,164.3
전북,김제시,2014,익산역,용산역,152.3,164.3,166.0741935483871,21.3,30.0,101,113.0,114.7741935483871,35.0,31,15.585803554644716,165.4,164.3
전북,김제시,2015,익산역,용산역,115.3,134.3,138.39302325581394,21.3,30.0,64,83.0,87.09302325581395,24.714285714285715,43,15.585803554644716,165.4,134.3
전북,김제시,2016,익산역,용산역,120.3,134.3,139.9829268292683,21.3,30.0,69,83.0,88.6829268292683,26.025,41,15.585803554644716,165.4,134.3
전북,김제시,2017,익산역,용산역,120.3,134.8,141.03809523809525,21.3,30.0,69,83.5,89.73809523809524,25.341463414634145,42,15.585803554644716,165.4,134.8
전북,김제시,2018,익산역,용산역,120.3,134.3,140.82380952380953,21.3,30.0,69,83.0,89.52380952380952,25.341463414634145,42,15.585803554644716,165.4,134.3
전북,김제시,2019,익산역,용산역,122.3,134.3,140.75454545454545,21.3,30.0,71,83.0,89.45454545454545,24.302325581395348,44,15.585803554644716,165.4,134.3
전북,김제시,2020,익산역,용산역,122.3,134.3,140.59545454545454,21.3,30.0,71,83.0,89.29545454545455,24.302325581395348,44,15.585803554644716,165.4,134.3
전북,김제시,2021,익산역,용산역,121.3,137.3,142.27727272727273,21.3,30.0,70,86.0,90.97727272727273,24.023255813953487,44,15.585803554644716,165.4,137.3
전북,김제시,2022,익산역,용산역,121.3,137.3,142.27727272727273,21.3,30.0,70,86.0,90.97727272727273,24.023255813953487,44,15.585803554644716,165.4,137.3
전북,김제시,2023,익산역,용산역,124.3,139.3,146.19795918367345,21.3,30.0,73,88.0,94.89795918367346,21.520833333333332,49,15.585803554644716,165.4,139.3
전북,김제시,2024,익산역,용산역,121.3,139.3,145.54,21.3,30.0,70,88.0,94.24,21.081632653061224,50,15.585803554644716,165.4,139.3
전북,김제시,2025,익산역,용산역,123.3,141.3,146.39803921568625,21.3,30.0,72,90.0,95.09803921568627,20.66,51,15.585803554644716,165.4,141.3
전북,남원시,2007,,,,,,,,,,,,,,204.3,204.3
전북,남원시,2008,,,,,,,,,,,,,,204.3,204.3
전북,남원시,2009,,,,,,,,,,,,,,204.3,204.3
전북,남원시,2010,,,,,,,,,,,,,,204.3,204.3
전북,남원시,2011,남원역,용산역,194.7,199.7,200.03333333333336,11.7,30.0,153,158.0,158.33333333333334,410.0,3,7.5006772440719285,204.3,199.7
전북,남원시,2012,남원역,용산역,197.7,207.7,205.3,11.7,30.0,156,166.0,163.6,205.0,5,7.5006772440719285,204.3,204.3
전북,남원시,2013,남원역,용산역,190.7,200.7,201.03333333333336,11.7,30.0,149,159.0,159.33333333333334,166.0,6,7.5006772440719285,204.3,200.7
전북,남원시,2014,남원역,용산역,190.7,204.2,203.2,11.7,30.0,149,162.5,161.5,127.0,8,7.5006772440719285,204.3,204.2
전북,남원시,2015,남원역,용산역,152.7,166.7,166.7,11.7,30.0,111,125.0,125.0,107.0,10,7.5006772440719285,204.3,166.7
전북,남원시,2016,남원역,용산역,158.7,169.7,172.85384615384618,11.7,30.0,117,128.0,131.15384615384616,83.91666666666667,13,7.5006772440719285,204.3,169.7
전북,남원시,2017,남원역,용산역,159.7,170.7,175.4142857142857,11.7,30.0,118,129.0,133.71428571428572,77.3076923076923,14,7.5006772440719285,204.3,170.7
전북,남원시,2018,남원역,용산역,159.7,170.7,174.7,11.7,30.0,118,129.0,133.0,77.3076923076923,14,7.5006772440719285,204.3,170.7
전북,남원시,2019,남원역,용산역,155.7,170.7,173.325,11.7,30.0,114,129.0,131.625,67.0,16,7.5006772440719285,204.3,170.7
전북,남원시,2020,남원역,용산역,155.7,170.7,173.325,11.7,30.0,114,129.0,131.625,67.0,16,7.5006772440719285,204.3,170.7
전북,남원시,2021,남원역,용산역,154.7,172.7,174.6375,11.7,30.0,113,131.0,132.9375,67.46666666666667,16,7.5006772440719285,204.3,172.7
전북,남원시,2022,남원역,용산역,154.7,172.7,174.6375,11.7,30.0,113,131.0,132.9375,67.46666666666667,16,7.5006772440719285,204.3,172.7
전북,남원시,2023,남원역,용산역,160.7,174.7,178.7,11.7,30.0,119,133.0,137.0,59.11764705882353,18,7.5006772440719285,204.3,174.7
전북,남원시,2024,남원역,용산역,160.7,174.7,178.97777777777776,11.7,30.0,119,133.0,137.27777777777777,59.11764705882353,18,7.5006772440719285,204.3,174.7
전북,남원시,2025,남원역,용산역,161.7,175.7,180.14444444444445,11.7,30.0,120,134.0,138.44444444444446,59.11764705882353,18,7.5006772440719285,204.3,175.7
전북,무주군,2007,,,,,,,,,,,,,,177.9,177.9
전북,무주군,2008,,,,,,,,,,,,,,177.9,177.9
전북,무주군,2009,,,,,,,,,,,,,,177.9,177.9
전북,무주군,2010,,,,,,,,,,,,,,177.9,177.9
전북,무주군,2011,,,,,,,,,,,,,,177.9,177.9
전북,무주군,2012,,,,,,,,,,,,,,177.9,177.9
전북,무주군,2013,,,,,,,,,,,,,,177.9,177.9
전북,무주군,2014,,,,,,,,,,,,,,177.9,177.9
전북,무주군,2015,,,,,,,,,,,,,,177.9,177.9
전북,무주군,2016,,,,,,,,,,,,,,177.9,177.9
전북,무주군,2017,,,,,,,,,,,,,,177.9,177.9
전북,무주군,2018,,,,,,,,,,,,,,177.9,177.9
전북,무주군,2019,,,,,,,,,,,,,,177.9,177.9
전북,무주군,2020,,,,,,,,,,,,,,177.9,177.9
전북,무주군,2021,,,,,,,,,,,,,,177.9,177.9
전북,무주군,2022,,,,,,,,,,,,,,177.9,177.9
전북,무주군,2023,,,,,,,,,,,,,,177.9,177.9
전북,무주군,2024,,,,,,,,,,,,,,177.9,177.9
전북,무주군,2025,,,,,,,,,,,,,,177.9,177.9
전북,부안군,2007,김제역,용산역,186.8,189.8,191.63333333333333,33.8,30.0,123,126.0,127.83333333333333,175.2,6,26.731028841945985,185.4,185.4
전북,부안군,2008,김제역,용산역,181.8,187.3,187.46666666666667,33.8,30.0,118,123.5,123.66666666666667,172.6,6,26.731028841945985,185.4,185.4
전북,부안군,2009,김제역,용산역,181.8,187.3,187.46666666666667,33.8,30.0,118,123.5,123.66666666666667,172.6,6,26.731028841945985,185.4,185.4
전북,부안군,2010,김제역,용산역,183.8,190.3,190.13333333333333,33.8,30.0,120,126.5,126.33333333333333,178.6,6,26.731028841945985,185.4,185.4
전북,부안군,2011,김제역,용산역,184.8,190.8,192.65714285714284,33.8,30.0,121,127.0,128.85714285714286,148.83333333333334,7,26.731028841945985,185.4,185.4
전북,부안군,2012,김제역,용산역,188.8,192.8,194.0857142857143,33.8,30.0,125,129.0,130.28571428571428,148.16666666666666,7,26.731028841945985,185.4,185.4
전북,부안군,2013,김제역,용산역,185.8,191.8,193.0857142857143,33.8,30.0,122,128.0,129.28571428571428,149.0,7,26.731028841945985,185.4,185.4
전북,부안군,2014,김제역,용산역,185.8,191.8,192.2285714285714,33.8,30.0,122,128.0,128.42857142857142,149.0,7,26.731028841945985,185.4,185.4
전북,부안군,2015,정읍역,용산역,152.3,163.3,162.7736842105263,34.3,30.0,88,99.0,98.47368421052632,57.666666666666664,19,22.039087979160335,185.4,163.3
전북,부안군,2016,정읍역,용산역,154.3,163.3,166.72857142857143,34.3,30.0,90,99.0,102.42857142857143,73.92307692307692,14,22.039087979160335,185.4,163.3
전북,부안군,2017,정읍역,용산역,159.3,164.3,167.7,34.3,30.0,95,100.0,103.4,68.64285714285714,15,22.039087979160335,185.4,164.3
전북,부안군,2018,정읍역,용산역,152.3,164.3,167.36666666666667,34.3,30.0,88,100.0,103.06666666666666,68.64285714285714,15,22.039087979160335,185.4,164.3
전북,부안군,2019,정읍역,용산역,152.3,167.3,171.925,34.3,30.0,88,103.0,107.625,64.06666666666666,16,22.039087979160335,185.4,167.3
전북,부안군,2020,정읍역,용산역,152.3,165.8,171.4875,34.3,30.0,88,101.5,107.1875,64.06666666666666,16,22.039087979160335,185.4,165.8
전북,부안군,2021,정읍역,용산역,151.3,169.3,173.3,34.3,30.0,87,105.0,109.0,63.2,16,22.039087979160335,185.4,169.3
전북,부안군,2022,정읍역,용산역,151.3,169.3,173.3,34.3,30.0,87,105.0,109.0,63.2,16,22.039087979160335,185.4,169.3
전북,부안군,2023,정읍역,용산역,156.3,170.3,181.6157894736842,34.3,30.0,92,106.0,117.3157894736842,52.333333333333336,19,22.039087979160335,185.4,170.3
전북,부안군,2024,정읍역,용산역,156.3,170.3,181.6157894736842,34.3,30.0,92,106.0,117.3157894736842,52.333333333333336,19,22.039087979160335,185.4,170.3
전북,부안군,2025,정읍역,용산역,157.3,171.3,182.82631578947368,34.3,30.0,93,107.0,118.52631578947368,52.388888888888886,19,22.039087979160335,185.4,171.3
전북,순창군,2007,정읍역,용산역,200.3,207.3,207.45384615384614,39.3,30.0,131,138.0,138.15384615384616,72.91666666666667,13,27.39055467304546,209.9,207.3
전북,순창군,2008,정읍역,용산역,194.3,202.8,203.01428571428573,39.3,30.0,125,133.5,133.71428571428572,72.6923076923077,14,27.39055467304546,209.9,202.8
전북,순창군,2009,정읍역,용산역,194.3,202.8,203.01428571428573,39.3,30.0,125,133.5,133.71428571428572,72.6923076923077,14,27.39055467304546,209.9,202.8
전북,순창군,2010,정읍역,용산역,196.3,204.3,204.7,39.3,30.0,127,135.0,135.4,67.85714285714286,15,27.39055467304546,209.9,204.3
전북,순창군,2011,정읍역,용산역,203.3,209.8,209.87142857142857,39.3,30.0,134,140.5,140.57142857142858,73.84615384615384,14,27.39055467304546,209.9,209.8
전북,순창군,2012,정읍역,용산역,202.3,213.3,212.65714285714284,39.3,30.0,133,144.0,143.35714285714286,73.84615384615384,14,27.39055467304546,209.9,209.9
전북,순창군,2013,정읍역,용산역,199.3,210.3,209.96666666666664,39.3,30.0,130,141.0,140.66666666666666,69.64285714285714,15,27.39055467304546,209.9,209.9
전북,순창군,2014,정읍역,용산역,199.3,211.3,211.43333333333334,39.3,30.0,130,142.0,142.13333333333333,69.64285714285714,15,27.39055467304546,209.9,209.9
전북,순창군,2015,정읍역,용산역,157.3,168.3,167.7736842105263,39.3,30.0,88,99.0,98.47368421052632,57.666666666666664,19,27.39055467304546,209.9,168.3
전북,순창군,2016,정읍역,용산역,159.3,168.3,171.72857142857143,39.3,30.0,90,99.0,102.42857142857143,73.92307692307692,14,27.39055467304546,209.9,168.3
전북,순창군,2017,정읍역,용산역,164.3,169.3,172.7,39.3,30.0,95,100.0,103.4,68.64285714285714,15,27.39055467304546,209.9,169.3
전북,순창군,2018,정읍역,용산역,157.3,169.3,172.36666666666667,39.3,30.0,88,100.0,103.06666666666666,68.64285714285714,15,27.39055467304546,209.9,169.3
전북,순창군,2019,정읍역,용산역,157.3,172.3,176.925,39.3,30.0,88,103.0,107.625,64.06666666666666,16,27.39055467304546,209.9,172.3
전북,순창군,2020,정읍역,용산역,157.3,170.8,176.4875,39.3,30.0,88,101.5,107.1875,64.06666666666666,16,27.39055467304546,209.9,170.8
전북,순창군,2021,정읍역,용산역,156.3,174.3,178.3,39.3,30.0,87,105.0,109.0,63.2,16,27.39055467304546,209.9,174.3
전북,순창군,2022,정읍역,용산역,156.3,174.3,178.3,39.3,30.0,87,105.0,109.0,63.2,16,27.39055467304546,209.9,174.3
전북,순창군,2023,정읍역,용산역,161.3,175.3,186.6157894736842,39.3,30.0,92,106.0,117.3157894736842,52.333333333333336,19,27.39055467304546,209.9,175.3
전북,순창군,2024,정읍역,용산역,161.3,175.3,186.6157894736842,39.3,30.0,92,106.0,117.3157894736842,52.333333333333336,19,27.39055467304546,209.9,175.3
전북,순창군,2025,정읍역,용산역,162.3,176.3,187.82631578947368,39.3,30.0,93,107.0,118.52631578947368,52.388888888888886,19,27.39055467304546,209.9,176.3
전북,완주군,2007,익산역,용산역,174.5,186.5,184.9736842105263,43.5,30.0,101,113.0,111.47368421052632,54.77777777777778,19,24.350571140589988,164.6,164.6
전북,완주군,2008,익산역,용산역,175.5,182.5,182.60526315789474,43.5,30.0,102,109.0,109.10526315789474,55.22222222222222,19,24.350571140589988,164.6,164.6
전북,완주군,2009,익산역,용산역,175.5,182.5,182.60526315789474,43.5,30.0,102,109.0,109.10526315789474,55.22222222222222,19,24.350571140589988,164.6,164.6
전북,완주군,2010,익산역,용산역,176.5,184.5,184.72727272727275,43.5,30.0,103,111.0,111.22727272727273,48.095238095238095,22,24.350571140589988,164.6,164.6
전북,완주군,2011,익산역,용산역,178.5,187.5,188.38,43.5,30.0,105,114.0,114.88,43.0,25,24.350571140589988,164.6,164.6
전북,완주군,2012,익산역,용산역,177.5,189.5,189.5,43.5,30.0,104,116.0,116.0,38.333333333333336,28,24.350571140589988,164.6,164.6
전북,완주군,2013,익산역,용산역,174.5,186.5,186.73333333333335,43.5,30.0,101,113.0,113.23333333333333,36.206896551724135,30,24.350571140589988,164.6,164.6
전북,완주군,2014,익산역,용산역,174.5,186.5,188.2741935483871,43.5,30.0,101,113.0,114.7741935483871,35.0,31,24.350571140589988,164.6,164.6
전북,완주군,2015,익산역,용산역,137.5,156.5,160.59302325581393,43.5,30.0,64,83.0,87.09302325581395,24.714285714285715,43,24.350571140589988,164.6,156.5
전북,완주군,2016,익산역,용산역,142.5,156.5,162.1829268292683,43.5,30.0,69,83.0,88.6829268292683,26.025,41,24.350571140589988,164.6,156.5
전북,완주군,2017,익산역,용산역,142.5,157.0,163.23809523809524,43.5,30.0,69,83.5,89.73809523809524,25.341463414634145,42,24.350571140589988,164.6,157.0
전북,완주군,2018,익산역,용산역,142.5,156.5,163.02380952380952,43.5,30.0,69,83.0,89.52380952380952,25.341463414634145,42,24.350571140589988,164.6,156.5
전북,완주군,2019,전주역,용산역,143.9,158.9,163.84117647058824,26.9,30.0,87,102.0,106.94117647058823,62.875,17,9.060342554984842,164.6,158.9
전북,완주군,2020,전주역,용산역,143.9,158.9,163.84117647058824,26.9,30.0,87,102.0,106.94117647058823,62.875,17,9.060342554984842,164.6,158.9
전북,완주군,2021,익산역,용산역,143.5,159.5,164.47727272727275,43.5,30.0,70,86.0,90.97727272727273,24.023255813953487,44,24.350571140589988,164.6,159.5
전북,완주군,2022,익산역,용산역,143.5,159.5,164.47727272727275,43.5,30.0,70,86.0,90.97727272727273,24.023255813953487,44,24.350571140589988,164.6,159.5
전북,완주군,2023,익산역,용산역,146.5,161.5,168.39795918367346,43.5,30.0,73,88.0,94.89795918367346,21.520833333333332,49,24.350571140589988,164.6,161.5
전북,완주군,2024,익산역,용산역,143.5,161.5,167.74,43.5,30.0,70,88.0,94.24,21.081632653061224,50,24.350571140589988,164.6,161.5
전북,완주군,2025,익산역,용산역,145.5,163.5,168.59803921568627,43.5,30.0,72,90.0,95.09803921568627,20.66,51,24.350571140589988,164.6,163.5
전북,익산시,2007,논산역,용산역,147.4,150.4,151.9,29.4,30.0,88,91.0,92.5,175.2,6,22.39224118941643,142.4,142.4
전북,익산시,2008,논산역,용산역,143.4,148.4,149.06666666666666,29.4,30.0,84,89.0,89.66666666666667,172.6,6,22.39224118941643,142.4,142.4
전북,익산시,2009,논산역,용산역,143.4,148.4,149.06666666666666,29.4,30.0,84,89.0,89.66666666666667,172.6,6,22.39224118941643,142.4,142.4
전북,익산시,2010,논산역,용산역,139.4,147.4,147.97142857142856,29.4,30.0,80,88.0,88.57142857142857,149.0,7,22.39224118941643,142.4,142.4
전북,익산시,2011,논산역,용산역,143.4,152.4,151.73333333333332,29.4,30.0,84,93.0,92.33333333333333,116.375,9,22.39224118941643,142.4,142.4
전북,익산시,2012,논산역,용산역,145.4,154.4,154.4,29.4,30.0,86,95.0,95.0,178.0,6,22.39224118941643,142.4,142.4
전북,익산시,2013,논산역,용산역,142.4,149.4,150.23333333333332,29.4,30.0,83,90.0,90.83333333333333,179.0,6,22.39224118941643,142.4,142.4
전북,익산시,2014,논산역,용산역,142.4,149.4,150.23333333333332,29.4,30.0,83,90.0,90.83333333333333,179.0,6,22.39224118941643,142.4,142.4
전북,익산시,2015,익산역,용산역,110.9,129.9,133.99302325581394,16.9,30.0,64,83.0,87.09302325581395,24.714285714285715,43,9.924957589551637,142.4,129.9
전북,익산시,2016,익산역,용산역,115.9,129.9,135.5829268292683,16.9,30.0,69,83.0,88.6829268292683,26.025,41,9.924957589551637,142.4,129.9
전북,익산시,2017,익산역,용산역,115.9,130.4,136.63809523809525,16.9,30.0,69,83.5,89.73809523809524,25.341463414634145,42,9.924957589551637,142.4,130.4
전북,익산시,2018,익산역,용산역,115.9,129.9,136.42380952380952,16.9,30.0,69,83.0,89.52380952380952,25.341463414634145,42,9.924957589551637,142.4,129.9
전북,익산시,2019,익산역,용산역,117.9,129.9,136.35454545454544,16.9,30.0,71,83.0,89.45454545454545,24.302325581395348,44,9.924957589551637,142.4,129.9
전북,익산시,2020,익산역,용산역,117.9,129.9,136.19545454545454,16.9,30.0,71,83.0,89.29545454545455,24.302325581395348,44,9.924957589551637,142.4,129.9
전북,익산시,2021,익산역,용산역,116.9,132.9,137.87727272727273,16.9,30.0,70,86.0,90.97727272727273,24.023255813953487,44,9.924957589551637,142.4,132.9
전북,익산시,2022,익산역,용산역,116.9,132.9,137.87727272727273,16.9,30.0,70,86.0,90.97727272727273,24.023255813953487,44,9.924957589551637,142.4,132.9
전북,익산시,2023,익산역,용산역,119.9,134.9,141.79795918367347,16.9,30.0,73,88.0,94.89795918367346,21.520833333333332,49,9.924957589551637,142.4,134.9
전북,익산시,2024,익산역,용산역,116.9,134.9,141.14,16.9,30.0,70,88.0,94.24,21.081632653061224,50,9.924957589551637,142.4,134.9
전북,익산시,2025,익산역,용산역,118.9,136.9,141.99803921568628,16.9,30.0,72,90.0,95.09803921568627,20.66,51,9.924957589551637,142.4,136.9
전북,임실군,2007,,,,,,,,,,,,,,189.1,189.1
전북,임실군,2008,,,,,,,,,,,,,,189.1,189.1
전북,임실군,2009,,,,,,,,,,,,,,189.1,189.1
전북,임실군,2010,,,,,,,,,,,,,,189.1,189.1
전북,임실군,2011,전주역,용산역,192.8,198.8,199.2,37.8,30.0,125,131.0,131.4,205.75,5,28.694964162651544,189.1,189.1
전북,임실군,2012,전주역,용산역,197.8,206.3,205.3,37.8,30.0,130,138.5,137.5,187.0,6,28.694964162651544,189.1,189.1
전북,임실군,2013,전주역,용산역,189.8,202.8,201.2285714285714,37.8,30.0,122,135.0,133.42857142857142,158.33333333333334,7,28.694964162651544,189.1,189.1
전북,임실군,2014,전주역,용산역,189.8,202.8,203.02222222222224,37.8,30.0,122,135.0,135.22222222222223,118.75,9,28.694964162651544,189.1,189.1
전북,임실군,2015,전주역,용산역,151.8,165.8,165.8,37.8,30.0,84,98.0,98.0,107.11111111111111,10,28.694964162651544,189.1,165.8
전북,임실군,2016,전주역,용산역,157.8,168.8,172.03076923076924,37.8,30.0,90,101.0,104.23076923076923,84.0,13,28.694964162651544,189.1,168.8
전북,임실군,2017,전주역,용산역,158.8,170.8,176.93333333333334,37.8,30.0,91,103.0,109.13333333333334,71.85714285714286,15,28.694964162651544,189.1,170.8
전북,임실군,2018,전주역,용산역,158.8,169.8,176.26666666666665,37.8,30.0,91,102.0,108.46666666666667,71.85714285714286,15,28.694964162651544,189.1,169.8
전북,임실군,2019,전주역,용산역,154.8,169.8,174.74117647058824,37.8,30.0,87,102.0,106.94117647058823,62.875,17,28.694964162651544,189.1,169.8
전북,임실군,2020,전주역,용산역,154.8,169.8,174.74117647058824,37.8,30.0,87,102.0,106.94117647058823,62.875,17,28.694964162651544,189.1,169.8
전북,임실군,2021,전주역,용산역,154.8,173.8,178.9111111111111,37.8,30.0,87,106.0,111.11111111111111,59.588235294117645,18,28.694964162651544,189.1,173.8
전북,임실군,2022,전주역,용산역,154.8,173.8,178.9111111111111,37.8,30.0,87,106.0,111.11111111111111,59.588235294117645,18,28.694964162651544,189.1,173.8
전북,임실군,2023,전주역,용산역,160.8,175.8,183.65714285714284,37.8,30.0,93,108.0,115.85714285714286,50.3,21,28.694964162651544,189.1,175.8
전북,임실군,2024,전주역,용산역,160.8,175.8,183.89523809523808,37.8,30.0,93,108.0,116.0952380952381,50.3,21,28.694964162651544,189.1,175.8
전북,임실군,2025,전주역,용산역,161.8,177.8,184.89523809523808,37.8,30.0,94,110.0,117.0952380952381,50.3,21,28.694964162651544,189.1,177.8
전북,장수군,2007,,,,,,,,,,,,,,206.1,206.1
전북,장수군,2008,,,,,,,,,,,,,,206.1,206.1
전북,장수군,2009,,,,,,,,,,,,,,206.1,206.1
전북,장수군,2010,,,,,,,,,,,,,,206.1,206.1
전북,장수군,2011,,,,,,,,,,,,,,206.1,206.1
전북,장수군,2012,,,,,,,,,,,,,,206.1,206.1
전북,장수군,2013,,,,,,,,,,,,,,206.1,206.1
전북,장수군,2014,,,,,,,,,,,,,,206.1,206.1
전북,장수군,2015,,,,,,,,,,,,,,206.1,206.1
전북,장수군,2016,,,,,,,,,,,,,,206.1,206.1
전북,장수군,2017,,,,,,,,,,,,,,206.1,206.1
전북,장수군,2018,,,,,,,,,,,,,,206.1,206.1
전북,장수군,2019,,,,,,,,,,,,,,206.1,206.1
전북,장수군,2020,,,,,,,,,,,,,,206.1,206.1
전북,장수군,2021,,,,,,,,,,,,,,206.1,206.1
전북,장수군,2022,,,,,,,,,,,,,,206.1,206.1
전북,장수군,2023,,,,,,,,,,,,,,206.1,206.1
전북,장수군,2024,,,,,,,,,,,,,,206.1,206.1
전북,장수군,2025,,,,,,,,,,,,,,206.1,206.1
전북,전주시 덕진구,2007,익산역,용산역,158.3,170.3,168.7736842105263,27.3,30.0,101,113.0,111.47368421052632,54.77777777777778,19,17.486758832907768,160.0,160.0
전북,전주시 덕진구,2008,익산역,용산역,159.3,166.3,166.40526315789475,27.3,30.0,102,109.0,109.10526315789474,55.22222222222222,19,17.486758832907768,160.0,160.0
전북,전주시 덕진구,2009,익산역,용산역,159.3,166.3,166.40526315789475,27.3,30.0,102,109.0,109.10526315789474,55.22222222222222,19,17.486758832907768,160.0,160.0
전북,전주시 덕진구,2010,익산역,용산역,160.3,168.3,168.52727272727273,27.3,30.0,103,111.0,111.22727272727273,48.095238095238095,22,17.486758832907768,160.0,160.0
전북,전주시 덕진구,2011,익산역,용산역,162.3,171.3,172.18,27.3,30.0,105,114.0,114.88,43.0,25,17.486758832907768,160.0,160.0
전북,전주시 덕진구,2012,익산역,용산역,161.3,173.3,173.3,27.3,30.0,104,116.0,116.0,38.333333333333336,28,17.486758832907768,160.0,160.0
전북,전주시 덕진구,2013,익산역,용산역,158.3,170.3,170.53333333333333,27.3,30.0,101,113.0,113.23333333333333,36.206896551724135,30,17.486758832907768,160.0,160.0
전북,전주시 덕진구,2014,익산역,용산역,158.3,170.3,172.0741935483871,27.3,30.0,101,113.0,114.7741935483871,35.0,31,17.486758832907768,160.0,160.0
전북,전주시 덕진구,2015,익산역,용산역,121.3,140.3,144.39302325581394,27.3,30.0,64,83.0,87.09302325581395,24.714285714285715,43,17.486758832907768,160.0,140.3
전북,전주시 덕진구,2016,익산역,용산역,126.3,140.3,145.9829268292683,27.3,30.0,69,83.0,88.6829268292683,26.025,41,17.486758832907768,160.0,140.3
전북,전주시 덕진구,2017,익산역,용산역,126.3,140.8,147.03809523809525,27.3,30.0,69,83.5,89.73809523809524,25.341463414634145,42,17.486758832907768,160.0,140.8
전북,전주시 덕진구,2018,익산역,용산역,126.3,140.3,146.82380952380953,27.3,30.0,69,83.0,89.52380952380952,25.341463414634145,42,17.486758832907768,160.0,140.3
전북,전주시 덕진구,2019,전주역,용산역,128.2,143.2,148.14117647058822,11.2,30.0,87,102.0,106.94117647058823,62.875,17,4.590538138401831,160.0,143.2
전북,전주시 덕진구,2020,전주역,용산역,128.2,143.2,148.14117647058822,11.2,30.0,87,102.0,106.94117647058823,62.875,17,4.590538138401831,160.0,143.2
전북,전주시 덕진구,2021,익산역,용산역,127.3,143.3,148.27727272727273,27.3,30.0,70,86.0,90.97727272727273,24.023255813953487,44,17.486758832907768,160.0,143.3
전북,전주시 덕진구,2022,익산역,용산역,127.3,143.3,148.27727272727273,27.3,30.0,70,86.0,90.97727272727273,24.023255813953487,44,17.486758832907768,160.0,143.3
전북,전주시 덕진구,2023,익산역,용산역,130.3,145.3,152.19795918367345,27.3,30.0,73,88.0,94.89795918367346,21.520833333333332,49,17.486758832907768,160.0,145.3
전북,전주시 덕진구,2024,익산역,용산역,127.3,145.3,151.54,27.3,30.0,70,88.0,94.24,21.081632653061224,50,17.486758832907768,160.0,145.3
전북,전주시 덕진구,2025,익산역,용산역,129.3,147.3,152.39803921568625,27.3,30.0,72,90.0,95.09803921568627,20.66,51,17.486758832907768,160.0,147.3
전북,전주시 완산구,2007,익산역,용산역,166.8,178.8,177.2736842105263,35.8,30.0,101,113.0,111.47368421052632,54.77777777777778,19,22.85213009229085,172.0,172.0
전북,전주시 완산구,2008,익산역,용산역,167.8,174.8,174.90526315789475,35.8,30.0,102,109.0,109.10526315789474,55.22222222222222,19,22.85213009229085,172.0,172.0
전북,전주시 완산구,2009,익산역,용산역,167.8,174.8,174.90526315789475,35.8,30.0,102,109.0,109.10526315789474,55.22222222222222,19,22.85213009229085,172.0,172.0
전북,전주시 완산구,2010,익산역,용산역,168.8,176.8,177.02727272727273,35.8,30.0,103,111.0,111.22727272727273,48.095238095238095,22,22.85213009229085,172.0,172.0
전북,전주시 완산구,2011,익산역,용산역,170.8,179.8,180.68,35.8,30.0,105,114.0,114.88,43.0,25,22.85213009229085,172.0,172.0
전북,전주시 완산구,2012,익산역,용산역,169.8,181.8,181.8,35.8,30.0,104,116.0,116.0,38.333333333333336,28,22.85213009229085,172.0,172.0
전북,전주시 완산구,2013,익산역,용산역,166.8,178.8,179.03333333333333,35.8,30.0,101,113.0,113.23333333333333,36.206896551724135,30,22.85213009229085,172.0,172.0
전북,전주시 완산구,2014,익산역,용산역,166.8,178.8,180.5741935483871,35.8,30.0,101,113.0,114.7741935483871,35.0,31,22.85213009229085,172.0,172.0
전북,전주시 완산구,2015,익산역,용산역,129.8,148.8,152.89302325581394,35.8,30.0,64,83.0,87.09302325581395,24.714285714285715,43,22.85213009229085,172.0,148.8
전북,전주시 완산구,2016,익산역,용산역,134.8,148.8,154.4829268292683,35.8,30.0,69,83.0,88.6829268292683,26.025,41,22.85213009229085,172.0,148.8
전북,전주시 완산구,2017,익산역,용산역,134.8,149.3,155.53809523809525,35.8,30.0,69,83.5,89.73809523809524,25.341463414634145,42,22.85213009229085,172.0,149.3
전북,전주시 완산구,2018,익산역,용산역,134.8,148.8,155.32380952380953,35.8,30.0,69,83.0,89.52380952380952,25.341463414634145,42,22.85213009229085,172.0,148.8
전북,전주시 완산구,2019,전주역,용산역,133.8,148.8,153.74117647058824,16.8,30.0,87,102.0,106.94117647058823,62.875,17,7.437304145809307,172.0,148.8
전북,전주시 완산구,2020,전주역,용산역,133.8,148.8,153.74117647058824,16.8,30.0,87,102.0,106.94117647058823,62.875,17,7.437304145809307,172.0,148.8
전북,전주시 완산구,2021,전주역,용산역,133.8,152.8,157.9111111111111,16.8,30.0,87,106.0,111.11111111111111,59.588235294117645,18,7.437304145809307,172.0,152.8
전북,전주시 완산구,2022,전주역,용산역,133.8,152.8,157.9111111111111,16.8,30.0,87,106.0,111.11111111111111,59.588235294117645,18,7.437304145809307,172.0,152.8
전북,전주시 완산구,2023,익산역,용산역,138.8,153.8,160.69795918367345,35.8,30.0,73,88.0,94.89795918367346,21.520833333333332,49,22.85213009229085,172.0,153.8
전북,전주시 완산구,2024,익산역,용산역,135.8,153.8,160.04,35.8,30.0,70,88.0,94.24,21.081632653061224,50,22.85213009229085,172.0,153.8
전북,전주시 완산구,2025,익산역,용산역,137.8,155.8,160.89803921568625,35.8,30.0,72,90.0,95.09803921568627,20.66,51,22.85213009229085,172.0,155.8
전북,정읍시,2007,정읍역,용산역,171.3,178.3,178.45384615384614,10.3,30.0,131,138.0,138.15384615384616,72.91666666666667,13,6.46704712971797,185.8,178.3
전북,정읍시,2008,정읍역,용산역,165.3,173.8,174.01428571428573,10.3,30.0,125,133.5,133.71428571428572,72.6923076923077,14,6.46704712971797,185.8,173.8
전북,정읍시,2009,정읍역,용산역,165.3,173.8,174.01428571428573,10.3,30.0,125,133.5,133.71428571428572,72.6923076923077,14,6.46704712971797,185.8,173.8
전북,정읍시,2010,정읍역,용산역,167.3,175.3,175.7,10.3,30.0,127,135.0,135.4,67.85714285714286,15,6.46704712971797,185.8,175.3
전북,정읍시,2011,정읍역,용산역,174.3,180.8,180.87142857142857,10.3,30.0,134,140.5,140.57142857142858,73.84615384615384,14,6.46704712971797,185.8,180.8
전북,정읍시,2012,정읍역,용산역,173.3,184.3,183.65714285714284,10.3,30.0,133,144.0,143.35714285714286,73.84615384615384,14,6.46704712971797,185.8,184.3
전북,정읍시,2013,정읍역,용산역,170.3,181.3,180.96666666666664,10.3,30.0,130,141.0,140.66666666666666,69.64285714285714,15,6.46704712971797,185.8,181.3
전북,정읍시,2014,정읍역,용산역,170.3,182.3,182.43333333333334,10.3,30.0,130,142.0,142.13333333333333,69.64285714285714,15,6.46704712971797,185.8,182.3
전북,정읍시,2015,정읍역,용산역,128.3,139.3,138.7736842105263,10.3,30.0,88,99.0,98.47368421052632,57.666666666666664,19,6.46704712971797,185.8,139.3
전북,정읍시,2016,정읍역,용산역,130.3,139.3,142.72857142857143,10.3,30.0,90,99.0,102.42857142857143,73.92307692307692,14,6.46704712971797,185.8,139.3
전북,정읍시,2017,정읍역,용산역,135.3,140.3,143.7,10.3,30.0,95,100.0,103.4,68.64285714285714,15,6.46704712971797,185.8,140.3
전북,정읍시,2018,정읍역,용산역,128.3,140.3,143.36666666666667,10.3,30.0,88,100.0,103.06666666666666,68.64285714285714,15,6.46704712971797,185.8,140.3
전북,정읍시,2019,정읍역,용산역,128.3,143.3,147.925,10.3,30.0,88,103.0,107.625,64.06666666666666,16,6.46704712971797,185.8,143.3
전북,정읍시,2020,정읍역,용산역,128.3,141.8,147.4875,10.3,30.0,88,101.5,107.1875,64.06666666666666,16,6.46704712971797,185.8,141.8
전북,정읍시,2021,정읍역,용산역,127.3,145.3,149.3,10.3,30.0,87,105.0,109.0,63.2,16,6.46704712971797,185.8,145.3
전북,정읍시,2022,정읍역,용산역,127.3,145.3,149.3,10.3,30.0,87,105.0,109.0,63.2,16,6.46704712971797,185.8,145.3
전북,정읍시,2023,정읍역,용산역,132.3,146.3,157.6157894736842,10.3,30.0,92,106.0,117.3157894736842,52.333333333333336,19,6.46704712971797,185.8,146.3
전북,정읍시,2024,정읍역,용산역,132.3,146.3,157.6157894736842,10.3,30.0,92,106.0,117.3157894736842,52.333333333333336,19,6.46704712971797,185.8,146.3
전북,정읍시,2025,정읍역,용산역,133.3,147.3,158.82631578947368,10.3,30.0,93,107.0,118.52631578947368,52.388888888888886,19,6.46704712971797,185.8,147.3
전북,진안군,2007,,,,,,,,,,,,,,191.6,191.6
전북,진안군,2008,,,,,,,,,,,,,,191.6,191.6
전북,진안군,2009,,,,,,,,,,,,,,191.6,191.6
전북,진안군,2010,,,,,,,,,,,,,,191.6,191.6
전북,진안군,2011,전주역,용산역,196.3,202.3,202.7,41.3,30.0,125,131.0,131.4,205.75,5,24.365865266959478,191.6,191.6
전북,진안군,2012,전주역,용산역,201.3,209.8,208.8,41.3,30.0,130,138.5,137.5,187.0,6,24.365865266959478,191.6,191.6
전북,진안군,2013,전주역,용산역,193.3,206.3,204.7285714285714,41.3,30.0,122,135.0,133.42857142857142,158.33333333333334,7,24.365865266959478,191.6,191.6
전북,진안군,2014,전주역,용산역,193.3,206.3,206.52222222222224,41.3,30.0,122,135.0,135.22222222222223,118.75,9,24.365865266959478,191.6,191.6
전북,진안군,2015,전주역,용산역,155.3,169.3,169.3,41.3,30.0,84,98.0,98.0,107.11111111111111,10,24.365865266959478,191.6,169.3
전북,진안군,2016,전주역,용산역,161.3,172.3,175.53076923076924,41.3,30.0,90,101.0,104.23076923076923,84.0,13,24.365865266959478,191.6,172.3
전북,진안군,2017,전주역,용산역,162.3,174.3,180.43333333333334,41.3,30.0,91,103.0,109.13333333333334,71.85714285714286,15,24.365865266959478,191.6,174.3
전북,진안군,2018,전주역,용산역,162.3,173.3,179.76666666666665,41.3,30.0,91,102.0,108.46666666666667,71.85714285714286,15,24.365865266959478,191.6,173.3
전북,진안군,2019,전주역,용산역,158.3,173.3,178.24117647058824,41.3,30.0,87,102.0,106.94117647058823,62.875,17,24.365865266959478,191.6,173.3
전북,진안군,2020,전주역,용산역,158.3,173.3,178.24117647058824,41.3,30.0,87,102.0,106.94117647058823,62.875,17,24.365865266959478,191.6,173.3
전북,진안군,2021,전주역,용산역,158.3,177.3,182.4111111111111,41.3,30.0,87,106.0,111.11111111111111,59.588235294117645,18,24.365865266959478,191.6,177.3
전북,진안군,2022,전주역,용산역,158.3,177.3,182.4111111111111,41.3,30.0,87,106.0,111.11111111111111,59.588235294117645,18,24.365865266959478,191.6,177.3
전북,진안군,2023,전주역,용산역,164.3,179.3,187.15714285714284,41.3,30.0,93,108.0,115.85714285714286,50.3,21,24.365865266959478,191.6,179.3
전북,진안군,2024,전주역,용산역,164.3,179.3,187.39523809523808,41.3,30.0,93,108.0,116.0952380952381,50.3,21,24.365865266959478,191.6,179.3
전북,진안군,2025,전주역,용산역,165.3,181.3,188.39523809523808,41.3,30.0,94,110.0,117.0952380952381,50.3,21,24.365865266959478,191.6,181.3
제주,서귀포시,2007,,,,,,,,,,,,,,507.8,507.8
제주,서귀포시,2008,,,,,,,,,,,,,,507.8,507.8
제주,서귀포시,2009,,,,,,,,,,,,,,507.8,507.8
제주,서귀포시,2010,,,,,,,,,,,,,,507.8,507.8
제주,서귀포시,2011,,,,,,,,,,,,,,507.8,507.8
제주,서귀포시,2012,,,,,,,,,,,,,,507.8,507.8
제주,서귀포시,2013,,,,,,,,,,,,,,507.8,507.8
제주,서귀포시,2014,,,,,,,,,,,,,,507.8,507.8
제주,서귀포시,2015,,,,,,,,,,,,,,507.8,507.8
제주,서귀포시,2016,,,,,,,,,,,,,,507.8,507.8
제주,서귀포시,2017,,,,,,,,,,,,,,507.8,507.8
제주,서귀포시,2018,,,,,,,,,,,,,,507.8,507.8
제주,서귀포시,2019,,,,,,,,,,,,,,507.8,507.8
제주,서귀포시,2020,,,,,,,,,,,,,,507.8,507.8
제주,서귀포시,2021,,,,,,,,,,,,,,507.8,507.8
제주,서귀포시,2022,,,,,,,,,,,,,,507.8,507.8
제주,서귀포시,2023,,,,,,,,,,,,,,507.8,507.8
제주,서귀포시,2024,,,,,,,,,,,,,,507.8,507.8
제주,서귀포시,2025,,,,,,,,,,,,,,507.8,507.8
제주,제주시,2007,,,,,,,,,,,,,,502.5,502.5
제주,제주시,2008,,,,,,,,,,,,,,502.5,502.5
제주,제주시,2009,,,,,,,,,,,,,,502.5,502.5
제주,제주시,2010,,,,,,,,,,,,,,502.5,502.5
제주,제주시,2011,,,,,,,,,,,,,,502.5,502.5
제주,제주시,2012,,,,,,,,,,,,,,502.5,502.5
제주,제주시,2013,,,,,,,,,,,,,,502.5,502.5
제주,제주시,2014,,,,,,,,,,,,,,502.5,502.5
제주,제주시,2015,,,,,,,,,,,,,,502.5,502.5
제주,제주시,2016,,,,,,,,,,,,,,502.5,502.5
제주,제주시,2017,,,,,,,,,,,,,,502.5,502.5
제주,제주시,2018,,,,,,,,,,,,,,502.5,502.5
제주,제주시,2019,,,,,,,,,,,,,,502.5,502.5
제주,제주시,2020,,,,,,,,,,,,,,502.5,502.5
제주,제주시,2021,,,,,,,,,,,,,,502.5,502.5
제주,제주시,2022,,,,,,,,,,,,,,502.5,502.5
제주,제주시,2023,,,,,,,,,,,,,,502.5,502.5
제주,제주시,2024,,,,,,,,,,,,,,502.5,502.5
제주,제주시,2025,,,,,,,,,,,,,,502.5,502.5
충남,계룡시,2007,서대전역,용산역,102.5,110.5,110.44736842105263,21.5,30.0,51,59.0,58.94736842105263,54.888888888888886,19,15.501270374769666,134.1,110.5
충남,계룡시,2008,서대전역,용산역,102.5,107.5,107.97368421052632,21.5,30.0,51,56.0,56.473684210526315,55.22222222222222,19,15.501270374769666,134.1,107.5
충남,계룡시,2009,서대전역,용산역,102.5,107.5,107.97368421052632,21.5,30.0,51,56.0,56.473684210526315,55.22222222222222,19,15.501270374769666,134.1,107.5
충남,계룡시,2010,서대전역,용산역,101.5,110.0,110.5909090909091,21.5,30.0,50,58.5,59.09090909090909,67.23809523809524,22,15.501270374769666,134.1,110.0
충남,계룡시,2011,서대전역,용산역,105.5,113.5,113.38,21.5,30.0,54,62.0,61.88,57.375,25,15.501270374769666,134.1,113.5
충남,계룡시,2012,서대전역,용산역,105.5,115.0,114.89285714285714,21.5,30.0,54,63.5,63.392857142857146,51.148148148148145,28,15.501270374769666,134.1,115.0
충남,계룡시,2013,서대전역,용산역,102.5,112.5,112.16666666666666,21.5,30.0,51,61.0,60.666666666666664,47.62068965517241,30,15.501270374769666,134.1,112.5
충남,계룡시,2014,서대전역,용산역,102.5,112.5,113.66129032258064,21.5,30.0,51,61.0,62.16129032258065,46.03333333333333,31,15.501270374769666,134.1,112.5
충남,계룡시,2015,대전역,서울역,107.6,118.6,120.79780219780221,25.6,30.0,52,63.0,65.1978021978022,15.655555555555555,91,18.49133673276199,134.1,118.6
충남,계룡시,2016,대전역,서울역,108.6,121.6,123.01772151898734,25.6,30.0,53,66.0,67.41772151898734,18.128205128205128,79,18.49133673276199,134.1,121.6
충남,계룡시,2017,대전역,서울역,108.6,121.6,123.17317073170733,25.6,30.0,53,66.0,67.57317073170732,17.45679012345679,82,18.49133673276199,134.1,121.6
충남,계룡시,2018,대전역,서울역,108.6,121.6,122.55789473684212,25.6,30.0,53,66.0,66.9578947368421,15.042553191489361,95,18.49133673276199,134.1,121.6
충남,계룡시,2019,대전역,서울역,108.6,121.6,123.25,25.6,30.0,53,66.0,67.65,14.16161616161616,100,18.49133673276199,134.1,121.6
충남,계룡시,2020,대전역,서울역,108.6,121.6,123.25999999999999,25.6,30.0,53,66.0,67.66,14.16161616161616,100,18.49133673276199,134.1,121.6
충남,계룡시,2021,대전역,서울역,108.6,121.6,123.69900990099009,25.6,30.0,53,66.0,68.0990099009901,13.99,101,18.49133673276199,134.1,121.6
충남,계룡시,2022,대전역,서울역,108.6,121.6,123.69900990099009,25.6,30.0,53,66.0,68.0990099009901,13.99,101,18.49133673276199,134.1,121.6
충남,계룡시,2023,대전역,서울역,110.6,123.6,125.33214285714286,25.6,30.0,55,68.0,69.73214285714286,9.585585585585585,112,18.49133673276199,134.1,123.6
충남,계룡시,2024,대전역,서울역,110.6,123.6,125.55762711864406,25.6,30.0,55,68.0,69.95762711864407,9.094017094017094,118,18.49133673276199,134.1,123.6
충남,계룡시,2025,대전역,서울역,110.6,123.6,125.73043478260871,25.6,30.0,55,68.0,70.1304347826087,9.342105263157896,115,18.49133673276199,134.1,123.6
충남,금산군,2007,대전역,서울역,107.0,115.0,114.60294117647058,26.0,30.0,51,59.0,58.60294117647059,15.64179104477612,68,23.98559675419433,151.4,115.0
충남,금산군,2008,대전역,서울역,104.0,114.0,112.01333333333334,26.0,30.0,48,58.0,56.013333333333335,14.31081081081081,75,23.98559675419433,151.4,114.0
충남,금산군,2009,대전역,서울역,104.0,114.0,112.01333333333334,26.0,30.0,48,58.0,56.013333333333335,14.31081081081081,75,23.98559675419433,151.4,114.0
충남,금산군,2010,대전역,서울역,105.0,112.0,113.87837837837839,26.0,30.0,49,56.0,57.87837837837838,19.273972602739725,74,23.98559675419433,151.4,112.0
충남,금산군,2011,대전역,서울역,109.0,117.0,119.7123287671233,26.0,30.0,53,61.0,63.71232876712329,19.541666666666668,73,23.98559675419433,151.4,117.0
충남,금산군,2012,대전역,서울역,109.0,117.0,119.84883720930233,26.0,30.0,53,61.0,63.848837209302324,16.55294117647059,86,23.98559675419433,151.4,117.0
충남,금산군,2013,대전역,서울역,106.0,114.0,117.37209302325581,26.0,30.0,50,58.0,61.372093023255815,16.529411764705884,86,23.98559675419433,151.4,114.0
충남,금산군,2014,대전역,서울역,106.0,117.0,119.1764705882353,26.0,30.0,50,61.0,63.1764705882353,16.726190476190474,85,23.98559675419433,151.4,117.0
충남,금산군,2015,대전역,서울역,108.0,119.0,121.1978021978022,26.0,30.0,52,63.0,65.1978021978022,15.655555555555555,91,23.98559675419433,151.4,119.0
충남,금산군,2016,대전역,서울역,109.0,122.0,123.41772151898734,26.0,30.0,53,66.0,67.41772151898734,18.128205128205128,79,23.98559675419433,151.4,122.0
충남,금산군,2017,대전역,서울역,109.0,122.0,123.57317073170732,26.0,30.0,53,66.0,67.57317073170732,17.45679012345679,82,23.98559675419433,151.4,122.0
충남,금산군,2018,대전역,서울역,109.0,122.0,122.9578947368421,26.0,30.0,53,66.0,66.9578947368421,15.042553191489361,95,23.98559675419433,151.4,122.0
충남,금산군,2019,대전역,서울역,109.0,122.0,123.65,26.0,30.0,53,66.0,67.65,14.16161616161616,100,23.98559675419433,151.4,122.0
충남,금산군,2020,대전역,서울역,109.0,122.0,123.66,26.0,30.0,53,66.0,67.66,14.16161616161616,100,23.98559675419433,151.4,122.0
충남,금산군,2021,대전역,서울역,109.0,122.0,124.0990099009901,26.0,30.0,53,66.0,68.0990099009901,13.99,101,23.98559675419433,151.4,122.0
충남,금산군,2022,대전역,서울역,109.0,122.0,124.0990099009901,26.0,30.0,53,66.0,68.0990099009901,13.99,101,23.98559675419433,151.4,122.0
충남,금산군,2023,대전역,서울역,111.0,124.0,125.73214285714286,26.0,30.0,55,68.0,69.73214285714286,9.585585585585585,112,23.98559675419433,151.4,124.0
충남,금산군,2024,대전역,서울역,111.0,124.0,125.95762711864407,26.0,30.0,55,68.0,69.95762711864407,9.094017094017094,118,23.98559675419433,151.4,124.0
충남,금산군,2025,대전역,서울역,111.0,124.0,126.1304347826087,26.0,30.0,55,68.0,70.1304347826087,9.342105263157896,115,23.98559675419433,151.4,124.0
충남,논산시,2007,서대전역,용산역,118.7,126.7,126.64736842105263,37.7,30.0,51,59.0,58.94736842105263,54.888888888888886,19,26.572735504170332,137.8,126.7
충남,논산시,2008,서대전역,용산역,118.7,123.7,124.17368421052632,37.7,30.0,51,56.0,56.473684210526315,55.22222222222222,19,26.572735504170332,137.8,123.7
충남,논산시,2009,서대전역,용산역,118.7,123.7,124.17368421052632,37.7,30.0,51,56.0,56.473684210526315,55.22222222222222,19,26.572735504170332,137.8,123.7
충남,논산시,2010,서대전역,용산역,117.7,126.2,126.7909090909091,37.7,30.0,50,58.5,59.09090909090909,67.23809523809524,22,26.572735504170332,137.8,126.2
충남,논산시,2011,서대전역,용산역,121.7,129.7,129.58,37.7,30.0,54,62.0,61.88,57.375,25,26.572735504170332,137.8,129.7
충남,논산시,2012,서대전역,용산역,121.7,131.2,131.09285714285716,37.7,30.0,54,63.5,63.392857142857146,51.148148148148145,28,26.572735504170332,137.8,131.2
충남,논산시,2013,서대전역,용산역,118.7,128.7,128.36666666666667,37.7,30.0,51,61.0,60.666666666666664,47.62068965517241,30,26.572735504170332,137.8,128.7
충남,논산시,2014,서대전역,용산역,118.7,128.7,129.86129032258066,37.7,30.0,51,61.0,62.16129032258065,46.03333333333333,31,26.572735504170332,137.8,128.7
충남,논산시,2015,공주역,용산역,121.4,131.4,137.59230769230768,31.4,30.0,60,70.0,76.1923076923077,35.12,26,16.63375292473539,137.8,131.4
충남,논산시,2016,공주역,용산역,120.4,128.4,127.06666666666666,31.4,30.0,59,67.0,65.66666666666667,63.142857142857146,15,16.63375292473539,137.8,128.4
충남,논산시,2017,공주역,용산역,120.4,128.4,127.06666666666666,31.4,30.0,59,67.0,65.66666666666667,63.142857142857146,15,16.63375292473539,137.8,128.4
충남,논산시,2018,공주역,용산역,122.4,127.4,127.6,31.4,30.0,61,66.0,66.2,63.142857142857146,15,16.63375292473539,137.8,127.4
충남,논산시,2019,공주역,용산역,122.4,127.9,128.025,31.4,30.0,61,66.5,66.625,58.93333333333333,16,16.63375292473539,137.8,127.9
충남,논산시,2020,공주역,용산역,122.4,126.9,127.5875,31.4,30.0,61,65.5,66.1875,58.93333333333333,16,16.63375292473539,137.8,126.9
충남,논산시,2021,공주역,용산역,122.4,129.4,129.15,31.4,30.0,61,68.0,67.75,59.266666666666666,16,16.63375292473539,137.8,129.4
충남,논산시,2022,공주역,용산역,122.4,129.4,129.15,31.4,30.0,61,68.0,67.75,59.266666666666666,16,16.63375292473539,137.8,129.4
충남,논산시,2023,공주역,용산역,125.4,131.4,131.16470588235293,31.4,30.0,64,70.0,69.76470588235294,53.875,17,16.63375292473539,137.8,131.4
충남,논산시,2024,공주역,용산역,125.4,131.4,131.34117647058824,31.4,30.0,64,70.0,69.94117647058823,53.875,17,16.63375292473539,137.8,131.4
충남,논산시,2025,공주역,용산역,125.4,131.4,130.98823529411766,31.4,30.0,64,70.0,69.58823529411765,53.8125,17,16.63375292473539,137.8,131.4
충남,당진시,2007,,,,,,,,,,,,,,79.1,79.1
충남,당진시,2008,,,,,,,,,,,,,,79.1,79.1
충남,당진시,2009,,,,,,,,,,,,,,79.1,79.1
충남,당진시,2010,,,,,,,,,,,,,,79.1,79.1
충남,당진시,2011,,,,,,,,,,,,,,79.1,79.1
충남,당진시,2012,,,,,,,,,,,,,,79.1,79.1
충남,당진시,2013,,,,,,,,,,,,,,79.1,79.1
충남,당진시,2014,,,,,,,,,,,,,,79.1,79.1
충남,당진시,2015,,,,,,,,,,,,,,79.1,79.1
충남,당진시,2016,,,,,,,,,,,,,,79.1,79.1
충남,당진시,2017,,,,,,,,,,,,,,79.1,79.1
충남,당진시,2018,,,,,,,,,,,,,,79.1,79.1
충남,당진시,2019,,,,,,,,,,,,,,79.1,79.1
충남,당진시,2020,,,,,,,,,,,,,,79.1,79.1
충남,당진시,2021,,,,,,,,,,,,,,79.1,79.1
충남,당진시,2022,,,,,,,,,,,,,,79.1,79.1
충남,당진시,2023,,,,,,,,,,,,,,79.1,79.1
충남,당진시,2024,,,,,,,,,,,,,,79.1,79.1
충남,당진시,2025,,,,,,,,,,,,,,79.1,79.1
충남,보령시,2007,,,,,,,,,,,,,,123.5,123.5
충남,보령시,2008,,,,,,,,,,,,,,123.5,123.5
충남,보령시,2009,,,,,,,,,,,,,,123.5,123.5
충남,보령시,2010,,,,,,,,,,,,,,123.5,123.5
충남,보령시,2011,,,,,,,,,,,,,,123.5,123.5
충남,보령시,2012,,,,,,,,,,,,,,123.5,123.5
충남,보령시,2013,,,,,,,,,,,,,,123.5,123.5
충남,보령시,2014,,,,,,,,,,,,,,123.5,123.5
충남,보령시,2015,,,,,,,,,,,,,,123.5,123.5
충남,보령시,2016,,,,,,,,,,,,,,123.5,123.5
충남,보령시,2017,,,,,,,,,,,,,,123.5,123.5
충남,보령시,2018,,,,,,,,,,,,,,123.5,123.5
충남,보령시,2019,,,,,,,,,,,,,,123.5,123.5
충남,보령시,2020,,,,,,,,,,,,,,123.5,123.5
충남,보령시,2021,,,,,,,,,,,,,,123.5,123.5
충남,보령시,2022,,,,,,,,,,,,,,123.5,123.5
충남,보령시,2023,,,,,,,,,,,,,,123.5,123.5
충남,보령시,2024,,,,,,,,,,,,,,123.5,123.5
충남,보령시,2025,,,,,,,,,,,,,,123.5,123.5
충남,부여군,2007,논산역,용산역,156.2,159.2,160.7,38.2,30.0,88,91.0,92.5,175.2,6,21.571180299799824,131.7,131.7
충남,부여군,2008,논산역,용산역,152.2,157.2,157.86666666666667,38.2,30.0,84,89.0,89.66666666666667,172.6,6,21.571180299799824,131.7,131.7
충남,부여군,2009,논산역,용산역,152.2,157.2,157.86666666666667,38.2,30.0,84,89.0,89.66666666666667,172.6,6,21.571180299799824,131.7,131.7
충남,부여군,2010,논산역,용산역,148.2,156.2,156.77142857142857,38.2,30.0,80,88.0,88.57142857142857,149.0,7,21.571180299799824,131.7,131.7
충남,부여군,2011,논산역,용산역,152.2,161.2,160.53333333333333,38.2,30.0,84,93.0,92.33333333333333,116.375,9,21.571180299799824,131.7,131.7
충남,부여군,2012,논산역,용산역,154.2,163.2,163.2,38.2,30.0,86,95.0,95.0,178.0,6,21.571180299799824,131.7,131.7
충남,부여군,2013,논산역,용산역,151.2,158.2,159.03333333333333,38.2,30.0,83,90.0,90.83333333333333,179.0,6,21.571180299799824,131.7,131.7
충남,부여군,2014,논산역,용산역,151.2,158.2,159.03333333333333,38.2,30.0,83,90.0,90.83333333333333,179.0,6,21.571180299799824,131.7,131.7
충남,부여군,2015,공주역,용산역,135.8,145.8,151.9923076923077,45.8,30.0,60,70.0,76.1923076923077,35.12,26,23.560138727459744,131.7,131.7
충남,부여군,2016,공주역,용산역,134.8,142.8,141.46666666666667,45.8,30.0,59,67.0,65.66666666666667,63.142857142857146,15,23.560138727459744,131.7,131.7
충남,부여군,2017,공주역,용산역,134.8,142.8,141.46666666666667,45.8,30.0,59,67.0,65.66666666666667,63.142857142857146,15,23.560138727459744,131.7,131.7
충남,부여군,2018,공주역,용산역,136.8,141.8,142.0,45.8,30.0,61,66.0,66.2,63.142857142857146,15,23.560138727459744,131.7,131.7
충남,부여군,2019,공주역,용산역,136.8,142.3,142.425,45.8,30.0,61,66.5,66.625,58.93333333333333,16,23.560138727459744,131.7,131.7
충남,부여군,2020,공주역,용산역,136.8,141.3,141.9875,45.8,30.0,61,65.5,66.1875,58.93333333333333,16,23.560138727459744,131.7,131.7
충남,부여군,2021,공주역,용산역,136.8,143.8,143.55,45.8,30.0,61,68.0,67.75,59.266666666666666,16,23.560138727459744,131.7,131.7
충남,부여군,2022,공주역,용산역,136.8,143.8,143.55,45.8,30.0,61,68.0,67.75,59.266666666666666,16,23.560138727459744,131.7,131.7
충남,부여군,2023,공주역,용산역,139.8,145.8,145.56470588235294,45.8,30.0,64,70.0,69.76470588235294,53.875,17,23.560138727459744,131.7,131.7
충남,부여군,2024,공주역,용산역,139.8,145.8,145.74117647058824,45.8,30.0,64,70.0,69.94117647058823,53.875,17,23.560138727459744,131.7,131.7
충남,부여군,2025,공주역,용산역,139.8,145.8,145.38823529411764,45.8,30.0,64,70.0,69.58823529411765,53.8125,17,23.560138727459744,131.7,131.7
충남,서산시,2007,,,,,,,,,,,,,,95.6,95.6
충남,서산시,2008,,,,,,,,,,,,,,95.6,95.6
충남,서산시,2009,,,,,,,,,,,,,,95.6,95.6
충남,서산시,2010,,,,,,,,,,,,,,95.6,95.6
충남,서산시,2011,,,,,,,,,,,,,,95.6,95.6
충남,서산시,2012,,,,,,,,,,,,,,95.6,95.6
충남,서산시,2013,,,,,,,,,,,,,,95.6,95.6
충남,서산시,2014,,,,,,,,,,,,,,95.6,95.6
충남,서산시,2015,,,,,,,,,,,,,,95.6,95.6
충남,서산시,2016,,,,,,,,,,,,,,95.6,95.6
충남,서산시,2017,,,,,,,,,,,,,,95.6,95.6
충남,서산시,2018,,,,,,,,,,,,,,95.6,95.6
충남,서산시,2019,,,,,,,,,,,,,,95.6,95.6
충남,서산시,2020,,,,,,,,,,,,,,95.6,95.6
충남,서산시,2021,,,,,,,,,,,,,,95.6,95.6
충남,서산시,2022,,,,,,,,,,,,,,95.6,95.6
충남,서산시,2023,,,,,,,,,,,,,,95.6,95.6
충남,서산시,2024,,,,,,,,,,,,,,95.6,95.6
충남,서산시,2025,,,,,,,,,,,,,,95.6,95.6
충남,서천군,2007,익산역,용산역,167.2,179.2,177.67368421052632,36.2,30.0,101,113.0,111.47368421052632,54.77777777777778,19,28.611025928299963,145.9,145.9
충남,서천군,2008,익산역,용산역,168.2,175.2,175.30526315789473,36.2,30.0,102,109.0,109.10526315789474,55.22222222222222,19,28.611025928299963,145.9,145.9
충남,서천군,2009,익산역,용산역,168.2,175.2,175.30526315789473,36.2,30.0,102,109.0,109.10526315789474,55.22222222222222,19,28.611025928299963,145.9,145.9
충남,서천군,2010,익산역,용산역,169.2,177.2,177.42727272727274,36.2,30.0,103,111.0,111.22727272727273,48.095238095238095,22,28.611025928299963,145.9,145.9
충남,서천군,2011,익산역,용산역,171.2,180.2,181.07999999999998,36.2,30.0,105,114.0,114.88,43.0,25,28.611025928299963,145.9,145.9
충남,서천군,2012,익산역,용산역,170.2,182.2,182.2,36.2,30.0,104,116.0,116.0,38.333333333333336,28,28.611025928299963,145.9,145.9
충남,서천군,2013,익산역,용산역,167.2,179.2,179.43333333333334,36.2,30.0,101,113.0,113.23333333333333,36.206896551724135,30,28.611025928299963,145.9,145.9
충남,서천군,2014,익산역,용산역,167.2,179.2,180.97419354838712,36.2,30.0,101,113.0,114.7741935483871,35.0,31,28.611025928299963,145.9,145.9
충남,서천군,2015,익산역,용산역,130.2,149.2,153.29302325581395,36.2,30.0,64,83.0,87.09302325581395,24.714285714285715,43,28.611025928299963,145.9,145.9
충남,서천군,2016,익산역,용산역,135.2,149.2,154.88292682926829,36.2,30.0,69,83.0,88.6829268292683,26.025,41,28.611025928299963,145.9,145.9
충남,서천군,2017,익산역,용산역,135.2,149.7,155.93809523809523,36.2,30.0,69,83.5,89.73809523809524,25.341463414634145,42,28.611025928299963,145.9,145.9
충남,서천군,2018,익산역,용산역,135.2,149.2,155.7238095238095,36.2,30.0,69,83.0,89.52380952380952,25.341463414634145,42,28.611025928299963,145.9,145.9
충남,서천군,2019,익산역,용산역,137.2,149.2,155.65454545454546,36.2,30.0,71,83.0,89.45454545454545,24.302325581395348,44,28.611025928299963,145.9,145.9
충남,서천군,2020,익산역,용산역,137.2,149.2,155.49545454545455,36.2,30.0,71,83.0,89.29545454545455,24.302325581395348,44,28.611025928299963,145.9,145.9
충남,서천군,2021,익산역,용산역,136.2,152.2,157.17727272727274,36.2,30.0,70,86.0,90.97727272727273,24.023255813953487,44,28.611025928299963,145.9,145.9
충남,서천군,2022,익산역,용산역,136.2,152.2,157.17727272727274,36.2,30.0,70,86.0,90.97727272727273,24.023255813953487,44,28.611025928299963,145.9,145.9
충남,서천군,2023,익산역,용산역,139.2,154.2,161.09795918367348,36.2,30.0,73,88.0,94.89795918367346,21.520833333333332,49,28.611025928299963,145.9,145.9
충남,서천군,2024,익산역,용산역,136.2,154.2,160.44,36.2,30.0,70,88.0,94.24,21.081632653061224,50,28.611025928299963,145.9,145.9
충남,서천군,2025,익산역,용산역,138.2,156.2,161.2980392156863,36.2,30.0,72,90.0,95.09803921568627,20.66,51,28.611025928299963,145.9,145.9
충남,아산시,2007,천안아산역,용산역,80.1,82.1,83.1,15.1,30.0,35,37.0,38.0,140.85714285714286,8,11.194439987783806,80.7,80.7
충남,아산시,2008,천안아산역,용산역,77.1,80.1,80.35,15.1,30.0,32,35.0,35.25,135.85714285714286,8,11.194439987783806,80.7,80.1
충남,아산시,2009,천안아산역,용산역,77.1,80.1,80.35,15.1,30.0,32,35.0,35.25,135.85714285714286,8,11.194439987783806,80.7,80.1
충남,아산시,2010,천안아산역,서울역,75.1,80.1,80.58571428571429,15.1,30.0,30,35.0,35.48571428571429,41.38235294117647,35,11.194439987783806,80.7,80.1
충남,아산시,2011,천안아산역,서울역,74.1,84.1,83.35,15.1,30.0,29,39.0,38.25,39.91428571428571,36,11.194439987783806,80.7,80.7
충남,아산시,2012,천안아산역,서울역,74.1,82.6,83.67500000000001,15.1,30.0,29,37.5,38.575,35.69230769230769,40,11.194439987783806,80.7,80.7
충남,아산시,2013,천안아산역,서울역,73.1,83.1,81.51463414634146,15.1,30.0,28,38.0,36.41463414634146,34.625,41,11.194439987783806,80.7,80.7
충남,아산시,2014,천안아산역,서울역,73.1,83.1,83.1,15.1,30.0,28,38.0,38.0,34.09756097560975,42,11.194439987783806,80.7,80.7
충남,아산시,2015,천안아산역,서울역,73.1,85.1,85.12222222222223,15.1,30.0,28,40.0,40.022222222222226,32.09090909090909,45,11.194439987783806,80.7,80.7
충남,아산시,2016,천안아산역,용산역,79.1,83.1,83.98461538461538,15.1,30.0,34,38.0,38.88461538461539,36.16,26,11.194439987783806,80.7,80.7
충남,아산시,2017,천안아산역,용산역,79.1,83.1,84.1,15.1,30.0,34,38.0,39.0,35.925925925925924,28,11.194439987783806,80.7,80.7
충남,아산시,2018,천안아산역,서울역,80.1,85.1,85.58076923076923,15.1,30.0,35,40.0,40.48076923076923,27.254901960784313,52,11.194439987783806,80.7,80.7
충남,아산시,2019,천안아산역,서울역,80.1,85.1,85.53137254901961,15.1,30.0,35,40.0,40.431372549019606,28.06,51,11.194439987783806,80.7,80.7
충남,아산시,2020,천안아산역,서울역,80.1,85.1,85.53137254901961,15.1,30.0,35,40.0,40.431372549019606,28.06,51,11.194439987783806,80.7,80.7
충남,아산시,2021,천안아산역,서울역,80.1,86.1,86.39411764705883,15.1,30.0,35,41.0,41.294117647058826,28.0,51,11.194439987783806,80.7,80.7
충남,아산시,2022,천안아산역,서울역,80.1,86.1,86.39411764705883,15.1,30.0,35,41.0,41.294117647058826,28.0,51,11.194439987783806,80.7,80.7
충남,아산시,2023,천안아산역,용산역,82.1,88.1,87.66,15.1,30.0,37,43.0,42.56,39.541666666666664,25,11.194439987783806,80.7,80.7
충남,아산시,2024,천안아산역,서울역,82.1,88.1,88.4448275862069,15.1,30.0,37,43.0,43.3448275862069,24.56140350877193,58,11.194439987783806,80.7,80.7
충남,아산시,2025,천안아산역,용산역,82.1,87.1,87.7,15.1,30.0,37,42.0,42.6,39.541666666666664,25,11.194439987783806,80.7,80.7
충남,예산군,2007,,,,,,,,,,,,,,93.6,93.6
충남,예산군,2008,,,,,,,,,,,,,,93.6,93.6
충남,예산군,2009,,,,,,,,,,,,,,93.6,93.6
충남,예산군,2010,,,,,,,,,,,,,,93.6,93.6
충남,예산군,2011,,,,,,,,,,,,,,93.6,93.6
충남,예산군,2012,,,,,,,,,,,,,,93.6,93.6
충남,예산군,2013,,,,,,,,,,,,,,93.6,93.6
충남,예산군,2014,,,,,,,,,,,,,,93.6,93.6
충남,예산군,2015,,,,,,,,,,,,,,93.6,93.6
충남,예산군,2016,,,,,,,,,,,,,,93.6,93.6
충남,예산군,2017,,,,,,,,,,,,,,93.6,93.6
충남,예산군,2018,,,,,,,,,,,,,,93.6,93.6
충남,예산군,2019,,,,,,,,,,,,,,93.6,93.6
충남,예산군,2020,,,,,,,,,,,,,,93.6,93.6
충남,예산군,2021,,,,,,,,,,,,,,93.6,93.6
충남,예산군,2022,,,,,,,,,,,,,,93.6,93.6
충남,예산군,2023,,,,,,,,,,,,,,93.6,93.6
충남,예산군,2024,,,,,,,,,,,,,,93.6,93.6
충남,예산군,2025,,,,,,,,,,,,,,93.6,93.6
충남,천안시,2007,천안아산역,용산역,79.9,81.9,82.9,14.9,30.0,35,37.0,38.0,140.85714285714286,8,8.806832870541035,81.4,81.4
충남,천안시,2008,천안아산역,용산역,76.9,79.9,80.15,14.9,30.0,32,35.0,35.25,135.85714285714286,8,8.806832870541035,81.4,79.9
충남,천안시,2009,천안아산역,용산역,76.9,79.9,80.15,14.9,30.0,32,35.0,35.25,135.85714285714286,8,8.806832870541035,81.4,79.9
충남,천안시,2010,천안아산역,서울역,74.9,79.9,80.38571428571429,14.9,30.0,30,35.0,35.48571428571429,41.38235294117647,35,8.806832870541035,81.4,79.9
충남,천안시,2011,천안아산역,서울역,73.9,83.9,83.15,14.9,30.0,29,39.0,38.25,39.91428571428571,36,8.806832870541035,81.4,81.4
충남,천안시,2012,천안아산역,서울역,73.9,82.4,83.475,14.9,30.0,29,37.5,38.575,35.69230769230769,40,8.806832870541035,81.4,81.4
충남,천안시,2013,천안아산역,서울역,72.9,82.9,81.31463414634146,14.9,30.0,28,38.0,36.41463414634146,34.625,41,8.806832870541035,81.4,81.4
충남,천안시,2014,천안아산역,서울역,72.9,82.9,82.9,14.9,30.0,28,38.0,38.0,34.09756097560975,42,8.806832870541035,81.4,81.4
충남,천안시,2015,천안아산역,서울역,72.9,84.9,84.92222222222222,14.9,30.0,28,40.0,40.022222222222226,32.09090909090909,45,8.806832870541035,81.4,81.4
충남,천안시,2016,천안아산역,용산역,78.9,82.9,83.78461538461539,14.9,30.0,34,38.0,38.88461538461539,36.16,26,8.806832870541035,81.4,81.4
충남,천안시,2017,천안아산역,용산역,78.9,82.9,83.9,14.9,30.0,34,38.0,39.0,35.925925925925924,28,8.806832870541035,81.4,81.4
충남,천안시,2018,천안아산역,서울역,79.9,84.9,85.38076923076923,14.9,30.0,35,40.0,40.48076923076923,27.254901960784313,52,8.806832870541035,81.4,81.4
충남,천안시,2019,천안아산역,서울역,79.9,84.9,85.3313725490196,14.9,30.0,35,40.0,40.431372549019606,28.06,51,8.806832870541035,81.4,81.4
충남,천안시,2020,천안아산역,서울역,79.9,84.9,85.3313725490196,14.9,30.0,35,40.0,40.431372549019606,28.06,51,8.806832870541035,81.4,81.4
충남,천안시,2021,천안아산역,서울역,79.9,85.9,86.19411764705882,14.9,30.0,35,41.0,41.294117647058826,28.0,51,8.806832870541035,81.4,81.4
충남,천안시,2022,천안아산역,서울역,79.9,85.9,86.19411764705882,14.9,30.0,35,41.0,41.294117647058826,28.0,51,8.806832870541035,81.4,81.4
충남,천안시,2023,천안아산역,용산역,81.9,87.9,87.46000000000001,14.9,30.0,37,43.0,42.56,39.541666666666664,25,8.806832870541035,81.4,81.4
충남,천안시,2024,천안아산역,서울역,81.9,87.9,88.2448275862069,14.9,30.0,37,43.0,43.3448275862069,24.56140350877193,58,8.806832870541035,81.4,81.4
충남,천안시,2025,천안아산역,용산역,81.9,86.9,87.5,14.9,30.0,37,42.0,42.6,39.541666666666664,25,8.806832870541035,81.4,81.4
충남,청양군,2007,,,,,,,,,,,,,,117.7,117.7
충남,청양군,2008,,,,,,,,,,,,,,117.7,117.7
충남,청양군,2009,,,,,,,,,,,,,,117.7,117.7
충남,청양군,2010,,,,,,,,,,,,,,117.7,117.7
충남,청양군,2011,,,,,,,,,,,,,,117.7,117.7
충남,청양군,2012,,,,,,,,,,,,,,117.7,117.7
충남,청양군,2013,,,,,,,,,,,,,,117.7,117.7
충남,청양군,2014,,,,,,,,,,,,,,117.7,117.7
충남,청양군,2015,공주역,용산역,136.4,146.4,152.5923076923077,46.4,30.0,60,70.0,76.1923076923077,35.12,26,24.415377586826533,117.7,117.7
충남,청양군,2016,공주역,용산역,135.4,143.4,142.06666666666666,46.4,30.0,59,67.0,65.66666666666667,63.142857142857146,15,24.415377586826533,117.7,117.7
충남,청양군,2017,공주역,용산역,135.4,143.4,142.06666666666666,46.4,30.0,59,67.0,65.66666666666667,63.142857142857146,15,24.415377586826533,117.7,117.7
충남,청양군,2018,공주역,용산역,137.4,142.4,142.60000000000002,46.4,30.0,61,66.0,66.2,63.142857142857146,15,24.415377586826533,117.7,117.7
충남,청양군,2019,공주역,용산역,137.4,142.9,143.025,46.4,30.0,61,66.5,66.625,58.93333333333333,16,24.415377586826533,117.7,117.7
충남,청양군,2020,공주역,용산역,137.4,141.9,142.5875,46.4,30.0,61,65.5,66.1875,58.93333333333333,16,24.415377586826533,117.7,117.7
충남,청양군,2021,공주역,용산역,137.4,144.4,144.15,46.4,30.0,61,68.0,67.75,59.266666666666666,16,24.415377586826533,117.7,117.7
충남,청양군,2022,공주역,용산역,137.4,144.4,144.15,46.4,30.0,61,68.0,67.75,59.266666666666666,16,24.415377586826533,117.7,117.7
충남,청양군,2023,공주역,용산역,140.4,146.4,146.16470588235296,46.4,30.0,64,70.0,69.76470588235294,53.875,17,24.415377586826533,117.7,117.7
충남,청양군,2024,공주역,용산역,140.4,146.4,146.34117647058824,46.4,30.0,64,70.0,69.94117647058823,53.875,17,24.415377586826533,117.7,117.7
충남,청양군,2025,공주역,용산역,140.4,146.4,145.98823529411766,46.4,30.0,64,70.0,69.58823529411765,53.8125,17,24.415377586826533,117.7,117.7
충남,태안군,2007,,,,,,,,,,,,,,118.9,118.9
충남,태안군,2008,,,,,,,,,,,,,,118.9,118.9
충남,태안군,2009,,,,,,,,,,,,,,118.9,118.9
충남,태안군,2010,,,,,,,,,,,,,,118.9,118.9
충남,태안군,2011,,,,,,,,,,,,,,118.9,118.9
충남,태안군,2012,,,,,,,,,,,,,,118.9,118.9
충남,태안군,2013,,,,,,,,,,,,,,118.9,118.9
충남,태안군,2014,,,,,,,,,,,,,,118.9,118.9
충남,태안군,2015,,,,,,,,,,,,,,118.9,118.9
충남,태안군,2016,,,,,,,,,,,,,,118.9,118.9
충남,태안군,2017,,,,,,,,,,,,,,118.9,118.9
충남,태안군,2018,,,,,,,,,,,,,,118.9,118.9
충남,태안군,2019,,,,,,,,,,,,,,118.9,118.9
충남,태안군,2020,,,,,,,,,,,,,,118.9,118.9
충남,태안군,2021,,,,,,,,,,,,,,118.9,118.9
충남,태안군,2022,,,,,,,,,,,,,,118.9,118.9
충남,태안군,2023,,,,,,,,,,,,,,118.9,118.9
충남,태안군,2024,,,,,,,,,,,,,,118.9,118.9
충남,태안군,2025,,,,,,,,,,,,,,118.9,118.9
충남,홍성군,2007,,,,,,,,,,,,,,120.3,120.3
충남,홍성군,2008,,,,,,,,,,,,,,120.3,120.3
충남,홍성군,2009,,,,,,,,,,,,,,120.3,120.3
충남,홍성군,2010,,,,,,,,,,,,,,120.3,120.3
충남,홍성군,2011,,,,,,,,,,,,,,120.3,120.3
충남,홍성군,2012,,,,,,,,,,,,,,120.3,120.3
충남,홍성군,2013,,,,,,,,,,,,,,120.3,120.3
충남,홍성군,2014,,,,,,,,,,,,,,120.3,120.3
충남,홍성군,2015,,,,,,,,,,,,,,120.3,120.3
충남,홍성군,2016,,,,,,,,,,,,,,120.3,120.3
충남,홍성군,2017,,,,,,,,,,,,,,120.3,120.3
충남,홍성군,2018,,,,,,,,,,,,,,120.3,120.3
충남,홍성군,2019,,,,,,,,,,,,,,120.3,120.3
충남,홍성군,2020,,,,,,,,,,,,,,120.3,120.3
충남,홍성군,2021,,,,,,,,,,,,,,120.3,120.3
충남,홍성군,2022,,,,,,,,,,,,,,120.3,120.3
충남,홍성군,2023,,,,,,,,,,,,,,120.3,120.3
충남,홍성군,2024,,,,,,,,,,,,,,120.3,120.3
충남,홍성군,2025,,,,,,,,,,,,,,120.3,120.3
충북,괴산군,2007,,,,,,,,,,,,,,127.1,127.1
충북,괴산군,2008,,,,,,,,,,,,,,127.1,127.1
충북,괴산군,2009,,,,,,,,,,,,,,127.1,127.1
충북,괴산군,2010,,,,,,,,,,,,,,127.1,127.1
충북,괴산군,2011,,,,,,,,,,,,,,127.1,127.1
충북,괴산군,2012,,,,,,,,,,,,,,127.1,127.1
충북,괴산군,2013,,,,,,,,,,,,,,127.1,127.1
충북,괴산군,2014,,,,,,,,,,,,,,127.1,127.1
충북,괴산군,2015,,,,,,,,,,,,,,127.1,127.1
충북,괴산군,2016,,,,,,,,,,,,,,127.1,127.1
충북,괴산군,2017,,,,,,,,,,,,,,127.1,127.1
충북,괴산군,2018,,,,,,,,,,,,,,127.1,127.1
충북,괴산군,2019,,,,,,,,,,,,,,127.1,127.1
충북,괴산군,2020,,,,,,,,,,,,,,127.1,127.1
충북,괴산군,2021,,,,,,,,,,,,,,127.1,127.1
충북,괴산군,2022,,,,,,,,,,,,,,127.1,127.1
충북,괴산군,2023,,,,,,,,,,,,,,127.1,127.1
충북,괴산군,2024,,,,,,,,,,,,,,127.1,127.1
충북,괴산군,2025,,,,,,,,,,,,,,127.1,127.1
충북,단양군,2007,,,,,,,,,,,,,,149.7,149.7
충북,단양군,2008,,,,,,,,,,,,,,149.7,149.7
충북,단양군,2009,,,,,,,,,,,,,,149.7,149.7
충북,단양군,2010,,,,,,,,,,,,,,149.7,149.7
충북,단양군,2011,,,,,,,,,,,,,,149.7,149.7
충북,단양군,2012,,,,,,,,,,,,,,149.7,149.7
충북,단양군,2013,,,,,,,,,,,,,,149.7,149.7
충북,단양군,2014,,,,,,,,,,,,,,149.7,149.7
충북,단양군,2015,,,,,,,,,,,,,,149.7,149.7
충북,단양군,2016,,,,,,,,,,,,,,149.7,149.7
충북,단양군,2017,,,,,,,,,,,,,,149.7,149.7
충북,단양군,2018,,,,,,,,,,,,,,149.7,149.7
충북,단양군,2019,,,,,,,,,,,,,,149.7,149.7
충북,단양군,2020,,,,,,,,,,,,,,149.7,149.7
충북,단양군,2021,,,,,,,,,,,,,,149.7,149.7
충북,단양군,2022,,,,,,,,,,,,,,149.7,149.7
충북,단양군,2023,단양역,서울역,153.4,155.4,156.73333333333332,13.4,30.0,110,112.0,113.33333333333333,267.5,3,4.585340058861087,149.7,149.7
충북,단양군,2024,단양역,서울역,154.4,156.4,156.73333333333332,13.4,30.0,111,113.0,113.33333333333333,267.5,3,4.585340058861087,149.7,149.7
충북,단양군,2025,단양역,서울역,154.4,156.9,156.65,13.4,30.0,111,113.5,113.25,213.66666666666666,4,4.585340058861087,149.7,149.7
충북,보은군,2007,,,,,,,,,,,,,,132.4,132.4
충북,보은군,2008,,,,,,,,,,,,,,132.4,132.4
충북,보은군,2009,,,,,,,,,,,,,,132.4,132.4
충북,보은군,2010,,,,,,,,,,,,,,132.4,132.4
충북,보은군,2011,,,,,,,,,,,,,,132.4,132.4
충북,보은군,2012,,,,,,,,,,,,,,132.4,132.4
충북,보은군,2013,,,,,,,,,,,,,,132.4,132.4
충북,보은군,2014,,,,,,,,,,,,,,132.4,132.4
충북,보은군,2015,,,,,,,,,,,,,,132.4,132.4
충북,보은군,2016,,,,,,,,,,,,,,132.4,132.4
충북,보은군,2017,,,,,,,,,,,,,,132.4,132.4
충북,보은군,2018,,,,,,,,,,,,,,132.4,132.4
충북,보은군,2019,,,,,,,,,,,,,,132.4,132.4
충북,보은군,2020,,,,,,,,,,,,,,132.4,132.4
충북,보은군,2021,,,,,,,,,,,,,,132.4,132.4
충북,보은군,2022,,,,,,,,,,,,,,132.4,132.4
충북,보은군,2023,,,,,,,,,,,,,,132.4,132.4
충북,보은군,2024,,,,,,,,,,,,,,132.4,132.4
충북,보은군,2025,,,,,,,,,,,,,,132.4,132.4
충북,영동군,2007,,,,,,,,,,,,,,167.4,167.4
충북,영동군,2008,,,,,,,,,,,,,,167.4,167.4
충북,영동군,2009,,,,,,,,,,,,,,167.4,167.4
충북,영동군,2010,,,,,,,,,,,,,,167.4,167.4
충북,영동군,2011,,,,,,,,,,,,,,167.4,167.4
충북,영동군,2012,,,,,,,,,,,,,,167.4,167.4
충북,영동군,2013,,,,,,,,,,,,,,167.4,167.4
충북,영동군,2014,,,,,,,,,,,,,,167.4,167.4
충북,영동군,2015,,,,,,,,,,,,,,167.4,167.4
충북,영동군,2016,,,,,,,,,,,,,,167.4,167.4
충북,영동군,2017,,,,,,,,,,,,,,167.4,167.4
충북,영동군,2018,,,,,,,,,,,,,,167.4,167.4
충북,영동군,2019,,,,,,,,,,,,,,167.4,167.4
충북,영동군,2020,,,,,,,,,,,,,,167.4,167.4
충북,영동군,2021,,,,,,,,,,,,,,167.4,167.4
충북,영동군,2022,,,,,,,,,,,,,,167.4,167.4
충북,영동군,2023,,,,,,,,,,,,,,167.4,167.4
충북,영동군,2024,,,,,,,,,,,,,,167.4,167.4
충북,영동군,2025,,,,,,,,,,,,,,167.4,167.4
충북,옥천군,2007,대전역,서울역,121.5,129.5,129.10294117647058,40.5,30.0,51,59.0,58.60294117647059,15.64179104477612,68,20.00228606068129,152.3,129.5
충북,옥천군,2008,대전역,서울역,118.5,128.5,126.51333333333334,40.5,30.0,48,58.0,56.013333333333335,14.31081081081081,75,20.00228606068129,152.3,128.5
충북,옥천군,2009,대전역,서울역,118.5,128.5,126.51333333333334,40.5,30.0,48,58.0,56.013333333333335,14.31081081081081,75,20.00228606068129,152.3,128.5
충북,옥천군,2010,대전역,서울역,119.5,126.5,128.3783783783784,40.5,30.0,49,56.0,57.87837837837838,19.273972602739725,74,20.00228606068129,152.3,126.5
충북,옥천군,2011,대전역,서울역,123.5,131.5,134.2123287671233,40.5,30.0,53,61.0,63.71232876712329,19.541666666666668,73,20.00228606068129,152.3,131.5
충북,옥천군,2012,대전역,서울역,123.5,131.5,134.34883720930233,40.5,30.0,53,61.0,63.848837209302324,16.55294117647059,86,20.00228606068129,152.3,131.5
충북,옥천군,2013,대전역,서울역,120.5,128.5,131.87209302325581,40.5,30.0,50,58.0,61.372093023255815,16.529411764705884,86,20.00228606068129,152.3,128.5
충북,옥천군,2014,대전역,서울역,120.5,131.5,133.6764705882353,40.5,30.0,50,61.0,63.1764705882353,16.726190476190474,85,20.00228606068129,152.3,131.5
충북,옥천군,2015,대전역,서울역,122.5,133.5,135.69780219780222,40.5,30.0,52,63.0,65.1978021978022,15.655555555555555,91,20.00228606068129,152.3,133.5
충북,옥천군,2016,대전역,서울역,123.5,136.5,137.91772151898732,40.5,30.0,53,66.0,67.41772151898734,18.128205128205128,79,20.00228606068129,152.3,136.5
충북,옥천군,2017,대전역,서울역,123.5,136.5,138.0731707317073,40.5,30.0,53,66.0,67.57317073170732,17.45679012345679,82,20.00228606068129,152.3,136.5
충북,옥천군,2018,대전역,서울역,123.5,136.5,137.4578947368421,40.5,30.0,53,66.0,66.9578947368421,15.042553191489361,95,20.00228606068129,152.3,136.5
충북,옥천군,2019,대전역,서울역,123.5,136.5,138.15,40.5,30.0,53,66.0,67.65,14.16161616161616,100,20.00228606068129,152.3,136.5
충북,옥천군,2020,대전역,서울역,123.5,136.5,138.16,40.5,30.0,53,66.0,67.66,14.16161616161616,100,20.00228606068129,152.3,136.5
충북,옥천군,2021,대전역,서울역,123.5,136.5,138.5990099009901,40.5,30.0,53,66.0,68.0990099009901,13.99,101,20.00228606068129,152.3,136.5
충북,옥천군,2022,대전역,서울역,123.5,136.5,138.5990099009901,40.5,30.0,53,66.0,68.0990099009901,13.99,101,20.00228606068129,152.3,136.5
충북,옥천군,2023,대전역,서울역,125.5,138.5,140.23214285714286,40.5,30.0,55,68.0,69.73214285714286,9.585585585585585,112,20.00228606068129,152.3,138.5
충북,옥천군,2024,대전역,서울역,125.5,138.5,140.45762711864407,40.5,30.0,55,68.0,69.95762711864407,9.094017094017094,118,20.00228606068129,152.3,138.5
충북,옥천군,2025,대전역,서울역,125.5,138.5,140.6304347826087,40.5,30.0,55,68.0,70.1304347826087,9.342105263157896,115,20.00228606068129,152.3,138.5
충북,음성군,2007,,,,,,,,,,,,,,88.8,88.8
충북,음성군,2008,,,,,,,,,,,,,,88.8,88.8
충북,음성군,2009,,,,,,,,,,,,,,88.8,88.8
충북,음성군,2010,,,,,,,,,,,,,,88.8,88.8
충북,음성군,2011,,,,,,,,,,,,,,88.8,88.8
충북,음성군,2012,,,,,,,,,,,,,,88.8,88.8
충북,음성군,2013,,,,,,,,,,,,,,88.8,88.8
충북,음성군,2014,,,,,,,,,,,,,,88.8,88.8
충북,음성군,2015,,,,,,,,,,,,,,88.8,88.8
충북,음성군,2016,,,,,,,,,,,,,,88.8,88.8
충북,음성군,2017,,,,,,,,,,,,,,88.8,88.8
충북,음성군,2018,,,,,,,,,,,,,,88.8,88.8
충북,음성군,2019,,,,,,,,,,,,,,88.8,88.8
충북,음성군,2020,,,,,,,,,,,,,,88.8,88.8
충북,음성군,2021,,,,,,,,,,,,,,88.8,88.8
충북,음성군,2022,,,,,,,,,,,,,,88.8,88.8
충북,음성군,2023,,,,,,,,,,,,,,88.8,88.8
충북,음성군,2024,,,,,,,,,,,,,,88.8,88.8
충북,음성군,2025,,,,,,,,,,,,,,88.8,88.8
충북,제천시,2007,,,,,,,,,,,,,,128.4,128.4
충북,제천시,2008,,,,,,,,,,,,,,128.4,128.4
충북,제천시,2009,,,,,,,,,,,,,,128.4,128.4
충북,제천시,2010,,,,,,,,,,,,,,128.4,128.4
충북,제천시,2011,,,,,,,,,,,,,,128.4,128.4
충북,제천시,2012,,,,,,,,,,,,,,128.4,128.4
충북,제천시,2013,,,,,,,,,,,,,,128.4,128.4
충북,제천시,2014,,,,,,,,,,,,,,128.4,128.4
충북,제천시,2015,,,,,,,,,,,,,,128.4,128.4
충북,제천시,2016,,,,,,,,,,,,,,128.4,128.4
충북,제천시,2017,,,,,,,,,,,,,,128.4,128.4
충북,제천시,2018,,,,,,,,,,,,,,128.4,128.4
충북,제천시,2019,,,,,,,,,,,,,,128.4,128.4
충북,제천시,2020,,,,,,,,,,,,,,128.4,128.4
충북,제천시,2021,,,,,,,,,,,,,,128.4,128.4
충북,제천시,2022,,,,,,,,,,,,,,128.4,128.4
충북,제천시,2023,제천역,서울역,140.5,143.5,144.5,17.5,30.0,93,96.0,97.0,178.33333333333334,4,9.425651305456599,128.4,128.4
충북,제천시,2024,제천역,서울역,142.5,144.5,145.0,17.5,30.0,95,97.0,97.5,178.33333333333334,4,9.425651305456599,128.4,128.4
충북,제천시,2025,제천역,서울역,143.5,145.5,145.3,17.5,30.0,96,98.0,97.8,160.0,5,9.425651305456599,128.4,128.4
충북,증평군,2007,,,,,,,,,,,,,,104.9,104.9
충북,증평군,2008,,,,,,,,,,,,,,104.9,104.9
충북,증평군,2009,,,,,,,,,,,,,,104.9,104.9
충북,증평군,2010,,,,,,,,,,,,,,104.9,104.9
충북,증평군,2011,,,,,,,,,,,,,,104.9,104.9
충북,증평군,2012,,,,,,,,,,,,,,104.9,104.9
충북,증평군,2013,,,,,,,,,,,,,,104.9,104.9
충북,증평군,2014,,,,,,,,,,,,,,104.9,104.9
충북,증평군,2015,,,,,,,,,,,,,,104.9,104.9
충북,증평군,2016,,,,,,,,,,,,,,104.9,104.9
충북,증평군,2017,,,,,,,,,,,,,,104.9,104.9
충북,증평군,2018,,,,,,,,,,,,,,104.9,104.9
충북,증평군,2019,,,,,,,,,,,,,,104.9,104.9
충북,증평군,2020,,,,,,,,,,,,,,104.9,104.9
충북,증평군,2021,,,,,,,,,,,,,,104.9,104.9
충북,증평군,2022,,,,,,,,,,,,,,104.9,104.9
충북,증평군,2023,,,,,,,,,,,,,,104.9,104.9
충북,증평군,2024,,,,,,,,,,,,,,104.9,104.9
충북,증평군,2025,,,,,,,,,,,,,,104.9,104.9
충북,진천군,2007,,,,,,,,,,,,,,88.1,88.1
충북,진천군,2008,,,,,,,,,,,,,,88.1,88.1
충북,진천군,2009,,,,,,,,,,,,,,88.1,88.1
충북,진천군,2010,오송역,서울역,107.2,112.2,112.04210526315791,37.2,30.0,40,45.0,44.8421052631579,53.94444444444444,19,29.415132193970056,88.1,88.1
충북,진천군,2011,오송역,서울역,109.2,114.2,114.67058823529412,37.2,30.0,42,47.0,47.470588235294116,61.4375,17,29.415132193970056,88.1,88.1
충북,진천군,2012,오송역,서울역,109.2,115.2,115.12307692307692,37.2,30.0,42,48.0,47.92307692307692,39.16,26,29.415132193970056,88.1,88.1
충북,진천군,2013,오송역,서울역,106.2,112.2,112.87857142857143,37.2,30.0,39,45.0,45.67857142857143,38.592592592592595,28,29.415132193970056,88.1,88.1
충북,진천군,2014,오송역,서울역,107.2,115.2,115.4,37.2,30.0,40,48.0,48.2,36.724137931034484,30,29.415132193970056,88.1,88.1
충북,진천군,2015,오송역,용산역,108.2,117.2,117.13548387096775,37.2,30.0,41,50.0,49.935483870967744,34.63333333333333,31,29.415132193970056,88.1,88.1
충북,진천군,2016,오송역,용산역,111.2,118.2,118.26451612903226,37.2,30.0,44,51.0,51.064516129032256,34.733333333333334,31,29.415132193970056,88.1,88.1
충북,진천군,2017,오송역,용산역,111.2,118.2,118.45,37.2,30.0,44,51.0,51.25,33.54838709677419,32,29.415132193970056,88.1,88.1
충북,진천군,2018,오송역,용산역,111.2,118.7,117.91428571428571,37.2,30.0,44,51.5,50.714285714285715,38.51851851851852,28,29.415132193970056,88.1,88.1
충북,진천군,2019,오송역,용산역,109.2,118.2,117.99310344827586,37.2,30.0,42,51.0,50.793103448275865,37.392857142857146,29,29.415132193970056,88.1,88.1
충북,진천군,2020,오송역,용산역,109.2,118.2,117.93333333333334,37.2,30.0,42,51.0,50.733333333333334,36.10344827586207,30,29.415132193970056,88.1,88.1
충북,진천군,2021,오송역,용산역,109.2,117.2,118.7483870967742,37.2,30.0,42,50.0,51.54838709677419,34.43333333333333,31,29.415132193970056,88.1,88.1
충북,진천군,2022,오송역,용산역,109.2,117.2,118.7483870967742,37.2,30.0,42,50.0,51.54838709677419,34.43333333333333,31,29.415132193970056,88.1,88.1
충북,진천군,2023,오송역,용산역,111.2,119.2,120.10909090909091,37.2,30.0,44,52.0,52.90909090909091,32.25,33,29.415132193970056,88.1,88.1
충북,진천군,2024,오송역,용산역,111.2,119.2,120.07878787878788,37.2,30.0,44,52.0,52.878787878787875,32.25,33,29.415132193970056,88.1,88.1
충북,진천군,2025,오송역,용산역,111.2,119.2,119.83636363636364,37.2,30.0,44,52.0,52.63636363636363,32.28125,33,29.415132193970056,88.1,88.1
충북,충주시,2007,,,,,,,,,,,,,,109.2,109.2
충북,충주시,2008,,,,,,,,,,,,,,109.2,109.2
충북,충주시,2009,,,,,,,,,,,,,,109.2,109.2
충북,충주시,2010,,,,,,,,,,,,,,109.2,109.2
충북,충주시,2011,,,,,,,,,,,,,,109.2,109.2
충북,충주시,2012,,,,,,,,,,,,,,109.2,109.2
충북,충주시,2013,,,,,,,,,,,,,,109.2,109.2
충북,충주시,2014,,,,,,,,,,,,,,109.2,109.2
충북,충주시,2015,,,,,,,,,,,,,,109.2,109.2
충북,충주시,2016,,,,,,,,,,,,,,109.2,109.2
충북,충주시,2017,,,,,,,,,,,,,,109.2,109.2
충북,충주시,2018,,,,,,,,,,,,,,109.2,109.2
충북,충주시,2019,,,,,,,,,,,,,,109.2,109.2
충북,충주시,2020,,,,,,,,,,,,,,109.2,109.2
충북,충주시,2021,,,,,,,,,,,,,,109.2,109.2
충북,충주시,2022,,,,,,,,,,,,,,109.2,109.2
충북,충주시,2023,,,,,,,,,,,,,,109.2,109.2
충북,충주시,2024,,,,,,,,,,,,,,109.2,109.2
충북,충주시,2025,,,,,,,,,,,,,,109.2,109.2
