region_sido,region_sigungu,hospital_type,year,hospital_no,net_entry,exit_no,exit_rate,entry_no,entry_rate
강원,강릉시,병원,2007,3,,2,0.6666666666666666,,
강원,강릉시,병원,2008,3,0,0,0.0,0,0.0
강원,강릉시,병원,2009,3,0,0,0.0,0,0.0
강원,강릉시,병원,2010,3,0,0,0.0,0,0.0
강원,강릉시,병원,2011,3,0,0,0.0,0,0.0
강원,강릉시,병원,2012,3,0,0,0.0,0,0.0
강원,강릉시,병원,2013,3,0,0,0.0,0,0.0
강원,강릉시,병원,2014,5,2,0,0.0,2,0.4
강원,강릉시,병원,2015,5,0,0,0.0,0,0.0
강원,강릉시,병원,2016,5,0,0,0.0,0,0.0
강원,강릉시,병원,2017,4,-1,1,0.25,0,0.0
강원,강릉시,병원,2018,3,-1,1,0.3333333333333333,0,0.0
강원,강릉시,병원,2019,3,0,0,0.0,0,0.0
강원,강릉시,병원,2020,3,0,0,0.0,0,0.0
강원,강릉시,병원,2021,3,0,2,0.6666666666666666,2,0.6666666666666666
강원,강릉시,병원,2022,1,-2,0,0.0,-2,-2.0
강원,강릉시,병원,2023,1,0,0,0.0,0,0.0
강원,강릉시,병원,2024,1,0,0,0.0,0,0.0
강원,강릉시,병원,2025,1,0,0,0.0,0,0.0
강원,강릉시,상급종합병원,2007,0,,0,,,
강원,강릉시,상급종합병원,2008,0,0,0,,0,
강원,강릉시,상급종합병원,2009,0,0,0,,0,
강원,강릉시,상급종합병원,2010,0,0,0,,0,
강원,강릉시,상급종합병원,2011,0,0,0,,0,
강원,강릉시,상급종합병원,2012,0,0,0,,0,
강원,강릉시,상급종합병원,2013,0,0,0,,0,
강원,강릉시,상급종합병원,2014,0,0,0,,0,
강원,강릉시,상급종합병원,2015,0,0,0,,0,
강원,강릉시,상급종합병원,2016,0,0,0,,0,
강원,강릉시,상급종합병원,2017,0,0,0,,0,
강원,강릉시,상급종합병원,2018,0,0,0,,0,
강원,강릉시,상급종합병원,2019,0,0,0,,0,
강원,강릉시,상급종합병원,2020,0,0,0,,0,
강원,강릉시,상급종합병원,2021,1,1,0,0.0,1,1.0
강원,강릉시,상급종합병원,2022,1,0,0,0.0,0,0.0
강원,강릉시,상급종합병원,2023,1,0,0,0.0,0,0.0
강원,강릉시,상급종합병원,2024,1,0,0,0.0,0,0.0
강원,강릉시,상급종합병원,2025,1,0,0,0.0,0,0.0
강원,강릉시,의원,2007,94,,8,0.0851063829787234,,
강원,강릉시,의원,2008,96,2,6,0.0625,8,0.08333333333333333
강원,강릉시,의원,2009,93,-3,3,0.03225806451612903,0,0.0
강원,강릉시,의원,2010,99,6,6,0.06060606060606061,12,0.12121212121212122
강원,강릉시,의원,2011,102,3,2,0.0196078431372549,5,0.049019607843137254
강원,강릉시,의원,2012,104,2,3,0.028846153846153848,5,0.04807692307692308
강원,강릉시,의원,2013,103,-1,5,0.04854368932038835,4,0.038834951456310676
강원,강릉시,의원,2014,102,-1,2,0.0196078431372549,1,0.00980392156862745
강원,강릉시,의원,2015,103,1,1,0.009708737864077669,2,0.019417475728155338
강원,강릉시,의원,2016,106,3,0,0.0,3,0.02830188679245283
강원,강릉시,의원,2017,109,3,7,0.06422018348623854,10,0.09174311926605505
강원,강릉시,의원,2018,109,0,4,0.03669724770642202,4,0.03669724770642202
강원,강릉시,의원,2019,112,3,3,0.026785714285714284,6,0.05357142857142857
강원,강릉시,의원,2020,113,1,6,0.05309734513274336,7,0.061946902654867256
강원,강릉시,의원,2021,114,1,5,0.043859649122807015,6,0.05263157894736842
강원,강릉시,의원,2022,116,2,2,0.017241379310344827,4,0.034482758620689655
강원,강릉시,의원,2023,120,4,1,0.008333333333333333,5,0.041666666666666664
강원,강릉시,의원,2024,122,2,0,0.0,2,0.01639344262295082
강원,강릉시,의원,2025,124,2,3,0.024193548387096774,5,0.04032258064516129
강원,강릉시,종합병원,2007,4,,0,0.0,,
강원,강릉시,종합병원,2008,4,0,0,0.0,0,0.0
강원,강릉시,종합병원,2009,4,0,0,0.0,0,0.0
강원,강릉시,종합병원,2010,4,0,0,0.0,0,0.0
강원,강릉시,종합병원,2011,4,0,0,0.0,0,0.0
강원,강릉시,종합병원,2012,4,0,0,0.0,0,0.0
강원,강릉시,종합병원,2013,4,0,0,0.0,0,0.0
강원,강릉시,종합병원,2014,4,0,0,0.0,0,0.0
강원,강릉시,종합병원,2015,4,0,0,0.0,0,0.0
강원,강릉시,종합병원,2016,4,0,0,0.0,0,0.0
강원,강릉시,종합병원,2017,4,0,0,0.0,0,0.0
강원,강릉시,종합병원,2018,4,0,0,0.0,0,0.0
강원,강릉시,종합병원,2019,4,0,0,0.0,0,0.0
강원,강릉시,종합병원,2020,4,0,0,0.0,0,0.0
강원,강릉시,종합병원,2021,3,-1,0,0.0,-1,-0.3333333333333333
강원,강릉시,종합병원,2022,3,0,0,0.0,0,0.0
강원,강릉시,종합병원,2023,3,0,0,0.0,0,0.0
강원,강릉시,종합병원,2024,3,0,0,0.0,0,0.0
강원,강릉시,종합병원,2025,3,0,0,0.0,0,0.0
강원,고성군,병원,2007,0,,0,,,
강원,고성군,병원,2008,0,0,0,,0,
강원,고성군,병원,2009,0,0,0,,0,
강원,고성군,병원,2010,0,0,0,,0,
강원,고성군,병원,2011,0,0,0,,0,
강원,고성군,병원,2012,0,0,0,,0,
강원,고성군,병원,2013,0,0,0,,0,
강원,고성군,병원,2014,0,0,0,,0,
강원,고성군,병원,2015,0,0,0,,0,
강원,고성군,병원,2016,0,0,0,,0,
강원,고성군,병원,2017,0,0,0,,0,
강원,고성군,병원,2018,0,0,0,,0,
강원,고성군,병원,2019,0,0,0,,0,
강원,고성군,병원,2020,0,0,0,,0,
강원,고성군,병원,2021,0,0,0,,0,
강원,고성군,병원,2022,0,0,0,,0,
강원,고성군,병원,2023,0,0,0,,0,
강원,고성군,병원,2024,0,0,0,,0,
강원,고성군,병원,2025,0,0,0,,0,
강원,고성군,상급종합병원,2007,0,,0,,,
강원,고성군,상급종합병원,2008,0,0,0,,0,
강원,고성군,상급종합병원,2009,0,0,0,,0,
강원,고성군,상급종합병원,2010,0,0,0,,0,
강원,고성군,상급종합병원,2011,0,0,0,,0,
강원,고성군,상급종합병원,2012,0,0,0,,0,
강원,고성군,상급종합병원,2013,0,0,0,,0,
강원,고성군,상급종합병원,2014,0,0,0,,0,
강원,고성군,상급종합병원,2015,0,0,0,,0,
강원,고성군,상급종합병원,2016,0,0,0,,0,
강원,고성군,상급종합병원,2017,0,0,0,,0,
강원,고성군,상급종합병원,2018,0,0,0,,0,
강원,고성군,상급종합병원,2019,0,0,0,,0,
강원,고성군,상급종합병원,2020,0,0,0,,0,
강원,고성군,상급종합병원,2021,0,0,0,,0,
강원,고성군,상급종합병원,2022,0,0,0,,0,
강원,고성군,상급종합병원,2023,0,0,0,,0,
강원,고성군,상급종합병원,2024,0,0,0,,0,
강원,고성군,상급종합병원,2025,0,0,0,,0,
강원,고성군,의원,2007,7,,0,0.0,,
강원,고성군,의원,2008,7,0,0,0.0,0,0.0
강원,고성군,의원,2009,7,0,0,0.0,0,0.0
강원,고성군,의원,2010,7,0,3,0.42857142857142855,3,0.42857142857142855
강원,고성군,의원,2011,6,-1,0,0.0,-1,-0.16666666666666666
강원,고성군,의원,2012,6,0,1,0.16666666666666666,1,0.16666666666666666
강원,고성군,의원,2013,5,-1,0,0.0,-1,-0.2
강원,고성군,의원,2014,7,2,1,0.14285714285714285,3,0.42857142857142855
강원,고성군,의원,2015,8,1,0,0.0,1,0.125
강원,고성군,의원,2016,8,0,0,0.0,0,0.0
강원,고성군,의원,2017,8,0,0,0.0,0,0.0
강원,고성군,의원,2018,8,0,1,0.125,1,0.125
강원,고성군,의원,2019,7,-1,0,0.0,-1,-0.14285714285714285
강원,고성군,의원,2020,7,0,0,0.0,0,0.0
강원,고성군,의원,2021,7,0,1,0.14285714285714285,1,0.14285714285714285
강원,고성군,의원,2022,6,-1,0,0.0,-1,-0.16666666666666666
강원,고성군,의원,2023,6,0,1,0.16666666666666666,1,0.16666666666666666
강원,고성군,의원,2024,6,0,0,0.0,0,0.0
강원,고성군,의원,2025,6,0,1,0.16666666666666666,1,0.16666666666666666
강원,고성군,종합병원,2007,0,,0,,,
강원,고성군,종합병원,2008,0,0,0,,0,
강원,고성군,종합병원,2009,0,0,0,,0,
강원,고성군,종합병원,2010,0,0,0,,0,
강원,고성군,종합병원,2011,0,0,0,,0,
강원,고성군,종합병원,2012,0,0,0,,0,
강원,고성군,종합병원,2013,0,0,0,,0,
강원,고성군,종합병원,2014,0,0,0,,0,
강원,고성군,종합병원,2015,0,0,0,,0,
강원,고성군,종합병원,2016,0,0,0,,0,
강원,고성군,종합병원,2017,0,0,0,,0,
강원,고성군,종합병원,2018,0,0,0,,0,
강원,고성군,종합병원,2019,0,0,0,,0,
강원,고성군,종합병원,2020,0,0,0,,0,
강원,고성군,종합병원,2021,0,0,0,,0,
강원,고성군,종합병원,2022,0,0,0,,0,
강원,고성군,종합병원,2023,0,0,0,,0,
강원,고성군,종합병원,2024,0,0,0,,0,
강원,고성군,종합병원,2025,0,0,0,,0,
강원,동해시,병원,2007,4,,0,0.0,,
강원,동해시,병원,2008,4,0,1,0.25,1,0.25
강원,동해시,병원,2009,3,-1,0,0.0,-1,-0.3333333333333333
강원,동해시,병원,2010,3,0,1,0.3333333333333333,1,0.3333333333333333
강원,동해시,병원,2011,3,0,0,0.0,0,0.0
강원,동해시,병원,2012,3,0,1,0.3333333333333333,1,0.3333333333333333
강원,동해시,병원,2013,2,-1,0,0.0,-1,-0.5
강원,동해시,병원,2014,2,0,0,0.0,0,0.0
강원,동해시,병원,2015,2,0,0,0.0,0,0.0
강원,동해시,병원,2016,2,0,0,0.0,0,0.0
강원,동해시,병원,2017,2,0,0,0.0,0,0.0
강원,동해시,병원,2018,2,0,0,0.0,0,0.0
강원,동해시,병원,2019,2,0,1,0.5,1,0.5
강원,동해시,병원,2020,2,0,0,0.0,0,0.0
강원,동해시,병원,2021,2,0,0,0.0,0,0.0
강원,동해시,병원,2022,2,0,0,0.0,0,0.0
강원,동해시,병원,2023,2,0,1,0.5,1,0.5
강원,동해시,병원,2024,1,-1,0,0.0,-1,-1.0
강원,동해시,병원,2025,1,0,0,0.0,0,0.0
강원,동해시,상급종합병원,2007,0,,0,,,
강원,동해시,상급종합병원,2008,0,0,0,,0,
강원,동해시,상급종합병원,2009,0,0,0,,0,
강원,동해시,상급종합병원,2010,0,0,0,,0,
강원,동해시,상급종합병원,2011,0,0,0,,0,
강원,동해시,상급종합병원,2012,0,0,0,,0,
강원,동해시,상급종합병원,2013,0,0,0,,0,
강원,동해시,상급종합병원,2014,0,0,0,,0,
강원,동해시,상급종합병원,2015,0,0,0,,0,
강원,동해시,상급종합병원,2016,0,0,0,,0,
강원,동해시,상급종합병원,2017,0,0,0,,0,
강원,동해시,상급종합병원,2018,0,0,0,,0,
강원,동해시,상급종합병원,2019,0,0,0,,0,
강원,동해시,상급종합병원,2020,0,0,0,,0,
강원,동해시,상급종합병원,2021,0,0,0,,0,
강원,동해시,상급종합병원,2022,0,0,0,,0,
강원,동해시,상급종합병원,2023,0,0,0,,0,
강원,동해시,상급종합병원,2024,0,0,0,,0,
강원,동해시,상급종합병원,2025,0,0,0,,0,
강원,동해시,의원,2007,45,,4,0.08888888888888889,,
강원,동해시,의원,2008,44,-1,2,0.045454545454545456,1,0.022727272727272728
강원,동해시,의원,2009,44,0,2,0.045454545454545456,2,0.045454545454545456
강원,동해시,의원,2010,48,4,2,0.041666666666666664,6,0.125
강원,동해시,의원,2011,49,1,2,0.04081632653061224,3,0.061224489795918366
강원,동해시,의원,2012,49,0,2,0.04081632653061224,2,0.04081632653061224
강원,동해시,의원,2013,48,-1,2,0.041666666666666664,1,0.020833333333333332
강원,동해시,의원,2014,50,2,1,0.02,3,0.06
강원,동해시,의원,2015,51,1,2,0.0392156862745098,3,0.058823529411764705
강원,동해시,의원,2016,52,1,3,0.057692307692307696,4,0.07692307692307693
강원,동해시,의원,2017,53,1,3,0.05660377358490566,4,0.07547169811320754
강원,동해시,의원,2018,52,-1,2,0.038461538461538464,1,0.019230769230769232
강원,동해시,의원,2019,50,-2,1,0.02,-1,-0.02
강원,동해시,의원,2020,49,-1,3,0.061224489795918366,2,0.04081632653061224
강원,동해시,의원,2021,50,1,0,0.0,1,0.02
강원,동해시,의원,2022,51,1,3,0.058823529411764705,4,0.0784313725490196
강원,동해시,의원,2023,50,-1,3,0.06,2,0.04
강원,동해시,의원,2024,49,-1,1,0.02040816326530612,0,0.0
강원,동해시,의원,2025,48,-1,0,0.0,-1,-0.020833333333333332
강원,동해시,종합병원,2007,1,,0,0.0,,
강원,동해시,종합병원,2008,1,0,0,0.0,0,0.0
강원,동해시,종합병원,2009,1,0,0,0.0,0,0.0
강원,동해시,종합병원,2010,1,0,0,0.0,0,0.0
강원,동해시,종합병원,2011,1,0,0,0.0,0,0.0
강원,동해시,종합병원,2012,1,0,0,0.0,0,0.0
강원,동해시,종합병원,2013,1,0,0,0.0,0,0.0
강원,동해시,종합병원,2014,1,0,0,0.0,0,0.0
강원,동해시,종합병원,2015,1,0,0,0.0,0,0.0
강원,동해시,종합병원,2016,1,0,0,0.0,0,0.0
강원,동해시,종합병원,2017,1,0,0,0.0,0,0.0
강원,동해시,종합병원,2018,1,0,0,0.0,0,0.0
강원,동해시,종합병원,2019,1,0,0,0.0,0,0.0
강원,동해시,종합병원,2020,1,0,0,0.0,0,0.0
강원,동해시,종합병원,2021,1,0,0,0.0,0,0.0
강원,동해시,종합병원,2022,1,0,0,0.0,0,0.0
강원,동해시,종합병원,2023,1,0,0,0.0,0,0.0
강원,동해시,종합병원,2024,2,1,0,0.0,1,0.5
강원,동해시,종합병원,2025,2,0,0,0.0,0,0.0
강원,삼척시,병원,2007,1,,0,0.0,,
강원,삼척시,병원,2008,1,0,0,0.0,0,0.0
강원,삼척시,병원,2009,1,0,0,0.0,0,0.0
강원,삼척시,병원,2010,1,0,0,0.0,0,0.0
강원,삼척시,병원,2011,1,0,0,0.0,0,0.0
강원,삼척시,병원,2012,1,0,0,0.0,0,0.0
강원,삼척시,병원,2013,1,0,0,0.0,0,0.0
강원,삼척시,병원,2014,1,0,0,0.0,0,0.0
강원,삼척시,병원,2015,1,0,0,0.0,0,0.0
강원,삼척시,병원,2016,1,0,0,0.0,0,0.0
강원,삼척시,병원,2017,1,0,0,0.0,0,0.0
강원,삼척시,병원,2018,1,0,0,0.0,0,0.0
강원,삼척시,병원,2019,1,0,0,0.0,0,0.0
강원,삼척시,병원,2020,1,0,0,0.0,0,0.0
강원,삼척시,병원,2021,1,0,0,0.0,0,0.0
강원,삼척시,병원,2022,1,0,0,0.0,0,0.0
강원,삼척시,병원,2023,1,0,0,0.0,0,0.0
강원,삼척시,병원,2024,1,0,0,0.0,0,0.0
강원,삼척시,병원,2025,1,0,0,0.0,0,0.0
강원,삼척시,상급종합병원,2007,0,,0,,,
강원,삼척시,상급종합병원,2008,0,0,0,,0,
강원,삼척시,상급종합병원,2009,0,0,0,,0,
강원,삼척시,상급종합병원,2010,0,0,0,,0,
강원,삼척시,상급종합병원,2011,0,0,0,,0,
강원,삼척시,상급종합병원,2012,0,0,0,,0,
강원,삼척시,상급종합병원,2013,0,0,0,,0,
강원,삼척시,상급종합병원,2014,0,0,0,,0,
강원,삼척시,상급종합병원,2015,0,0,0,,0,
강원,삼척시,상급종합병원,2016,0,0,0,,0,
강원,삼척시,상급종합병원,2017,0,0,0,,0,
강원,삼척시,상급종합병원,2018,0,0,0,,0,
강원,삼척시,상급종합병원,2019,0,0,0,,0,
강원,삼척시,상급종합병원,2020,0,0,0,,0,
강원,삼척시,상급종합병원,2021,0,0,0,,0,
강원,삼척시,상급종합병원,2022,0,0,0,,0,
강원,삼척시,상급종합병원,2023,0,0,0,,0,
강원,삼척시,상급종합병원,2024,0,0,0,,0,
강원,삼척시,상급종합병원,2025,0,0,0,,0,
강원,삼척시,의원,2007,26,,2,0.07692307692307693,,
강원,삼척시,의원,2008,26,0,2,0.07692307692307693,2,0.07692307692307693
강원,삼척시,의원,2009,25,-1,1,0.04,0,0.0
강원,삼척시,의원,2010,23,-2,2,0.08695652173913043,0,0.0
강원,삼척시,의원,2011,27,4,1,0.037037037037037035,5,0.18518518518518517
강원,삼척시,의원,2012,31,4,3,0.0967741935483871,7,0.22580645161290322
강원,삼척시,의원,2013,28,-3,0,0.0,-3,-0.10714285714285714
강원,삼척시,의원,2014,28,0,0,0.0,0,0.0
강원,삼척시,의원,2015,26,-2,0,0.0,-2,-0.07692307692307693
강원,삼척시,의원,2016,26,0,0,0.0,0,0.0
강원,삼척시,의원,2017,26,0,1,0.038461538461538464,1,0.038461538461538464
강원,삼척시,의원,2018,26,0,2,0.07692307692307693,2,0.07692307692307693
강원,삼척시,의원,2019,27,1,0,0.0,1,0.037037037037037035
강원,삼척시,의원,2020,28,1,1,0.03571428571428571,2,0.07142857142857142
강원,삼척시,의원,2021,27,-1,1,0.037037037037037035,0,0.0
강원,삼척시,의원,2022,27,0,2,0.07407407407407407,2,0.07407407407407407
강원,삼척시,의원,2023,24,-3,1,0.041666666666666664,-2,-0.08333333333333333
강원,삼척시,의원,2024,23,-1,1,0.043478260869565216,0,0.0
강원,삼척시,의원,2025,23,0,0,0.0,0,0.0
강원,삼척시,종합병원,2007,1,,0,0.0,,
강원,삼척시,종합병원,2008,1,0,0,0.0,0,0.0
강원,삼척시,종합병원,2009,1,0,0,0.0,0,0.0
강원,삼척시,종합병원,2010,1,0,0,0.0,0,0.0
강원,삼척시,종합병원,2011,1,0,0,0.0,0,0.0
강원,삼척시,종합병원,2012,1,0,0,0.0,0,0.0
강원,삼척시,종합병원,2013,1,0,0,0.0,0,0.0
강원,삼척시,종합병원,2014,1,0,0,0.0,0,0.0
강원,삼척시,종합병원,2015,1,0,0,0.0,0,0.0
강원,삼척시,종합병원,2016,1,0,0,0.0,0,0.0
강원,삼척시,종합병원,2017,1,0,0,0.0,0,0.0
강원,삼척시,종합병원,2018,1,0,0,0.0,0,0.0
강원,삼척시,종합병원,2019,1,0,0,0.0,0,0.0
강원,삼척시,종합병원,2020,1,0,0,0.0,0,0.0
강원,삼척시,종합병원,2021,1,0,0,0.0,0,0.0
강원,삼척시,종합병원,2022,1,0,0,0.0,0,0.0
강원,삼척시,종합병원,2023,1,0,0,0.0,0,0.0
강원,삼척시,종합병원,2024,1,0,0,0.0,0,0.0
강원,삼척시,종합병원,2025,1,0,0,0.0,0,0.0
강원,속초시,병원,2007,2,,0,0.0,,
강원,속초시,병원,2008,2,0,0,0.0,0,0.0
강원,속초시,병원,2009,2,0,0,0.0,0,0.0
강원,속초시,병원,2010,2,0,1,0.5,1,0.5
강원,속초시,병원,2011,3,1,0,0.0,1,0.3333333333333333
강원,속초시,병원,2012,3,0,0,0.0,0,0.0
강원,속초시,병원,2013,3,0,1,0.3333333333333333,1,0.3333333333333333
강원,속초시,병원,2014,1,-2,1,1.0,-1,-1.0
강원,속초시,병원,2015,1,0,0,0.0,0,0.0
강원,속초시,병원,2016,1,0,0,0.0,0,0.0
강원,속초시,병원,2017,1,0,1,1.0,1,1.0
강원,속초시,병원,2018,0,-1,0,,-1,
강원,속초시,병원,2019,0,0,0,,0,
강원,속초시,병원,2020,0,0,0,,0,
강원,속초시,병원,2021,0,0,0,,0,
강원,속초시,병원,2022,0,0,0,,0,
강원,속초시,병원,2023,0,0,0,,0,
강원,속초시,병원,2024,0,0,0,,0,
강원,속초시,병원,2025,0,0,0,,0,
강원,속초시,상급종합병원,2007,0,,0,,,
강원,속초시,상급종합병원,2008,0,0,0,,0,
강원,속초시,상급종합병원,2009,0,0,0,,0,
강원,속초시,상급종합병원,2010,0,0,0,,0,
강원,속초시,상급종합병원,2011,0,0,0,,0,
강원,속초시,상급종합병원,2012,0,0,0,,0,
강원,속초시,상급종합병원,2013,0,0,0,,0,
강원,속초시,상급종합병원,2014,0,0,0,,0,
강원,속초시,상급종합병원,2015,0,0,0,,0,
강원,속초시,상급종합병원,2016,0,0,0,,0,
강원,속초시,상급종합병원,2017,0,0,0,,0,
강원,속초시,상급종합병원,2018,0,0,0,,0,
강원,속초시,상급종합병원,2019,0,0,0,,0,
강원,속초시,상급종합병원,2020,0,0,0,,0,
강원,속초시,상급종합병원,2021,0,0,0,,0,
강원,속초시,상급종합병원,2022,0,0,0,,0,
강원,속초시,상급종합병원,2023,0,0,0,,0,
강원,속초시,상급종합병원,2024,0,0,0,,0,
강원,속초시,상급종합병원,2025,0,0,0,,0,
강원,속초시,의원,2007,50,,1,0.02,,
강원,속초시,의원,2008,49,-1,0,0.0,-1,-0.02040816326530612
강원,속초시,의원,2009,51,2,1,0.0196078431372549,3,0.058823529411764705
강원,속초시,의원,2010,52,1,4,0.07692307692307693,5,0.09615384615384616
강원,속초시,의원,2011,53,1,0,0.0,1,0.018867924528301886
강원,속초시,의원,2012,56,3,2,0.03571428571428571,5,0.08928571428571429
강원,속초시,의원,2013,57,1,2,0.03508771929824561,3,0.05263157894736842
강원,속초시,의원,2014,59,2,0,0.0,2,0.03389830508474576
강원,속초시,의원,2015,61,2,4,0.06557377049180328,6,0.09836065573770492
강원,속초시,의원,2016,59,-2,1,0.01694915254237288,-1,-0.01694915254237288
강원,속초시,의원,2017,60,1,1,0.016666666666666666,2,0.03333333333333333
강원,속초시,의원,2018,60,0,0,0.0,0,0.0
강원,속초시,의원,2019,63,3,1,0.015873015873015872,4,0.06349206349206349
강원,속초시,의원,2020,65,2,2,0.03076923076923077,4,0.06153846153846154
강원,속초시,의원,2021,66,1,0,0.0,1,0.015151515151515152
강원,속초시,의원,2022,68,2,2,0.029411764705882353,4,0.058823529411764705
강원,속초시,의원,2023,66,-2,2,0.030303030303030304,0,0.0
강원,속초시,의원,2024,64,-2,2,0.03125,0,0.0
강원,속초시,의원,2025,66,2,0,0.0,2,0.030303030303030304
강원,속초시,종합병원,2007,1,,0,0.0,,
강원,속초시,종합병원,2008,1,0,0,0.0,0,0.0
강원,속초시,종합병원,2009,1,0,0,0.0,0,0.0
강원,속초시,종합병원,2010,1,0,0,0.0,0,0.0
강원,속초시,종합병원,2011,1,0,0,0.0,0,0.0
강원,속초시,종합병원,2012,1,0,0,0.0,0,0.0
강원,속초시,종합병원,2013,1,0,0,0.0,0,0.0
강원,속초시,종합병원,2014,2,1,0,0.0,1,0.5
강원,속초시,종합병원,2015,2,0,0,0.0,0,0.0
강원,속초시,종합병원,2016,2,0,0,0.0,0,0.0
강원,속초시,종합병원,2017,2,0,0,0.0,0,0.0
강원,속초시,종합병원,2018,2,0,0,0.0,0,0.0
강원,속초시,종합병원,2019,2,0,0,0.0,0,0.0
강원,속초시,종합병원,2020,2,0,0,0.0,0,0.0
강원,속초시,종합병원,2021,2,0,0,0.0,0,0.0
강원,속초시,종합병원,2022,2,0,0,0.0,0,0.0
강원,속초시,종합병원,2023,2,0,0,0.0,0,0.0
강원,속초시,종합병원,2024,2,0,0,0.0,0,0.0
강원,속초시,종합병원,2025,2,0,0,0.0,0,0.0
강원,양구군,병원,2007,2,,0,0.0,,
강원,양구군,병원,2008,2,0,0,0.0,0,0.0
강원,양구군,병원,2009,3,1,0,0.0,1,0.3333333333333333
강원,양구군,병원,2010,3,0,0,0.0,0,0.0
강원,양구군,병원,2011,3,0,0,0.0,0,0.0
강원,양구군,병원,2012,3,0,0,0.0,0,0.0
강원,양구군,병원,2013,3,0,0,0.0,0,0.0
강원,양구군,병원,2014,3,0,0,0.0,0,0.0
강원,양구군,병원,2015,3,0,0,0.0,0,0.0
강원,양구군,병원,2016,3,0,0,0.0,0,0.0
강원,양구군,병원,2017,3,0,0,0.0,0,0.0
강원,양구군,병원,2018,3,0,0,0.0,0,0.0
강원,양구군,병원,2019,3,0,0,0.0,0,0.0
강원,양구군,병원,2020,3,0,0,0.0,0,0.0
강원,양구군,병원,2021,3,0,0,0.0,0,0.0
강원,양구군,병원,2022,3,0,0,0.0,0,0.0
강원,양구군,병원,2023,3,0,0,0.0,0,0.0
강원,양구군,병원,2024,3,0,0,0.0,0,0.0
강원,양구군,병원,2025,3,0,0,0.0,0,0.0
강원,양구군,상급종합병원,2007,0,,0,,,
강원,양구군,상급종합병원,2008,0,0,0,,0,
강원,양구군,상급종합병원,2009,0,0,0,,0,
강원,양구군,상급종합병원,2010,0,0,0,,0,
강원,양구군,상급종합병원,2011,0,0,0,,0,
강원,양구군,상급종합병원,2012,0,0,0,,0,
강원,양구군,상급종합병원,2013,0,0,0,,0,
강원,양구군,상급종합병원,2014,0,0,0,,0,
강원,양구군,상급종합병원,2015,0,0,0,,0,
강원,양구군,상급종합병원,2016,0,0,0,,0,
강원,양구군,상급종합병원,2017,0,0,0,,0,
강원,양구군,상급종합병원,2018,0,0,0,,0,
강원,양구군,상급종합병원,2019,0,0,0,,0,
강원,양구군,상급종합병원,2020,0,0,0,,0,
강원,양구군,상급종합병원,2021,0,0,0,,0,
강원,양구군,상급종합병원,2022,0,0,0,,0,
강원,양구군,상급종합병원,2023,0,0,0,,0,
강원,양구군,상급종합병원,2024,0,0,0,,0,
강원,양구군,상급종합병원,2025,0,0,0,,0,
강원,양구군,의원,2007,2,,1,0.5,,
강원,양구군,의원,2008,2,0,0,0.0,0,0.0
강원,양구군,의원,2009,2,0,0,0.0,0,0.0
강원,양구군,의원,2010,2,0,0,0.0,0,0.0
강원,양구군,의원,2011,3,1,0,0.0,1,0.3333333333333333
강원,양구군,의원,2012,3,0,1,0.3333333333333333,1,0.3333333333333333
강원,양구군,의원,2013,3,0,0,0.0,0,0.0
강원,양구군,의원,2014,5,2,0,0.0,2,0.4
강원,양구군,의원,2015,5,0,0,0.0,0,0.0
강원,양구군,의원,2016,5,0,0,0.0,0,0.0
강원,양구군,의원,2017,5,0,0,0.0,0,0.0
강원,양구군,의원,2018,5,0,0,0.0,0,0.0
강원,양구군,의원,2019,5,0,0,0.0,0,0.0
강원,양구군,의원,2020,5,0,0,0.0,0,0.0
강원,양구군,의원,2021,5,0,0,0.0,0,0.0
강원,양구군,의원,2022,5,0,0,0.0,0,0.0
강원,양구군,의원,2023,5,0,0,0.0,0,0.0
강원,양구군,의원,2024,5,0,0,0.0,0,0.0
강원,양구군,의원,2025,5,0,0,0.0,0,0.0
강원,양구군,종합병원,2007,0,,0,,,
강원,양구군,종합병원,2008,0,0,0,,0,
강원,양구군,종합병원,2009,0,0,0,,0,
강원,양구군,종합병원,2010,0,0,0,,0,
강원,양구군,종합병원,2011,0,0,0,,0,
강원,양구군,종합병원,2012,0,0,0,,0,
강원,양구군,종합병원,2013,0,0,0,,0,
강원,양구군,종합병원,2014,0,0,0,,0,
강원,양구군,종합병원,2015,0,0,0,,0,
강원,양구군,종합병원,2016,0,0,0,,0,
강원,양구군,종합병원,2017,0,0,0,,0,
강원,양구군,종합병원,2018,0,0,0,,0,
강원,양구군,종합병원,2019,0,0,0,,0,
강원,양구군,종합병원,2020,0,0,0,,0,
강원,양구군,종합병원,2021,0,0,0,,0,
강원,양구군,종합병원,2022,0,0,0,,0,
강원,양구군,종합병원,2023,0,0,0,,0,
강원,양구군,종합병원,2024,0,0,0,,0,
강원,양구군,종합병원,2025,0,0,0,,0,
강원,양양군,병원,2007,0,,0,,,
강원,양양군,병원,2008,0,0,0,,0,
강원,양양군,병원,2009,0,0,0,,0,
강원,양양군,병원,2010,0,0,0,,0,
강원,양양군,병원,2011,0,0,0,,0,
강원,양양군,병원,2012,0,0,0,,0,
강원,양양군,병원,2013,0,0,0,,0,
강원,양양군,병원,2014,0,0,0,,0,
강원,양양군,병원,2015,0,0,0,,0,
강원,양양군,병원,2016,0,0,0,,0,
강원,양양군,병원,2017,0,0,0,,0,
강원,양양군,병원,2018,0,0,0,,0,
강원,양양군,병원,2019,0,0,0,,0,
강원,양양군,병원,2020,0,0,0,,0,
강원,양양군,병원,2021,0,0,0,,0,
강원,양양군,병원,2022,0,0,0,,0,
강원,양양군,병원,2023,0,0,0,,0,
강원,양양군,병원,2024,0,0,0,,0,
강원,양양군,병원,2025,0,0,0,,0,
강원,양양군,상급종합병원,2007,0,,0,,,
강원,양양군,상급종합병원,2008,0,0,0,,0,
강원,양양군,상급종합병원,2009,0,0,0,,0,
강원,양양군,상급종합병원,2010,0,0,0,,0,
강원,양양군,상급종합병원,2011,0,0,0,,0,
강원,양양군,상급종합병원,2012,0,0,0,,0,
강원,양양군,상급종합병원,2013,0,0,0,,0,
강원,양양군,상급종합병원,2014,0,0,0,,0,
강원,양양군,상급종합병원,2015,0,0,0,,0,
강원,양양군,상급종합병원,2016,0,0,0,,0,
강원,양양군,상급종합병원,2017,0,0,0,,0,
강원,양양군,상급종합병원,2018,0,0,0,,0,
강원,양양군,상급종합병원,2019,0,0,0,,0,
강원,양양군,상급종합병원,2020,0,0,0,,0,
강원,양양군,상급종합병원,2021,0,0,0,,0,
강원,양양군,상급종합병원,2022,0,0,0,,0,
강원,양양군,상급종합병원,2023,0,0,0,,0,
강원,양양군,상급종합병원,2024,0,0,0,,0,
강원,양양군,상급종합병원,2025,0,0,0,,0,
강원,양양군,의원,2007,6,,0,0.0,,
강원,양양군,의원,2008,6,0,0,0.0,0,0.0
강원,양양군,의원,2009,6,0,0,0.0,0,0.0
강원,양양군,의원,2010,6,0,0,0.0,0,0.0
강원,양양군,의원,2011,6,0,0,0.0,0,0.0
강원,양양군,의원,2012,6,0,0,0.0,0,0.0
강원,양양군,의원,2013,6,0,0,0.0,0,0.0
강원,양양군,의원,2014,7,1,1,0.14285714285714285,2,0.2857142857142857
강원,양양군,의원,2015,6,-1,0,0.0,-1,-0.16666666666666666
강원,양양군,의원,2016,6,0,0,0.0,0,0.0
강원,양양군,의원,2017,6,0,0,0.0,0,0.0
강원,양양군,의원,2018,6,0,0,0.0,0,0.0
강원,양양군,의원,2019,6,0,0,0.0,0,0.0
강원,양양군,의원,2020,6,0,0,0.0,0,0.0
강원,양양군,의원,2021,6,0,0,0.0,0,0.0
강원,양양군,의원,2022,6,0,0,0.0,0,0.0
강원,양양군,의원,2023,6,0,0,0.0,0,0.0
강원,양양군,의원,2024,6,0,0,0.0,0,0.0
강원,양양군,의원,2025,6,0,0,0.0,0,0.0
강원,양양군,종합병원,2007,0,,0,,,
강원,양양군,종합병원,2008,0,0,0,,0,
강원,양양군,종합병원,2009,0,0,0,,0,
강원,양양군,종합병원,2010,0,0,0,,0,
강원,양양군,종합병원,2011,0,0,0,,0,
강원,양양군,종합병원,2012,0,0,0,,0,
강원,양양군,종합병원,2013,0,0,0,,0,
강원,양양군,종합병원,2014,0,0,0,,0,
강원,양양군,종합병원,2015,0,0,0,,0,
강원,양양군,종합병원,2016,0,0,0,,0,
강원,양양군,종합병원,2017,0,0,0,,0,
강원,양양군,종합병원,2018,0,0,0,,0,
강원,양양군,종합병원,2019,0,0,0,,0,
강원,양양군,종합병원,2020,0,0,0,,0,
강원,양양군,종합병원,2021,0,0,0,,0,
강원,양양군,종합병원,2022,0,0,0,,0,
강원,양양군,종합병원,2023,0,0,0,,0,
강원,양양군,종합병원,2024,0,0,0,,0,
강원,양양군,종합병원,2025,0,0,0,,0,
강원,영월군,병원,2007,0,,0,,,
강원,영월군,병원,2008,0,0,0,,0,
강원,영월군,병원,2009,0,0,0,,0,
강원,영월군,병원,2010,1,1,0,0.0,1,1.0
강원,영월군,병원,2011,1,0,0,0.0,0,0.0
강원,영월군,병원,2012,1,0,0,0.0,0,0.0
강원,영월군,병원,2013,1,0,0,0.0,0,0.0
강원,영월군,병원,2014,1,0,0,0.0,0,0.0
강원,영월군,병원,2015,1,0,0,0.0,0,0.0
강원,영월군,병원,2016,1,0,0,0.0,0,0.0
강원,영월군,병원,2017,1,0,0,0.0,0,0.0
강원,영월군,병원,2018,1,0,0,0.0,0,0.0
강원,영월군,병원,2019,1,0,0,0.0,0,0.0
강원,영월군,병원,2020,1,0,0,0.0,0,0.0
강원,영월군,병원,2021,1,0,0,0.0,0,0.0
강원,영월군,병원,2022,1,0,0,0.0,0,0.0
강원,영월군,병원,2023,1,0,0,0.0,0,0.0
강원,영월군,병원,2024,1,0,0,0.0,0,0.0
강원,영월군,병원,2025,1,0,0,0.0,0,0.0
강원,영월군,상급종합병원,2007,0,,0,,,
강원,영월군,상급종합병원,2008,0,0,0,,0,
강원,영월군,상급종합병원,2009,0,0,0,,0,
강원,영월군,상급종합병원,2010,0,0,0,,0,
강원,영월군,상급종합병원,2011,0,0,0,,0,
강원,영월군,상급종합병원,2012,0,0,0,,0,
강원,영월군,상급종합병원,2013,0,0,0,,0,
강원,영월군,상급종합병원,2014,0,0,0,,0,
강원,영월군,상급종합병원,2015,0,0,0,,0,
강원,영월군,상급종합병원,2016,0,0,0,,0,
강원,영월군,상급종합병원,2017,0,0,0,,0,
강원,영월군,상급종합병원,2018,0,0,0,,0,
강원,영월군,상급종합병원,2019,0,0,0,,0,
강원,영월군,상급종합병원,2020,0,0,0,,0,
강원,영월군,상급종합병원,2021,0,0,0,,0,
강원,영월군,상급종합병원,2022,0,0,0,,0,
강원,영월군,상급종합병원,2023,0,0,0,,0,
강원,영월군,상급종합병원,2024,0,0,0,,0,
강원,영월군,상급종합병원,2025,0,0,0,,0,
강원,영월군,의원,2007,13,,0,0.0,,
강원,영월군,의원,2008,14,1,1,0.07142857142857142,2,0.14285714285714285
강원,영월군,의원,2009,14,0,1,0.07142857142857142,1,0.07142857142857142
강원,영월군,의원,2010,14,0,1,0.07142857142857142,1,0.07142857142857142
강원,영월군,의원,2011,14,0,0,0.0,0,0.0
강원,영월군,의원,2012,13,-1,1,0.07692307692307693,0,0.0
강원,영월군,의원,2013,12,-1,0,0.0,-1,-0.08333333333333333
강원,영월군,의원,2014,11,-1,0,0.0,-1,-0.09090909090909091
강원,영월군,의원,2015,12,1,0,0.0,1,0.08333333333333333
강원,영월군,의원,2016,12,0,0,0.0,0,0.0
강원,영월군,의원,2017,12,0,0,0.0,0,0.0
강원,영월군,의원,2018,12,0,1,0.08333333333333333,1,0.08333333333333333
강원,영월군,의원,2019,12,0,0,0.0,0,0.0
강원,영월군,의원,2020,12,0,0,0.0,0,0.0
강원,영월군,의원,2021,12,0,2,0.16666666666666666,2,0.16666666666666666
강원,영월군,의원,2022,10,-2,0,0.0,-2,-0.2
강원,영월군,의원,2023,10,0,0,0.0,0,0.0
강원,영월군,의원,2024,10,0,0,0.0,0,0.0
강원,영월군,의원,2025,10,0,0,0.0,0,0.0
강원,영월군,종합병원,2007,1,,0,0.0,,
강원,영월군,종합병원,2008,1,0,0,0.0,0,0.0
강원,영월군,종합병원,2009,1,0,0,0.0,0,0.0
강원,영월군,종합병원,2010,1,0,0,0.0,0,0.0
강원,영월군,종합병원,2011,1,0,0,0.0,0,0.0
강원,영월군,종합병원,2012,1,0,0,0.0,0,0.0
강원,영월군,종합병원,2013,1,0,0,0.0,0,0.0
강원,영월군,종합병원,2014,1,0,0,0.0,0,0.0
강원,영월군,종합병원,2015,1,0,0,0.0,0,0.0
강원,영월군,종합병원,2016,1,0,0,0.0,0,0.0
강원,영월군,종합병원,2017,1,0,0,0.0,0,0.0
강원,영월군,종합병원,2018,1,0,0,0.0,0,0.0
강원,영월군,종합병원,2019,1,0,0,0.0,0,0.0
강원,영월군,종합병원,2020,1,0,0,0.0,0,0.0
강원,영월군,종합병원,2021,1,0,0,0.0,0,0.0
강원,영월군,종합병원,2022,1,0,0,0.0,0,0.0
강원,영월군,종합병원,2023,1,0,0,0.0,0,0.0
강원,영월군,종합병원,2024,1,0,0,0.0,0,0.0
강원,영월군,종합병원,2025,1,0,0,0.0,0,0.0
강원,원주시,병원,2007,4,,0,0.0,,
강원,원주시,병원,2008,6,2,2,0.3333333333333333,4,0.6666666666666666
강원,원주시,병원,2009,9,3,2,0.2222222222222222,5,0.5555555555555556
강원,원주시,병원,2010,11,2,0,0.0,2,0.18181818181818182
강원,원주시,병원,2011,14,3,3,0.21428571428571427,6,0.42857142857142855
강원,원주시,병원,2012,16,2,1,0.0625,3,0.1875
강원,원주시,병원,2013,17,1,1,0.058823529411764705,2,0.11764705882352941
강원,원주시,병원,2014,16,-1,0,0.0,-1,-0.0625
강원,원주시,병원,2015,16,0,0,0.0,0,0.0
강원,원주시,병원,2016,17,1,1,0.058823529411764705,2,0.11764705882352941
강원,원주시,병원,2017,18,1,0,0.0,1,0.05555555555555555
강원,원주시,병원,2018,18,0,2,0.1111111111111111,2,0.1111111111111111
강원,원주시,병원,2019,18,0,1,0.05555555555555555,1,0.05555555555555555
강원,원주시,병원,2020,18,0,1,0.05555555555555555,1,0.05555555555555555
강원,원주시,병원,2021,18,0,3,0.16666666666666666,3,0.16666666666666666
강원,원주시,병원,2022,17,-1,0,0.0,-1,-0.058823529411764705
강원,원주시,병원,2023,18,1,0,0.0,1,0.05555555555555555
강원,원주시,병원,2024,18,0,0,0.0,0,0.0
강원,원주시,병원,2025,18,0,2,0.1111111111111111,2,0.1111111111111111
강원,원주시,상급종합병원,2007,1,,0,0.0,,
강원,원주시,상급종합병원,2008,1,0,0,0.0,0,0.0
강원,원주시,상급종합병원,2009,1,0,0,0.0,0,0.0
강원,원주시,상급종합병원,2010,1,0,0,0.0,0,0.0
강원,원주시,상급종합병원,2011,1,0,0,0.0,0,0.0
강원,원주시,상급종합병원,2012,1,0,0,0.0,0,0.0
강원,원주시,상급종합병원,2013,1,0,0,0.0,0,0.0
강원,원주시,상급종합병원,2014,1,0,0,0.0,0,0.0
강원,원주시,상급종합병원,2015,1,0,0,0.0,0,0.0
강원,원주시,상급종합병원,2016,1,0,0,0.0,0,0.0
강원,원주시,상급종합병원,2017,1,0,0,0.0,0,0.0
강원,원주시,상급종합병원,2018,1,0,0,0.0,0,0.0
강원,원주시,상급종합병원,2019,1,0,0,0.0,0,0.0
강원,원주시,상급종합병원,2020,1,0,0,0.0,0,0.0
강원,원주시,상급종합병원,2021,1,0,0,0.0,0,0.0
강원,원주시,상급종합병원,2022,1,0,0,0.0,0,0.0
강원,원주시,상급종합병원,2023,1,0,0,0.0,0,0.0
강원,원주시,상급종합병원,2024,1,0,0,0.0,0,0.0
강원,원주시,상급종합병원,2025,1,0,0,0.0,0,0.0
강원,원주시,의원,2007,155,,16,0.1032258064516129,,
강원,원주시,의원,2008,149,-6,10,0.06711409395973154,4,0.026845637583892617
강원,원주시,의원,2009,162,13,12,0.07407407407407407,25,0.15432098765432098
강원,원주시,의원,2010,161,-1,7,0.043478260869565216,6,0.037267080745341616
강원,원주시,의원,2011,164,3,7,0.042682926829268296,10,0.06097560975609756
강원,원주시,의원,2012,166,2,6,0.03614457831325301,8,0.04819277108433735
강원,원주시,의원,2013,169,3,5,0.029585798816568046,8,0.047337278106508875
강원,원주시,의원,2014,174,5,5,0.028735632183908046,10,0.05747126436781609
강원,원주시,의원,2015,182,8,11,0.06043956043956044,19,0.1043956043956044
강원,원주시,의원,2016,177,-5,8,0.04519774011299435,3,0.01694915254237288
강원,원주시,의원,2017,181,4,6,0.03314917127071823,10,0.055248618784530384
강원,원주시,의원,2018,181,0,6,0.03314917127071823,6,0.03314917127071823
강원,원주시,의원,2019,191,10,9,0.04712041884816754,19,0.09947643979057591
강원,원주시,의원,2020,203,12,5,0.024630541871921183,17,0.08374384236453201
강원,원주시,의원,2021,207,4,1,0.004830917874396135,5,0.024154589371980676
강원,원주시,의원,2022,213,6,8,0.03755868544600939,14,0.06572769953051644
강원,원주시,의원,2023,219,6,7,0.0319634703196347,13,0.0593607305936073
강원,원주시,의원,2024,225,6,4,0.017777777777777778,10,0.044444444444444446
강원,원주시,의원,2025,228,3,2,0.008771929824561403,5,0.021929824561403508
강원,원주시,종합병원,2007,1,,0,0.0,,
강원,원주시,종합병원,2008,1,0,0,0.0,0,0.0
강원,원주시,종합병원,2009,1,0,0,0.0,0,0.0
강원,원주시,종합병원,2010,1,0,0,0.0,0,0.0
강원,원주시,종합병원,2011,1,0,0,0.0,0,0.0
강원,원주시,종합병원,2012,1,0,0,0.0,0,0.0
강원,원주시,종합병원,2013,1,0,0,0.0,0,0.0
강원,원주시,종합병원,2014,1,0,0,0.0,0,0.0
강원,원주시,종합병원,2015,1,0,0,0.0,0,0.0
강원,원주시,종합병원,2016,1,0,0,0.0,0,0.0
강원,원주시,종합병원,2017,1,0,0,0.0,0,0.0
강원,원주시,종합병원,2018,1,0,0,0.0,0,0.0
강원,원주시,종합병원,2019,1,0,0,0.0,0,0.0
강원,원주시,종합병원,2020,1,0,0,0.0,0,0.0
강원,원주시,종합병원,2021,1,0,0,0.0,0,0.0
강원,원주시,종합병원,2022,1,0,0,0.0,0,0.0
강원,원주시,종합병원,2023,1,0,0,0.0,0,0.0
강원,원주시,종합병원,2024,1,0,0,0.0,0,0.0
강원,원주시,종합병원,2025,1,0,0,0.0,0,0.0
강원,인제군,병원,2007,1,,0,0.0,,
강원,인제군,병원,2008,1,0,0,0.0,0,0.0
강원,인제군,병원,2009,1,0,0,0.0,0,0.0
강원,인제군,병원,2010,2,1,1,0.5,2,1.0
강원,인제군,병원,2011,1,-1,1,1.0,0,0.0
강원,인제군,병원,2012,1,0,0,0.0,0,0.0
강원,인제군,병원,2013,1,0,0,0.0,0,0.0
강원,인제군,병원,2014,1,0,0,0.0,0,0.0
강원,인제군,병원,2015,2,1,1,0.5,2,1.0
강원,인제군,병원,2016,2,0,2,1.0,2,1.0
강원,인제군,병원,2017,1,-1,0,0.0,-1,-1.0
강원,인제군,병원,2018,1,0,0,0.0,0,0.0
강원,인제군,병원,2019,1,0,0,0.0,0,0.0
강원,인제군,병원,2020,1,0,0,0.0,0,0.0
강원,인제군,병원,2021,1,0,0,0.0,0,0.0
강원,인제군,병원,2022,1,0,0,0.0,0,0.0
강원,인제군,병원,2023,1,0,0,0.0,0,0.0
강원,인제군,병원,2024,1,0,0,0.0,0,0.0
강원,인제군,병원,2025,1,0,0,0.0,0,0.0
강원,인제군,상급종합병원,2007,0,,0,,,
강원,인제군,상급종합병원,2008,0,0,0,,0,
강원,인제군,상급종합병원,2009,0,0,0,,0,
강원,인제군,상급종합병원,2010,0,0,0,,0,
강원,인제군,상급종합병원,2011,0,0,0,,0,
강원,인제군,상급종합병원,2012,0,0,0,,0,
강원,인제군,상급종합병원,2013,0,0,0,,0,
강원,인제군,상급종합병원,2014,0,0,0,,0,
강원,인제군,상급종합병원,2015,0,0,0,,0,
강원,인제군,상급종합병원,2016,0,0,0,,0,
강원,인제군,상급종합병원,2017,0,0,0,,0,
강원,인제군,상급종합병원,2018,0,0,0,,0,
강원,인제군,상급종합병원,2019,0,0,0,,0,
강원,인제군,상급종합병원,2020,0,0,0,,0,
강원,인제군,상급종합병원,2021,0,0,0,,0,
강원,인제군,상급종합병원,2022,0,0,0,,0,
강원,인제군,상급종합병원,2023,0,0,0,,0,
강원,인제군,상급종합병원,2024,0,0,0,,0,
강원,인제군,상급종합병원,2025,0,0,0,,0,
강원,인제군,의원,2007,6,,1,0.16666666666666666,,
강원,인제군,의원,2008,9,3,3,0.3333333333333333,6,0.6666666666666666
강원,인제군,의원,2009,8,-1,1,0.125,0,0.0
강원,인제군,의원,2010,7,-1,1,0.14285714285714285,0,0.0
강원,인제군,의원,2011,8,1,0,0.0,1,0.125
강원,인제군,의원,2012,8,0,1,0.125,1,0.125
강원,인제군,의원,2013,8,0,2,0.25,2,0.25
강원,인제군,의원,2014,7,-1,0,0.0,-1,-0.14285714285714285
강원,인제군,의원,2015,7,0,0,0.0,0,0.0
강원,인제군,의원,2016,7,0,0,0.0,0,0.0
강원,인제군,의원,2017,7,0,0,0.0,0,0.0
강원,인제군,의원,2018,8,1,0,0.0,1,0.125
강원,인제군,의원,2019,8,0,0,0.0,0,0.0
강원,인제군,의원,2020,7,-1,4,0.5714285714285714,3,0.42857142857142855
강원,인제군,의원,2021,5,-2,0,0.0,-2,-0.4
강원,인제군,의원,2022,4,-1,0,0.0,-1,-0.25
강원,인제군,의원,2023,4,0,0,0.0,0,0.0
강원,인제군,의원,2024,4,0,0,0.0,0,0.0
강원,인제군,의원,2025,5,1,0,0.0,1,0.2
강원,인제군,종합병원,2007,0,,0,,,
강원,인제군,종합병원,2008,0,0,0,,0,
강원,인제군,종합병원,2009,0,0,0,,0,
강원,인제군,종합병원,2010,0,0,0,,0,
강원,인제군,종합병원,2011,0,0,0,,0,
강원,인제군,종합병원,2012,0,0,0,,0,
강원,인제군,종합병원,2013,0,0,0,,0,
강원,인제군,종합병원,2014,0,0,0,,0,
강원,인제군,종합병원,2015,0,0,0,,0,
강원,인제군,종합병원,2016,0,0,0,,0,
강원,인제군,종합병원,2017,0,0,0,,0,
강원,인제군,종합병원,2018,0,0,0,,0,
강원,인제군,종합병원,2019,0,0,0,,0,
강원,인제군,종합병원,2020,0,0,0,,0,
강원,인제군,종합병원,2021,0,0,0,,0,
강원,인제군,종합병원,2022,0,0,0,,0,
강원,인제군,종합병원,2023,0,0,0,,0,
강원,인제군,종합병원,2024,0,0,0,,0,
강원,인제군,종합병원,2025,0,0,0,,0,
강원,정선군,병원,2007,2,,0,0.0,,
강원,정선군,병원,2008,2,0,0,0.0,0,0.0
강원,정선군,병원,2009,3,1,0,0.0,1,0.3333333333333333
강원,정선군,병원,2010,4,1,1,0.25,2,0.5
강원,정선군,병원,2011,4,0,0,0.0,0,0.0
강원,정선군,병원,2012,4,0,1,0.25,1,0.25
강원,정선군,병원,2013,4,0,0,0.0,0,0.0
강원,정선군,병원,2014,2,-2,1,0.5,-1,-0.5
강원,정선군,병원,2015,2,0,0,0.0,0,0.0
강원,정선군,병원,2016,1,-1,1,1.0,0,0.0
강원,정선군,병원,2017,2,1,0,0.0,1,0.5
강원,정선군,병원,2018,2,0,0,0.0,0,0.0
강원,정선군,병원,2019,2,0,0,0.0,0,0.0
강원,정선군,병원,2020,2,0,1,0.5,1,0.5
강원,정선군,병원,2021,2,0,0,0.0,0,0.0
강원,정선군,병원,2022,2,0,0,0.0,0,0.0
강원,정선군,병원,2023,2,0,0,0.0,0,0.0
강원,정선군,병원,2024,2,0,0,0.0,0,0.0
강원,정선군,병원,2025,2,0,0,0.0,0,0.0
강원,정선군,상급종합병원,2007,0,,0,,,
강원,정선군,상급종합병원,2008,0,0,0,,0,
강원,정선군,상급종합병원,2009,0,0,0,,0,
강원,정선군,상급종합병원,2010,0,0,0,,0,
강원,정선군,상급종합병원,2011,0,0,0,,0,
강원,정선군,상급종합병원,2012,0,0,0,,0,
강원,정선군,상급종합병원,2013,0,0,0,,0,
강원,정선군,상급종합병원,2014,0,0,0,,0,
강원,정선군,상급종합병원,2015,0,0,0,,0,
강원,정선군,상급종합병원,2016,0,0,0,,0,
강원,정선군,상급종합병원,2017,0,0,0,,0,
강원,정선군,상급종합병원,2018,0,0,0,,0,
강원,정선군,상급종합병원,2019,0,0,0,,0,
강원,정선군,상급종합병원,2020,0,0,0,,0,
강원,정선군,상급종합병원,2021,0,0,0,,0,
강원,정선군,상급종합병원,2022,0,0,0,,0,
강원,정선군,상급종합병원,2023,0,0,0,,0,
강원,정선군,상급종합병원,2024,0,0,0,,0,
강원,정선군,상급종합병원,2025,0,0,0,,0,
강원,정선군,의원,2007,8,,0,0.0,,
강원,정선군,의원,2008,8,0,1,0.125,1,0.125
강원,정선군,의원,2009,8,0,1,0.125,1,0.125
강원,정선군,의원,2010,7,-1,2,0.2857142857142857,1,0.14285714285714285
강원,정선군,의원,2011,6,-1,0,0.0,-1,-0.16666666666666666
강원,정선군,의원,2012,7,1,1,0.14285714285714285,2,0.2857142857142857
강원,정선군,의원,2013,7,0,1,0.14285714285714285,1,0.14285714285714285
강원,정선군,의원,2014,10,3,0,0.0,3,0.3
강원,정선군,의원,2015,10,0,1,0.1,1,0.1
강원,정선군,의원,2016,10,0,1,0.1,1,0.1
강원,정선군,의원,2017,10,0,0,0.0,0,0.0
강원,정선군,의원,2018,10,0,0,0.0,0,0.0
강원,정선군,의원,2019,10,0,1,0.1,1,0.1
강원,정선군,의원,2020,9,-1,1,0.1111111111111111,0,0.0
강원,정선군,의원,2021,8,-1,1,0.125,0,0.0
강원,정선군,의원,2022,7,-1,0,0.0,-1,-0.14285714285714285
강원,정선군,의원,2023,7,0,0,0.0,0,0.0
강원,정선군,의원,2024,8,1,1,0.125,2,0.25
강원,정선군,의원,2025,8,0,0,0.0,0,0.0
강원,정선군,종합병원,2007,1,,0,0.0,,
강원,정선군,종합병원,2008,1,0,0,0.0,0,0.0
강원,정선군,종합병원,2009,1,0,1,1.0,1,1.0
강원,정선군,종합병원,2010,0,-1,0,,-1,
강원,정선군,종합병원,2011,0,0,0,,0,
강원,정선군,종합병원,2012,0,0,0,,0,
강원,정선군,종합병원,2013,0,0,0,,0,
강원,정선군,종합병원,2014,0,0,0,,0,
강원,정선군,종합병원,2015,0,0,0,,0,
강원,정선군,종합병원,2016,0,0,0,,0,
강원,정선군,종합병원,2017,0,0,0,,0,
강원,정선군,종합병원,2018,0,0,0,,0,
강원,정선군,종합병원,2019,0,0,0,,0,
강원,정선군,종합병원,2020,0,0,0,,0,
강원,정선군,종합병원,2021,0,0,0,,0,
강원,정선군,종합병원,2022,0,0,0,,0,
강원,정선군,종합병원,2023,0,0,0,,0,
강원,정선군,종합병원,2024,0,0,0,,0,
강원,정선군,종합병원,2025,0,0,0,,0,
강원,철원군,병원,2007,1,,0,0.0,,
강원,철원군,병원,2008,1,0,1,1.0,1,1.0
강원,철원군,병원,2009,0,-1,0,,-1,
강원,철원군,병원,2010,0,0,1,,1,
강원,철원군,병원,2011,0,0,0,,0,
강원,철원군,병원,2012,0,0,0,,0,
강원,철원군,병원,2013,0,0,0,,0,
강원,철원군,병원,2014,0,0,0,,0,
강원,철원군,병원,2015,0,0,0,,0,
강원,철원군,병원,2016,1,1,0,0.0,1,1.0
강원,철원군,병원,2017,1,0,1,1.0,1,1.0
강원,철원군,병원,2018,1,0,0,0.0,0,0.0
강원,철원군,병원,2019,1,0,0,0.0,0,0.0
강원,철원군,병원,2020,1,0,0,0.0,0,0.0
강원,철원군,병원,2021,1,0,0,0.0,0,0.0
강원,철원군,병원,2022,1,0,0,0.0,0,0.0
강원,철원군,병원,2023,1,0,0,0.0,0,0.0
강원,철원군,병원,2024,1,0,0,0.0,0,0.0
강원,철원군,병원,2025,1,0,0,0.0,0,0.0
강원,철원군,상급종합병원,2007,0,,0,,,
강원,철원군,상급종합병원,2008,0,0,0,,0,
강원,철원군,상급종합병원,2009,0,0,0,,0,
강원,철원군,상급종합병원,2010,0,0,0,,0,
강원,철원군,상급종합병원,2011,0,0,0,,0,
강원,철원군,상급종합병원,2012,0,0,0,,0,
강원,철원군,상급종합병원,2013,0,0,0,,0,
강원,철원군,상급종합병원,2014,0,0,0,,0,
강원,철원군,상급종합병원,2015,0,0,0,,0,
강원,철원군,상급종합병원,2016,0,0,0,,0,
강원,철원군,상급종합병원,2017,0,0,0,,0,
강원,철원군,상급종합병원,2018,0,0,0,,0,
강원,철원군,상급종합병원,2019,0,0,0,,0,
강원,철원군,상급종합병원,2020,0,0,0,,0,
강원,철원군,상급종합병원,2021,0,0,0,,0,
강원,철원군,상급종합병원,2022,0,0,0,,0,
강원,철원군,상급종합병원,2023,0,0,0,,0,
강원,철원군,상급종합병원,2024,0,0,0,,0,
강원,철원군,상급종합병원,2025,0,0,0,,0,
강원,철원군,의원,2007,16,,1,0.0625,,
강원,철원군,의원,2008,14,-2,0,0.0,-2,-0.14285714285714285
강원,철원군,의원,2009,14,0,0,0.0,0,0.0
강원,철원군,의원,2010,17,3,1,0.058823529411764705,4,0.23529411764705882
강원,철원군,의원,2011,17,0,4,0.23529411764705882,4,0.23529411764705882
강원,철원군,의원,2012,17,0,1,0.058823529411764705,1,0.058823529411764705
강원,철원군,의원,2013,17,0,2,0.11764705882352941,2,0.11764705882352941
강원,철원군,의원,2014,17,0,1,0.058823529411764705,1,0.058823529411764705
강원,철원군,의원,2015,18,1,2,0.1111111111111111,3,0.16666666666666666
강원,철원군,의원,2016,18,0,0,0.0,0,0.0
강원,철원군,의원,2017,19,1,1,0.05263157894736842,2,0.10526315789473684
강원,철원군,의원,2018,18,-1,0,0.0,-1,-0.05555555555555555
강원,철원군,의원,2019,18,0,0,0.0,0,0.0
강원,철원군,의원,2020,18,0,0,0.0,0,0.0
강원,철원군,의원,2021,18,0,0,0.0,0,0.0
강원,철원군,의원,2022,18,0,2,0.1111111111111111,2,0.1111111111111111
강원,철원군,의원,2023,16,-2,0,0.0,-2,-0.125
강원,철원군,의원,2024,16,0,0,0.0,0,0.0
강원,철원군,의원,2025,17,1,1,0.058823529411764705,2,0.11764705882352941
강원,철원군,종합병원,2007,1,,0,0.0,,
강원,철원군,종합병원,2008,1,0,0,0.0,0,0.0
강원,철원군,종합병원,2009,1,0,0,0.0,0,0.0
강원,철원군,종합병원,2010,1,0,0,0.0,0,0.0
강원,철원군,종합병원,2011,1,0,0,0.0,0,0.0
강원,철원군,종합병원,2012,1,0,0,0.0,0,0.0
강원,철원군,종합병원,2013,1,0,0,0.0,0,0.0
강원,철원군,종합병원,2014,1,0,0,0.0,0,0.0
강원,철원군,종합병원,2015,1,0,1,1.0,1,1.0
강원,철원군,종합병원,2016,0,-1,0,,-1,
강원,철원군,종합병원,2017,0,0,0,,0,
강원,철원군,종합병원,2018,0,0,0,,0,
강원,철원군,종합병원,2019,0,0,0,,0,
강원,철원군,종합병원,2020,0,0,0,,0,
강원,철원군,종합병원,2021,0,0,0,,0,
강원,철원군,종합병원,2022,0,0,0,,0,
강원,철원군,종합병원,2023,0,0,0,,0,
강원,철원군,종합병원,2024,0,0,0,,0,
강원,철원군,종합병원,2025,0,0,0,,0,
강원,춘천시,병원,2007,8,,0,0.0,,
강원,춘천시,병원,2008,9,1,0,0.0,1,0.1111111111111111
강원,춘천시,병원,2009,9,0,0,0.0,0,0.0
강원,춘천시,병원,2010,9,0,0,0.0,0,0.0
강원,춘천시,병원,2011,9,0,1,0.1111111111111111,1,0.1111111111111111
강원,춘천시,병원,2012,9,0,0,0.0,0,0.0
강원,춘천시,병원,2013,9,0,1,0.1111111111111111,1,0.1111111111111111
강원,춘천시,병원,2014,9,0,0,0.0,0,0.0
강원,춘천시,병원,2015,9,0,0,0.0,0,0.0
강원,춘천시,병원,2016,10,1,1,0.1,2,0.2
강원,춘천시,병원,2017,9,-1,0,0.0,-1,-0.1111111111111111
강원,춘천시,병원,2018,9,0,0,0.0,0,0.0
강원,춘천시,병원,2019,9,0,1,0.1111111111111111,1,0.1111111111111111
강원,춘천시,병원,2020,9,0,0,0.0,0,0.0
강원,춘천시,병원,2021,9,0,5,0.5555555555555556,5,0.5555555555555556
강원,춘천시,병원,2022,3,-6,1,0.3333333333333333,-5,-1.6666666666666667
강원,춘천시,병원,2023,3,0,0,0.0,0,0.0
강원,춘천시,병원,2024,3,0,0,0.0,0,0.0
강원,춘천시,병원,2025,4,1,0,0.0,1,0.25
강원,춘천시,상급종합병원,2007,1,,0,0.0,,
강원,춘천시,상급종합병원,2008,1,0,0,0.0,0,0.0
강원,춘천시,상급종합병원,2009,1,0,0,0.0,0,0.0
강원,춘천시,상급종합병원,2010,1,0,0,0.0,0,0.0
강원,춘천시,상급종합병원,2011,1,0,0,0.0,0,0.0
강원,춘천시,상급종합병원,2012,1,0,0,0.0,0,0.0
강원,춘천시,상급종합병원,2013,0,-1,0,,-1,
강원,춘천시,상급종합병원,2014,0,0,0,,0,
강원,춘천시,상급종합병원,2015,0,0,0,,0,
강원,춘천시,상급종합병원,2016,0,0,0,,0,
강원,춘천시,상급종합병원,2017,0,0,0,,0,
강원,춘천시,상급종합병원,2018,0,0,0,,0,
강원,춘천시,상급종합병원,2019,0,0,0,,0,
강원,춘천시,상급종합병원,2020,0,0,0,,0,
강원,춘천시,상급종합병원,2021,0,0,0,,0,
강원,춘천시,상급종합병원,2022,0,0,0,,0,
강원,춘천시,상급종합병원,2023,0,0,0,,0,
강원,춘천시,상급종합병원,2024,0,0,0,,0,
강원,춘천시,상급종합병원,2025,0,0,0,,0,
강원,춘천시,의원,2007,120,,10,0.08333333333333333,,
강원,춘천시,의원,2008,118,-2,7,0.059322033898305086,5,0.0423728813559322
강원,춘천시,의원,2009,122,4,2,0.01639344262295082,6,0.04918032786885246
강원,춘천시,의원,2010,127,5,6,0.047244094488188976,11,0.08661417322834646
강원,춘천시,의원,2011,132,5,7,0.05303030303030303,12,0.09090909090909091
강원,춘천시,의원,2012,133,1,7,0.05263157894736842,8,0.06015037593984962
강원,춘천시,의원,2013,132,-1,5,0.03787878787878788,4,0.030303030303030304
강원,춘천시,의원,2014,140,8,1,0.007142857142857143,9,0.06428571428571428
강원,춘천시,의원,2015,143,3,3,0.02097902097902098,6,0.04195804195804196
강원,춘천시,의원,2016,151,8,4,0.026490066225165563,12,0.07947019867549669
강원,춘천시,의원,2017,155,4,2,0.012903225806451613,6,0.03870967741935484
강원,춘천시,의원,2018,156,1,5,0.03205128205128205,6,0.038461538461538464
강원,춘천시,의원,2019,159,3,1,0.006289308176100629,4,0.025157232704402517
강원,춘천시,의원,2020,163,4,8,0.049079754601226995,12,0.0736196319018405
강원,춘천시,의원,2021,166,3,6,0.03614457831325301,9,0.05421686746987952
강원,춘천시,의원,2022,171,5,2,0.011695906432748537,7,0.04093567251461988
강원,춘천시,의원,2023,173,2,3,0.017341040462427744,5,0.028901734104046242
강원,춘천시,의원,2024,180,7,1,0.005555555555555556,8,0.044444444444444446
강원,춘천시,의원,2025,183,3,5,0.0273224043715847,8,0.04371584699453552
강원,춘천시,종합병원,2007,1,,0,0.0,,
강원,춘천시,종합병원,2008,1,0,0,0.0,0,0.0
강원,춘천시,종합병원,2009,1,0,0,0.0,0,0.0
강원,춘천시,종합병원,2010,1,0,0,0.0,0,0.0
강원,춘천시,종합병원,2011,1,0,0,0.0,0,0.0
강원,춘천시,종합병원,2012,1,0,0,0.0,0,0.0
강원,춘천시,종합병원,2013,2,1,0,0.0,1,0.5
강원,춘천시,종합병원,2014,2,0,0,0.0,0,0.0
강원,춘천시,종합병원,2015,2,0,0,0.0,0,0.0
강원,춘천시,종합병원,2016,2,0,0,0.0,0,0.0
강원,춘천시,종합병원,2017,2,0,0,0.0,0,0.0
강원,춘천시,종합병원,2018,2,0,0,0.0,0,0.0
강원,춘천시,종합병원,2019,2,0,0,0.0,0,0.0
강원,춘천시,종합병원,2020,2,0,0,0.0,0,0.0
강원,춘천시,종합병원,2021,2,0,0,0.0,0,0.0
강원,춘천시,종합병원,2022,2,0,0,0.0,0,0.0
강원,춘천시,종합병원,2023,2,0,0,0.0,0,0.0
강원,춘천시,종합병원,2024,2,0,0,0.0,0,0.0
강원,춘천시,종합병원,2025,2,0,0,0.0,0,0.0
강원,태백시,병원,2007,0,,0,,,
강원,태백시,병원,2008,0,0,0,,0,
강원,태백시,병원,2009,0,0,0,,0,
강원,태백시,병원,2010,0,0,0,,0,
강원,태백시,병원,2011,0,0,0,,0,
강원,태백시,병원,2012,0,0,0,,0,
강원,태백시,병원,2013,0,0,0,,0,
강원,태백시,병원,2014,0,0,0,,0,
강원,태백시,병원,2015,0,0,0,,0,
강원,태백시,병원,2016,0,0,0,,0,
강원,태백시,병원,2017,1,1,0,0.0,1,1.0
강원,태백시,병원,2018,1,0,0,0.0,0,0.0
강원,태백시,병원,2019,1,0,0,0.0,0,0.0
강원,태백시,병원,2020,1,0,0,0.0,0,0.0
강원,태백시,병원,2021,1,0,0,0.0,0,0.0
강원,태백시,병원,2022,1,0,0,0.0,0,0.0
강원,태백시,병원,2023,1,0,0,0.0,0,0.0
강원,태백시,병원,2024,1,0,0,0.0,0,0.0
강원,태백시,병원,2025,1,0,0,0.0,0,0.0
강원,태백시,상급종합병원,2007,0,,0,,,
강원,태백시,상급종합병원,2008,0,0,0,,0,
강원,태백시,상급종합병원,2009,0,0,0,,0,
강원,태백시,상급종합병원,2010,0,0,0,,0,
강원,태백시,상급종합병원,2011,0,0,0,,0,
강원,태백시,상급종합병원,2012,0,0,0,,0,
강원,태백시,상급종합병원,2013,0,0,0,,0,
강원,태백시,상급종합병원,2014,0,0,0,,0,
강원,태백시,상급종합병원,2015,0,0,0,,0,
강원,태백시,상급종합병원,2016,0,0,0,,0,
강원,태백시,상급종합병원,2017,0,0,0,,0,
강원,태백시,상급종합병원,2018,0,0,0,,0,
강원,태백시,상급종합병원,2019,0,0,0,,0,
강원,태백시,상급종합병원,2020,0,0,0,,0,
강원,태백시,상급종합병원,2021,0,0,0,,0,
강원,태백시,상급종합병원,2022,0,0,0,,0,
강원,태백시,상급종합병원,2023,0,0,0,,0,
강원,태백시,상급종합병원,2024,0,0,0,,0,
강원,태백시,상급종합병원,2025,0,0,0,,0,
강원,태백시,의원,2007,29,,2,0.06896551724137931,,
강원,태백시,의원,2008,29,0,1,0.034482758620689655,1,0.034482758620689655
강원,태백시,의원,2009,27,-2,3,0.1111111111111111,1,0.037037037037037035
강원,태백시,의원,2010,26,-1,3,0.11538461538461539,2,0.07692307692307693
강원,태백시,의원,2011,27,1,1,0.037037037037037035,2,0.07407407407407407
강원,태백시,의원,2012,26,-1,1,0.038461538461538464,0,0.0
강원,태백시,의원,2013,26,0,1,0.038461538461538464,1,0.038461538461538464
강원,태백시,의원,2014,25,-1,1,0.04,0,0.0
강원,태백시,의원,2015,24,-1,0,0.0,-1,-0.041666666666666664
강원,태백시,의원,2016,25,1,2,0.08,3,0.12
강원,태백시,의원,2017,23,-2,2,0.08695652173913043,0,0.0
강원,태백시,의원,2018,23,0,0,0.0,0,0.0
강원,태백시,의원,2019,24,1,1,0.041666666666666664,2,0.08333333333333333
강원,태백시,의원,2020,23,-1,0,0.0,-1,-0.043478260869565216
강원,태백시,의원,2021,22,-1,2,0.09090909090909091,1,0.045454545454545456
강원,태백시,의원,2022,23,1,1,0.043478260869565216,2,0.08695652173913043
강원,태백시,의원,2023,22,-1,0,0.0,-1,-0.045454545454545456
강원,태백시,의원,2024,22,0,1,0.045454545454545456,1,0.045454545454545456
강원,태백시,의원,2025,21,-1,0,0.0,-1,-0.047619047619047616
강원,태백시,종합병원,2007,1,,0,0.0,,
강원,태백시,종합병원,2008,1,0,0,0.0,0,0.0
강원,태백시,종합병원,2009,1,0,0,0.0,0,0.0
강원,태백시,종합병원,2010,1,0,1,1.0,1,1.0
강원,태백시,종합병원,2011,1,0,0,0.0,0,0.0
강원,태백시,종합병원,2012,1,0,0,0.0,0,0.0
강원,태백시,종합병원,2013,1,0,0,0.0,0,0.0
강원,태백시,종합병원,2014,1,0,0,0.0,0,0.0
강원,태백시,종합병원,2015,1,0,0,0.0,0,0.0
강원,태백시,종합병원,2016,1,0,0,0.0,0,0.0
강원,태백시,종합병원,2017,1,0,0,0.0,0,0.0
강원,태백시,종합병원,2018,1,0,0,0.0,0,0.0
강원,태백시,종합병원,2019,1,0,0,0.0,0,0.0
강원,태백시,종합병원,2020,1,0,0,0.0,0,0.0
강원,태백시,종합병원,2021,1,0,0,0.0,0,0.0
강원,태백시,종합병원,2022,1,0,0,0.0,0,0.0
강원,태백시,종합병원,2023,1,0,0,0.0,0,0.0
강원,태백시,종합병원,2024,1,0,0,0.0,0,0.0
강원,태백시,종합병원,2025,1,0,0,0.0,0,0.0
강원,평창군,병원,2007,0,,0,,,
강원,평창군,병원,2008,0,0,0,,0,
강원,평창군,병원,2009,0,0,0,,0,
강원,평창군,병원,2010,0,0,0,,0,
강원,평창군,병원,2011,0,0,0,,0,
강원,평창군,병원,2012,0,0,0,,0,
강원,평창군,병원,2013,0,0,0,,0,
강원,평창군,병원,2014,0,0,0,,0,
강원,평창군,병원,2015,0,0,0,,0,
강원,평창군,병원,2016,0,0,0,,0,
강원,평창군,병원,2017,0,0,0,,0,
강원,평창군,병원,2018,0,0,0,,0,
강원,평창군,병원,2019,0,0,0,,0,
강원,평창군,병원,2020,0,0,0,,0,
강원,평창군,병원,2021,0,0,0,,0,
강원,평창군,병원,2022,0,0,0,,0,
강원,평창군,병원,2023,0,0,0,,0,
강원,평창군,병원,2024,0,0,0,,0,
강원,평창군,병원,2025,0,0,0,,0,
강원,평창군,상급종합병원,2007,0,,0,,,
강원,평창군,상급종합병원,2008,0,0,0,,0,
강원,평창군,상급종합병원,2009,0,0,0,,0,
강원,평창군,상급종합병원,2010,0,0,0,,0,
강원,평창군,상급종합병원,2011,0,0,0,,0,
강원,평창군,상급종합병원,2012,0,0,0,,0,
강원,평창군,상급종합병원,2013,0,0,0,,0,
강원,평창군,상급종합병원,2014,0,0,0,,0,
강원,평창군,상급종합병원,2015,0,0,0,,0,
강원,평창군,상급종합병원,2016,0,0,0,,0,
강원,평창군,상급종합병원,2017,0,0,0,,0,
강원,평창군,상급종합병원,2018,0,0,0,,0,
강원,평창군,상급종합병원,2019,0,0,0,,0,
강원,평창군,상급종합병원,2020,0,0,0,,0,
강원,평창군,상급종합병원,2021,0,0,0,,0,
강원,평창군,상급종합병원,2022,0,0,0,,0,
강원,평창군,상급종합병원,2023,0,0,0,,0,
강원,평창군,상급종합병원,2024,0,0,0,,0,
강원,평창군,상급종합병원,2025,0,0,0,,0,
강원,평창군,의원,2007,11,,0,0.0,,
강원,평창군,의원,2008,11,0,1,0.09090909090909091,1,0.09090909090909091
강원,평창군,의원,2009,13,2,0,0.0,2,0.15384615384615385
강원,평창군,의원,2010,12,-1,2,0.16666666666666666,1,0.08333333333333333
강원,평창군,의원,2011,12,0,2,0.16666666666666666,2,0.16666666666666666
강원,평창군,의원,2012,11,-1,0,0.0,-1,-0.09090909090909091
강원,평창군,의원,2013,11,0,0,0.0,0,0.0
강원,평창군,의원,2014,13,2,1,0.07692307692307693,3,0.23076923076923078
강원,평창군,의원,2015,14,1,0,0.0,1,0.07142857142857142
강원,평창군,의원,2016,15,1,1,0.06666666666666667,2,0.13333333333333333
강원,평창군,의원,2017,17,2,2,0.11764705882352941,4,0.23529411764705882
강원,평창군,의원,2018,17,0,0,0.0,0,0.0
강원,평창군,의원,2019,17,0,0,0.0,0,0.0
강원,평창군,의원,2020,16,-1,2,0.125,1,0.0625
강원,평창군,의원,2021,16,0,1,0.0625,1,0.0625
강원,평창군,의원,2022,15,-1,0,0.0,-1,-0.06666666666666667
강원,평창군,의원,2023,15,0,1,0.06666666666666667,1,0.06666666666666667
강원,평창군,의원,2024,14,-1,0,0.0,-1,-0.07142857142857142
강원,평창군,의원,2025,14,0,0,0.0,0,0.0
강원,평창군,종합병원,2007,0,,0,,,
강원,평창군,종합병원,2008,0,0,0,,0,
강원,평창군,종합병원,2009,0,0,0,,0,
강원,평창군,종합병원,2010,0,0,0,,0,
강원,평창군,종합병원,2011,0,0,0,,0,
강원,평창군,종합병원,2012,0,0,0,,0,
강원,평창군,종합병원,2013,0,0,0,,0,
강원,평창군,종합병원,2014,0,0,0,,0,
강원,평창군,종합병원,2015,0,0,0,,0,
강원,평창군,종합병원,2016,0,0,0,,0,
강원,평창군,종합병원,2017,0,0,0,,0,
강원,평창군,종합병원,2018,0,0,0,,0,
강원,평창군,종합병원,2019,0,0,0,,0,
강원,평창군,종합병원,2020,0,0,0,,0,
강원,평창군,종합병원,2021,0,0,0,,0,
강원,평창군,종합병원,2022,0,0,0,,0,
강원,평창군,종합병원,2023,0,0,0,,0,
강원,평창군,종합병원,2024,0,0,0,,0,
강원,평창군,종합병원,2025,0,0,0,,0,
강원,홍천군,병원,2007,1,,0,0.0,,
강원,홍천군,병원,2008,1,0,0,0.0,0,0.0
강원,홍천군,병원,2009,1,0,0,0.0,0,0.0
강원,홍천군,병원,2010,3,2,0,0.0,2,0.6666666666666666
강원,홍천군,병원,2011,3,0,0,0.0,0,0.0
강원,홍천군,병원,2012,3,0,1,0.3333333333333333,1,0.3333333333333333
강원,홍천군,병원,2013,2,-1,1,0.5,0,0.0
강원,홍천군,병원,2014,2,0,0,0.0,0,0.0
강원,홍천군,병원,2015,2,0,0,0.0,0,0.0
강원,홍천군,병원,2016,2,0,0,0.0,0,0.0
강원,홍천군,병원,2017,2,0,0,0.0,0,0.0
강원,홍천군,병원,2018,2,0,0,0.0,0,0.0
강원,홍천군,병원,2019,2,0,0,0.0,0,0.0
강원,홍천군,병원,2020,2,0,0,0.0,0,0.0
강원,홍천군,병원,2021,2,0,0,0.0,0,0.0
강원,홍천군,병원,2022,2,0,0,0.0,0,0.0
강원,홍천군,병원,2023,2,0,0,0.0,0,0.0
강원,홍천군,병원,2024,2,0,0,0.0,0,0.0
강원,홍천군,병원,2025,2,0,1,0.5,1,0.5
강원,홍천군,상급종합병원,2007,0,,0,,,
강원,홍천군,상급종합병원,2008,0,0,0,,0,
강원,홍천군,상급종합병원,2009,0,0,0,,0,
강원,홍천군,상급종합병원,2010,0,0,0,,0,
강원,홍천군,상급종합병원,2011,0,0,0,,0,
강원,홍천군,상급종합병원,2012,0,0,0,,0,
강원,홍천군,상급종합병원,2013,0,0,0,,0,
강원,홍천군,상급종합병원,2014,0,0,0,,0,
강원,홍천군,상급종합병원,2015,0,0,0,,0,
강원,홍천군,상급종합병원,2016,0,0,0,,0,
강원,홍천군,상급종합병원,2017,0,0,0,,0,
강원,홍천군,상급종합병원,2018,0,0,0,,0,
강원,홍천군,상급종합병원,2019,0,0,0,,0,
강원,홍천군,상급종합병원,2020,0,0,0,,0,
강원,홍천군,상급종합병원,2021,0,0,0,,0,
강원,홍천군,상급종합병원,2022,0,0,0,,0,
강원,홍천군,상급종합병원,2023,0,0,0,,0,
강원,홍천군,상급종합병원,2024,0,0,0,,0,
강원,홍천군,상급종합병원,2025,0,0,0,,0,
강원,홍천군,의원,2007,31,,0,0.0,,
강원,홍천군,의원,2008,30,-1,1,0.03333333333333333,0,0.0
강원,홍천군,의원,2009,30,0,2,0.06666666666666667,2,0.06666666666666667
강원,홍천군,의원,2010,28,-2,1,0.03571428571428571,-1,-0.03571428571428571
강원,홍천군,의원,2011,28,0,0,0.0,0,0.0
강원,홍천군,의원,2012,27,-1,1,0.037037037037037035,0,0.0
강원,홍천군,의원,2013,27,0,1,0.037037037037037035,1,0.037037037037037035
강원,홍천군,의원,2014,28,1,1,0.03571428571428571,2,0.07142857142857142
강원,홍천군,의원,2015,28,0,0,0.0,0,0.0
강원,홍천군,의원,2016,30,2,0,0.0,2,0.06666666666666667
강원,홍천군,의원,2017,31,1,2,0.06451612903225806,3,0.0967741935483871
강원,홍천군,의원,2018,29,-2,0,0.0,-2,-0.06896551724137931
강원,홍천군,의원,2019,29,0,0,0.0,0,0.0
강원,홍천군,의원,2020,29,0,0,0.0,0,0.0
강원,홍천군,의원,2021,29,0,0,0.0,0,0.0
강원,홍천군,의원,2022,29,0,0,0.0,0,0.0
강원,홍천군,의원,2023,30,1,0,0.0,1,0.03333333333333333
강원,홍천군,의원,2024,30,0,1,0.03333333333333333,1,0.03333333333333333
강원,홍천군,의원,2025,29,-1,1,0.034482758620689655,0,0.0
강원,홍천군,종합병원,2007,1,,0,0.0,,
강원,홍천군,종합병원,2008,1,0,0,0.0,0,0.0
강원,홍천군,종합병원,2009,1,0,0,0.0,0,0.0
강원,홍천군,종합병원,2010,1,0,0,0.0,0,0.0
강원,홍천군,종합병원,2011,1,0,0,0.0,0,0.0
강원,홍천군,종합병원,2012,1,0,0,0.0,0,0.0
강원,홍천군,종합병원,2013,1,0,0,0.0,0,0.0
강원,홍천군,종합병원,2014,1,0,0,0.0,0,0.0
강원,홍천군,종합병원,2015,1,0,0,0.0,0,0.0
강원,홍천군,종합병원,2016,1,0,0,0.0,0,0.0
강원,홍천군,종합병원,2017,1,0,0,0.0,0,0.0
강원,홍천군,종합병원,2018,1,0,0,0.0,0,0.0
강원,홍천군,종합병원,2019,1,0,0,0.0,0,0.0
강원,홍천군,종합병원,2020,1,0,0,0.0,0,0.0
강원,홍천군,종합병원,2021,1,0,0,0.0,0,0.0
강원,홍천군,종합병원,2022,1,0,0,0.0,0,0.0
강원,홍천군,종합병원,2023,1,0,0,0.0,0,0.0
강원,홍천군,종합병원,2024,1,0,0,0.0,0,0.0
강원,홍천군,종합병원,2025,1,0,0,0.0,0,0.0
강원,화천군,병원,2007,0,,0,,,
강원,화천군,병원,2008,0,0,0,,0,
강원,화천군,병원,2009,0,0,0,,0,
강원,화천군,병원,2010,0,0,0,,0,
강원,화천군,병원,2011,0,0,0,,0,
강원,화천군,병원,2012,0,0,0,,0,
강원,화천군,병원,2013,0,0,0,,0,
강원,화천군,병원,2014,0,0,0,,0,
강원,화천군,병원,2015,0,0,0,,0,
강원,화천군,병원,2016,0,0,0,,0,
강원,화천군,병원,2017,0,0,0,,0,
강원,화천군,병원,2018,0,0,0,,0,
강원,화천군,병원,2019,0,0,0,,0,
강원,화천군,병원,2020,0,0,0,,0,
강원,화천군,병원,2021,0,0,0,,0,
강원,화천군,병원,2022,0,0,0,,0,
강원,화천군,병원,2023,0,0,0,,0,
강원,화천군,병원,2024,0,0,0,,0,
강원,화천군,병원,2025,0,0,0,,0,
강원,화천군,상급종합병원,2007,0,,0,,,
강원,화천군,상급종합병원,2008,0,0,0,,0,
강원,화천군,상급종합병원,2009,0,0,0,,0,
강원,화천군,상급종합병원,2010,0,0,0,,0,
강원,화천군,상급종합병원,2011,0,0,0,,0,
강원,화천군,상급종합병원,2012,0,0,0,,0,
강원,화천군,상급종합병원,2013,0,0,0,,0,
강원,화천군,상급종합병원,2014,0,0,0,,0,
강원,화천군,상급종합병원,2015,0,0,0,,0,
강원,화천군,상급종합병원,2016,0,0,0,,0,
강원,화천군,상급종합병원,2017,0,0,0,,0,
강원,화천군,상급종합병원,2018,0,0,0,,0,
강원,화천군,상급종합병원,2019,0,0,0,,0,
강원,화천군,상급종합병원,2020,0,0,0,,0,
강원,화천군,상급종합병원,2021,0,0,0,,0,
강원,화천군,상급종합병원,2022,0,0,0,,0,
강원,화천군,상급종합병원,2023,0,0,0,,0,
강원,화천군,상급종합병원,2024,0,0,0,,0,
강원,화천군,상급종합병원,2025,0,0,0,,0,
강원,화천군,의원,2007,7,,0,0.0,,
강원,화천군,의원,2008,8,1,3,0.375,4,0.5
강원,화천군,의원,2009,8,0,1,0.125,1,0.125
강원,화천군,의원,2010,8,0,0,0.0,0,0.0
강원,화천군,의원,2011,8,0,0,0.0,0,0.0
강원,화천군,의원,2012,7,-1,0,0.0,-1,-0.14285714285714285
강원,화천군,의원,2013,7,0,0,0.0,0,0.0
강원,화천군,의원,2014,7,0,0,0.0,0,0.0
강원,화천군,의원,2015,7,0,0,0.0,0,0.0
강원,화천군,의원,2016,8,1,1,0.125,2,0.25
강원,화천군,의원,2017,8,0,1,0.125,1,0.125
강원,화천군,의원,2018,8,0,2,0.25,2,0.25
강원,화천군,의원,2019,8,0,0,0.0,0,0.0
강원,화천군,의원,2020,8,0,0,0.0,0,0.0
강원,화천군,의원,2021,8,0,1,0.125,1,0.125
강원,화천군,의원,2022,7,-1,1,0.14285714285714285,0,0.0
강원,화천군,의원,2023,6,-1,0,0.0,-1,-0.16666666666666666
강원,화천군,의원,2024,8,2,0,0.0,2,0.25
강원,화천군,의원,2025,10,2,0,0.0,2,0.2
강원,화천군,종합병원,2007,0,,0,,,
강원,화천군,종합병원,2008,0,0,0,,0,
강원,화천군,종합병원,2009,0,0,0,,0,
강원,화천군,종합병원,2010,0,0,0,,0,
강원,화천군,종합병원,2011,0,0,0,,0,
강원,화천군,종합병원,2012,0,0,0,,0,
강원,화천군,종합병원,2013,0,0,0,,0,
강원,화천군,종합병원,2014,0,0,0,,0,
강원,화천군,종합병원,2015,0,0,0,,0,
강원,화천군,종합병원,2016,0,0,0,,0,
강원,화천군,종합병원,2017,0,0,0,,0,
강원,화천군,종합병원,2018,0,0,0,,0,
강원,화천군,종합병원,2019,0,0,0,,0,
강원,화천군,종합병원,2020,0,0,0,,0,
강원,화천군,종합병원,2021,0,0,0,,0,
강원,화천군,종합병원,2022,0,0,0,,0,
강원,화천군,종합병원,2023,0,0,0,,0,
강원,화천군,종합병원,2024,0,0,0,,0,
강원,화천군,종합병원,2025,0,0,0,,0,
강원,횡성군,병원,2007,2,,2,1.0,,
강원,횡성군,병원,2008,1,-1,0,0.0,-1,-1.0
강원,횡성군,병원,2009,1,0,0,0.0,0,0.0
강원,횡성군,병원,2010,1,0,0,0.0,0,0.0
강원,횡성군,병원,2011,2,1,0,0.0,1,0.5
강원,횡성군,병원,2012,1,-1,1,1.0,0,0.0
강원,횡성군,병원,2013,2,1,0,0.0,1,0.5
강원,횡성군,병원,2014,2,0,0,0.0,0,0.0
강원,횡성군,병원,2015,2,0,0,0.0,0,0.0
강원,횡성군,병원,2016,2,0,0,0.0,0,0.0
강원,횡성군,병원,2017,2,0,0,0.0,0,0.0
강원,횡성군,병원,2018,2,0,1,0.5,1,0.5
강원,횡성군,병원,2019,1,-1,0,0.0,-1,-1.0
강원,횡성군,병원,2020,1,0,0,0.0,0,0.0
강원,횡성군,병원,2021,1,0,0,0.0,0,0.0
강원,횡성군,병원,2022,1,0,0,0.0,0,0.0
강원,횡성군,병원,2023,1,0,0,0.0,0,0.0
강원,횡성군,병원,2024,1,0,0,0.0,0,0.0
강원,횡성군,병원,2025,1,0,0,0.0,0,0.0
강원,횡성군,상급종합병원,2007,0,,0,,,
강원,횡성군,상급종합병원,2008,0,0,0,,0,
강원,횡성군,상급종합병원,2009,0,0,0,,0,
강원,횡성군,상급종합병원,2010,0,0,0,,0,
강원,횡성군,상급종합병원,2011,0,0,0,,0,
강원,횡성군,상급종합병원,2012,0,0,0,,0,
강원,횡성군,상급종합병원,2013,0,0,0,,0,
강원,횡성군,상급종합병원,2014,0,0,0,,0,
강원,횡성군,상급종합병원,2015,0,0,0,,0,
강원,횡성군,상급종합병원,2016,0,0,0,,0,
강원,횡성군,상급종합병원,2017,0,0,0,,0,
강원,횡성군,상급종합병원,2018,0,0,0,,0,
강원,횡성군,상급종합병원,2019,0,0,0,,0,
강원,횡성군,상급종합병원,2020,0,0,0,,0,
강원,횡성군,상급종합병원,2021,0,0,0,,0,
강원,횡성군,상급종합병원,2022,0,0,0,,0,
강원,횡성군,상급종합병원,2023,0,0,0,,0,
강원,횡성군,상급종합병원,2024,0,0,0,,0,
강원,횡성군,상급종합병원,2025,0,0,0,,0,
강원,횡성군,의원,2007,12,,0,0.0,,
강원,횡성군,의원,2008,13,1,0,0.0,1,0.07692307692307693
강원,횡성군,의원,2009,13,0,2,0.15384615384615385,2,0.15384615384615385
강원,횡성군,의원,2010,14,1,1,0.07142857142857142,2,0.14285714285714285
강원,횡성군,의원,2011,12,-2,1,0.08333333333333333,-1,-0.08333333333333333
강원,횡성군,의원,2012,12,0,0,0.0,0,0.0
강원,횡성군,의원,2013,12,0,0,0.0,0,0.0
강원,횡성군,의원,2014,12,0,0,0.0,0,0.0
강원,횡성군,의원,2015,12,0,0,0.0,0,0.0
강원,횡성군,의원,2016,12,0,0,0.0,0,0.0
강원,횡성군,의원,2017,12,0,0,0.0,0,0.0
강원,횡성군,의원,2018,14,2,0,0.0,2,0.14285714285714285
강원,횡성군,의원,2019,14,0,1,0.07142857142857142,1,0.07142857142857142
강원,횡성군,의원,2020,13,-1,1,0.07692307692307693,0,0.0
강원,횡성군,의원,2021,15,2,2,0.13333333333333333,4,0.26666666666666666
강원,횡성군,의원,2022,12,-3,1,0.08333333333333333,-2,-0.16666666666666666
강원,횡성군,의원,2023,13,1,1,0.07692307692307693,2,0.15384615384615385
강원,횡성군,의원,2024,12,-1,0,0.0,-1,-0.08333333333333333
강원,횡성군,의원,2025,12,0,0,0.0,0,0.0
강원,횡성군,종합병원,2007,0,,0,,,
강원,횡성군,종합병원,2008,0,0,0,,0,
강원,횡성군,종합병원,2009,0,0,0,,0,
강원,횡성군,종합병원,2010,0,0,0,,0,
강원,횡성군,종합병원,2011,0,0,0,,0,
강원,횡성군,종합병원,2012,0,0,0,,0,
강원,횡성군,종합병원,2013,0,0,0,,0,
강원,횡성군,종합병원,2014,0,0,0,,0,
강원,횡성군,종합병원,2015,0,0,0,,0,
강원,횡성군,종합병원,2016,0,0,0,,0,
강원,횡성군,종합병원,2017,0,0,0,,0,
강원,횡성군,종합병원,2018,0,0,0,,0,
강원,횡성군,종합병원,2019,0,0,0,,0,
강원,횡성군,종합병원,2020,0,0,0,,0,
강원,횡성군,종합병원,2021,0,0,0,,0,
강원,횡성군,종합병원,2022,0,0,0,,0,
강원,횡성군,종합병원,2023,0,0,0,,0,
강원,횡성군,종합병원,2024,0,0,0,,0,
강원,횡성군,종합병원,2025,0,0,0,,0,
경기,가평군,병원,2007,4,,1,0.25,,
경기,가평군,병원,2008,4,0,0,0.0,0,0.0
경기,가평군,병원,2009,4,0,0,0.0,0,0.0
경기,가평군,병원,2010,4,0,0,0.0,0,0.0
경기,가평군,병원,2011,4,0,0,0.0,0,0.0
경기,가평군,병원,2012,4,0,0,0.0,0,0.0
경기,가평군,병원,2013,4,0,0,0.0,0,0.0
경기,가평군,병원,2014,4,0,0,0.0,0,0.0
경기,가평군,병원,2015,4,0,0,0.0,0,0.0
경기,가평군,병원,2016,4,0,0,0.0,0,0.0
경기,가평군,병원,2017,4,0,1,0.25,1,0.25
경기,가평군,병원,2018,3,-1,0,0.0,-1,-0.3333333333333333
경기,가평군,병원,2019,3,0,0,0.0,0,0.0
경기,가평군,병원,2020,3,0,0,0.0,0,0.0
경기,가평군,병원,2021,3,0,1,0.3333333333333333,1,0.3333333333333333
경기,가평군,병원,2022,2,-1,0,0.0,-1,-0.5
경기,가평군,병원,2023,2,0,0,0.0,0,0.0
경기,가평군,병원,2024,2,0,0,0.0,0,0.0
경기,가평군,병원,2025,2,0,0,0.0,0,0.0
경기,가평군,상급종합병원,2007,0,,0,,,
경기,가평군,상급종합병원,2008,0,0,0,,0,
경기,가평군,상급종합병원,2009,0,0,0,,0,
경기,가평군,상급종합병원,2010,0,0,0,,0,
경기,가평군,상급종합병원,2011,0,0,0,,0,
경기,가평군,상급종합병원,2012,0,0,0,,0,
경기,가평군,상급종합병원,2013,0,0,0,,0,
경기,가평군,상급종합병원,2014,0,0,0,,0,
경기,가평군,상급종합병원,2015,0,0,0,,0,
경기,가평군,상급종합병원,2016,0,0,0,,0,
경기,가평군,상급종합병원,2017,0,0,0,,0,
경기,가평군,상급종합병원,2018,0,0,0,,0,
경기,가평군,상급종합병원,2019,0,0,0,,0,
경기,가평군,상급종합병원,2020,0,0,0,,0,
경기,가평군,상급종합병원,2021,0,0,0,,0,
경기,가평군,상급종합병원,2022,0,0,0,,0,
경기,가평군,상급종합병원,2023,0,0,0,,0,
경기,가평군,상급종합병원,2024,0,0,0,,0,
경기,가평군,상급종합병원,2025,0,0,0,,0,
경기,가평군,의원,2007,18,,2,0.1111111111111111,,
경기,가평군,의원,2008,17,-1,1,0.058823529411764705,0,0.0
경기,가평군,의원,2009,19,2,0,0.0,2,0.10526315789473684
경기,가평군,의원,2010,20,1,0,0.0,1,0.05
경기,가평군,의원,2011,20,0,0,0.0,0,0.0
경기,가평군,의원,2012,21,1,1,0.047619047619047616,2,0.09523809523809523
경기,가평군,의원,2013,22,1,0,0.0,1,0.045454545454545456
경기,가평군,의원,2014,22,0,0,0.0,0,0.0
경기,가평군,의원,2015,22,0,1,0.045454545454545456,1,0.045454545454545456
경기,가평군,의원,2016,21,-1,0,0.0,-1,-0.047619047619047616
경기,가평군,의원,2017,23,2,0,0.0,2,0.08695652173913043
경기,가평군,의원,2018,25,2,0,0.0,2,0.08
경기,가평군,의원,2019,26,1,0,0.0,1,0.038461538461538464
경기,가평군,의원,2020,26,0,1,0.038461538461538464,1,0.038461538461538464
경기,가평군,의원,2021,25,-1,0,0.0,-1,-0.04
경기,가평군,의원,2022,25,0,2,0.08,2,0.08
경기,가평군,의원,2023,25,0,0,0.0,0,0.0
경기,가평군,의원,2024,25,0,1,0.04,1,0.04
경기,가평군,의원,2025,27,2,2,0.07407407407407407,4,0.14814814814814814
경기,가평군,종합병원,2007,0,,0,,,
경기,가평군,종합병원,2008,0,0,0,,0,
경기,가평군,종합병원,2009,0,0,0,,0,
경기,가평군,종합병원,2010,0,0,0,,0,
경기,가평군,종합병원,2011,0,0,0,,0,
경기,가평군,종합병원,2012,0,0,0,,0,
경기,가평군,종합병원,2013,0,0,0,,0,
경기,가평군,종합병원,2014,0,0,0,,0,
경기,가평군,종합병원,2015,0,0,0,,0,
경기,가평군,종합병원,2016,0,0,0,,0,
경기,가평군,종합병원,2017,0,0,0,,0,
경기,가평군,종합병원,2018,0,0,0,,0,
경기,가평군,종합병원,2019,0,0,0,,0,
경기,가평군,종합병원,2020,0,0,0,,0,
경기,가평군,종합병원,2021,0,0,0,,0,
경기,가평군,종합병원,2022,0,0,0,,0,
경기,가평군,종합병원,2023,0,0,0,,0,
경기,가평군,종합병원,2024,0,0,0,,0,
경기,가평군,종합병원,2025,0,0,0,,0,
경기,고양시 덕양구,병원,2007,8,,0,0.0,,
경기,고양시 덕양구,병원,2008,8,0,0,0.0,0,0.0
경기,고양시 덕양구,병원,2009,9,1,2,0.2222222222222222,3,0.3333333333333333
경기,고양시 덕양구,병원,2010,10,1,1,0.1,2,0.2
경기,고양시 덕양구,병원,2011,10,0,0,0.0,0,0.0
경기,고양시 덕양구,병원,2012,12,2,3,0.25,5,0.4166666666666667
경기,고양시 덕양구,병원,2013,11,-1,0,0.0,-1,-0.09090909090909091
경기,고양시 덕양구,병원,2014,10,-1,2,0.2,1,0.1
경기,고양시 덕양구,병원,2015,11,1,0,0.0,1,0.09090909090909091
경기,고양시 덕양구,병원,2016,10,-1,1,0.1,0,0.0
경기,고양시 덕양구,병원,2017,10,0,1,0.1,1,0.1
경기,고양시 덕양구,병원,2018,9,-1,0,0.0,-1,-0.1111111111111111
경기,고양시 덕양구,병원,2019,9,0,1,0.1111111111111111,1,0.1111111111111111
경기,고양시 덕양구,병원,2020,8,-1,0,0.0,-1,-0.125
경기,고양시 덕양구,병원,2021,9,1,2,0.2222222222222222,3,0.3333333333333333
경기,고양시 덕양구,병원,2022,8,-1,2,0.25,1,0.125
경기,고양시 덕양구,병원,2023,9,1,2,0.2222222222222222,3,0.3333333333333333
경기,고양시 덕양구,병원,2024,9,0,1,0.1111111111111111,1,0.1111111111111111
경기,고양시 덕양구,병원,2025,9,0,0,0.0,0,0.0
경기,고양시 덕양구,상급종합병원,2007,0,,0,,,
경기,고양시 덕양구,상급종합병원,2008,0,0,0,,0,
경기,고양시 덕양구,상급종합병원,2009,0,0,0,,0,
경기,고양시 덕양구,상급종합병원,2010,0,0,0,,0,
경기,고양시 덕양구,상급종합병원,2011,0,0,0,,0,
경기,고양시 덕양구,상급종합병원,2012,0,0,0,,0,
경기,고양시 덕양구,상급종합병원,2013,0,0,0,,0,
경기,고양시 덕양구,상급종합병원,2014,0,0,0,,0,
경기,고양시 덕양구,상급종합병원,2015,0,0,0,,0,
경기,고양시 덕양구,상급종합병원,2016,0,0,0,,0,
경기,고양시 덕양구,상급종합병원,2017,0,0,0,,0,
경기,고양시 덕양구,상급종합병원,2018,0,0,0,,0,
경기,고양시 덕양구,상급종합병원,2019,0,0,0,,0,
경기,고양시 덕양구,상급종합병원,2020,0,0,0,,0,
경기,고양시 덕양구,상급종합병원,2021,0,0,0,,0,
경기,고양시 덕양구,상급종합병원,2022,0,0,0,,0,
경기,고양시 덕양구,상급종합병원,2023,0,0,0,,0,
경기,고양시 덕양구,상급종합병원,2024,0,0,0,,0,
경기,고양시 덕양구,상급종합병원,2025,0,0,0,,0,
경기,고양시 덕양구,의원,2007,159,,10,0.06289308176100629,,
경기,고양시 덕양구,의원,2008,165,6,17,0.10303030303030303,23,0.1393939393939394
경기,고양시 덕양구,의원,2009,160,-5,9,0.05625,4,0.025
경기,고양시 덕양구,의원,2010,175,15,11,0.06285714285714286,26,0.14857142857142858
경기,고양시 덕양구,의원,2011,171,-4,9,0.05263157894736842,5,0.029239766081871343
경기,고양시 덕양구,의원,2012,177,6,9,0.05084745762711865,15,0.0847457627118644
경기,고양시 덕양구,의원,2013,178,1,8,0.0449438202247191,9,0.05056179775280899
경기,고양시 덕양구,의원,2014,183,5,11,0.060109289617486336,16,0.08743169398907104
경기,고양시 덕양구,의원,2015,193,10,7,0.03626943005181347,17,0.08808290155440414
경기,고양시 덕양구,의원,2016,200,7,6,0.03,13,0.065
경기,고양시 덕양구,의원,2017,205,5,10,0.04878048780487805,15,0.07317073170731707
경기,고양시 덕양구,의원,2018,211,6,7,0.03317535545023697,13,0.061611374407582936
경기,고양시 덕양구,의원,2019,221,10,9,0.04072398190045249,19,0.08597285067873303
경기,고양시 덕양구,의원,2020,228,7,11,0.04824561403508772,18,0.07894736842105263
경기,고양시 덕양구,의원,2021,238,10,5,0.02100840336134454,15,0.06302521008403361
경기,고양시 덕양구,의원,2022,250,12,6,0.024,18,0.072
경기,고양시 덕양구,의원,2023,280,30,9,0.03214285714285714,39,0.1392857142857143
경기,고양시 덕양구,의원,2024,287,7,9,0.0313588850174216,16,0.05574912891986063
경기,고양시 덕양구,의원,2025,300,13,5,0.016666666666666666,18,0.06
경기,고양시 덕양구,종합병원,2007,1,,0,0.0,,
경기,고양시 덕양구,종합병원,2008,1,0,0,0.0,0,0.0
경기,고양시 덕양구,종합병원,2009,1,0,0,0.0,0,0.0
경기,고양시 덕양구,종합병원,2010,1,0,0,0.0,0,0.0
경기,고양시 덕양구,종합병원,2011,1,0,0,0.0,0,0.0
경기,고양시 덕양구,종합병원,2012,1,0,0,0.0,0,0.0
경기,고양시 덕양구,종합병원,2013,1,0,0,0.0,0,0.0
경기,고양시 덕양구,종합병원,2014,1,0,0,0.0,0,0.0
경기,고양시 덕양구,종합병원,2015,1,0,0,0.0,0,0.0
경기,고양시 덕양구,종합병원,2016,1,0,0,0.0,0,0.0
경기,고양시 덕양구,종합병원,2017,1,0,0,0.0,0,0.0
경기,고양시 덕양구,종합병원,2018,1,0,0,0.0,0,0.0
경기,고양시 덕양구,종합병원,2019,1,0,0,0.0,0,0.0
경기,고양시 덕양구,종합병원,2020,1,0,0,0.0,0,0.0
경기,고양시 덕양구,종합병원,2021,1,0,0,0.0,0,0.0
경기,고양시 덕양구,종합병원,2022,1,0,0,0.0,0,0.0
경기,고양시 덕양구,종합병원,2023,1,0,0,0.0,0,0.0
경기,고양시 덕양구,종합병원,2024,1,0,0,0.0,0,0.0
경기,고양시 덕양구,종합병원,2025,2,1,0,0.0,1,0.5
경기,고양시 일산 동구,병원,2007,6,,2,0.3333333333333333,,
경기,고양시 일산 동구,병원,2008,11,5,2,0.18181818181818182,7,0.6363636363636364
경기,고양시 일산 동구,병원,2009,13,2,0,0.0,2,0.15384615384615385
경기,고양시 일산 동구,병원,2010,14,1,2,0.14285714285714285,3,0.21428571428571427
경기,고양시 일산 동구,병원,2011,12,-2,2,0.16666666666666666,0,0.0
경기,고양시 일산 동구,병원,2012,11,-1,4,0.36363636363636365,3,0.2727272727272727
경기,고양시 일산 동구,병원,2013,11,0,2,0.18181818181818182,2,0.18181818181818182
경기,고양시 일산 동구,병원,2014,12,1,1,0.08333333333333333,2,0.16666666666666666
경기,고양시 일산 동구,병원,2015,13,1,1,0.07692307692307693,2,0.15384615384615385
경기,고양시 일산 동구,병원,2016,12,-1,0,0.0,-1,-0.08333333333333333
경기,고양시 일산 동구,병원,2017,12,0,1,0.08333333333333333,1,0.08333333333333333
경기,고양시 일산 동구,병원,2018,11,-1,1,0.09090909090909091,0,0.0
경기,고양시 일산 동구,병원,2019,11,0,0,0.0,0,0.0
경기,고양시 일산 동구,병원,2020,10,-1,1,0.1,0,0.0
경기,고양시 일산 동구,병원,2021,10,0,2,0.2,2,0.2
경기,고양시 일산 동구,병원,2022,8,-2,0,0.0,-2,-0.25
경기,고양시 일산 동구,병원,2023,9,1,1,0.1111111111111111,2,0.2222222222222222
경기,고양시 일산 동구,병원,2024,9,0,2,0.2222222222222222,2,0.2222222222222222
경기,고양시 일산 동구,병원,2025,10,1,0,0.0,1,0.1
경기,고양시 일산 동구,상급종합병원,2007,0,,0,,,
경기,고양시 일산 동구,상급종합병원,2008,0,0,0,,0,
경기,고양시 일산 동구,상급종합병원,2009,0,0,0,,0,
경기,고양시 일산 동구,상급종합병원,2010,0,0,0,,0,
경기,고양시 일산 동구,상급종합병원,2011,0,0,0,,0,
경기,고양시 일산 동구,상급종합병원,2012,0,0,0,,0,
경기,고양시 일산 동구,상급종합병원,2013,0,0,0,,0,
경기,고양시 일산 동구,상급종합병원,2014,0,0,0,,0,
경기,고양시 일산 동구,상급종합병원,2015,0,0,0,,0,
경기,고양시 일산 동구,상급종합병원,2016,0,0,0,,0,
경기,고양시 일산 동구,상급종합병원,2017,0,0,0,,0,
경기,고양시 일산 동구,상급종합병원,2018,0,0,0,,0,
경기,고양시 일산 동구,상급종합병원,2019,0,0,0,,0,
경기,고양시 일산 동구,상급종합병원,2020,0,0,0,,0,
경기,고양시 일산 동구,상급종합병원,2021,0,0,0,,0,
경기,고양시 일산 동구,상급종합병원,2022,0,0,0,,0,
경기,고양시 일산 동구,상급종합병원,2023,0,0,0,,0,
경기,고양시 일산 동구,상급종합병원,2024,0,0,0,,0,
경기,고양시 일산 동구,상급종합병원,2025,0,0,0,,0,
경기,고양시 일산 동구,의원,2007,104,,10,0.09615384615384616,,
경기,고양시 일산 동구,의원,2008,115,11,8,0.06956521739130435,19,0.16521739130434782
경기,고양시 일산 동구,의원,2009,126,11,9,0.07142857142857142,20,0.15873015873015872
경기,고양시 일산 동구,의원,2010,130,4,8,0.06153846153846154,12,0.09230769230769231
경기,고양시 일산 동구,의원,2011,132,2,7,0.05303030303030303,9,0.06818181818181818
경기,고양시 일산 동구,의원,2012,144,12,11,0.0763888888888889,23,0.1597222222222222
경기,고양시 일산 동구,의원,2013,143,-1,9,0.06293706293706294,8,0.055944055944055944
경기,고양시 일산 동구,의원,2014,143,0,8,0.055944055944055944,8,0.055944055944055944
경기,고양시 일산 동구,의원,2015,148,5,6,0.04054054054054054,11,0.07432432432432433
경기,고양시 일산 동구,의원,2016,155,7,10,0.06451612903225806,17,0.10967741935483871
경기,고양시 일산 동구,의원,2017,153,-2,12,0.0784313725490196,10,0.06535947712418301
경기,고양시 일산 동구,의원,2018,156,3,8,0.05128205128205128,11,0.07051282051282051
경기,고양시 일산 동구,의원,2019,156,0,9,0.057692307692307696,9,0.057692307692307696
경기,고양시 일산 동구,의원,2020,159,3,3,0.018867924528301886,6,0.03773584905660377
경기,고양시 일산 동구,의원,2021,163,4,3,0.018404907975460124,7,0.04294478527607362
경기,고양시 일산 동구,의원,2022,173,10,6,0.03468208092485549,16,0.09248554913294797
경기,고양시 일산 동구,의원,2023,170,-3,3,0.01764705882352941,0,0.0
경기,고양시 일산 동구,의원,2024,178,8,4,0.02247191011235955,12,0.06741573033707865
경기,고양시 일산 동구,의원,2025,185,7,5,0.02702702702702703,12,0.06486486486486487
경기,고양시 일산 동구,종합병원,2007,3,,0,0.0,,
경기,고양시 일산 동구,종합병원,2008,3,0,0,0.0,0,0.0
경기,고양시 일산 동구,종합병원,2009,3,0,0,0.0,0,0.0
경기,고양시 일산 동구,종합병원,2010,3,0,0,0.0,0,0.0
경기,고양시 일산 동구,종합병원,2011,3,0,0,0.0,0,0.0
경기,고양시 일산 동구,종합병원,2012,3,0,0,0.0,0,0.0
경기,고양시 일산 동구,종합병원,2013,3,0,0,0.0,0,0.0
경기,고양시 일산 동구,종합병원,2014,3,0,0,0.0,0,0.0
경기,고양시 일산 동구,종합병원,2015,3,0,0,0.0,0,0.0
경기,고양시 일산 동구,종합병원,2016,3,0,0,0.0,0,0.0
경기,고양시 일산 동구,종합병원,2017,3,0,0,0.0,0,0.0
경기,고양시 일산 동구,종합병원,2018,3,0,0,0.0,0,0.0
경기,고양시 일산 동구,종합병원,2019,3,0,0,0.0,0,0.0
경기,고양시 일산 동구,종합병원,2020,4,1,0,0.0,1,0.25
경기,고양시 일산 동구,종합병원,2021,4,0,0,0.0,0,0.0
경기,고양시 일산 동구,종합병원,2022,4,0,0,0.0,0,0.0
경기,고양시 일산 동구,종합병원,2023,4,0,0,0.0,0,0.0
경기,고양시 일산 동구,종합병원,2024,4,0,0,0.0,0,0.0
경기,고양시 일산 동구,종합병원,2025,4,0,0,0.0,0,0.0
경기,고양시 일산 서구,병원,2007,0,,0,,,
경기,고양시 일산 서구,병원,2008,1,1,1,1.0,2,2.0
경기,고양시 일산 서구,병원,2009,0,-1,0,,-1,
경기,고양시 일산 서구,병원,2010,0,0,0,,0,
경기,고양시 일산 서구,병원,2011,1,1,0,0.0,1,1.0
경기,고양시 일산 서구,병원,2012,1,0,0,0.0,0,0.0
경기,고양시 일산 서구,병원,2013,1,0,0,0.0,0,0.0
경기,고양시 일산 서구,병원,2014,1,0,0,0.0,0,0.0
경기,고양시 일산 서구,병원,2015,2,1,0,0.0,1,0.5
경기,고양시 일산 서구,병원,2016,4,2,1,0.25,3,0.75
경기,고양시 일산 서구,병원,2017,5,1,0,0.0,1,0.2
경기,고양시 일산 서구,병원,2018,5,0,0,0.0,0,0.0
경기,고양시 일산 서구,병원,2019,5,0,0,0.0,0,0.0
경기,고양시 일산 서구,병원,2020,5,0,0,0.0,0,0.0
경기,고양시 일산 서구,병원,2021,5,0,0,0.0,0,0.0
경기,고양시 일산 서구,병원,2022,5,0,0,0.0,0,0.0
경기,고양시 일산 서구,병원,2023,6,1,1,0.16666666666666666,2,0.3333333333333333
경기,고양시 일산 서구,병원,2024,5,-1,1,0.2,0,0.0
경기,고양시 일산 서구,병원,2025,5,0,0,0.0,0,0.0
경기,고양시 일산 서구,상급종합병원,2007,0,,0,,,
경기,고양시 일산 서구,상급종합병원,2008,0,0,0,,0,
경기,고양시 일산 서구,상급종합병원,2009,1,1,0,0.0,1,1.0
경기,고양시 일산 서구,상급종합병원,2010,1,0,0,0.0,0,0.0
경기,고양시 일산 서구,상급종합병원,2011,1,0,0,0.0,0,0.0
경기,고양시 일산 서구,상급종합병원,2012,0,-1,0,,-1,
경기,고양시 일산 서구,상급종합병원,2013,0,0,0,,0,
경기,고양시 일산 서구,상급종합병원,2014,0,0,0,,0,
경기,고양시 일산 서구,상급종합병원,2015,0,0,0,,0,
경기,고양시 일산 서구,상급종합병원,2016,0,0,0,,0,
경기,고양시 일산 서구,상급종합병원,2017,0,0,0,,0,
경기,고양시 일산 서구,상급종합병원,2018,0,0,0,,0,
경기,고양시 일산 서구,상급종합병원,2019,0,0,0,,0,
경기,고양시 일산 서구,상급종합병원,2020,0,0,0,,0,
경기,고양시 일산 서구,상급종합병원,2021,0,0,0,,0,
경기,고양시 일산 서구,상급종합병원,2022,0,0,0,,0,
경기,고양시 일산 서구,상급종합병원,2023,0,0,0,,0,
경기,고양시 일산 서구,상급종합병원,2024,0,0,0,,0,
경기,고양시 일산 서구,상급종합병원,2025,0,0,0,,0,
경기,고양시 일산 서구,의원,2007,175,,14,0.08,,
경기,고양시 일산 서구,의원,2008,171,-4,13,0.07602339181286549,9,0.05263157894736842
경기,고양시 일산 서구,의원,2009,166,-5,9,0.05421686746987952,4,0.024096385542168676
경기,고양시 일산 서구,의원,2010,167,1,9,0.05389221556886228,10,0.059880239520958084
경기,고양시 일산 서구,의원,2011,165,-2,5,0.030303030303030304,3,0.01818181818181818
경기,고양시 일산 서구,의원,2012,161,-4,2,0.012422360248447204,-2,-0.012422360248447204
경기,고양시 일산 서구,의원,2013,162,1,4,0.024691358024691357,5,0.030864197530864196
경기,고양시 일산 서구,의원,2014,165,3,4,0.024242424242424242,7,0.04242424242424243
경기,고양시 일산 서구,의원,2015,172,7,9,0.05232558139534884,16,0.09302325581395349
경기,고양시 일산 서구,의원,2016,173,1,4,0.023121387283236993,5,0.028901734104046242
경기,고양시 일산 서구,의원,2017,171,-2,9,0.05263157894736842,7,0.04093567251461988
경기,고양시 일산 서구,의원,2018,166,-5,2,0.012048192771084338,-3,-0.018072289156626505
경기,고양시 일산 서구,의원,2019,166,0,8,0.04819277108433735,8,0.04819277108433735
경기,고양시 일산 서구,의원,2020,172,6,0,0.0,6,0.03488372093023256
경기,고양시 일산 서구,의원,2021,181,9,3,0.016574585635359115,12,0.06629834254143646
경기,고양시 일산 서구,의원,2022,186,5,3,0.016129032258064516,8,0.043010752688172046
경기,고양시 일산 서구,의원,2023,191,5,5,0.02617801047120419,10,0.05235602094240838
경기,고양시 일산 서구,의원,2024,192,1,4,0.020833333333333332,5,0.026041666666666668
경기,고양시 일산 서구,의원,2025,192,0,6,0.03125,6,0.03125
경기,고양시 일산 서구,종합병원,2007,1,,0,0.0,,
경기,고양시 일산 서구,종합병원,2008,1,0,0,0.0,0,0.0
경기,고양시 일산 서구,종합병원,2009,0,-1,0,,-1,
경기,고양시 일산 서구,종합병원,2010,0,0,0,,0,
경기,고양시 일산 서구,종합병원,2011,0,0,0,,0,
경기,고양시 일산 서구,종합병원,2012,1,1,0,0.0,1,1.0
경기,고양시 일산 서구,종합병원,2013,1,0,0,0.0,0,0.0
경기,고양시 일산 서구,종합병원,2014,1,0,0,0.0,0,0.0
경기,고양시 일산 서구,종합병원,2015,1,0,0,0.0,0,0.0
경기,고양시 일산 서구,종합병원,2016,1,0,0,0.0,0,0.0
경기,고양시 일산 서구,종합병원,2017,1,0,0,0.0,0,0.0
경기,고양시 일산 서구,종합병원,2018,1,0,0,0.0,0,0.0
경기,고양시 일산 서구,종합병원,2019,1,0,0,0.0,0,0.0
경기,고양시 일산 서구,종합병원,2020,1,0,0,0.0,0,0.0
경기,고양시 일산 서구,종합병원,2021,1,0,0,0.0,0,0.0
경기,고양시 일산 서구,종합병원,2022,1,0,0,0.0,0,0.0
경기,고양시 일산 서구,종합병원,2023,1,0,0,0.0,0,0.0
경기,고양시 일산 서구,종합병원,2024,1,0,0,0.0,0,0.0
경기,고양시 일산 서구,종합병원,2025,1,0,0,0.0,0,0.0
경기,과천시,병원,2007,0,,0,,,
경기,과천시,병원,2008,0,0,0,,0,
경기,과천시,병원,2009,0,0,0,,0,
경기,과천시,병원,2010,0,0,0,,0,
경기,과천시,병원,2011,0,0,0,,0,
경기,과천시,병원,2012,0,0,0,,0,
경기,과천시,병원,2013,0,0,0,,0,
경기,과천시,병원,2014,0,0,0,,0,
경기,과천시,병원,2015,0,0,0,,0,
경기,과천시,병원,2016,0,0,0,,0,
경기,과천시,병원,2017,0,0,0,,0,
경기,과천시,병원,2018,0,0,0,,0,
경기,과천시,병원,2019,0,0,0,,0,
경기,과천시,병원,2020,0,0,0,,0,
경기,과천시,병원,2021,0,0,0,,0,
경기,과천시,병원,2022,0,0,0,,0,
경기,과천시,병원,2023,0,0,0,,0,
경기,과천시,병원,2024,0,0,0,,0,
경기,과천시,병원,2025,0,0,0,,0,
경기,과천시,상급종합병원,2007,0,,0,,,
경기,과천시,상급종합병원,2008,0,0,0,,0,
경기,과천시,상급종합병원,2009,0,0,0,,0,
경기,과천시,상급종합병원,2010,0,0,0,,0,
경기,과천시,상급종합병원,2011,0,0,0,,0,
경기,과천시,상급종합병원,2012,0,0,0,,0,
경기,과천시,상급종합병원,2013,0,0,0,,0,
경기,과천시,상급종합병원,2014,0,0,0,,0,
경기,과천시,상급종합병원,2015,0,0,0,,0,
경기,과천시,상급종합병원,2016,0,0,0,,0,
경기,과천시,상급종합병원,2017,0,0,0,,0,
경기,과천시,상급종합병원,2018,0,0,0,,0,
경기,과천시,상급종합병원,2019,0,0,0,,0,
경기,과천시,상급종합병원,2020,0,0,0,,0,
경기,과천시,상급종합병원,2021,0,0,0,,0,
경기,과천시,상급종합병원,2022,0,0,0,,0,
경기,과천시,상급종합병원,2023,0,0,0,,0,
경기,과천시,상급종합병원,2024,0,0,0,,0,
경기,과천시,상급종합병원,2025,0,0,0,,0,
경기,과천시,의원,2007,26,,0,0.0,,
경기,과천시,의원,2008,26,0,1,0.038461538461538464,1,0.038461538461538464
경기,과천시,의원,2009,30,4,2,0.06666666666666667,6,0.2
경기,과천시,의원,2010,29,-1,0,0.0,-1,-0.034482758620689655
경기,과천시,의원,2011,28,-1,2,0.07142857142857142,1,0.03571428571428571
경기,과천시,의원,2012,29,1,3,0.10344827586206896,4,0.13793103448275862
경기,과천시,의원,2013,29,0,0,0.0,0,0.0
경기,과천시,의원,2014,29,0,0,0.0,0,0.0
경기,과천시,의원,2015,32,3,1,0.03125,4,0.125
경기,과천시,의원,2016,32,0,1,0.03125,1,0.03125
경기,과천시,의원,2017,35,3,0,0.0,3,0.08571428571428572
경기,과천시,의원,2018,34,-1,0,0.0,-1,-0.029411764705882353
경기,과천시,의원,2019,36,2,0,0.0,2,0.05555555555555555
경기,과천시,의원,2020,37,1,1,0.02702702702702703,2,0.05405405405405406
경기,과천시,의원,2021,38,1,0,0.0,1,0.02631578947368421
경기,과천시,의원,2022,38,0,2,0.05263157894736842,2,0.05263157894736842
경기,과천시,의원,2023,45,7,0,0.0,7,0.15555555555555556
경기,과천시,의원,2024,50,5,1,0.02,6,0.12
경기,과천시,의원,2025,56,6,2,0.03571428571428571,8,0.14285714285714285
경기,과천시,종합병원,2007,0,,0,,,
경기,과천시,종합병원,2008,0,0,0,,0,
경기,과천시,종합병원,2009,0,0,0,,0,
경기,과천시,종합병원,2010,0,0,0,,0,
경기,과천시,종합병원,2011,0,0,0,,0,
경기,과천시,종합병원,2012,0,0,0,,0,
경기,과천시,종합병원,2013,0,0,0,,0,
경기,과천시,종합병원,2014,0,0,0,,0,
경기,과천시,종합병원,2015,0,0,0,,0,
경기,과천시,종합병원,2016,0,0,0,,0,
경기,과천시,종합병원,2017,0,0,0,,0,
경기,과천시,종합병원,2018,0,0,0,,0,
경기,과천시,종합병원,2019,0,0,0,,0,
경기,과천시,종합병원,2020,0,0,0,,0,
경기,과천시,종합병원,2021,0,0,0,,0,
경기,과천시,종합병원,2022,0,0,0,,0,
경기,과천시,종합병원,2023,0,0,0,,0,
경기,과천시,종합병원,2024,0,0,0,,0,
경기,과천시,종합병원,2025,0,0,0,,0,
경기,광명시,병원,2007,2,,0,0.0,,
경기,광명시,병원,2008,2,0,0,0.0,0,0.0
경기,광명시,병원,2009,2,0,0,0.0,0,0.0
경기,광명시,병원,2010,2,0,0,0.0,0,0.0
경기,광명시,병원,2011,3,1,0,0.0,1,0.3333333333333333
경기,광명시,병원,2012,2,-1,0,0.0,-1,-0.5
경기,광명시,병원,2013,3,1,1,0.3333333333333333,2,0.6666666666666666
경기,광명시,병원,2014,3,0,1,0.3333333333333333,1,0.3333333333333333
경기,광명시,병원,2015,3,0,0,0.0,0,0.0
경기,광명시,병원,2016,3,0,0,0.0,0,0.0
경기,광명시,병원,2017,4,1,0,0.0,1,0.25
경기,광명시,병원,2018,4,0,0,0.0,0,0.0
경기,광명시,병원,2019,5,1,0,0.0,1,0.2
경기,광명시,병원,2020,4,-1,1,0.25,0,0.0
경기,광명시,병원,2021,4,0,0,0.0,0,0.0
경기,광명시,병원,2022,4,0,0,0.0,0,0.0
경기,광명시,병원,2023,4,0,0,0.0,0,0.0
경기,광명시,병원,2024,5,1,1,0.2,2,0.4
경기,광명시,병원,2025,6,1,0,0.0,1,0.16666666666666666
경기,광명시,상급종합병원,2007,0,,0,,,
경기,광명시,상급종합병원,2008,0,0,0,,0,
경기,광명시,상급종합병원,2009,0,0,0,,0,
경기,광명시,상급종합병원,2010,0,0,0,,0,
경기,광명시,상급종합병원,2011,0,0,0,,0,
경기,광명시,상급종합병원,2012,0,0,0,,0,
경기,광명시,상급종합병원,2013,0,0,0,,0,
경기,광명시,상급종합병원,2014,0,0,0,,0,
경기,광명시,상급종합병원,2015,0,0,0,,0,
경기,광명시,상급종합병원,2016,0,0,0,,0,
경기,광명시,상급종합병원,2017,0,0,0,,0,
경기,광명시,상급종합병원,2018,0,0,0,,0,
경기,광명시,상급종합병원,2019,0,0,0,,0,
경기,광명시,상급종합병원,2020,0,0,0,,0,
경기,광명시,상급종합병원,2021,0,0,0,,0,
경기,광명시,상급종합병원,2022,0,0,0,,0,
경기,광명시,상급종합병원,2023,0,0,0,,0,
경기,광명시,상급종합병원,2024,0,0,0,,0,
경기,광명시,상급종합병원,2025,0,0,0,,0,
경기,광명시,의원,2007,160,,9,0.05625,,
경기,광명시,의원,2008,158,-2,9,0.056962025316455694,7,0.04430379746835443
경기,광명시,의원,2009,161,3,0,0.0,3,0.018633540372670808
경기,광명시,의원,2010,170,9,5,0.029411764705882353,14,0.08235294117647059
경기,광명시,의원,2011,179,9,3,0.01675977653631285,12,0.0670391061452514
경기,광명시,의원,2012,178,-1,5,0.028089887640449437,4,0.02247191011235955
경기,광명시,의원,2013,185,7,5,0.02702702702702703,12,0.06486486486486487
경기,광명시,의원,2014,193,8,12,0.06217616580310881,20,0.10362694300518134
경기,광명시,의원,2015,194,1,7,0.03608247422680412,8,0.041237113402061855
경기,광명시,의원,2016,193,-1,8,0.04145077720207254,7,0.03626943005181347
경기,광명시,의원,2017,194,1,5,0.02577319587628866,6,0.030927835051546393
경기,광명시,의원,2018,200,6,6,0.03,12,0.06
경기,광명시,의원,2019,201,1,3,0.014925373134328358,4,0.01990049751243781
경기,광명시,의원,2020,207,6,3,0.014492753623188406,9,0.043478260869565216
경기,광명시,의원,2021,215,8,5,0.023255813953488372,13,0.06046511627906977
경기,광명시,의원,2022,217,2,4,0.018433179723502304,6,0.027649769585253458
경기,광명시,의원,2023,223,6,7,0.03139013452914798,13,0.05829596412556054
경기,광명시,의원,2024,228,5,4,0.017543859649122806,9,0.039473684210526314
경기,광명시,의원,2025,233,5,9,0.03862660944206009,14,0.060085836909871244
경기,광명시,종합병원,2007,1,,0,0.0,,
경기,광명시,종합병원,2008,1,0,0,0.0,0,0.0
경기,광명시,종합병원,2009,1,0,0,0.0,0,0.0
경기,광명시,종합병원,2010,1,0,0,0.0,0,0.0
경기,광명시,종합병원,2011,1,0,0,0.0,0,0.0
경기,광명시,종합병원,2012,1,0,0,0.0,0,0.0
경기,광명시,종합병원,2013,1,0,0,0.0,0,0.0
경기,광명시,종합병원,2014,1,0,0,0.0,0,0.0
경기,광명시,종합병원,2015,1,0,0,0.0,0,0.0
경기,광명시,종합병원,2016,1,0,0,0.0,0,0.0
경기,광명시,종합병원,2017,1,0,0,0.0,0,0.0
경기,광명시,종합병원,2018,1,0,0,0.0,0,0.0
경기,광명시,종합병원,2019,1,0,0,0.0,0,0.0
경기,광명시,종합병원,2020,1,0,0,0.0,0,0.0
경기,광명시,종합병원,2021,1,0,0,0.0,0,0.0
경기,광명시,종합병원,2022,2,1,0,0.0,1,0.5
경기,광명시,종합병원,2023,2,0,0,0.0,0,0.0
경기,광명시,종합병원,2024,2,0,0,0.0,0,0.0
경기,광명시,종합병원,2025,2,0,0,0.0,0,0.0
경기,광주시,병원,2007,2,,0,0.0,,
경기,광주시,병원,2008,2,0,0,0.0,0,0.0
경기,광주시,병원,2009,2,0,0,0.0,0,0.0
경기,광주시,병원,2010,3,1,0,0.0,1,0.3333333333333333
경기,광주시,병원,2011,4,1,0,0.0,1,0.25
경기,광주시,병원,2012,5,1,2,0.4,3,0.6
경기,광주시,병원,2013,3,-2,0,0.0,-2,-0.6666666666666666
경기,광주시,병원,2014,4,1,1,0.25,2,0.5
경기,광주시,병원,2015,3,-1,0,0.0,-1,-0.3333333333333333
경기,광주시,병원,2016,3,0,1,0.3333333333333333,1,0.3333333333333333
경기,광주시,병원,2017,2,-1,0,0.0,-1,-0.5
경기,광주시,병원,2018,2,0,0,0.0,0,0.0
경기,광주시,병원,2019,2,0,0,0.0,0,0.0
경기,광주시,병원,2020,2,0,0,0.0,0,0.0
경기,광주시,병원,2021,2,0,0,0.0,0,0.0
경기,광주시,병원,2022,2,0,0,0.0,0,0.0
경기,광주시,병원,2023,2,0,0,0.0,0,0.0
경기,광주시,병원,2024,2,0,0,0.0,0,0.0
경기,광주시,병원,2025,3,1,0,0.0,1,0.3333333333333333
경기,광주시,상급종합병원,2007,0,,0,,,
경기,광주시,상급종합병원,2008,0,0,0,,0,
경기,광주시,상급종합병원,2009,0,0,0,,0,
경기,광주시,상급종합병원,2010,0,0,0,,0,
경기,광주시,상급종합병원,2011,0,0,0,,0,
경기,광주시,상급종합병원,2012,0,0,0,,0,
경기,광주시,상급종합병원,2013,0,0,0,,0,
경기,광주시,상급종합병원,2014,0,0,0,,0,
경기,광주시,상급종합병원,2015,0,0,0,,0,
경기,광주시,상급종합병원,2016,0,0,0,,0,
경기,광주시,상급종합병원,2017,0,0,0,,0,
경기,광주시,상급종합병원,2018,0,0,0,,0,
경기,광주시,상급종합병원,2019,0,0,0,,0,
경기,광주시,상급종합병원,2020,0,0,0,,0,
경기,광주시,상급종합병원,2021,0,0,0,,0,
경기,광주시,상급종합병원,2022,0,0,0,,0,
경기,광주시,상급종합병원,2023,0,0,0,,0,
경기,광주시,상급종합병원,2024,0,0,0,,0,
경기,광주시,상급종합병원,2025,0,0,0,,0,
경기,광주시,의원,2007,79,,2,0.02531645569620253,,
경기,광주시,의원,2008,85,6,3,0.03529411764705882,9,0.10588235294117647
경기,광주시,의원,2009,84,-1,2,0.023809523809523808,1,0.011904761904761904
경기,광주시,의원,2010,87,3,2,0.022988505747126436,5,0.05747126436781609
경기,광주시,의원,2011,89,2,4,0.0449438202247191,6,0.06741573033707865
경기,광주시,의원,2012,91,2,5,0.054945054945054944,7,0.07692307692307693
경기,광주시,의원,2013,90,-1,0,0.0,-1,-0.011111111111111112
경기,광주시,의원,2014,96,6,1,0.010416666666666666,7,0.07291666666666667
경기,광주시,의원,2015,95,-1,3,0.031578947368421054,2,0.021052631578947368
경기,광주시,의원,2016,98,3,2,0.02040816326530612,5,0.05102040816326531
경기,광주시,의원,2017,105,7,1,0.009523809523809525,8,0.0761904761904762
경기,광주시,의원,2018,113,8,3,0.02654867256637168,11,0.09734513274336283
경기,광주시,의원,2019,126,13,1,0.007936507936507936,14,0.1111111111111111
경기,광주시,의원,2020,131,5,2,0.015267175572519083,7,0.05343511450381679
경기,광주시,의원,2021,133,2,2,0.015037593984962405,4,0.03007518796992481
경기,광주시,의원,2022,139,6,0,0.0,6,0.04316546762589928
경기,광주시,의원,2023,150,11,2,0.013333333333333334,13,0.08666666666666667
경기,광주시,의원,2024,157,7,0,0.0,7,0.044585987261146494
경기,광주시,의원,2025,166,9,4,0.024096385542168676,13,0.0783132530120482
경기,광주시,종합병원,2007,0,,0,,,
경기,광주시,종합병원,2008,0,0,0,,0,
경기,광주시,종합병원,2009,0,0,0,,0,
경기,광주시,종합병원,2010,0,0,0,,0,
경기,광주시,종합병원,2011,0,0,0,,0,
경기,광주시,종합병원,2012,0,0,0,,0,
경기,광주시,종합병원,2013,0,0,0,,0,
경기,광주시,종합병원,2014,0,0,0,,0,
경기,광주시,종합병원,2015,0,0,0,,0,
경기,광주시,종합병원,2016,0,0,0,,0,
경기,광주시,종합병원,2017,1,1,0,0.0,1,1.0
경기,광주시,종합병원,2018,1,0,0,0.0,0,0.0
경기,광주시,종합병원,2019,1,0,0,0.0,0,0.0
경기,광주시,종합병원,2020,1,0,0,0.0,0,0.0
경기,광주시,종합병원,2021,1,0,0,0.0,0,0.0
경기,광주시,종합병원,2022,1,0,0,0.0,0,0.0
경기,광주시,종합병원,2023,1,0,0,0.0,0,0.0
경기,광주시,종합병원,2024,1,0,0,0.0,0,0.0
경기,광주시,종합병원,2025,1,0,0,0.0,0,0.0
경기,구리시,병원,2007,6,,0,0.0,,
경기,구리시,병원,2008,6,0,2,0.3333333333333333,2,0.3333333333333333
경기,구리시,병원,2009,6,0,1,0.16666666666666666,1,0.16666666666666666
경기,구리시,병원,2010,7,1,0,0.0,1,0.14285714285714285
경기,구리시,병원,2011,7,0,1,0.14285714285714285,1,0.14285714285714285
경기,구리시,병원,2012,9,2,1,0.1111111111111111,3,0.3333333333333333
경기,구리시,병원,2013,10,1,0,0.0,1,0.1
경기,구리시,병원,2014,10,0,0,0.0,0,0.0
경기,구리시,병원,2015,10,0,1,0.1,1,0.1
경기,구리시,병원,2016,10,0,2,0.2,2,0.2
경기,구리시,병원,2017,8,-2,2,0.25,0,0.0
경기,구리시,병원,2018,9,1,0,0.0,1,0.1111111111111111
경기,구리시,병원,2019,9,0,0,0.0,0,0.0
경기,구리시,병원,2020,9,0,1,0.1111111111111111,1,0.1111111111111111
경기,구리시,병원,2021,8,-1,0,0.0,-1,-0.125
경기,구리시,병원,2022,8,0,0,0.0,0,0.0
경기,구리시,병원,2023,8,0,0,0.0,0,0.0
경기,구리시,병원,2024,8,0,0,0.0,0,0.0
경기,구리시,병원,2025,8,0,1,0.125,1,0.125
경기,구리시,상급종합병원,2007,0,,0,,,
경기,구리시,상급종합병원,2008,0,0,0,,0,
경기,구리시,상급종합병원,2009,0,0,0,,0,
경기,구리시,상급종합병원,2010,0,0,0,,0,
경기,구리시,상급종합병원,2011,0,0,0,,0,
경기,구리시,상급종합병원,2012,0,0,0,,0,
경기,구리시,상급종합병원,2013,0,0,0,,0,
경기,구리시,상급종합병원,2014,0,0,0,,0,
경기,구리시,상급종합병원,2015,0,0,0,,0,
경기,구리시,상급종합병원,2016,0,0,0,,0,
경기,구리시,상급종합병원,2017,0,0,0,,0,
경기,구리시,상급종합병원,2018,0,0,0,,0,
경기,구리시,상급종합병원,2019,0,0,0,,0,
경기,구리시,상급종합병원,2020,0,0,0,,0,
경기,구리시,상급종합병원,2021,0,0,0,,0,
경기,구리시,상급종합병원,2022,0,0,0,,0,
경기,구리시,상급종합병원,2023,0,0,0,,0,
경기,구리시,상급종합병원,2024,0,0,0,,0,
경기,구리시,상급종합병원,2025,0,0,0,,0,
경기,구리시,의원,2007,106,,7,0.0660377358490566,,
경기,구리시,의원,2008,110,4,6,0.05454545454545454,10,0.09090909090909091
경기,구리시,의원,2009,114,4,2,0.017543859649122806,6,0.05263157894736842
경기,구리시,의원,2010,116,2,8,0.06896551724137931,10,0.08620689655172414
경기,구리시,의원,2011,119,3,6,0.05042016806722689,9,0.07563025210084033
경기,구리시,의원,2012,115,-4,11,0.09565217391304348,7,0.06086956521739131
경기,구리시,의원,2013,117,2,4,0.03418803418803419,6,0.05128205128205128
경기,구리시,의원,2014,121,4,4,0.03305785123966942,8,0.06611570247933884
경기,구리시,의원,2015,123,2,3,0.024390243902439025,5,0.04065040650406504
경기,구리시,의원,2016,125,2,2,0.016,4,0.032
경기,구리시,의원,2017,136,11,4,0.029411764705882353,15,0.11029411764705882
경기,구리시,의원,2018,145,9,2,0.013793103448275862,11,0.07586206896551724
경기,구리시,의원,2019,146,1,4,0.0273972602739726,5,0.03424657534246575
경기,구리시,의원,2020,145,-1,4,0.027586206896551724,3,0.020689655172413793
경기,구리시,의원,2021,150,5,6,0.04,11,0.07333333333333333
경기,구리시,의원,2022,151,1,4,0.026490066225165563,5,0.033112582781456956
경기,구리시,의원,2023,154,3,3,0.01948051948051948,6,0.03896103896103896
경기,구리시,의원,2024,161,7,6,0.037267080745341616,13,0.08074534161490683
경기,구리시,의원,2025,171,10,8,0.04678362573099415,18,0.10526315789473684
경기,구리시,종합병원,2007,1,,0,0.0,,
경기,구리시,종합병원,2008,1,0,0,0.0,0,0.0
경기,구리시,종합병원,2009,1,0,0,0.0,0,0.0
경기,구리시,종합병원,2010,1,0,0,0.0,0,0.0
경기,구리시,종합병원,2011,1,0,0,0.0,0,0.0
경기,구리시,종합병원,2012,1,0,0,0.0,0,0.0
경기,구리시,종합병원,2013,1,0,0,0.0,0,0.0
경기,구리시,종합병원,2014,1,0,0,0.0,0,0.0
경기,구리시,종합병원,2015,1,0,0,0.0,0,0.0
경기,구리시,종합병원,2016,1,0,0,0.0,0,0.0
경기,구리시,종합병원,2017,1,0,0,0.0,0,0.0
경기,구리시,종합병원,2018,1,0,0,0.0,0,0.0
경기,구리시,종합병원,2019,1,0,0,0.0,0,0.0
경기,구리시,종합병원,2020,1,0,0,0.0,0,0.0
경기,구리시,종합병원,2021,1,0,0,0.0,0,0.0
경기,구리시,종합병원,2022,1,0,0,0.0,0,0.0
경기,구리시,종합병원,2023,1,0,0,0.0,0,0.0
경기,구리시,종합병원,2024,1,0,0,0.0,0,0.0
경기,구리시,종합병원,2025,1,0,0,0.0,0,0.0
경기,군포시,병원,2007,3,,1,0.3333333333333333,,
경기,군포시,병원,2008,3,0,0,0.0,0,0.0
경기,군포시,병원,2009,3,0,0,0.0,0,0.0
경기,군포시,병원,2010,4,1,0,0.0,1,0.25
경기,군포시,병원,2011,4,0,3,0.75,3,0.75
경기,군포시,병원,2012,3,-1,0,0.0,-1,-0.3333333333333333
경기,군포시,병원,2013,3,0,1,0.3333333333333333,1,0.3333333333333333
경기,군포시,병원,2014,3,0,0,0.0,0,0.0
경기,군포시,병원,2015,2,-1,1,0.5,0,0.0
경기,군포시,병원,2016,3,1,0,0.0,1,0.3333333333333333
경기,군포시,병원,2017,3,0,1,0.3333333333333333,1,0.3333333333333333
경기,군포시,병원,2018,3,0,0,0.0,0,0.0
경기,군포시,병원,2019,3,0,0,0.0,0,0.0
경기,군포시,병원,2020,3,0,0,0.0,0,0.0
경기,군포시,병원,2021,3,0,0,0.0,0,0.0
경기,군포시,병원,2022,3,0,0,0.0,0,0.0
경기,군포시,병원,2023,3,0,0,0.0,0,0.0
경기,군포시,병원,2024,4,1,0,0.0,1,0.25
경기,군포시,병원,2025,4,0,0,0.0,0,0.0
경기,군포시,상급종합병원,2007,0,,0,,,
경기,군포시,상급종합병원,2008,0,0,0,,0,
경기,군포시,상급종합병원,2009,0,0,0,,0,
경기,군포시,상급종합병원,2010,0,0,0,,0,
경기,군포시,상급종합병원,2011,0,0,0,,0,
경기,군포시,상급종합병원,2012,0,0,0,,0,
경기,군포시,상급종합병원,2013,0,0,0,,0,
경기,군포시,상급종합병원,2014,0,0,0,,0,
경기,군포시,상급종합병원,2015,0,0,0,,0,
경기,군포시,상급종합병원,2016,0,0,0,,0,
경기,군포시,상급종합병원,2017,0,0,0,,0,
경기,군포시,상급종합병원,2018,0,0,0,,0,
경기,군포시,상급종합병원,2019,0,0,0,,0,
경기,군포시,상급종합병원,2020,0,0,0,,0,
경기,군포시,상급종합병원,2021,0,0,0,,0,
경기,군포시,상급종합병원,2022,0,0,0,,0,
경기,군포시,상급종합병원,2023,0,0,0,,0,
경기,군포시,상급종합병원,2024,0,0,0,,0,
경기,군포시,상급종합병원,2025,0,0,0,,0,
경기,군포시,의원,2007,130,,5,0.038461538461538464,,
경기,군포시,의원,2008,129,-1,5,0.03875968992248062,4,0.031007751937984496
경기,군포시,의원,2009,130,1,3,0.023076923076923078,4,0.03076923076923077
경기,군포시,의원,2010,127,-3,4,0.031496062992125984,1,0.007874015748031496
경기,군포시,의원,2011,126,-1,3,0.023809523809523808,2,0.015873015873015872
경기,군포시,의원,2012,129,3,5,0.03875968992248062,8,0.06201550387596899
경기,군포시,의원,2013,130,1,2,0.015384615384615385,3,0.023076923076923078
경기,군포시,의원,2014,129,-1,2,0.015503875968992248,1,0.007751937984496124
경기,군포시,의원,2015,130,1,5,0.038461538461538464,6,0.046153846153846156
경기,군포시,의원,2016,134,4,4,0.029850746268656716,8,0.05970149253731343
경기,군포시,의원,2017,135,1,4,0.02962962962962963,5,0.037037037037037035
경기,군포시,의원,2018,133,-2,1,0.007518796992481203,-1,-0.007518796992481203
경기,군포시,의원,2019,136,3,2,0.014705882352941176,5,0.03676470588235294
경기,군포시,의원,2020,139,3,6,0.04316546762589928,9,0.06474820143884892
경기,군포시,의원,2021,137,-2,0,0.0,-2,-0.014598540145985401
경기,군포시,의원,2022,139,2,3,0.02158273381294964,5,0.03597122302158273
경기,군포시,의원,2023,140,1,3,0.02142857142857143,4,0.02857142857142857
경기,군포시,의원,2024,144,4,2,0.013888888888888888,6,0.041666666666666664
경기,군포시,의원,2025,147,3,4,0.027210884353741496,7,0.047619047619047616
경기,군포시,종합병원,2007,1,,0,0.0,,
경기,군포시,종합병원,2008,1,0,0,0.0,0,0.0
경기,군포시,종합병원,2009,1,0,0,0.0,0,0.0
경기,군포시,종합병원,2010,1,0,0,0.0,0,0.0
경기,군포시,종합병원,2011,1,0,0,0.0,0,0.0
경기,군포시,종합병원,2012,1,0,0,0.0,0,0.0
경기,군포시,종합병원,2013,1,0,0,0.0,0,0.0
경기,군포시,종합병원,2014,2,1,0,0.0,1,0.5
경기,군포시,종합병원,2015,2,0,0,0.0,0,0.0
경기,군포시,종합병원,2016,2,0,0,0.0,0,0.0
경기,군포시,종합병원,2017,2,0,0,0.0,0,0.0
경기,군포시,종합병원,2018,2,0,0,0.0,0,0.0
경기,군포시,종합병원,2019,2,0,0,0.0,0,0.0
경기,군포시,종합병원,2020,2,0,0,0.0,0,0.0
경기,군포시,종합병원,2021,2,0,0,0.0,0,0.0
경기,군포시,종합병원,2022,2,0,0,0.0,0,0.0
경기,군포시,종합병원,2023,2,0,0,0.0,0,0.0
경기,군포시,종합병원,2024,2,0,0,0.0,0,0.0
경기,군포시,종합병원,2025,2,0,0,0.0,0,0.0
경기,김포시,병원,2007,8,,1,0.125,,
경기,김포시,병원,2008,8,0,0,0.0,0,0.0
경기,김포시,병원,2009,9,1,3,0.3333333333333333,4,0.4444444444444444
경기,김포시,병원,2010,9,0,0,0.0,0,0.0
경기,김포시,병원,2011,9,0,1,0.1111111111111111,1,0.1111111111111111
경기,김포시,병원,2012,8,-1,1,0.125,0,0.0
경기,김포시,병원,2013,7,-1,0,0.0,-1,-0.14285714285714285
경기,김포시,병원,2014,7,0,0,0.0,0,0.0
경기,김포시,병원,2015,7,0,0,0.0,0,0.0
경기,김포시,병원,2016,7,0,0,0.0,0,0.0
경기,김포시,병원,2017,7,0,2,0.2857142857142857,2,0.2857142857142857
경기,김포시,병원,2018,8,1,0,0.0,1,0.125
경기,김포시,병원,2019,13,5,0,0.0,5,0.38461538461538464
경기,김포시,병원,2020,15,2,2,0.13333333333333333,4,0.26666666666666666
경기,김포시,병원,2021,16,1,1,0.0625,2,0.125
경기,김포시,병원,2022,16,0,0,0.0,0,0.0
경기,김포시,병원,2023,16,0,2,0.125,2,0.125
경기,김포시,병원,2024,15,-1,0,0.0,-1,-0.06666666666666667
경기,김포시,병원,2025,14,-1,1,0.07142857142857142,0,0.0
경기,김포시,상급종합병원,2007,0,,0,,,
경기,김포시,상급종합병원,2008,0,0,0,,0,
경기,김포시,상급종합병원,2009,0,0,0,,0,
경기,김포시,상급종합병원,2010,0,0,0,,0,
경기,김포시,상급종합병원,2011,0,0,0,,0,
경기,김포시,상급종합병원,2012,0,0,0,,0,
경기,김포시,상급종합병원,2013,0,0,0,,0,
경기,김포시,상급종합병원,2014,0,0,0,,0,
경기,김포시,상급종합병원,2015,0,0,0,,0,
경기,김포시,상급종합병원,2016,0,0,0,,0,
경기,김포시,상급종합병원,2017,0,0,0,,0,
경기,김포시,상급종합병원,2018,0,0,0,,0,
경기,김포시,상급종합병원,2019,0,0,0,,0,
경기,김포시,상급종합병원,2020,0,0,0,,0,
경기,김포시,상급종합병원,2021,0,0,0,,0,
경기,김포시,상급종합병원,2022,0,0,0,,0,
경기,김포시,상급종합병원,2023,0,0,0,,0,
경기,김포시,상급종합병원,2024,0,0,0,,0,
경기,김포시,상급종합병원,2025,0,0,0,,0,
경기,김포시,의원,2007,84,,7,0.08333333333333333,,
경기,김포시,의원,2008,76,-8,1,0.013157894736842105,-7,-0.09210526315789473
경기,김포시,의원,2009,91,15,7,0.07692307692307693,22,0.24175824175824176
경기,김포시,의원,2010,97,6,6,0.061855670103092786,12,0.12371134020618557
경기,김포시,의원,2011,98,1,4,0.04081632653061224,5,0.05102040816326531
경기,김포시,의원,2012,99,1,5,0.050505050505050504,6,0.06060606060606061
경기,김포시,의원,2013,109,10,4,0.03669724770642202,14,0.12844036697247707
경기,김포시,의원,2014,126,17,2,0.015873015873015872,19,0.15079365079365079
경기,김포시,의원,2015,141,15,6,0.0425531914893617,21,0.14893617021276595
경기,김포시,의원,2016,158,17,3,0.0189873417721519,20,0.12658227848101267
경기,김포시,의원,2017,171,13,7,0.04093567251461988,20,0.11695906432748537
경기,김포시,의원,2018,184,13,4,0.021739130434782608,17,0.09239130434782608
경기,김포시,의원,2019,190,6,7,0.03684210526315789,13,0.06842105263157895
경기,김포시,의원,2020,199,9,11,0.05527638190954774,20,0.10050251256281408
경기,김포시,의원,2021,226,27,11,0.048672566371681415,38,0.168141592920354
경기,김포시,의원,2022,232,6,6,0.02586206896551724,12,0.05172413793103448
경기,김포시,의원,2023,247,15,7,0.02834008097165992,22,0.08906882591093117
경기,김포시,의원,2024,254,7,5,0.01968503937007874,12,0.047244094488188976
경기,김포시,의원,2025,257,3,10,0.038910505836575876,13,0.05058365758754864
경기,김포시,종합병원,2007,1,,0,0.0,,
경기,김포시,종합병원,2008,1,0,0,0.0,0,0.0
경기,김포시,종합병원,2009,1,0,0,0.0,0,0.0
경기,김포시,종합병원,2010,1,0,0,0.0,0,0.0
경기,김포시,종합병원,2011,1,0,0,0.0,0,0.0
경기,김포시,종합병원,2012,1,0,1,1.0,1,1.0
경기,김포시,종합병원,2013,2,1,0,0.0,1,0.5
경기,김포시,종합병원,2014,2,0,0,0.0,0,0.0
경기,김포시,종합병원,2015,2,0,0,0.0,0,0.0
경기,김포시,종합병원,2016,2,0,0,0.0,0,0.0
경기,김포시,종합병원,2017,2,0,0,0.0,0,0.0
경기,김포시,종합병원,2018,2,0,0,0.0,0,0.0
경기,김포시,종합병원,2019,2,0,0,0.0,0,0.0
경기,김포시,종합병원,2020,2,0,0,0.0,0,0.0
경기,김포시,종합병원,2021,2,0,0,0.0,0,0.0
경기,김포시,종합병원,2022,2,0,0,0.0,0,0.0
경기,김포시,종합병원,2023,2,0,0,0.0,0,0.0
경기,김포시,종합병원,2024,2,0,0,0.0,0,0.0
경기,김포시,종합병원,2025,2,0,0,0.0,0,0.0
경기,남양주시,병원,2007,8,,1,0.125,,
경기,남양주시,병원,2008,9,1,0,0.0,1,0.1111111111111111
경기,남양주시,병원,2009,8,-1,1,0.125,0,0.0
경기,남양주시,병원,2010,9,1,2,0.2222222222222222,3,0.3333333333333333
경기,남양주시,병원,2011,10,1,1,0.1,2,0.2
경기,남양주시,병원,2012,12,2,0,0.0,2,0.16666666666666666
경기,남양주시,병원,2013,13,1,2,0.15384615384615385,3,0.23076923076923078
경기,남양주시,병원,2014,14,1,1,0.07142857142857142,2,0.14285714285714285
경기,남양주시,병원,2015,13,-1,1,0.07692307692307693,0,0.0
경기,남양주시,병원,2016,13,0,0,0.0,0,0.0
경기,남양주시,병원,2017,12,-1,2,0.16666666666666666,1,0.08333333333333333
경기,남양주시,병원,2018,12,0,2,0.16666666666666666,2,0.16666666666666666
경기,남양주시,병원,2019,11,-1,0,0.0,-1,-0.09090909090909091
경기,남양주시,병원,2020,12,1,0,0.0,1,0.08333333333333333
경기,남양주시,병원,2021,14,2,2,0.14285714285714285,4,0.2857142857142857
경기,남양주시,병원,2022,15,1,1,0.06666666666666667,2,0.13333333333333333
경기,남양주시,병원,2023,15,0,0,0.0,0,0.0
경기,남양주시,병원,2024,16,1,2,0.125,3,0.1875
경기,남양주시,병원,2025,18,2,1,0.05555555555555555,3,0.16666666666666666
경기,남양주시,상급종합병원,2007,0,,0,,,
경기,남양주시,상급종합병원,2008,0,0,0,,0,
경기,남양주시,상급종합병원,2009,0,0,0,,0,
경기,남양주시,상급종합병원,2010,0,0,0,,0,
경기,남양주시,상급종합병원,2011,0,0,0,,0,
경기,남양주시,상급종합병원,2012,0,0,0,,0,
경기,남양주시,상급종합병원,2013,0,0,0,,0,
경기,남양주시,상급종합병원,2014,0,0,0,,0,
경기,남양주시,상급종합병원,2015,0,0,0,,0,
경기,남양주시,상급종합병원,2016,0,0,0,,0,
경기,남양주시,상급종합병원,2017,0,0,0,,0,
경기,남양주시,상급종합병원,2018,0,0,0,,0,
경기,남양주시,상급종합병원,2019,0,0,0,,0,
경기,남양주시,상급종합병원,2020,0,0,0,,0,
경기,남양주시,상급종합병원,2021,0,0,0,,0,
경기,남양주시,상급종합병원,2022,0,0,0,,0,
경기,남양주시,상급종합병원,2023,0,0,0,,0,
경기,남양주시,상급종합병원,2024,0,0,0,,0,
경기,남양주시,상급종합병원,2025,0,0,0,,0,
경기,남양주시,의원,2007,204,,20,0.09803921568627451,,
경기,남양주시,의원,2008,194,-10,7,0.03608247422680412,-3,-0.015463917525773196
경기,남양주시,의원,2009,202,8,13,0.06435643564356436,21,0.10396039603960396
경기,남양주시,의원,2010,205,3,11,0.05365853658536585,14,0.06829268292682927
경기,남양주시,의원,2011,214,9,8,0.037383177570093455,17,0.0794392523364486
경기,남양주시,의원,2012,231,17,15,0.06493506493506493,32,0.13852813852813853
경기,남양주시,의원,2013,242,11,8,0.03305785123966942,19,0.07851239669421488
경기,남양주시,의원,2014,253,11,8,0.03162055335968379,19,0.07509881422924901
경기,남양주시,의원,2015,262,9,7,0.026717557251908396,16,0.061068702290076333
경기,남양주시,의원,2016,262,0,10,0.03816793893129771,10,0.03816793893129771
경기,남양주시,의원,2017,271,9,6,0.02214022140221402,15,0.055350553505535055
경기,남양주시,의원,2018,278,7,7,0.025179856115107913,14,0.050359712230215826
경기,남양주시,의원,2019,293,15,6,0.020477815699658702,21,0.07167235494880546
경기,남양주시,의원,2020,314,21,12,0.03821656050955414,33,0.10509554140127389
경기,남양주시,의원,2021,316,2,10,0.03164556962025317,12,0.0379746835443038
경기,남양주시,의원,2022,344,28,11,0.03197674418604651,39,0.11337209302325581
경기,남양주시,의원,2023,363,19,12,0.03305785123966942,31,0.08539944903581267
경기,남양주시,의원,2024,376,13,11,0.02925531914893617,24,0.06382978723404255
경기,남양주시,의원,2025,395,19,8,0.020253164556962026,27,0.06835443037974684
경기,남양주시,종합병원,2007,1,,0,0.0,,
경기,남양주시,종합병원,2008,1,0,0,0.0,0,0.0
경기,남양주시,종합병원,2009,3,2,0,0.0,2,0.6666666666666666
경기,남양주시,종합병원,2010,4,1,0,0.0,1,0.25
경기,남양주시,종합병원,2011,3,-1,1,0.3333333333333333,0,0.0
경기,남양주시,종합병원,2012,3,0,0,0.0,0,0.0
경기,남양주시,종합병원,2013,3,0,0,0.0,0,0.0
경기,남양주시,종합병원,2014,3,0,0,0.0,0,0.0
경기,남양주시,종합병원,2015,3,0,0,0.0,0,0.0
경기,남양주시,종합병원,2016,3,0,0,0.0,0,0.0
경기,남양주시,종합병원,2017,3,0,0,0.0,0,0.0
경기,남양주시,종합병원,2018,3,0,1,0.3333333333333333,1,0.3333333333333333
경기,남양주시,종합병원,2019,3,0,0,0.0,0,0.0
경기,남양주시,종합병원,2020,3,0,0,0.0,0,0.0
경기,남양주시,종합병원,2021,3,0,0,0.0,0,0.0
경기,남양주시,종합병원,2022,3,0,0,0.0,0,0.0
경기,남양주시,종합병원,2023,2,-1,1,0.5,0,0.0
경기,남양주시,종합병원,2024,2,0,0,0.0,0,0.0
경기,남양주시,종합병원,2025,2,0,0,0.0,0,0.0
경기,동두천시,병원,2007,2,,0,0.0,,
경기,동두천시,병원,2008,3,1,0,0.0,1,0.3333333333333333
경기,동두천시,병원,2009,3,0,0,0.0,0,0.0
경기,동두천시,병원,2010,3,0,0,0.0,0,0.0
경기,동두천시,병원,2011,3,0,0,0.0,0,0.0
경기,동두천시,병원,2012,3,0,0,0.0,0,0.0
경기,동두천시,병원,2013,3,0,0,0.0,0,0.0
경기,동두천시,병원,2014,3,0,0,0.0,0,0.0
경기,동두천시,병원,2015,3,0,1,0.3333333333333333,1,0.3333333333333333
경기,동두천시,병원,2016,2,-1,0,0.0,-1,-0.5
경기,동두천시,병원,2017,1,-1,0,0.0,-1,-1.0
경기,동두천시,병원,2018,1,0,0,0.0,0,0.0
경기,동두천시,병원,2019,1,0,0,0.0,0,0.0
경기,동두천시,병원,2020,1,0,0,0.0,0,0.0
경기,동두천시,병원,2021,1,0,0,0.0,0,0.0
경기,동두천시,병원,2022,1,0,0,0.0,0,0.0
경기,동두천시,병원,2023,1,0,0,0.0,0,0.0
경기,동두천시,병원,2024,1,0,0,0.0,0,0.0
경기,동두천시,병원,2025,2,1,0,0.0,1,0.5
경기,동두천시,상급종합병원,2007,0,,0,,,
경기,동두천시,상급종합병원,2008,0,0,0,,0,
경기,동두천시,상급종합병원,2009,0,0,0,,0,
경기,동두천시,상급종합병원,2010,0,0,0,,0,
경기,동두천시,상급종합병원,2011,0,0,0,,0,
경기,동두천시,상급종합병원,2012,0,0,0,,0,
경기,동두천시,상급종합병원,2013,0,0,0,,0,
경기,동두천시,상급종합병원,2014,0,0,0,,0,
경기,동두천시,상급종합병원,2015,0,0,0,,0,
경기,동두천시,상급종합병원,2016,0,0,0,,0,
경기,동두천시,상급종합병원,2017,0,0,0,,0,
경기,동두천시,상급종합병원,2018,0,0,0,,0,
경기,동두천시,상급종합병원,2019,0,0,0,,0,
경기,동두천시,상급종합병원,2020,0,0,0,,0,
경기,동두천시,상급종합병원,2021,0,0,0,,0,
경기,동두천시,상급종합병원,2022,0,0,0,,0,
경기,동두천시,상급종합병원,2023,0,0,0,,0,
경기,동두천시,상급종합병원,2024,0,0,0,,0,
경기,동두천시,상급종합병원,2025,0,0,0,,0,
경기,동두천시,의원,2007,42,,6,0.14285714285714285,,
경기,동두천시,의원,2008,38,-4,4,0.10526315789473684,0,0.0
경기,동두천시,의원,2009,35,-3,1,0.02857142857142857,-2,-0.05714285714285714
경기,동두천시,의원,2010,35,0,3,0.08571428571428572,3,0.08571428571428572
경기,동두천시,의원,2011,34,-1,3,0.08823529411764706,2,0.058823529411764705
경기,동두천시,의원,2012,34,0,1,0.029411764705882353,1,0.029411764705882353
경기,동두천시,의원,2013,35,1,1,0.02857142857142857,2,0.05714285714285714
경기,동두천시,의원,2014,37,2,1,0.02702702702702703,3,0.08108108108108109
경기,동두천시,의원,2015,38,1,0,0.0,1,0.02631578947368421
경기,동두천시,의원,2016,38,0,0,0.0,0,0.0
경기,동두천시,의원,2017,39,1,1,0.02564102564102564,2,0.05128205128205128
경기,동두천시,의원,2018,41,2,1,0.024390243902439025,3,0.07317073170731707
경기,동두천시,의원,2019,42,1,1,0.023809523809523808,2,0.047619047619047616
경기,동두천시,의원,2020,41,-1,1,0.024390243902439025,0,0.0
경기,동두천시,의원,2021,40,-1,2,0.05,1,0.025
경기,동두천시,의원,2022,40,0,1,0.025,1,0.025
경기,동두천시,의원,2023,42,2,1,0.023809523809523808,3,0.07142857142857142
경기,동두천시,의원,2024,42,0,0,0.0,0,0.0
경기,동두천시,의원,2025,42,0,0,0.0,0,0.0
경기,동두천시,종합병원,2007,0,,0,,,
경기,동두천시,종합병원,2008,0,0,0,,0,
경기,동두천시,종합병원,2009,0,0,0,,0,
경기,동두천시,종합병원,2010,0,0,0,,0,
경기,동두천시,종합병원,2011,0,0,0,,0,
경기,동두천시,종합병원,2012,0,0,0,,0,
경기,동두천시,종합병원,2013,0,0,0,,0,
경기,동두천시,종합병원,2014,0,0,0,,0,
경기,동두천시,종합병원,2015,0,0,0,,0,
경기,동두천시,종합병원,2016,0,0,0,,0,
경기,동두천시,종합병원,2017,0,0,0,,0,
경기,동두천시,종합병원,2018,0,0,0,,0,
경기,동두천시,종합병원,2019,0,0,0,,0,
경기,동두천시,종합병원,2020,0,0,0,,0,
경기,동두천시,종합병원,2021,0,0,0,,0,
경기,동두천시,종합병원,2022,0,0,0,,0,
경기,동두천시,종합병원,2023,0,0,0,,0,
경기,동두천시,종합병원,2024,0,0,0,,0,
경기,동두천시,종합병원,2025,0,0,0,,0,
경기,부천시,병원,2007,12,,0,0.0,,
경기,부천시,병원,2008,19,7,2,0.10526315789473684,9,0.47368421052631576
경기,부천시,병원,2009,24,5,1,0.041666666666666664,6,0.25
경기,부천시,병원,2010,22,-2,5,0.22727272727272727,3,0.13636363636363635
경기,부천시,병원,2011,25,3,2,0.08,5,0.2
경기,부천시,병원,2012,25,0,2,0.08,2,0.08
경기,부천시,병원,2013,26,1,0,0.0,1,0.038461538461538464
경기,부천시,병원,2014,26,0,2,0.07692307692307693,2,0.07692307692307693
경기,부천시,병원,2015,28,2,4,0.14285714285714285,6,0.21428571428571427
경기,부천시,병원,2016,27,-1,1,0.037037037037037035,0,0.0
경기,부천시,병원,2017,25,-2,1,0.04,-1,-0.04
경기,부천시,병원,2018,24,-1,1,0.041666666666666664,0,0.0
경기,부천시,병원,2019,23,-1,1,0.043478260869565216,0,0.0
경기,부천시,병원,2020,22,-1,3,0.13636363636363635,2,0.09090909090909091
경기,부천시,병원,2021,22,0,1,0.045454545454545456,1,0.045454545454545456
경기,부천시,병원,2022,21,-1,3,0.14285714285714285,2,0.09523809523809523
경기,부천시,병원,2023,21,0,2,0.09523809523809523,2,0.09523809523809523
경기,부천시,병원,2024,19,-2,3,0.15789473684210525,1,0.05263157894736842
경기,부천시,병원,2025,20,1,0,0.0,1,0.05
경기,부천시,상급종합병원,2007,0,,0,,,
경기,부천시,상급종합병원,2008,0,0,0,,0,
경기,부천시,상급종합병원,2009,1,1,0,0.0,1,1.0
경기,부천시,상급종합병원,2010,1,0,0,0.0,0,0.0
경기,부천시,상급종합병원,2011,1,0,0,0.0,0,0.0
경기,부천시,상급종합병원,2012,1,0,0,0.0,0,0.0
경기,부천시,상급종합병원,2013,1,0,0,0.0,0,0.0
경기,부천시,상급종합병원,2014,1,0,0,0.0,0,0.0
경기,부천시,상급종합병원,2015,1,0,0,0.0,0,0.0
경기,부천시,상급종합병원,2016,1,0,0,0.0,0,0.0
경기,부천시,상급종합병원,2017,1,0,0,0.0,0,0.0
경기,부천시,상급종합병원,2018,1,0,0,0.0,0,0.0
경기,부천시,상급종합병원,2019,1,0,0,0.0,0,0.0
경기,부천시,상급종합병원,2020,1,0,0,0.0,0,0.0
경기,부천시,상급종합병원,2021,1,0,0,0.0,0,0.0
경기,부천시,상급종합병원,2022,1,0,0,0.0,0,0.0
경기,부천시,상급종합병원,2023,1,0,0,0.0,0,0.0
경기,부천시,상급종합병원,2024,1,0,0,0.0,0,0.0
경기,부천시,상급종합병원,2025,1,0,0,0.0,0,0.0
경기,부천시,의원,2007,470,,39,0.08297872340425531,,
경기,부천시,의원,2008,460,-10,36,0.0782608695652174,26,0.05652173913043478
경기,부천시,의원,2009,477,17,30,0.06289308176100629,47,0.09853249475890985
경기,부천시,의원,2010,472,-5,34,0.07203389830508475,29,0.0614406779661017
경기,부천시,의원,2011,483,11,20,0.041407867494824016,31,0.06418219461697723
경기,부천시,의원,2012,486,3,24,0.04938271604938271,27,0.05555555555555555
경기,부천시,의원,2013,489,3,18,0.03680981595092025,21,0.04294478527607362
경기,부천시,의원,2014,490,1,23,0.04693877551020408,24,0.04897959183673469
경기,부천시,의원,2015,491,1,21,0.04276985743380855,22,0.04480651731160896
경기,부천시,의원,2016,486,-5,11,0.02263374485596708,6,0.012345679012345678
경기,부천시,의원,2017,492,6,12,0.024390243902439025,18,0.036585365853658534
경기,부천시,의원,2018,499,7,10,0.02004008016032064,17,0.03406813627254509
경기,부천시,의원,2019,508,9,12,0.023622047244094488,21,0.04133858267716536
경기,부천시,의원,2020,512,4,19,0.037109375,23,0.044921875
경기,부천시,의원,2021,512,0,12,0.0234375,12,0.0234375
경기,부천시,의원,2022,527,15,10,0.018975332068311195,25,0.04743833017077799
경기,부천시,의원,2023,544,17,14,0.025735294117647058,31,0.05698529411764706
경기,부천시,의원,2024,557,13,18,0.03231597845601436,31,0.05565529622980251
경기,부천시,의원,2025,560,3,18,0.03214285714285714,21,0.0375
경기,부천시,종합병원,2007,5,,0,0.0,,
경기,부천시,종합병원,2008,5,0,0,0.0,0,0.0
경기,부천시,종합병원,2009,4,-1,0,0.0,-1,-0.25
경기,부천시,종합병원,2010,4,0,0,0.0,0,0.0
경기,부천시,종합병원,2011,4,0,0,0.0,0,0.0
경기,부천시,종합병원,2012,4,0,0,0.0,0,0.0
경기,부천시,종합병원,2013,4,0,0,0.0,0,0.0
경기,부천시,종합병원,2014,4,0,0,0.0,0,0.0
경기,부천시,종합병원,2015,4,0,0,0.0,0,0.0
경기,부천시,종합병원,2016,4,0,0,0.0,0,0.0
경기,부천시,종합병원,2017,4,0,0,0.0,0,0.0
경기,부천시,종합병원,2018,4,0,0,0.0,0,0.0
경기,부천시,종합병원,2019,4,0,0,0.0,0,0.0
경기,부천시,종합병원,2020,5,1,0,0.0,1,0.2
경기,부천시,종합병원,2021,5,0,0,0.0,0,0.0
경기,부천시,종합병원,2022,5,0,0,0.0,0,0.0
경기,부천시,종합병원,2023,5,0,1,0.2,1,0.2
경기,부천시,종합병원,2024,5,0,0,0.0,0,0.0
경기,부천시,종합병원,2025,5,0,0,0.0,0,0.0
경기,성남시 분당구,병원,2007,11,,1,0.09090909090909091,,
경기,성남시 분당구,병원,2008,11,0,2,0.18181818181818182,2,0.18181818181818182
경기,성남시 분당구,병원,2009,10,-1,0,0.0,-1,-0.1
경기,성남시 분당구,병원,2010,11,1,0,0.0,1,0.09090909090909091
경기,성남시 분당구,병원,2011,12,1,4,0.3333333333333333,5,0.4166666666666667
경기,성남시 분당구,병원,2012,10,-2,1,0.1,-1,-0.1
경기,성남시 분당구,병원,2013,12,2,0,0.0,2,0.16666666666666666
경기,성남시 분당구,병원,2014,13,1,4,0.3076923076923077,5,0.38461538461538464
경기,성남시 분당구,병원,2015,12,-1,1,0.08333333333333333,0,0.0
경기,성남시 분당구,병원,2016,11,-1,1,0.09090909090909091,0,0.0
경기,성남시 분당구,병원,2017,11,0,1,0.09090909090909091,1,0.09090909090909091
경기,성남시 분당구,병원,2018,11,0,3,0.2727272727272727,3,0.2727272727272727
경기,성남시 분당구,병원,2019,10,-1,0,0.0,-1,-0.1
경기,성남시 분당구,병원,2020,10,0,0,0.0,0,0.0
경기,성남시 분당구,병원,2021,10,0,0,0.0,0,0.0
경기,성남시 분당구,병원,2022,10,0,1,0.1,1,0.1
경기,성남시 분당구,병원,2023,10,0,1,0.1,1,0.1
경기,성남시 분당구,병원,2024,9,-1,1,0.1111111111111111,0,0.0
경기,성남시 분당구,병원,2025,9,0,0,0.0,0,0.0
경기,성남시 분당구,상급종합병원,2007,0,,0,,,
경기,성남시 분당구,상급종합병원,2008,0,0,0,,0,
경기,성남시 분당구,상급종합병원,2009,1,1,0,0.0,1,1.0
경기,성남시 분당구,상급종합병원,2010,1,0,0,0.0,0,0.0
경기,성남시 분당구,상급종합병원,2011,1,0,0,0.0,0,0.0
경기,성남시 분당구,상급종합병원,2012,1,0,0,0.0,0,0.0
경기,성남시 분당구,상급종합병원,2013,1,0,0,0.0,0,0.0
경기,성남시 분당구,상급종합병원,2014,1,0,0,0.0,0,0.0
경기,성남시 분당구,상급종합병원,2015,1,0,0,0.0,0,0.0
경기,성남시 분당구,상급종합병원,2016,1,0,0,0.0,0,0.0
경기,성남시 분당구,상급종합병원,2017,1,0,0,0.0,0,0.0
경기,성남시 분당구,상급종합병원,2018,1,0,0,0.0,0,0.0
경기,성남시 분당구,상급종합병원,2019,1,0,0,0.0,0,0.0
경기,성남시 분당구,상급종합병원,2020,1,0,0,0.0,0,0.0
경기,성남시 분당구,상급종합병원,2021,1,0,0,0.0,0,0.0
경기,성남시 분당구,상급종합병원,2022,1,0,0,0.0,0,0.0
경기,성남시 분당구,상급종합병원,2023,1,0,0,0.0,0,0.0
경기,성남시 분당구,상급종합병원,2024,1,0,0,0.0,0,0.0
경기,성남시 분당구,상급종합병원,2025,1,0,0,0.0,0,0.0
경기,성남시 분당구,의원,2007,279,,18,0.06451612903225806,,
경기,성남시 분당구,의원,2008,286,7,18,0.06293706293706294,25,0.08741258741258741
경기,성남시 분당구,의원,2009,298,12,16,0.053691275167785234,28,0.09395973154362416
경기,성남시 분당구,의원,2010,306,8,14,0.0457516339869281,22,0.0718954248366013
경기,성남시 분당구,의원,2011,329,23,12,0.0364741641337386,35,0.10638297872340426
경기,성남시 분당구,의원,2012,347,18,23,0.06628242074927954,41,0.11815561959654179
경기,성남시 분당구,의원,2013,360,13,15,0.041666666666666664,28,0.07777777777777778
경기,성남시 분당구,의원,2014,366,6,20,0.0546448087431694,26,0.07103825136612021
경기,성남시 분당구,의원,2015,373,7,14,0.03753351206434316,21,0.05630026809651475
경기,성남시 분당구,의원,2016,388,15,13,0.03350515463917526,28,0.07216494845360824
경기,성남시 분당구,의원,2017,402,14,13,0.03233830845771144,27,0.06716417910447761
경기,성남시 분당구,의원,2018,413,11,16,0.0387409200968523,27,0.06537530266343826
경기,성남시 분당구,의원,2019,437,24,12,0.02745995423340961,36,0.08237986270022883
경기,성남시 분당구,의원,2020,447,10,11,0.024608501118568233,21,0.04697986577181208
경기,성남시 분당구,의원,2021,462,15,13,0.02813852813852814,28,0.06060606060606061
경기,성남시 분당구,의원,2022,471,9,18,0.03821656050955414,27,0.05732484076433121
경기,성남시 분당구,의원,2023,502,31,10,0.0199203187250996,41,0.08167330677290836
경기,성남시 분당구,의원,2024,526,24,12,0.022813688212927757,36,0.06844106463878327
경기,성남시 분당구,의원,2025,555,29,17,0.03063063063063063,46,0.08288288288288288
경기,성남시 분당구,종합병원,2007,3,,0,0.0,,
경기,성남시 분당구,종합병원,2008,3,0,0,0.0,0,0.0
경기,성남시 분당구,종합병원,2009,2,-1,0,0.0,-1,-0.5
경기,성남시 분당구,종합병원,2010,2,0,0,0.0,0,0.0
경기,성남시 분당구,종합병원,2011,2,0,0,0.0,0,0.0
경기,성남시 분당구,종합병원,2012,2,0,0,0.0,0,0.0
경기,성남시 분당구,종합병원,2013,2,0,0,0.0,0,0.0
경기,성남시 분당구,종합병원,2014,2,0,0,0.0,0,0.0
경기,성남시 분당구,종합병원,2015,2,0,0,0.0,0,0.0
경기,성남시 분당구,종합병원,2016,3,1,0,0.0,1,0.3333333333333333
경기,성남시 분당구,종합병원,2017,3,0,0,0.0,0,0.0
경기,성남시 분당구,종합병원,2018,3,0,0,0.0,0,0.0
경기,성남시 분당구,종합병원,2019,3,0,0,0.0,0,0.0
경기,성남시 분당구,종합병원,2020,3,0,0,0.0,0,0.0
경기,성남시 분당구,종합병원,2021,3,0,0,0.0,0,0.0
경기,성남시 분당구,종합병원,2022,3,0,0,0.0,0,0.0
경기,성남시 분당구,종합병원,2023,3,0,0,0.0,0,0.0
경기,성남시 분당구,종합병원,2024,3,0,0,0.0,0,0.0
경기,성남시 분당구,종합병원,2025,3,0,0,0.0,0,0.0
경기,성남시 수정구,병원,2007,3,,1,0.3333333333333333,,
경기,성남시 수정구,병원,2008,2,-1,0,0.0,-1,-0.5
경기,성남시 수정구,병원,2009,3,1,0,0.0,1,0.3333333333333333
경기,성남시 수정구,병원,2010,3,0,1,0.3333333333333333,1,0.3333333333333333
경기,성남시 수정구,병원,2011,3,0,2,0.6666666666666666,2,0.6666666666666666
경기,성남시 수정구,병원,2012,2,-1,0,0.0,-1,-0.5
경기,성남시 수정구,병원,2013,2,0,2,1.0,2,1.0
경기,성남시 수정구,병원,2014,2,0,0,0.0,0,0.0
경기,성남시 수정구,병원,2015,3,1,0,0.0,1,0.3333333333333333
경기,성남시 수정구,병원,2016,4,1,0,0.0,1,0.25
경기,성남시 수정구,병원,2017,3,-1,2,0.6666666666666666,1,0.3333333333333333
경기,성남시 수정구,병원,2018,5,2,0,0.0,2,0.4
경기,성남시 수정구,병원,2019,5,0,0,0.0,0,0.0
경기,성남시 수정구,병원,2020,5,0,0,0.0,0,0.0
경기,성남시 수정구,병원,2021,8,3,2,0.25,5,0.625
경기,성남시 수정구,병원,2022,6,-2,0,0.0,-2,-0.3333333333333333
경기,성남시 수정구,병원,2023,6,0,0,0.0,0,0.0
경기,성남시 수정구,병원,2024,7,1,1,0.14285714285714285,2,0.2857142857142857
경기,성남시 수정구,병원,2025,7,0,0,0.0,0,0.0
경기,성남시 수정구,상급종합병원,2007,0,,0,,,
경기,성남시 수정구,상급종합병원,2008,0,0,0,,0,
경기,성남시 수정구,상급종합병원,2009,0,0,0,,0,
경기,성남시 수정구,상급종합병원,2010,0,0,0,,0,
경기,성남시 수정구,상급종합병원,2011,0,0,0,,0,
경기,성남시 수정구,상급종합병원,2012,0,0,0,,0,
경기,성남시 수정구,상급종합병원,2013,0,0,0,,0,
경기,성남시 수정구,상급종합병원,2014,0,0,0,,0,
경기,성남시 수정구,상급종합병원,2015,0,0,0,,0,
경기,성남시 수정구,상급종합병원,2016,0,0,0,,0,
경기,성남시 수정구,상급종합병원,2017,0,0,0,,0,
경기,성남시 수정구,상급종합병원,2018,0,0,0,,0,
경기,성남시 수정구,상급종합병원,2019,0,0,0,,0,
경기,성남시 수정구,상급종합병원,2020,0,0,0,,0,
경기,성남시 수정구,상급종합병원,2021,0,0,0,,0,
경기,성남시 수정구,상급종합병원,2022,0,0,0,,0,
경기,성남시 수정구,상급종합병원,2023,0,0,0,,0,
경기,성남시 수정구,상급종합병원,2024,0,0,0,,0,
경기,성남시 수정구,상급종합병원,2025,0,0,0,,0,
경기,성남시 수정구,의원,2007,143,,12,0.08391608391608392,,
경기,성남시 수정구,의원,2008,141,-2,9,0.06382978723404255,7,0.04964539007092199
경기,성남시 수정구,의원,2009,141,0,3,0.02127659574468085,3,0.02127659574468085
경기,성남시 수정구,의원,2010,146,5,8,0.0547945205479452,13,0.08904109589041095
경기,성남시 수정구,의원,2011,147,1,7,0.047619047619047616,8,0.05442176870748299
경기,성남시 수정구,의원,2012,147,0,7,0.047619047619047616,7,0.047619047619047616
경기,성남시 수정구,의원,2013,148,1,7,0.0472972972972973,8,0.05405405405405406
경기,성남시 수정구,의원,2014,142,-6,5,0.035211267605633804,-1,-0.007042253521126761
경기,성남시 수정구,의원,2015,144,2,4,0.027777777777777776,6,0.041666666666666664
경기,성남시 수정구,의원,2016,148,4,7,0.0472972972972973,11,0.07432432432432433
경기,성남시 수정구,의원,2017,172,24,12,0.06976744186046512,36,0.20930232558139536
경기,성남시 수정구,의원,2018,185,13,8,0.043243243243243246,21,0.11351351351351352
경기,성남시 수정구,의원,2019,187,2,5,0.026737967914438502,7,0.0374331550802139
경기,성남시 수정구,의원,2020,191,4,6,0.031413612565445025,10,0.05235602094240838
경기,성남시 수정구,의원,2021,206,15,12,0.05825242718446602,27,0.13106796116504854
경기,성남시 수정구,의원,2022,219,13,4,0.0182648401826484,17,0.0776255707762557
경기,성남시 수정구,의원,2023,234,15,5,0.021367521367521368,20,0.08547008547008547
경기,성남시 수정구,의원,2024,243,9,11,0.04526748971193416,20,0.0823045267489712
경기,성남시 수정구,의원,2025,249,6,6,0.024096385542168676,12,0.04819277108433735
경기,성남시 수정구,종합병원,2007,1,,0,0.0,,
경기,성남시 수정구,종합병원,2008,0,-1,0,,-1,
경기,성남시 수정구,종합병원,2009,0,0,0,,0,
경기,성남시 수정구,종합병원,2010,0,0,0,,0,
경기,성남시 수정구,종합병원,2011,1,1,0,0.0,1,1.0
경기,성남시 수정구,종합병원,2012,1,0,0,0.0,0,0.0
경기,성남시 수정구,종합병원,2013,1,0,0,0.0,0,0.0
경기,성남시 수정구,종합병원,2014,1,0,0,0.0,0,0.0
경기,성남시 수정구,종합병원,2015,1,0,0,0.0,0,0.0
경기,성남시 수정구,종합병원,2016,1,0,0,0.0,0,0.0
경기,성남시 수정구,종합병원,2017,1,0,0,0.0,0,0.0
경기,성남시 수정구,종합병원,2018,1,0,0,0.0,0,0.0
경기,성남시 수정구,종합병원,2019,1,0,0,0.0,0,0.0
경기,성남시 수정구,종합병원,2020,2,1,0,0.0,1,0.5
경기,성남시 수정구,종합병원,2021,2,0,0,0.0,0,0.0
경기,성남시 수정구,종합병원,2022,2,0,0,0.0,0,0.0
경기,성남시 수정구,종합병원,2023,2,0,0,0.0,0,0.0
경기,성남시 수정구,종합병원,2024,2,0,0,0.0,0,0.0
경기,성남시 수정구,종합병원,2025,2,0,0,0.0,0,0.0
경기,성남시 중원구,병원,2007,0,,0,,,
경기,성남시 중원구,병원,2008,0,0,0,,0,
경기,성남시 중원구,병원,2009,0,0,0,,0,
경기,성남시 중원구,병원,2010,0,0,0,,0,
경기,성남시 중원구,병원,2011,0,0,0,,0,
경기,성남시 중원구,병원,2012,0,0,0,,0,
경기,성남시 중원구,병원,2013,1,1,0,0.0,1,1.0
경기,성남시 중원구,병원,2014,2,1,0,0.0,1,0.5
경기,성남시 중원구,병원,2015,2,0,0,0.0,0,0.0
경기,성남시 중원구,병원,2016,2,0,0,0.0,0,0.0
경기,성남시 중원구,병원,2017,2,0,0,0.0,0,0.0
경기,성남시 중원구,병원,2018,2,0,1,0.5,1,0.5
경기,성남시 중원구,병원,2019,2,0,0,0.0,0,0.0
경기,성남시 중원구,병원,2020,2,0,0,0.0,0,0.0
경기,성남시 중원구,병원,2021,2,0,0,0.0,0,0.0
경기,성남시 중원구,병원,2022,2,0,0,0.0,0,0.0
경기,성남시 중원구,병원,2023,2,0,0,0.0,0,0.0
경기,성남시 중원구,병원,2024,2,0,0,0.0,0,0.0
경기,성남시 중원구,병원,2025,2,0,0,0.0,0,0.0
경기,성남시 중원구,상급종합병원,2007,0,,0,,,
경기,성남시 중원구,상급종합병원,2008,0,0,0,,0,
경기,성남시 중원구,상급종합병원,2009,0,0,0,,0,
경기,성남시 중원구,상급종합병원,2010,0,0,0,,0,
경기,성남시 중원구,상급종합병원,2011,0,0,0,,0,
경기,성남시 중원구,상급종합병원,2012,0,0,0,,0,
경기,성남시 중원구,상급종합병원,2013,0,0,0,,0,
경기,성남시 중원구,상급종합병원,2014,0,0,0,,0,
경기,성남시 중원구,상급종합병원,2015,0,0,0,,0,
경기,성남시 중원구,상급종합병원,2016,0,0,0,,0,
경기,성남시 중원구,상급종합병원,2017,0,0,0,,0,
경기,성남시 중원구,상급종합병원,2018,0,0,0,,0,
경기,성남시 중원구,상급종합병원,2019,0,0,0,,0,
경기,성남시 중원구,상급종합병원,2020,0,0,0,,0,
경기,성남시 중원구,상급종합병원,2021,0,0,0,,0,
경기,성남시 중원구,상급종합병원,2022,0,0,0,,0,
경기,성남시 중원구,상급종합병원,2023,0,0,0,,0,
경기,성남시 중원구,상급종합병원,2024,0,0,0,,0,
경기,성남시 중원구,상급종합병원,2025,0,0,0,,0,
경기,성남시 중원구,의원,2007,150,,7,0.04666666666666667,,
경기,성남시 중원구,의원,2008,158,8,8,0.05063291139240506,16,0.10126582278481013
경기,성남시 중원구,의원,2009,165,7,4,0.024242424242424242,11,0.06666666666666667
경기,성남시 중원구,의원,2010,161,-4,8,0.049689440993788817,4,0.024844720496894408
경기,성남시 중원구,의원,2011,159,-2,4,0.025157232704402517,2,0.012578616352201259
경기,성남시 중원구,의원,2012,152,-7,4,0.02631578947368421,-3,-0.019736842105263157
경기,성남시 중원구,의원,2013,155,3,8,0.05161290322580645,11,0.07096774193548387
경기,성남시 중원구,의원,2014,154,-1,4,0.025974025974025976,3,0.01948051948051948
경기,성남시 중원구,의원,2015,157,3,4,0.025477707006369428,7,0.044585987261146494
경기,성남시 중원구,의원,2016,158,1,7,0.04430379746835443,8,0.05063291139240506
경기,성남시 중원구,의원,2017,155,-3,6,0.03870967741935484,3,0.01935483870967742
경기,성남시 중원구,의원,2018,154,-1,3,0.01948051948051948,2,0.012987012987012988
경기,성남시 중원구,의원,2019,152,-2,1,0.006578947368421052,-1,-0.006578947368421052
경기,성남시 중원구,의원,2020,154,2,1,0.006493506493506494,3,0.01948051948051948
경기,성남시 중원구,의원,2021,160,6,4,0.025,10,0.0625
경기,성남시 중원구,의원,2022,155,-5,14,0.09032258064516129,9,0.05806451612903226
경기,성남시 중원구,의원,2023,157,2,5,0.03184713375796178,7,0.044585987261146494
경기,성남시 중원구,의원,2024,158,1,5,0.03164556962025317,6,0.0379746835443038
경기,성남시 중원구,의원,2025,160,2,3,0.01875,5,0.03125
경기,성남시 중원구,종합병원,2007,1,,0,0.0,,
경기,성남시 중원구,종합병원,2008,1,0,0,0.0,0,0.0
경기,성남시 중원구,종합병원,2009,1,0,0,0.0,0,0.0
경기,성남시 중원구,종합병원,2010,1,0,0,0.0,0,0.0
경기,성남시 중원구,종합병원,2011,1,0,0,0.0,0,0.0
경기,성남시 중원구,종합병원,2012,1,0,0,0.0,0,0.0
경기,성남시 중원구,종합병원,2013,1,0,0,0.0,0,0.0
경기,성남시 중원구,종합병원,2014,1,0,0,0.0,0,0.0
경기,성남시 중원구,종합병원,2015,1,0,0,0.0,0,0.0
경기,성남시 중원구,종합병원,2016,1,0,0,0.0,0,0.0
경기,성남시 중원구,종합병원,2017,1,0,0,0.0,0,0.0
경기,성남시 중원구,종합병원,2018,1,0,0,0.0,0,0.0
경기,성남시 중원구,종합병원,2019,1,0,0,0.0,0,0.0
경기,성남시 중원구,종합병원,2020,1,0,0,0.0,0,0.0
경기,성남시 중원구,종합병원,2021,1,0,0,0.0,0,0.0
경기,성남시 중원구,종합병원,2022,1,0,0,0.0,0,0.0
경기,성남시 중원구,종합병원,2023,1,0,0,0.0,0,0.0
경기,성남시 중원구,종합병원,2024,1,0,0,0.0,0,0.0
경기,성남시 중원구,종합병원,2025,1,0,0,0.0,0,0.0
경기,수원시 권선구,병원,2007,5,,1,0.2,,
경기,수원시 권선구,병원,2008,4,-1,0,0.0,-1,-0.25
경기,수원시 권선구,병원,2009,6,2,0,0.0,2,0.3333333333333333
경기,수원시 권선구,병원,2010,6,0,1,0.16666666666666666,1,0.16666666666666666
경기,수원시 권선구,병원,2011,5,-1,1,0.2,0,0.0
경기,수원시 권선구,병원,2012,7,2,0,0.0,2,0.2857142857142857
경기,수원시 권선구,병원,2013,7,0,0,0.0,0,0.0
경기,수원시 권선구,병원,2014,7,0,0,0.0,0,0.0
경기,수원시 권선구,병원,2015,9,2,0,0.0,2,0.2222222222222222
경기,수원시 권선구,병원,2016,9,0,0,0.0,0,0.0
경기,수원시 권선구,병원,2017,10,1,0,0.0,1,0.1
경기,수원시 권선구,병원,2018,10,0,3,0.3,3,0.3
경기,수원시 권선구,병원,2019,9,-1,1,0.1111111111111111,0,0.0
경기,수원시 권선구,병원,2020,9,0,2,0.2222222222222222,2,0.2222222222222222
경기,수원시 권선구,병원,2021,8,-1,1,0.125,0,0.0
경기,수원시 권선구,병원,2022,8,0,3,0.375,3,0.375
경기,수원시 권선구,병원,2023,8,0,1,0.125,1,0.125
경기,수원시 권선구,병원,2024,7,-1,0,0.0,-1,-0.14285714285714285
경기,수원시 권선구,병원,2025,7,0,0,0.0,0,0.0
경기,수원시 권선구,상급종합병원,2007,0,,0,,,
경기,수원시 권선구,상급종합병원,2008,0,0,0,,0,
경기,수원시 권선구,상급종합병원,2009,0,0,0,,0,
경기,수원시 권선구,상급종합병원,2010,0,0,0,,0,
경기,수원시 권선구,상급종합병원,2011,0,0,0,,0,
경기,수원시 권선구,상급종합병원,2012,0,0,0,,0,
경기,수원시 권선구,상급종합병원,2013,0,0,0,,0,
경기,수원시 권선구,상급종합병원,2014,0,0,0,,0,
경기,수원시 권선구,상급종합병원,2015,0,0,0,,0,
경기,수원시 권선구,상급종합병원,2016,0,0,0,,0,
경기,수원시 권선구,상급종합병원,2017,0,0,0,,0,
경기,수원시 권선구,상급종합병원,2018,0,0,0,,0,
경기,수원시 권선구,상급종합병원,2019,0,0,0,,0,
경기,수원시 권선구,상급종합병원,2020,0,0,0,,0,
경기,수원시 권선구,상급종합병원,2021,0,0,0,,0,
경기,수원시 권선구,상급종합병원,2022,0,0,0,,0,
경기,수원시 권선구,상급종합병원,2023,0,0,0,,0,
경기,수원시 권선구,상급종합병원,2024,0,0,0,,0,
경기,수원시 권선구,상급종합병원,2025,0,0,0,,0,
경기,수원시 권선구,의원,2007,112,,6,0.05357142857142857,,
경기,수원시 권선구,의원,2008,117,5,4,0.03418803418803419,9,0.07692307692307693
경기,수원시 권선구,의원,2009,119,2,8,0.06722689075630252,10,0.08403361344537816
경기,수원시 권선구,의원,2010,120,1,6,0.05,7,0.058333333333333334
경기,수원시 권선구,의원,2011,120,0,6,0.05,6,0.05
경기,수원시 권선구,의원,2012,117,-3,10,0.08547008547008547,7,0.05982905982905983
경기,수원시 권선구,의원,2013,127,10,0,0.0,10,0.07874015748031496
경기,수원시 권선구,의원,2014,130,3,8,0.06153846153846154,11,0.08461538461538462
경기,수원시 권선구,의원,2015,131,1,4,0.030534351145038167,5,0.03816793893129771
경기,수원시 권선구,의원,2016,132,1,3,0.022727272727272728,4,0.030303030303030304
경기,수원시 권선구,의원,2017,141,9,5,0.03546099290780142,14,0.09929078014184398
경기,수원시 권선구,의원,2018,149,8,5,0.03355704697986577,13,0.087248322147651
경기,수원시 권선구,의원,2019,154,5,6,0.03896103896103896,11,0.07142857142857142
경기,수원시 권선구,의원,2020,155,1,6,0.03870967741935484,7,0.04516129032258064
경기,수원시 권선구,의원,2021,152,-3,4,0.02631578947368421,1,0.006578947368421052
경기,수원시 권선구,의원,2022,158,6,3,0.0189873417721519,9,0.056962025316455694
경기,수원시 권선구,의원,2023,165,7,4,0.024242424242424242,11,0.06666666666666667
경기,수원시 권선구,의원,2024,164,-1,5,0.03048780487804878,4,0.024390243902439025
경기,수원시 권선구,의원,2025,166,2,7,0.04216867469879518,9,0.05421686746987952
경기,수원시 권선구,종합병원,2007,0,,0,,,
경기,수원시 권선구,종합병원,2008,0,0,0,,0,
경기,수원시 권선구,종합병원,2009,0,0,0,,0,
경기,수원시 권선구,종합병원,2010,0,0,0,,0,
경기,수원시 권선구,종합병원,2011,0,0,0,,0,
경기,수원시 권선구,종합병원,2012,0,0,0,,0,
경기,수원시 권선구,종합병원,2013,0,0,0,,0,
경기,수원시 권선구,종합병원,2014,0,0,0,,0,
경기,수원시 권선구,종합병원,2015,0,0,0,,0,
경기,수원시 권선구,종합병원,2016,0,0,0,,0,
경기,수원시 권선구,종합병원,2017,0,0,0,,0,
경기,수원시 권선구,종합병원,2018,0,0,0,,0,
경기,수원시 권선구,종합병원,2019,0,0,0,,0,
경기,수원시 권선구,종합병원,2020,0,0,0,,0,
경기,수원시 권선구,종합병원,2021,1,1,0,0.0,1,1.0
경기,수원시 권선구,종합병원,2022,1,0,0,0.0,0,0.0
경기,수원시 권선구,종합병원,2023,1,0,0,0.0,0,0.0
경기,수원시 권선구,종합병원,2024,1,0,0,0.0,0,0.0
경기,수원시 권선구,종합병원,2025,1,0,0,0.0,0,0.0
경기,수원시 영통구,병원,2007,2,,0,0.0,,
경기,수원시 영통구,병원,2008,2,0,0,0.0,0,0.0
경기,수원시 영통구,병원,2009,4,2,1,0.25,3,0.75
경기,수원시 영통구,병원,2010,4,0,0,0.0,0,0.0
경기,수원시 영통구,병원,2011,5,1,0,0.0,1,0.2
경기,수원시 영통구,병원,2012,7,2,0,0.0,2,0.2857142857142857
경기,수원시 영통구,병원,2013,7,0,0,0.0,0,0.0
경기,수원시 영통구,병원,2014,9,2,2,0.2222222222222222,4,0.4444444444444444
경기,수원시 영통구,병원,2015,9,0,0,0.0,0,0.0
경기,수원시 영통구,병원,2016,9,0,0,0.0,0,0.0
경기,수원시 영통구,병원,2017,9,0,1,0.1111111111111111,1,0.1111111111111111
경기,수원시 영통구,병원,2018,8,-1,0,0.0,-1,-0.125
경기,수원시 영통구,병원,2019,8,0,1,0.125,1,0.125
경기,수원시 영통구,병원,2020,8,0,0,0.0,0,0.0
경기,수원시 영통구,병원,2021,10,2,0,0.0,2,0.2
경기,수원시 영통구,병원,2022,10,0,0,0.0,0,0.0
경기,수원시 영통구,병원,2023,11,1,1,0.09090909090909091,2,0.18181818181818182
경기,수원시 영통구,병원,2024,11,0,0,0.0,0,0.0
경기,수원시 영통구,병원,2025,11,0,0,0.0,0,0.0
경기,수원시 영통구,상급종합병원,2007,1,,0,0.0,,
경기,수원시 영통구,상급종합병원,2008,1,0,0,0.0,0,0.0
경기,수원시 영통구,상급종합병원,2009,1,0,0,0.0,0,0.0
경기,수원시 영통구,상급종합병원,2010,1,0,0,0.0,0,0.0
경기,수원시 영통구,상급종합병원,2011,1,0,0,0.0,0,0.0
경기,수원시 영통구,상급종합병원,2012,1,0,0,0.0,0,0.0
경기,수원시 영통구,상급종합병원,2013,1,0,0,0.0,0,0.0
경기,수원시 영통구,상급종합병원,2014,1,0,0,0.0,0,0.0
경기,수원시 영통구,상급종합병원,2015,1,0,0,0.0,0,0.0
경기,수원시 영통구,상급종합병원,2016,1,0,0,0.0,0,0.0
경기,수원시 영통구,상급종합병원,2017,1,0,0,0.0,0,0.0
경기,수원시 영통구,상급종합병원,2018,1,0,0,0.0,0,0.0
경기,수원시 영통구,상급종합병원,2019,1,0,0,0.0,0,0.0
경기,수원시 영통구,상급종합병원,2020,1,0,0,0.0,0,0.0
경기,수원시 영통구,상급종합병원,2021,1,0,0,0.0,0,0.0
경기,수원시 영통구,상급종합병원,2022,1,0,0,0.0,0,0.0
경기,수원시 영통구,상급종합병원,2023,1,0,0,0.0,0,0.0
경기,수원시 영통구,상급종합병원,2024,1,0,0,0.0,0,0.0
경기,수원시 영통구,상급종합병원,2025,1,0,0,0.0,0,0.0
경기,수원시 영통구,의원,2007,137,,4,0.029197080291970802,,
경기,수원시 영통구,의원,2008,142,5,8,0.056338028169014086,13,0.09154929577464789
경기,수원시 영통구,의원,2009,140,-2,5,0.03571428571428571,3,0.02142857142857143
경기,수원시 영통구,의원,2010,142,2,4,0.028169014084507043,6,0.04225352112676056
경기,수원시 영통구,의원,2011,146,4,3,0.02054794520547945,7,0.04794520547945205
경기,수원시 영통구,의원,2012,144,-2,3,0.020833333333333332,1,0.006944444444444444
경기,수원시 영통구,의원,2013,152,8,6,0.039473684210526314,14,0.09210526315789473
경기,수원시 영통구,의원,2014,156,4,10,0.0641025641025641,14,0.08974358974358974
경기,수원시 영통구,의원,2015,166,10,5,0.030120481927710843,15,0.09036144578313253
경기,수원시 영통구,의원,2016,181,15,10,0.055248618784530384,25,0.13812154696132597
경기,수원시 영통구,의원,2017,193,12,15,0.07772020725388601,27,0.13989637305699482
경기,수원시 영통구,의원,2018,198,5,8,0.04040404040404041,13,0.06565656565656566
경기,수원시 영통구,의원,2019,197,-1,1,0.005076142131979695,0,0.0
경기,수원시 영통구,의원,2020,211,14,10,0.04739336492890995,24,0.11374407582938388
경기,수원시 영통구,의원,2021,219,8,7,0.0319634703196347,15,0.0684931506849315
경기,수원시 영통구,의원,2022,226,7,2,0.008849557522123894,9,0.03982300884955752
경기,수원시 영통구,의원,2023,243,17,11,0.04526748971193416,28,0.11522633744855967
경기,수원시 영통구,의원,2024,251,8,7,0.027888446215139442,15,0.05976095617529881
경기,수원시 영통구,의원,2025,259,8,7,0.02702702702702703,15,0.05791505791505792
경기,수원시 영통구,종합병원,2007,0,,0,,,
경기,수원시 영통구,종합병원,2008,0,0,0,,0,
경기,수원시 영통구,종합병원,2009,0,0,0,,0,
경기,수원시 영통구,종합병원,2010,0,0,0,,0,
경기,수원시 영통구,종합병원,2011,0,0,0,,0,
경기,수원시 영통구,종합병원,2012,0,0,0,,0,
경기,수원시 영통구,종합병원,2013,0,0,0,,0,
경기,수원시 영통구,종합병원,2014,0,0,0,,0,
경기,수원시 영통구,종합병원,2015,0,0,0,,0,
경기,수원시 영통구,종합병원,2016,0,0,0,,0,
경기,수원시 영통구,종합병원,2017,0,0,0,,0,
경기,수원시 영통구,종합병원,2018,0,0,0,,0,
경기,수원시 영통구,종합병원,2019,0,0,0,,0,
경기,수원시 영통구,종합병원,2020,0,0,0,,0,
경기,수원시 영통구,종합병원,2021,0,0,0,,0,
경기,수원시 영통구,종합병원,2022,0,0,0,,0,
경기,수원시 영통구,종합병원,2023,0,0,0,,0,
경기,수원시 영통구,종합병원,2024,0,0,0,,0,
경기,수원시 영통구,종합병원,2025,0,0,0,,0,
경기,수원시 장안구,병원,2007,3,,0,0.0,,
경기,수원시 장안구,병원,2008,4,1,0,0.0,1,0.25
경기,수원시 장안구,병원,2009,3,-1,1,0.3333333333333333,0,0.0
경기,수원시 장안구,병원,2010,4,1,0,0.0,1,0.25
경기,수원시 장안구,병원,2011,5,1,1,0.2,2,0.4
경기,수원시 장안구,병원,2012,6,1,1,0.16666666666666666,2,0.3333333333333333
경기,수원시 장안구,병원,2013,7,1,2,0.2857142857142857,3,0.42857142857142855
경기,수원시 장안구,병원,2014,7,0,0,0.0,0,0.0
경기,수원시 장안구,병원,2015,7,0,1,0.14285714285714285,1,0.14285714285714285
경기,수원시 장안구,병원,2016,6,-1,1,0.16666666666666666,0,0.0
경기,수원시 장안구,병원,2017,5,-1,1,0.2,0,0.0
경기,수원시 장안구,병원,2018,5,0,0,0.0,0,0.0
경기,수원시 장안구,병원,2019,5,0,0,0.0,0,0.0
경기,수원시 장안구,병원,2020,5,0,0,0.0,0,0.0
경기,수원시 장안구,병원,2021,4,-1,1,0.25,0,0.0
경기,수원시 장안구,병원,2022,3,-1,1,0.3333333333333333,0,0.0
경기,수원시 장안구,병원,2023,3,0,0,0.0,0,0.0
경기,수원시 장안구,병원,2024,3,0,1,0.3333333333333333,1,0.3333333333333333
경기,수원시 장안구,병원,2025,2,-1,0,0.0,-1,-0.5
경기,수원시 장안구,상급종합병원,2007,0,,0,,,
경기,수원시 장안구,상급종합병원,2008,0,0,0,,0,
경기,수원시 장안구,상급종합병원,2009,0,0,0,,0,
경기,수원시 장안구,상급종합병원,2010,0,0,0,,0,
경기,수원시 장안구,상급종합병원,2011,0,0,0,,0,
경기,수원시 장안구,상급종합병원,2012,0,0,0,,0,
경기,수원시 장안구,상급종합병원,2013,0,0,0,,0,
경기,수원시 장안구,상급종합병원,2014,0,0,0,,0,
경기,수원시 장안구,상급종합병원,2015,0,0,0,,0,
경기,수원시 장안구,상급종합병원,2016,0,0,0,,0,
경기,수원시 장안구,상급종합병원,2017,0,0,0,,0,
경기,수원시 장안구,상급종합병원,2018,0,0,0,,0,
경기,수원시 장안구,상급종합병원,2019,0,0,0,,0,
경기,수원시 장안구,상급종합병원,2020,0,0,0,,0,
경기,수원시 장안구,상급종합병원,2021,0,0,0,,0,
경기,수원시 장안구,상급종합병원,2022,0,0,0,,0,
경기,수원시 장안구,상급종합병원,2023,0,0,0,,0,
경기,수원시 장안구,상급종합병원,2024,0,0,0,,0,
경기,수원시 장안구,상급종합병원,2025,0,0,0,,0,
경기,수원시 장안구,의원,2007,136,,8,0.058823529411764705,,
경기,수원시 장안구,의원,2008,135,-1,13,0.0962962962962963,12,0.08888888888888889
경기,수원시 장안구,의원,2009,140,5,8,0.05714285714285714,13,0.09285714285714286
경기,수원시 장안구,의원,2010,137,-3,2,0.014598540145985401,-1,-0.0072992700729927005
경기,수원시 장안구,의원,2011,139,2,2,0.014388489208633094,4,0.02877697841726619
경기,수원시 장안구,의원,2012,146,7,3,0.02054794520547945,10,0.0684931506849315
경기,수원시 장안구,의원,2013,145,-1,7,0.04827586206896552,6,0.041379310344827586
경기,수원시 장안구,의원,2014,150,5,5,0.03333333333333333,10,0.06666666666666667
경기,수원시 장안구,의원,2015,150,0,7,0.04666666666666667,7,0.04666666666666667
경기,수원시 장안구,의원,2016,147,-3,5,0.034013605442176874,2,0.013605442176870748
경기,수원시 장안구,의원,2017,147,0,5,0.034013605442176874,5,0.034013605442176874
경기,수원시 장안구,의원,2018,146,-1,7,0.04794520547945205,6,0.0410958904109589
경기,수원시 장안구,의원,2019,145,-1,4,0.027586206896551724,3,0.020689655172413793
경기,수원시 장안구,의원,2020,147,2,3,0.02040816326530612,5,0.034013605442176874
경기,수원시 장안구,의원,2021,149,2,2,0.013422818791946308,4,0.026845637583892617
경기,수원시 장안구,의원,2022,154,5,4,0.025974025974025976,9,0.05844155844155844
경기,수원시 장안구,의원,2023,151,-3,4,0.026490066225165563,1,0.006622516556291391
경기,수원시 장안구,의원,2024,154,3,6,0.03896103896103896,9,0.05844155844155844
경기,수원시 장안구,의원,2025,159,5,0,0.0,5,0.031446540880503145
경기,수원시 장안구,종합병원,2007,0,,0,,,
경기,수원시 장안구,종합병원,2008,0,0,0,,0,
경기,수원시 장안구,종합병원,2009,1,1,0,0.0,1,1.0
경기,수원시 장안구,종합병원,2010,1,0,0,0.0,0,0.0
경기,수원시 장안구,종합병원,2011,1,0,0,0.0,0,0.0
경기,수원시 장안구,종합병원,2012,1,0,0,0.0,0,0.0
경기,수원시 장안구,종합병원,2013,1,0,0,0.0,0,0.0
경기,수원시 장안구,종합병원,2014,1,0,0,0.0,0,0.0
경기,수원시 장안구,종합병원,2015,1,0,0,0.0,0,0.0
경기,수원시 장안구,종합병원,2016,1,0,0,0.0,0,0.0
경기,수원시 장안구,종합병원,2017,1,0,0,0.0,0,0.0
경기,수원시 장안구,종합병원,2018,1,0,0,0.0,0,0.0
경기,수원시 장안구,종합병원,2019,1,0,0,0.0,0,0.0
경기,수원시 장안구,종합병원,2020,1,0,0,0.0,0,0.0
경기,수원시 장안구,종합병원,2021,1,0,0,0.0,0,0.0
경기,수원시 장안구,종합병원,2022,1,0,0,0.0,0,0.0
경기,수원시 장안구,종합병원,2023,1,0,0,0.0,0,0.0
경기,수원시 장안구,종합병원,2024,1,0,0,0.0,0,0.0
경기,수원시 장안구,종합병원,2025,1,0,0,0.0,0,0.0
경기,수원시 팔달구,병원,2007,7,,1,0.14285714285714285,,
경기,수원시 팔달구,병원,2008,6,-1,2,0.3333333333333333,1,0.16666666666666666
경기,수원시 팔달구,병원,2009,8,2,0,0.0,2,0.25
경기,수원시 팔달구,병원,2010,8,0,0,0.0,0,0.0
경기,수원시 팔달구,병원,2011,8,0,0,0.0,0,0.0
경기,수원시 팔달구,병원,2012,9,1,0,0.0,1,0.1111111111111111
경기,수원시 팔달구,병원,2013,10,1,0,0.0,1,0.1
경기,수원시 팔달구,병원,2014,10,0,1,0.1,1,0.1
경기,수원시 팔달구,병원,2015,10,0,0,0.0,0,0.0
경기,수원시 팔달구,병원,2016,11,1,0,0.0,1,0.09090909090909091
경기,수원시 팔달구,병원,2017,10,-1,1,0.1,0,0.0
경기,수원시 팔달구,병원,2018,11,1,1,0.09090909090909091,2,0.18181818181818182
경기,수원시 팔달구,병원,2019,11,0,0,0.0,0,0.0
경기,수원시 팔달구,병원,2020,11,0,0,0.0,0,0.0
경기,수원시 팔달구,병원,2021,11,0,1,0.09090909090909091,1,0.09090909090909091
경기,수원시 팔달구,병원,2022,10,-1,1,0.1,0,0.0
경기,수원시 팔달구,병원,2023,11,1,0,0.0,1,0.09090909090909091
경기,수원시 팔달구,병원,2024,11,0,0,0.0,0,0.0
경기,수원시 팔달구,병원,2025,12,1,1,0.08333333333333333,2,0.16666666666666666
경기,수원시 팔달구,상급종합병원,2007,0,,0,,,
경기,수원시 팔달구,상급종합병원,2008,0,0,0,,0,
경기,수원시 팔달구,상급종합병원,2009,0,0,0,,0,
경기,수원시 팔달구,상급종합병원,2010,0,0,0,,0,
경기,수원시 팔달구,상급종합병원,2011,0,0,0,,0,
경기,수원시 팔달구,상급종합병원,2012,0,0,0,,0,
경기,수원시 팔달구,상급종합병원,2013,0,0,0,,0,
경기,수원시 팔달구,상급종합병원,2014,0,0,0,,0,
경기,수원시 팔달구,상급종합병원,2015,0,0,0,,0,
경기,수원시 팔달구,상급종합병원,2016,0,0,0,,0,
경기,수원시 팔달구,상급종합병원,2017,0,0,0,,0,
경기,수원시 팔달구,상급종합병원,2018,0,0,0,,0,
경기,수원시 팔달구,상급종합병원,2019,0,0,0,,0,
경기,수원시 팔달구,상급종합병원,2020,0,0,0,,0,
경기,수원시 팔달구,상급종합병원,2021,0,0,0,,0,
경기,수원시 팔달구,상급종합병원,2022,0,0,0,,0,
경기,수원시 팔달구,상급종합병원,2023,0,0,0,,0,
경기,수원시 팔달구,상급종합병원,2024,1,1,0,0.0,1,1.0
경기,수원시 팔달구,상급종합병원,2025,1,0,0,0.0,0,0.0
경기,수원시 팔달구,의원,2007,171,,7,0.04093567251461988,,
경기,수원시 팔달구,의원,2008,178,7,7,0.03932584269662921,14,0.07865168539325842
경기,수원시 팔달구,의원,2009,173,-5,9,0.05202312138728324,4,0.023121387283236993
경기,수원시 팔달구,의원,2010,178,5,10,0.056179775280898875,15,0.08426966292134831
경기,수원시 팔달구,의원,2011,190,12,12,0.06315789473684211,24,0.12631578947368421
경기,수원시 팔달구,의원,2012,190,0,13,0.06842105263157895,13,0.06842105263157895
경기,수원시 팔달구,의원,2013,188,-2,7,0.03723404255319149,5,0.026595744680851064
경기,수원시 팔달구,의원,2014,189,1,6,0.031746031746031744,7,0.037037037037037035
경기,수원시 팔달구,의원,2015,203,14,11,0.054187192118226604,25,0.12315270935960591
경기,수원시 팔달구,의원,2016,205,2,1,0.004878048780487805,3,0.014634146341463415
경기,수원시 팔달구,의원,2017,209,4,8,0.03827751196172249,12,0.05741626794258373
경기,수원시 팔달구,의원,2018,215,6,9,0.04186046511627907,15,0.06976744186046512
경기,수원시 팔달구,의원,2019,220,5,4,0.01818181818181818,9,0.04090909090909091
경기,수원시 팔달구,의원,2020,223,3,8,0.03587443946188341,11,0.04932735426008968
경기,수원시 팔달구,의원,2021,229,6,7,0.03056768558951965,13,0.056768558951965066
경기,수원시 팔달구,의원,2022,236,7,10,0.0423728813559322,17,0.07203389830508475
경기,수원시 팔달구,의원,2023,244,8,5,0.020491803278688523,13,0.05327868852459016
경기,수원시 팔달구,의원,2024,255,11,7,0.027450980392156862,18,0.07058823529411765
경기,수원시 팔달구,의원,2025,265,10,11,0.04150943396226415,21,0.07924528301886792
경기,수원시 팔달구,종합병원,2007,2,,0,0.0,,
경기,수원시 팔달구,종합병원,2008,2,0,0,0.0,0,0.0
경기,수원시 팔달구,종합병원,2009,2,0,0,0.0,0,0.0
경기,수원시 팔달구,종합병원,2010,2,0,0,0.0,0,0.0
경기,수원시 팔달구,종합병원,2011,2,0,0,0.0,0,0.0
경기,수원시 팔달구,종합병원,2012,2,0,0,0.0,0,0.0
경기,수원시 팔달구,종합병원,2013,2,0,0,0.0,0,0.0
경기,수원시 팔달구,종합병원,2014,2,0,0,0.0,0,0.0
경기,수원시 팔달구,종합병원,2015,2,0,0,0.0,0,0.0
경기,수원시 팔달구,종합병원,2016,2,0,0,0.0,0,0.0
경기,수원시 팔달구,종합병원,2017,2,0,0,0.0,0,0.0
경기,수원시 팔달구,종합병원,2018,2,0,0,0.0,0,0.0
경기,수원시 팔달구,종합병원,2019,2,0,0,0.0,0,0.0
경기,수원시 팔달구,종합병원,2020,2,0,0,0.0,0,0.0
경기,수원시 팔달구,종합병원,2021,2,0,0,0.0,0,0.0
경기,수원시 팔달구,종합병원,2022,3,1,0,0.0,1,0.3333333333333333
경기,수원시 팔달구,종합병원,2023,3,0,0,0.0,0,0.0
경기,수원시 팔달구,종합병원,2024,2,-1,0,0.0,-1,-0.5
경기,수원시 팔달구,종합병원,2025,2,0,0,0.0,0,0.0
경기,시흥시,병원,2007,3,,0,0.0,,
경기,시흥시,병원,2008,3,0,2,0.6666666666666666,2,0.6666666666666666
경기,시흥시,병원,2009,5,2,2,0.4,4,0.8
경기,시흥시,병원,2010,5,0,0,0.0,0,0.0
경기,시흥시,병원,2011,5,0,1,0.2,1,0.2
경기,시흥시,병원,2012,5,0,0,0.0,0,0.0
경기,시흥시,병원,2013,6,1,1,0.16666666666666666,2,0.3333333333333333
경기,시흥시,병원,2014,6,0,4,0.6666666666666666,4,0.6666666666666666
경기,시흥시,병원,2015,5,-1,2,0.4,1,0.2
경기,시흥시,병원,2016,3,-2,0,0.0,-2,-0.6666666666666666
경기,시흥시,병원,2017,2,-1,1,0.5,0,0.0
경기,시흥시,병원,2018,2,0,0,0.0,0,0.0
경기,시흥시,병원,2019,4,2,1,0.25,3,0.75
경기,시흥시,병원,2020,4,0,1,0.25,1,0.25
경기,시흥시,병원,2021,3,-1,0,0.0,-1,-0.3333333333333333
경기,시흥시,병원,2022,3,0,0,0.0,0,0.0
경기,시흥시,병원,2023,6,3,1,0.16666666666666666,4,0.6666666666666666
경기,시흥시,병원,2024,7,1,0,0.0,1,0.14285714285714285
경기,시흥시,병원,2025,8,1,0,0.0,1,0.125
경기,시흥시,상급종합병원,2007,0,,0,,,
경기,시흥시,상급종합병원,2008,0,0,0,,0,
경기,시흥시,상급종합병원,2009,0,0,0,,0,
경기,시흥시,상급종합병원,2010,0,0,0,,0,
경기,시흥시,상급종합병원,2011,0,0,0,,0,
경기,시흥시,상급종합병원,2012,0,0,0,,0,
경기,시흥시,상급종합병원,2013,0,0,0,,0,
경기,시흥시,상급종합병원,2014,0,0,0,,0,
경기,시흥시,상급종합병원,2015,0,0,0,,0,
경기,시흥시,상급종합병원,2016,0,0,0,,0,
경기,시흥시,상급종합병원,2017,0,0,0,,0,
경기,시흥시,상급종합병원,2018,0,0,0,,0,
경기,시흥시,상급종합병원,2019,0,0,0,,0,
경기,시흥시,상급종합병원,2020,0,0,0,,0,
경기,시흥시,상급종합병원,2021,0,0,0,,0,
경기,시흥시,상급종합병원,2022,0,0,0,,0,
경기,시흥시,상급종합병원,2023,0,0,0,,0,
경기,시흥시,상급종합병원,2024,0,0,0,,0,
경기,시흥시,상급종합병원,2025,0,0,0,,0,
경기,시흥시,의원,2007,154,,7,0.045454545454545456,,
경기,시흥시,의원,2008,156,2,11,0.07051282051282051,13,0.08333333333333333
경기,시흥시,의원,2009,164,8,4,0.024390243902439025,12,0.07317073170731707
경기,시흥시,의원,2010,169,5,9,0.05325443786982249,14,0.08284023668639054
경기,시흥시,의원,2011,168,-1,15,0.08928571428571429,14,0.08333333333333333
경기,시흥시,의원,2012,169,1,7,0.04142011834319527,8,0.047337278106508875
경기,시흥시,의원,2013,167,-2,3,0.017964071856287425,1,0.005988023952095809
경기,시흥시,의원,2014,170,3,4,0.023529411764705882,7,0.041176470588235294
경기,시흥시,의원,2015,171,1,6,0.03508771929824561,7,0.04093567251461988
경기,시흥시,의원,2016,173,2,5,0.028901734104046242,7,0.04046242774566474
경기,시흥시,의원,2017,182,9,8,0.04395604395604396,17,0.09340659340659341
경기,시흥시,의원,2018,194,12,3,0.015463917525773196,15,0.07731958762886598
경기,시흥시,의원,2019,210,16,7,0.03333333333333333,23,0.10952380952380952
경기,시흥시,의원,2020,235,25,8,0.03404255319148936,33,0.14042553191489363
경기,시흥시,의원,2021,245,10,4,0.0163265306122449,14,0.05714285714285714
경기,시흥시,의원,2022,266,21,15,0.05639097744360902,36,0.13533834586466165
경기,시흥시,의원,2023,282,16,5,0.01773049645390071,21,0.07446808510638298
경기,시흥시,의원,2024,289,7,11,0.03806228373702422,18,0.06228373702422145
경기,시흥시,의원,2025,291,2,13,0.044673539518900345,15,0.05154639175257732
경기,시흥시,종합병원,2007,2,,0,0.0,,
경기,시흥시,종합병원,2008,2,0,0,0.0,0,0.0
경기,시흥시,종합병원,2009,3,1,0,0.0,1,0.3333333333333333
경기,시흥시,종합병원,2010,3,0,0,0.0,0,0.0
경기,시흥시,종합병원,2011,3,0,0,0.0,0,0.0
경기,시흥시,종합병원,2012,3,0,0,0.0,0,0.0
경기,시흥시,종합병원,2013,3,0,0,0.0,0,0.0
경기,시흥시,종합병원,2014,3,0,0,0.0,0,0.0
경기,시흥시,종합병원,2015,3,0,0,0.0,0,0.0
경기,시흥시,종합병원,2016,3,0,0,0.0,0,0.0
경기,시흥시,종합병원,2017,3,0,0,0.0,0,0.0
경기,시흥시,종합병원,2018,3,0,1,0.3333333333333333,1,0.3333333333333333
경기,시흥시,종합병원,2019,3,0,0,0.0,0,0.0
경기,시흥시,종합병원,2020,3,0,0,0.0,0,0.0
경기,시흥시,종합병원,2021,3,0,0,0.0,0,0.0
경기,시흥시,종합병원,2022,3,0,0,0.0,0,0.0
경기,시흥시,종합병원,2023,3,0,0,0.0,0,0.0
경기,시흥시,종합병원,2024,3,0,0,0.0,0,0.0
경기,시흥시,종합병원,2025,3,0,0,0.0,0,0.0
경기,안산시 단원구,병원,2007,7,,1,0.14285714285714285,,
경기,안산시 단원구,병원,2008,9,2,2,0.2222222222222222,4,0.4444444444444444
경기,안산시 단원구,병원,2009,13,4,5,0.38461538461538464,9,0.6923076923076923
경기,안산시 단원구,병원,2010,14,1,5,0.35714285714285715,6,0.42857142857142855
경기,안산시 단원구,병원,2011,14,0,2,0.14285714285714285,2,0.14285714285714285
경기,안산시 단원구,병원,2012,14,0,1,0.07142857142857142,1,0.07142857142857142
경기,안산시 단원구,병원,2013,15,1,2,0.13333333333333333,3,0.2
경기,안산시 단원구,병원,2014,13,-2,3,0.23076923076923078,1,0.07692307692307693
경기,안산시 단원구,병원,2015,14,1,2,0.14285714285714285,3,0.21428571428571427
경기,안산시 단원구,병원,2016,14,0,4,0.2857142857142857,4,0.2857142857142857
경기,안산시 단원구,병원,2017,14,0,0,0.0,0,0.0
경기,안산시 단원구,병원,2018,14,0,1,0.07142857142857142,1,0.07142857142857142
경기,안산시 단원구,병원,2019,14,0,2,0.14285714285714285,2,0.14285714285714285
경기,안산시 단원구,병원,2020,14,0,0,0.0,0,0.0
경기,안산시 단원구,병원,2021,13,-1,3,0.23076923076923078,2,0.15384615384615385
경기,안산시 단원구,병원,2022,12,-1,0,0.0,-1,-0.08333333333333333
경기,안산시 단원구,병원,2023,12,0,1,0.08333333333333333,1,0.08333333333333333
경기,안산시 단원구,병원,2024,13,1,0,0.0,1,0.07692307692307693
경기,안산시 단원구,병원,2025,13,0,0,0.0,0,0.0
경기,안산시 단원구,상급종합병원,2007,0,,0,,,
경기,안산시 단원구,상급종합병원,2008,0,0,0,,0,
경기,안산시 단원구,상급종합병원,2009,0,0,0,,0,
경기,안산시 단원구,상급종합병원,2010,0,0,0,,0,
경기,안산시 단원구,상급종합병원,2011,0,0,0,,0,
경기,안산시 단원구,상급종합병원,2012,1,1,0,0.0,1,1.0
경기,안산시 단원구,상급종합병원,2013,1,0,0,0.0,0,0.0
경기,안산시 단원구,상급종합병원,2014,1,0,0,0.0,0,0.0
경기,안산시 단원구,상급종합병원,2015,1,0,0,0.0,0,0.0
경기,안산시 단원구,상급종합병원,2016,1,0,0,0.0,0,0.0
경기,안산시 단원구,상급종합병원,2017,1,0,0,0.0,0,0.0
경기,안산시 단원구,상급종합병원,2018,1,0,0,0.0,0,0.0
경기,안산시 단원구,상급종합병원,2019,1,0,0,0.0,0,0.0
경기,안산시 단원구,상급종합병원,2020,1,0,0,0.0,0,0.0
경기,안산시 단원구,상급종합병원,2021,1,0,0,0.0,0,0.0
경기,안산시 단원구,상급종합병원,2022,1,0,0,0.0,0,0.0
경기,안산시 단원구,상급종합병원,2023,1,0,0,0.0,0,0.0
경기,안산시 단원구,상급종합병원,2024,1,0,0,0.0,0,0.0
경기,안산시 단원구,상급종합병원,2025,1,0,0,0.0,0,0.0
경기,안산시 단원구,의원,2007,196,,7,0.03571428571428571,,
경기,안산시 단원구,의원,2008,196,0,5,0.025510204081632654,5,0.025510204081632654
경기,안산시 단원구,의원,2009,208,12,14,0.0673076923076923,26,0.125
경기,안산시 단원구,의원,2010,208,0,14,0.0673076923076923,14,0.0673076923076923
경기,안산시 단원구,의원,2011,205,-3,13,0.06341463414634146,10,0.04878048780487805
경기,안산시 단원구,의원,2012,208,3,5,0.02403846153846154,8,0.038461538461538464
경기,안산시 단원구,의원,2013,206,-2,8,0.038834951456310676,6,0.02912621359223301
경기,안산시 단원구,의원,2014,214,8,4,0.018691588785046728,12,0.056074766355140186
경기,안산시 단원구,의원,2015,212,-2,11,0.05188679245283019,9,0.04245283018867924
경기,안산시 단원구,의원,2016,208,-4,9,0.04326923076923077,5,0.02403846153846154
경기,안산시 단원구,의원,2017,215,7,8,0.037209302325581395,15,0.06976744186046512
경기,안산시 단원구,의원,2018,217,2,3,0.013824884792626729,5,0.02304147465437788
경기,안산시 단원구,의원,2019,225,8,3,0.013333333333333334,11,0.04888888888888889
경기,안산시 단원구,의원,2020,228,3,9,0.039473684210526314,12,0.05263157894736842
경기,안산시 단원구,의원,2021,234,6,4,0.017094017094017096,10,0.042735042735042736
경기,안산시 단원구,의원,2022,239,5,8,0.03347280334728033,13,0.05439330543933055
경기,안산시 단원구,의원,2023,237,-2,7,0.029535864978902954,5,0.02109704641350211
경기,안산시 단원구,의원,2024,234,-3,6,0.02564102564102564,3,0.01282051282051282
경기,안산시 단원구,의원,2025,240,6,3,0.0125,9,0.0375
경기,안산시 단원구,종합병원,2007,3,,1,0.3333333333333333,,
경기,안산시 단원구,종합병원,2008,2,-1,0,0.0,-1,-0.5
경기,안산시 단원구,종합병원,2009,3,1,0,0.0,1,0.3333333333333333
경기,안산시 단원구,종합병원,2010,3,0,0,0.0,0,0.0
경기,안산시 단원구,종합병원,2011,3,0,0,0.0,0,0.0
경기,안산시 단원구,종합병원,2012,2,-1,0,0.0,-1,-0.5
경기,안산시 단원구,종합병원,2013,2,0,0,0.0,0,0.0
경기,안산시 단원구,종합병원,2014,2,0,0,0.0,0,0.0
경기,안산시 단원구,종합병원,2015,2,0,0,0.0,0,0.0
경기,안산시 단원구,종합병원,2016,2,0,0,0.0,0,0.0
경기,안산시 단원구,종합병원,2017,2,0,0,0.0,0,0.0
경기,안산시 단원구,종합병원,2018,2,0,0,0.0,0,0.0
경기,안산시 단원구,종합병원,2019,2,0,0,0.0,0,0.0
경기,안산시 단원구,종합병원,2020,2,0,1,0.5,1,0.5
경기,안산시 단원구,종합병원,2021,2,0,0,0.0,0,0.0
경기,안산시 단원구,종합병원,2022,2,0,0,0.0,0,0.0
경기,안산시 단원구,종합병원,2023,2,0,0,0.0,0,0.0
경기,안산시 단원구,종합병원,2024,2,0,0,0.0,0,0.0
경기,안산시 단원구,종합병원,2025,2,0,0,0.0,0,0.0
경기,안산시 상록구,병원,2007,6,,1,0.16666666666666666,,
경기,안산시 상록구,병원,2008,5,-1,0,0.0,-1,-0.2
경기,안산시 상록구,병원,2009,6,1,2,0.3333333333333333,3,0.5
경기,안산시 상록구,병원,2010,8,2,2,0.25,4,0.5
경기,안산시 상록구,병원,2011,8,0,2,0.25,2,0.25
경기,안산시 상록구,병원,2012,8,0,0,0.0,0,0.0
경기,안산시 상록구,병원,2013,8,0,1,0.125,1,0.125
경기,안산시 상록구,병원,2014,7,-1,4,0.5714285714285714,3,0.42857142857142855
경기,안산시 상록구,병원,2015,6,-1,0,0.0,-1,-0.16666666666666666
경기,안산시 상록구,병원,2016,7,1,1,0.14285714285714285,2,0.2857142857142857
경기,안산시 상록구,병원,2017,7,0,1,0.14285714285714285,1,0.14285714285714285
경기,안산시 상록구,병원,2018,8,1,0,0.0,1,0.125
경기,안산시 상록구,병원,2019,7,-1,1,0.14285714285714285,0,0.0
경기,안산시 상록구,병원,2020,7,0,0,0.0,0,0.0
경기,안산시 상록구,병원,2021,7,0,0,0.0,0,0.0
경기,안산시 상록구,병원,2022,6,-1,2,0.3333333333333333,1,0.16666666666666666
경기,안산시 상록구,병원,2023,5,-1,1,0.2,0,0.0
경기,안산시 상록구,병원,2024,5,0,0,0.0,0,0.0
경기,안산시 상록구,병원,2025,5,0,0,0.0,0,0.0
경기,안산시 상록구,상급종합병원,2007,0,,0,,,
경기,안산시 상록구,상급종합병원,2008,0,0,0,,0,
경기,안산시 상록구,상급종합병원,2009,0,0,0,,0,
경기,안산시 상록구,상급종합병원,2010,0,0,0,,0,
경기,안산시 상록구,상급종합병원,2011,0,0,0,,0,
경기,안산시 상록구,상급종합병원,2012,0,0,0,,0,
경기,안산시 상록구,상급종합병원,2013,0,0,0,,0,
경기,안산시 상록구,상급종합병원,2014,0,0,0,,0,
경기,안산시 상록구,상급종합병원,2015,0,0,0,,0,
경기,안산시 상록구,상급종합병원,2016,0,0,0,,0,
경기,안산시 상록구,상급종합병원,2017,0,0,0,,0,
경기,안산시 상록구,상급종합병원,2018,0,0,0,,0,
경기,안산시 상록구,상급종합병원,2019,0,0,0,,0,
경기,안산시 상록구,상급종합병원,2020,0,0,0,,0,
경기,안산시 상록구,상급종합병원,2021,0,0,0,,0,
경기,안산시 상록구,상급종합병원,2022,0,0,0,,0,
경기,안산시 상록구,상급종합병원,2023,0,0,0,,0,
경기,안산시 상록구,상급종합병원,2024,0,0,0,,0,
경기,안산시 상록구,상급종합병원,2025,0,0,0,,0,
경기,안산시 상록구,의원,2007,147,,8,0.05442176870748299,,
경기,안산시 상록구,의원,2008,139,-8,9,0.06474820143884892,1,0.007194244604316547
경기,안산시 상록구,의원,2009,139,0,14,0.10071942446043165,14,0.10071942446043165
경기,안산시 상록구,의원,2010,134,-5,10,0.07462686567164178,5,0.03731343283582089
경기,안산시 상록구,의원,2011,130,-4,7,0.05384615384615385,3,0.023076923076923078
경기,안산시 상록구,의원,2012,121,-9,9,0.0743801652892562,0,0.0
경기,안산시 상록구,의원,2013,120,-1,4,0.03333333333333333,3,0.025
경기,안산시 상록구,의원,2014,121,1,4,0.03305785123966942,5,0.04132231404958678
경기,안산시 상록구,의원,2015,124,3,3,0.024193548387096774,6,0.04838709677419355
경기,안산시 상록구,의원,2016,129,5,2,0.015503875968992248,7,0.05426356589147287
경기,안산시 상록구,의원,2017,129,0,3,0.023255813953488372,3,0.023255813953488372
경기,안산시 상록구,의원,2018,127,-2,2,0.015748031496062992,0,0.0
경기,안산시 상록구,의원,2019,126,-1,0,0.0,-1,-0.007936507936507936
경기,안산시 상록구,의원,2020,128,2,2,0.015625,4,0.03125
경기,안산시 상록구,의원,2021,126,-2,3,0.023809523809523808,1,0.007936507936507936
경기,안산시 상록구,의원,2022,126,0,2,0.015873015873015872,2,0.015873015873015872
경기,안산시 상록구,의원,2023,124,-2,2,0.016129032258064516,0,0.0
경기,안산시 상록구,의원,2024,123,-1,3,0.024390243902439025,2,0.016260162601626018
경기,안산시 상록구,의원,2025,129,6,4,0.031007751937984496,10,0.07751937984496124
경기,안산시 상록구,종합병원,2007,1,,0,0.0,,
경기,안산시 상록구,종합병원,2008,1,0,0,0.0,0,0.0
경기,안산시 상록구,종합병원,2009,1,0,0,0.0,0,0.0
경기,안산시 상록구,종합병원,2010,1,0,1,1.0,1,1.0
경기,안산시 상록구,종합병원,2011,1,0,0,0.0,0,0.0
경기,안산시 상록구,종합병원,2012,1,0,0,0.0,0,0.0
경기,안산시 상록구,종합병원,2013,1,0,0,0.0,0,0.0
경기,안산시 상록구,종합병원,2014,1,0,0,0.0,0,0.0
경기,안산시 상록구,종합병원,2015,1,0,0,0.0,0,0.0
경기,안산시 상록구,종합병원,2016,1,0,0,0.0,0,0.0
경기,안산시 상록구,종합병원,2017,1,0,0,0.0,0,0.0
경기,안산시 상록구,종합병원,2018,1,0,0,0.0,0,0.0
경기,안산시 상록구,종합병원,2019,1,0,0,0.0,0,0.0
경기,안산시 상록구,종합병원,2020,1,0,0,0.0,0,0.0
경기,안산시 상록구,종합병원,2021,1,0,0,0.0,0,0.0
경기,안산시 상록구,종합병원,2022,1,0,0,0.0,0,0.0
경기,안산시 상록구,종합병원,2023,2,1,0,0.0,1,0.5
경기,안산시 상록구,종합병원,2024,2,0,0,0.0,0,0.0
경기,안산시 상록구,종합병원,2025,2,0,0,0.0,0,0.0
경기,안성시,병원,2007,4,,0,0.0,,
경기,안성시,병원,2008,4,0,2,0.5,2,0.5
경기,안성시,병원,2009,4,0,0,0.0,0,0.0
경기,안성시,병원,2010,4,0,0,0.0,0,0.0
경기,안성시,병원,2011,4,0,0,0.0,0,0.0
경기,안성시,병원,2012,4,0,0,0.0,0,0.0
경기,안성시,병원,2013,4,0,0,0.0,0,0.0
경기,안성시,병원,2014,4,0,0,0.0,0,0.0
경기,안성시,병원,2015,4,0,0,0.0,0,0.0
경기,안성시,병원,2016,4,0,0,0.0,0,0.0
경기,안성시,병원,2017,3,-1,0,0.0,-1,-0.3333333333333333
경기,안성시,병원,2018,3,0,1,0.3333333333333333,1,0.3333333333333333
경기,안성시,병원,2019,2,-1,0,0.0,-1,-0.5
경기,안성시,병원,2020,2,0,0,0.0,0,0.0
경기,안성시,병원,2021,2,0,0,0.0,0,0.0
경기,안성시,병원,2022,2,0,0,0.0,0,0.0
경기,안성시,병원,2023,2,0,0,0.0,0,0.0
경기,안성시,병원,2024,2,0,0,0.0,0,0.0
경기,안성시,병원,2025,2,0,0,0.0,0,0.0
경기,안성시,상급종합병원,2007,0,,0,,,
경기,안성시,상급종합병원,2008,0,0,0,,0,
경기,안성시,상급종합병원,2009,0,0,0,,0,
경기,안성시,상급종합병원,2010,0,0,0,,0,
경기,안성시,상급종합병원,2011,0,0,0,,0,
경기,안성시,상급종합병원,2012,0,0,0,,0,
경기,안성시,상급종합병원,2013,0,0,0,,0,
경기,안성시,상급종합병원,2014,0,0,0,,0,
경기,안성시,상급종합병원,2015,0,0,0,,0,
경기,안성시,상급종합병원,2016,0,0,0,,0,
경기,안성시,상급종합병원,2017,0,0,0,,0,
경기,안성시,상급종합병원,2018,0,0,0,,0,
경기,안성시,상급종합병원,2019,0,0,0,,0,
경기,안성시,상급종합병원,2020,0,0,0,,0,
경기,안성시,상급종합병원,2021,0,0,0,,0,
경기,안성시,상급종합병원,2022,0,0,0,,0,
경기,안성시,상급종합병원,2023,0,0,0,,0,
경기,안성시,상급종합병원,2024,0,0,0,,0,
경기,안성시,상급종합병원,2025,0,0,0,,0,
경기,안성시,의원,2007,62,,3,0.04838709677419355,,
경기,안성시,의원,2008,61,-1,3,0.04918032786885246,2,0.03278688524590164
경기,안성시,의원,2009,62,1,5,0.08064516129032258,6,0.0967741935483871
경기,안성시,의원,2010,63,1,4,0.06349206349206349,5,0.07936507936507936
경기,안성시,의원,2011,69,6,2,0.028985507246376812,8,0.11594202898550725
경기,안성시,의원,2012,75,6,2,0.02666666666666667,8,0.10666666666666667
경기,안성시,의원,2013,73,-2,5,0.0684931506849315,3,0.0410958904109589
경기,안성시,의원,2014,72,-1,2,0.027777777777777776,1,0.013888888888888888
경기,안성시,의원,2015,70,-2,2,0.02857142857142857,0,0.0
경기,안성시,의원,2016,71,1,0,0.0,1,0.014084507042253521
경기,안성시,의원,2017,70,-1,1,0.014285714285714285,0,0.0
경기,안성시,의원,2018,71,1,2,0.028169014084507043,3,0.04225352112676056
경기,안성시,의원,2019,73,2,0,0.0,2,0.0273972602739726
경기,안성시,의원,2020,74,1,3,0.04054054054054054,4,0.05405405405405406
경기,안성시,의원,2021,74,0,1,0.013513513513513514,1,0.013513513513513514
경기,안성시,의원,2022,77,3,1,0.012987012987012988,4,0.05194805194805195
경기,안성시,의원,2023,82,5,1,0.012195121951219513,6,0.07317073170731707
경기,안성시,의원,2024,84,2,0,0.0,2,0.023809523809523808
경기,안성시,의원,2025,87,3,1,0.011494252873563218,4,0.04597701149425287
경기,안성시,종합병원,2007,1,,0,0.0,,
경기,안성시,종합병원,2008,1,0,0,0.0,0,0.0
경기,안성시,종합병원,2009,1,0,0,0.0,0,0.0
경기,안성시,종합병원,2010,1,0,0,0.0,0,0.0
경기,안성시,종합병원,2011,1,0,0,0.0,0,0.0
경기,안성시,종합병원,2012,1,0,0,0.0,0,0.0
경기,안성시,종합병원,2013,1,0,0,0.0,0,0.0
경기,안성시,종합병원,2014,1,0,0,0.0,0,0.0
경기,안성시,종합병원,2015,1,0,0,0.0,0,0.0
경기,안성시,종합병원,2016,1,0,0,0.0,0,0.0
경기,안성시,종합병원,2017,1,0,0,0.0,0,0.0
경기,안성시,종합병원,2018,1,0,0,0.0,0,0.0
경기,안성시,종합병원,2019,2,1,0,0.0,1,0.5
경기,안성시,종합병원,2020,2,0,0,0.0,0,0.0
경기,안성시,종합병원,2021,2,0,0,0.0,0,0.0
경기,안성시,종합병원,2022,2,0,0,0.0,0,0.0
경기,안성시,종합병원,2023,2,0,0,0.0,0,0.0
경기,안성시,종합병원,2024,2,0,0,0.0,0,0.0
경기,안성시,종합병원,2025,2,0,0,0.0,0,0.0
경기,안양시 동안구,병원,2007,3,,0,0.0,,
경기,안양시 동안구,병원,2008,3,0,0,0.0,0,0.0
경기,안양시 동안구,병원,2009,5,2,0,0.0,2,0.4
경기,안양시 동안구,병원,2010,5,0,1,0.2,1,0.2
경기,안양시 동안구,병원,2011,6,1,0,0.0,1,0.16666666666666666
경기,안양시 동안구,병원,2012,7,1,0,0.0,1,0.14285714285714285
경기,안양시 동안구,병원,2013,8,1,1,0.125,2,0.25
경기,안양시 동안구,병원,2014,9,1,0,0.0,1,0.1111111111111111
경기,안양시 동안구,병원,2015,10,1,0,0.0,1,0.1
경기,안양시 동안구,병원,2016,11,1,0,0.0,1,0.09090909090909091
경기,안양시 동안구,병원,2017,12,1,1,0.08333333333333333,2,0.16666666666666666
경기,안양시 동안구,병원,2018,12,0,4,0.3333333333333333,4,0.3333333333333333
경기,안양시 동안구,병원,2019,11,-1,0,0.0,-1,-0.09090909090909091
경기,안양시 동안구,병원,2020,11,0,0,0.0,0,0.0
경기,안양시 동안구,병원,2021,11,0,1,0.09090909090909091,1,0.09090909090909091
경기,안양시 동안구,병원,2022,10,-1,1,0.1,0,0.0
경기,안양시 동안구,병원,2023,10,0,0,0.0,0,0.0
경기,안양시 동안구,병원,2024,10,0,1,0.1,1,0.1
경기,안양시 동안구,병원,2025,10,0,0,0.0,0,0.0
경기,안양시 동안구,상급종합병원,2007,0,,0,,,
경기,안양시 동안구,상급종합병원,2008,0,0,0,,0,
경기,안양시 동안구,상급종합병원,2009,1,1,0,0.0,1,1.0
경기,안양시 동안구,상급종합병원,2010,1,0,0,0.0,0,0.0
경기,안양시 동안구,상급종합병원,2011,1,0,0,0.0,0,0.0
경기,안양시 동안구,상급종합병원,2012,1,0,0,0.0,0,0.0
경기,안양시 동안구,상급종합병원,2013,1,0,0,0.0,0,0.0
경기,안양시 동안구,상급종합병원,2014,1,0,0,0.0,0,0.0
경기,안양시 동안구,상급종합병원,2015,1,0,0,0.0,0,0.0
경기,안양시 동안구,상급종합병원,2016,1,0,0,0.0,0,0.0
경기,안양시 동안구,상급종합병원,2017,1,0,0,0.0,0,0.0
경기,안양시 동안구,상급종합병원,2018,1,0,0,0.0,0,0.0
경기,안양시 동안구,상급종합병원,2019,1,0,0,0.0,0,0.0
경기,안양시 동안구,상급종합병원,2020,1,0,0,0.0,0,0.0
경기,안양시 동안구,상급종합병원,2021,1,0,0,0.0,0,0.0
경기,안양시 동안구,상급종합병원,2022,1,0,0,0.0,0,0.0
경기,안양시 동안구,상급종합병원,2023,1,0,0,0.0,0,0.0
경기,안양시 동안구,상급종합병원,2024,1,0,0,0.0,0,0.0
경기,안양시 동안구,상급종합병원,2025,1,0,0,0.0,0,0.0
경기,안양시 동안구,의원,2007,199,,10,0.05025125628140704,,
경기,안양시 동안구,의원,2008,201,2,10,0.04975124378109453,12,0.05970149253731343
경기,안양시 동안구,의원,2009,200,-1,8,0.04,7,0.035
경기,안양시 동안구,의원,2010,206,6,9,0.043689320388349516,15,0.07281553398058252
경기,안양시 동안구,의원,2011,213,7,8,0.03755868544600939,15,0.07042253521126761
경기,안양시 동안구,의원,2012,205,-8,9,0.04390243902439024,1,0.004878048780487805
경기,안양시 동안구,의원,2013,212,7,10,0.04716981132075472,17,0.08018867924528301
경기,안양시 동안구,의원,2014,214,2,5,0.02336448598130841,7,0.03271028037383177
경기,안양시 동안구,의원,2015,220,6,4,0.01818181818181818,10,0.045454545454545456
경기,안양시 동안구,의원,2016,224,4,5,0.022321428571428572,9,0.04017857142857143
경기,안양시 동안구,의원,2017,238,14,11,0.046218487394957986,25,0.10504201680672269
경기,안양시 동안구,의원,2018,241,3,5,0.02074688796680498,8,0.03319502074688797
경기,안양시 동안구,의원,2019,244,3,7,0.028688524590163935,10,0.040983606557377046
경기,안양시 동안구,의원,2020,254,10,6,0.023622047244094488,16,0.06299212598425197
경기,안양시 동안구,의원,2021,251,-3,11,0.043824701195219126,8,0.03187250996015936
경기,안양시 동안구,의원,2022,260,9,9,0.03461538461538462,18,0.06923076923076923
경기,안양시 동안구,의원,2023,269,9,6,0.022304832713754646,15,0.055762081784386616
경기,안양시 동안구,의원,2024,282,13,7,0.024822695035460994,20,0.07092198581560284
경기,안양시 동안구,의원,2025,287,5,8,0.027874564459930314,13,0.04529616724738676
경기,안양시 동안구,종합병원,2007,2,,0,0.0,,
경기,안양시 동안구,종합병원,2008,2,0,0,0.0,0,0.0
경기,안양시 동안구,종합병원,2009,1,-1,0,0.0,-1,-1.0
경기,안양시 동안구,종합병원,2010,1,0,0,0.0,0,0.0
경기,안양시 동안구,종합병원,2011,1,0,0,0.0,0,0.0
경기,안양시 동안구,종합병원,2012,1,0,0,0.0,0,0.0
경기,안양시 동안구,종합병원,2013,1,0,0,0.0,0,0.0
경기,안양시 동안구,종합병원,2014,1,0,0,0.0,0,0.0
경기,안양시 동안구,종합병원,2015,1,0,0,0.0,0,0.0
경기,안양시 동안구,종합병원,2016,1,0,0,0.0,0,0.0
경기,안양시 동안구,종합병원,2017,0,-1,1,,0,
경기,안양시 동안구,종합병원,2018,0,0,0,,0,
경기,안양시 동안구,종합병원,2019,0,0,0,,0,
경기,안양시 동안구,종합병원,2020,0,0,0,,0,
경기,안양시 동안구,종합병원,2021,0,0,0,,0,
경기,안양시 동안구,종합병원,2022,0,0,0,,0,
경기,안양시 동안구,종합병원,2023,0,0,0,,0,
경기,안양시 동안구,종합병원,2024,0,0,0,,0,
경기,안양시 동안구,종합병원,2025,0,0,0,,0,
경기,안양시 만안구,병원,2007,1,,0,0.0,,
경기,안양시 만안구,병원,2008,2,1,0,0.0,1,0.5
경기,안양시 만안구,병원,2009,3,1,0,0.0,1,0.3333333333333333
경기,안양시 만안구,병원,2010,3,0,0,0.0,0,0.0
경기,안양시 만안구,병원,2011,3,0,1,0.3333333333333333,1,0.3333333333333333
경기,안양시 만안구,병원,2012,3,0,0,0.0,0,0.0
경기,안양시 만안구,병원,2013,3,0,0,0.0,0,0.0
경기,안양시 만안구,병원,2014,2,-1,0,0.0,-1,-0.5
경기,안양시 만안구,병원,2015,2,0,0,0.0,0,0.0
경기,안양시 만안구,병원,2016,2,0,0,0.0,0,0.0
경기,안양시 만안구,병원,2017,3,1,0,0.0,1,0.3333333333333333
경기,안양시 만안구,병원,2018,3,0,0,0.0,0,0.0
경기,안양시 만안구,병원,2019,3,0,1,0.3333333333333333,1,0.3333333333333333
경기,안양시 만안구,병원,2020,3,0,0,0.0,0,0.0
경기,안양시 만안구,병원,2021,3,0,0,0.0,0,0.0
경기,안양시 만안구,병원,2022,3,0,1,0.3333333333333333,1,0.3333333333333333
경기,안양시 만안구,병원,2023,3,0,0,0.0,0,0.0
경기,안양시 만안구,병원,2024,2,-1,0,0.0,-1,-0.5
경기,안양시 만안구,병원,2025,2,0,1,0.5,1,0.5
경기,안양시 만안구,상급종합병원,2007,0,,0,,,
경기,안양시 만안구,상급종합병원,2008,0,0,0,,0,
경기,안양시 만안구,상급종합병원,2009,0,0,0,,0,
경기,안양시 만안구,상급종합병원,2010,0,0,0,,0,
경기,안양시 만안구,상급종합병원,2011,0,0,0,,0,
경기,안양시 만안구,상급종합병원,2012,0,0,0,,0,
경기,안양시 만안구,상급종합병원,2013,0,0,0,,0,
경기,안양시 만안구,상급종합병원,2014,0,0,0,,0,
경기,안양시 만안구,상급종합병원,2015,0,0,0,,0,
경기,안양시 만안구,상급종합병원,2016,0,0,0,,0,
경기,안양시 만안구,상급종합병원,2017,0,0,0,,0,
경기,안양시 만안구,상급종합병원,2018,0,0,0,,0,
경기,안양시 만안구,상급종합병원,2019,0,0,0,,0,
경기,안양시 만안구,상급종합병원,2020,0,0,0,,0,
경기,안양시 만안구,상급종합병원,2021,0,0,0,,0,
경기,안양시 만안구,상급종합병원,2022,0,0,0,,0,
경기,안양시 만안구,상급종합병원,2023,0,0,0,,0,
경기,안양시 만안구,상급종합병원,2024,0,0,0,,0,
경기,안양시 만안구,상급종합병원,2025,0,0,0,,0,
경기,안양시 만안구,의원,2007,126,,5,0.03968253968253968,,
경기,안양시 만안구,의원,2008,124,-2,7,0.056451612903225805,5,0.04032258064516129
경기,안양시 만안구,의원,2009,129,5,5,0.03875968992248062,10,0.07751937984496124
경기,안양시 만안구,의원,2010,135,6,8,0.05925925925925926,14,0.1037037037037037
경기,안양시 만안구,의원,2011,130,-5,6,0.046153846153846156,1,0.007692307692307693
경기,안양시 만안구,의원,2012,132,2,11,0.08333333333333333,13,0.09848484848484848
경기,안양시 만안구,의원,2013,123,-9,3,0.024390243902439025,-6,-0.04878048780487805
경기,안양시 만안구,의원,2014,126,3,2,0.015873015873015872,5,0.03968253968253968
경기,안양시 만안구,의원,2015,130,4,2,0.015384615384615385,6,0.046153846153846156
경기,안양시 만안구,의원,2016,128,-2,4,0.03125,2,0.015625
경기,안양시 만안구,의원,2017,128,0,7,0.0546875,7,0.0546875
경기,안양시 만안구,의원,2018,129,1,4,0.031007751937984496,5,0.03875968992248062
경기,안양시 만안구,의원,2019,129,0,3,0.023255813953488372,3,0.023255813953488372
경기,안양시 만안구,의원,2020,130,1,1,0.007692307692307693,2,0.015384615384615385
경기,안양시 만안구,의원,2021,131,1,4,0.030534351145038167,5,0.03816793893129771
경기,안양시 만안구,의원,2022,129,-2,3,0.023255813953488372,1,0.007751937984496124
경기,안양시 만안구,의원,2023,133,4,2,0.015037593984962405,6,0.045112781954887216
경기,안양시 만안구,의원,2024,135,2,1,0.007407407407407408,3,0.022222222222222223
경기,안양시 만안구,의원,2025,137,2,4,0.029197080291970802,6,0.043795620437956206
경기,안양시 만안구,종합병원,2007,2,,0,0.0,,
경기,안양시 만안구,종합병원,2008,2,0,0,0.0,0,0.0
경기,안양시 만안구,종합병원,2009,2,0,0,0.0,0,0.0
경기,안양시 만안구,종합병원,2010,2,0,0,0.0,0,0.0
경기,안양시 만안구,종합병원,2011,2,0,0,0.0,0,0.0
경기,안양시 만안구,종합병원,2012,2,0,0,0.0,0,0.0
경기,안양시 만안구,종합병원,2013,2,0,0,0.0,0,0.0
경기,안양시 만안구,종합병원,2014,2,0,0,0.0,0,0.0
경기,안양시 만안구,종합병원,2015,2,0,0,0.0,0,0.0
경기,안양시 만안구,종합병원,2016,2,0,0,0.0,0,0.0
경기,안양시 만안구,종합병원,2017,2,0,0,0.0,0,0.0
경기,안양시 만안구,종합병원,2018,2,0,0,0.0,0,0.0
경기,안양시 만안구,종합병원,2019,2,0,0,0.0,0,0.0
경기,안양시 만안구,종합병원,2020,2,0,0,0.0,0,0.0
경기,안양시 만안구,종합병원,2021,2,0,0,0.0,0,0.0
경기,안양시 만안구,종합병원,2022,2,0,0,0.0,0,0.0
경기,안양시 만안구,종합병원,2023,2,0,0,0.0,0,0.0
경기,안양시 만안구,종합병원,2024,2,0,0,0.0,0,0.0
경기,안양시 만안구,종합병원,2025,2,0,0,0.0,0,0.0
경기,양주시,병원,2007,4,,2,0.5,,
경기,양주시,병원,2008,4,0,0,0.0,0,0.0
경기,양주시,병원,2009,4,0,1,0.25,1,0.25
경기,양주시,병원,2010,4,0,0,0.0,0,0.0
경기,양주시,병원,2011,5,1,0,0.0,1,0.2
경기,양주시,병원,2012,5,0,0,0.0,0,0.0
경기,양주시,병원,2013,5,0,1,0.2,1,0.2
경기,양주시,병원,2014,5,0,0,0.0,0,0.0
경기,양주시,병원,2015,5,0,0,0.0,0,0.0
경기,양주시,병원,2016,5,0,0,0.0,0,0.0
경기,양주시,병원,2017,5,0,0,0.0,0,0.0
경기,양주시,병원,2018,5,0,0,0.0,0,0.0
경기,양주시,병원,2019,5,0,0,0.0,0,0.0
경기,양주시,병원,2020,5,0,0,0.0,0,0.0
경기,양주시,병원,2021,6,1,1,0.16666666666666666,2,0.3333333333333333
경기,양주시,병원,2022,6,0,0,0.0,0,0.0
경기,양주시,병원,2023,6,0,0,0.0,0,0.0
경기,양주시,병원,2024,6,0,0,0.0,0,0.0
경기,양주시,병원,2025,6,0,1,0.16666666666666666,1,0.16666666666666666
경기,양주시,상급종합병원,2007,0,,0,,,
경기,양주시,상급종합병원,2008,0,0,0,,0,
경기,양주시,상급종합병원,2009,0,0,0,,0,
경기,양주시,상급종합병원,2010,0,0,0,,0,
경기,양주시,상급종합병원,2011,0,0,0,,0,
경기,양주시,상급종합병원,2012,0,0,0,,0,
경기,양주시,상급종합병원,2013,0,0,0,,0,
경기,양주시,상급종합병원,2014,0,0,0,,0,
경기,양주시,상급종합병원,2015,0,0,0,,0,
경기,양주시,상급종합병원,2016,0,0,0,,0,
경기,양주시,상급종합병원,2017,0,0,0,,0,
경기,양주시,상급종합병원,2018,0,0,0,,0,
경기,양주시,상급종합병원,2019,0,0,0,,0,
경기,양주시,상급종합병원,2020,0,0,0,,0,
경기,양주시,상급종합병원,2021,0,0,0,,0,
경기,양주시,상급종합병원,2022,0,0,0,,0,
경기,양주시,상급종합병원,2023,0,0,0,,0,
경기,양주시,상급종합병원,2024,0,0,0,,0,
경기,양주시,상급종합병원,2025,0,0,0,,0,
경기,양주시,의원,2007,44,,5,0.11363636363636363,,
경기,양주시,의원,2008,47,3,0,0.0,3,0.06382978723404255
경기,양주시,의원,2009,47,0,1,0.02127659574468085,1,0.02127659574468085
경기,양주시,의원,2010,56,9,2,0.03571428571428571,11,0.19642857142857142
경기,양주시,의원,2011,58,2,2,0.034482758620689655,4,0.06896551724137931
경기,양주시,의원,2012,62,4,2,0.03225806451612903,6,0.0967741935483871
경기,양주시,의원,2013,63,1,3,0.047619047619047616,4,0.06349206349206349
경기,양주시,의원,2014,63,0,2,0.031746031746031744,2,0.031746031746031744
경기,양주시,의원,2015,62,-1,0,0.0,-1,-0.016129032258064516
경기,양주시,의원,2016,61,-1,1,0.01639344262295082,0,0.0
경기,양주시,의원,2017,62,1,4,0.06451612903225806,5,0.08064516129032258
경기,양주시,의원,2018,68,6,0,0.0,6,0.08823529411764706
경기,양주시,의원,2019,80,12,2,0.025,14,0.175
경기,양주시,의원,2020,84,4,1,0.011904761904761904,5,0.05952380952380952
경기,양주시,의원,2021,89,5,1,0.011235955056179775,6,0.06741573033707865
경기,양주시,의원,2022,90,1,2,0.022222222222222223,3,0.03333333333333333
경기,양주시,의원,2023,97,7,0,0.0,7,0.07216494845360824
경기,양주시,의원,2024,106,9,3,0.02830188679245283,12,0.11320754716981132
경기,양주시,의원,2025,116,10,3,0.02586206896551724,13,0.11206896551724138
경기,양주시,종합병원,2007,0,,0,,,
경기,양주시,종합병원,2008,0,0,0,,0,
경기,양주시,종합병원,2009,0,0,0,,0,
경기,양주시,종합병원,2010,0,0,0,,0,
경기,양주시,종합병원,2011,0,0,0,,0,
경기,양주시,종합병원,2012,0,0,0,,0,
경기,양주시,종합병원,2013,0,0,0,,0,
경기,양주시,종합병원,2014,0,0,0,,0,
경기,양주시,종합병원,2015,0,0,0,,0,
경기,양주시,종합병원,2016,0,0,0,,0,
경기,양주시,종합병원,2017,0,0,0,,0,
경기,양주시,종합병원,2018,0,0,0,,0,
경기,양주시,종합병원,2019,0,0,0,,0,
경기,양주시,종합병원,2020,0,0,0,,0,
경기,양주시,종합병원,2021,0,0,0,,0,
경기,양주시,종합병원,2022,0,0,0,,0,
경기,양주시,종합병원,2023,0,0,0,,0,
경기,양주시,종합병원,2024,0,0,0,,0,
경기,양주시,종합병원,2025,0,0,0,,0,
경기,양평군,병원,2007,2,,1,0.5,,
경기,양평군,병원,2008,2,0,1,0.5,1,0.5
경기,양평군,병원,2009,2,0,0,0.0,0,0.0
경기,양평군,병원,2010,2,0,0,0.0,0,0.0
경기,양평군,병원,2011,2,0,0,0.0,0,0.0
경기,양평군,병원,2012,2,0,1,0.5,1,0.5
경기,양평군,병원,2013,2,0,0,0.0,0,0.0
경기,양평군,병원,2014,2,0,0,0.0,0,0.0
경기,양평군,병원,2015,3,1,2,0.6666666666666666,3,1.0
경기,양평군,병원,2016,2,-1,0,0.0,-1,-0.5
경기,양평군,병원,2017,2,0,0,0.0,0,0.0
경기,양평군,병원,2018,2,0,0,0.0,0,0.0
경기,양평군,병원,2019,2,0,0,0.0,0,0.0
경기,양평군,병원,2020,2,0,0,0.0,0,0.0
경기,양평군,병원,2021,2,0,0,0.0,0,0.0
경기,양평군,병원,2022,2,0,0,0.0,0,0.0
경기,양평군,병원,2023,2,0,0,0.0,0,0.0
경기,양평군,병원,2024,2,0,0,0.0,0,0.0
경기,양평군,병원,2025,2,0,0,0.0,0,0.0
경기,양평군,상급종합병원,2007,0,,0,,,
경기,양평군,상급종합병원,2008,0,0,0,,0,
경기,양평군,상급종합병원,2009,0,0,0,,0,
경기,양평군,상급종합병원,2010,0,0,0,,0,
경기,양평군,상급종합병원,2011,0,0,0,,0,
경기,양평군,상급종합병원,2012,0,0,0,,0,
경기,양평군,상급종합병원,2013,0,0,0,,0,
경기,양평군,상급종합병원,2014,0,0,0,,0,
경기,양평군,상급종합병원,2015,0,0,0,,0,
경기,양평군,상급종합병원,2016,0,0,0,,0,
경기,양평군,상급종합병원,2017,0,0,0,,0,
경기,양평군,상급종합병원,2018,0,0,0,,0,
경기,양평군,상급종합병원,2019,0,0,0,,0,
경기,양평군,상급종합병원,2020,0,0,0,,0,
경기,양평군,상급종합병원,2021,0,0,0,,0,
경기,양평군,상급종합병원,2022,0,0,0,,0,
경기,양평군,상급종합병원,2023,0,0,0,,0,
경기,양평군,상급종합병원,2024,0,0,0,,0,
경기,양평군,상급종합병원,2025,0,0,0,,0,
경기,양평군,의원,2007,27,,4,0.14814814814814814,,
경기,양평군,의원,2008,29,2,2,0.06896551724137931,4,0.13793103448275862
경기,양평군,의원,2009,31,2,2,0.06451612903225806,4,0.12903225806451613
경기,양평군,의원,2010,34,3,3,0.08823529411764706,6,0.17647058823529413
경기,양평군,의원,2011,37,3,3,0.08108108108108109,6,0.16216216216216217
경기,양평군,의원,2012,35,-2,1,0.02857142857142857,-1,-0.02857142857142857
경기,양평군,의원,2013,34,-1,0,0.0,-1,-0.029411764705882353
경기,양평군,의원,2014,35,1,2,0.05714285714285714,3,0.08571428571428572
경기,양평군,의원,2015,35,0,2,0.05714285714285714,2,0.05714285714285714
경기,양평군,의원,2016,39,4,1,0.02564102564102564,5,0.1282051282051282
경기,양평군,의원,2017,41,2,3,0.07317073170731707,5,0.12195121951219512
경기,양평군,의원,2018,42,1,0,0.0,1,0.023809523809523808
경기,양평군,의원,2019,41,-1,1,0.024390243902439025,0,0.0
경기,양평군,의원,2020,41,0,0,0.0,0,0.0
경기,양평군,의원,2021,45,4,1,0.022222222222222223,5,0.1111111111111111
경기,양평군,의원,2022,47,2,2,0.0425531914893617,4,0.0851063829787234
경기,양평군,의원,2023,47,0,2,0.0425531914893617,2,0.0425531914893617
경기,양평군,의원,2024,47,0,2,0.0425531914893617,2,0.0425531914893617
경기,양평군,의원,2025,47,0,1,0.02127659574468085,1,0.02127659574468085
경기,양평군,종합병원,2007,0,,0,,,
경기,양평군,종합병원,2008,0,0,0,,0,
경기,양평군,종합병원,2009,0,0,0,,0,
경기,양평군,종합병원,2010,0,0,0,,0,
경기,양평군,종합병원,2011,0,0,0,,0,
경기,양평군,종합병원,2012,0,0,0,,0,
경기,양평군,종합병원,2013,0,0,0,,0,
경기,양평군,종합병원,2014,0,0,0,,0,
경기,양평군,종합병원,2015,0,0,0,,0,
경기,양평군,종합병원,2016,0,0,0,,0,
경기,양평군,종합병원,2017,0,0,0,,0,
경기,양평군,종합병원,2018,0,0,0,,0,
경기,양평군,종합병원,2019,0,0,0,,0,
경기,양평군,종합병원,2020,0,0,0,,0,
경기,양평군,종합병원,2021,0,0,0,,0,
경기,양평군,종합병원,2022,0,0,0,,0,
경기,양평군,종합병원,2023,0,0,0,,0,
경기,양평군,종합병원,2024,0,0,0,,0,
경기,양평군,종합병원,2025,0,0,0,,0,
경기,여주시,병원,2007,4,,0,0.0,,
경기,여주시,병원,2008,4,0,0,0.0,0,0.0
경기,여주시,병원,2009,4,0,0,0.0,0,0.0
경기,여주시,병원,2010,4,0,0,0.0,0,0.0
경기,여주시,병원,2011,4,0,0,0.0,0,0.0
경기,여주시,병원,2012,4,0,0,0.0,0,0.0
경기,여주시,병원,2013,4,0,0,0.0,0,0.0
경기,여주시,병원,2014,4,0,0,0.0,0,0.0
경기,여주시,병원,2015,4,0,0,0.0,0,0.0
경기,여주시,병원,2016,4,0,0,0.0,0,0.0
경기,여주시,병원,2017,4,0,0,0.0,0,0.0
경기,여주시,병원,2018,4,0,0,0.0,0,0.0
경기,여주시,병원,2019,4,0,0,0.0,0,0.0
경기,여주시,병원,2020,4,0,0,0.0,0,0.0
경기,여주시,병원,2021,4,0,0,0.0,0,0.0
경기,여주시,병원,2022,2,-2,2,1.0,0,0.0
경기,여주시,병원,2023,2,0,0,0.0,0,0.0
경기,여주시,병원,2024,2,0,0,0.0,0,0.0
경기,여주시,병원,2025,2,0,1,0.5,1,0.5
경기,여주시,상급종합병원,2007,0,,0,,,
경기,여주시,상급종합병원,2008,0,0,0,,0,
경기,여주시,상급종합병원,2009,0,0,0,,0,
경기,여주시,상급종합병원,2010,0,0,0,,0,
경기,여주시,상급종합병원,2011,0,0,0,,0,
경기,여주시,상급종합병원,2012,0,0,0,,0,
경기,여주시,상급종합병원,2013,0,0,0,,0,
경기,여주시,상급종합병원,2014,0,0,0,,0,
경기,여주시,상급종합병원,2015,0,0,0,,0,
경기,여주시,상급종합병원,2016,0,0,0,,0,
경기,여주시,상급종합병원,2017,0,0,0,,0,
경기,여주시,상급종합병원,2018,0,0,0,,0,
경기,여주시,상급종합병원,2019,0,0,0,,0,
경기,여주시,상급종합병원,2020,0,0,0,,0,
경기,여주시,상급종합병원,2021,0,0,0,,0,
경기,여주시,상급종합병원,2022,0,0,0,,0,
경기,여주시,상급종합병원,2023,0,0,0,,0,
경기,여주시,상급종합병원,2024,0,0,0,,0,
경기,여주시,상급종합병원,2025,0,0,0,,0,
경기,여주시,의원,2007,47,,2,0.0425531914893617,,
경기,여주시,의원,2008,47,0,1,0.02127659574468085,1,0.02127659574468085
경기,여주시,의원,2009,47,0,4,0.0851063829787234,4,0.0851063829787234
경기,여주시,의원,2010,49,2,6,0.12244897959183673,8,0.16326530612244897
경기,여주시,의원,2011,46,-3,3,0.06521739130434782,0,0.0
경기,여주시,의원,2012,45,-1,2,0.044444444444444446,1,0.022222222222222223
경기,여주시,의원,2013,48,3,1,0.020833333333333332,4,0.08333333333333333
경기,여주시,의원,2014,48,0,2,0.041666666666666664,2,0.041666666666666664
경기,여주시,의원,2015,46,-2,4,0.08695652173913043,2,0.043478260869565216
경기,여주시,의원,2016,47,1,1,0.02127659574468085,2,0.0425531914893617
경기,여주시,의원,2017,49,2,0,0.0,2,0.04081632653061224
경기,여주시,의원,2018,49,0,4,0.08163265306122448,4,0.08163265306122448
경기,여주시,의원,2019,49,0,2,0.04081632653061224,2,0.04081632653061224
경기,여주시,의원,2020,50,1,1,0.02,2,0.04
경기,여주시,의원,2021,50,0,1,0.02,1,0.02
경기,여주시,의원,2022,51,1,2,0.0392156862745098,3,0.058823529411764705
경기,여주시,의원,2023,51,0,0,0.0,0,0.0
경기,여주시,의원,2024,51,0,0,0.0,0,0.0
경기,여주시,의원,2025,51,0,0,0.0,0,0.0
경기,여주시,종합병원,2007,0,,0,,,
경기,여주시,종합병원,2008,0,0,0,,0,
경기,여주시,종합병원,2009,0,0,0,,0,
경기,여주시,종합병원,2010,0,0,0,,0,
경기,여주시,종합병원,2011,0,0,0,,0,
경기,여주시,종합병원,2012,0,0,0,,0,
경기,여주시,종합병원,2013,0,0,0,,0,
경기,여주시,종합병원,2014,0,0,0,,0,
경기,여주시,종합병원,2015,0,0,0,,0,
경기,여주시,종합병원,2016,0,0,0,,0,
경기,여주시,종합병원,2017,0,0,0,,0,
경기,여주시,종합병원,2018,0,0,0,,0,
경기,여주시,종합병원,2019,0,0,0,,0,
경기,여주시,종합병원,2020,0,0,0,,0,
경기,여주시,종합병원,2021,0,0,0,,0,
경기,여주시,종합병원,2022,0,0,0,,0,
경기,여주시,종합병원,2023,0,0,0,,0,
경기,여주시,종합병원,2024,0,0,0,,0,
경기,여주시,종합병원,2025,0,0,0,,0,
경기,연천군,병원,2007,1,,0,0.0,,
경기,연천군,병원,2008,1,0,0,0.0,0,0.0
경기,연천군,병원,2009,1,0,1,1.0,1,1.0
경기,연천군,병원,2010,0,-1,0,,-1,
경기,연천군,병원,2011,0,0,0,,0,
경기,연천군,병원,2012,0,0,0,,0,
경기,연천군,병원,2013,0,0,0,,0,
경기,연천군,병원,2014,0,0,0,,0,
경기,연천군,병원,2015,0,0,0,,0,
경기,연천군,병원,2016,0,0,0,,0,
경기,연천군,병원,2017,0,0,0,,0,
경기,연천군,병원,2018,0,0,0,,0,
경기,연천군,병원,2019,0,0,0,,0,
경기,연천군,병원,2020,0,0,0,,0,
경기,연천군,병원,2021,0,0,0,,0,
경기,연천군,병원,2022,0,0,0,,0,
경기,연천군,병원,2023,0,0,0,,0,
경기,연천군,병원,2024,0,0,0,,0,
경기,연천군,병원,2025,0,0,0,,0,
경기,연천군,상급종합병원,2007,0,,0,,,
경기,연천군,상급종합병원,2008,0,0,0,,0,
경기,연천군,상급종합병원,2009,0,0,0,,0,
경기,연천군,상급종합병원,2010,0,0,0,,0,
경기,연천군,상급종합병원,2011,0,0,0,,0,
경기,연천군,상급종합병원,2012,0,0,0,,0,
경기,연천군,상급종합병원,2013,0,0,0,,0,
경기,연천군,상급종합병원,2014,0,0,0,,0,
경기,연천군,상급종합병원,2015,0,0,0,,0,
경기,연천군,상급종합병원,2016,0,0,0,,0,
경기,연천군,상급종합병원,2017,0,0,0,,0,
경기,연천군,상급종합병원,2018,0,0,0,,0,
경기,연천군,상급종합병원,2019,0,0,0,,0,
경기,연천군,상급종합병원,2020,0,0,0,,0,
경기,연천군,상급종합병원,2021,0,0,0,,0,
경기,연천군,상급종합병원,2022,0,0,0,,0,
경기,연천군,상급종합병원,2023,0,0,0,,0,
경기,연천군,상급종합병원,2024,0,0,0,,0,
경기,연천군,상급종합병원,2025,0,0,0,,0,
경기,연천군,의원,2007,15,,3,0.2,,
경기,연천군,의원,2008,14,-1,2,0.14285714285714285,1,0.07142857142857142
경기,연천군,의원,2009,15,1,2,0.13333333333333333,3,0.2
경기,연천군,의원,2010,16,1,2,0.125,3,0.1875
경기,연천군,의원,2011,15,-1,3,0.2,2,0.13333333333333333
경기,연천군,의원,2012,17,2,1,0.058823529411764705,3,0.17647058823529413
경기,연천군,의원,2013,16,-1,4,0.25,3,0.1875
경기,연천군,의원,2014,16,0,1,0.0625,1,0.0625
경기,연천군,의원,2015,17,1,1,0.058823529411764705,2,0.11764705882352941
경기,연천군,의원,2016,15,-2,3,0.2,1,0.06666666666666667
경기,연천군,의원,2017,14,-1,0,0.0,-1,-0.07142857142857142
경기,연천군,의원,2018,13,-1,2,0.15384615384615385,1,0.07692307692307693
경기,연천군,의원,2019,13,0,0,0.0,0,0.0
경기,연천군,의원,2020,13,0,1,0.07692307692307693,1,0.07692307692307693
경기,연천군,의원,2021,13,0,0,0.0,0,0.0
경기,연천군,의원,2022,13,0,0,0.0,0,0.0
경기,연천군,의원,2023,13,0,0,0.0,0,0.0
경기,연천군,의원,2024,15,2,1,0.06666666666666667,3,0.2
경기,연천군,의원,2025,15,0,0,0.0,0,0.0
경기,연천군,종합병원,2007,0,,0,,,
경기,연천군,종합병원,2008,0,0,0,,0,
경기,연천군,종합병원,2009,0,0,0,,0,
경기,연천군,종합병원,2010,0,0,0,,0,
경기,연천군,종합병원,2011,0,0,0,,0,
경기,연천군,종합병원,2012,0,0,0,,0,
경기,연천군,종합병원,2013,0,0,0,,0,
경기,연천군,종합병원,2014,0,0,0,,0,
경기,연천군,종합병원,2015,0,0,0,,0,
경기,연천군,종합병원,2016,0,0,0,,0,
경기,연천군,종합병원,2017,0,0,0,,0,
경기,연천군,종합병원,2018,0,0,0,,0,
경기,연천군,종합병원,2019,0,0,0,,0,
경기,연천군,종합병원,2020,0,0,0,,0,
경기,연천군,종합병원,2021,0,0,0,,0,
경기,연천군,종합병원,2022,0,0,0,,0,
경기,연천군,종합병원,2023,0,0,0,,0,
경기,연천군,종합병원,2024,0,0,0,,0,
경기,연천군,종합병원,2025,0,0,0,,0,
경기,오산시,병원,2007,2,,0,0.0,,
경기,오산시,병원,2008,2,0,0,0.0,0,0.0
경기,오산시,병원,2009,1,-1,1,1.0,0,0.0
경기,오산시,병원,2010,2,1,0,0.0,1,0.5
경기,오산시,병원,2011,2,0,0,0.0,0,0.0
경기,오산시,병원,2012,2,0,0,0.0,0,0.0
경기,오산시,병원,2013,2,0,0,0.0,0,0.0
경기,오산시,병원,2014,4,2,1,0.25,3,0.75
경기,오산시,병원,2015,4,0,0,0.0,0,0.0
경기,오산시,병원,2016,4,0,1,0.25,1,0.25
경기,오산시,병원,2017,3,-1,1,0.3333333333333333,0,0.0
경기,오산시,병원,2018,3,0,0,0.0,0,0.0
경기,오산시,병원,2019,5,2,0,0.0,2,0.4
경기,오산시,병원,2020,7,2,0,0.0,2,0.2857142857142857
경기,오산시,병원,2021,7,0,0,0.0,0,0.0
경기,오산시,병원,2022,8,1,0,0.0,1,0.125
경기,오산시,병원,2023,8,0,0,0.0,0,0.0
경기,오산시,병원,2024,8,0,1,0.125,1,0.125
경기,오산시,병원,2025,8,0,1,0.125,1,0.125
경기,오산시,상급종합병원,2007,0,,0,,,
경기,오산시,상급종합병원,2008,0,0,0,,0,
경기,오산시,상급종합병원,2009,0,0,0,,0,
경기,오산시,상급종합병원,2010,0,0,0,,0,
경기,오산시,상급종합병원,2011,0,0,0,,0,
경기,오산시,상급종합병원,2012,0,0,0,,0,
경기,오산시,상급종합병원,2013,0,0,0,,0,
경기,오산시,상급종합병원,2014,0,0,0,,0,
경기,오산시,상급종합병원,2015,0,0,0,,0,
경기,오산시,상급종합병원,2016,0,0,0,,0,
경기,오산시,상급종합병원,2017,0,0,0,,0,
경기,오산시,상급종합병원,2018,0,0,0,,0,
경기,오산시,상급종합병원,2019,0,0,0,,0,
경기,오산시,상급종합병원,2020,0,0,0,,0,
경기,오산시,상급종합병원,2021,0,0,0,,0,
경기,오산시,상급종합병원,2022,0,0,0,,0,
경기,오산시,상급종합병원,2023,0,0,0,,0,
경기,오산시,상급종합병원,2024,0,0,0,,0,
경기,오산시,상급종합병원,2025,0,0,0,,0,
경기,오산시,의원,2007,66,,2,0.030303030303030304,,
경기,오산시,의원,2008,69,3,4,0.057971014492753624,7,0.10144927536231885
경기,오산시,의원,2009,70,1,6,0.08571428571428572,7,0.1
경기,오산시,의원,2010,73,3,4,0.0547945205479452,7,0.0958904109589041
경기,오산시,의원,2011,82,9,5,0.06097560975609756,14,0.17073170731707318
경기,오산시,의원,2012,85,3,4,0.047058823529411764,7,0.08235294117647059
경기,오산시,의원,2013,84,-1,4,0.047619047619047616,3,0.03571428571428571
경기,오산시,의원,2014,85,1,1,0.011764705882352941,2,0.023529411764705882
경기,오산시,의원,2015,88,3,5,0.056818181818181816,8,0.09090909090909091
경기,오산시,의원,2016,92,4,3,0.03260869565217391,7,0.07608695652173914
경기,오산시,의원,2017,92,0,4,0.043478260869565216,4,0.043478260869565216
경기,오산시,의원,2018,101,9,3,0.0297029702970297,12,0.1188118811881188
경기,오산시,의원,2019,105,4,5,0.047619047619047616,9,0.08571428571428572
경기,오산시,의원,2020,101,-4,3,0.0297029702970297,-1,-0.009900990099009901
경기,오산시,의원,2021,101,0,2,0.019801980198019802,2,0.019801980198019802
경기,오산시,의원,2022,101,0,5,0.04950495049504951,5,0.04950495049504951
경기,오산시,의원,2023,102,1,4,0.0392156862745098,5,0.049019607843137254
경기,오산시,의원,2024,103,1,1,0.009708737864077669,2,0.019417475728155338
경기,오산시,의원,2025,111,8,1,0.009009009009009009,9,0.08108108108108109
경기,오산시,종합병원,2007,1,,0,0.0,,
경기,오산시,종합병원,2008,1,0,0,0.0,0,0.0
경기,오산시,종합병원,2009,2,1,0,0.0,1,0.5
경기,오산시,종합병원,2010,2,0,0,0.0,0,0.0
경기,오산시,종합병원,2011,2,0,0,0.0,0,0.0
경기,오산시,종합병원,2012,2,0,0,0.0,0,0.0
경기,오산시,종합병원,2013,2,0,1,0.5,1,0.5
경기,오산시,종합병원,2014,1,-1,0,0.0,-1,-1.0
경기,오산시,종합병원,2015,1,0,0,0.0,0,0.0
경기,오산시,종합병원,2016,1,0,0,0.0,0,0.0
경기,오산시,종합병원,2017,2,1,1,0.5,2,1.0
경기,오산시,종합병원,2018,3,1,0,0.0,1,0.3333333333333333
경기,오산시,종합병원,2019,3,0,0,0.0,0,0.0
경기,오산시,종합병원,2020,2,-1,1,0.5,0,0.0
경기,오산시,종합병원,2021,2,0,0,0.0,0,0.0
경기,오산시,종합병원,2022,2,0,0,0.0,0,0.0
경기,오산시,종합병원,2023,2,0,0,0.0,0,0.0
경기,오산시,종합병원,2024,2,0,0,0.0,0,0.0
경기,오산시,종합병원,2025,2,0,0,0.0,0,0.0
경기,용인시 기흥구,병원,2007,3,,0,0.0,,
경기,용인시 기흥구,병원,2008,5,2,0,0.0,2,0.4
경기,용인시 기흥구,병원,2009,7,2,0,0.0,2,0.2857142857142857
경기,용인시 기흥구,병원,2010,7,0,0,0.0,0,0.0
경기,용인시 기흥구,병원,2011,7,0,2,0.2857142857142857,2,0.2857142857142857
경기,용인시 기흥구,병원,2012,7,0,2,0.2857142857142857,2,0.2857142857142857
경기,용인시 기흥구,병원,2013,5,-2,1,0.2,-1,-0.2
경기,용인시 기흥구,병원,2014,5,0,0,0.0,0,0.0
경기,용인시 기흥구,병원,2015,6,1,1,0.16666666666666666,2,0.3333333333333333
경기,용인시 기흥구,병원,2016,6,0,2,0.3333333333333333,2,0.3333333333333333
경기,용인시 기흥구,병원,2017,3,-3,1,0.3333333333333333,-2,-0.6666666666666666
경기,용인시 기흥구,병원,2018,3,0,0,0.0,0,0.0
경기,용인시 기흥구,병원,2019,4,1,0,0.0,1,0.25
경기,용인시 기흥구,병원,2020,4,0,0,0.0,0,0.0
경기,용인시 기흥구,병원,2021,6,2,0,0.0,2,0.3333333333333333
경기,용인시 기흥구,병원,2022,7,1,1,0.14285714285714285,2,0.2857142857142857
경기,용인시 기흥구,병원,2023,6,-1,0,0.0,-1,-0.16666666666666666
경기,용인시 기흥구,병원,2024,6,0,0,0.0,0,0.0
경기,용인시 기흥구,병원,2025,8,2,0,0.0,2,0.25
경기,용인시 기흥구,상급종합병원,2007,0,,0,,,
경기,용인시 기흥구,상급종합병원,2008,0,0,0,,0,
경기,용인시 기흥구,상급종합병원,2009,0,0,0,,0,
경기,용인시 기흥구,상급종합병원,2010,0,0,0,,0,
경기,용인시 기흥구,상급종합병원,2011,0,0,0,,0,
경기,용인시 기흥구,상급종합병원,2012,0,0,0,,0,
경기,용인시 기흥구,상급종합병원,2013,0,0,0,,0,
경기,용인시 기흥구,상급종합병원,2014,0,0,0,,0,
경기,용인시 기흥구,상급종합병원,2015,0,0,0,,0,
경기,용인시 기흥구,상급종합병원,2016,0,0,0,,0,
경기,용인시 기흥구,상급종합병원,2017,0,0,0,,0,
경기,용인시 기흥구,상급종합병원,2018,0,0,0,,0,
경기,용인시 기흥구,상급종합병원,2019,0,0,0,,0,
경기,용인시 기흥구,상급종합병원,2020,0,0,0,,0,
경기,용인시 기흥구,상급종합병원,2021,0,0,0,,0,
경기,용인시 기흥구,상급종합병원,2022,0,0,0,,0,
경기,용인시 기흥구,상급종합병원,2023,0,0,0,,0,
경기,용인시 기흥구,상급종합병원,2024,0,0,0,,0,
경기,용인시 기흥구,상급종합병원,2025,0,0,0,,0,
경기,용인시 기흥구,의원,2007,110,,7,0.06363636363636363,,
경기,용인시 기흥구,의원,2008,123,13,5,0.04065040650406504,18,0.14634146341463414
경기,용인시 기흥구,의원,2009,136,13,3,0.022058823529411766,16,0.11764705882352941
경기,용인시 기흥구,의원,2010,143,7,8,0.055944055944055944,15,0.1048951048951049
경기,용인시 기흥구,의원,2011,152,9,6,0.039473684210526314,15,0.09868421052631579
경기,용인시 기흥구,의원,2012,167,15,2,0.011976047904191617,17,0.10179640718562874
경기,용인시 기흥구,의원,2013,170,3,5,0.029411764705882353,8,0.047058823529411764
경기,용인시 기흥구,의원,2014,173,3,4,0.023121387283236993,7,0.04046242774566474
경기,용인시 기흥구,의원,2015,177,4,5,0.02824858757062147,9,0.05084745762711865
경기,용인시 기흥구,의원,2016,181,4,2,0.011049723756906077,6,0.03314917127071823
경기,용인시 기흥구,의원,2017,189,8,6,0.031746031746031744,14,0.07407407407407407
경기,용인시 기흥구,의원,2018,191,2,6,0.031413612565445025,8,0.041884816753926704
경기,용인시 기흥구,의원,2019,202,11,7,0.034653465346534656,18,0.0891089108910891
경기,용인시 기흥구,의원,2020,210,8,4,0.01904761904761905,12,0.05714285714285714
경기,용인시 기흥구,의원,2021,218,8,7,0.03211009174311927,15,0.06880733944954129
경기,용인시 기흥구,의원,2022,217,-1,3,0.013824884792626729,2,0.009216589861751152
경기,용인시 기흥구,의원,2023,222,5,5,0.02252252252252252,10,0.04504504504504504
경기,용인시 기흥구,의원,2024,228,6,12,0.05263157894736842,18,0.07894736842105263
경기,용인시 기흥구,의원,2025,230,2,4,0.017391304347826087,6,0.02608695652173913
경기,용인시 기흥구,종합병원,2007,1,,0,0.0,,
경기,용인시 기흥구,종합병원,2008,1,0,0,0.0,0,0.0
경기,용인시 기흥구,종합병원,2009,1,0,0,0.0,0,0.0
경기,용인시 기흥구,종합병원,2010,1,0,0,0.0,0,0.0
경기,용인시 기흥구,종합병원,2011,1,0,0,0.0,0,0.0
경기,용인시 기흥구,종합병원,2012,1,0,0,0.0,0,0.0
경기,용인시 기흥구,종합병원,2013,1,0,0,0.0,0,0.0
경기,용인시 기흥구,종합병원,2014,1,0,0,0.0,0,0.0
경기,용인시 기흥구,종합병원,2015,1,0,0,0.0,0,0.0
경기,용인시 기흥구,종합병원,2016,1,0,0,0.0,0,0.0
경기,용인시 기흥구,종합병원,2017,1,0,0,0.0,0,0.0
경기,용인시 기흥구,종합병원,2018,1,0,0,0.0,0,0.0
경기,용인시 기흥구,종합병원,2019,1,0,0,0.0,0,0.0
경기,용인시 기흥구,종합병원,2020,2,1,0,0.0,1,0.5
경기,용인시 기흥구,종합병원,2021,2,0,0,0.0,0,0.0
경기,용인시 기흥구,종합병원,2022,2,0,0,0.0,0,0.0
경기,용인시 기흥구,종합병원,2023,2,0,0,0.0,0,0.0
경기,용인시 기흥구,종합병원,2024,2,0,0,0.0,0,0.0
경기,용인시 기흥구,종합병원,2025,2,0,0,0.0,0,0.0
경기,용인시 수지구,병원,2007,1,,0,0.0,,
경기,용인시 수지구,병원,2008,3,2,1,0.3333333333333333,3,1.0
경기,용인시 수지구,병원,2009,4,1,2,0.5,3,0.75
경기,용인시 수지구,병원,2010,4,0,2,0.5,2,0.5
경기,용인시 수지구,병원,2011,4,0,1,0.25,1,0.25
경기,용인시 수지구,병원,2012,4,0,0,0.0,0,0.0
경기,용인시 수지구,병원,2013,4,0,2,0.5,2,0.5
경기,용인시 수지구,병원,2014,4,0,2,0.5,2,0.5
경기,용인시 수지구,병원,2015,5,1,0,0.0,1,0.2
경기,용인시 수지구,병원,2016,4,-1,2,0.5,1,0.25
경기,용인시 수지구,병원,2017,3,-1,0,0.0,-1,-0.3333333333333333
경기,용인시 수지구,병원,2018,3,0,0,0.0,0,0.0
경기,용인시 수지구,병원,2019,3,0,0,0.0,0,0.0
경기,용인시 수지구,병원,2020,3,0,0,0.0,0,0.0
경기,용인시 수지구,병원,2021,3,0,0,0.0,0,0.0
경기,용인시 수지구,병원,2022,3,0,0,0.0,0,0.0
경기,용인시 수지구,병원,2023,4,1,0,0.0,1,0.25
경기,용인시 수지구,병원,2024,6,2,0,0.0,2,0.3333333333333333
경기,용인시 수지구,병원,2025,6,0,0,0.0,0,0.0
경기,용인시 수지구,상급종합병원,2007,0,,0,,,
경기,용인시 수지구,상급종합병원,2008,0,0,0,,0,
경기,용인시 수지구,상급종합병원,2009,0,0,0,,0,
경기,용인시 수지구,상급종합병원,2010,0,0,0,,0,
경기,용인시 수지구,상급종합병원,2011,0,0,0,,0,
경기,용인시 수지구,상급종합병원,2012,0,0,0,,0,
경기,용인시 수지구,상급종합병원,2013,0,0,0,,0,
경기,용인시 수지구,상급종합병원,2014,0,0,0,,0,
경기,용인시 수지구,상급종합병원,2015,0,0,0,,0,
경기,용인시 수지구,상급종합병원,2016,0,0,0,,0,
경기,용인시 수지구,상급종합병원,2017,0,0,0,,0,
경기,용인시 수지구,상급종합병원,2018,0,0,0,,0,
경기,용인시 수지구,상급종합병원,2019,0,0,0,,0,
경기,용인시 수지구,상급종합병원,2020,0,0,0,,0,
경기,용인시 수지구,상급종합병원,2021,0,0,0,,0,
경기,용인시 수지구,상급종합병원,2022,0,0,0,,0,
경기,용인시 수지구,상급종합병원,2023,0,0,0,,0,
경기,용인시 수지구,상급종합병원,2024,0,0,0,,0,
경기,용인시 수지구,상급종합병원,2025,0,0,0,,0,
경기,용인시 수지구,의원,2007,126,,12,0.09523809523809523,,
경기,용인시 수지구,의원,2008,127,1,6,0.047244094488188976,7,0.05511811023622047
경기,용인시 수지구,의원,2009,129,2,8,0.06201550387596899,10,0.07751937984496124
경기,용인시 수지구,의원,2010,137,8,5,0.0364963503649635,13,0.0948905109489051
경기,용인시 수지구,의원,2011,138,1,3,0.021739130434782608,4,0.028985507246376812
경기,용인시 수지구,의원,2012,144,6,4,0.027777777777777776,10,0.06944444444444445
경기,용인시 수지구,의원,2013,154,10,12,0.07792207792207792,22,0.14285714285714285
경기,용인시 수지구,의원,2014,158,4,6,0.0379746835443038,10,0.06329113924050633
경기,용인시 수지구,의원,2015,165,7,6,0.03636363636363636,13,0.07878787878787878
경기,용인시 수지구,의원,2016,162,-3,8,0.04938271604938271,5,0.030864197530864196
경기,용인시 수지구,의원,2017,177,15,4,0.022598870056497175,19,0.10734463276836158
경기,용인시 수지구,의원,2018,180,3,7,0.03888888888888889,10,0.05555555555555555
경기,용인시 수지구,의원,2019,188,8,9,0.047872340425531915,17,0.09042553191489362
경기,용인시 수지구,의원,2020,191,3,5,0.02617801047120419,8,0.041884816753926704
경기,용인시 수지구,의원,2021,193,2,7,0.03626943005181347,9,0.046632124352331605
경기,용인시 수지구,의원,2022,206,13,2,0.009708737864077669,15,0.07281553398058252
경기,용인시 수지구,의원,2023,213,7,3,0.014084507042253521,10,0.046948356807511735
경기,용인시 수지구,의원,2024,219,6,4,0.0182648401826484,10,0.045662100456621
경기,용인시 수지구,의원,2025,226,7,3,0.01327433628318584,10,0.04424778761061947
경기,용인시 수지구,종합병원,2007,0,,0,,,
경기,용인시 수지구,종합병원,2008,0,0,0,,0,
경기,용인시 수지구,종합병원,2009,0,0,0,,0,
경기,용인시 수지구,종합병원,2010,0,0,0,,0,
경기,용인시 수지구,종합병원,2011,0,0,0,,0,
경기,용인시 수지구,종합병원,2012,0,0,0,,0,
경기,용인시 수지구,종합병원,2013,0,0,0,,0,
경기,용인시 수지구,종합병원,2014,0,0,0,,0,
경기,용인시 수지구,종합병원,2015,0,0,0,,0,
경기,용인시 수지구,종합병원,2016,0,0,0,,0,
경기,용인시 수지구,종합병원,2017,0,0,0,,0,
경기,용인시 수지구,종합병원,2018,0,0,0,,0,
경기,용인시 수지구,종합병원,2019,0,0,0,,0,
경기,용인시 수지구,종합병원,2020,0,0,0,,0,
경기,용인시 수지구,종합병원,2021,0,0,0,,0,
경기,용인시 수지구,종합병원,2022,0,0,0,,0,
경기,용인시 수지구,종합병원,2023,0,0,0,,0,
경기,용인시 수지구,종합병원,2024,0,0,0,,0,
경기,용인시 수지구,종합병원,2025,0,0,0,,0,
경기,용인시 처인구,병원,2007,4,,1,0.25,,
경기,용인시 처인구,병원,2008,4,0,0,0.0,0,0.0
경기,용인시 처인구,병원,2009,5,1,1,0.2,2,0.4
경기,용인시 처인구,병원,2010,5,0,0,0.0,0,0.0
경기,용인시 처인구,병원,2011,4,-1,1,0.25,0,0.0
경기,용인시 처인구,병원,2012,4,0,0,0.0,0,0.0
경기,용인시 처인구,병원,2013,5,1,0,0.0,1,0.2
경기,용인시 처인구,병원,2014,5,0,0,0.0,0,0.0
경기,용인시 처인구,병원,2015,5,0,0,0.0,0,0.0
경기,용인시 처인구,병원,2016,5,0,1,0.2,1,0.2
경기,용인시 처인구,병원,2017,3,-2,0,0.0,-2,-0.6666666666666666
경기,용인시 처인구,병원,2018,4,1,1,0.25,2,0.5
경기,용인시 처인구,병원,2019,3,-1,0,0.0,-1,-0.3333333333333333
경기,용인시 처인구,병원,2020,3,0,0,0.0,0,0.0
경기,용인시 처인구,병원,2021,3,0,0,0.0,0,0.0
경기,용인시 처인구,병원,2022,4,1,0,0.0,1,0.25
경기,용인시 처인구,병원,2023,5,1,0,0.0,1,0.2
경기,용인시 처인구,병원,2024,5,0,1,0.2,1,0.2
경기,용인시 처인구,병원,2025,6,1,0,0.0,1,0.16666666666666666
경기,용인시 처인구,상급종합병원,2007,0,,0,,,
경기,용인시 처인구,상급종합병원,2008,0,0,0,,0,
경기,용인시 처인구,상급종합병원,2009,0,0,0,,0,
경기,용인시 처인구,상급종합병원,2010,0,0,0,,0,
경기,용인시 처인구,상급종합병원,2011,0,0,0,,0,
경기,용인시 처인구,상급종합병원,2012,0,0,0,,0,
경기,용인시 처인구,상급종합병원,2013,0,0,0,,0,
경기,용인시 처인구,상급종합병원,2014,0,0,0,,0,
경기,용인시 처인구,상급종합병원,2015,0,0,0,,0,
경기,용인시 처인구,상급종합병원,2016,0,0,0,,0,
경기,용인시 처인구,상급종합병원,2017,0,0,0,,0,
경기,용인시 처인구,상급종합병원,2018,0,0,0,,0,
경기,용인시 처인구,상급종합병원,2019,0,0,0,,0,
경기,용인시 처인구,상급종합병원,2020,0,0,0,,0,
경기,용인시 처인구,상급종합병원,2021,0,0,0,,0,
경기,용인시 처인구,상급종합병원,2022,0,0,0,,0,
경기,용인시 처인구,상급종합병원,2023,0,0,0,,0,
경기,용인시 처인구,상급종합병원,2024,0,0,0,,0,
경기,용인시 처인구,상급종합병원,2025,0,0,0,,0,
경기,용인시 처인구,의원,2007,79,,3,0.0379746835443038,,
경기,용인시 처인구,의원,2008,80,1,4,0.05,5,0.0625
경기,용인시 처인구,의원,2009,80,0,2,0.025,2,0.025
경기,용인시 처인구,의원,2010,79,-1,4,0.05063291139240506,3,0.0379746835443038
경기,용인시 처인구,의원,2011,81,2,6,0.07407407407407407,8,0.09876543209876543
경기,용인시 처인구,의원,2012,80,-1,4,0.05,3,0.0375
경기,용인시 처인구,의원,2013,81,1,3,0.037037037037037035,4,0.04938271604938271
경기,용인시 처인구,의원,2014,82,1,5,0.06097560975609756,6,0.07317073170731707
경기,용인시 처인구,의원,2015,84,2,1,0.011904761904761904,3,0.03571428571428571
경기,용인시 처인구,의원,2016,85,1,2,0.023529411764705882,3,0.03529411764705882
경기,용인시 처인구,의원,2017,84,-1,0,0.0,-1,-0.011904761904761904
경기,용인시 처인구,의원,2018,87,3,2,0.022988505747126436,5,0.05747126436781609
경기,용인시 처인구,의원,2019,97,10,2,0.020618556701030927,12,0.12371134020618557
경기,용인시 처인구,의원,2020,104,7,4,0.038461538461538464,11,0.10576923076923077
경기,용인시 처인구,의원,2021,99,-5,4,0.04040404040404041,-1,-0.010101010101010102
경기,용인시 처인구,의원,2022,101,2,5,0.04950495049504951,7,0.06930693069306931
경기,용인시 처인구,의원,2023,100,-1,2,0.02,1,0.01
경기,용인시 처인구,의원,2024,105,5,3,0.02857142857142857,8,0.0761904761904762
경기,용인시 처인구,의원,2025,114,9,2,0.017543859649122806,11,0.09649122807017543
경기,용인시 처인구,종합병원,2007,1,,0,0.0,,
경기,용인시 처인구,종합병원,2008,1,0,0,0.0,0,0.0
경기,용인시 처인구,종합병원,2009,2,1,0,0.0,1,0.5
경기,용인시 처인구,종합병원,2010,2,0,0,0.0,0,0.0
경기,용인시 처인구,종합병원,2011,2,0,0,0.0,0,0.0
경기,용인시 처인구,종합병원,2012,2,0,0,0.0,0,0.0
경기,용인시 처인구,종합병원,2013,2,0,0,0.0,0,0.0
경기,용인시 처인구,종합병원,2014,2,0,0,0.0,0,0.0
경기,용인시 처인구,종합병원,2015,2,0,0,0.0,0,0.0
경기,용인시 처인구,종합병원,2016,2,0,0,0.0,0,0.0
경기,용인시 처인구,종합병원,2017,2,0,0,0.0,0,0.0
경기,용인시 처인구,종합병원,2018,2,0,0,0.0,0,0.0
경기,용인시 처인구,종합병원,2019,2,0,0,0.0,0,0.0
경기,용인시 처인구,종합병원,2020,1,-1,0,0.0,-1,-1.0
경기,용인시 처인구,종합병원,2021,1,0,0,0.0,0,0.0
경기,용인시 처인구,종합병원,2022,1,0,0,0.0,0,0.0
경기,용인시 처인구,종합병원,2023,2,1,0,0.0,1,0.5
경기,용인시 처인구,종합병원,2024,2,0,0,0.0,0,0.0
경기,용인시 처인구,종합병원,2025,2,0,1,0.5,1,0.5
경기,의왕시,병원,2007,3,,0,0.0,,
경기,의왕시,병원,2008,3,0,0,0.0,0,0.0
경기,의왕시,병원,2009,3,0,0,0.0,0,0.0
경기,의왕시,병원,2010,3,0,0,0.0,0,0.0
경기,의왕시,병원,2011,3,0,1,0.3333333333333333,1,0.3333333333333333
경기,의왕시,병원,2012,3,0,0,0.0,0,0.0
경기,의왕시,병원,2013,3,0,1,0.3333333333333333,1,0.3333333333333333
경기,의왕시,병원,2014,3,0,0,0.0,0,0.0
경기,의왕시,병원,2015,3,0,0,0.0,0,0.0
경기,의왕시,병원,2016,2,-1,1,0.5,0,0.0
경기,의왕시,병원,2017,2,0,0,0.0,0,0.0
경기,의왕시,병원,2018,2,0,0,0.0,0,0.0
경기,의왕시,병원,2019,2,0,0,0.0,0,0.0
경기,의왕시,병원,2020,2,0,0,0.0,0,0.0
경기,의왕시,병원,2021,1,-1,1,1.0,0,0.0
경기,의왕시,병원,2022,1,0,0,0.0,0,0.0
경기,의왕시,병원,2023,1,0,0,0.0,0,0.0
경기,의왕시,병원,2024,1,0,0,0.0,0,0.0
경기,의왕시,병원,2025,1,0,0,0.0,0,0.0
경기,의왕시,상급종합병원,2007,0,,0,,,
경기,의왕시,상급종합병원,2008,0,0,0,,0,
경기,의왕시,상급종합병원,2009,0,0,0,,0,
경기,의왕시,상급종합병원,2010,0,0,0,,0,
경기,의왕시,상급종합병원,2011,0,0,0,,0,
경기,의왕시,상급종합병원,2012,0,0,0,,0,
경기,의왕시,상급종합병원,2013,0,0,0,,0,
경기,의왕시,상급종합병원,2014,0,0,0,,0,
경기,의왕시,상급종합병원,2015,0,0,0,,0,
경기,의왕시,상급종합병원,2016,0,0,0,,0,
경기,의왕시,상급종합병원,2017,0,0,0,,0,
경기,의왕시,상급종합병원,2018,0,0,0,,0,
경기,의왕시,상급종합병원,2019,0,0,0,,0,
경기,의왕시,상급종합병원,2020,0,0,0,,0,
경기,의왕시,상급종합병원,2021,0,0,0,,0,
경기,의왕시,상급종합병원,2022,0,0,0,,0,
경기,의왕시,상급종합병원,2023,0,0,0,,0,
경기,의왕시,상급종합병원,2024,0,0,0,,0,
경기,의왕시,상급종합병원,2025,0,0,0,,0,
경기,의왕시,의원,2007,58,,2,0.034482758620689655,,
경기,의왕시,의원,2008,55,-3,1,0.01818181818181818,-2,-0.03636363636363636
경기,의왕시,의원,2009,59,4,2,0.03389830508474576,6,0.1016949152542373
경기,의왕시,의원,2010,57,-2,2,0.03508771929824561,0,0.0
경기,의왕시,의원,2011,60,3,1,0.016666666666666666,4,0.06666666666666667
경기,의왕시,의원,2012,59,-1,1,0.01694915254237288,0,0.0
경기,의왕시,의원,2013,63,4,2,0.031746031746031744,6,0.09523809523809523
경기,의왕시,의원,2014,68,5,3,0.04411764705882353,8,0.11764705882352941
경기,의왕시,의원,2015,66,-2,3,0.045454545454545456,1,0.015151515151515152
경기,의왕시,의원,2016,64,-2,0,0.0,-2,-0.03125
경기,의왕시,의원,2017,64,0,2,0.03125,2,0.03125
경기,의왕시,의원,2018,67,3,0,0.0,3,0.04477611940298507
경기,의왕시,의원,2019,66,-1,8,0.12121212121212122,7,0.10606060606060606
경기,의왕시,의원,2020,63,-3,0,0.0,-3,-0.047619047619047616
경기,의왕시,의원,2021,65,2,1,0.015384615384615385,3,0.046153846153846156
경기,의왕시,의원,2022,69,4,1,0.014492753623188406,5,0.07246376811594203
경기,의왕시,의원,2023,70,1,4,0.05714285714285714,5,0.07142857142857142
경기,의왕시,의원,2024,70,0,3,0.04285714285714286,3,0.04285714285714286
경기,의왕시,의원,2025,72,2,1,0.013888888888888888,3,0.041666666666666664
경기,의왕시,종합병원,2007,0,,0,,,
경기,의왕시,종합병원,2008,0,0,0,,0,
경기,의왕시,종합병원,2009,0,0,0,,0,
경기,의왕시,종합병원,2010,0,0,0,,0,
경기,의왕시,종합병원,2011,0,0,0,,0,
경기,의왕시,종합병원,2012,0,0,0,,0,
경기,의왕시,종합병원,2013,0,0,0,,0,
경기,의왕시,종합병원,2014,0,0,0,,0,
경기,의왕시,종합병원,2015,0,0,0,,0,
경기,의왕시,종합병원,2016,0,0,0,,0,
경기,의왕시,종합병원,2017,0,0,0,,0,
경기,의왕시,종합병원,2018,0,0,0,,0,
경기,의왕시,종합병원,2019,0,0,0,,0,
경기,의왕시,종합병원,2020,0,0,0,,0,
경기,의왕시,종합병원,2021,0,0,0,,0,
경기,의왕시,종합병원,2022,0,0,0,,0,
경기,의왕시,종합병원,2023,0,0,0,,0,
경기,의왕시,종합병원,2024,0,0,0,,0,
경기,의왕시,종합병원,2025,0,0,0,,0,
경기,의정부시,병원,2007,8,,1,0.125,,
경기,의정부시,병원,2008,10,2,3,0.3,5,0.5
경기,의정부시,병원,2009,12,2,1,0.08333333333333333,3,0.25
경기,의정부시,병원,2010,13,1,2,0.15384615384615385,3,0.23076923076923078
경기,의정부시,병원,2011,14,1,2,0.14285714285714285,3,0.21428571428571427
경기,의정부시,병원,2012,17,3,1,0.058823529411764705,4,0.23529411764705882
경기,의정부시,병원,2013,18,1,5,0.2777777777777778,6,0.3333333333333333
경기,의정부시,병원,2014,17,-1,2,0.11764705882352941,1,0.058823529411764705
경기,의정부시,병원,2015,16,-1,2,0.125,1,0.0625
경기,의정부시,병원,2016,16,0,5,0.3125,5,0.3125
경기,의정부시,병원,2017,15,-1,1,0.06666666666666667,0,0.0
경기,의정부시,병원,2018,15,0,2,0.13333333333333333,2,0.13333333333333333
경기,의정부시,병원,2019,13,-2,1,0.07692307692307693,-1,-0.07692307692307693
경기,의정부시,병원,2020,13,0,0,0.0,0,0.0
경기,의정부시,병원,2021,12,-1,2,0.16666666666666666,1,0.08333333333333333
경기,의정부시,병원,2022,13,1,0,0.0,1,0.07692307692307693
경기,의정부시,병원,2023,13,0,2,0.15384615384615385,2,0.15384615384615385
경기,의정부시,병원,2024,13,0,0,0.0,0,0.0
경기,의정부시,병원,2025,13,0,0,0.0,0,0.0
경기,의정부시,상급종합병원,2007,0,,0,,,
경기,의정부시,상급종합병원,2008,0,0,0,,0,
경기,의정부시,상급종합병원,2009,0,0,0,,0,
경기,의정부시,상급종합병원,2010,0,0,0,,0,
경기,의정부시,상급종합병원,2011,0,0,0,,0,
경기,의정부시,상급종합병원,2012,0,0,0,,0,
경기,의정부시,상급종합병원,2013,0,0,0,,0,
경기,의정부시,상급종합병원,2014,0,0,0,,0,
경기,의정부시,상급종합병원,2015,0,0,0,,0,
경기,의정부시,상급종합병원,2016,0,0,0,,0,
경기,의정부시,상급종합병원,2017,0,0,0,,0,
경기,의정부시,상급종합병원,2018,0,0,0,,0,
경기,의정부시,상급종합병원,2019,0,0,0,,0,
경기,의정부시,상급종합병원,2020,0,0,0,,0,
경기,의정부시,상급종합병원,2021,0,0,0,,0,
경기,의정부시,상급종합병원,2022,0,0,0,,0,
경기,의정부시,상급종합병원,2023,0,0,0,,0,
경기,의정부시,상급종합병원,2024,0,0,0,,0,
경기,의정부시,상급종합병원,2025,0,0,0,,0,
경기,의정부시,의원,2007,194,,8,0.041237113402061855,,
경기,의정부시,의원,2008,200,6,8,0.04,14,0.07
경기,의정부시,의원,2009,209,9,4,0.019138755980861243,13,0.06220095693779904
경기,의정부시,의원,2010,215,6,6,0.027906976744186046,12,0.05581395348837209
경기,의정부시,의원,2011,218,3,14,0.06422018348623854,17,0.0779816513761468
경기,의정부시,의원,2012,220,2,6,0.02727272727272727,8,0.03636363636363636
경기,의정부시,의원,2013,222,2,8,0.036036036036036036,10,0.04504504504504504
경기,의정부시,의원,2014,226,4,7,0.030973451327433628,11,0.048672566371681415
경기,의정부시,의원,2015,236,10,3,0.012711864406779662,13,0.05508474576271186
경기,의정부시,의원,2016,242,6,12,0.049586776859504134,18,0.0743801652892562
경기,의정부시,의원,2017,259,17,11,0.04247104247104247,28,0.10810810810810811
경기,의정부시,의원,2018,263,4,13,0.049429657794676805,17,0.06463878326996197
경기,의정부시,의원,2019,264,1,7,0.026515151515151516,8,0.030303030303030304
경기,의정부시,의원,2020,276,12,7,0.025362318840579712,19,0.06884057971014493
경기,의정부시,의원,2021,284,8,8,0.028169014084507043,16,0.056338028169014086
경기,의정부시,의원,2022,284,0,7,0.02464788732394366,7,0.02464788732394366
경기,의정부시,의원,2023,296,12,7,0.02364864864864865,19,0.06418918918918919
경기,의정부시,의원,2024,297,1,10,0.03367003367003367,11,0.037037037037037035
경기,의정부시,의원,2025,308,11,10,0.032467532467532464,21,0.06818181818181818
경기,의정부시,종합병원,2007,4,,0,0.0,,
경기,의정부시,종합병원,2008,4,0,0,0.0,0,0.0
경기,의정부시,종합병원,2009,4,0,0,0.0,0,0.0
경기,의정부시,종합병원,2010,4,0,1,0.25,1,0.25
경기,의정부시,종합병원,2011,3,-1,0,0.0,-1,-0.3333333333333333
경기,의정부시,종합병원,2012,3,0,0,0.0,0,0.0
경기,의정부시,종합병원,2013,3,0,0,0.0,0,0.0
경기,의정부시,종합병원,2014,3,0,0,0.0,0,0.0
경기,의정부시,종합병원,2015,3,0,1,0.3333333333333333,1,0.3333333333333333
경기,의정부시,종합병원,2016,3,0,0,0.0,0,0.0
경기,의정부시,종합병원,2017,3,0,0,0.0,0,0.0
경기,의정부시,종합병원,2018,3,0,0,0.0,0,0.0
경기,의정부시,종합병원,2019,4,1,0,0.0,1,0.25
경기,의정부시,종합병원,2020,4,0,0,0.0,0,0.0
경기,의정부시,종합병원,2021,5,1,0,0.0,1,0.2
경기,의정부시,종합병원,2022,5,0,0,0.0,0,0.0
경기,의정부시,종합병원,2023,5,0,0,0.0,0,0.0
경기,의정부시,종합병원,2024,5,0,0,0.0,0,0.0
경기,의정부시,종합병원,2025,5,0,0,0.0,0,0.0
경기,이천시,병원,2007,6,,1,0.16666666666666666,,
경기,이천시,병원,2008,6,0,0,0.0,0,0.0
경기,이천시,병원,2009,7,1,1,0.14285714285714285,2,0.2857142857142857
경기,이천시,병원,2010,7,0,1,0.14285714285714285,1,0.14285714285714285
경기,이천시,병원,2011,7,0,0,0.0,0,0.0
경기,이천시,병원,2012,7,0,1,0.14285714285714285,1,0.14285714285714285
경기,이천시,병원,2013,6,-1,0,0.0,-1,-0.16666666666666666
경기,이천시,병원,2014,5,-1,1,0.2,0,0.0
경기,이천시,병원,2015,6,1,1,0.16666666666666666,2,0.3333333333333333
경기,이천시,병원,2016,6,0,1,0.16666666666666666,1,0.16666666666666666
경기,이천시,병원,2017,4,-2,0,0.0,-2,-0.5
경기,이천시,병원,2018,4,0,0,0.0,0,0.0
경기,이천시,병원,2019,4,0,0,0.0,0,0.0
경기,이천시,병원,2020,4,0,0,0.0,0,0.0
경기,이천시,병원,2021,4,0,0,0.0,0,0.0
경기,이천시,병원,2022,4,0,0,0.0,0,0.0
경기,이천시,병원,2023,4,0,0,0.0,0,0.0
경기,이천시,병원,2024,4,0,0,0.0,0,0.0
경기,이천시,병원,2025,4,0,0,0.0,0,0.0
경기,이천시,상급종합병원,2007,0,,0,,,
경기,이천시,상급종합병원,2008,0,0,0,,0,
경기,이천시,상급종합병원,2009,0,0,0,,0,
경기,이천시,상급종합병원,2010,0,0,0,,0,
경기,이천시,상급종합병원,2011,0,0,0,,0,
경기,이천시,상급종합병원,2012,0,0,0,,0,
경기,이천시,상급종합병원,2013,0,0,0,,0,
경기,이천시,상급종합병원,2014,0,0,0,,0,
경기,이천시,상급종합병원,2015,0,0,0,,0,
경기,이천시,상급종합병원,2016,0,0,0,,0,
경기,이천시,상급종합병원,2017,0,0,0,,0,
경기,이천시,상급종합병원,2018,0,0,0,,0,
경기,이천시,상급종합병원,2019,0,0,0,,0,
경기,이천시,상급종합병원,2020,0,0,0,,0,
경기,이천시,상급종합병원,2021,0,0,0,,0,
경기,이천시,상급종합병원,2022,0,0,0,,0,
경기,이천시,상급종합병원,2023,0,0,0,,0,
경기,이천시,상급종합병원,2024,0,0,0,,0,
경기,이천시,상급종합병원,2025,0,0,0,,0,
경기,이천시,의원,2007,86,,6,0.06976744186046512,,
경기,이천시,의원,2008,88,2,7,0.07954545454545454,9,0.10227272727272728
경기,이천시,의원,2009,86,-2,4,0.046511627906976744,2,0.023255813953488372
경기,이천시,의원,2010,85,-1,3,0.03529411764705882,2,0.023529411764705882
경기,이천시,의원,2011,84,-1,3,0.03571428571428571,2,0.023809523809523808
경기,이천시,의원,2012,87,3,4,0.04597701149425287,7,0.08045977011494253
경기,이천시,의원,2013,89,2,3,0.033707865168539325,5,0.056179775280898875
경기,이천시,의원,2014,91,2,3,0.03296703296703297,5,0.054945054945054944
경기,이천시,의원,2015,95,4,2,0.021052631578947368,6,0.06315789473684211
경기,이천시,의원,2016,97,2,4,0.041237113402061855,6,0.061855670103092786
경기,이천시,의원,2017,98,1,3,0.030612244897959183,4,0.04081632653061224
경기,이천시,의원,2018,102,4,1,0.00980392156862745,5,0.049019607843137254
경기,이천시,의원,2019,102,0,1,0.00980392156862745,1,0.00980392156862745
경기,이천시,의원,2020,108,6,2,0.018518518518518517,8,0.07407407407407407
경기,이천시,의원,2021,109,1,2,0.01834862385321101,3,0.027522935779816515
경기,이천시,의원,2022,108,-1,1,0.009259259259259259,0,0.0
경기,이천시,의원,2023,112,4,0,0.0,4,0.03571428571428571
경기,이천시,의원,2024,115,3,2,0.017391304347826087,5,0.043478260869565216
경기,이천시,의원,2025,117,2,4,0.03418803418803419,6,0.05128205128205128
경기,이천시,종합병원,2007,0,,0,,,
경기,이천시,종합병원,2008,0,0,0,,0,
경기,이천시,종합병원,2009,0,0,0,,0,
경기,이천시,종합병원,2010,0,0,0,,0,
경기,이천시,종합병원,2011,0,0,0,,0,
경기,이천시,종합병원,2012,0,0,0,,0,
경기,이천시,종합병원,2013,0,0,0,,0,
경기,이천시,종합병원,2014,1,1,0,0.0,1,1.0
경기,이천시,종합병원,2015,1,0,0,0.0,0,0.0
경기,이천시,종합병원,2016,1,0,0,0.0,0,0.0
경기,이천시,종합병원,2017,1,0,0,0.0,0,0.0
경기,이천시,종합병원,2018,1,0,0,0.0,0,0.0
경기,이천시,종합병원,2019,1,0,0,0.0,0,0.0
경기,이천시,종합병원,2020,1,0,0,0.0,0,0.0
경기,이천시,종합병원,2021,1,0,0,0.0,0,0.0
경기,이천시,종합병원,2022,1,0,0,0.0,0,0.0
경기,이천시,종합병원,2023,1,0,0,0.0,0,0.0
경기,이천시,종합병원,2024,1,0,0,0.0,0,0.0
경기,이천시,종합병원,2025,1,0,0,0.0,0,0.0
경기,파주시,병원,2007,5,,1,0.2,,
경기,파주시,병원,2008,4,-1,2,0.5,1,0.25
경기,파주시,병원,2009,8,4,1,0.125,5,0.625
경기,파주시,병원,2010,8,0,5,0.625,5,0.625
경기,파주시,병원,2011,8,0,0,0.0,0,0.0
경기,파주시,병원,2012,11,3,2,0.18181818181818182,5,0.45454545454545453
경기,파주시,병원,2013,12,1,3,0.25,4,0.3333333333333333
경기,파주시,병원,2014,10,-2,3,0.3,1,0.1
경기,파주시,병원,2015,10,0,0,0.0,0,0.0
경기,파주시,병원,2016,10,0,1,0.1,1,0.1
경기,파주시,병원,2017,12,2,2,0.16666666666666666,4,0.3333333333333333
경기,파주시,병원,2018,12,0,4,0.3333333333333333,4,0.3333333333333333
경기,파주시,병원,2019,10,-2,1,0.1,-1,-0.1
경기,파주시,병원,2020,13,3,0,0.0,3,0.23076923076923078
경기,파주시,병원,2021,13,0,2,0.15384615384615385,2,0.15384615384615385
경기,파주시,병원,2022,11,-2,3,0.2727272727272727,1,0.09090909090909091
경기,파주시,병원,2023,12,1,0,0.0,1,0.08333333333333333
경기,파주시,병원,2024,13,1,1,0.07692307692307693,2,0.15384615384615385
경기,파주시,병원,2025,14,1,0,0.0,1,0.07142857142857142
경기,파주시,상급종합병원,2007,0,,0,,,
경기,파주시,상급종합병원,2008,0,0,0,,0,
경기,파주시,상급종합병원,2009,0,0,0,,0,
경기,파주시,상급종합병원,2010,0,0,0,,0,
경기,파주시,상급종합병원,2011,0,0,0,,0,
경기,파주시,상급종합병원,2012,0,0,0,,0,
경기,파주시,상급종합병원,2013,0,0,0,,0,
경기,파주시,상급종합병원,2014,0,0,0,,0,
경기,파주시,상급종합병원,2015,0,0,0,,0,
경기,파주시,상급종합병원,2016,0,0,0,,0,
경기,파주시,상급종합병원,2017,0,0,0,,0,
경기,파주시,상급종합병원,2018,0,0,0,,0,
경기,파주시,상급종합병원,2019,0,0,0,,0,
경기,파주시,상급종합병원,2020,0,0,0,,0,
경기,파주시,상급종합병원,2021,0,0,0,,0,
경기,파주시,상급종합병원,2022,0,0,0,,0,
경기,파주시,상급종합병원,2023,0,0,0,,0,
경기,파주시,상급종합병원,2024,0,0,0,,0,
경기,파주시,상급종합병원,2025,0,0,0,,0,
경기,파주시,의원,2007,122,,7,0.05737704918032787,,
경기,파주시,의원,2008,124,2,7,0.056451612903225805,9,0.07258064516129033
경기,파주시,의원,2009,123,-1,6,0.04878048780487805,5,0.04065040650406504
경기,파주시,의원,2010,125,2,7,0.056,9,0.072
경기,파주시,의원,2011,136,11,6,0.04411764705882353,17,0.125
경기,파주시,의원,2012,145,9,10,0.06896551724137931,19,0.1310344827586207
경기,파주시,의원,2013,148,3,7,0.0472972972972973,10,0.06756756756756757
경기,파주시,의원,2014,152,4,6,0.039473684210526314,10,0.06578947368421052
경기,파주시,의원,2015,155,3,4,0.025806451612903226,7,0.04516129032258064
경기,파주시,의원,2016,161,6,4,0.024844720496894408,10,0.062111801242236024
경기,파주시,의원,2017,166,5,6,0.03614457831325301,11,0.06626506024096386
경기,파주시,의원,2018,171,5,5,0.029239766081871343,10,0.05847953216374269
경기,파주시,의원,2019,181,10,1,0.0055248618784530384,11,0.06077348066298342
경기,파주시,의원,2020,185,4,7,0.03783783783783784,11,0.05945945945945946
경기,파주시,의원,2021,186,1,6,0.03225806451612903,7,0.03763440860215054
경기,파주시,의원,2022,185,-1,9,0.04864864864864865,8,0.043243243243243246
경기,파주시,의원,2023,201,16,4,0.01990049751243781,20,0.09950248756218906
경기,파주시,의원,2024,210,9,5,0.023809523809523808,14,0.06666666666666667
경기,파주시,의원,2025,226,16,9,0.03982300884955752,25,0.11061946902654868
경기,파주시,종합병원,2007,0,,0,,,
경기,파주시,종합병원,2008,1,1,0,0.0,1,1.0
경기,파주시,종합병원,2009,1,0,0,0.0,0,0.0
경기,파주시,종합병원,2010,1,0,0,0.0,0,0.0
경기,파주시,종합병원,2011,1,0,0,0.0,0,0.0
경기,파주시,종합병원,2012,1,0,0,0.0,0,0.0
경기,파주시,종합병원,2013,1,0,0,0.0,0,0.0
경기,파주시,종합병원,2014,1,0,0,0.0,0,0.0
경기,파주시,종합병원,2015,1,0,0,0.0,0,0.0
경기,파주시,종합병원,2016,1,0,0,0.0,0,0.0
경기,파주시,종합병원,2017,1,0,0,0.0,0,0.0
경기,파주시,종합병원,2018,1,0,0,0.0,0,0.0
경기,파주시,종합병원,2019,1,0,0,0.0,0,0.0
경기,파주시,종합병원,2020,1,0,0,0.0,0,0.0
경기,파주시,종합병원,2021,1,0,0,0.0,0,0.0
경기,파주시,종합병원,2022,2,1,0,0.0,1,0.5
경기,파주시,종합병원,2023,2,0,0,0.0,0,0.0
경기,파주시,종합병원,2024,2,0,0,0.0,0,0.0
경기,파주시,종합병원,2025,2,0,0,0.0,0,0.0
경기,평택시,병원,2007,13,,0,0.0,,
경기,평택시,병원,2008,13,0,2,0.15384615384615385,2,0.15384615384615385
경기,평택시,병원,2009,14,1,0,0.0,1,0.07142857142857142
경기,평택시,병원,2010,15,1,2,0.13333333333333333,3,0.2
경기,평택시,병원,2011,12,-3,1,0.08333333333333333,-2,-0.16666666666666666
경기,평택시,병원,2012,12,0,1,0.08333333333333333,1,0.08333333333333333
경기,평택시,병원,2013,13,1,1,0.07692307692307693,2,0.15384615384615385
경기,평택시,병원,2014,13,0,1,0.07692307692307693,1,0.07692307692307693
경기,평택시,병원,2015,14,1,1,0.07142857142857142,2,0.14285714285714285
경기,평택시,병원,2016,13,-1,4,0.3076923076923077,3,0.23076923076923078
경기,평택시,병원,2017,13,0,1,0.07692307692307693,1,0.07692307692307693
경기,평택시,병원,2018,11,-2,2,0.18181818181818182,0,0.0
경기,평택시,병원,2019,10,-1,0,0.0,-1,-0.1
경기,평택시,병원,2020,11,1,0,0.0,1,0.09090909090909091
경기,평택시,병원,2021,12,1,1,0.08333333333333333,2,0.16666666666666666
경기,평택시,병원,2022,11,-1,0,0.0,-1,-0.09090909090909091
경기,평택시,병원,2023,11,0,0,0.0,0,0.0
경기,평택시,병원,2024,12,1,1,0.08333333333333333,2,0.16666666666666666
경기,평택시,병원,2025,11,-1,0,0.0,-1,-0.09090909090909091
경기,평택시,상급종합병원,2007,0,,0,,,
경기,평택시,상급종합병원,2008,0,0,0,,0,
경기,평택시,상급종합병원,2009,0,0,0,,0,
경기,평택시,상급종합병원,2010,0,0,0,,0,
경기,평택시,상급종합병원,2011,0,0,0,,0,
경기,평택시,상급종합병원,2012,0,0,0,,0,
경기,평택시,상급종합병원,2013,0,0,0,,0,
경기,평택시,상급종합병원,2014,0,0,0,,0,
경기,평택시,상급종합병원,2015,0,0,0,,0,
경기,평택시,상급종합병원,2016,0,0,0,,0,
경기,평택시,상급종합병원,2017,0,0,0,,0,
경기,평택시,상급종합병원,2018,0,0,0,,0,
경기,평택시,상급종합병원,2019,0,0,0,,0,
경기,평택시,상급종합병원,2020,0,0,0,,0,
경기,평택시,상급종합병원,2021,0,0,0,,0,
경기,평택시,상급종합병원,2022,0,0,0,,0,
경기,평택시,상급종합병원,2023,0,0,0,,0,
경기,평택시,상급종합병원,2024,0,0,0,,0,
경기,평택시,상급종합병원,2025,0,0,0,,0,
경기,평택시,의원,2007,187,,12,0.06417112299465241,,
경기,평택시,의원,2008,187,0,13,0.06951871657754011,13,0.06951871657754011
경기,평택시,의원,2009,189,2,13,0.06878306878306878,15,0.07936507936507936
경기,평택시,의원,2010,189,0,7,0.037037037037037035,7,0.037037037037037035
경기,평택시,의원,2011,197,8,7,0.03553299492385787,15,0.07614213197969544
경기,평택시,의원,2012,195,-2,5,0.02564102564102564,3,0.015384615384615385
경기,평택시,의원,2013,200,5,5,0.025,10,0.05
경기,평택시,의원,2014,206,6,8,0.038834951456310676,14,0.06796116504854369
경기,평택시,의원,2015,215,9,10,0.046511627906976744,19,0.08837209302325581
경기,평택시,의원,2016,224,9,8,0.03571428571428571,17,0.07589285714285714
경기,평택시,의원,2017,229,5,7,0.03056768558951965,12,0.05240174672489083
경기,평택시,의원,2018,230,1,7,0.030434782608695653,8,0.034782608695652174
경기,평택시,의원,2019,243,13,8,0.03292181069958848,21,0.08641975308641975
경기,평택시,의원,2020,255,12,6,0.023529411764705882,18,0.07058823529411765
경기,평택시,의원,2021,263,8,4,0.015209125475285171,12,0.045627376425855515
경기,평택시,의원,2022,273,10,8,0.029304029304029304,18,0.06593406593406594
경기,평택시,의원,2023,289,16,6,0.020761245674740483,22,0.07612456747404844
경기,평택시,의원,2024,303,14,5,0.0165016501650165,19,0.0627062706270627
경기,평택시,의원,2025,322,19,8,0.024844720496894408,27,0.08385093167701864
경기,평택시,종합병원,2007,2,,0,0.0,,
경기,평택시,종합병원,2008,2,0,0,0.0,0,0.0
경기,평택시,종합병원,2009,2,0,0,0.0,0,0.0
경기,평택시,종합병원,2010,2,0,0,0.0,0,0.0
경기,평택시,종합병원,2011,3,1,0,0.0,1,0.3333333333333333
경기,평택시,종합병원,2012,3,0,0,0.0,0,0.0
경기,평택시,종합병원,2013,3,0,0,0.0,0,0.0
경기,평택시,종합병원,2014,3,0,1,0.3333333333333333,1,0.3333333333333333
경기,평택시,종합병원,2015,4,1,0,0.0,1,0.25
경기,평택시,종합병원,2016,4,0,0,0.0,0,0.0
경기,평택시,종합병원,2017,5,1,1,0.2,2,0.4
경기,평택시,종합병원,2018,4,-1,0,0.0,-1,-0.25
경기,평택시,종합병원,2019,4,0,0,0.0,0,0.0
경기,평택시,종합병원,2020,4,0,0,0.0,0,0.0
경기,평택시,종합병원,2021,4,0,0,0.0,0,0.0
경기,평택시,종합병원,2022,4,0,0,0.0,0,0.0
경기,평택시,종합병원,2023,4,0,0,0.0,0,0.0
경기,평택시,종합병원,2024,4,0,0,0.0,0,0.0
경기,평택시,종합병원,2025,4,0,0,0.0,0,0.0
경기,포천시,병원,2007,2,,0,0.0,,
경기,포천시,병원,2008,3,1,0,0.0,1,0.3333333333333333
경기,포천시,병원,2009,3,0,0,0.0,0,0.0
경기,포천시,병원,2010,3,0,1,0.3333333333333333,1,0.3333333333333333
경기,포천시,병원,2011,2,-1,0,0.0,-1,-0.5
경기,포천시,병원,2012,3,1,0,0.0,1,0.3333333333333333
경기,포천시,병원,2013,3,0,0,0.0,0,0.0
경기,포천시,병원,2014,3,0,0,0.0,0,0.0
경기,포천시,병원,2015,3,0,0,0.0,0,0.0
경기,포천시,병원,2016,3,0,0,0.0,0,0.0
경기,포천시,병원,2017,3,0,0,0.0,0,0.0
경기,포천시,병원,2018,3,0,0,0.0,0,0.0
경기,포천시,병원,2019,3,0,0,0.0,0,0.0
경기,포천시,병원,2020,2,-1,1,0.5,0,0.0
경기,포천시,병원,2021,2,0,0,0.0,0,0.0
경기,포천시,병원,2022,2,0,0,0.0,0,0.0
경기,포천시,병원,2023,2,0,0,0.0,0,0.0
경기,포천시,병원,2024,2,0,0,0.0,0,0.0
경기,포천시,병원,2025,2,0,0,0.0,0,0.0
경기,포천시,상급종합병원,2007,0,,0,,,
경기,포천시,상급종합병원,2008,0,0,0,,0,
경기,포천시,상급종합병원,2009,0,0,0,,0,
경기,포천시,상급종합병원,2010,0,0,0,,0,
경기,포천시,상급종합병원,2011,0,0,0,,0,
경기,포천시,상급종합병원,2012,0,0,0,,0,
경기,포천시,상급종합병원,2013,0,0,0,,0,
경기,포천시,상급종합병원,2014,0,0,0,,0,
경기,포천시,상급종합병원,2015,0,0,0,,0,
경기,포천시,상급종합병원,2016,0,0,0,,0,
경기,포천시,상급종합병원,2017,0,0,0,,0,
경기,포천시,상급종합병원,2018,0,0,0,,0,
경기,포천시,상급종합병원,2019,0,0,0,,0,
경기,포천시,상급종합병원,2020,0,0,0,,0,
경기,포천시,상급종합병원,2021,0,0,0,,0,
경기,포천시,상급종합병원,2022,0,0,0,,0,
경기,포천시,상급종합병원,2023,0,0,0,,0,
경기,포천시,상급종합병원,2024,0,0,0,,0,
경기,포천시,상급종합병원,2025,0,0,0,,0,
경기,포천시,의원,2007,56,,4,0.07142857142857142,,
경기,포천시,의원,2008,54,-2,4,0.07407407407407407,2,0.037037037037037035
경기,포천시,의원,2009,56,2,1,0.017857142857142856,3,0.05357142857142857
경기,포천시,의원,2010,53,-3,1,0.018867924528301886,-2,-0.03773584905660377
경기,포천시,의원,2011,52,-1,4,0.07692307692307693,3,0.057692307692307696
경기,포천시,의원,2012,52,0,1,0.019230769230769232,1,0.019230769230769232
경기,포천시,의원,2013,52,0,2,0.038461538461538464,2,0.038461538461538464
경기,포천시,의원,2014,51,-1,1,0.0196078431372549,0,0.0
경기,포천시,의원,2015,52,1,0,0.0,1,0.019230769230769232
경기,포천시,의원,2016,54,2,2,0.037037037037037035,4,0.07407407407407407
경기,포천시,의원,2017,55,1,0,0.0,1,0.01818181818181818
경기,포천시,의원,2018,57,2,1,0.017543859649122806,3,0.05263157894736842
경기,포천시,의원,2019,58,1,0,0.0,1,0.017241379310344827
경기,포천시,의원,2020,61,3,3,0.04918032786885246,6,0.09836065573770492
경기,포천시,의원,2021,62,1,1,0.016129032258064516,2,0.03225806451612903
경기,포천시,의원,2022,62,0,1,0.016129032258064516,1,0.016129032258064516
경기,포천시,의원,2023,62,0,1,0.016129032258064516,1,0.016129032258064516
경기,포천시,의원,2024,65,3,0,0.0,3,0.046153846153846156
경기,포천시,의원,2025,65,0,0,0.0,0,0.0
경기,포천시,종합병원,2007,2,,0,0.0,,
경기,포천시,종합병원,2008,2,0,0,0.0,0,0.0
경기,포천시,종합병원,2009,2,0,0,0.0,0,0.0
경기,포천시,종합병원,2010,2,0,0,0.0,0,0.0
경기,포천시,종합병원,2011,2,0,1,0.5,1,0.5
경기,포천시,종합병원,2012,2,0,0,0.0,0,0.0
경기,포천시,종합병원,2013,2,0,0,0.0,0,0.0
경기,포천시,종합병원,2014,2,0,0,0.0,0,0.0
경기,포천시,종합병원,2015,2,0,0,0.0,0,0.0
경기,포천시,종합병원,2016,2,0,0,0.0,0,0.0
경기,포천시,종합병원,2017,2,0,0,0.0,0,0.0
경기,포천시,종합병원,2018,2,0,0,0.0,0,0.0
경기,포천시,종합병원,2019,2,0,0,0.0,0,0.0
경기,포천시,종합병원,2020,2,0,0,0.0,0,0.0
경기,포천시,종합병원,2021,2,0,0,0.0,0,0.0
경기,포천시,종합병원,2022,2,0,0,0.0,0,0.0
경기,포천시,종합병원,2023,2,0,0,0.0,0,0.0
경기,포천시,종합병원,2024,2,0,0,0.0,0,0.0
경기,포천시,종합병원,2025,2,0,0,0.0,0,0.0
경기,하남시,병원,2007,4,,1,0.25,,
경기,하남시,병원,2008,4,0,3,0.75,3,0.75
경기,하남시,병원,2009,4,0,0,0.0,0,0.0
경기,하남시,병원,2010,4,0,1,0.25,1,0.25
경기,하남시,병원,2011,4,0,1,0.25,1,0.25
경기,하남시,병원,2012,4,0,1,0.25,1,0.25
경기,하남시,병원,2013,4,0,0,0.0,0,0.0
경기,하남시,병원,2014,4,0,0,0.0,0,0.0
경기,하남시,병원,2015,4,0,0,0.0,0,0.0
경기,하남시,병원,2016,4,0,0,0.0,0,0.0
경기,하남시,병원,2017,5,1,2,0.4,3,0.6
경기,하남시,병원,2018,5,0,0,0.0,0,0.0
경기,하남시,병원,2019,6,1,0,0.0,1,0.16666666666666666
경기,하남시,병원,2020,7,1,1,0.14285714285714285,2,0.2857142857142857
경기,하남시,병원,2021,7,0,1,0.14285714285714285,1,0.14285714285714285
경기,하남시,병원,2022,8,1,2,0.25,3,0.375
경기,하남시,병원,2023,7,-1,0,0.0,-1,-0.14285714285714285
경기,하남시,병원,2024,7,0,0,0.0,0,0.0
경기,하남시,병원,2025,7,0,1,0.14285714285714285,1,0.14285714285714285
경기,하남시,상급종합병원,2007,0,,0,,,
경기,하남시,상급종합병원,2008,0,0,0,,0,
경기,하남시,상급종합병원,2009,0,0,0,,0,
경기,하남시,상급종합병원,2010,0,0,0,,0,
경기,하남시,상급종합병원,2011,0,0,0,,0,
경기,하남시,상급종합병원,2012,0,0,0,,0,
경기,하남시,상급종합병원,2013,0,0,0,,0,
경기,하남시,상급종합병원,2014,0,0,0,,0,
경기,하남시,상급종합병원,2015,0,0,0,,0,
경기,하남시,상급종합병원,2016,0,0,0,,0,
경기,하남시,상급종합병원,2017,0,0,0,,0,
경기,하남시,상급종합병원,2018,0,0,0,,0,
경기,하남시,상급종합병원,2019,0,0,0,,0,
경기,하남시,상급종합병원,2020,0,0,0,,0,
경기,하남시,상급종합병원,2021,0,0,0,,0,
경기,하남시,상급종합병원,2022,0,0,0,,0,
경기,하남시,상급종합병원,2023,0,0,0,,0,
경기,하남시,상급종합병원,2024,0,0,0,,0,
경기,하남시,상급종합병원,2025,0,0,0,,0,
경기,하남시,의원,2007,57,,2,0.03508771929824561,,
경기,하남시,의원,2008,63,6,3,0.047619047619047616,9,0.14285714285714285
경기,하남시,의원,2009,68,5,3,0.04411764705882353,8,0.11764705882352941
경기,하남시,의원,2010,75,7,2,0.02666666666666667,9,0.12
경기,하남시,의원,2011,74,-1,3,0.04054054054054054,2,0.02702702702702703
경기,하남시,의원,2012,73,-1,3,0.0410958904109589,2,0.0273972602739726
경기,하남시,의원,2013,74,1,3,0.04054054054054054,4,0.05405405405405406
경기,하남시,의원,2014,75,1,4,0.05333333333333334,5,0.06666666666666667
경기,하남시,의원,2015,76,1,3,0.039473684210526314,4,0.05263157894736842
경기,하남시,의원,2016,78,2,1,0.01282051282051282,3,0.038461538461538464
경기,하남시,의원,2017,105,27,1,0.009523809523809525,28,0.26666666666666666
경기,하남시,의원,2018,116,11,0,0.0,11,0.09482758620689655
경기,하남시,의원,2019,139,23,5,0.03597122302158273,28,0.2014388489208633
경기,하남시,의원,2020,151,12,10,0.06622516556291391,22,0.1456953642384106
경기,하남시,의원,2021,161,10,3,0.018633540372670808,13,0.08074534161490683
경기,하남시,의원,2022,195,34,7,0.035897435897435895,41,0.21025641025641026
경기,하남시,의원,2023,219,24,7,0.0319634703196347,31,0.1415525114155251
경기,하남시,의원,2024,231,12,11,0.047619047619047616,23,0.09956709956709957
경기,하남시,의원,2025,232,1,1,0.004310344827586207,2,0.008620689655172414
경기,하남시,종합병원,2007,0,,0,,,
경기,하남시,종합병원,2008,0,0,0,,0,
경기,하남시,종합병원,2009,0,0,0,,0,
경기,하남시,종합병원,2010,0,0,0,,0,
경기,하남시,종합병원,2011,0,0,0,,0,
경기,하남시,종합병원,2012,0,0,0,,0,
경기,하남시,종합병원,2013,0,0,0,,0,
경기,하남시,종합병원,2014,0,0,0,,0,
경기,하남시,종합병원,2015,0,0,0,,0,
경기,하남시,종합병원,2016,0,0,0,,0,
경기,하남시,종합병원,2017,0,0,0,,0,
경기,하남시,종합병원,2018,0,0,0,,0,
경기,하남시,종합병원,2019,0,0,0,,0,
경기,하남시,종합병원,2020,0,0,0,,0,
경기,하남시,종합병원,2021,0,0,0,,0,
경기,하남시,종합병원,2022,0,0,0,,0,
경기,하남시,종합병원,2023,0,0,0,,0,
경기,하남시,종합병원,2024,0,0,0,,0,
경기,하남시,종합병원,2025,0,0,0,,0,
경기,화성시,병원,2007,2,,1,0.5,,
경기,화성시,병원,2008,1,-1,0,0.0,-1,-1.0
경기,화성시,병원,2009,4,3,0,0.0,3,0.75
경기,화성시,병원,2010,5,1,0,0.0,1,0.2
경기,화성시,병원,2011,7,2,0,0.0,2,0.2857142857142857
경기,화성시,병원,2012,10,3,2,0.2,5,0.5
경기,화성시,병원,2013,10,0,1,0.1,1,0.1
경기,화성시,병원,2014,11,1,3,0.2727272727272727,4,0.36363636363636365
경기,화성시,병원,2015,10,-1,0,0.0,-1,-0.1
경기,화성시,병원,2016,11,1,2,0.18181818181818182,3,0.2727272727272727
경기,화성시,병원,2017,10,-1,1,0.1,0,0.0
경기,화성시,병원,2018,11,1,2,0.18181818181818182,3,0.2727272727272727
경기,화성시,병원,2019,10,-1,2,0.2,1,0.1
경기,화성시,병원,2020,12,2,1,0.08333333333333333,3,0.25
경기,화성시,병원,2021,13,1,1,0.07692307692307693,2,0.15384615384615385
경기,화성시,병원,2022,15,2,1,0.06666666666666667,3,0.2
경기,화성시,병원,2023,14,-1,1,0.07142857142857142,0,0.0
경기,화성시,병원,2024,16,2,0,0.0,2,0.125
경기,화성시,병원,2025,17,1,3,0.17647058823529413,4,0.23529411764705882
경기,화성시,상급종합병원,2007,0,,0,,,
경기,화성시,상급종합병원,2008,0,0,0,,0,
경기,화성시,상급종합병원,2009,0,0,0,,0,
경기,화성시,상급종합병원,2010,0,0,0,,0,
경기,화성시,상급종합병원,2011,0,0,0,,0,
경기,화성시,상급종합병원,2012,0,0,0,,0,
경기,화성시,상급종합병원,2013,0,0,0,,0,
경기,화성시,상급종합병원,2014,0,0,0,,0,
경기,화성시,상급종합병원,2015,0,0,0,,0,
경기,화성시,상급종합병원,2016,0,0,0,,0,
경기,화성시,상급종합병원,2017,0,0,0,,0,
경기,화성시,상급종합병원,2018,0,0,0,,0,
경기,화성시,상급종합병원,2019,0,0,0,,0,
경기,화성시,상급종합병원,2020,0,0,0,,0,
경기,화성시,상급종합병원,2021,0,0,0,,0,
경기,화성시,상급종합병원,2022,0,0,0,,0,
경기,화성시,상급종합병원,2023,0,0,0,,0,
경기,화성시,상급종합병원,2024,0,0,0,,0,
경기,화성시,상급종합병원,2025,0,0,0,,0,
경기,화성시,의원,2007,116,,6,0.05172413793103448,,
경기,화성시,의원,2008,139,23,7,0.050359712230215826,30,0.2158273381294964
경기,화성시,의원,2009,170,31,14,0.08235294117647059,45,0.2647058823529412
경기,화성시,의원,2010,194,24,8,0.041237113402061855,32,0.16494845360824742
경기,화성시,의원,2011,200,6,11,0.055,17,0.085
경기,화성시,의원,2012,212,12,4,0.018867924528301886,16,0.07547169811320754
경기,화성시,의원,2013,211,-1,7,0.03317535545023697,6,0.02843601895734597
경기,화성시,의원,2014,220,9,2,0.00909090909090909,11,0.05
경기,화성시,의원,2015,221,1,9,0.04072398190045249,10,0.04524886877828054
경기,화성시,의원,2016,241,20,9,0.03734439834024896,29,0.12033195020746888
경기,화성시,의원,2017,265,24,18,0.06792452830188679,42,0.15849056603773584
경기,화성시,의원,2018,289,24,7,0.02422145328719723,31,0.10726643598615918
경기,화성시,의원,2019,325,36,9,0.027692307692307693,45,0.13846153846153847
경기,화성시,의원,2020,347,22,13,0.037463976945244955,35,0.10086455331412104
경기,화성시,의원,2021,369,22,9,0.024390243902439025,31,0.08401084010840108
경기,화성시,의원,2022,402,33,10,0.024875621890547265,43,0.10696517412935323
경기,화성시,의원,2023,426,24,12,0.028169014084507043,36,0.08450704225352113
경기,화성시,의원,2024,448,22,6,0.013392857142857142,28,0.0625
경기,화성시,의원,2025,484,36,12,0.024793388429752067,48,0.09917355371900827
경기,화성시,종합병원,2007,1,,0,0.0,,
경기,화성시,종합병원,2008,1,0,1,1.0,1,1.0
경기,화성시,종합병원,2009,1,0,0,0.0,0,0.0
경기,화성시,종합병원,2010,1,0,0,0.0,0,0.0
경기,화성시,종합병원,2011,1,0,0,0.0,0,0.0
경기,화성시,종합병원,2012,1,0,0,0.0,0,0.0
경기,화성시,종합병원,2013,2,1,0,0.0,1,0.5
경기,화성시,종합병원,2014,2,0,0,0.0,0,0.0
경기,화성시,종합병원,2015,2,0,0,0.0,0,0.0
경기,화성시,종합병원,2016,2,0,0,0.0,0,0.0
경기,화성시,종합병원,2017,2,0,0,0.0,0,0.0
경기,화성시,종합병원,2018,3,1,0,0.0,1,0.3333333333333333
경기,화성시,종합병원,2019,3,0,1,0.3333333333333333,1,0.3333333333333333
경기,화성시,종합병원,2020,3,0,0,0.0,0,0.0
경기,화성시,종합병원,2021,3,0,0,0.0,0,0.0
경기,화성시,종합병원,2022,3,0,0,0.0,0,0.0
경기,화성시,종합병원,2023,3,0,0,0.0,0,0.0
경기,화성시,종합병원,2024,3,0,0,0.0,0,0.0
경기,화성시,종합병원,2025,3,0,0,0.0,0,0.0
경남,거제시,병원,2007,2,,0,0.0,,
경남,거제시,병원,2008,5,3,0,0.0,3,0.6
경남,거제시,병원,2009,5,0,0,0.0,0,0.0
경남,거제시,병원,2010,7,2,2,0.2857142857142857,4,0.5714285714285714
경남,거제시,병원,2011,7,0,1,0.14285714285714285,1,0.14285714285714285
경남,거제시,병원,2012,7,0,2,0.2857142857142857,2,0.2857142857142857
경남,거제시,병원,2013,6,-1,1,0.16666666666666666,0,0.0
경남,거제시,병원,2014,7,1,0,0.0,1,0.14285714285714285
경남,거제시,병원,2015,7,0,0,0.0,0,0.0
경남,거제시,병원,2016,7,0,0,0.0,0,0.0
경남,거제시,병원,2017,7,0,1,0.14285714285714285,1,0.14285714285714285
경남,거제시,병원,2018,7,0,1,0.14285714285714285,1,0.14285714285714285
경남,거제시,병원,2019,7,0,0,0.0,0,0.0
경남,거제시,병원,2020,7,0,0,0.0,0,0.0
경남,거제시,병원,2021,7,0,1,0.14285714285714285,1,0.14285714285714285
경남,거제시,병원,2022,7,0,1,0.14285714285714285,1,0.14285714285714285
경남,거제시,병원,2023,6,-1,0,0.0,-1,-0.16666666666666666
경남,거제시,병원,2024,6,0,0,0.0,0,0.0
경남,거제시,병원,2025,6,0,0,0.0,0,0.0
경남,거제시,상급종합병원,2007,0,,0,,,
경남,거제시,상급종합병원,2008,0,0,0,,0,
경남,거제시,상급종합병원,2009,0,0,0,,0,
경남,거제시,상급종합병원,2010,0,0,0,,0,
경남,거제시,상급종합병원,2011,0,0,0,,0,
경남,거제시,상급종합병원,2012,0,0,0,,0,
경남,거제시,상급종합병원,2013,0,0,0,,0,
경남,거제시,상급종합병원,2014,0,0,0,,0,
경남,거제시,상급종합병원,2015,0,0,0,,0,
경남,거제시,상급종합병원,2016,0,0,0,,0,
경남,거제시,상급종합병원,2017,0,0,0,,0,
경남,거제시,상급종합병원,2018,0,0,0,,0,
경남,거제시,상급종합병원,2019,0,0,0,,0,
경남,거제시,상급종합병원,2020,0,0,0,,0,
경남,거제시,상급종합병원,2021,0,0,0,,0,
경남,거제시,상급종합병원,2022,0,0,0,,0,
경남,거제시,상급종합병원,2023,0,0,0,,0,
경남,거제시,상급종합병원,2024,0,0,0,,0,
경남,거제시,상급종합병원,2025,0,0,0,,0,
경남,거제시,의원,2007,79,,5,0.06329113924050633,,
경남,거제시,의원,2008,76,-3,2,0.02631578947368421,-1,-0.013157894736842105
경남,거제시,의원,2009,80,4,7,0.0875,11,0.1375
경남,거제시,의원,2010,80,0,5,0.0625,5,0.0625
경남,거제시,의원,2011,83,3,3,0.03614457831325301,6,0.07228915662650602
경남,거제시,의원,2012,93,10,2,0.021505376344086023,12,0.12903225806451613
경남,거제시,의원,2013,94,1,5,0.05319148936170213,6,0.06382978723404255
경남,거제시,의원,2014,94,0,3,0.031914893617021274,3,0.031914893617021274
경남,거제시,의원,2015,100,6,2,0.02,8,0.08
경남,거제시,의원,2016,102,2,8,0.0784313725490196,10,0.09803921568627451
경남,거제시,의원,2017,103,1,7,0.06796116504854369,8,0.07766990291262135
경남,거제시,의원,2018,101,-2,5,0.04950495049504951,3,0.0297029702970297
경남,거제시,의원,2019,102,1,0,0.0,1,0.00980392156862745
경남,거제시,의원,2020,101,-1,3,0.0297029702970297,2,0.019801980198019802
경남,거제시,의원,2021,98,-3,1,0.01020408163265306,-2,-0.02040816326530612
경남,거제시,의원,2022,100,2,4,0.04,6,0.06
경남,거제시,의원,2023,102,2,1,0.00980392156862745,3,0.029411764705882353
경남,거제시,의원,2024,102,0,4,0.0392156862745098,4,0.0392156862745098
경남,거제시,의원,2025,104,2,1,0.009615384615384616,3,0.028846153846153848
경남,거제시,종합병원,2007,2,,0,0.0,,
경남,거제시,종합병원,2008,2,0,0,0.0,0,0.0
경남,거제시,종합병원,2009,2,0,0,0.0,0,0.0
경남,거제시,종합병원,2010,2,0,0,0.0,0,0.0
경남,거제시,종합병원,2011,2,0,0,0.0,0,0.0
경남,거제시,종합병원,2012,2,0,0,0.0,0,0.0
경남,거제시,종합병원,2013,2,0,0,0.0,0,0.0
경남,거제시,종합병원,2014,3,1,0,0.0,1,0.3333333333333333
경남,거제시,종합병원,2015,3,0,0,0.0,0,0.0
경남,거제시,종합병원,2016,3,0,0,0.0,0,0.0
경남,거제시,종합병원,2017,3,0,0,0.0,0,0.0
경남,거제시,종합병원,2018,3,0,0,0.0,0,0.0
경남,거제시,종합병원,2019,3,0,0,0.0,0,0.0
경남,거제시,종합병원,2020,3,0,0,0.0,0,0.0
경남,거제시,종합병원,2021,3,0,0,0.0,0,0.0
경남,거제시,종합병원,2022,3,0,0,0.0,0,0.0
경남,거제시,종합병원,2023,3,0,0,0.0,0,0.0
경남,거제시,종합병원,2024,3,0,0,0.0,0,0.0
경남,거제시,종합병원,2025,3,0,0,0.0,0,0.0
경남,거창군,병원,2007,3,,0,0.0,,
경남,거창군,병원,2008,3,0,0,0.0,0,0.0
경남,거창군,병원,2009,3,0,0,0.0,0,0.0
경남,거창군,병원,2010,3,0,0,0.0,0,0.0
경남,거창군,병원,2011,3,0,0,0.0,0,0.0
경남,거창군,병원,2012,3,0,0,0.0,0,0.0
경남,거창군,병원,2013,3,0,0,0.0,0,0.0
경남,거창군,병원,2014,3,0,0,0.0,0,0.0
경남,거창군,병원,2015,3,0,0,0.0,0,0.0
경남,거창군,병원,2016,3,0,0,0.0,0,0.0
경남,거창군,병원,2017,3,0,0,0.0,0,0.0
경남,거창군,병원,2018,3,0,0,0.0,0,0.0
경남,거창군,병원,2019,2,-1,1,0.5,0,0.0
경남,거창군,병원,2020,2,0,0,0.0,0,0.0
경남,거창군,병원,2021,3,1,0,0.0,1,0.3333333333333333
경남,거창군,병원,2022,3,0,0,0.0,0,0.0
경남,거창군,병원,2023,3,0,1,0.3333333333333333,1,0.3333333333333333
경남,거창군,병원,2024,3,0,0,0.0,0,0.0
경남,거창군,병원,2025,3,0,0,0.0,0,0.0
경남,거창군,상급종합병원,2007,0,,0,,,
경남,거창군,상급종합병원,2008,0,0,0,,0,
경남,거창군,상급종합병원,2009,0,0,0,,0,
경남,거창군,상급종합병원,2010,0,0,0,,0,
경남,거창군,상급종합병원,2011,0,0,0,,0,
경남,거창군,상급종합병원,2012,0,0,0,,0,
경남,거창군,상급종합병원,2013,0,0,0,,0,
경남,거창군,상급종합병원,2014,0,0,0,,0,
경남,거창군,상급종합병원,2015,0,0,0,,0,
경남,거창군,상급종합병원,2016,0,0,0,,0,
경남,거창군,상급종합병원,2017,0,0,0,,0,
경남,거창군,상급종합병원,2018,0,0,0,,0,
경남,거창군,상급종합병원,2019,0,0,0,,0,
경남,거창군,상급종합병원,2020,0,0,0,,0,
경남,거창군,상급종합병원,2021,0,0,0,,0,
경남,거창군,상급종합병원,2022,0,0,0,,0,
경남,거창군,상급종합병원,2023,0,0,0,,0,
경남,거창군,상급종합병원,2024,0,0,0,,0,
경남,거창군,상급종합병원,2025,0,0,0,,0,
경남,거창군,의원,2007,25,,1,0.04,,
경남,거창군,의원,2008,24,-1,1,0.041666666666666664,0,0.0
경남,거창군,의원,2009,24,0,1,0.041666666666666664,1,0.041666666666666664
경남,거창군,의원,2010,25,1,1,0.04,2,0.08
경남,거창군,의원,2011,25,0,1,0.04,1,0.04
경남,거창군,의원,2012,25,0,0,0.0,0,0.0
경남,거창군,의원,2013,26,1,2,0.07692307692307693,3,0.11538461538461539
경남,거창군,의원,2014,25,-1,0,0.0,-1,-0.04
경남,거창군,의원,2015,25,0,2,0.08,2,0.08
경남,거창군,의원,2016,24,-1,1,0.041666666666666664,0,0.0
경남,거창군,의원,2017,25,1,0,0.0,1,0.04
경남,거창군,의원,2018,28,3,0,0.0,3,0.10714285714285714
경남,거창군,의원,2019,31,3,0,0.0,3,0.0967741935483871
경남,거창군,의원,2020,31,0,1,0.03225806451612903,1,0.03225806451612903
경남,거창군,의원,2021,31,0,1,0.03225806451612903,1,0.03225806451612903
경남,거창군,의원,2022,31,0,1,0.03225806451612903,1,0.03225806451612903
경남,거창군,의원,2023,30,-1,0,0.0,-1,-0.03333333333333333
경남,거창군,의원,2024,31,1,0,0.0,1,0.03225806451612903
경남,거창군,의원,2025,30,-1,1,0.03333333333333333,0,0.0
경남,거창군,종합병원,2007,0,,0,,,
경남,거창군,종합병원,2008,0,0,0,,0,
경남,거창군,종합병원,2009,0,0,0,,0,
경남,거창군,종합병원,2010,0,0,0,,0,
경남,거창군,종합병원,2011,0,0,0,,0,
경남,거창군,종합병원,2012,0,0,0,,0,
경남,거창군,종합병원,2013,0,0,0,,0,
경남,거창군,종합병원,2014,0,0,0,,0,
경남,거창군,종합병원,2015,0,0,0,,0,
경남,거창군,종합병원,2016,0,0,0,,0,
경남,거창군,종합병원,2017,0,0,0,,0,
경남,거창군,종합병원,2018,0,0,0,,0,
경남,거창군,종합병원,2019,0,0,0,,0,
경남,거창군,종합병원,2020,0,0,0,,0,
경남,거창군,종합병원,2021,0,0,0,,0,
경남,거창군,종합병원,2022,0,0,0,,0,
경남,거창군,종합병원,2023,0,0,0,,0,
경남,거창군,종합병원,2024,0,0,0,,0,
경남,거창군,종합병원,2025,0,0,0,,0,
경남,고성군,병원,2007,3,,0,0.0,,
경남,고성군,병원,2008,3,0,0,0.0,0,0.0
경남,고성군,병원,2009,3,0,1,0.3333333333333333,1,0.3333333333333333
경남,고성군,병원,2010,3,0,3,1.0,3,1.0
경남,고성군,병원,2011,3,0,0,0.0,0,0.0
경남,고성군,병원,2012,3,0,0,0.0,0,0.0
경남,고성군,병원,2013,3,0,1,0.3333333333333333,1,0.3333333333333333
경남,고성군,병원,2014,3,0,0,0.0,0,0.0
경남,고성군,병원,2015,3,0,1,0.3333333333333333,1,0.3333333333333333
경남,고성군,병원,2016,3,0,0,0.0,0,0.0
경남,고성군,병원,2017,3,0,0,0.0,0,0.0
경남,고성군,병원,2018,3,0,0,0.0,0,0.0
경남,고성군,병원,2019,3,0,0,0.0,0,0.0
경남,고성군,병원,2020,3,0,0,0.0,0,0.0
경남,고성군,병원,2021,3,0,1,0.3333333333333333,1,0.3333333333333333
경남,고성군,병원,2022,2,-1,0,0.0,-1,-0.5
경남,고성군,병원,2023,2,0,0,0.0,0,0.0
경남,고성군,병원,2024,2,0,0,0.0,0,0.0
경남,고성군,병원,2025,2,0,0,0.0,0,0.0
경남,고성군,상급종합병원,2007,0,,0,,,
경남,고성군,상급종합병원,2008,0,0,0,,0,
경남,고성군,상급종합병원,2009,0,0,0,,0,
경남,고성군,상급종합병원,2010,0,0,0,,0,
경남,고성군,상급종합병원,2011,0,0,0,,0,
경남,고성군,상급종합병원,2012,0,0,0,,0,
경남,고성군,상급종합병원,2013,0,0,0,,0,
경남,고성군,상급종합병원,2014,0,0,0,,0,
경남,고성군,상급종합병원,2015,0,0,0,,0,
경남,고성군,상급종합병원,2016,0,0,0,,0,
경남,고성군,상급종합병원,2017,0,0,0,,0,
경남,고성군,상급종합병원,2018,0,0,0,,0,
경남,고성군,상급종합병원,2019,0,0,0,,0,
경남,고성군,상급종합병원,2020,0,0,0,,0,
경남,고성군,상급종합병원,2021,0,0,0,,0,
경남,고성군,상급종합병원,2022,0,0,0,,0,
경남,고성군,상급종합병원,2023,0,0,0,,0,
경남,고성군,상급종합병원,2024,0,0,0,,0,
경남,고성군,상급종합병원,2025,0,0,0,,0,
경남,고성군,의원,2007,17,,1,0.058823529411764705,,
경남,고성군,의원,2008,19,2,3,0.15789473684210525,5,0.2631578947368421
경남,고성군,의원,2009,19,0,2,0.10526315789473684,2,0.10526315789473684
경남,고성군,의원,2010,19,0,1,0.05263157894736842,1,0.05263157894736842
경남,고성군,의원,2011,21,2,3,0.14285714285714285,5,0.23809523809523808
경남,고성군,의원,2012,21,0,1,0.047619047619047616,1,0.047619047619047616
경남,고성군,의원,2013,20,-1,2,0.1,1,0.05
경남,고성군,의원,2014,20,0,0,0.0,0,0.0
경남,고성군,의원,2015,22,2,3,0.13636363636363635,5,0.22727272727272727
경남,고성군,의원,2016,21,-1,0,0.0,-1,-0.047619047619047616
경남,고성군,의원,2017,21,0,1,0.047619047619047616,1,0.047619047619047616
경남,고성군,의원,2018,21,0,1,0.047619047619047616,1,0.047619047619047616
경남,고성군,의원,2019,19,-2,0,0.0,-2,-0.10526315789473684
경남,고성군,의원,2020,19,0,0,0.0,0,0.0
경남,고성군,의원,2021,20,1,1,0.05,2,0.1
경남,고성군,의원,2022,17,-3,0,0.0,-3,-0.17647058823529413
경남,고성군,의원,2023,18,1,0,0.0,1,0.05555555555555555
경남,고성군,의원,2024,18,0,0,0.0,0,0.0
경남,고성군,의원,2025,19,1,0,0.0,1,0.05263157894736842
경남,고성군,종합병원,2007,0,,0,,,
경남,고성군,종합병원,2008,0,0,0,,0,
경남,고성군,종합병원,2009,0,0,0,,0,
경남,고성군,종합병원,2010,0,0,0,,0,
경남,고성군,종합병원,2011,0,0,0,,0,
경남,고성군,종합병원,2012,0,0,0,,0,
경남,고성군,종합병원,2013,0,0,0,,0,
경남,고성군,종합병원,2014,0,0,0,,0,
경남,고성군,종합병원,2015,0,0,0,,0,
경남,고성군,종합병원,2016,0,0,0,,0,
경남,고성군,종합병원,2017,0,0,0,,0,
경남,고성군,종합병원,2018,0,0,0,,0,
경남,고성군,종합병원,2019,0,0,0,,0,
경남,고성군,종합병원,2020,0,0,0,,0,
경남,고성군,종합병원,2021,0,0,0,,0,
경남,고성군,종합병원,2022,0,0,0,,0,
경남,고성군,종합병원,2023,0,0,0,,0,
경남,고성군,종합병원,2024,0,0,0,,0,
경남,고성군,종합병원,2025,0,0,0,,0,
경남,김해시,병원,2007,14,,1,0.07142857142857142,,
경남,김해시,병원,2008,16,2,1,0.0625,3,0.1875
경남,김해시,병원,2009,20,4,0,0.0,4,0.2
경남,김해시,병원,2010,23,3,10,0.43478260869565216,13,0.5652173913043478
경남,김해시,병원,2011,22,-1,3,0.13636363636363635,2,0.09090909090909091
경남,김해시,병원,2012,24,2,1,0.041666666666666664,3,0.125
경남,김해시,병원,2013,26,2,3,0.11538461538461539,5,0.19230769230769232
경남,김해시,병원,2014,25,-1,1,0.04,0,0.0
경남,김해시,병원,2015,26,1,1,0.038461538461538464,2,0.07692307692307693
경남,김해시,병원,2016,26,0,1,0.038461538461538464,1,0.038461538461538464
경남,김해시,병원,2017,24,-2,1,0.041666666666666664,-1,-0.041666666666666664
경남,김해시,병원,2018,24,0,2,0.08333333333333333,2,0.08333333333333333
경남,김해시,병원,2019,26,2,4,0.15384615384615385,6,0.23076923076923078
경남,김해시,병원,2020,25,-1,2,0.08,1,0.04
경남,김해시,병원,2021,23,-2,0,0.0,-2,-0.08695652173913043
경남,김해시,병원,2022,22,-1,1,0.045454545454545456,0,0.0
경남,김해시,병원,2023,23,1,2,0.08695652173913043,3,0.13043478260869565
경남,김해시,병원,2024,21,-2,1,0.047619047619047616,-1,-0.047619047619047616
경남,김해시,병원,2025,21,0,4,0.19047619047619047,4,0.19047619047619047
경남,김해시,상급종합병원,2007,0,,0,,,
경남,김해시,상급종합병원,2008,0,0,0,,0,
경남,김해시,상급종합병원,2009,0,0,0,,0,
경남,김해시,상급종합병원,2010,0,0,0,,0,
경남,김해시,상급종합병원,2011,0,0,0,,0,
경남,김해시,상급종합병원,2012,0,0,0,,0,
경남,김해시,상급종합병원,2013,0,0,0,,0,
경남,김해시,상급종합병원,2014,0,0,0,,0,
경남,김해시,상급종합병원,2015,0,0,0,,0,
경남,김해시,상급종합병원,2016,0,0,0,,0,
경남,김해시,상급종합병원,2017,0,0,0,,0,
경남,김해시,상급종합병원,2018,0,0,0,,0,
경남,김해시,상급종합병원,2019,0,0,0,,0,
경남,김해시,상급종합병원,2020,0,0,0,,0,
경남,김해시,상급종합병원,2021,0,0,0,,0,
경남,김해시,상급종합병원,2022,0,0,0,,0,
경남,김해시,상급종합병원,2023,0,0,0,,0,
경남,김해시,상급종합병원,2024,0,0,0,,0,
경남,김해시,상급종합병원,2025,0,0,0,,0,
경남,김해시,의원,2007,207,,20,0.0966183574879227,,
경남,김해시,의원,2008,201,-6,20,0.09950248756218906,14,0.06965174129353234
경남,김해시,의원,2009,205,4,11,0.05365853658536585,15,0.07317073170731707
경남,김해시,의원,2010,211,6,8,0.037914691943127965,14,0.06635071090047394
경남,김해시,의원,2011,213,2,15,0.07042253521126761,17,0.07981220657276995
경남,김해시,의원,2012,208,-5,12,0.057692307692307696,7,0.03365384615384615
경남,김해시,의원,2013,213,5,18,0.08450704225352113,23,0.107981220657277
경남,김해시,의원,2014,212,-1,10,0.04716981132075472,9,0.04245283018867924
경남,김해시,의원,2015,210,-2,8,0.0380952380952381,6,0.02857142857142857
경남,김해시,의원,2016,210,0,8,0.0380952380952381,8,0.0380952380952381
경남,김해시,의원,2017,218,8,2,0.009174311926605505,10,0.045871559633027525
경남,김해시,의원,2018,220,2,8,0.03636363636363636,10,0.045454545454545456
경남,김해시,의원,2019,221,1,9,0.04072398190045249,10,0.04524886877828054
경남,김해시,의원,2020,219,-2,8,0.0365296803652968,6,0.0273972602739726
경남,김해시,의원,2021,224,5,5,0.022321428571428572,10,0.044642857142857144
경남,김해시,의원,2022,235,11,5,0.02127659574468085,16,0.06808510638297872
경남,김해시,의원,2023,244,9,7,0.028688524590163935,16,0.06557377049180328
경남,김해시,의원,2024,246,2,5,0.02032520325203252,7,0.028455284552845527
경남,김해시,의원,2025,252,6,6,0.023809523809523808,12,0.047619047619047616
경남,김해시,종합병원,2007,5,,0,0.0,,
경남,김해시,종합병원,2008,5,0,0,0.0,0,0.0
경남,김해시,종합병원,2009,5,0,0,0.0,0,0.0
경남,김해시,종합병원,2010,5,0,1,0.2,1,0.2
경남,김해시,종합병원,2011,3,-2,2,0.6666666666666666,0,0.0
경남,김해시,종합병원,2012,4,1,0,0.0,1,0.25
경남,김해시,종합병원,2013,4,0,0,0.0,0,0.0
경남,김해시,종합병원,2014,4,0,0,0.0,0,0.0
경남,김해시,종합병원,2015,4,0,1,0.25,1,0.25
경남,김해시,종합병원,2016,4,0,0,0.0,0,0.0
경남,김해시,종합병원,2017,5,1,0,0.0,1,0.2
경남,김해시,종합병원,2018,5,0,0,0.0,0,0.0
경남,김해시,종합병원,2019,5,0,1,0.2,1,0.2
경남,김해시,종합병원,2020,5,0,0,0.0,0,0.0
경남,김해시,종합병원,2021,5,0,0,0.0,0,0.0
경남,김해시,종합병원,2022,5,0,0,0.0,0,0.0
경남,김해시,종합병원,2023,5,0,0,0.0,0,0.0
경남,김해시,종합병원,2024,5,0,0,0.0,0,0.0
경남,김해시,종합병원,2025,4,-1,1,0.25,0,0.0
경남,남해군,병원,2007,1,,0,0.0,,
경남,남해군,병원,2008,1,0,0,0.0,0,0.0
경남,남해군,병원,2009,1,0,0,0.0,0,0.0
경남,남해군,병원,2010,1,0,0,0.0,0,0.0
경남,남해군,병원,2011,1,0,0,0.0,0,0.0
경남,남해군,병원,2012,1,0,0,0.0,0,0.0
경남,남해군,병원,2013,1,0,0,0.0,0,0.0
경남,남해군,병원,2014,1,0,0,0.0,0,0.0
경남,남해군,병원,2015,1,0,0,0.0,0,0.0
경남,남해군,병원,2016,1,0,0,0.0,0,0.0
경남,남해군,병원,2017,1,0,0,0.0,0,0.0
경남,남해군,병원,2018,1,0,0,0.0,0,0.0
경남,남해군,병원,2019,1,0,0,0.0,0,0.0
경남,남해군,병원,2020,1,0,0,0.0,0,0.0
경남,남해군,병원,2021,1,0,0,0.0,0,0.0
경남,남해군,병원,2022,1,0,0,0.0,0,0.0
경남,남해군,병원,2023,1,0,0,0.0,0,0.0
경남,남해군,병원,2024,1,0,0,0.0,0,0.0
경남,남해군,병원,2025,1,0,0,0.0,0,0.0
경남,남해군,상급종합병원,2007,0,,0,,,
경남,남해군,상급종합병원,2008,0,0,0,,0,
경남,남해군,상급종합병원,2009,0,0,0,,0,
경남,남해군,상급종합병원,2010,0,0,0,,0,
경남,남해군,상급종합병원,2011,0,0,0,,0,
경남,남해군,상급종합병원,2012,0,0,0,,0,
경남,남해군,상급종합병원,2013,0,0,0,,0,
경남,남해군,상급종합병원,2014,0,0,0,,0,
경남,남해군,상급종합병원,2015,0,0,0,,0,
경남,남해군,상급종합병원,2016,0,0,0,,0,
경남,남해군,상급종합병원,2017,0,0,0,,0,
경남,남해군,상급종합병원,2018,0,0,0,,0,
경남,남해군,상급종합병원,2019,0,0,0,,0,
경남,남해군,상급종합병원,2020,0,0,0,,0,
경남,남해군,상급종합병원,2021,0,0,0,,0,
경남,남해군,상급종합병원,2022,0,0,0,,0,
경남,남해군,상급종합병원,2023,0,0,0,,0,
경남,남해군,상급종합병원,2024,0,0,0,,0,
경남,남해군,상급종합병원,2025,0,0,0,,0,
경남,남해군,의원,2007,26,,4,0.15384615384615385,,
경남,남해군,의원,2008,26,0,3,0.11538461538461539,3,0.11538461538461539
경남,남해군,의원,2009,27,1,3,0.1111111111111111,4,0.14814814814814814
경남,남해군,의원,2010,25,-2,6,0.24,4,0.16
경남,남해군,의원,2011,25,0,2,0.08,2,0.08
경남,남해군,의원,2012,24,-1,1,0.041666666666666664,0,0.0
경남,남해군,의원,2013,24,0,1,0.041666666666666664,1,0.041666666666666664
경남,남해군,의원,2014,22,-2,1,0.045454545454545456,-1,-0.045454545454545456
경남,남해군,의원,2015,22,0,1,0.045454545454545456,1,0.045454545454545456
경남,남해군,의원,2016,23,1,0,0.0,1,0.043478260869565216
경남,남해군,의원,2017,24,1,2,0.08333333333333333,3,0.125
경남,남해군,의원,2018,24,0,0,0.0,0,0.0
경남,남해군,의원,2019,24,0,1,0.041666666666666664,1,0.041666666666666664
경남,남해군,의원,2020,23,-1,0,0.0,-1,-0.043478260869565216
경남,남해군,의원,2021,24,1,0,0.0,1,0.041666666666666664
경남,남해군,의원,2022,24,0,0,0.0,0,0.0
경남,남해군,의원,2023,23,-1,3,0.13043478260869565,2,0.08695652173913043
경남,남해군,의원,2024,21,-2,1,0.047619047619047616,-1,-0.047619047619047616
경남,남해군,의원,2025,20,-1,1,0.05,0,0.0
경남,남해군,종합병원,2007,0,,0,,,
경남,남해군,종합병원,2008,0,0,0,,0,
경남,남해군,종합병원,2009,0,0,0,,0,
경남,남해군,종합병원,2010,0,0,0,,0,
경남,남해군,종합병원,2011,0,0,0,,0,
경남,남해군,종합병원,2012,0,0,0,,0,
경남,남해군,종합병원,2013,0,0,0,,0,
경남,남해군,종합병원,2014,0,0,0,,0,
경남,남해군,종합병원,2015,0,0,0,,0,
경남,남해군,종합병원,2016,0,0,0,,0,
경남,남해군,종합병원,2017,0,0,0,,0,
경남,남해군,종합병원,2018,0,0,0,,0,
경남,남해군,종합병원,2019,0,0,0,,0,
경남,남해군,종합병원,2020,0,0,0,,0,
경남,남해군,종합병원,2021,0,0,0,,0,
경남,남해군,종합병원,2022,0,0,0,,0,
경남,남해군,종합병원,2023,0,0,0,,0,
경남,남해군,종합병원,2024,0,0,0,,0,
경남,남해군,종합병원,2025,0,0,0,,0,
경남,밀양시,병원,2007,3,,0,0.0,,
경남,밀양시,병원,2008,5,2,1,0.2,3,0.6
경남,밀양시,병원,2009,6,1,0,0.0,1,0.16666666666666666
경남,밀양시,병원,2010,6,0,1,0.16666666666666666,1,0.16666666666666666
경남,밀양시,병원,2011,4,-2,1,0.25,-1,-0.25
경남,밀양시,병원,2012,4,0,0,0.0,0,0.0
경남,밀양시,병원,2013,6,2,0,0.0,2,0.3333333333333333
경남,밀양시,병원,2014,6,0,0,0.0,0,0.0
경남,밀양시,병원,2015,6,0,0,0.0,0,0.0
경남,밀양시,병원,2016,7,1,0,0.0,1,0.14285714285714285
경남,밀양시,병원,2017,9,2,0,0.0,2,0.2222222222222222
경남,밀양시,병원,2018,9,0,0,0.0,0,0.0
경남,밀양시,병원,2019,9,0,2,0.2222222222222222,2,0.2222222222222222
경남,밀양시,병원,2020,8,-1,0,0.0,-1,-0.125
경남,밀양시,병원,2021,9,1,1,0.1111111111111111,2,0.2222222222222222
경남,밀양시,병원,2022,8,-1,0,0.0,-1,-0.125
경남,밀양시,병원,2023,7,-1,1,0.14285714285714285,0,0.0
경남,밀양시,병원,2024,7,0,0,0.0,0,0.0
경남,밀양시,병원,2025,7,0,0,0.0,0,0.0
경남,밀양시,상급종합병원,2007,0,,0,,,
경남,밀양시,상급종합병원,2008,0,0,0,,0,
경남,밀양시,상급종합병원,2009,0,0,0,,0,
경남,밀양시,상급종합병원,2010,0,0,0,,0,
경남,밀양시,상급종합병원,2011,0,0,0,,0,
경남,밀양시,상급종합병원,2012,0,0,0,,0,
경남,밀양시,상급종합병원,2013,0,0,0,,0,
경남,밀양시,상급종합병원,2014,0,0,0,,0,
경남,밀양시,상급종합병원,2015,0,0,0,,0,
경남,밀양시,상급종합병원,2016,0,0,0,,0,
경남,밀양시,상급종합병원,2017,0,0,0,,0,
경남,밀양시,상급종합병원,2018,0,0,0,,0,
경남,밀양시,상급종합병원,2019,0,0,0,,0,
경남,밀양시,상급종합병원,2020,0,0,0,,0,
경남,밀양시,상급종합병원,2021,0,0,0,,0,
경남,밀양시,상급종합병원,2022,0,0,0,,0,
경남,밀양시,상급종합병원,2023,0,0,0,,0,
경남,밀양시,상급종합병원,2024,0,0,0,,0,
경남,밀양시,상급종합병원,2025,0,0,0,,0,
경남,밀양시,의원,2007,48,,7,0.14583333333333334,,
경남,밀양시,의원,2008,46,-2,4,0.08695652173913043,2,0.043478260869565216
경남,밀양시,의원,2009,50,4,3,0.06,7,0.14
경남,밀양시,의원,2010,51,1,2,0.0392156862745098,3,0.058823529411764705
경남,밀양시,의원,2011,50,-1,4,0.08,3,0.06
경남,밀양시,의원,2012,50,0,4,0.08,4,0.08
경남,밀양시,의원,2013,49,-1,3,0.061224489795918366,2,0.04081632653061224
경남,밀양시,의원,2014,48,-1,3,0.0625,2,0.041666666666666664
경남,밀양시,의원,2015,46,-2,1,0.021739130434782608,-1,-0.021739130434782608
경남,밀양시,의원,2016,47,1,2,0.0425531914893617,3,0.06382978723404255
경남,밀양시,의원,2017,47,0,1,0.02127659574468085,1,0.02127659574468085
경남,밀양시,의원,2018,45,-2,1,0.022222222222222223,-1,-0.022222222222222223
경남,밀양시,의원,2019,45,0,0,0.0,0,0.0
경남,밀양시,의원,2020,45,0,3,0.06666666666666667,3,0.06666666666666667
경남,밀양시,의원,2021,45,0,1,0.022222222222222223,1,0.022222222222222223
경남,밀양시,의원,2022,46,1,2,0.043478260869565216,3,0.06521739130434782
경남,밀양시,의원,2023,46,0,1,0.021739130434782608,1,0.021739130434782608
경남,밀양시,의원,2024,45,-1,0,0.0,-1,-0.022222222222222223
경남,밀양시,의원,2025,45,0,0,0.0,0,0.0
경남,밀양시,종합병원,2007,1,,0,0.0,,
경남,밀양시,종합병원,2008,1,0,0,0.0,0,0.0
경남,밀양시,종합병원,2009,1,0,0,0.0,0,0.0
경남,밀양시,종합병원,2010,1,0,0,0.0,0,0.0
경남,밀양시,종합병원,2011,1,0,0,0.0,0,0.0
경남,밀양시,종합병원,2012,1,0,0,0.0,0,0.0
경남,밀양시,종합병원,2013,1,0,0,0.0,0,0.0
경남,밀양시,종합병원,2014,1,0,0,0.0,0,0.0
경남,밀양시,종합병원,2015,1,0,0,0.0,0,0.0
경남,밀양시,종합병원,2016,1,0,0,0.0,0,0.0
경남,밀양시,종합병원,2017,1,0,1,1.0,1,1.0
경남,밀양시,종합병원,2018,0,-1,0,,-1,
경남,밀양시,종합병원,2019,0,0,0,,0,
경남,밀양시,종합병원,2020,0,0,0,,0,
경남,밀양시,종합병원,2021,0,0,0,,0,
경남,밀양시,종합병원,2022,0,0,0,,0,
경남,밀양시,종합병원,2023,0,0,0,,0,
경남,밀양시,종합병원,2024,0,0,0,,0,
경남,밀양시,종합병원,2025,0,0,0,,0,
경남,사천시,병원,2007,7,,0,0.0,,
경남,사천시,병원,2008,7,0,0,0.0,0,0.0
경남,사천시,병원,2009,7,0,0,0.0,0,0.0
경남,사천시,병원,2010,8,1,0,0.0,1,0.125
경남,사천시,병원,2011,9,1,0,0.0,1,0.1111111111111111
경남,사천시,병원,2012,8,-1,2,0.25,1,0.125
경남,사천시,병원,2013,8,0,0,0.0,0,0.0
경남,사천시,병원,2014,9,1,0,0.0,1,0.1111111111111111
경남,사천시,병원,2015,9,0,0,0.0,0,0.0
경남,사천시,병원,2016,9,0,2,0.2222222222222222,2,0.2222222222222222
경남,사천시,병원,2017,6,-3,1,0.16666666666666666,-2,-0.3333333333333333
경남,사천시,병원,2018,5,-1,0,0.0,-1,-0.2
경남,사천시,병원,2019,5,0,0,0.0,0,0.0
경남,사천시,병원,2020,5,0,0,0.0,0,0.0
경남,사천시,병원,2021,5,0,2,0.4,2,0.4
경남,사천시,병원,2022,4,-1,0,0.0,-1,-0.25
경남,사천시,병원,2023,4,0,0,0.0,0,0.0
경남,사천시,병원,2024,4,0,0,0.0,0,0.0
경남,사천시,병원,2025,4,0,0,0.0,0,0.0
경남,사천시,상급종합병원,2007,0,,0,,,
경남,사천시,상급종합병원,2008,0,0,0,,0,
경남,사천시,상급종합병원,2009,0,0,0,,0,
경남,사천시,상급종합병원,2010,0,0,0,,0,
경남,사천시,상급종합병원,2011,0,0,0,,0,
경남,사천시,상급종합병원,2012,0,0,0,,0,
경남,사천시,상급종합병원,2013,0,0,0,,0,
경남,사천시,상급종합병원,2014,0,0,0,,0,
경남,사천시,상급종합병원,2015,0,0,0,,0,
경남,사천시,상급종합병원,2016,0,0,0,,0,
경남,사천시,상급종합병원,2017,0,0,0,,0,
경남,사천시,상급종합병원,2018,0,0,0,,0,
경남,사천시,상급종합병원,2019,0,0,0,,0,
경남,사천시,상급종합병원,2020,0,0,0,,0,
경남,사천시,상급종합병원,2021,0,0,0,,0,
경남,사천시,상급종합병원,2022,0,0,0,,0,
경남,사천시,상급종합병원,2023,0,0,0,,0,
경남,사천시,상급종합병원,2024,0,0,0,,0,
경남,사천시,상급종합병원,2025,0,0,0,,0,
경남,사천시,의원,2007,44,,3,0.06818181818181818,,
경남,사천시,의원,2008,49,5,6,0.12244897959183673,11,0.22448979591836735
경남,사천시,의원,2009,49,0,4,0.08163265306122448,4,0.08163265306122448
경남,사천시,의원,2010,52,3,6,0.11538461538461539,9,0.17307692307692307
경남,사천시,의원,2011,47,-5,4,0.0851063829787234,-1,-0.02127659574468085
경남,사천시,의원,2012,46,-1,3,0.06521739130434782,2,0.043478260869565216
경남,사천시,의원,2013,45,-1,2,0.044444444444444446,1,0.022222222222222223
경남,사천시,의원,2014,44,-1,5,0.11363636363636363,4,0.09090909090909091
경남,사천시,의원,2015,45,1,2,0.044444444444444446,3,0.06666666666666667
경남,사천시,의원,2016,44,-1,1,0.022727272727272728,0,0.0
경남,사천시,의원,2017,47,3,1,0.02127659574468085,4,0.0851063829787234
경남,사천시,의원,2018,50,3,1,0.02,4,0.08
경남,사천시,의원,2019,48,-2,1,0.020833333333333332,-1,-0.020833333333333332
경남,사천시,의원,2020,51,3,1,0.0196078431372549,4,0.0784313725490196
경남,사천시,의원,2021,51,0,0,0.0,0,0.0
경남,사천시,의원,2022,51,0,1,0.0196078431372549,1,0.0196078431372549
경남,사천시,의원,2023,50,-1,1,0.02,0,0.0
경남,사천시,의원,2024,47,-3,2,0.0425531914893617,-1,-0.02127659574468085
경남,사천시,의원,2025,46,-1,1,0.021739130434782608,0,0.0
경남,사천시,종합병원,2007,0,,0,,,
경남,사천시,종합병원,2008,0,0,0,,0,
경남,사천시,종합병원,2009,0,0,0,,0,
경남,사천시,종합병원,2010,0,0,0,,0,
경남,사천시,종합병원,2011,0,0,0,,0,
경남,사천시,종합병원,2012,0,0,0,,0,
경남,사천시,종합병원,2013,0,0,0,,0,
경남,사천시,종합병원,2014,0,0,0,,0,
경남,사천시,종합병원,2015,0,0,0,,0,
경남,사천시,종합병원,2016,0,0,0,,0,
경남,사천시,종합병원,2017,0,0,0,,0,
경남,사천시,종합병원,2018,0,0,0,,0,
경남,사천시,종합병원,2019,0,0,0,,0,
경남,사천시,종합병원,2020,0,0,0,,0,
경남,사천시,종합병원,2021,0,0,0,,0,
경남,사천시,종합병원,2022,0,0,0,,0,
경남,사천시,종합병원,2023,0,0,0,,0,
경남,사천시,종합병원,2024,0,0,0,,0,
경남,사천시,종합병원,2025,0,0,0,,0,
경남,산청군,병원,2007,0,,0,,,
경남,산청군,병원,2008,0,0,0,,0,
경남,산청군,병원,2009,0,0,0,,0,
경남,산청군,병원,2010,0,0,0,,0,
경남,산청군,병원,2011,0,0,0,,0,
경남,산청군,병원,2012,0,0,0,,0,
경남,산청군,병원,2013,0,0,0,,0,
경남,산청군,병원,2014,0,0,0,,0,
경남,산청군,병원,2015,0,0,0,,0,
경남,산청군,병원,2016,0,0,0,,0,
경남,산청군,병원,2017,0,0,0,,0,
경남,산청군,병원,2018,0,0,0,,0,
경남,산청군,병원,2019,0,0,0,,0,
경남,산청군,병원,2020,0,0,0,,0,
경남,산청군,병원,2021,0,0,0,,0,
경남,산청군,병원,2022,0,0,0,,0,
경남,산청군,병원,2023,0,0,0,,0,
경남,산청군,병원,2024,0,0,0,,0,
경남,산청군,병원,2025,0,0,0,,0,
경남,산청군,상급종합병원,2007,0,,0,,,
경남,산청군,상급종합병원,2008,0,0,0,,0,
경남,산청군,상급종합병원,2009,0,0,0,,0,
경남,산청군,상급종합병원,2010,0,0,0,,0,
경남,산청군,상급종합병원,2011,0,0,0,,0,
경남,산청군,상급종합병원,2012,0,0,0,,0,
경남,산청군,상급종합병원,2013,0,0,0,,0,
경남,산청군,상급종합병원,2014,0,0,0,,0,
경남,산청군,상급종합병원,2015,0,0,0,,0,
경남,산청군,상급종합병원,2016,0,0,0,,0,
경남,산청군,상급종합병원,2017,0,0,0,,0,
경남,산청군,상급종합병원,2018,0,0,0,,0,
경남,산청군,상급종합병원,2019,0,0,0,,0,
경남,산청군,상급종합병원,2020,0,0,0,,0,
경남,산청군,상급종합병원,2021,0,0,0,,0,
경남,산청군,상급종합병원,2022,0,0,0,,0,
경남,산청군,상급종합병원,2023,0,0,0,,0,
경남,산청군,상급종합병원,2024,0,0,0,,0,
경남,산청군,상급종합병원,2025,0,0,0,,0,
경남,산청군,의원,2007,12,,2,0.16666666666666666,,
경남,산청군,의원,2008,13,1,1,0.07692307692307693,2,0.15384615384615385
경남,산청군,의원,2009,13,0,4,0.3076923076923077,4,0.3076923076923077
경남,산청군,의원,2010,12,-1,1,0.08333333333333333,0,0.0
경남,산청군,의원,2011,13,1,4,0.3076923076923077,5,0.38461538461538464
경남,산청군,의원,2012,11,-2,2,0.18181818181818182,0,0.0
경남,산청군,의원,2013,11,0,2,0.18181818181818182,2,0.18181818181818182
경남,산청군,의원,2014,10,-1,0,0.0,-1,-0.1
경남,산청군,의원,2015,11,1,0,0.0,1,0.09090909090909091
경남,산청군,의원,2016,13,2,0,0.0,2,0.15384615384615385
경남,산청군,의원,2017,13,0,1,0.07692307692307693,1,0.07692307692307693
경남,산청군,의원,2018,13,0,0,0.0,0,0.0
경남,산청군,의원,2019,13,0,0,0.0,0,0.0
경남,산청군,의원,2020,13,0,1,0.07692307692307693,1,0.07692307692307693
경남,산청군,의원,2021,13,0,0,0.0,0,0.0
경남,산청군,의원,2022,13,0,0,0.0,0,0.0
경남,산청군,의원,2023,14,1,1,0.07142857142857142,2,0.14285714285714285
경남,산청군,의원,2024,15,1,0,0.0,1,0.06666666666666667
경남,산청군,의원,2025,15,0,1,0.06666666666666667,1,0.06666666666666667
경남,산청군,종합병원,2007,0,,0,,,
경남,산청군,종합병원,2008,0,0,0,,0,
경남,산청군,종합병원,2009,0,0,0,,0,
경남,산청군,종합병원,2010,0,0,0,,0,
경남,산청군,종합병원,2011,0,0,0,,0,
경남,산청군,종합병원,2012,0,0,0,,0,
경남,산청군,종합병원,2013,0,0,0,,0,
경남,산청군,종합병원,2014,0,0,0,,0,
경남,산청군,종합병원,2015,0,0,0,,0,
경남,산청군,종합병원,2016,0,0,0,,0,
경남,산청군,종합병원,2017,0,0,0,,0,
경남,산청군,종합병원,2018,0,0,0,,0,
경남,산청군,종합병원,2019,0,0,0,,0,
경남,산청군,종합병원,2020,0,0,0,,0,
경남,산청군,종합병원,2021,0,0,0,,0,
경남,산청군,종합병원,2022,0,0,0,,0,
경남,산청군,종합병원,2023,0,0,0,,0,
경남,산청군,종합병원,2024,0,0,0,,0,
경남,산청군,종합병원,2025,0,0,0,,0,
경남,양산시,병원,2007,9,,0,0.0,,
경남,양산시,병원,2008,10,1,0,0.0,1,0.1
경남,양산시,병원,2009,11,1,2,0.18181818181818182,3,0.2727272727272727
경남,양산시,병원,2010,10,-1,0,0.0,-1,-0.1
경남,양산시,병원,2011,9,-1,3,0.3333333333333333,2,0.2222222222222222
경남,양산시,병원,2012,7,-2,2,0.2857142857142857,0,0.0
경남,양산시,병원,2013,6,-1,2,0.3333333333333333,1,0.16666666666666666
경남,양산시,병원,2014,8,2,1,0.125,3,0.375
경남,양산시,병원,2015,7,-1,2,0.2857142857142857,1,0.14285714285714285
경남,양산시,병원,2016,8,1,2,0.25,3,0.375
경남,양산시,병원,2017,4,-4,1,0.25,-3,-0.75
경남,양산시,병원,2018,5,1,0,0.0,1,0.2
경남,양산시,병원,2019,10,5,0,0.0,5,0.5
경남,양산시,병원,2020,10,0,2,0.2,2,0.2
경남,양산시,병원,2021,9,-1,0,0.0,-1,-0.1111111111111111
경남,양산시,병원,2022,10,1,1,0.1,2,0.2
경남,양산시,병원,2023,10,0,1,0.1,1,0.1
경남,양산시,병원,2024,10,0,0,0.0,0,0.0
경남,양산시,병원,2025,11,1,0,0.0,1,0.09090909090909091
경남,양산시,상급종합병원,2007,0,,0,,,
경남,양산시,상급종합병원,2008,0,0,0,,0,
경남,양산시,상급종합병원,2009,0,0,0,,0,
경남,양산시,상급종합병원,2010,0,0,0,,0,
경남,양산시,상급종합병원,2011,0,0,0,,0,
경남,양산시,상급종합병원,2012,0,0,0,,0,
경남,양산시,상급종합병원,2013,0,0,0,,0,
경남,양산시,상급종합병원,2014,0,0,0,,0,
경남,양산시,상급종합병원,2015,1,1,0,0.0,1,1.0
경남,양산시,상급종합병원,2016,1,0,0,0.0,0,0.0
경남,양산시,상급종합병원,2017,1,0,0,0.0,0,0.0
경남,양산시,상급종합병원,2018,1,0,0,0.0,0,0.0
경남,양산시,상급종합병원,2019,1,0,0,0.0,0,0.0
경남,양산시,상급종합병원,2020,1,0,0,0.0,0,0.0
경남,양산시,상급종합병원,2021,1,0,0,0.0,0,0.0
경남,양산시,상급종합병원,2022,1,0,0,0.0,0,0.0
경남,양산시,상급종합병원,2023,1,0,0,0.0,0,0.0
경남,양산시,상급종합병원,2024,1,0,0,0.0,0,0.0
경남,양산시,상급종합병원,2025,1,0,0,0.0,0,0.0
경남,양산시,의원,2007,100,,9,0.09,,
경남,양산시,의원,2008,101,1,8,0.07920792079207921,9,0.0891089108910891
경남,양산시,의원,2009,103,2,5,0.04854368932038835,7,0.06796116504854369
경남,양산시,의원,2010,110,7,9,0.08181818181818182,16,0.14545454545454545
경남,양산시,의원,2011,112,2,5,0.044642857142857144,7,0.0625
경남,양산시,의원,2012,116,4,4,0.034482758620689655,8,0.06896551724137931
경남,양산시,의원,2013,122,6,6,0.04918032786885246,12,0.09836065573770492
경남,양산시,의원,2014,119,-3,6,0.05042016806722689,3,0.025210084033613446
경남,양산시,의원,2015,130,11,0,0.0,11,0.08461538461538462
경남,양산시,의원,2016,140,10,6,0.04285714285714286,16,0.11428571428571428
경남,양산시,의원,2017,157,17,3,0.01910828025477707,20,0.12738853503184713
경남,양산시,의원,2018,168,11,7,0.041666666666666664,18,0.10714285714285714
경남,양산시,의원,2019,174,6,7,0.040229885057471264,13,0.07471264367816093
경남,양산시,의원,2020,174,0,5,0.028735632183908046,5,0.028735632183908046
경남,양산시,의원,2021,179,5,8,0.0446927374301676,13,0.07262569832402235
경남,양산시,의원,2022,182,3,6,0.03296703296703297,9,0.04945054945054945
경남,양산시,의원,2023,189,7,9,0.047619047619047616,16,0.08465608465608465
경남,양산시,의원,2024,194,5,5,0.02577319587628866,10,0.05154639175257732
경남,양산시,의원,2025,196,2,9,0.04591836734693878,11,0.05612244897959184
경남,양산시,종합병원,2007,2,,0,0.0,,
경남,양산시,종합병원,2008,2,0,0,0.0,0,0.0
경남,양산시,종합병원,2009,3,1,0,0.0,1,0.3333333333333333
경남,양산시,종합병원,2010,3,0,0,0.0,0,0.0
경남,양산시,종합병원,2011,3,0,0,0.0,0,0.0
경남,양산시,종합병원,2012,3,0,0,0.0,0,0.0
경남,양산시,종합병원,2013,3,0,0,0.0,0,0.0
경남,양산시,종합병원,2014,2,-1,1,0.5,0,0.0
경남,양산시,종합병원,2015,2,0,0,0.0,0,0.0
경남,양산시,종합병원,2016,2,0,0,0.0,0,0.0
경남,양산시,종합병원,2017,2,0,0,0.0,0,0.0
경남,양산시,종합병원,2018,2,0,0,0.0,0,0.0
경남,양산시,종합병원,2019,2,0,0,0.0,0,0.0
경남,양산시,종합병원,2020,2,0,1,0.5,1,0.5
경남,양산시,종합병원,2021,2,0,0,0.0,0,0.0
경남,양산시,종합병원,2022,2,0,0,0.0,0,0.0
경남,양산시,종합병원,2023,2,0,0,0.0,0,0.0
경남,양산시,종합병원,2024,1,-1,1,1.0,0,0.0
경남,양산시,종합병원,2025,1,0,0,0.0,0,0.0
경남,의령군,병원,2007,2,,0,0.0,,
경남,의령군,병원,2008,2,0,1,0.5,1,0.5
경남,의령군,병원,2009,3,1,1,0.3333333333333333,2,0.6666666666666666
경남,의령군,병원,2010,2,-1,1,0.5,0,0.0
경남,의령군,병원,2011,1,-1,0,0.0,-1,-1.0
경남,의령군,병원,2012,1,0,0,0.0,0,0.0
경남,의령군,병원,2013,3,2,0,0.0,2,0.6666666666666666
경남,의령군,병원,2014,3,0,0,0.0,0,0.0
경남,의령군,병원,2015,2,-1,1,0.5,0,0.0
경남,의령군,병원,2016,2,0,0,0.0,0,0.0
경남,의령군,병원,2017,2,0,0,0.0,0,0.0
경남,의령군,병원,2018,2,0,0,0.0,0,0.0
경남,의령군,병원,2019,2,0,0,0.0,0,0.0
경남,의령군,병원,2020,2,0,0,0.0,0,0.0
경남,의령군,병원,2021,1,-1,1,1.0,0,0.0
경남,의령군,병원,2022,1,0,0,0.0,0,0.0
경남,의령군,병원,2023,1,0,0,0.0,0,0.0
경남,의령군,병원,2024,1,0,0,0.0,0,0.0
경남,의령군,병원,2025,1,0,0,0.0,0,0.0
경남,의령군,상급종합병원,2007,0,,0,,,
경남,의령군,상급종합병원,2008,0,0,0,,0,
경남,의령군,상급종합병원,2009,0,0,0,,0,
경남,의령군,상급종합병원,2010,0,0,0,,0,
경남,의령군,상급종합병원,2011,0,0,0,,0,
경남,의령군,상급종합병원,2012,0,0,0,,0,
경남,의령군,상급종합병원,2013,0,0,0,,0,
경남,의령군,상급종합병원,2014,0,0,0,,0,
경남,의령군,상급종합병원,2015,0,0,0,,0,
경남,의령군,상급종합병원,2016,0,0,0,,0,
경남,의령군,상급종합병원,2017,0,0,0,,0,
경남,의령군,상급종합병원,2018,0,0,0,,0,
경남,의령군,상급종합병원,2019,0,0,0,,0,
경남,의령군,상급종합병원,2020,0,0,0,,0,
경남,의령군,상급종합병원,2021,0,0,0,,0,
경남,의령군,상급종합병원,2022,0,0,0,,0,
경남,의령군,상급종합병원,2023,0,0,0,,0,
경남,의령군,상급종합병원,2024,0,0,0,,0,
경남,의령군,상급종합병원,2025,0,0,0,,0,
경남,의령군,의원,2007,10,,2,0.2,,
경남,의령군,의원,2008,12,2,1,0.08333333333333333,3,0.25
경남,의령군,의원,2009,13,1,0,0.0,1,0.07692307692307693
경남,의령군,의원,2010,12,-1,1,0.08333333333333333,0,0.0
경남,의령군,의원,2011,12,0,0,0.0,0,0.0
경남,의령군,의원,2012,11,-1,3,0.2727272727272727,2,0.18181818181818182
경남,의령군,의원,2013,11,0,0,0.0,0,0.0
경남,의령군,의원,2014,11,0,0,0.0,0,0.0
경남,의령군,의원,2015,10,-1,1,0.1,0,0.0
경남,의령군,의원,2016,10,0,0,0.0,0,0.0
경남,의령군,의원,2017,11,1,0,0.0,1,0.09090909090909091
경남,의령군,의원,2018,11,0,0,0.0,0,0.0
경남,의령군,의원,2019,11,0,1,0.09090909090909091,1,0.09090909090909091
경남,의령군,의원,2020,10,-1,1,0.1,0,0.0
경남,의령군,의원,2021,10,0,0,0.0,0,0.0
경남,의령군,의원,2022,10,0,2,0.2,2,0.2
경남,의령군,의원,2023,10,0,0,0.0,0,0.0
경남,의령군,의원,2024,11,1,1,0.09090909090909091,2,0.18181818181818182
경남,의령군,의원,2025,10,-1,1,0.1,0,0.0
경남,의령군,종합병원,2007,0,,0,,,
경남,의령군,종합병원,2008,0,0,0,,0,
경남,의령군,종합병원,2009,0,0,0,,0,
경남,의령군,종합병원,2010,0,0,0,,0,
경남,의령군,종합병원,2011,0,0,0,,0,
경남,의령군,종합병원,2012,0,0,0,,0,
경남,의령군,종합병원,2013,0,0,0,,0,
경남,의령군,종합병원,2014,0,0,0,,0,
경남,의령군,종합병원,2015,0,0,0,,0,
경남,의령군,종합병원,2016,0,0,0,,0,
경남,의령군,종합병원,2017,0,0,0,,0,
경남,의령군,종합병원,2018,0,0,0,,0,
경남,의령군,종합병원,2019,0,0,0,,0,
경남,의령군,종합병원,2020,0,0,0,,0,
경남,의령군,종합병원,2021,0,0,0,,0,
경남,의령군,종합병원,2022,0,0,0,,0,
경남,의령군,종합병원,2023,0,0,0,,0,
경남,의령군,종합병원,2024,0,0,0,,0,
경남,의령군,종합병원,2025,0,0,0,,0,
경남,진주시,병원,2007,13,,2,0.15384615384615385,,
경남,진주시,병원,2008,15,2,3,0.2,5,0.3333333333333333
경남,진주시,병원,2009,13,-2,0,0.0,-2,-0.15384615384615385
경남,진주시,병원,2010,14,1,0,0.0,1,0.07142857142857142
경남,진주시,병원,2011,16,2,2,0.125,4,0.25
경남,진주시,병원,2012,15,-1,2,0.13333333333333333,1,0.06666666666666667
경남,진주시,병원,2013,14,-1,3,0.21428571428571427,2,0.14285714285714285
경남,진주시,병원,2014,12,-2,1,0.08333333333333333,-1,-0.08333333333333333
경남,진주시,병원,2015,13,1,0,0.0,1,0.07692307692307693
경남,진주시,병원,2016,13,0,1,0.07692307692307693,1,0.07692307692307693
경남,진주시,병원,2017,12,-1,0,0.0,-1,-0.08333333333333333
경남,진주시,병원,2018,13,1,0,0.0,1,0.07692307692307693
경남,진주시,병원,2019,13,0,2,0.15384615384615385,2,0.15384615384615385
경남,진주시,병원,2020,13,0,0,0.0,0,0.0
경남,진주시,병원,2021,14,1,1,0.07142857142857142,2,0.14285714285714285
경남,진주시,병원,2022,14,0,0,0.0,0,0.0
경남,진주시,병원,2023,14,0,0,0.0,0,0.0
경남,진주시,병원,2024,14,0,2,0.14285714285714285,2,0.14285714285714285
경남,진주시,병원,2025,14,0,1,0.07142857142857142,1,0.07142857142857142
경남,진주시,상급종합병원,2007,1,,0,0.0,,
경남,진주시,상급종합병원,2008,1,0,0,0.0,0,0.0
경남,진주시,상급종합병원,2009,1,0,0,0.0,0,0.0
경남,진주시,상급종합병원,2010,1,0,0,0.0,0,0.0
경남,진주시,상급종합병원,2011,1,0,0,0.0,0,0.0
경남,진주시,상급종합병원,2012,1,0,0,0.0,0,0.0
경남,진주시,상급종합병원,2013,1,0,0,0.0,0,0.0
경남,진주시,상급종합병원,2014,1,0,0,0.0,0,0.0
경남,진주시,상급종합병원,2015,1,0,0,0.0,0,0.0
경남,진주시,상급종합병원,2016,1,0,0,0.0,0,0.0
경남,진주시,상급종합병원,2017,1,0,0,0.0,0,0.0
경남,진주시,상급종합병원,2018,1,0,0,0.0,0,0.0
경남,진주시,상급종합병원,2019,1,0,0,0.0,0,0.0
경남,진주시,상급종합병원,2020,1,0,0,0.0,0,0.0
경남,진주시,상급종합병원,2021,1,0,0,0.0,0,0.0
경남,진주시,상급종합병원,2022,1,0,0,0.0,0,0.0
경남,진주시,상급종합병원,2023,1,0,0,0.0,0,0.0
경남,진주시,상급종합병원,2024,1,0,0,0.0,0,0.0
경남,진주시,상급종합병원,2025,1,0,0,0.0,0,0.0
경남,진주시,의원,2007,152,,12,0.07894736842105263,,
경남,진주시,의원,2008,149,-3,3,0.020134228187919462,0,0.0
경남,진주시,의원,2009,152,3,4,0.02631578947368421,7,0.046052631578947366
경남,진주시,의원,2010,155,3,6,0.03870967741935484,9,0.05806451612903226
경남,진주시,의원,2011,153,-2,10,0.06535947712418301,8,0.05228758169934641
경남,진주시,의원,2012,153,0,2,0.013071895424836602,2,0.013071895424836602
경남,진주시,의원,2013,160,7,4,0.025,11,0.06875
경남,진주시,의원,2014,164,4,7,0.042682926829268296,11,0.06707317073170732
경남,진주시,의원,2015,166,2,2,0.012048192771084338,4,0.024096385542168676
경남,진주시,의원,2016,175,9,2,0.011428571428571429,11,0.06285714285714286
경남,진주시,의원,2017,179,4,3,0.01675977653631285,7,0.03910614525139665
경남,진주시,의원,2018,188,9,4,0.02127659574468085,13,0.06914893617021277
경남,진주시,의원,2019,191,3,6,0.031413612565445025,9,0.04712041884816754
경남,진주시,의원,2020,194,3,3,0.015463917525773196,6,0.030927835051546393
경남,진주시,의원,2021,205,11,2,0.00975609756097561,13,0.06341463414634146
경남,진주시,의원,2022,211,6,5,0.023696682464454975,11,0.052132701421800945
경남,진주시,의원,2023,208,-3,7,0.03365384615384615,4,0.019230769230769232
경남,진주시,의원,2024,211,3,6,0.02843601895734597,9,0.04265402843601896
경남,진주시,의원,2025,217,6,6,0.027649769585253458,12,0.055299539170506916
경남,진주시,종합병원,2007,2,,0,0.0,,
경남,진주시,종합병원,2008,2,0,0,0.0,0,0.0
경남,진주시,종합병원,2009,3,1,0,0.0,1,0.3333333333333333
경남,진주시,종합병원,2010,3,0,0,0.0,0,0.0
경남,진주시,종합병원,2011,3,0,0,0.0,0,0.0
경남,진주시,종합병원,2012,3,0,1,0.3333333333333333,1,0.3333333333333333
경남,진주시,종합병원,2013,3,0,1,0.3333333333333333,1,0.3333333333333333
경남,진주시,종합병원,2014,2,-1,0,0.0,-1,-0.5
경남,진주시,종합병원,2015,2,0,0,0.0,0,0.0
경남,진주시,종합병원,2016,2,0,0,0.0,0,0.0
경남,진주시,종합병원,2017,2,0,1,0.5,1,0.5
경남,진주시,종합병원,2018,2,0,0,0.0,0,0.0
경남,진주시,종합병원,2019,3,1,0,0.0,1,0.3333333333333333
경남,진주시,종합병원,2020,3,0,0,0.0,0,0.0
경남,진주시,종합병원,2021,3,0,0,0.0,0,0.0
경남,진주시,종합병원,2022,3,0,0,0.0,0,0.0
경남,진주시,종합병원,2023,3,0,0,0.0,0,0.0
경남,진주시,종합병원,2024,3,0,1,0.3333333333333333,1,0.3333333333333333
경남,진주시,종합병원,2025,3,0,0,0.0,0,0.0
경남,창녕군,병원,2007,5,,2,0.4,,
경남,창녕군,병원,2008,5,0,1,0.2,1,0.2
경남,창녕군,병원,2009,4,-1,1,0.25,0,0.0
경남,창녕군,병원,2010,3,-1,0,0.0,-1,-0.3333333333333333
경남,창녕군,병원,2011,4,1,0,0.0,1,0.25
경남,창녕군,병원,2012,4,0,0,0.0,0,0.0
경남,창녕군,병원,2013,4,0,0,0.0,0,0.0
경남,창녕군,병원,2014,4,0,0,0.0,0,0.0
경남,창녕군,병원,2015,4,0,0,0.0,0,0.0
경남,창녕군,병원,2016,4,0,0,0.0,0,0.0
경남,창녕군,병원,2017,4,0,0,0.0,0,0.0
경남,창녕군,병원,2018,4,0,0,0.0,0,0.0
경남,창녕군,병원,2019,4,0,0,0.0,0,0.0
경남,창녕군,병원,2020,4,0,0,0.0,0,0.0
경남,창녕군,병원,2021,4,0,2,0.5,2,0.5
경남,창녕군,병원,2022,2,-2,0,0.0,-2,-1.0
경남,창녕군,병원,2023,2,0,0,0.0,0,0.0
경남,창녕군,병원,2024,2,0,0,0.0,0,0.0
경남,창녕군,병원,2025,2,0,0,0.0,0,0.0
경남,창녕군,상급종합병원,2007,0,,0,,,
경남,창녕군,상급종합병원,2008,0,0,0,,0,
경남,창녕군,상급종합병원,2009,0,0,0,,0,
경남,창녕군,상급종합병원,2010,0,0,0,,0,
경남,창녕군,상급종합병원,2011,0,0,0,,0,
경남,창녕군,상급종합병원,2012,0,0,0,,0,
경남,창녕군,상급종합병원,2013,0,0,0,,0,
경남,창녕군,상급종합병원,2014,0,0,0,,0,
경남,창녕군,상급종합병원,2015,0,0,0,,0,
경남,창녕군,상급종합병원,2016,0,0,0,,0,
경남,창녕군,상급종합병원,2017,0,0,0,,0,
경남,창녕군,상급종합병원,2018,0,0,0,,0,
경남,창녕군,상급종합병원,2019,0,0,0,,0,
경남,창녕군,상급종합병원,2020,0,0,0,,0,
경남,창녕군,상급종합병원,2021,0,0,0,,0,
경남,창녕군,상급종합병원,2022,0,0,0,,0,
경남,창녕군,상급종합병원,2023,0,0,0,,0,
경남,창녕군,상급종합병원,2024,0,0,0,,0,
경남,창녕군,상급종합병원,2025,0,0,0,,0,
경남,창녕군,의원,2007,25,,1,0.04,,
경남,창녕군,의원,2008,29,4,5,0.1724137931034483,9,0.3103448275862069
경남,창녕군,의원,2009,28,-1,2,0.07142857142857142,1,0.03571428571428571
경남,창녕군,의원,2010,27,-1,4,0.14814814814814814,3,0.1111111111111111
경남,창녕군,의원,2011,26,-1,3,0.11538461538461539,2,0.07692307692307693
경남,창녕군,의원,2012,25,-1,3,0.12,2,0.08
경남,창녕군,의원,2013,26,1,2,0.07692307692307693,3,0.11538461538461539
경남,창녕군,의원,2014,26,0,0,0.0,0,0.0
경남,창녕군,의원,2015,26,0,5,0.19230769230769232,5,0.19230769230769232
경남,창녕군,의원,2016,26,0,1,0.038461538461538464,1,0.038461538461538464
경남,창녕군,의원,2017,27,1,4,0.14814814814814814,5,0.18518518518518517
경남,창녕군,의원,2018,29,2,1,0.034482758620689655,3,0.10344827586206896
경남,창녕군,의원,2019,28,-1,1,0.03571428571428571,0,0.0
경남,창녕군,의원,2020,29,1,1,0.034482758620689655,2,0.06896551724137931
경남,창녕군,의원,2021,32,3,1,0.03125,4,0.125
경남,창녕군,의원,2022,32,0,1,0.03125,1,0.03125
경남,창녕군,의원,2023,31,-1,2,0.06451612903225806,1,0.03225806451612903
경남,창녕군,의원,2024,28,-3,2,0.07142857142857142,-1,-0.03571428571428571
경남,창녕군,의원,2025,28,0,0,0.0,0,0.0
경남,창녕군,종합병원,2007,0,,0,,,
경남,창녕군,종합병원,2008,0,0,0,,0,
경남,창녕군,종합병원,2009,0,0,0,,0,
경남,창녕군,종합병원,2010,0,0,0,,0,
경남,창녕군,종합병원,2011,0,0,0,,0,
경남,창녕군,종합병원,2012,0,0,0,,0,
경남,창녕군,종합병원,2013,0,0,0,,0,
경남,창녕군,종합병원,2014,0,0,0,,0,
경남,창녕군,종합병원,2015,0,0,0,,0,
경남,창녕군,종합병원,2016,0,0,0,,0,
경남,창녕군,종합병원,2017,0,0,0,,0,
경남,창녕군,종합병원,2018,0,0,0,,0,
경남,창녕군,종합병원,2019,0,0,0,,0,
경남,창녕군,종합병원,2020,0,0,0,,0,
경남,창녕군,종합병원,2021,0,0,0,,0,
경남,창녕군,종합병원,2022,0,0,0,,0,
경남,창녕군,종합병원,2023,0,0,0,,0,
경남,창녕군,종합병원,2024,0,0,0,,0,
경남,창녕군,종합병원,2025,0,0,0,,0,
경남,창원시,병원,2007,26,,1,0.038461538461538464,,
경남,창원시,병원,2008,32,6,3,0.09375,9,0.28125
경남,창원시,병원,2009,41,9,7,0.17073170731707318,16,0.3902439024390244
경남,창원시,병원,2010,45,4,4,0.08888888888888889,8,0.17777777777777778
경남,창원시,병원,2011,45,0,9,0.2,9,0.2
경남,창원시,병원,2012,43,-2,3,0.06976744186046512,1,0.023255813953488372
경남,창원시,병원,2013,45,2,3,0.06666666666666667,5,0.1111111111111111
경남,창원시,병원,2014,44,-1,3,0.06818181818181818,2,0.045454545454545456
경남,창원시,병원,2015,45,1,4,0.08888888888888889,5,0.1111111111111111
경남,창원시,병원,2016,44,-1,4,0.09090909090909091,3,0.06818181818181818
경남,창원시,병원,2017,40,-4,2,0.05,-2,-0.05
경남,창원시,병원,2018,39,-1,1,0.02564102564102564,0,0.0
경남,창원시,병원,2019,39,0,0,0.0,0,0.0
경남,창원시,병원,2020,42,3,1,0.023809523809523808,4,0.09523809523809523
경남,창원시,병원,2021,44,2,5,0.11363636363636363,7,0.1590909090909091
경남,창원시,병원,2022,44,0,0,0.0,0,0.0
경남,창원시,병원,2023,44,0,3,0.06818181818181818,3,0.06818181818181818
경남,창원시,병원,2024,48,4,2,0.041666666666666664,6,0.125
경남,창원시,병원,2025,47,-1,2,0.0425531914893617,1,0.02127659574468085
경남,창원시,상급종합병원,2007,0,,0,,,
경남,창원시,상급종합병원,2008,0,0,0,,0,
경남,창원시,상급종합병원,2009,0,0,0,,0,
경남,창원시,상급종합병원,2010,0,0,0,,0,
경남,창원시,상급종합병원,2011,0,0,0,,0,
경남,창원시,상급종합병원,2012,0,0,0,,0,
경남,창원시,상급종합병원,2013,0,0,0,,0,
경남,창원시,상급종합병원,2014,0,0,0,,0,
경남,창원시,상급종합병원,2015,0,0,0,,0,
경남,창원시,상급종합병원,2016,0,0,0,,0,
경남,창원시,상급종합병원,2017,0,0,0,,0,
경남,창원시,상급종합병원,2018,0,0,0,,0,
경남,창원시,상급종합병원,2019,0,0,0,,0,
경남,창원시,상급종합병원,2020,0,0,0,,0,
경남,창원시,상급종합병원,2021,1,1,0,0.0,1,1.0
경남,창원시,상급종합병원,2022,1,0,0,0.0,0,0.0
경남,창원시,상급종합병원,2023,1,0,0,0.0,0,0.0
경남,창원시,상급종합병원,2024,1,0,0,0.0,0,0.0
경남,창원시,상급종합병원,2025,1,0,0,0.0,0,0.0
경남,창원시,의원,2007,517,,32,0.061895551257253385,,
경남,창원시,의원,2008,516,-1,21,0.040697674418604654,20,0.03875968992248062
경남,창원시,의원,2009,518,2,24,0.04633204633204633,26,0.05019305019305019
경남,창원시,의원,2010,528,10,19,0.03598484848484849,29,0.054924242424242424
경남,창원시,의원,2011,522,-6,18,0.034482758620689655,12,0.022988505747126436
경남,창원시,의원,2012,522,0,19,0.03639846743295019,19,0.03639846743295019
경남,창원시,의원,2013,526,4,22,0.04182509505703422,26,0.049429657794676805
경남,창원시,의원,2014,530,4,15,0.02830188679245283,19,0.035849056603773584
경남,창원시,의원,2015,530,0,12,0.022641509433962263,12,0.022641509433962263
경남,창원시,의원,2016,540,10,17,0.03148148148148148,27,0.05
경남,창원시,의원,2017,550,10,15,0.02727272727272727,25,0.045454545454545456
경남,창원시,의원,2018,554,4,14,0.02527075812274368,18,0.032490974729241874
경남,창원시,의원,2019,564,10,13,0.02304964539007092,23,0.040780141843971635
경남,창원시,의원,2020,578,14,12,0.020761245674740483,26,0.04498269896193772
경남,창원시,의원,2021,578,0,19,0.0328719723183391,19,0.0328719723183391
경남,창원시,의원,2022,583,5,15,0.025728987993138937,20,0.03430531732418525
경남,창원시,의원,2023,591,8,17,0.028764805414551606,25,0.04230118443316413
경남,창원시,의원,2024,592,1,26,0.04391891891891892,27,0.04560810810810811
경남,창원시,의원,2025,600,8,12,0.02,20,0.03333333333333333
경남,창원시,종합병원,2007,11,,1,0.09090909090909091,,
경남,창원시,종합병원,2008,10,-1,0,0.0,-1,-0.1
경남,창원시,종합병원,2009,10,0,0,0.0,0,0.0
경남,창원시,종합병원,2010,10,0,2,0.2,2,0.2
경남,창원시,종합병원,2011,10,0,0,0.0,0,0.0
경남,창원시,종합병원,2012,10,0,0,0.0,0,0.0
경남,창원시,종합병원,2013,10,0,1,0.1,1,0.1
경남,창원시,종합병원,2014,10,0,0,0.0,0,0.0
경남,창원시,종합병원,2015,10,0,0,0.0,0,0.0
경남,창원시,종합병원,2016,11,1,0,0.0,1,0.09090909090909091
경남,창원시,종합병원,2017,11,0,0,0.0,0,0.0
경남,창원시,종합병원,2018,11,0,0,0.0,0,0.0
경남,창원시,종합병원,2019,11,0,0,0.0,0,0.0
경남,창원시,종합병원,2020,10,-1,1,0.1,0,0.0
경남,창원시,종합병원,2021,9,-1,0,0.0,-1,-0.1111111111111111
경남,창원시,종합병원,2022,9,0,0,0.0,0,0.0
경남,창원시,종합병원,2023,9,0,0,0.0,0,0.0
경남,창원시,종합병원,2024,9,0,0,0.0,0,0.0
경남,창원시,종합병원,2025,9,0,0,0.0,0,0.0
경남,통영시,병원,2007,4,,1,0.25,,
경남,통영시,병원,2008,4,0,0,0.0,0,0.0
경남,통영시,병원,2009,6,2,1,0.16666666666666666,3,0.5
경남,통영시,병원,2010,6,0,1,0.16666666666666666,1,0.16666666666666666
경남,통영시,병원,2011,8,2,0,0.0,2,0.25
경남,통영시,병원,2012,8,0,1,0.125,1,0.125
경남,통영시,병원,2013,9,1,0,0.0,1,0.1111111111111111
경남,통영시,병원,2014,9,0,1,0.1111111111111111,1,0.1111111111111111
경남,통영시,병원,2015,9,0,1,0.1111111111111111,1,0.1111111111111111
경남,통영시,병원,2016,9,0,1,0.1111111111111111,1,0.1111111111111111
경남,통영시,병원,2017,7,-2,1,0.14285714285714285,-1,-0.14285714285714285
경남,통영시,병원,2018,7,0,1,0.14285714285714285,1,0.14285714285714285
경남,통영시,병원,2019,6,-1,1,0.16666666666666666,0,0.0
경남,통영시,병원,2020,7,1,0,0.0,1,0.14285714285714285
경남,통영시,병원,2021,7,0,1,0.14285714285714285,1,0.14285714285714285
경남,통영시,병원,2022,6,-1,1,0.16666666666666666,0,0.0
경남,통영시,병원,2023,5,-1,1,0.2,0,0.0
경남,통영시,병원,2024,5,0,0,0.0,0,0.0
경남,통영시,병원,2025,5,0,0,0.0,0,0.0
경남,통영시,상급종합병원,2007,0,,0,,,
경남,통영시,상급종합병원,2008,0,0,0,,0,
경남,통영시,상급종합병원,2009,0,0,0,,0,
경남,통영시,상급종합병원,2010,0,0,0,,0,
경남,통영시,상급종합병원,2011,0,0,0,,0,
경남,통영시,상급종합병원,2012,0,0,0,,0,
경남,통영시,상급종합병원,2013,0,0,0,,0,
경남,통영시,상급종합병원,2014,0,0,0,,0,
경남,통영시,상급종합병원,2015,0,0,0,,0,
경남,통영시,상급종합병원,2016,0,0,0,,0,
경남,통영시,상급종합병원,2017,0,0,0,,0,
경남,통영시,상급종합병원,2018,0,0,0,,0,
경남,통영시,상급종합병원,2019,0,0,0,,0,
경남,통영시,상급종합병원,2020,0,0,0,,0,
경남,통영시,상급종합병원,2021,0,0,0,,0,
경남,통영시,상급종합병원,2022,0,0,0,,0,
경남,통영시,상급종합병원,2023,0,0,0,,0,
경남,통영시,상급종합병원,2024,0,0,0,,0,
경남,통영시,상급종합병원,2025,0,0,0,,0,
경남,통영시,의원,2007,65,,4,0.06153846153846154,,
경남,통영시,의원,2008,63,-2,2,0.031746031746031744,0,0.0
경남,통영시,의원,2009,65,2,1,0.015384615384615385,3,0.046153846153846156
경남,통영시,의원,2010,69,4,4,0.057971014492753624,8,0.11594202898550725
경남,통영시,의원,2011,78,9,8,0.10256410256410256,17,0.21794871794871795
경남,통영시,의원,2012,78,0,2,0.02564102564102564,2,0.02564102564102564
경남,통영시,의원,2013,76,-2,6,0.07894736842105263,4,0.05263157894736842
경남,통영시,의원,2014,77,1,4,0.05194805194805195,5,0.06493506493506493
경남,통영시,의원,2015,77,0,4,0.05194805194805195,4,0.05194805194805195
경남,통영시,의원,2016,76,-1,2,0.02631578947368421,1,0.013157894736842105
경남,통영시,의원,2017,77,1,4,0.05194805194805195,5,0.06493506493506493
경남,통영시,의원,2018,76,-1,3,0.039473684210526314,2,0.02631578947368421
경남,통영시,의원,2019,76,0,1,0.013157894736842105,1,0.013157894736842105
경남,통영시,의원,2020,78,2,4,0.05128205128205128,6,0.07692307692307693
경남,통영시,의원,2021,75,-3,2,0.02666666666666667,-1,-0.013333333333333334
경남,통영시,의원,2022,76,1,4,0.05263157894736842,5,0.06578947368421052
경남,통영시,의원,2023,74,-2,0,0.0,-2,-0.02702702702702703
경남,통영시,의원,2024,73,-1,1,0.0136986301369863,0,0.0
경남,통영시,의원,2025,72,-1,1,0.013888888888888888,0,0.0
경남,통영시,종합병원,2007,0,,0,,,
경남,통영시,종합병원,2008,0,0,0,,0,
경남,통영시,종합병원,2009,0,0,0,,0,
경남,통영시,종합병원,2010,0,0,0,,0,
경남,통영시,종합병원,2011,0,0,0,,0,
경남,통영시,종합병원,2012,0,0,0,,0,
경남,통영시,종합병원,2013,0,0,0,,0,
경남,통영시,종합병원,2014,0,0,0,,0,
경남,통영시,종합병원,2015,0,0,0,,0,
경남,통영시,종합병원,2016,0,0,0,,0,
경남,통영시,종합병원,2017,0,0,0,,0,
경남,통영시,종합병원,2018,0,0,0,,0,
경남,통영시,종합병원,2019,0,0,0,,0,
경남,통영시,종합병원,2020,0,0,0,,0,
경남,통영시,종합병원,2021,0,0,0,,0,
경남,통영시,종합병원,2022,1,1,0,0.0,1,1.0
경남,통영시,종합병원,2023,1,0,0,0.0,0,0.0
경남,통영시,종합병원,2024,1,0,0,0.0,0,0.0
경남,통영시,종합병원,2025,1,0,0,0.0,0,0.0
경남,하동군,병원,2007,2,,0,0.0,,
경남,하동군,병원,2008,2,0,0,0.0,0,0.0
경남,하동군,병원,2009,2,0,0,0.0,0,0.0
경남,하동군,병원,2010,2,0,0,0.0,0,0.0
경남,하동군,병원,2011,2,0,0,0.0,0,0.0
경남,하동군,병원,2012,2,0,0,0.0,0,0.0
경남,하동군,병원,2013,2,0,0,0.0,0,0.0
경남,하동군,병원,2014,2,0,0,0.0,0,0.0
경남,하동군,병원,2015,2,0,0,0.0,0,0.0
경남,하동군,병원,2016,2,0,0,0.0,0,0.0
경남,하동군,병원,2017,2,0,0,0.0,0,0.0
경남,하동군,병원,2018,2,0,0,0.0,0,0.0
경남,하동군,병원,2019,3,1,0,0.0,1,0.3333333333333333
경남,하동군,병원,2020,3,0,0,0.0,0,0.0
경남,하동군,병원,2021,3,0,1,0.3333333333333333,1,0.3333333333333333
경남,하동군,병원,2022,0,-3,2,,-1,
경남,하동군,병원,2023,0,0,0,,0,
경남,하동군,병원,2024,0,0,0,,0,
경남,하동군,병원,2025,1,1,1,1.0,2,2.0
경남,하동군,상급종합병원,2007,0,,0,,,
경남,하동군,상급종합병원,2008,0,0,0,,0,
경남,하동군,상급종합병원,2009,0,0,0,,0,
경남,하동군,상급종합병원,2010,0,0,0,,0,
경남,하동군,상급종합병원,2011,0,0,0,,0,
경남,하동군,상급종합병원,2012,0,0,0,,0,
경남,하동군,상급종합병원,2013,0,0,0,,0,
경남,하동군,상급종합병원,2014,0,0,0,,0,
경남,하동군,상급종합병원,2015,0,0,0,,0,
경남,하동군,상급종합병원,2016,0,0,0,,0,
경남,하동군,상급종합병원,2017,0,0,0,,0,
경남,하동군,상급종합병원,2018,0,0,0,,0,
경남,하동군,상급종합병원,2019,0,0,0,,0,
경남,하동군,상급종합병원,2020,0,0,0,,0,
경남,하동군,상급종합병원,2021,0,0,0,,0,
경남,하동군,상급종합병원,2022,0,0,0,,0,
경남,하동군,상급종합병원,2023,0,0,0,,0,
경남,하동군,상급종합병원,2024,0,0,0,,0,
경남,하동군,상급종합병원,2025,0,0,0,,0,
경남,하동군,의원,2007,18,,0,0.0,,
경남,하동군,의원,2008,19,1,2,0.10526315789473684,3,0.15789473684210525
경남,하동군,의원,2009,19,0,1,0.05263157894736842,1,0.05263157894736842
경남,하동군,의원,2010,20,1,2,0.1,3,0.15
경남,하동군,의원,2011,21,1,1,0.047619047619047616,2,0.09523809523809523
경남,하동군,의원,2012,22,1,1,0.045454545454545456,2,0.09090909090909091
경남,하동군,의원,2013,20,-2,1,0.05,-1,-0.05
경남,하동군,의원,2014,20,0,0,0.0,0,0.0
경남,하동군,의원,2015,20,0,0,0.0,0,0.0
경남,하동군,의원,2016,21,1,1,0.047619047619047616,2,0.09523809523809523
경남,하동군,의원,2017,21,0,1,0.047619047619047616,1,0.047619047619047616
경남,하동군,의원,2018,21,0,0,0.0,0,0.0
경남,하동군,의원,2019,20,-1,2,0.1,1,0.05
경남,하동군,의원,2020,20,0,1,0.05,1,0.05
경남,하동군,의원,2021,20,0,2,0.1,2,0.1
경남,하동군,의원,2022,20,0,1,0.05,1,0.05
경남,하동군,의원,2023,18,-2,1,0.05555555555555555,-1,-0.05555555555555555
경남,하동군,의원,2024,19,1,0,0.0,1,0.05263157894736842
경남,하동군,의원,2025,19,0,1,0.05263157894736842,1,0.05263157894736842
경남,하동군,종합병원,2007,0,,0,,,
경남,하동군,종합병원,2008,0,0,0,,0,
경남,하동군,종합병원,2009,0,0,0,,0,
경남,하동군,종합병원,2010,0,0,0,,0,
경남,하동군,종합병원,2011,0,0,0,,0,
경남,하동군,종합병원,2012,0,0,0,,0,
경남,하동군,종합병원,2013,0,0,0,,0,
경남,하동군,종합병원,2014,0,0,0,,0,
경남,하동군,종합병원,2015,0,0,0,,0,
경남,하동군,종합병원,2016,0,0,0,,0,
경남,하동군,종합병원,2017,0,0,0,,0,
경남,하동군,종합병원,2018,0,0,0,,0,
경남,하동군,종합병원,2019,0,0,0,,0,
경남,하동군,종합병원,2020,0,0,0,,0,
경남,하동군,종합병원,2021,0,0,0,,0,
경남,하동군,종합병원,2022,0,0,0,,0,
경남,하동군,종합병원,2023,0,0,0,,0,
경남,하동군,종합병원,2024,0,0,0,,0,
경남,하동군,종합병원,2025,0,0,0,,0,
경남,함안군,병원,2007,2,,0,0.0,,
경남,함안군,병원,2008,3,1,0,0.0,1,0.3333333333333333
경남,함안군,병원,2009,3,0,1,0.3333333333333333,1,0.3333333333333333
경남,함안군,병원,2010,3,0,0,0.0,0,0.0
경남,함안군,병원,2011,3,0,1,0.3333333333333333,1,0.3333333333333333
경남,함안군,병원,2012,3,0,2,0.6666666666666666,2,0.6666666666666666
경남,함안군,병원,2013,3,0,0,0.0,0,0.0
경남,함안군,병원,2014,3,0,0,0.0,0,0.0
경남,함안군,병원,2015,3,0,0,0.0,0,0.0
경남,함안군,병원,2016,3,0,0,0.0,0,0.0
경남,함안군,병원,2017,3,0,0,0.0,0,0.0
경남,함안군,병원,2018,3,0,0,0.0,0,0.0
경남,함안군,병원,2019,3,0,0,0.0,0,0.0
경남,함안군,병원,2020,4,1,1,0.25,2,0.5
경남,함안군,병원,2021,4,0,1,0.25,1,0.25
경남,함안군,병원,2022,3,-1,0,0.0,-1,-0.3333333333333333
경남,함안군,병원,2023,3,0,1,0.3333333333333333,1,0.3333333333333333
경남,함안군,병원,2024,2,-1,0,0.0,-1,-0.5
경남,함안군,병원,2025,2,0,0,0.0,0,0.0
경남,함안군,상급종합병원,2007,0,,0,,,
경남,함안군,상급종합병원,2008,0,0,0,,0,
경남,함안군,상급종합병원,2009,0,0,0,,0,
경남,함안군,상급종합병원,2010,0,0,0,,0,
경남,함안군,상급종합병원,2011,0,0,0,,0,
경남,함안군,상급종합병원,2012,0,0,0,,0,
경남,함안군,상급종합병원,2013,0,0,0,,0,
경남,함안군,상급종합병원,2014,0,0,0,,0,
경남,함안군,상급종합병원,2015,0,0,0,,0,
경남,함안군,상급종합병원,2016,0,0,0,,0,
경남,함안군,상급종합병원,2017,0,0,0,,0,
경남,함안군,상급종합병원,2018,0,0,0,,0,
경남,함안군,상급종합병원,2019,0,0,0,,0,
경남,함안군,상급종합병원,2020,0,0,0,,0,
경남,함안군,상급종합병원,2021,0,0,0,,0,
경남,함안군,상급종합병원,2022,0,0,0,,0,
경남,함안군,상급종합병원,2023,0,0,0,,0,
경남,함안군,상급종합병원,2024,0,0,0,,0,
경남,함안군,상급종합병원,2025,0,0,0,,0,
경남,함안군,의원,2007,23,,3,0.13043478260869565,,
경남,함안군,의원,2008,28,5,5,0.17857142857142858,10,0.35714285714285715
경남,함안군,의원,2009,24,-4,1,0.041666666666666664,-3,-0.125
경남,함안군,의원,2010,26,2,3,0.11538461538461539,5,0.19230769230769232
경남,함안군,의원,2011,26,0,3,0.11538461538461539,3,0.11538461538461539
경남,함안군,의원,2012,26,0,2,0.07692307692307693,2,0.07692307692307693
경남,함안군,의원,2013,23,-3,2,0.08695652173913043,-1,-0.043478260869565216
경남,함안군,의원,2014,22,-1,0,0.0,-1,-0.045454545454545456
경남,함안군,의원,2015,24,2,2,0.08333333333333333,4,0.16666666666666666
경남,함안군,의원,2016,23,-1,3,0.13043478260869565,2,0.08695652173913043
경남,함안군,의원,2017,21,-2,0,0.0,-2,-0.09523809523809523
경남,함안군,의원,2018,21,0,0,0.0,0,0.0
경남,함안군,의원,2019,22,1,0,0.0,1,0.045454545454545456
경남,함안군,의원,2020,22,0,1,0.045454545454545456,1,0.045454545454545456
경남,함안군,의원,2021,24,2,0,0.0,2,0.08333333333333333
경남,함안군,의원,2022,24,0,0,0.0,0,0.0
경남,함안군,의원,2023,23,-1,5,0.21739130434782608,4,0.17391304347826086
경남,함안군,의원,2024,20,-3,1,0.05,-2,-0.1
경남,함안군,의원,2025,21,1,1,0.047619047619047616,2,0.09523809523809523
경남,함안군,종합병원,2007,0,,0,,,
경남,함안군,종합병원,2008,0,0,0,,0,
경남,함안군,종합병원,2009,0,0,0,,0,
경남,함안군,종합병원,2010,0,0,0,,0,
경남,함안군,종합병원,2011,0,0,0,,0,
경남,함안군,종합병원,2012,0,0,0,,0,
경남,함안군,종합병원,2013,0,0,0,,0,
경남,함안군,종합병원,2014,0,0,0,,0,
경남,함안군,종합병원,2015,0,0,0,,0,
경남,함안군,종합병원,2016,0,0,0,,0,
경남,함안군,종합병원,2017,0,0,0,,0,
경남,함안군,종합병원,2018,0,0,0,,0,
경남,함안군,종합병원,2019,0,0,0,,0,
경남,함안군,종합병원,2020,0,0,0,,0,
경남,함안군,종합병원,2021,0,0,0,,0,
경남,함안군,종합병원,2022,0,0,0,,0,
경남,함안군,종합병원,2023,0,0,0,,0,
경남,함안군,종합병원,2024,0,0,0,,0,
경남,함안군,종합병원,2025,0,0,0,,0,
경남,함양군,병원,2007,1,,0,0.0,,
경남,함양군,병원,2008,1,0,0,0.0,0,0.0
경남,함양군,병원,2009,1,0,0,0.0,0,0.0
경남,함양군,병원,2010,1,0,0,0.0,0,0.0
경남,함양군,병원,2011,1,0,0,0.0,0,0.0
경남,함양군,병원,2012,1,0,0,0.0,0,0.0
경남,함양군,병원,2013,1,0,0,0.0,0,0.0
경남,함양군,병원,2014,1,0,0,0.0,0,0.0
경남,함양군,병원,2015,1,0,0,0.0,0,0.0
경남,함양군,병원,2016,1,0,0,0.0,0,0.0
경남,함양군,병원,2017,1,0,0,0.0,0,0.0
경남,함양군,병원,2018,1,0,1,1.0,1,1.0
경남,함양군,병원,2019,1,0,0,0.0,0,0.0
경남,함양군,병원,2020,1,0,0,0.0,0,0.0
경남,함양군,병원,2021,1,0,0,0.0,0,0.0
경남,함양군,병원,2022,1,0,0,0.0,0,0.0
경남,함양군,병원,2023,1,0,0,0.0,0,0.0
경남,함양군,병원,2024,1,0,0,0.0,0,0.0
경남,함양군,병원,2025,1,0,0,0.0,0,0.0
경남,함양군,상급종합병원,2007,0,,0,,,
경남,함양군,상급종합병원,2008,0,0,0,,0,
경남,함양군,상급종합병원,2009,0,0,0,,0,
경남,함양군,상급종합병원,2010,0,0,0,,0,
경남,함양군,상급종합병원,2011,0,0,0,,0,
경남,함양군,상급종합병원,2012,0,0,0,,0,
경남,함양군,상급종합병원,2013,0,0,0,,0,
경남,함양군,상급종합병원,2014,0,0,0,,0,
경남,함양군,상급종합병원,2015,0,0,0,,0,
경남,함양군,상급종합병원,2016,0,0,0,,0,
경남,함양군,상급종합병원,2017,0,0,0,,0,
경남,함양군,상급종합병원,2018,0,0,0,,0,
경남,함양군,상급종합병원,2019,0,0,0,,0,
경남,함양군,상급종합병원,2020,0,0,0,,0,
경남,함양군,상급종합병원,2021,0,0,0,,0,
경남,함양군,상급종합병원,2022,0,0,0,,0,
경남,함양군,상급종합병원,2023,0,0,0,,0,
경남,함양군,상급종합병원,2024,0,0,0,,0,
경남,함양군,상급종합병원,2025,0,0,0,,0,
경남,함양군,의원,2007,18,,1,0.05555555555555555,,
경남,함양군,의원,2008,19,1,1,0.05263157894736842,2,0.10526315789473684
경남,함양군,의원,2009,19,0,3,0.15789473684210525,3,0.15789473684210525
경남,함양군,의원,2010,19,0,5,0.2631578947368421,5,0.2631578947368421
경남,함양군,의원,2011,18,-1,1,0.05555555555555555,0,0.0
경남,함양군,의원,2012,21,3,2,0.09523809523809523,5,0.23809523809523808
경남,함양군,의원,2013,22,1,2,0.09090909090909091,3,0.13636363636363635
경남,함양군,의원,2014,22,0,2,0.09090909090909091,2,0.09090909090909091
경남,함양군,의원,2015,21,-1,0,0.0,-1,-0.047619047619047616
경남,함양군,의원,2016,21,0,2,0.09523809523809523,2,0.09523809523809523
경남,함양군,의원,2017,21,0,0,0.0,0,0.0
경남,함양군,의원,2018,21,0,0,0.0,0,0.0
경남,함양군,의원,2019,21,0,1,0.047619047619047616,1,0.047619047619047616
경남,함양군,의원,2020,22,1,2,0.09090909090909091,3,0.13636363636363635
경남,함양군,의원,2021,20,-2,1,0.05,-1,-0.05
경남,함양군,의원,2022,21,1,1,0.047619047619047616,2,0.09523809523809523
경남,함양군,의원,2023,19,-2,1,0.05263157894736842,-1,-0.05263157894736842
경남,함양군,의원,2024,19,0,1,0.05263157894736842,1,0.05263157894736842
경남,함양군,의원,2025,20,1,0,0.0,1,0.05
경남,함양군,종합병원,2007,0,,0,,,
경남,함양군,종합병원,2008,0,0,0,,0,
경남,함양군,종합병원,2009,0,0,0,,0,
경남,함양군,종합병원,2010,0,0,0,,0,
경남,함양군,종합병원,2011,0,0,0,,0,
경남,함양군,종합병원,2012,0,0,0,,0,
경남,함양군,종합병원,2013,0,0,0,,0,
경남,함양군,종합병원,2014,0,0,0,,0,
경남,함양군,종합병원,2015,0,0,0,,0,
경남,함양군,종합병원,2016,0,0,0,,0,
경남,함양군,종합병원,2017,0,0,0,,0,
경남,함양군,종합병원,2018,0,0,0,,0,
경남,함양군,종합병원,2019,0,0,0,,0,
경남,함양군,종합병원,2020,0,0,0,,0,
경남,함양군,종합병원,2021,0,0,0,,0,
경남,함양군,종합병원,2022,0,0,0,,0,
경남,함양군,종합병원,2023,0,0,0,,0,
경남,함양군,종합병원,2024,0,0,0,,0,
경남,함양군,종합병원,2025,0,0,0,,0,
경남,합천군,병원,2007,1,,0,0.0,,
경남,합천군,병원,2008,2,1,0,0.0,1,0.5
경남,합천군,병원,2009,2,0,1,0.5,1,0.5
경남,합천군,병원,2010,2,0,1,0.5,1,0.5
경남,합천군,병원,2011,2,0,0,0.0,0,0.0
경남,합천군,병원,2012,2,0,0,0.0,0,0.0
경남,합천군,병원,2013,3,1,0,0.0,1,0.3333333333333333
경남,합천군,병원,2014,3,0,0,0.0,0,0.0
경남,합천군,병원,2015,3,0,0,0.0,0,0.0
경남,합천군,병원,2016,3,0,0,0.0,0,0.0
경남,합천군,병원,2017,3,0,0,0.0,0,0.0
경남,합천군,병원,2018,3,0,0,0.0,0,0.0
경남,합천군,병원,2019,3,0,0,0.0,0,0.0
경남,합천군,병원,2020,3,0,1,0.3333333333333333,1,0.3333333333333333
경남,합천군,병원,2021,2,-1,0,0.0,-1,-0.5
경남,합천군,병원,2022,3,1,0,0.0,1,0.3333333333333333
경남,합천군,병원,2023,1,-2,4,4.0,2,2.0
경남,합천군,병원,2024,1,0,0,0.0,0,0.0
경남,합천군,병원,2025,1,0,0,0.0,0,0.0
경남,합천군,상급종합병원,2007,0,,0,,,
경남,합천군,상급종합병원,2008,0,0,0,,0,
경남,합천군,상급종합병원,2009,0,0,0,,0,
경남,합천군,상급종합병원,2010,0,0,0,,0,
경남,합천군,상급종합병원,2011,0,0,0,,0,
경남,합천군,상급종합병원,2012,0,0,0,,0,
경남,합천군,상급종합병원,2013,0,0,0,,0,
경남,합천군,상급종합병원,2014,0,0,0,,0,
경남,합천군,상급종합병원,2015,0,0,0,,0,
경남,합천군,상급종합병원,2016,0,0,0,,0,
경남,합천군,상급종합병원,2017,0,0,0,,0,
경남,합천군,상급종합병원,2018,0,0,0,,0,
경남,합천군,상급종합병원,2019,0,0,0,,0,
경남,합천군,상급종합병원,2020,0,0,0,,0,
경남,합천군,상급종합병원,2021,0,0,0,,0,
경남,합천군,상급종합병원,2022,0,0,0,,0,
경남,합천군,상급종합병원,2023,0,0,0,,0,
경남,합천군,상급종합병원,2024,0,0,0,,0,
경남,합천군,상급종합병원,2025,0,0,0,,0,
경남,합천군,의원,2007,19,,2,0.10526315789473684,,
경남,합천군,의원,2008,19,0,1,0.05263157894736842,1,0.05263157894736842
경남,합천군,의원,2009,19,0,1,0.05263157894736842,1,0.05263157894736842
경남,합천군,의원,2010,20,1,1,0.05,2,0.1
경남,합천군,의원,2011,20,0,3,0.15,3,0.15
경남,합천군,의원,2012,19,-1,0,0.0,-1,-0.05263157894736842
경남,합천군,의원,2013,17,-2,2,0.11764705882352941,0,0.0
경남,합천군,의원,2014,16,-1,1,0.0625,0,0.0
경남,합천군,의원,2015,17,1,2,0.11764705882352941,3,0.17647058823529413
경남,합천군,의원,2016,17,0,0,0.0,0,0.0
경남,합천군,의원,2017,18,1,2,0.1111111111111111,3,0.16666666666666666
경남,합천군,의원,2018,17,-1,1,0.058823529411764705,0,0.0
경남,합천군,의원,2019,18,1,0,0.0,1,0.05555555555555555
경남,합천군,의원,2020,17,-1,1,0.058823529411764705,0,0.0
경남,합천군,의원,2021,17,0,0,0.0,0,0.0
경남,합천군,의원,2022,17,0,2,0.11764705882352941,2,0.11764705882352941
경남,합천군,의원,2023,16,-1,0,0.0,-1,-0.0625
경남,합천군,의원,2024,17,1,0,0.0,1,0.058823529411764705
경남,합천군,의원,2025,17,0,0,0.0,0,0.0
경남,합천군,종합병원,2007,0,,0,,,
경남,합천군,종합병원,2008,0,0,0,,0,
경남,합천군,종합병원,2009,0,0,0,,0,
경남,합천군,종합병원,2010,0,0,0,,0,
경남,합천군,종합병원,2011,0,0,0,,0,
경남,합천군,종합병원,2012,0,0,0,,0,
경남,합천군,종합병원,2013,0,0,0,,0,
경남,합천군,종합병원,2014,0,0,0,,0,
경남,합천군,종합병원,2015,0,0,0,,0,
경남,합천군,종합병원,2016,0,0,0,,0,
경남,합천군,종합병원,2017,0,0,0,,0,
경남,합천군,종합병원,2018,0,0,0,,0,
경남,합천군,종합병원,2019,0,0,0,,0,
경남,합천군,종합병원,2020,0,0,0,,0,
경남,합천군,종합병원,2021,0,0,0,,0,
경남,합천군,종합병원,2022,0,0,0,,0,
경남,합천군,종합병원,2023,0,0,0,,0,
경남,합천군,종합병원,2024,0,0,0,,0,
경남,합천군,종합병원,2025,0,0,0,,0,
경북,경산시,병원,2007,4,,0,0.0,,
경북,경산시,병원,2008,4,0,0,0.0,0,0.0
경북,경산시,병원,2009,4,0,0,0.0,0,0.0
경북,경산시,병원,2010,5,1,0,0.0,1,0.2
경북,경산시,병원,2011,6,1,0,0.0,1,0.16666666666666666
경북,경산시,병원,2012,7,1,0,0.0,1,0.14285714285714285
경북,경산시,병원,2013,7,0,0,0.0,0,0.0
경북,경산시,병원,2014,5,-2,2,0.4,0,0.0
경북,경산시,병원,2015,5,0,0,0.0,0,0.0
경북,경산시,병원,2016,6,1,0,0.0,1,0.16666666666666666
경북,경산시,병원,2017,5,-1,0,0.0,-1,-0.2
경북,경산시,병원,2018,5,0,0,0.0,0,0.0
경북,경산시,병원,2019,5,0,1,0.2,1,0.2
경북,경산시,병원,2020,4,-1,0,0.0,-1,-0.25
경북,경산시,병원,2021,5,1,0,0.0,1,0.2
경북,경산시,병원,2022,6,1,1,0.16666666666666666,2,0.3333333333333333
경북,경산시,병원,2023,6,0,1,0.16666666666666666,1,0.16666666666666666
경북,경산시,병원,2024,5,-1,0,0.0,-1,-0.2
경북,경산시,병원,2025,4,-1,2,0.5,1,0.25
경북,경산시,상급종합병원,2007,0,,0,,,
경북,경산시,상급종합병원,2008,0,0,0,,0,
경북,경산시,상급종합병원,2009,0,0,0,,0,
경북,경산시,상급종합병원,2010,0,0,0,,0,
경북,경산시,상급종합병원,2011,0,0,0,,0,
경북,경산시,상급종합병원,2012,0,0,0,,0,
경북,경산시,상급종합병원,2013,0,0,0,,0,
경북,경산시,상급종합병원,2014,0,0,0,,0,
경북,경산시,상급종합병원,2015,0,0,0,,0,
경북,경산시,상급종합병원,2016,0,0,0,,0,
경북,경산시,상급종합병원,2017,0,0,0,,0,
경북,경산시,상급종합병원,2018,0,0,0,,0,
경북,경산시,상급종합병원,2019,0,0,0,,0,
경북,경산시,상급종합병원,2020,0,0,0,,0,
경북,경산시,상급종합병원,2021,0,0,0,,0,
경북,경산시,상급종합병원,2022,0,0,0,,0,
경북,경산시,상급종합병원,2023,0,0,0,,0,
경북,경산시,상급종합병원,2024,0,0,0,,0,
경북,경산시,상급종합병원,2025,0,0,0,,0,
경북,경산시,의원,2007,113,,4,0.035398230088495575,,
경북,경산시,의원,2008,117,4,5,0.042735042735042736,9,0.07692307692307693
경북,경산시,의원,2009,112,-5,3,0.026785714285714284,-2,-0.017857142857142856
경북,경산시,의원,2010,121,9,6,0.049586776859504134,15,0.12396694214876033
경북,경산시,의원,2011,123,2,2,0.016260162601626018,4,0.032520325203252036
경북,경산시,의원,2012,123,0,3,0.024390243902439025,3,0.024390243902439025
경북,경산시,의원,2013,124,1,2,0.016129032258064516,3,0.024193548387096774
경북,경산시,의원,2014,122,-2,5,0.040983606557377046,3,0.02459016393442623
경북,경산시,의원,2015,128,6,5,0.0390625,11,0.0859375
경북,경산시,의원,2016,130,2,4,0.03076923076923077,6,0.046153846153846156
경북,경산시,의원,2017,133,3,7,0.05263157894736842,10,0.07518796992481203
경북,경산시,의원,2018,139,6,6,0.04316546762589928,12,0.08633093525179857
경북,경산시,의원,2019,145,6,3,0.020689655172413793,9,0.06206896551724138
경북,경산시,의원,2020,146,1,3,0.02054794520547945,4,0.0273972602739726
경북,경산시,의원,2021,151,5,7,0.046357615894039736,12,0.07947019867549669
경북,경산시,의원,2022,158,7,3,0.0189873417721519,10,0.06329113924050633
경북,경산시,의원,2023,164,6,3,0.018292682926829267,9,0.054878048780487805
경북,경산시,의원,2024,163,-1,5,0.03067484662576687,4,0.024539877300613498
경북,경산시,의원,2025,167,4,4,0.023952095808383235,8,0.04790419161676647
경북,경산시,종합병원,2007,1,,0,0.0,,
경북,경산시,종합병원,2008,1,0,0,0.0,0,0.0
경북,경산시,종합병원,2009,1,0,0,0.0,0,0.0
경북,경산시,종합병원,2010,1,0,1,1.0,1,1.0
경북,경산시,종합병원,2011,0,-1,0,,-1,
경북,경산시,종합병원,2012,0,0,0,,0,
경북,경산시,종합병원,2013,0,0,0,,0,
경북,경산시,종합병원,2014,1,1,0,0.0,1,1.0
경북,경산시,종합병원,2015,1,0,0,0.0,0,0.0
경북,경산시,종합병원,2016,1,0,0,0.0,0,0.0
경북,경산시,종합병원,2017,1,0,0,0.0,0,0.0
경북,경산시,종합병원,2018,1,0,0,0.0,0,0.0
경북,경산시,종합병원,2019,1,0,0,0.0,0,0.0
경북,경산시,종합병원,2020,1,0,0,0.0,0,0.0
경북,경산시,종합병원,2021,1,0,0,0.0,0,0.0
경북,경산시,종합병원,2022,1,0,0,0.0,0,0.0
경북,경산시,종합병원,2023,1,0,0,0.0,0,0.0
경북,경산시,종합병원,2024,2,1,0,0.0,1,0.5
경북,경산시,종합병원,2025,2,0,0,0.0,0,0.0
경북,경주시,병원,2007,4,,0,0.0,,
경북,경주시,병원,2008,7,3,0,0.0,3,0.42857142857142855
경북,경주시,병원,2009,10,3,0,0.0,3,0.3
경북,경주시,병원,2010,10,0,0,0.0,0,0.0
경북,경주시,병원,2011,11,1,0,0.0,1,0.09090909090909091
경북,경주시,병원,2012,11,0,0,0.0,0,0.0
경북,경주시,병원,2013,13,2,1,0.07692307692307693,3,0.23076923076923078
경북,경주시,병원,2014,15,2,0,0.0,2,0.13333333333333333
경북,경주시,병원,2015,15,0,2,0.13333333333333333,2,0.13333333333333333
경북,경주시,병원,2016,13,-2,3,0.23076923076923078,1,0.07692307692307693
경북,경주시,병원,2017,11,-2,0,0.0,-2,-0.18181818181818182
경북,경주시,병원,2018,11,0,0,0.0,0,0.0
경북,경주시,병원,2019,11,0,2,0.18181818181818182,2,0.18181818181818182
경북,경주시,병원,2020,10,-1,0,0.0,-1,-0.1
경북,경주시,병원,2021,9,-1,3,0.3333333333333333,2,0.2222222222222222
경북,경주시,병원,2022,10,1,0,0.0,1,0.1
경북,경주시,병원,2023,10,0,0,0.0,0,0.0
경북,경주시,병원,2024,10,0,1,0.1,1,0.1
경북,경주시,병원,2025,10,0,0,0.0,0,0.0
경북,경주시,상급종합병원,2007,0,,0,,,
경북,경주시,상급종합병원,2008,0,0,0,,0,
경북,경주시,상급종합병원,2009,0,0,0,,0,
경북,경주시,상급종합병원,2010,0,0,0,,0,
경북,경주시,상급종합병원,2011,0,0,0,,0,
경북,경주시,상급종합병원,2012,0,0,0,,0,
경북,경주시,상급종합병원,2013,0,0,0,,0,
경북,경주시,상급종합병원,2014,0,0,0,,0,
경북,경주시,상급종합병원,2015,0,0,0,,0,
경북,경주시,상급종합병원,2016,0,0,0,,0,
경북,경주시,상급종합병원,2017,0,0,0,,0,
경북,경주시,상급종합병원,2018,0,0,0,,0,
경북,경주시,상급종합병원,2019,0,0,0,,0,
경북,경주시,상급종합병원,2020,0,0,0,,0,
경북,경주시,상급종합병원,2021,0,0,0,,0,
경북,경주시,상급종합병원,2022,0,0,0,,0,
경북,경주시,상급종합병원,2023,0,0,0,,0,
경북,경주시,상급종합병원,2024,0,0,0,,0,
경북,경주시,상급종합병원,2025,0,0,0,,0,
경북,경주시,의원,2007,106,,12,0.11320754716981132,,
경북,경주시,의원,2008,108,2,8,0.07407407407407407,10,0.09259259259259259
경북,경주시,의원,2009,109,1,7,0.06422018348623854,8,0.07339449541284404
경북,경주시,의원,2010,105,-4,4,0.0380952380952381,0,0.0
경북,경주시,의원,2011,102,-3,4,0.0392156862745098,1,0.00980392156862745
경북,경주시,의원,2012,102,0,6,0.058823529411764705,6,0.058823529411764705
경북,경주시,의원,2013,102,0,1,0.00980392156862745,1,0.00980392156862745
경북,경주시,의원,2014,102,0,2,0.0196078431372549,2,0.0196078431372549
경북,경주시,의원,2015,105,3,2,0.01904761904761905,5,0.047619047619047616
경북,경주시,의원,2016,107,2,8,0.07476635514018691,10,0.09345794392523364
경북,경주시,의원,2017,108,1,3,0.027777777777777776,4,0.037037037037037035
경북,경주시,의원,2018,109,1,3,0.027522935779816515,4,0.03669724770642202
경북,경주시,의원,2019,113,4,7,0.061946902654867256,11,0.09734513274336283
경북,경주시,의원,2020,116,3,6,0.05172413793103448,9,0.07758620689655173
경북,경주시,의원,2021,113,-3,4,0.035398230088495575,1,0.008849557522123894
경북,경주시,의원,2022,120,7,4,0.03333333333333333,11,0.09166666666666666
경북,경주시,의원,2023,122,2,8,0.06557377049180328,10,0.08196721311475409
경북,경주시,의원,2024,118,-4,2,0.01694915254237288,-2,-0.01694915254237288
경북,경주시,의원,2025,121,3,3,0.024793388429752067,6,0.049586776859504134
경북,경주시,종합병원,2007,2,,0,0.0,,
경북,경주시,종합병원,2008,2,0,0,0.0,0,0.0
경북,경주시,종합병원,2009,2,0,0,0.0,0,0.0
경북,경주시,종합병원,2010,2,0,0,0.0,0,0.0
경북,경주시,종합병원,2011,2,0,0,0.0,0,0.0
경북,경주시,종합병원,2012,2,0,0,0.0,0,0.0
경북,경주시,종합병원,2013,1,-1,1,1.0,0,0.0
경북,경주시,종합병원,2014,1,0,0,0.0,0,0.0
경북,경주시,종합병원,2015,1,0,0,0.0,0,0.0
경북,경주시,종합병원,2016,1,0,0,0.0,0,0.0
경북,경주시,종합병원,2017,1,0,0,0.0,0,0.0
경북,경주시,종합병원,2018,1,0,0,0.0,0,0.0
경북,경주시,종합병원,2019,1,0,0,0.0,0,0.0
경북,경주시,종합병원,2020,1,0,0,0.0,0,0.0
경북,경주시,종합병원,2021,1,0,0,0.0,0,0.0
경북,경주시,종합병원,2022,1,0,0,0.0,0,0.0
경북,경주시,종합병원,2023,1,0,0,0.0,0,0.0
경북,경주시,종합병원,2024,1,0,0,0.0,0,0.0
경북,경주시,종합병원,2025,1,0,0,0.0,0,0.0
경북,고령군,병원,2007,1,,0,0.0,,
경북,고령군,병원,2008,1,0,0,0.0,0,0.0
경북,고령군,병원,2009,1,0,0,0.0,0,0.0
경북,고령군,병원,2010,1,0,0,0.0,0,0.0
경북,고령군,병원,2011,1,0,0,0.0,0,0.0
경북,고령군,병원,2012,1,0,0,0.0,0,0.0
경북,고령군,병원,2013,1,0,0,0.0,0,0.0
경북,고령군,병원,2014,1,0,0,0.0,0,0.0
경북,고령군,병원,2015,1,0,0,0.0,0,0.0
경북,고령군,병원,2016,1,0,0,0.0,0,0.0
경북,고령군,병원,2017,1,0,0,0.0,0,0.0
경북,고령군,병원,2018,1,0,0,0.0,0,0.0
경북,고령군,병원,2019,1,0,0,0.0,0,0.0
경북,고령군,병원,2020,1,0,0,0.0,0,0.0
경북,고령군,병원,2021,1,0,0,0.0,0,0.0
경북,고령군,병원,2022,1,0,0,0.0,0,0.0
경북,고령군,병원,2023,1,0,0,0.0,0,0.0
경북,고령군,병원,2024,1,0,0,0.0,0,0.0
경북,고령군,병원,2025,1,0,0,0.0,0,0.0
경북,고령군,상급종합병원,2007,0,,0,,,
경북,고령군,상급종합병원,2008,0,0,0,,0,
경북,고령군,상급종합병원,2009,0,0,0,,0,
경북,고령군,상급종합병원,2010,0,0,0,,0,
경북,고령군,상급종합병원,2011,0,0,0,,0,
경북,고령군,상급종합병원,2012,0,0,0,,0,
경북,고령군,상급종합병원,2013,0,0,0,,0,
경북,고령군,상급종합병원,2014,0,0,0,,0,
경북,고령군,상급종합병원,2015,0,0,0,,0,
경북,고령군,상급종합병원,2016,0,0,0,,0,
경북,고령군,상급종합병원,2017,0,0,0,,0,
경북,고령군,상급종합병원,2018,0,0,0,,0,
경북,고령군,상급종합병원,2019,0,0,0,,0,
경북,고령군,상급종합병원,2020,0,0,0,,0,
경북,고령군,상급종합병원,2021,0,0,0,,0,
경북,고령군,상급종합병원,2022,0,0,0,,0,
경북,고령군,상급종합병원,2023,0,0,0,,0,
경북,고령군,상급종합병원,2024,0,0,0,,0,
경북,고령군,상급종합병원,2025,0,0,0,,0,
경북,고령군,의원,2007,9,,1,0.1111111111111111,,
경북,고령군,의원,2008,9,0,0,0.0,0,0.0
경북,고령군,의원,2009,9,0,1,0.1111111111111111,1,0.1111111111111111
경북,고령군,의원,2010,10,1,0,0.0,1,0.1
경북,고령군,의원,2011,10,0,2,0.2,2,0.2
경북,고령군,의원,2012,11,1,1,0.09090909090909091,2,0.18181818181818182
경북,고령군,의원,2013,11,0,1,0.09090909090909091,1,0.09090909090909091
경북,고령군,의원,2014,11,0,0,0.0,0,0.0
경북,고령군,의원,2015,13,2,0,0.0,2,0.15384615384615385
경북,고령군,의원,2016,13,0,1,0.07692307692307693,1,0.07692307692307693
경북,고령군,의원,2017,13,0,0,0.0,0,0.0
경북,고령군,의원,2018,13,0,1,0.07692307692307693,1,0.07692307692307693
경북,고령군,의원,2019,13,0,1,0.07692307692307693,1,0.07692307692307693
경북,고령군,의원,2020,12,-1,0,0.0,-1,-0.08333333333333333
경북,고령군,의원,2021,12,0,1,0.08333333333333333,1,0.08333333333333333
경북,고령군,의원,2022,11,-1,1,0.09090909090909091,0,0.0
경북,고령군,의원,2023,12,1,0,0.0,1,0.08333333333333333
경북,고령군,의원,2024,12,0,0,0.0,0,0.0
경북,고령군,의원,2025,12,0,0,0.0,0,0.0
경북,고령군,종합병원,2007,0,,0,,,
경북,고령군,종합병원,2008,0,0,0,,0,
경북,고령군,종합병원,2009,0,0,0,,0,
경북,고령군,종합병원,2010,0,0,0,,0,
경북,고령군,종합병원,2011,0,0,0,,0,
경북,고령군,종합병원,2012,0,0,0,,0,
경북,고령군,종합병원,2013,0,0,0,,0,
경북,고령군,종합병원,2014,0,0,0,,0,
경북,고령군,종합병원,2015,0,0,0,,0,
경북,고령군,종합병원,2016,0,0,0,,0,
경북,고령군,종합병원,2017,0,0,0,,0,
경북,고령군,종합병원,2018,0,0,0,,0,
경북,고령군,종합병원,2019,0,0,0,,0,
경북,고령군,종합병원,2020,0,0,0,,0,
경북,고령군,종합병원,2021,0,0,0,,0,
경북,고령군,종합병원,2022,0,0,0,,0,
경북,고령군,종합병원,2023,0,0,0,,0,
경북,고령군,종합병원,2024,0,0,0,,0,
경북,고령군,종합병원,2025,0,0,0,,0,
경북,구미시,병원,2007,3,,1,0.3333333333333333,,
경북,구미시,병원,2008,3,0,1,0.3333333333333333,1,0.3333333333333333
경북,구미시,병원,2009,3,0,0,0.0,0,0.0
경북,구미시,병원,2010,4,1,0,0.0,1,0.25
경북,구미시,병원,2011,5,1,1,0.2,2,0.4
경북,구미시,병원,2012,4,-1,1,0.25,0,0.0
경북,구미시,병원,2013,5,1,0,0.0,1,0.2
경북,구미시,병원,2014,7,2,1,0.14285714285714285,3,0.42857142857142855
경북,구미시,병원,2015,8,1,2,0.25,3,0.375
경북,구미시,병원,2016,8,0,0,0.0,0,0.0
경북,구미시,병원,2017,7,-1,2,0.2857142857142857,1,0.14285714285714285
경북,구미시,병원,2018,8,1,1,0.125,2,0.25
경북,구미시,병원,2019,8,0,1,0.125,1,0.125
경북,구미시,병원,2020,7,-1,2,0.2857142857142857,1,0.14285714285714285
경북,구미시,병원,2021,7,0,2,0.2857142857142857,2,0.2857142857142857
경북,구미시,병원,2022,5,-2,1,0.2,-1,-0.2
경북,구미시,병원,2023,4,-1,0,0.0,-1,-0.25
경북,구미시,병원,2024,5,1,0,0.0,1,0.2
경북,구미시,병원,2025,5,0,1,0.2,1,0.2
경북,구미시,상급종합병원,2007,0,,0,,,
경북,구미시,상급종합병원,2008,0,0,0,,0,
경북,구미시,상급종합병원,2009,0,0,0,,0,
경북,구미시,상급종합병원,2010,0,0,0,,0,
경북,구미시,상급종합병원,2011,0,0,0,,0,
경북,구미시,상급종합병원,2012,0,0,0,,0,
경북,구미시,상급종합병원,2013,0,0,0,,0,
경북,구미시,상급종합병원,2014,0,0,0,,0,
경북,구미시,상급종합병원,2015,0,0,0,,0,
경북,구미시,상급종합병원,2016,0,0,0,,0,
경북,구미시,상급종합병원,2017,0,0,0,,0,
경북,구미시,상급종합병원,2018,0,0,0,,0,
경북,구미시,상급종합병원,2019,0,0,0,,0,
경북,구미시,상급종합병원,2020,0,0,0,,0,
경북,구미시,상급종합병원,2021,0,0,0,,0,
경북,구미시,상급종합병원,2022,0,0,0,,0,
경북,구미시,상급종합병원,2023,0,0,0,,0,
경북,구미시,상급종합병원,2024,0,0,0,,0,
경북,구미시,상급종합병원,2025,0,0,0,,0,
경북,구미시,의원,2007,186,,13,0.06989247311827956,,
경북,구미시,의원,2008,184,-2,7,0.03804347826086957,5,0.02717391304347826
경북,구미시,의원,2009,193,9,10,0.05181347150259067,19,0.09844559585492228
경북,구미시,의원,2010,189,-4,8,0.042328042328042326,4,0.021164021164021163
경북,구미시,의원,2011,191,2,3,0.015706806282722512,5,0.02617801047120419
경북,구미시,의원,2012,197,6,5,0.025380710659898477,11,0.05583756345177665
경북,구미시,의원,2013,203,6,13,0.06403940886699508,19,0.09359605911330049
경북,구미시,의원,2014,199,-4,7,0.035175879396984924,3,0.01507537688442211
경북,구미시,의원,2015,203,4,7,0.034482758620689655,11,0.054187192118226604
경북,구미시,의원,2016,210,7,4,0.01904761904761905,11,0.05238095238095238
경북,구미시,의원,2017,209,-1,10,0.04784688995215311,9,0.0430622009569378
경북,구미시,의원,2018,216,7,8,0.037037037037037035,15,0.06944444444444445
경북,구미시,의원,2019,219,3,6,0.0273972602739726,9,0.0410958904109589
경북,구미시,의원,2020,214,-5,7,0.03271028037383177,2,0.009345794392523364
경북,구미시,의원,2021,215,1,7,0.03255813953488372,8,0.037209302325581395
경북,구미시,의원,2022,208,-7,3,0.014423076923076924,-4,-0.019230769230769232
경북,구미시,의원,2023,214,6,3,0.014018691588785047,9,0.04205607476635514
경북,구미시,의원,2024,218,4,5,0.022935779816513763,9,0.04128440366972477
경북,구미시,의원,2025,224,6,7,0.03125,13,0.05803571428571429
경북,구미시,종합병원,2007,2,,0,0.0,,
경북,구미시,종합병원,2008,2,0,1,0.5,1,0.5
경북,구미시,종합병원,2009,3,1,0,0.0,1,0.3333333333333333
경북,구미시,종합병원,2010,3,0,0,0.0,0,0.0
경북,구미시,종합병원,2011,3,0,0,0.0,0,0.0
경북,구미시,종합병원,2012,3,0,0,0.0,0,0.0
경북,구미시,종합병원,2013,3,0,0,0.0,0,0.0
경북,구미시,종합병원,2014,3,0,0,0.0,0,0.0
경북,구미시,종합병원,2015,3,0,0,0.0,0,0.0
경북,구미시,종합병원,2016,3,0,0,0.0,0,0.0
경북,구미시,종합병원,2017,3,0,0,0.0,0,0.0
경북,구미시,종합병원,2018,3,0,0,0.0,0,0.0
경북,구미시,종합병원,2019,3,0,0,0.0,0,0.0
경북,구미시,종합병원,2020,3,0,0,0.0,0,0.0
경북,구미시,종합병원,2021,3,0,0,0.0,0,0.0
경북,구미시,종합병원,2022,3,0,0,0.0,0,0.0
경북,구미시,종합병원,2023,3,0,0,0.0,0,0.0
경북,구미시,종합병원,2024,3,0,0,0.0,0,0.0
경북,구미시,종합병원,2025,3,0,0,0.0,0,0.0
경북,군위군,병원,2007,1,,0,0.0,,
경북,군위군,병원,2008,1,0,0,0.0,0,0.0
경북,군위군,병원,2009,1,0,0,0.0,0,0.0
경북,군위군,병원,2010,1,0,1,1.0,1,1.0
경북,군위군,병원,2011,1,0,0,0.0,0,0.0
경북,군위군,병원,2012,1,0,0,0.0,0,0.0
경북,군위군,병원,2013,1,0,0,0.0,0,0.0
경북,군위군,병원,2014,1,0,0,0.0,0,0.0
경북,군위군,병원,2015,1,0,0,0.0,0,0.0
경북,군위군,병원,2016,1,0,0,0.0,0,0.0
경북,군위군,병원,2017,1,0,1,1.0,1,1.0
경북,군위군,병원,2018,0,-1,0,,-1,
경북,군위군,병원,2019,0,0,0,,0,
경북,군위군,병원,2020,0,0,0,,0,
경북,군위군,병원,2021,0,0,0,,0,
경북,군위군,병원,2022,0,0,0,,0,
경북,군위군,병원,2023,0,0,0,,0,
경북,군위군,병원,2024,0,0,0,,0,
경북,군위군,병원,2025,0,0,0,,0,
경북,군위군,상급종합병원,2007,0,,0,,,
경북,군위군,상급종합병원,2008,0,0,0,,0,
경북,군위군,상급종합병원,2009,0,0,0,,0,
경북,군위군,상급종합병원,2010,0,0,0,,0,
경북,군위군,상급종합병원,2011,0,0,0,,0,
경북,군위군,상급종합병원,2012,0,0,0,,0,
경북,군위군,상급종합병원,2013,0,0,0,,0,
경북,군위군,상급종합병원,2014,0,0,0,,0,
경북,군위군,상급종합병원,2015,0,0,0,,0,
경북,군위군,상급종합병원,2016,0,0,0,,0,
경북,군위군,상급종합병원,2017,0,0,0,,0,
경북,군위군,상급종합병원,2018,0,0,0,,0,
경북,군위군,상급종합병원,2019,0,0,0,,0,
경북,군위군,상급종합병원,2020,0,0,0,,0,
경북,군위군,상급종합병원,2021,0,0,0,,0,
경북,군위군,상급종합병원,2022,0,0,0,,0,
경북,군위군,상급종합병원,2023,0,0,0,,0,
경북,군위군,상급종합병원,2024,0,0,0,,0,
경북,군위군,상급종합병원,2025,0,0,0,,0,
경북,군위군,의원,2007,6,,0,0.0,,
경북,군위군,의원,2008,6,0,0,0.0,0,0.0
경북,군위군,의원,2009,6,0,0,0.0,0,0.0
경북,군위군,의원,2010,7,1,0,0.0,1,0.14285714285714285
경북,군위군,의원,2011,8,1,0,0.0,1,0.125
경북,군위군,의원,2012,8,0,0,0.0,0,0.0
경북,군위군,의원,2013,8,0,0,0.0,0,0.0
경북,군위군,의원,2014,9,1,0,0.0,1,0.1111111111111111
경북,군위군,의원,2015,9,0,0,0.0,0,0.0
경북,군위군,의원,2016,9,0,0,0.0,0,0.0
경북,군위군,의원,2017,9,0,1,0.1111111111111111,1,0.1111111111111111
경북,군위군,의원,2018,9,0,0,0.0,0,0.0
경북,군위군,의원,2019,9,0,0,0.0,0,0.0
경북,군위군,의원,2020,8,-1,0,0.0,-1,-0.125
경북,군위군,의원,2021,8,0,0,0.0,0,0.0
경북,군위군,의원,2022,8,0,0,0.0,0,0.0
경북,군위군,의원,2023,8,0,0,0.0,0,0.0
경북,군위군,의원,2024,8,0,0,0.0,0,0.0
경북,군위군,의원,2025,8,0,0,0.0,0,0.0
경북,군위군,종합병원,2007,0,,0,,,
경북,군위군,종합병원,2008,0,0,0,,0,
경북,군위군,종합병원,2009,0,0,0,,0,
경북,군위군,종합병원,2010,0,0,0,,0,
경북,군위군,종합병원,2011,0,0,0,,0,
경북,군위군,종합병원,2012,0,0,0,,0,
경북,군위군,종합병원,2013,0,0,0,,0,
경북,군위군,종합병원,2014,0,0,0,,0,
경북,군위군,종합병원,2015,0,0,0,,0,
경북,군위군,종합병원,2016,0,0,0,,0,
경북,군위군,종합병원,2017,0,0,0,,0,
경북,군위군,종합병원,2018,0,0,0,,0,
경북,군위군,종합병원,2019,0,0,0,,0,
경북,군위군,종합병원,2020,0,0,0,,0,
경북,군위군,종합병원,2021,0,0,0,,0,
경북,군위군,종합병원,2022,0,0,0,,0,
경북,군위군,종합병원,2023,0,0,0,,0,
경북,군위군,종합병원,2024,0,0,0,,0,
경북,군위군,종합병원,2025,0,0,0,,0,
경북,김천시,병원,2007,5,,0,0.0,,
경북,김천시,병원,2008,4,-1,3,0.75,2,0.5
경북,김천시,병원,2009,3,-1,1,0.3333333333333333,0,0.0
경북,김천시,병원,2010,3,0,0,0.0,0,0.0
경북,김천시,병원,2011,3,0,0,0.0,0,0.0
경북,김천시,병원,2012,3,0,1,0.3333333333333333,1,0.3333333333333333
경북,김천시,병원,2013,3,0,1,0.3333333333333333,1,0.3333333333333333
경북,김천시,병원,2014,2,-1,0,0.0,-1,-0.5
경북,김천시,병원,2015,2,0,0,0.0,0,0.0
경북,김천시,병원,2016,2,0,0,0.0,0,0.0
경북,김천시,병원,2017,2,0,0,0.0,0,0.0
경북,김천시,병원,2018,2,0,0,0.0,0,0.0
경북,김천시,병원,2019,2,0,1,0.5,1,0.5
경북,김천시,병원,2020,1,-1,0,0.0,-1,-1.0
경북,김천시,병원,2021,0,-1,1,,0,
경북,김천시,병원,2022,0,0,0,,0,
경북,김천시,병원,2023,0,0,0,,0,
경북,김천시,병원,2024,0,0,0,,0,
경북,김천시,병원,2025,0,0,0,,0,
경북,김천시,상급종합병원,2007,0,,0,,,
경북,김천시,상급종합병원,2008,0,0,0,,0,
경북,김천시,상급종합병원,2009,0,0,0,,0,
경북,김천시,상급종합병원,2010,0,0,0,,0,
경북,김천시,상급종합병원,2011,0,0,0,,0,
경북,김천시,상급종합병원,2012,0,0,0,,0,
경북,김천시,상급종합병원,2013,0,0,0,,0,
경북,김천시,상급종합병원,2014,0,0,0,,0,
경북,김천시,상급종합병원,2015,0,0,0,,0,
경북,김천시,상급종합병원,2016,0,0,0,,0,
경북,김천시,상급종합병원,2017,0,0,0,,0,
경북,김천시,상급종합병원,2018,0,0,0,,0,
경북,김천시,상급종합병원,2019,0,0,0,,0,
경북,김천시,상급종합병원,2020,0,0,0,,0,
경북,김천시,상급종합병원,2021,0,0,0,,0,
경북,김천시,상급종합병원,2022,0,0,0,,0,
경북,김천시,상급종합병원,2023,0,0,0,,0,
경북,김천시,상급종합병원,2024,0,0,0,,0,
경북,김천시,상급종합병원,2025,0,0,0,,0,
경북,김천시,의원,2007,59,,5,0.0847457627118644,,
경북,김천시,의원,2008,58,-1,3,0.05172413793103448,2,0.034482758620689655
경북,김천시,의원,2009,57,-1,6,0.10526315789473684,5,0.08771929824561403
경북,김천시,의원,2010,54,-3,2,0.037037037037037035,-1,-0.018518518518518517
경북,김천시,의원,2011,54,0,4,0.07407407407407407,4,0.07407407407407407
경북,김천시,의원,2012,51,-3,4,0.0784313725490196,1,0.0196078431372549
경북,김천시,의원,2013,51,0,4,0.0784313725490196,4,0.0784313725490196
경북,김천시,의원,2014,49,-2,1,0.02040816326530612,-1,-0.02040816326530612
경북,김천시,의원,2015,50,1,2,0.04,3,0.06
경북,김천시,의원,2016,54,4,1,0.018518518518518517,5,0.09259259259259259
경북,김천시,의원,2017,58,4,0,0.0,4,0.06896551724137931
경북,김천시,의원,2018,60,2,5,0.08333333333333333,7,0.11666666666666667
경북,김천시,의원,2019,58,-2,3,0.05172413793103448,1,0.017241379310344827
경북,김천시,의원,2020,60,2,1,0.016666666666666666,3,0.05
경북,김천시,의원,2021,59,-1,3,0.05084745762711865,2,0.03389830508474576
경북,김천시,의원,2022,58,-1,2,0.034482758620689655,1,0.017241379310344827
경북,김천시,의원,2023,59,1,3,0.05084745762711865,4,0.06779661016949153
경북,김천시,의원,2024,59,0,0,0.0,0,0.0
경북,김천시,의원,2025,59,0,0,0.0,0,0.0
경북,김천시,종합병원,2007,0,,0,,,
경북,김천시,종합병원,2008,1,1,0,0.0,1,1.0
경북,김천시,종합병원,2009,2,1,0,0.0,1,0.5
경북,김천시,종합병원,2010,2,0,0,0.0,0,0.0
경북,김천시,종합병원,2011,2,0,0,0.0,0,0.0
경북,김천시,종합병원,2012,2,0,0,0.0,0,0.0
경북,김천시,종합병원,2013,2,0,0,0.0,0,0.0
경북,김천시,종합병원,2014,2,0,0,0.0,0,0.0
경북,김천시,종합병원,2015,2,0,0,0.0,0,0.0
경북,김천시,종합병원,2016,2,0,0,0.0,0,0.0
경북,김천시,종합병원,2017,2,0,0,0.0,0,0.0
경북,김천시,종합병원,2018,2,0,0,0.0,0,0.0
경북,김천시,종합병원,2019,2,0,0,0.0,0,0.0
경북,김천시,종합병원,2020,2,0,0,0.0,0,0.0
경북,김천시,종합병원,2021,2,0,0,0.0,0,0.0
경북,김천시,종합병원,2022,2,0,0,0.0,0,0.0
경북,김천시,종합병원,2023,2,0,0,0.0,0,0.0
경북,김천시,종합병원,2024,2,0,0,0.0,0,0.0
경북,김천시,종합병원,2025,2,0,0,0.0,0,0.0
경북,문경시,병원,2007,1,,0,0.0,,
경북,문경시,병원,2008,2,1,0,0.0,1,0.5
경북,문경시,병원,2009,2,0,0,0.0,0,0.0
경북,문경시,병원,2010,2,0,0,0.0,0,0.0
경북,문경시,병원,2011,1,-1,1,1.0,0,0.0
경북,문경시,병원,2012,1,0,0,0.0,0,0.0
경북,문경시,병원,2013,1,0,0,0.0,0,0.0
경북,문경시,병원,2014,1,0,0,0.0,0,0.0
경북,문경시,병원,2015,2,1,0,0.0,1,0.5
경북,문경시,병원,2016,2,0,0,0.0,0,0.0
경북,문경시,병원,2017,2,0,0,0.0,0,0.0
경북,문경시,병원,2018,2,0,0,0.0,0,0.0
경북,문경시,병원,2019,2,0,0,0.0,0,0.0
경북,문경시,병원,2020,2,0,0,0.0,0,0.0
경북,문경시,병원,2021,2,0,0,0.0,0,0.0
경북,문경시,병원,2022,2,0,1,0.5,1,0.5
경북,문경시,병원,2023,1,-1,0,0.0,-1,-1.0
경북,문경시,병원,2024,1,0,0,0.0,0,0.0
경북,문경시,병원,2025,1,0,0,0.0,0,0.0
경북,문경시,상급종합병원,2007,0,,0,,,
경북,문경시,상급종합병원,2008,0,0,0,,0,
경북,문경시,상급종합병원,2009,0,0,0,,0,
경북,문경시,상급종합병원,2010,0,0,0,,0,
경북,문경시,상급종합병원,2011,0,0,0,,0,
경북,문경시,상급종합병원,2012,0,0,0,,0,
경북,문경시,상급종합병원,2013,0,0,0,,0,
경북,문경시,상급종합병원,2014,0,0,0,,0,
경북,문경시,상급종합병원,2015,0,0,0,,0,
경북,문경시,상급종합병원,2016,0,0,0,,0,
경북,문경시,상급종합병원,2017,0,0,0,,0,
경북,문경시,상급종합병원,2018,0,0,0,,0,
경북,문경시,상급종합병원,2019,0,0,0,,0,
경북,문경시,상급종합병원,2020,0,0,0,,0,
경북,문경시,상급종합병원,2021,0,0,0,,0,
경북,문경시,상급종합병원,2022,0,0,0,,0,
경북,문경시,상급종합병원,2023,0,0,0,,0,
경북,문경시,상급종합병원,2024,0,0,0,,0,
경북,문경시,상급종합병원,2025,0,0,0,,0,
경북,문경시,의원,2007,42,,4,0.09523809523809523,,
경북,문경시,의원,2008,39,-3,4,0.10256410256410256,1,0.02564102564102564
경북,문경시,의원,2009,38,-1,2,0.05263157894736842,1,0.02631578947368421
경북,문경시,의원,2010,40,2,3,0.075,5,0.125
경북,문경시,의원,2011,42,2,1,0.023809523809523808,3,0.07142857142857142
경북,문경시,의원,2012,44,2,1,0.022727272727272728,3,0.06818181818181818
경북,문경시,의원,2013,42,-2,5,0.11904761904761904,3,0.07142857142857142
경북,문경시,의원,2014,43,1,1,0.023255813953488372,2,0.046511627906976744
경북,문경시,의원,2015,43,0,0,0.0,0,0.0
경북,문경시,의원,2016,45,2,0,0.0,2,0.044444444444444446
경북,문경시,의원,2017,45,0,1,0.022222222222222223,1,0.022222222222222223
경북,문경시,의원,2018,44,-1,0,0.0,-1,-0.022727272727272728
경북,문경시,의원,2019,45,1,3,0.06666666666666667,4,0.08888888888888889
경북,문경시,의원,2020,43,-2,3,0.06976744186046512,1,0.023255813953488372
경북,문경시,의원,2021,44,1,1,0.022727272727272728,2,0.045454545454545456
경북,문경시,의원,2022,44,0,2,0.045454545454545456,2,0.045454545454545456
경북,문경시,의원,2023,44,0,1,0.022727272727272728,1,0.022727272727272728
경북,문경시,의원,2024,43,-1,3,0.06976744186046512,2,0.046511627906976744
경북,문경시,의원,2025,41,-2,4,0.0975609756097561,2,0.04878048780487805
경북,문경시,종합병원,2007,1,,0,0.0,,
경북,문경시,종합병원,2008,1,0,0,0.0,0,0.0
경북,문경시,종합병원,2009,1,0,0,0.0,0,0.0
경북,문경시,종합병원,2010,1,0,0,0.0,0,0.0
경북,문경시,종합병원,2011,1,0,0,0.0,0,0.0
경북,문경시,종합병원,2012,1,0,0,0.0,0,0.0
경북,문경시,종합병원,2013,1,0,0,0.0,0,0.0
경북,문경시,종합병원,2014,1,0,0,0.0,0,0.0
경북,문경시,종합병원,2015,1,0,0,0.0,0,0.0
경북,문경시,종합병원,2016,1,0,0,0.0,0,0.0
경북,문경시,종합병원,2017,1,0,0,0.0,0,0.0
경북,문경시,종합병원,2018,1,0,0,0.0,0,0.0
경북,문경시,종합병원,2019,1,0,0,0.0,0,0.0
경북,문경시,종합병원,2020,1,0,0,0.0,0,0.0
경북,문경시,종합병원,2021,1,0,0,0.0,0,0.0
경북,문경시,종합병원,2022,1,0,0,0.0,0,0.0
경북,문경시,종합병원,2023,1,0,0,0.0,0,0.0
경북,문경시,종합병원,2024,1,0,0,0.0,0,0.0
경북,문경시,종합병원,2025,1,0,0,0.0,0,0.0
경북,봉화군,병원,2007,1,,0,0.0,,
경북,봉화군,병원,2008,1,0,0,0.0,0,0.0
경북,봉화군,병원,2009,1,0,0,0.0,0,0.0
경북,봉화군,병원,2010,1,0,0,0.0,0,0.0
경북,봉화군,병원,2011,1,0,0,0.0,0,0.0
경북,봉화군,병원,2012,1,0,0,0.0,0,0.0
경북,봉화군,병원,2013,1,0,0,0.0,0,0.0
경북,봉화군,병원,2014,1,0,0,0.0,0,0.0
경북,봉화군,병원,2015,1,0,0,0.0,0,0.0
경북,봉화군,병원,2016,1,0,0,0.0,0,0.0
경북,봉화군,병원,2017,1,0,0,0.0,0,0.0
경북,봉화군,병원,2018,1,0,0,0.0,0,0.0
경북,봉화군,병원,2019,1,0,0,0.0,0,0.0
경북,봉화군,병원,2020,1,0,0,0.0,0,0.0
경북,봉화군,병원,2021,1,0,0,0.0,0,0.0
경북,봉화군,병원,2022,1,0,0,0.0,0,0.0
경북,봉화군,병원,2023,1,0,0,0.0,0,0.0
경북,봉화군,병원,2024,1,0,0,0.0,0,0.0
경북,봉화군,병원,2025,1,0,0,0.0,0,0.0
경북,봉화군,상급종합병원,2007,0,,0,,,
경북,봉화군,상급종합병원,2008,0,0,0,,0,
경북,봉화군,상급종합병원,2009,0,0,0,,0,
경북,봉화군,상급종합병원,2010,0,0,0,,0,
경북,봉화군,상급종합병원,2011,0,0,0,,0,
경북,봉화군,상급종합병원,2012,0,0,0,,0,
경북,봉화군,상급종합병원,2013,0,0,0,,0,
경북,봉화군,상급종합병원,2014,0,0,0,,0,
경북,봉화군,상급종합병원,2015,0,0,0,,0,
경북,봉화군,상급종합병원,2016,0,0,0,,0,
경북,봉화군,상급종합병원,2017,0,0,0,,0,
경북,봉화군,상급종합병원,2018,0,0,0,,0,
경북,봉화군,상급종합병원,2019,0,0,0,,0,
경북,봉화군,상급종합병원,2020,0,0,0,,0,
경북,봉화군,상급종합병원,2021,0,0,0,,0,
경북,봉화군,상급종합병원,2022,0,0,0,,0,
경북,봉화군,상급종합병원,2023,0,0,0,,0,
경북,봉화군,상급종합병원,2024,0,0,0,,0,
경북,봉화군,상급종합병원,2025,0,0,0,,0,
경북,봉화군,의원,2007,5,,0,0.0,,
경북,봉화군,의원,2008,6,1,0,0.0,1,0.16666666666666666
경북,봉화군,의원,2009,7,1,0,0.0,1,0.14285714285714285
경북,봉화군,의원,2010,7,0,0,0.0,0,0.0
경북,봉화군,의원,2011,7,0,0,0.0,0,0.0
경북,봉화군,의원,2012,7,0,0,0.0,0,0.0
경북,봉화군,의원,2013,7,0,0,0.0,0,0.0
경북,봉화군,의원,2014,7,0,0,0.0,0,0.0
경북,봉화군,의원,2015,7,0,0,0.0,0,0.0
경북,봉화군,의원,2016,7,0,0,0.0,0,0.0
경북,봉화군,의원,2017,7,0,1,0.14285714285714285,1,0.14285714285714285
경북,봉화군,의원,2018,7,0,0,0.0,0,0.0
경북,봉화군,의원,2019,7,0,0,0.0,0,0.0
경북,봉화군,의원,2020,7,0,0,0.0,0,0.0
경북,봉화군,의원,2021,8,1,0,0.0,1,0.125
경북,봉화군,의원,2022,8,0,0,0.0,0,0.0
경북,봉화군,의원,2023,8,0,0,0.0,0,0.0
경북,봉화군,의원,2024,8,0,0,0.0,0,0.0
경북,봉화군,의원,2025,8,0,0,0.0,0,0.0
경북,봉화군,종합병원,2007,0,,0,,,
경북,봉화군,종합병원,2008,0,0,0,,0,
경북,봉화군,종합병원,2009,0,0,0,,0,
경북,봉화군,종합병원,2010,0,0,0,,0,
경북,봉화군,종합병원,2011,0,0,0,,0,
경북,봉화군,종합병원,2012,0,0,0,,0,
경북,봉화군,종합병원,2013,0,0,0,,0,
경북,봉화군,종합병원,2014,0,0,0,,0,
경북,봉화군,종합병원,2015,0,0,0,,0,
경북,봉화군,종합병원,2016,0,0,0,,0,
경북,봉화군,종합병원,2017,0,0,0,,0,
경북,봉화군,종합병원,2018,0,0,0,,0,
경북,봉화군,종합병원,2019,0,0,0,,0,
경북,봉화군,종합병원,2020,0,0,0,,0,
경북,봉화군,종합병원,2021,0,0,0,,0,
경북,봉화군,종합병원,2022,0,0,0,,0,
경북,봉화군,종합병원,2023,0,0,0,,0,
경북,봉화군,종합병원,2024,0,0,0,,0,
경북,봉화군,종합병원,2025,0,0,0,,0,
경북,상주시,병원,2007,2,,0,0.0,,
경북,상주시,병원,2008,1,-1,2,2.0,1,1.0
경북,상주시,병원,2009,1,0,0,0.0,0,0.0
경북,상주시,병원,2010,1,0,1,1.0,1,1.0
경북,상주시,병원,2011,1,0,0,0.0,0,0.0
경북,상주시,병원,2012,1,0,0,0.0,0,0.0
경북,상주시,병원,2013,1,0,0,0.0,0,0.0
경북,상주시,병원,2014,1,0,1,1.0,1,1.0
경북,상주시,병원,2015,1,0,0,0.0,0,0.0
경북,상주시,병원,2016,1,0,0,0.0,0,0.0
경북,상주시,병원,2017,1,0,0,0.0,0,0.0
경북,상주시,병원,2018,1,0,0,0.0,0,0.0
경북,상주시,병원,2019,1,0,0,0.0,0,0.0
경북,상주시,병원,2020,1,0,0,0.0,0,0.0
경북,상주시,병원,2021,0,-1,1,,0,
경북,상주시,병원,2022,0,0,0,,0,
경북,상주시,병원,2023,1,1,0,0.0,1,1.0
경북,상주시,병원,2024,1,0,0,0.0,0,0.0
경북,상주시,병원,2025,1,0,0,0.0,0,0.0
경북,상주시,상급종합병원,2007,0,,0,,,
경북,상주시,상급종합병원,2008,0,0,0,,0,
경북,상주시,상급종합병원,2009,0,0,0,,0,
경북,상주시,상급종합병원,2010,0,0,0,,0,
경북,상주시,상급종합병원,2011,0,0,0,,0,
경북,상주시,상급종합병원,2012,0,0,0,,0,
경북,상주시,상급종합병원,2013,0,0,0,,0,
경북,상주시,상급종합병원,2014,0,0,0,,0,
경북,상주시,상급종합병원,2015,0,0,0,,0,
경북,상주시,상급종합병원,2016,0,0,0,,0,
경북,상주시,상급종합병원,2017,0,0,0,,0,
경북,상주시,상급종합병원,2018,0,0,0,,0,
경북,상주시,상급종합병원,2019,0,0,0,,0,
경북,상주시,상급종합병원,2020,0,0,0,,0,
경북,상주시,상급종합병원,2021,0,0,0,,0,
경북,상주시,상급종합병원,2022,0,0,0,,0,
경북,상주시,상급종합병원,2023,0,0,0,,0,
경북,상주시,상급종합병원,2024,0,0,0,,0,
경북,상주시,상급종합병원,2025,0,0,0,,0,
경북,상주시,의원,2007,40,,0,0.0,,
경북,상주시,의원,2008,43,3,0,0.0,3,0.06976744186046512
경북,상주시,의원,2009,45,2,0,0.0,2,0.044444444444444446
경북,상주시,의원,2010,45,0,3,0.06666666666666667,3,0.06666666666666667
경북,상주시,의원,2011,46,1,3,0.06521739130434782,4,0.08695652173913043
경북,상주시,의원,2012,47,1,3,0.06382978723404255,4,0.0851063829787234
경북,상주시,의원,2013,46,-1,2,0.043478260869565216,1,0.021739130434782608
경북,상주시,의원,2014,45,-1,0,0.0,-1,-0.022222222222222223
경북,상주시,의원,2015,45,0,2,0.044444444444444446,2,0.044444444444444446
경북,상주시,의원,2016,47,2,3,0.06382978723404255,5,0.10638297872340426
경북,상주시,의원,2017,47,0,2,0.0425531914893617,2,0.0425531914893617
경북,상주시,의원,2018,46,-1,1,0.021739130434782608,0,0.0
경북,상주시,의원,2019,46,0,0,0.0,0,0.0
경북,상주시,의원,2020,45,-1,0,0.0,-1,-0.022222222222222223
경북,상주시,의원,2021,45,0,1,0.022222222222222223,1,0.022222222222222223
경북,상주시,의원,2022,44,-1,0,0.0,-1,-0.022727272727272728
경북,상주시,의원,2023,44,0,1,0.022727272727272728,1,0.022727272727272728
경북,상주시,의원,2024,44,0,0,0.0,0,0.0
경북,상주시,의원,2025,46,2,1,0.021739130434782608,3,0.06521739130434782
경북,상주시,종합병원,2007,0,,0,,,
경북,상주시,종합병원,2008,1,1,0,0.0,1,1.0
경북,상주시,종합병원,2009,1,0,0,0.0,0,0.0
경북,상주시,종합병원,2010,2,1,0,0.0,1,0.5
경북,상주시,종합병원,2011,2,0,0,0.0,0,0.0
경북,상주시,종합병원,2012,2,0,0,0.0,0,0.0
경북,상주시,종합병원,2013,2,0,0,0.0,0,0.0
경북,상주시,종합병원,2014,2,0,0,0.0,0,0.0
경북,상주시,종합병원,2015,2,0,0,0.0,0,0.0
경북,상주시,종합병원,2016,2,0,0,0.0,0,0.0
경북,상주시,종합병원,2017,2,0,0,0.0,0,0.0
경북,상주시,종합병원,2018,2,0,0,0.0,0,0.0
경북,상주시,종합병원,2019,2,0,0,0.0,0,0.0
경북,상주시,종합병원,2020,2,0,0,0.0,0,0.0
경북,상주시,종합병원,2021,2,0,0,0.0,0,0.0
경북,상주시,종합병원,2022,2,0,0,0.0,0,0.0
경북,상주시,종합병원,2023,2,0,0,0.0,0,0.0
경북,상주시,종합병원,2024,2,0,0,0.0,0,0.0
경북,상주시,종합병원,2025,2,0,0,0.0,0,0.0
경북,성주군,병원,2007,1,,0,0.0,,
경북,성주군,병원,2008,1,0,0,0.0,0,0.0
경북,성주군,병원,2009,1,0,0,0.0,0,0.0
경북,성주군,병원,2010,1,0,0,0.0,0,0.0
경북,성주군,병원,2011,1,0,0,0.0,0,0.0
경북,성주군,병원,2012,1,0,0,0.0,0,0.0
경북,성주군,병원,2013,1,0,0,0.0,0,0.0
경북,성주군,병원,2014,2,1,0,0.0,1,0.5
경북,성주군,병원,2015,2,0,1,0.5,1,0.5
경북,성주군,병원,2016,2,0,0,0.0,0,0.0
경북,성주군,병원,2017,2,0,0,0.0,0,0.0
경북,성주군,병원,2018,2,0,0,0.0,0,0.0
경북,성주군,병원,2019,2,0,0,0.0,0,0.0
경북,성주군,병원,2020,2,0,0,0.0,0,0.0
경북,성주군,병원,2021,1,-1,1,1.0,0,0.0
경북,성주군,병원,2022,1,0,0,0.0,0,0.0
경북,성주군,병원,2023,1,0,0,0.0,0,0.0
경북,성주군,병원,2024,1,0,0,0.0,0,0.0
경북,성주군,병원,2025,1,0,0,0.0,0,0.0
경북,성주군,상급종합병원,2007,0,,0,,,
경북,성주군,상급종합병원,2008,0,0,0,,0,
경북,성주군,상급종합병원,2009,0,0,0,,0,
경북,성주군,상급종합병원,2010,0,0,0,,0,
경북,성주군,상급종합병원,2011,0,0,0,,0,
경북,성주군,상급종합병원,2012,0,0,0,,0,
경북,성주군,상급종합병원,2013,0,0,0,,0,
경북,성주군,상급종합병원,2014,0,0,0,,0,
경북,성주군,상급종합병원,2015,0,0,0,,0,
경북,성주군,상급종합병원,2016,0,0,0,,0,
경북,성주군,상급종합병원,2017,0,0,0,,0,
경북,성주군,상급종합병원,2018,0,0,0,,0,
경북,성주군,상급종합병원,2019,0,0,0,,0,
경북,성주군,상급종합병원,2020,0,0,0,,0,
경북,성주군,상급종합병원,2021,0,0,0,,0,
경북,성주군,상급종합병원,2022,0,0,0,,0,
경북,성주군,상급종합병원,2023,0,0,0,,0,
경북,성주군,상급종합병원,2024,0,0,0,,0,
경북,성주군,상급종합병원,2025,0,0,0,,0,
경북,성주군,의원,2007,15,,0,0.0,,
경북,성주군,의원,2008,19,4,3,0.15789473684210525,7,0.3684210526315789
경북,성주군,의원,2009,18,-1,0,0.0,-1,-0.05555555555555555
경북,성주군,의원,2010,18,0,0,0.0,0,0.0
경북,성주군,의원,2011,18,0,0,0.0,0,0.0
경북,성주군,의원,2012,20,2,1,0.05,3,0.15
경북,성주군,의원,2013,21,1,1,0.047619047619047616,2,0.09523809523809523
경북,성주군,의원,2014,20,-1,2,0.1,1,0.05
경북,성주군,의원,2015,19,-1,0,0.0,-1,-0.05263157894736842
경북,성주군,의원,2016,18,-1,1,0.05555555555555555,0,0.0
경북,성주군,의원,2017,18,0,0,0.0,0,0.0
경북,성주군,의원,2018,19,1,1,0.05263157894736842,2,0.10526315789473684
경북,성주군,의원,2019,18,-1,0,0.0,-1,-0.05555555555555555
경북,성주군,의원,2020,18,0,1,0.05555555555555555,1,0.05555555555555555
경북,성주군,의원,2021,17,-1,0,0.0,-1,-0.058823529411764705
경북,성주군,의원,2022,17,0,0,0.0,0,0.0
경북,성주군,의원,2023,17,0,0,0.0,0,0.0
경북,성주군,의원,2024,16,-1,1,0.0625,0,0.0
경북,성주군,의원,2025,15,-1,0,0.0,-1,-0.06666666666666667
경북,성주군,종합병원,2007,0,,0,,,
경북,성주군,종합병원,2008,0,0,0,,0,
경북,성주군,종합병원,2009,0,0,0,,0,
경북,성주군,종합병원,2010,0,0,0,,0,
경북,성주군,종합병원,2011,0,0,0,,0,
경북,성주군,종합병원,2012,0,0,0,,0,
경북,성주군,종합병원,2013,0,0,0,,0,
경북,성주군,종합병원,2014,0,0,0,,0,
경북,성주군,종합병원,2015,0,0,0,,0,
경북,성주군,종합병원,2016,0,0,0,,0,
경북,성주군,종합병원,2017,0,0,0,,0,
경북,성주군,종합병원,2018,0,0,0,,0,
경북,성주군,종합병원,2019,0,0,0,,0,
경북,성주군,종합병원,2020,0,0,0,,0,
경북,성주군,종합병원,2021,0,0,0,,0,
경북,성주군,종합병원,2022,0,0,0,,0,
경북,성주군,종합병원,2023,0,0,0,,0,
경북,성주군,종합병원,2024,0,0,0,,0,
경북,성주군,종합병원,2025,0,0,0,,0,
경북,안동시,병원,2007,4,,0,0.0,,
경북,안동시,병원,2008,5,1,2,0.4,3,0.6
경북,안동시,병원,2009,5,0,0,0.0,0,0.0
경북,안동시,병원,2010,4,-1,0,0.0,-1,-0.25
경북,안동시,병원,2011,6,2,1,0.16666666666666666,3,0.5
경북,안동시,병원,2012,5,-1,0,0.0,-1,-0.2
경북,안동시,병원,2013,5,0,1,0.2,1,0.2
경북,안동시,병원,2014,6,1,2,0.3333333333333333,3,0.5
경북,안동시,병원,2015,6,0,0,0.0,0,0.0
경북,안동시,병원,2016,6,0,0,0.0,0,0.0
경북,안동시,병원,2017,6,0,1,0.16666666666666666,1,0.16666666666666666
경북,안동시,병원,2018,5,-1,0,0.0,-1,-0.2
경북,안동시,병원,2019,5,0,0,0.0,0,0.0
경북,안동시,병원,2020,5,0,0,0.0,0,0.0
경북,안동시,병원,2021,3,-2,3,1.0,1,0.3333333333333333
경북,안동시,병원,2022,3,0,0,0.0,0,0.0
경북,안동시,병원,2023,3,0,0,0.0,0,0.0
경북,안동시,병원,2024,3,0,0,0.0,0,0.0
경북,안동시,병원,2025,3,0,0,0.0,0,0.0
경북,안동시,상급종합병원,2007,0,,0,,,
경북,안동시,상급종합병원,2008,0,0,0,,0,
경북,안동시,상급종합병원,2009,0,0,0,,0,
경북,안동시,상급종합병원,2010,0,0,0,,0,
경북,안동시,상급종합병원,2011,0,0,0,,0,
경북,안동시,상급종합병원,2012,0,0,0,,0,
경북,안동시,상급종합병원,2013,0,0,0,,0,
경북,안동시,상급종합병원,2014,0,0,0,,0,
경북,안동시,상급종합병원,2015,0,0,0,,0,
경북,안동시,상급종합병원,2016,0,0,0,,0,
경북,안동시,상급종합병원,2017,0,0,0,,0,
경북,안동시,상급종합병원,2018,0,0,0,,0,
경북,안동시,상급종합병원,2019,0,0,0,,0,
경북,안동시,상급종합병원,2020,0,0,0,,0,
경북,안동시,상급종합병원,2021,0,0,0,,0,
경북,안동시,상급종합병원,2022,0,0,0,,0,
경북,안동시,상급종합병원,2023,0,0,0,,0,
경북,안동시,상급종합병원,2024,0,0,0,,0,
경북,안동시,상급종합병원,2025,0,0,0,,0,
경북,안동시,의원,2007,70,,4,0.05714285714285714,,
경북,안동시,의원,2008,69,-1,2,0.028985507246376812,1,0.014492753623188406
경북,안동시,의원,2009,72,3,7,0.09722222222222222,10,0.1388888888888889
경북,안동시,의원,2010,71,-1,2,0.028169014084507043,1,0.014084507042253521
경북,안동시,의원,2011,73,2,1,0.0136986301369863,3,0.0410958904109589
경북,안동시,의원,2012,76,3,8,0.10526315789473684,11,0.14473684210526316
경북,안동시,의원,2013,73,-3,3,0.0410958904109589,0,0.0
경북,안동시,의원,2014,73,0,2,0.0273972602739726,2,0.0273972602739726
경북,안동시,의원,2015,76,3,4,0.05263157894736842,7,0.09210526315789473
경북,안동시,의원,2016,77,1,2,0.025974025974025976,3,0.03896103896103896
경북,안동시,의원,2017,77,0,4,0.05194805194805195,4,0.05194805194805195
경북,안동시,의원,2018,78,1,3,0.038461538461538464,4,0.05128205128205128
경북,안동시,의원,2019,76,-2,1,0.013157894736842105,-1,-0.013157894736842105
경북,안동시,의원,2020,80,4,1,0.0125,5,0.0625
경북,안동시,의원,2021,78,-2,2,0.02564102564102564,0,0.0
경북,안동시,의원,2022,80,2,2,0.025,4,0.05
경북,안동시,의원,2023,77,-3,3,0.03896103896103896,0,0.0
경북,안동시,의원,2024,77,0,2,0.025974025974025976,2,0.025974025974025976
경북,안동시,의원,2025,78,1,1,0.01282051282051282,2,0.02564102564102564
경북,안동시,종합병원,2007,3,,0,0.0,,
경북,안동시,종합병원,2008,3,0,0,0.0,0,0.0
경북,안동시,종합병원,2009,3,0,0,0.0,0,0.0
경북,안동시,종합병원,2010,3,0,0,0.0,0,0.0
경북,안동시,종합병원,2011,3,0,0,0.0,0,0.0
경북,안동시,종합병원,2012,3,0,0,0.0,0,0.0
경북,안동시,종합병원,2013,3,0,0,0.0,0,0.0
경북,안동시,종합병원,2014,3,0,0,0.0,0,0.0
경북,안동시,종합병원,2015,3,0,0,0.0,0,0.0
경북,안동시,종합병원,2016,3,0,0,0.0,0,0.0
경북,안동시,종합병원,2017,3,0,0,0.0,0,0.0
경북,안동시,종합병원,2018,3,0,0,0.0,0,0.0
경북,안동시,종합병원,2019,3,0,0,0.0,0,0.0
경북,안동시,종합병원,2020,3,0,0,0.0,0,0.0
경북,안동시,종합병원,2021,3,0,0,0.0,0,0.0
경북,안동시,종합병원,2022,3,0,0,0.0,0,0.0
경북,안동시,종합병원,2023,3,0,0,0.0,0,0.0
경북,안동시,종합병원,2024,3,0,0,0.0,0,0.0
경북,안동시,종합병원,2025,3,0,0,0.0,0,0.0
경북,영덕군,병원,2007,2,,0,0.0,,
경북,영덕군,병원,2008,2,0,0,0.0,0,0.0
경북,영덕군,병원,2009,3,1,0,0.0,1,0.3333333333333333
경북,영덕군,병원,2010,3,0,0,0.0,0,0.0
경북,영덕군,병원,2011,3,0,0,0.0,0,0.0
경북,영덕군,병원,2012,3,0,1,0.3333333333333333,1,0.3333333333333333
경북,영덕군,병원,2013,2,-1,0,0.0,-1,-0.5
경북,영덕군,병원,2014,1,-1,0,0.0,-1,-1.0
경북,영덕군,병원,2015,1,0,0,0.0,0,0.0
경북,영덕군,병원,2016,1,0,0,0.0,0,0.0
경북,영덕군,병원,2017,1,0,1,1.0,1,1.0
경북,영덕군,병원,2018,1,0,0,0.0,0,0.0
경북,영덕군,병원,2019,1,0,0,0.0,0,0.0
경북,영덕군,병원,2020,1,0,0,0.0,0,0.0
경북,영덕군,병원,2021,1,0,0,0.0,0,0.0
경북,영덕군,병원,2022,1,0,0,0.0,0,0.0
경북,영덕군,병원,2023,1,0,0,0.0,0,0.0
경북,영덕군,병원,2024,1,0,0,0.0,0,0.0
경북,영덕군,병원,2025,1,0,0,0.0,0,0.0
경북,영덕군,상급종합병원,2007,0,,0,,,
경북,영덕군,상급종합병원,2008,0,0,0,,0,
경북,영덕군,상급종합병원,2009,0,0,0,,0,
경북,영덕군,상급종합병원,2010,0,0,0,,0,
경북,영덕군,상급종합병원,2011,0,0,0,,0,
경북,영덕군,상급종합병원,2012,0,0,0,,0,
경북,영덕군,상급종합병원,2013,0,0,0,,0,
경북,영덕군,상급종합병원,2014,0,0,0,,0,
경북,영덕군,상급종합병원,2015,0,0,0,,0,
경북,영덕군,상급종합병원,2016,0,0,0,,0,
경북,영덕군,상급종합병원,2017,0,0,0,,0,
경북,영덕군,상급종합병원,2018,0,0,0,,0,
경북,영덕군,상급종합병원,2019,0,0,0,,0,
경북,영덕군,상급종합병원,2020,0,0,0,,0,
경북,영덕군,상급종합병원,2021,0,0,0,,0,
경북,영덕군,상급종합병원,2022,0,0,0,,0,
경북,영덕군,상급종합병원,2023,0,0,0,,0,
경북,영덕군,상급종합병원,2024,0,0,0,,0,
경북,영덕군,상급종합병원,2025,0,0,0,,0,
경북,영덕군,의원,2007,17,,0,0.0,,
경북,영덕군,의원,2008,18,1,1,0.05555555555555555,2,0.1111111111111111
경북,영덕군,의원,2009,18,0,0,0.0,0,0.0
경북,영덕군,의원,2010,18,0,0,0.0,0,0.0
경북,영덕군,의원,2011,17,-1,2,0.11764705882352941,1,0.058823529411764705
경북,영덕군,의원,2012,17,0,1,0.058823529411764705,1,0.058823529411764705
경북,영덕군,의원,2013,14,-3,1,0.07142857142857142,-2,-0.14285714285714285
경북,영덕군,의원,2014,15,1,0,0.0,1,0.06666666666666667
경북,영덕군,의원,2015,16,1,2,0.125,3,0.1875
경북,영덕군,의원,2016,17,1,2,0.11764705882352941,3,0.17647058823529413
경북,영덕군,의원,2017,17,0,2,0.11764705882352941,2,0.11764705882352941
경북,영덕군,의원,2018,18,1,1,0.05555555555555555,2,0.1111111111111111
경북,영덕군,의원,2019,17,-1,1,0.058823529411764705,0,0.0
경북,영덕군,의원,2020,17,0,0,0.0,0,0.0
경북,영덕군,의원,2021,17,0,1,0.058823529411764705,1,0.058823529411764705
경북,영덕군,의원,2022,18,1,0,0.0,1,0.05555555555555555
경북,영덕군,의원,2023,18,0,0,0.0,0,0.0
경북,영덕군,의원,2024,18,0,2,0.1111111111111111,2,0.1111111111111111
경북,영덕군,의원,2025,19,1,1,0.05263157894736842,2,0.10526315789473684
경북,영덕군,종합병원,2007,0,,0,,,
경북,영덕군,종합병원,2008,0,0,0,,0,
경북,영덕군,종합병원,2009,0,0,0,,0,
경북,영덕군,종합병원,2010,0,0,0,,0,
경북,영덕군,종합병원,2011,0,0,0,,0,
경북,영덕군,종합병원,2012,0,0,0,,0,
경북,영덕군,종합병원,2013,0,0,0,,0,
경북,영덕군,종합병원,2014,0,0,0,,0,
경북,영덕군,종합병원,2015,0,0,0,,0,
경북,영덕군,종합병원,2016,0,0,0,,0,
경북,영덕군,종합병원,2017,0,0,0,,0,
경북,영덕군,종합병원,2018,0,0,0,,0,
경북,영덕군,종합병원,2019,0,0,0,,0,
경북,영덕군,종합병원,2020,0,0,0,,0,
경북,영덕군,종합병원,2021,0,0,0,,0,
경북,영덕군,종합병원,2022,0,0,0,,0,
경북,영덕군,종합병원,2023,0,0,0,,0,
경북,영덕군,종합병원,2024,0,0,0,,0,
경북,영덕군,종합병원,2025,0,0,0,,0,
경북,영양군,병원,2007,1,,0,0.0,,
경북,영양군,병원,2008,1,0,0,0.0,0,0.0
경북,영양군,병원,2009,1,0,0,0.0,0,0.0
경북,영양군,병원,2010,1,0,0,0.0,0,0.0
경북,영양군,병원,2011,1,0,0,0.0,0,0.0
경북,영양군,병원,2012,1,0,0,0.0,0,0.0
경북,영양군,병원,2013,1,0,0,0.0,0,0.0
경북,영양군,병원,2014,1,0,0,0.0,0,0.0
경북,영양군,병원,2015,1,0,0,0.0,0,0.0
경북,영양군,병원,2016,1,0,0,0.0,0,0.0
경북,영양군,병원,2017,1,0,0,0.0,0,0.0
경북,영양군,병원,2018,1,0,0,0.0,0,0.0
경북,영양군,병원,2019,1,0,0,0.0,0,0.0
경북,영양군,병원,2020,1,0,0,0.0,0,0.0
경북,영양군,병원,2021,1,0,0,0.0,0,0.0
경북,영양군,병원,2022,1,0,0,0.0,0,0.0
경북,영양군,병원,2023,1,0,0,0.0,0,0.0
경북,영양군,병원,2024,1,0,0,0.0,0,0.0
경북,영양군,병원,2025,1,0,0,0.0,0,0.0
경북,영양군,상급종합병원,2007,0,,0,,,
경북,영양군,상급종합병원,2008,0,0,0,,0,
경북,영양군,상급종합병원,2009,0,0,0,,0,
경북,영양군,상급종합병원,2010,0,0,0,,0,
경북,영양군,상급종합병원,2011,0,0,0,,0,
경북,영양군,상급종합병원,2012,0,0,0,,0,
경북,영양군,상급종합병원,2013,0,0,0,,0,
경북,영양군,상급종합병원,2014,0,0,0,,0,
경북,영양군,상급종합병원,2015,0,0,0,,0,
경북,영양군,상급종합병원,2016,0,0,0,,0,
경북,영양군,상급종합병원,2017,0,0,0,,0,
경북,영양군,상급종합병원,2018,0,0,0,,0,
경북,영양군,상급종합병원,2019,0,0,0,,0,
경북,영양군,상급종합병원,2020,0,0,0,,0,
경북,영양군,상급종합병원,2021,0,0,0,,0,
경북,영양군,상급종합병원,2022,0,0,0,,0,
경북,영양군,상급종합병원,2023,0,0,0,,0,
경북,영양군,상급종합병원,2024,0,0,0,,0,
경북,영양군,상급종합병원,2025,0,0,0,,0,
경북,영양군,의원,2007,2,,0,0.0,,
경북,영양군,의원,2008,2,0,0,0.0,0,0.0
경북,영양군,의원,2009,2,0,0,0.0,0,0.0
경북,영양군,의원,2010,2,0,0,0.0,0,0.0
경북,영양군,의원,2011,2,0,0,0.0,0,0.0
경북,영양군,의원,2012,2,0,0,0.0,0,0.0
경북,영양군,의원,2013,2,0,1,0.5,1,0.5
경북,영양군,의원,2014,1,-1,0,0.0,-1,-1.0
경북,영양군,의원,2015,1,0,0,0.0,0,0.0
경북,영양군,의원,2016,1,0,0,0.0,0,0.0
경북,영양군,의원,2017,1,0,0,0.0,0,0.0
경북,영양군,의원,2018,1,0,0,0.0,0,0.0
경북,영양군,의원,2019,1,0,0,0.0,0,0.0
경북,영양군,의원,2020,1,0,0,0.0,0,0.0
경북,영양군,의원,2021,1,0,0,0.0,0,0.0
경북,영양군,의원,2022,1,0,0,0.0,0,0.0
경북,영양군,의원,2023,1,0,0,0.0,0,0.0
경북,영양군,의원,2024,1,0,0,0.0,0,0.0
경북,영양군,의원,2025,1,0,0,0.0,0,0.0
경북,영양군,종합병원,2007,0,,0,,,
경북,영양군,종합병원,2008,0,0,0,,0,
경북,영양군,종합병원,2009,0,0,0,,0,
경북,영양군,종합병원,2010,0,0,0,,0,
경북,영양군,종합병원,2011,0,0,0,,0,
경북,영양군,종합병원,2012,0,0,0,,0,
경북,영양군,종합병원,2013,0,0,0,,0,
경북,영양군,종합병원,2014,0,0,0,,0,
경북,영양군,종합병원,2015,0,0,0,,0,
경북,영양군,종합병원,2016,0,0,0,,0,
경북,영양군,종합병원,2017,0,0,0,,0,
경북,영양군,종합병원,2018,0,0,0,,0,
경북,영양군,종합병원,2019,0,0,0,,0,
경북,영양군,종합병원,2020,0,0,0,,0,
경북,영양군,종합병원,2021,0,0,0,,0,
경북,영양군,종합병원,2022,0,0,0,,0,
경북,영양군,종합병원,2023,0,0,0,,0,
경북,영양군,종합병원,2024,0,0,0,,0,
경북,영양군,종합병원,2025,0,0,0,,0,
경북,영주시,병원,2007,3,,0,0.0,,
경북,영주시,병원,2008,3,0,0,0.0,0,0.0
경북,영주시,병원,2009,4,1,0,0.0,1,0.25
경북,영주시,병원,2010,4,0,0,0.0,0,0.0
경북,영주시,병원,2011,4,0,0,0.0,0,0.0
경북,영주시,병원,2012,5,1,0,0.0,1,0.2
경북,영주시,병원,2013,6,1,0,0.0,1,0.16666666666666666
경북,영주시,병원,2014,5,-1,1,0.2,0,0.0
경북,영주시,병원,2015,6,1,0,0.0,1,0.16666666666666666
경북,영주시,병원,2016,6,0,0,0.0,0,0.0
경북,영주시,병원,2017,6,0,0,0.0,0,0.0
경북,영주시,병원,2018,6,0,1,0.16666666666666666,1,0.16666666666666666
경북,영주시,병원,2019,6,0,0,0.0,0,0.0
경북,영주시,병원,2020,6,0,0,0.0,0,0.0
경북,영주시,병원,2021,4,-2,2,0.5,0,0.0
경북,영주시,병원,2022,4,0,0,0.0,0,0.0
경북,영주시,병원,2023,4,0,2,0.5,2,0.5
경북,영주시,병원,2024,5,1,1,0.2,2,0.4
경북,영주시,병원,2025,4,-1,0,0.0,-1,-0.25
경북,영주시,상급종합병원,2007,0,,0,,,
경북,영주시,상급종합병원,2008,0,0,0,,0,
경북,영주시,상급종합병원,2009,0,0,0,,0,
경북,영주시,상급종합병원,2010,0,0,0,,0,
경북,영주시,상급종합병원,2011,0,0,0,,0,
경북,영주시,상급종합병원,2012,0,0,0,,0,
경북,영주시,상급종합병원,2013,0,0,0,,0,
경북,영주시,상급종합병원,2014,0,0,0,,0,
경북,영주시,상급종합병원,2015,0,0,0,,0,
경북,영주시,상급종합병원,2016,0,0,0,,0,
경북,영주시,상급종합병원,2017,0,0,0,,0,
경북,영주시,상급종합병원,2018,0,0,0,,0,
경북,영주시,상급종합병원,2019,0,0,0,,0,
경북,영주시,상급종합병원,2020,0,0,0,,0,
경북,영주시,상급종합병원,2021,0,0,0,,0,
경북,영주시,상급종합병원,2022,0,0,0,,0,
경북,영주시,상급종합병원,2023,0,0,0,,0,
경북,영주시,상급종합병원,2024,0,0,0,,0,
경북,영주시,상급종합병원,2025,0,0,0,,0,
경북,영주시,의원,2007,55,,4,0.07272727272727272,,
경북,영주시,의원,2008,57,2,3,0.05263157894736842,5,0.08771929824561403
경북,영주시,의원,2009,57,0,2,0.03508771929824561,2,0.03508771929824561
경북,영주시,의원,2010,58,1,3,0.05172413793103448,4,0.06896551724137931
경북,영주시,의원,2011,57,-1,4,0.07017543859649122,3,0.05263157894736842
경북,영주시,의원,2012,57,0,4,0.07017543859649122,4,0.07017543859649122
경북,영주시,의원,2013,55,-2,2,0.03636363636363636,0,0.0
경북,영주시,의원,2014,53,-2,2,0.03773584905660377,0,0.0
경북,영주시,의원,2015,53,0,1,0.018867924528301886,1,0.018867924528301886
경북,영주시,의원,2016,54,1,3,0.05555555555555555,4,0.07407407407407407
경북,영주시,의원,2017,54,0,3,0.05555555555555555,3,0.05555555555555555
경북,영주시,의원,2018,52,-2,2,0.038461538461538464,0,0.0
경북,영주시,의원,2019,50,-2,1,0.02,-1,-0.02
경북,영주시,의원,2020,51,1,1,0.0196078431372549,2,0.0392156862745098
경북,영주시,의원,2021,52,1,2,0.038461538461538464,3,0.057692307692307696
경북,영주시,의원,2022,52,0,0,0.0,0,0.0
경북,영주시,의원,2023,52,0,0,0.0,0,0.0
경북,영주시,의원,2024,53,1,1,0.018867924528301886,2,0.03773584905660377
경북,영주시,의원,2025,52,-1,2,0.038461538461538464,1,0.019230769230769232
경북,영주시,종합병원,2007,0,,0,,,
경북,영주시,종합병원,2008,0,0,0,,0,
경북,영주시,종합병원,2009,0,0,0,,0,
경북,영주시,종합병원,2010,0,0,0,,0,
경북,영주시,종합병원,2011,0,0,0,,0,
경북,영주시,종합병원,2012,0,0,0,,0,
경북,영주시,종합병원,2013,0,0,0,,0,
경북,영주시,종합병원,2014,0,0,0,,0,
경북,영주시,종합병원,2015,0,0,0,,0,
경북,영주시,종합병원,2016,0,0,0,,0,
경북,영주시,종합병원,2017,0,0,0,,0,
경북,영주시,종합병원,2018,0,0,0,,0,
경북,영주시,종합병원,2019,1,1,0,0.0,1,1.0
경북,영주시,종합병원,2020,1,0,0,0.0,0,0.0
경북,영주시,종합병원,2021,1,0,0,0.0,0,0.0
경북,영주시,종합병원,2022,1,0,0,0.0,0,0.0
경북,영주시,종합병원,2023,1,0,0,0.0,0,0.0
경북,영주시,종합병원,2024,1,0,0,0.0,0,0.0
경북,영주시,종합병원,2025,1,0,0,0.0,0,0.0
경북,영천시,병원,2007,3,,1,0.3333333333333333,,
경북,영천시,병원,2008,4,1,2,0.5,3,0.75
경북,영천시,병원,2009,4,0,0,0.0,0,0.0
경북,영천시,병원,2010,4,0,0,0.0,0,0.0
경북,영천시,병원,2011,4,0,1,0.25,1,0.25
경북,영천시,병원,2012,3,-1,0,0.0,-1,-0.3333333333333333
경북,영천시,병원,2013,3,0,0,0.0,0,0.0
경북,영천시,병원,2014,3,0,0,0.0,0,0.0
경북,영천시,병원,2015,3,0,0,0.0,0,0.0
경북,영천시,병원,2016,3,0,0,0.0,0,0.0
경북,영천시,병원,2017,3,0,0,0.0,0,0.0
경북,영천시,병원,2018,3,0,1,0.3333333333333333,1,0.3333333333333333
경북,영천시,병원,2019,2,-1,0,0.0,-1,-0.5
경북,영천시,병원,2020,2,0,0,0.0,0,0.0
경북,영천시,병원,2021,2,0,2,1.0,2,1.0
경북,영천시,병원,2022,1,-1,0,0.0,-1,-1.0
경북,영천시,병원,2023,1,0,0,0.0,0,0.0
경북,영천시,병원,2024,1,0,0,0.0,0,0.0
경북,영천시,병원,2025,1,0,0,0.0,0,0.0
경북,영천시,상급종합병원,2007,0,,0,,,
경북,영천시,상급종합병원,2008,0,0,0,,0,
경북,영천시,상급종합병원,2009,0,0,0,,0,
경북,영천시,상급종합병원,2010,0,0,0,,0,
경북,영천시,상급종합병원,2011,0,0,0,,0,
경북,영천시,상급종합병원,2012,0,0,0,,0,
경북,영천시,상급종합병원,2013,0,0,0,,0,
경북,영천시,상급종합병원,2014,0,0,0,,0,
경북,영천시,상급종합병원,2015,0,0,0,,0,
경북,영천시,상급종합병원,2016,0,0,0,,0,
경북,영천시,상급종합병원,2017,0,0,0,,0,
경북,영천시,상급종합병원,2018,0,0,0,,0,
경북,영천시,상급종합병원,2019,0,0,0,,0,
경북,영천시,상급종합병원,2020,0,0,0,,0,
경북,영천시,상급종합병원,2021,0,0,0,,0,
경북,영천시,상급종합병원,2022,0,0,0,,0,
경북,영천시,상급종합병원,2023,0,0,0,,0,
경북,영천시,상급종합병원,2024,0,0,0,,0,
경북,영천시,상급종합병원,2025,0,0,0,,0,
경북,영천시,의원,2007,53,,4,0.07547169811320754,,
경북,영천시,의원,2008,54,1,2,0.037037037037037035,3,0.05555555555555555
경북,영천시,의원,2009,61,7,2,0.03278688524590164,9,0.14754098360655737
경북,영천시,의원,2010,61,0,2,0.03278688524590164,2,0.03278688524590164
경북,영천시,의원,2011,60,-1,1,0.016666666666666666,0,0.0
경북,영천시,의원,2012,59,-1,3,0.05084745762711865,2,0.03389830508474576
경북,영천시,의원,2013,57,-2,1,0.017543859649122806,-1,-0.017543859649122806
경북,영천시,의원,2014,58,1,2,0.034482758620689655,3,0.05172413793103448
경북,영천시,의원,2015,57,-1,1,0.017543859649122806,0,0.0
경북,영천시,의원,2016,58,1,4,0.06896551724137931,5,0.08620689655172414
경북,영천시,의원,2017,60,2,2,0.03333333333333333,4,0.06666666666666667
경북,영천시,의원,2018,59,-1,1,0.01694915254237288,0,0.0
경북,영천시,의원,2019,60,1,4,0.06666666666666667,5,0.08333333333333333
경북,영천시,의원,2020,58,-2,0,0.0,-2,-0.034482758620689655
경북,영천시,의원,2021,57,-1,1,0.017543859649122806,0,0.0
경북,영천시,의원,2022,57,0,0,0.0,0,0.0
경북,영천시,의원,2023,57,0,3,0.05263157894736842,3,0.05263157894736842
경북,영천시,의원,2024,56,-1,1,0.017857142857142856,0,0.0
경북,영천시,의원,2025,57,1,1,0.017543859649122806,2,0.03508771929824561
경북,영천시,종합병원,2007,1,,0,0.0,,
경북,영천시,종합병원,2008,1,0,0,0.0,0,0.0
경북,영천시,종합병원,2009,1,0,0,0.0,0,0.0
경북,영천시,종합병원,2010,1,0,0,0.0,0,0.0
경북,영천시,종합병원,2011,1,0,0,0.0,0,0.0
경북,영천시,종합병원,2012,1,0,0,0.0,0,0.0
경북,영천시,종합병원,2013,1,0,0,0.0,0,0.0
경북,영천시,종합병원,2014,1,0,0,0.0,0,0.0
경북,영천시,종합병원,2015,1,0,0,0.0,0,0.0
경북,영천시,종합병원,2016,1,0,0,0.0,0,0.0
경북,영천시,종합병원,2017,1,0,0,0.0,0,0.0
경북,영천시,종합병원,2018,1,0,0,0.0,0,0.0
경북,영천시,종합병원,2019,1,0,0,0.0,0,0.0
경북,영천시,종합병원,2020,1,0,0,0.0,0,0.0
경북,영천시,종합병원,2021,1,0,0,0.0,0,0.0
경북,영천시,종합병원,2022,1,0,0,0.0,0,0.0
경북,영천시,종합병원,2023,1,0,0,0.0,0,0.0
경북,영천시,종합병원,2024,1,0,0,0.0,0,0.0
경북,영천시,종합병원,2025,1,0,0,0.0,0,0.0
경북,예천군,병원,2007,1,,0,0.0,,
경북,예천군,병원,2008,1,0,0,0.0,0,0.0
경북,예천군,병원,2009,1,0,0,0.0,0,0.0
경북,예천군,병원,2010,1,0,0,0.0,0,0.0
경북,예천군,병원,2011,1,0,0,0.0,0,0.0
경북,예천군,병원,2012,1,0,0,0.0,0,0.0
경북,예천군,병원,2013,1,0,0,0.0,0,0.0
경북,예천군,병원,2014,1,0,0,0.0,0,0.0
경북,예천군,병원,2015,1,0,0,0.0,0,0.0
경북,예천군,병원,2016,1,0,0,0.0,0,0.0
경북,예천군,병원,2017,1,0,0,0.0,0,0.0
경북,예천군,병원,2018,1,0,0,0.0,0,0.0
경북,예천군,병원,2019,1,0,0,0.0,0,0.0
경북,예천군,병원,2020,1,0,0,0.0,0,0.0
경북,예천군,병원,2021,1,0,0,0.0,0,0.0
경북,예천군,병원,2022,1,0,0,0.0,0,0.0
경북,예천군,병원,2023,1,0,1,1.0,1,1.0
경북,예천군,병원,2024,1,0,0,0.0,0,0.0
경북,예천군,병원,2025,1,0,0,0.0,0,0.0
경북,예천군,상급종합병원,2007,0,,0,,,
경북,예천군,상급종합병원,2008,0,0,0,,0,
경북,예천군,상급종합병원,2009,0,0,0,,0,
경북,예천군,상급종합병원,2010,0,0,0,,0,
경북,예천군,상급종합병원,2011,0,0,0,,0,
경북,예천군,상급종합병원,2012,0,0,0,,0,
경북,예천군,상급종합병원,2013,0,0,0,,0,
경북,예천군,상급종합병원,2014,0,0,0,,0,
경북,예천군,상급종합병원,2015,0,0,0,,0,
경북,예천군,상급종합병원,2016,0,0,0,,0,
경북,예천군,상급종합병원,2017,0,0,0,,0,
경북,예천군,상급종합병원,2018,0,0,0,,0,
경북,예천군,상급종합병원,2019,0,0,0,,0,
경북,예천군,상급종합병원,2020,0,0,0,,0,
경북,예천군,상급종합병원,2021,0,0,0,,0,
경북,예천군,상급종합병원,2022,0,0,0,,0,
경북,예천군,상급종합병원,2023,0,0,0,,0,
경북,예천군,상급종합병원,2024,0,0,0,,0,
경북,예천군,상급종합병원,2025,0,0,0,,0,
경북,예천군,의원,2007,19,,0,0.0,,
경북,예천군,의원,2008,18,-1,0,0.0,-1,-0.05555555555555555
경북,예천군,의원,2009,18,0,2,0.1111111111111111,2,0.1111111111111111
경북,예천군,의원,2010,17,-1,2,0.11764705882352941,1,0.058823529411764705
경북,예천군,의원,2011,15,-2,1,0.06666666666666667,-1,-0.06666666666666667
경북,예천군,의원,2012,16,1,2,0.125,3,0.1875
경북,예천군,의원,2013,16,0,1,0.0625,1,0.0625
경북,예천군,의원,2014,15,-1,0,0.0,-1,-0.06666666666666667
경북,예천군,의원,2015,15,0,1,0.06666666666666667,1,0.06666666666666667
경북,예천군,의원,2016,15,0,0,0.0,0,0.0
경북,예천군,의원,2017,15,0,0,0.0,0,0.0
경북,예천군,의원,2018,18,3,0,0.0,3,0.16666666666666666
경북,예천군,의원,2019,18,0,0,0.0,0,0.0
경북,예천군,의원,2020,21,3,1,0.047619047619047616,4,0.19047619047619047
경북,예천군,의원,2021,21,0,1,0.047619047619047616,1,0.047619047619047616
경북,예천군,의원,2022,20,-1,0,0.0,-1,-0.05
경북,예천군,의원,2023,20,0,2,0.1,2,0.1
경북,예천군,의원,2024,20,0,0,0.0,0,0.0
경북,예천군,의원,2025,20,0,0,0.0,0,0.0
경북,예천군,종합병원,2007,0,,0,,,
경북,예천군,종합병원,2008,0,0,0,,0,
경북,예천군,종합병원,2009,0,0,0,,0,
경북,예천군,종합병원,2010,0,0,0,,0,
경북,예천군,종합병원,2011,0,0,0,,0,
경북,예천군,종합병원,2012,0,0,0,,0,
경북,예천군,종합병원,2013,0,0,0,,0,
경북,예천군,종합병원,2014,0,0,0,,0,
경북,예천군,종합병원,2015,0,0,0,,0,
경북,예천군,종합병원,2016,0,0,0,,0,
경북,예천군,종합병원,2017,0,0,0,,0,
경북,예천군,종합병원,2018,0,0,0,,0,
경북,예천군,종합병원,2019,0,0,0,,0,
경북,예천군,종합병원,2020,0,0,0,,0,
경북,예천군,종합병원,2021,0,0,0,,0,
경북,예천군,종합병원,2022,0,0,0,,0,
경북,예천군,종합병원,2023,0,0,0,,0,
경북,예천군,종합병원,2024,0,0,0,,0,
경북,예천군,종합병원,2025,0,0,0,,0,
경북,울릉군,병원,2007,0,,0,,,
경북,울릉군,병원,2008,0,0,0,,0,
경북,울릉군,병원,2009,0,0,0,,0,
경북,울릉군,병원,2010,0,0,0,,0,
경북,울릉군,병원,2011,0,0,0,,0,
경북,울릉군,병원,2012,0,0,0,,0,
경북,울릉군,병원,2013,0,0,0,,0,
경북,울릉군,병원,2014,0,0,0,,0,
경북,울릉군,병원,2015,0,0,0,,0,
경북,울릉군,병원,2016,0,0,0,,0,
경북,울릉군,병원,2017,0,0,0,,0,
경북,울릉군,병원,2018,0,0,0,,0,
경북,울릉군,병원,2019,0,0,0,,0,
경북,울릉군,병원,2020,0,0,0,,0,
경북,울릉군,병원,2021,0,0,0,,0,
경북,울릉군,병원,2022,0,0,0,,0,
경북,울릉군,병원,2023,0,0,0,,0,
경북,울릉군,병원,2024,0,0,0,,0,
경북,울릉군,병원,2025,0,0,0,,0,
경북,울릉군,상급종합병원,2007,0,,0,,,
경북,울릉군,상급종합병원,2008,0,0,0,,0,
경북,울릉군,상급종합병원,2009,0,0,0,,0,
경북,울릉군,상급종합병원,2010,0,0,0,,0,
경북,울릉군,상급종합병원,2011,0,0,0,,0,
경북,울릉군,상급종합병원,2012,0,0,0,,0,
경북,울릉군,상급종합병원,2013,0,0,0,,0,
경북,울릉군,상급종합병원,2014,0,0,0,,0,
경북,울릉군,상급종합병원,2015,0,0,0,,0,
경북,울릉군,상급종합병원,2016,0,0,0,,0,
경북,울릉군,상급종합병원,2017,0,0,0,,0,
경북,울릉군,상급종합병원,2018,0,0,0,,0,
경북,울릉군,상급종합병원,2019,0,0,0,,0,
경북,울릉군,상급종합병원,2020,0,0,0,,0,
경북,울릉군,상급종합병원,2021,0,0,0,,0,
경북,울릉군,상급종합병원,2022,0,0,0,,0,
경북,울릉군,상급종합병원,2023,0,0,0,,0,
경북,울릉군,상급종합병원,2024,0,0,0,,0,
경북,울릉군,상급종합병원,2025,0,0,0,,0,
경북,울릉군,의원,2007,0,,0,,,
경북,울릉군,의원,2008,0,0,0,,0,
경북,울릉군,의원,2009,0,0,1,,1,
경북,울릉군,의원,2010,0,0,0,,0,
경북,울릉군,의원,2011,0,0,0,,0,
경북,울릉군,의원,2012,0,0,0,,0,
경북,울릉군,의원,2013,0,0,0,,0,
경북,울릉군,의원,2014,0,0,0,,0,
경북,울릉군,의원,2015,0,0,0,,0,
경북,울릉군,의원,2016,0,0,0,,0,
경북,울릉군,의원,2017,0,0,0,,0,
경북,울릉군,의원,2018,0,0,0,,0,
경북,울릉군,의원,2019,0,0,0,,0,
경북,울릉군,의원,2020,0,0,0,,0,
경북,울릉군,의원,2021,0,0,0,,0,
경북,울릉군,의원,2022,0,0,0,,0,
경북,울릉군,의원,2023,0,0,0,,0,
경북,울릉군,의원,2024,0,0,0,,0,
경북,울릉군,의원,2025,0,0,0,,0,
경북,울릉군,종합병원,2007,0,,0,,,
경북,울릉군,종합병원,2008,0,0,0,,0,
경북,울릉군,종합병원,2009,0,0,0,,0,
경북,울릉군,종합병원,2010,0,0,0,,0,
경북,울릉군,종합병원,2011,0,0,0,,0,
경북,울릉군,종합병원,2012,0,0,0,,0,
경북,울릉군,종합병원,2013,0,0,0,,0,
경북,울릉군,종합병원,2014,0,0,0,,0,
경북,울릉군,종합병원,2015,0,0,0,,0,
경북,울릉군,종합병원,2016,0,0,0,,0,
경북,울릉군,종합병원,2017,0,0,0,,0,
경북,울릉군,종합병원,2018,0,0,0,,0,
경북,울릉군,종합병원,2019,0,0,0,,0,
경북,울릉군,종합병원,2020,0,0,0,,0,
경북,울릉군,종합병원,2021,0,0,0,,0,
경북,울릉군,종합병원,2022,0,0,0,,0,
경북,울릉군,종합병원,2023,0,0,0,,0,
경북,울릉군,종합병원,2024,0,0,0,,0,
경북,울릉군,종합병원,2025,0,0,0,,0,
경북,울진군,병원,2007,2,,1,0.5,,
경북,울진군,병원,2008,2,0,0,0.0,0,0.0
경북,울진군,병원,2009,2,0,0,0.0,0,0.0
경북,울진군,병원,2010,2,0,0,0.0,0,0.0
경북,울진군,병원,2011,2,0,0,0.0,0,0.0
경북,울진군,병원,2012,2,0,0,0.0,0,0.0
경북,울진군,병원,2013,2,0,0,0.0,0,0.0
경북,울진군,병원,2014,2,0,0,0.0,0,0.0
경북,울진군,병원,2015,2,0,0,0.0,0,0.0
경북,울진군,병원,2016,2,0,0,0.0,0,0.0
경북,울진군,병원,2017,2,0,0,0.0,0,0.0
경북,울진군,병원,2018,2,0,0,0.0,0,0.0
경북,울진군,병원,2019,1,-1,1,1.0,0,0.0
경북,울진군,병원,2020,1,0,0,0.0,0,0.0
경북,울진군,병원,2021,1,0,0,0.0,0,0.0
경북,울진군,병원,2022,1,0,0,0.0,0,0.0
경북,울진군,병원,2023,1,0,0,0.0,0,0.0
경북,울진군,병원,2024,1,0,0,0.0,0,0.0
경북,울진군,병원,2025,1,0,0,0.0,0,0.0
경북,울진군,상급종합병원,2007,0,,0,,,
경북,울진군,상급종합병원,2008,0,0,0,,0,
경북,울진군,상급종합병원,2009,0,0,0,,0,
경북,울진군,상급종합병원,2010,0,0,0,,0,
경북,울진군,상급종합병원,2011,0,0,0,,0,
경북,울진군,상급종합병원,2012,0,0,0,,0,
경북,울진군,상급종합병원,2013,0,0,0,,0,
경북,울진군,상급종합병원,2014,0,0,0,,0,
경북,울진군,상급종합병원,2015,0,0,0,,0,
경북,울진군,상급종합병원,2016,0,0,0,,0,
경북,울진군,상급종합병원,2017,0,0,0,,0,
경북,울진군,상급종합병원,2018,0,0,0,,0,
경북,울진군,상급종합병원,2019,0,0,0,,0,
경북,울진군,상급종합병원,2020,0,0,0,,0,
경북,울진군,상급종합병원,2021,0,0,0,,0,
경북,울진군,상급종합병원,2022,0,0,0,,0,
경북,울진군,상급종합병원,2023,0,0,0,,0,
경북,울진군,상급종합병원,2024,0,0,0,,0,
경북,울진군,상급종합병원,2025,0,0,0,,0,
경북,울진군,의원,2007,18,,3,0.16666666666666666,,
경북,울진군,의원,2008,16,-2,1,0.0625,-1,-0.0625
경북,울진군,의원,2009,16,0,0,0.0,0,0.0
경북,울진군,의원,2010,16,0,1,0.0625,1,0.0625
경북,울진군,의원,2011,15,-1,2,0.13333333333333333,1,0.06666666666666667
경북,울진군,의원,2012,15,0,1,0.06666666666666667,1,0.06666666666666667
경북,울진군,의원,2013,15,0,0,0.0,0,0.0
경북,울진군,의원,2014,15,0,0,0.0,0,0.0
경북,울진군,의원,2015,15,0,0,0.0,0,0.0
경북,울진군,의원,2016,15,0,1,0.06666666666666667,1,0.06666666666666667
경북,울진군,의원,2017,16,1,0,0.0,1,0.0625
경북,울진군,의원,2018,16,0,2,0.125,2,0.125
경북,울진군,의원,2019,15,-1,0,0.0,-1,-0.06666666666666667
경북,울진군,의원,2020,14,-1,1,0.07142857142857142,0,0.0
경북,울진군,의원,2021,16,2,0,0.0,2,0.125
경북,울진군,의원,2022,15,-1,0,0.0,-1,-0.06666666666666667
경북,울진군,의원,2023,16,1,0,0.0,1,0.0625
경북,울진군,의원,2024,16,0,0,0.0,0,0.0
경북,울진군,의원,2025,16,0,2,0.125,2,0.125
경북,울진군,종합병원,2007,0,,0,,,
경북,울진군,종합병원,2008,0,0,0,,0,
경북,울진군,종합병원,2009,0,0,0,,0,
경북,울진군,종합병원,2010,0,0,0,,0,
경북,울진군,종합병원,2011,0,0,0,,0,
경북,울진군,종합병원,2012,0,0,0,,0,
경북,울진군,종합병원,2013,0,0,0,,0,
경북,울진군,종합병원,2014,0,0,0,,0,
경북,울진군,종합병원,2015,0,0,0,,0,
경북,울진군,종합병원,2016,0,0,0,,0,
경북,울진군,종합병원,2017,0,0,0,,0,
경북,울진군,종합병원,2018,0,0,0,,0,
경북,울진군,종합병원,2019,0,0,0,,0,
경북,울진군,종합병원,2020,0,0,0,,0,
경북,울진군,종합병원,2021,0,0,0,,0,
경북,울진군,종합병원,2022,0,0,0,,0,
경북,울진군,종합병원,2023,0,0,0,,0,
경북,울진군,종합병원,2024,0,0,0,,0,
경북,울진군,종합병원,2025,0,0,0,,0,
경북,의성군,병원,2007,5,,1,0.2,,
경북,의성군,병원,2008,5,0,0,0.0,0,0.0
경북,의성군,병원,2009,5,0,1,0.2,1,0.2
경북,의성군,병원,2010,5,0,0,0.0,0,0.0
경북,의성군,병원,2011,4,-1,1,0.25,0,0.0
경북,의성군,병원,2012,4,0,0,0.0,0,0.0
경북,의성군,병원,2013,6,2,1,0.16666666666666666,3,0.5
경북,의성군,병원,2014,7,1,0,0.0,1,0.14285714285714285
경북,의성군,병원,2015,7,0,1,0.14285714285714285,1,0.14285714285714285
경북,의성군,병원,2016,5,-2,1,0.2,-1,-0.2
경북,의성군,병원,2017,5,0,1,0.2,1,0.2
경북,의성군,병원,2018,6,1,0,0.0,1,0.16666666666666666
경북,의성군,병원,2019,5,-1,1,0.2,0,0.0
경북,의성군,병원,2020,5,0,2,0.4,2,0.4
경북,의성군,병원,2021,4,-1,1,0.25,0,0.0
경북,의성군,병원,2022,3,-1,1,0.3333333333333333,0,0.0
경북,의성군,병원,2023,2,-1,0,0.0,-1,-0.5
경북,의성군,병원,2024,2,0,0,0.0,0,0.0
경북,의성군,병원,2025,2,0,0,0.0,0,0.0
경북,의성군,상급종합병원,2007,0,,0,,,
경북,의성군,상급종합병원,2008,0,0,0,,0,
경북,의성군,상급종합병원,2009,0,0,0,,0,
경북,의성군,상급종합병원,2010,0,0,0,,0,
경북,의성군,상급종합병원,2011,0,0,0,,0,
경북,의성군,상급종합병원,2012,0,0,0,,0,
경북,의성군,상급종합병원,2013,0,0,0,,0,
경북,의성군,상급종합병원,2014,0,0,0,,0,
경북,의성군,상급종합병원,2015,0,0,0,,0,
경북,의성군,상급종합병원,2016,0,0,0,,0,
경북,의성군,상급종합병원,2017,0,0,0,,0,
경북,의성군,상급종합병원,2018,0,0,0,,0,
경북,의성군,상급종합병원,2019,0,0,0,,0,
경북,의성군,상급종합병원,2020,0,0,0,,0,
경북,의성군,상급종합병원,2021,0,0,0,,0,
경북,의성군,상급종합병원,2022,0,0,0,,0,
경북,의성군,상급종합병원,2023,0,0,0,,0,
경북,의성군,상급종합병원,2024,0,0,0,,0,
경북,의성군,상급종합병원,2025,0,0,0,,0,
경북,의성군,의원,2007,19,,2,0.10526315789473684,,
경북,의성군,의원,2008,19,0,1,0.05263157894736842,1,0.05263157894736842
경북,의성군,의원,2009,19,0,2,0.10526315789473684,2,0.10526315789473684
경북,의성군,의원,2010,19,0,1,0.05263157894736842,1,0.05263157894736842
경북,의성군,의원,2011,19,0,1,0.05263157894736842,1,0.05263157894736842
경북,의성군,의원,2012,19,0,1,0.05263157894736842,1,0.05263157894736842
경북,의성군,의원,2013,18,-1,1,0.05555555555555555,0,0.0
경북,의성군,의원,2014,17,-1,0,0.0,-1,-0.058823529411764705
경북,의성군,의원,2015,17,0,1,0.058823529411764705,1,0.058823529411764705
경북,의성군,의원,2016,17,0,1,0.058823529411764705,1,0.058823529411764705
경북,의성군,의원,2017,19,2,0,0.0,2,0.10526315789473684
경북,의성군,의원,2018,19,0,3,0.15789473684210525,3,0.15789473684210525
경북,의성군,의원,2019,18,-1,0,0.0,-1,-0.05555555555555555
경북,의성군,의원,2020,19,1,1,0.05263157894736842,2,0.10526315789473684
경북,의성군,의원,2021,18,-1,0,0.0,-1,-0.05555555555555555
경북,의성군,의원,2022,18,0,1,0.05555555555555555,1,0.05555555555555555
경북,의성군,의원,2023,17,-1,0,0.0,-1,-0.058823529411764705
경북,의성군,의원,2024,17,0,0,0.0,0,0.0
경북,의성군,의원,2025,17,0,0,0.0,0,0.0
경북,의성군,종합병원,2007,0,,0,,,
경북,의성군,종합병원,2008,0,0,0,,0,
경북,의성군,종합병원,2009,0,0,0,,0,
경북,의성군,종합병원,2010,0,0,0,,0,
경북,의성군,종합병원,2011,0,0,0,,0,
경북,의성군,종합병원,2012,0,0,0,,0,
경북,의성군,종합병원,2013,0,0,0,,0,
경북,의성군,종합병원,2014,0,0,0,,0,
경북,의성군,종합병원,2015,0,0,0,,0,
경북,의성군,종합병원,2016,0,0,0,,0,
경북,의성군,종합병원,2017,0,0,0,,0,
경북,의성군,종합병원,2018,0,0,0,,0,
경북,의성군,종합병원,2019,0,0,0,,0,
경북,의성군,종합병원,2020,0,0,0,,0,
경북,의성군,종합병원,2021,0,0,0,,0,
경북,의성군,종합병원,2022,0,0,0,,0,
경북,의성군,종합병원,2023,0,0,0,,0,
경북,의성군,종합병원,2024,0,0,0,,0,
경북,의성군,종합병원,2025,0,0,0,,0,
경북,청도군,병원,2007,1,,0,0.0,,
경북,청도군,병원,2008,2,1,0,0.0,1,0.5
경북,청도군,병원,2009,2,0,0,0.0,0,0.0
경북,청도군,병원,2010,3,1,0,0.0,1,0.3333333333333333
경북,청도군,병원,2011,3,0,0,0.0,0,0.0
경북,청도군,병원,2012,3,0,1,0.3333333333333333,1,0.3333333333333333
경북,청도군,병원,2013,3,0,1,0.3333333333333333,1,0.3333333333333333
경북,청도군,병원,2014,3,0,0,0.0,0,0.0
경북,청도군,병원,2015,4,1,0,0.0,1,0.25
경북,청도군,병원,2016,4,0,0,0.0,0,0.0
경북,청도군,병원,2017,4,0,0,0.0,0,0.0
경북,청도군,병원,2018,4,0,0,0.0,0,0.0
경북,청도군,병원,2019,4,0,0,0.0,0,0.0
경북,청도군,병원,2020,4,0,1,0.25,1,0.25
경북,청도군,병원,2021,2,-2,1,0.5,-1,-0.5
경북,청도군,병원,2022,2,0,0,0.0,0,0.0
경북,청도군,병원,2023,2,0,1,0.5,1,0.5
경북,청도군,병원,2024,2,0,0,0.0,0,0.0
경북,청도군,병원,2025,2,0,0,0.0,0,0.0
경북,청도군,상급종합병원,2007,0,,0,,,
경북,청도군,상급종합병원,2008,0,0,0,,0,
경북,청도군,상급종합병원,2009,0,0,0,,0,
경북,청도군,상급종합병원,2010,0,0,0,,0,
경북,청도군,상급종합병원,2011,0,0,0,,0,
경북,청도군,상급종합병원,2012,0,0,0,,0,
경북,청도군,상급종합병원,2013,0,0,0,,0,
경북,청도군,상급종합병원,2014,0,0,0,,0,
경북,청도군,상급종합병원,2015,0,0,0,,0,
경북,청도군,상급종합병원,2016,0,0,0,,0,
경북,청도군,상급종합병원,2017,0,0,0,,0,
경북,청도군,상급종합병원,2018,0,0,0,,0,
경북,청도군,상급종합병원,2019,0,0,0,,0,
경북,청도군,상급종합병원,2020,0,0,0,,0,
경북,청도군,상급종합병원,2021,0,0,0,,0,
경북,청도군,상급종합병원,2022,0,0,0,,0,
경북,청도군,상급종합병원,2023,0,0,0,,0,
경북,청도군,상급종합병원,2024,0,0,0,,0,
경북,청도군,상급종합병원,2025,0,0,0,,0,
경북,청도군,의원,2007,19,,1,0.05263157894736842,,
경북,청도군,의원,2008,19,0,2,0.10526315789473684,2,0.10526315789473684
경북,청도군,의원,2009,21,2,2,0.09523809523809523,4,0.19047619047619047
경북,청도군,의원,2010,21,0,1,0.047619047619047616,1,0.047619047619047616
경북,청도군,의원,2011,19,-2,3,0.15789473684210525,1,0.05263157894736842
경북,청도군,의원,2012,20,1,4,0.2,5,0.25
경북,청도군,의원,2013,21,1,1,0.047619047619047616,2,0.09523809523809523
경북,청도군,의원,2014,20,-1,0,0.0,-1,-0.05
경북,청도군,의원,2015,20,0,1,0.05,1,0.05
경북,청도군,의원,2016,21,1,1,0.047619047619047616,2,0.09523809523809523
경북,청도군,의원,2017,20,-1,1,0.05,0,0.0
경북,청도군,의원,2018,20,0,0,0.0,0,0.0
경북,청도군,의원,2019,20,0,0,0.0,0,0.0
경북,청도군,의원,2020,19,-1,2,0.10526315789473684,1,0.05263157894736842
경북,청도군,의원,2021,17,-2,2,0.11764705882352941,0,0.0
경북,청도군,의원,2022,19,2,0,0.0,2,0.10526315789473684
경북,청도군,의원,2023,18,-1,0,0.0,-1,-0.05555555555555555
경북,청도군,의원,2024,18,0,0,0.0,0,0.0
경북,청도군,의원,2025,18,0,0,0.0,0,0.0
경북,청도군,종합병원,2007,0,,0,,,
경북,청도군,종합병원,2008,0,0,0,,0,
경북,청도군,종합병원,2009,0,0,0,,0,
경북,청도군,종합병원,2010,0,0,0,,0,
경북,청도군,종합병원,2011,0,0,0,,0,
경북,청도군,종합병원,2012,0,0,0,,0,
경북,청도군,종합병원,2013,0,0,0,,0,
경북,청도군,종합병원,2014,0,0,0,,0,
경북,청도군,종합병원,2015,0,0,0,,0,
경북,청도군,종합병원,2016,0,0,0,,0,
경북,청도군,종합병원,2017,0,0,0,,0,
경북,청도군,종합병원,2018,0,0,0,,0,
경북,청도군,종합병원,2019,0,0,0,,0,
경북,청도군,종합병원,2020,0,0,0,,0,
경북,청도군,종합병원,2021,0,0,0,,0,
경북,청도군,종합병원,2022,0,0,0,,0,
경북,청도군,종합병원,2023,0,0,0,,0,
경북,청도군,종합병원,2024,0,0,0,,0,
경북,청도군,종합병원,2025,0,0,0,,0,
경북,청송군,병원,2007,1,,0,0.0,,
경북,청송군,병원,2008,1,0,0,0.0,0,0.0
경북,청송군,병원,2009,1,0,0,0.0,0,0.0
경북,청송군,병원,2010,1,0,0,0.0,0,0.0
경북,청송군,병원,2011,1,0,0,0.0,0,0.0
경북,청송군,병원,2012,1,0,0,0.0,0,0.0
경북,청송군,병원,2013,1,0,0,0.0,0,0.0
경북,청송군,병원,2014,1,0,0,0.0,0,0.0
경북,청송군,병원,2015,1,0,0,0.0,0,0.0
경북,청송군,병원,2016,1,0,0,0.0,0,0.0
경북,청송군,병원,2017,1,0,0,0.0,0,0.0
경북,청송군,병원,2018,1,0,0,0.0,0,0.0
경북,청송군,병원,2019,1,0,0,0.0,0,0.0
경북,청송군,병원,2020,1,0,0,0.0,0,0.0
경북,청송군,병원,2021,1,0,1,1.0,1,1.0
경북,청송군,병원,2022,0,-1,0,,-1,
경북,청송군,병원,2023,0,0,0,,0,
경북,청송군,병원,2024,0,0,0,,0,
경북,청송군,병원,2025,0,0,0,,0,
경북,청송군,상급종합병원,2007,0,,0,,,
경북,청송군,상급종합병원,2008,0,0,0,,0,
경북,청송군,상급종합병원,2009,0,0,0,,0,
경북,청송군,상급종합병원,2010,0,0,0,,0,
경북,청송군,상급종합병원,2011,0,0,0,,0,
경북,청송군,상급종합병원,2012,0,0,0,,0,
경북,청송군,상급종합병원,2013,0,0,0,,0,
경북,청송군,상급종합병원,2014,0,0,0,,0,
경북,청송군,상급종합병원,2015,0,0,0,,0,
경북,청송군,상급종합병원,2016,0,0,0,,0,
경북,청송군,상급종합병원,2017,0,0,0,,0,
경북,청송군,상급종합병원,2018,0,0,0,,0,
경북,청송군,상급종합병원,2019,0,0,0,,0,
경북,청송군,상급종합병원,2020,0,0,0,,0,
경북,청송군,상급종합병원,2021,0,0,0,,0,
경북,청송군,상급종합병원,2022,0,0,0,,0,
경북,청송군,상급종합병원,2023,0,0,0,,0,
경북,청송군,상급종합병원,2024,0,0,0,,0,
경북,청송군,상급종합병원,2025,0,0,0,,0,
경북,청송군,의원,2007,8,,0,0.0,,
경북,청송군,의원,2008,8,0,0,0.0,0,0.0
경북,청송군,의원,2009,8,0,0,0.0,0,0.0
경북,청송군,의원,2010,9,1,0,0.0,1,0.1111111111111111
경북,청송군,의원,2011,8,-1,0,0.0,-1,-0.125
경북,청송군,의원,2012,8,0,0,0.0,0,0.0
경북,청송군,의원,2013,8,0,0,0.0,0,0.0
경북,청송군,의원,2014,8,0,0,0.0,0,0.0
경북,청송군,의원,2015,10,2,2,0.2,4,0.4
경북,청송군,의원,2016,10,0,0,0.0,0,0.0
경북,청송군,의원,2017,9,-1,0,0.0,-1,-0.1111111111111111
경북,청송군,의원,2018,12,3,1,0.08333333333333333,4,0.3333333333333333
경북,청송군,의원,2019,12,0,0,0.0,0,0.0
경북,청송군,의원,2020,13,1,1,0.07692307692307693,2,0.15384615384615385
경북,청송군,의원,2021,12,-1,0,0.0,-1,-0.08333333333333333
경북,청송군,의원,2022,12,0,1,0.08333333333333333,1,0.08333333333333333
경북,청송군,의원,2023,13,1,0,0.0,1,0.07692307692307693
경북,청송군,의원,2024,12,-1,0,0.0,-1,-0.08333333333333333
경북,청송군,의원,2025,11,-1,2,0.18181818181818182,1,0.09090909090909091
경북,청송군,종합병원,2007,0,,0,,,
경북,청송군,종합병원,2008,0,0,0,,0,
경북,청송군,종합병원,2009,0,0,0,,0,
경북,청송군,종합병원,2010,0,0,0,,0,
경북,청송군,종합병원,2011,0,0,0,,0,
경북,청송군,종합병원,2012,0,0,0,,0,
경북,청송군,종합병원,2013,0,0,0,,0,
경북,청송군,종합병원,2014,0,0,0,,0,
경북,청송군,종합병원,2015,0,0,0,,0,
경북,청송군,종합병원,2016,0,0,0,,0,
경북,청송군,종합병원,2017,0,0,0,,0,
경북,청송군,종합병원,2018,0,0,0,,0,
경북,청송군,종합병원,2019,0,0,0,,0,
경북,청송군,종합병원,2020,0,0,0,,0,
경북,청송군,종합병원,2021,0,0,0,,0,
경북,청송군,종합병원,2022,0,0,0,,0,
경북,청송군,종합병원,2023,0,0,0,,0,
경북,청송군,종합병원,2024,0,0,0,,0,
경북,청송군,종합병원,2025,0,0,0,,0,
경북,칠곡군,병원,2007,4,,0,0.0,,
경북,칠곡군,병원,2008,4,0,0,0.0,0,0.0
경북,칠곡군,병원,2009,4,0,0,0.0,0,0.0
경북,칠곡군,병원,2010,4,0,0,0.0,0,0.0
경북,칠곡군,병원,2011,4,0,0,0.0,0,0.0
경북,칠곡군,병원,2012,4,0,0,0.0,0,0.0
경북,칠곡군,병원,2013,4,0,0,0.0,0,0.0
경북,칠곡군,병원,2014,4,0,0,0.0,0,0.0
경북,칠곡군,병원,2015,4,0,0,0.0,0,0.0
경북,칠곡군,병원,2016,4,0,0,0.0,0,0.0
경북,칠곡군,병원,2017,3,-1,0,0.0,-1,-0.3333333333333333
경북,칠곡군,병원,2018,3,0,0,0.0,0,0.0
경북,칠곡군,병원,2019,3,0,0,0.0,0,0.0
경북,칠곡군,병원,2020,3,0,0,0.0,0,0.0
경북,칠곡군,병원,2021,2,-1,1,0.5,0,0.0
경북,칠곡군,병원,2022,2,0,0,0.0,0,0.0
경북,칠곡군,병원,2023,1,-1,1,1.0,0,0.0
경북,칠곡군,병원,2024,1,0,0,0.0,0,0.0
경북,칠곡군,병원,2025,1,0,0,0.0,0,0.0
경북,칠곡군,상급종합병원,2007,0,,0,,,
경북,칠곡군,상급종합병원,2008,0,0,0,,0,
경북,칠곡군,상급종합병원,2009,0,0,0,,0,
경북,칠곡군,상급종합병원,2010,0,0,0,,0,
경북,칠곡군,상급종합병원,2011,0,0,0,,0,
경북,칠곡군,상급종합병원,2012,0,0,0,,0,
경북,칠곡군,상급종합병원,2013,0,0,0,,0,
경북,칠곡군,상급종합병원,2014,0,0,0,,0,
경북,칠곡군,상급종합병원,2015,0,0,0,,0,
경북,칠곡군,상급종합병원,2016,0,0,0,,0,
경북,칠곡군,상급종합병원,2017,0,0,0,,0,
경북,칠곡군,상급종합병원,2018,0,0,0,,0,
경북,칠곡군,상급종합병원,2019,0,0,0,,0,
경북,칠곡군,상급종합병원,2020,0,0,0,,0,
경북,칠곡군,상급종합병원,2021,0,0,0,,0,
경북,칠곡군,상급종합병원,2022,0,0,0,,0,
경북,칠곡군,상급종합병원,2023,0,0,0,,0,
경북,칠곡군,상급종합병원,2024,0,0,0,,0,
경북,칠곡군,상급종합병원,2025,0,0,0,,0,
경북,칠곡군,의원,2007,46,,3,0.06521739130434782,,
경북,칠곡군,의원,2008,47,1,4,0.0851063829787234,5,0.10638297872340426
경북,칠곡군,의원,2009,49,2,1,0.02040816326530612,3,0.061224489795918366
경북,칠곡군,의원,2010,48,-1,0,0.0,-1,-0.020833333333333332
경북,칠곡군,의원,2011,49,1,2,0.04081632653061224,3,0.061224489795918366
경북,칠곡군,의원,2012,47,-2,0,0.0,-2,-0.0425531914893617
경북,칠곡군,의원,2013,48,1,0,0.0,1,0.020833333333333332
경북,칠곡군,의원,2014,48,0,0,0.0,0,0.0
경북,칠곡군,의원,2015,47,-1,1,0.02127659574468085,0,0.0
경북,칠곡군,의원,2016,46,-1,1,0.021739130434782608,0,0.0
경북,칠곡군,의원,2017,47,1,1,0.02127659574468085,2,0.0425531914893617
경북,칠곡군,의원,2018,45,-2,3,0.06666666666666667,1,0.022222222222222223
경북,칠곡군,의원,2019,44,-1,2,0.045454545454545456,1,0.022727272727272728
경북,칠곡군,의원,2020,45,1,1,0.022222222222222223,2,0.044444444444444446
경북,칠곡군,의원,2021,44,-1,2,0.045454545454545456,1,0.022727272727272728
경북,칠곡군,의원,2022,45,1,0,0.0,1,0.022222222222222223
경북,칠곡군,의원,2023,49,4,0,0.0,4,0.08163265306122448
경북,칠곡군,의원,2024,49,0,2,0.04081632653061224,2,0.04081632653061224
경북,칠곡군,의원,2025,53,4,1,0.018867924528301886,5,0.09433962264150944
경북,칠곡군,종합병원,2007,0,,0,,,
경북,칠곡군,종합병원,2008,0,0,0,,0,
경북,칠곡군,종합병원,2009,0,0,0,,0,
경북,칠곡군,종합병원,2010,0,0,0,,0,
경북,칠곡군,종합병원,2011,0,0,0,,0,
경북,칠곡군,종합병원,2012,0,0,0,,0,
경북,칠곡군,종합병원,2013,0,0,0,,0,
경북,칠곡군,종합병원,2014,0,0,0,,0,
경북,칠곡군,종합병원,2015,0,0,0,,0,
경북,칠곡군,종합병원,2016,0,0,0,,0,
경북,칠곡군,종합병원,2017,0,0,0,,0,
경북,칠곡군,종합병원,2018,0,0,0,,0,
경북,칠곡군,종합병원,2019,0,0,0,,0,
경북,칠곡군,종합병원,2020,0,0,0,,0,
경북,칠곡군,종합병원,2021,0,0,0,,0,
경북,칠곡군,종합병원,2022,0,0,0,,0,
경북,칠곡군,종합병원,2023,0,0,0,,0,
경북,칠곡군,종합병원,2024,0,0,0,,0,
경북,칠곡군,종합병원,2025,0,0,0,,0,
경북,포항시 남구,병원,2007,3,,1,0.3333333333333333,,
경북,포항시 남구,병원,2008,3,0,1,0.3333333333333333,1,0.3333333333333333
경북,포항시 남구,병원,2009,3,0,0,0.0,0,0.0
경북,포항시 남구,병원,2010,3,0,0,0.0,0,0.0
경북,포항시 남구,병원,2011,3,0,0,0.0,0,0.0
경북,포항시 남구,병원,2012,3,0,0,0.0,0,0.0
경북,포항시 남구,병원,2013,2,-1,2,1.0,1,0.5
경북,포항시 남구,병원,2014,2,0,0,0.0,0,0.0
경북,포항시 남구,병원,2015,2,0,0,0.0,0,0.0
경북,포항시 남구,병원,2016,2,0,0,0.0,0,0.0
경북,포항시 남구,병원,2017,2,0,0,0.0,0,0.0
경북,포항시 남구,병원,2018,2,0,0,0.0,0,0.0
경북,포항시 남구,병원,2019,2,0,0,0.0,0,0.0
경북,포항시 남구,병원,2020,2,0,0,0.0,0,0.0
경북,포항시 남구,병원,2021,2,0,0,0.0,0,0.0
경북,포항시 남구,병원,2022,2,0,0,0.0,0,0.0
경북,포항시 남구,병원,2023,2,0,0,0.0,0,0.0
경북,포항시 남구,병원,2024,2,0,0,0.0,0,0.0
경북,포항시 남구,병원,2025,2,0,0,0.0,0,0.0
경북,포항시 남구,상급종합병원,2007,0,,0,,,
경북,포항시 남구,상급종합병원,2008,0,0,0,,0,
경북,포항시 남구,상급종합병원,2009,0,0,0,,0,
경북,포항시 남구,상급종합병원,2010,0,0,0,,0,
경북,포항시 남구,상급종합병원,2011,0,0,0,,0,
경북,포항시 남구,상급종합병원,2012,0,0,0,,0,
경북,포항시 남구,상급종합병원,2013,0,0,0,,0,
경북,포항시 남구,상급종합병원,2014,0,0,0,,0,
경북,포항시 남구,상급종합병원,2015,0,0,0,,0,
경북,포항시 남구,상급종합병원,2016,0,0,0,,0,
경북,포항시 남구,상급종합병원,2017,0,0,0,,0,
경북,포항시 남구,상급종합병원,2018,0,0,0,,0,
경북,포항시 남구,상급종합병원,2019,0,0,0,,0,
경북,포항시 남구,상급종합병원,2020,0,0,0,,0,
경북,포항시 남구,상급종합병원,2021,0,0,0,,0,
경북,포항시 남구,상급종합병원,2022,0,0,0,,0,
경북,포항시 남구,상급종합병원,2023,0,0,0,,0,
경북,포항시 남구,상급종합병원,2024,0,0,0,,0,
경북,포항시 남구,상급종합병원,2025,0,0,0,,0,
경북,포항시 남구,의원,2007,79,,5,0.06329113924050633,,
경북,포항시 남구,의원,2008,84,5,4,0.047619047619047616,9,0.10714285714285714
경북,포항시 남구,의원,2009,89,5,2,0.02247191011235955,7,0.07865168539325842
경북,포항시 남구,의원,2010,93,4,4,0.043010752688172046,8,0.08602150537634409
경북,포항시 남구,의원,2011,90,-3,5,0.05555555555555555,2,0.022222222222222223
경북,포항시 남구,의원,2012,93,3,3,0.03225806451612903,6,0.06451612903225806
경북,포항시 남구,의원,2013,94,1,3,0.031914893617021274,4,0.0425531914893617
경북,포항시 남구,의원,2014,93,-1,3,0.03225806451612903,2,0.021505376344086023
경북,포항시 남구,의원,2015,94,1,4,0.0425531914893617,5,0.05319148936170213
경북,포항시 남구,의원,2016,99,5,4,0.04040404040404041,9,0.09090909090909091
경북,포항시 남구,의원,2017,100,1,2,0.02,3,0.03
경북,포항시 남구,의원,2018,102,2,1,0.00980392156862745,3,0.029411764705882353
경북,포항시 남구,의원,2019,103,1,3,0.02912621359223301,4,0.038834951456310676
경북,포항시 남구,의원,2020,107,4,2,0.018691588785046728,6,0.056074766355140186
경북,포항시 남구,의원,2021,106,-1,3,0.02830188679245283,2,0.018867924528301886
경북,포항시 남구,의원,2022,105,-1,2,0.01904761904761905,1,0.009523809523809525
경북,포항시 남구,의원,2023,105,0,2,0.01904761904761905,2,0.01904761904761905
경북,포항시 남구,의원,2024,110,5,2,0.01818181818181818,7,0.06363636363636363
경북,포항시 남구,의원,2025,114,4,1,0.008771929824561403,5,0.043859649122807015
경북,포항시 남구,종합병원,2007,2,,0,0.0,,
경북,포항시 남구,종합병원,2008,2,0,0,0.0,0,0.0
경북,포항시 남구,종합병원,2009,2,0,0,0.0,0,0.0
경북,포항시 남구,종합병원,2010,2,0,0,0.0,0,0.0
경북,포항시 남구,종합병원,2011,2,0,0,0.0,0,0.0
경북,포항시 남구,종합병원,2012,2,0,0,0.0,0,0.0
경북,포항시 남구,종합병원,2013,2,0,0,0.0,0,0.0
경북,포항시 남구,종합병원,2014,2,0,0,0.0,0,0.0
경북,포항시 남구,종합병원,2015,2,0,0,0.0,0,0.0
경북,포항시 남구,종합병원,2016,2,0,0,0.0,0,0.0
경북,포항시 남구,종합병원,2017,3,1,0,0.0,1,0.3333333333333333
경북,포항시 남구,종합병원,2018,3,0,0,0.0,0,0.0
경북,포항시 남구,종합병원,2019,3,0,0,0.0,0,0.0
경북,포항시 남구,종합병원,2020,3,0,0,0.0,0,0.0
경북,포항시 남구,종합병원,2021,3,0,0,0.0,0,0.0
경북,포항시 남구,종합병원,2022,3,0,0,0.0,0,0.0
경북,포항시 남구,종합병원,2023,3,0,0,0.0,0,0.0
경북,포항시 남구,종합병원,2024,3,0,0,0.0,0,0.0
경북,포항시 남구,종합병원,2025,3,0,0,0.0,0,0.0
경북,포항시 북구,병원,2007,8,,0,0.0,,
경북,포항시 북구,병원,2008,10,2,1,0.1,3,0.3
경북,포항시 북구,병원,2009,12,2,1,0.08333333333333333,3,0.25
경북,포항시 북구,병원,2010,11,-1,2,0.18181818181818182,1,0.09090909090909091
경북,포항시 북구,병원,2011,12,1,1,0.08333333333333333,2,0.16666666666666666
경북,포항시 북구,병원,2012,10,-2,0,0.0,-2,-0.2
경북,포항시 북구,병원,2013,10,0,1,0.1,1,0.1
경북,포항시 북구,병원,2014,10,0,0,0.0,0,0.0
경북,포항시 북구,병원,2015,10,0,0,0.0,0,0.0
경북,포항시 북구,병원,2016,10,0,0,0.0,0,0.0
경북,포항시 북구,병원,2017,11,1,2,0.18181818181818182,3,0.2727272727272727
경북,포항시 북구,병원,2018,11,0,1,0.09090909090909091,1,0.09090909090909091
경북,포항시 북구,병원,2019,11,0,0,0.0,0,0.0
경북,포항시 북구,병원,2020,12,1,1,0.08333333333333333,2,0.16666666666666666
경북,포항시 북구,병원,2021,8,-4,3,0.375,-1,-0.125
경북,포항시 북구,병원,2022,8,0,0,0.0,0,0.0
경북,포항시 북구,병원,2023,8,0,1,0.125,1,0.125
경북,포항시 북구,병원,2024,7,-1,1,0.14285714285714285,0,0.0
경북,포항시 북구,병원,2025,6,-1,0,0.0,-1,-0.16666666666666666
경북,포항시 북구,상급종합병원,2007,0,,0,,,
경북,포항시 북구,상급종합병원,2008,0,0,0,,0,
경북,포항시 북구,상급종합병원,2009,0,0,0,,0,
경북,포항시 북구,상급종합병원,2010,0,0,0,,0,
경북,포항시 북구,상급종합병원,2011,0,0,0,,0,
경북,포항시 북구,상급종합병원,2012,0,0,0,,0,
경북,포항시 북구,상급종합병원,2013,0,0,0,,0,
경북,포항시 북구,상급종합병원,2014,0,0,0,,0,
경북,포항시 북구,상급종합병원,2015,0,0,0,,0,
경북,포항시 북구,상급종합병원,2016,0,0,0,,0,
경북,포항시 북구,상급종합병원,2017,0,0,0,,0,
경북,포항시 북구,상급종합병원,2018,0,0,0,,0,
경북,포항시 북구,상급종합병원,2019,0,0,0,,0,
경북,포항시 북구,상급종합병원,2020,0,0,0,,0,
경북,포항시 북구,상급종합병원,2021,0,0,0,,0,
경북,포항시 북구,상급종합병원,2022,0,0,0,,0,
경북,포항시 북구,상급종합병원,2023,0,0,0,,0,
경북,포항시 북구,상급종합병원,2024,0,0,0,,0,
경북,포항시 북구,상급종합병원,2025,0,0,0,,0,
경북,포항시 북구,의원,2007,138,,9,0.06521739130434782,,
경북,포항시 북구,의원,2008,140,2,6,0.04285714285714286,8,0.05714285714285714
경북,포항시 북구,의원,2009,141,1,11,0.07801418439716312,12,0.0851063829787234
경북,포항시 북구,의원,2010,145,4,5,0.034482758620689655,9,0.06206896551724138
경북,포항시 북구,의원,2011,146,1,6,0.0410958904109589,7,0.04794520547945205
경북,포항시 북구,의원,2012,146,0,10,0.0684931506849315,10,0.0684931506849315
경북,포항시 북구,의원,2013,145,-1,6,0.041379310344827586,5,0.034482758620689655
경북,포항시 북구,의원,2014,149,4,3,0.020134228187919462,7,0.04697986577181208
경북,포항시 북구,의원,2015,160,11,5,0.03125,16,0.1
경북,포항시 북구,의원,2016,168,8,2,0.011904761904761904,10,0.05952380952380952
경북,포항시 북구,의원,2017,165,-3,6,0.03636363636363636,3,0.01818181818181818
경북,포항시 북구,의원,2018,168,3,3,0.017857142857142856,6,0.03571428571428571
경북,포항시 북구,의원,2019,170,2,3,0.01764705882352941,5,0.029411764705882353
경북,포항시 북구,의원,2020,171,1,9,0.05263157894736842,10,0.05847953216374269
경북,포항시 북구,의원,2021,176,5,9,0.05113636363636364,14,0.07954545454545454
경북,포항시 북구,의원,2022,172,-4,3,0.01744186046511628,-1,-0.005813953488372093
경북,포항시 북구,의원,2023,175,3,5,0.02857142857142857,8,0.045714285714285714
경북,포항시 북구,의원,2024,174,-1,5,0.028735632183908046,4,0.022988505747126436
경북,포항시 북구,의원,2025,179,5,3,0.01675977653631285,8,0.0446927374301676
경북,포항시 북구,종합병원,2007,3,,0,0.0,,
경북,포항시 북구,종합병원,2008,3,0,2,0.6666666666666666,2,0.6666666666666666
경북,포항시 북구,종합병원,2009,2,-1,0,0.0,-1,-0.5
경북,포항시 북구,종합병원,2010,2,0,0,0.0,0,0.0
경북,포항시 북구,종합병원,2011,2,0,0,0.0,0,0.0
경북,포항시 북구,종합병원,2012,2,0,0,0.0,0,0.0
경북,포항시 북구,종합병원,2013,2,0,0,0.0,0,0.0
경북,포항시 북구,종합병원,2014,3,1,0,0.0,1,0.3333333333333333
경북,포항시 북구,종합병원,2015,3,0,0,0.0,0,0.0
경북,포항시 북구,종합병원,2016,3,0,1,0.3333333333333333,1,0.3333333333333333
경북,포항시 북구,종합병원,2017,2,-1,0,0.0,-1,-0.5
경북,포항시 북구,종합병원,2018,2,0,0,0.0,0,0.0
경북,포항시 북구,종합병원,2019,2,0,0,0.0,0,0.0
경북,포항시 북구,종합병원,2020,2,0,0,0.0,0,0.0
경북,포항시 북구,종합병원,2021,2,0,0,0.0,0,0.0
경북,포항시 북구,종합병원,2022,2,0,0,0.0,0,0.0
경북,포항시 북구,종합병원,2023,2,0,0,0.0,0,0.0
경북,포항시 북구,종합병원,2024,2,0,0,0.0,0,0.0
경북,포항시 북구,종합병원,2025,2,0,0,0.0,0,0.0
광주,광산구,병원,2007,6,,0,0.0,,
광주,광산구,병원,2008,8,2,0,0.0,2,0.25
광주,광산구,병원,2009,9,1,0,0.0,1,0.1111111111111111
광주,광산구,병원,2010,10,1,1,0.1,2,0.2
광주,광산구,병원,2011,15,5,1,0.06666666666666667,6,0.4
광주,광산구,병원,2012,19,4,2,0.10526315789473684,6,0.3157894736842105
광주,광산구,병원,2013,18,-1,2,0.1111111111111111,1,0.05555555555555555
광주,광산구,병원,2014,16,-2,0,0.0,-2,-0.125
광주,광산구,병원,2015,17,1,2,0.11764705882352941,3,0.17647058823529413
광주,광산구,병원,2016,17,0,4,0.23529411764705882,4,0.23529411764705882
광주,광산구,병원,2017,14,-3,1,0.07142857142857142,-2,-0.14285714285714285
광주,광산구,병원,2018,15,1,0,0.0,1,0.06666666666666667
광주,광산구,병원,2019,16,1,1,0.0625,2,0.125
광주,광산구,병원,2020,18,2,3,0.16666666666666666,5,0.2777777777777778
광주,광산구,병원,2021,18,0,3,0.16666666666666666,3,0.16666666666666666
광주,광산구,병원,2022,19,1,2,0.10526315789473684,3,0.15789473684210525
광주,광산구,병원,2023,17,-2,2,0.11764705882352941,0,0.0
광주,광산구,병원,2024,17,0,1,0.058823529411764705,1,0.058823529411764705
광주,광산구,병원,2025,14,-3,5,0.35714285714285715,2,0.14285714285714285
광주,광산구,상급종합병원,2007,0,,0,,,
광주,광산구,상급종합병원,2008,0,0,0,,0,
광주,광산구,상급종합병원,2009,0,0,0,,0,
광주,광산구,상급종합병원,2010,0,0,0,,0,
광주,광산구,상급종합병원,2011,0,0,0,,0,
광주,광산구,상급종합병원,2012,0,0,0,,0,
광주,광산구,상급종합병원,2013,0,0,0,,0,
광주,광산구,상급종합병원,2014,0,0,0,,0,
광주,광산구,상급종합병원,2015,0,0,0,,0,
광주,광산구,상급종합병원,2016,0,0,0,,0,
광주,광산구,상급종합병원,2017,0,0,0,,0,
광주,광산구,상급종합병원,2018,0,0,0,,0,
광주,광산구,상급종합병원,2019,0,0,0,,0,
광주,광산구,상급종합병원,2020,0,0,0,,0,
광주,광산구,상급종합병원,2021,0,0,0,,0,
광주,광산구,상급종합병원,2022,0,0,0,,0,
광주,광산구,상급종합병원,2023,0,0,0,,0,
광주,광산구,상급종합병원,2024,0,0,0,,0,
광주,광산구,상급종합병원,2025,0,0,0,,0,
광주,광산구,의원,2007,144,,8,0.05555555555555555,,
광주,광산구,의원,2008,145,1,3,0.020689655172413793,4,0.027586206896551724
광주,광산구,의원,2009,149,4,5,0.03355704697986577,9,0.06040268456375839
광주,광산구,의원,2010,158,9,9,0.056962025316455694,18,0.11392405063291139
광주,광산구,의원,2011,169,11,15,0.08875739644970414,26,0.15384615384615385
광주,광산구,의원,2012,170,1,7,0.041176470588235294,8,0.047058823529411764
광주,광산구,의원,2013,171,1,9,0.05263157894736842,10,0.05847953216374269
광주,광산구,의원,2014,173,2,14,0.08092485549132948,16,0.09248554913294797
광주,광산구,의원,2015,181,8,8,0.04419889502762431,16,0.08839779005524862
광주,광산구,의원,2016,180,-1,12,0.06666666666666667,11,0.06111111111111111
광주,광산구,의원,2017,191,11,5,0.02617801047120419,16,0.08376963350785341
광주,광산구,의원,2018,198,7,6,0.030303030303030304,13,0.06565656565656566
광주,광산구,의원,2019,207,9,6,0.028985507246376812,15,0.07246376811594203
광주,광산구,의원,2020,204,-3,4,0.0196078431372549,1,0.004901960784313725
광주,광산구,의원,2021,205,1,4,0.01951219512195122,5,0.024390243902439025
광주,광산구,의원,2022,208,3,2,0.009615384615384616,5,0.02403846153846154
광주,광산구,의원,2023,218,10,7,0.03211009174311927,17,0.0779816513761468
광주,광산구,의원,2024,222,4,5,0.02252252252252252,9,0.04054054054054054
광주,광산구,의원,2025,226,4,5,0.022123893805309734,9,0.03982300884955752
광주,광산구,종합병원,2007,5,,0,0.0,,
광주,광산구,종합병원,2008,5,0,1,0.2,1,0.2
광주,광산구,종합병원,2009,5,0,0,0.0,0,0.0
광주,광산구,종합병원,2010,5,0,0,0.0,0,0.0
광주,광산구,종합병원,2011,5,0,0,0.0,0,0.0
광주,광산구,종합병원,2012,5,0,1,0.2,1,0.2
광주,광산구,종합병원,2013,6,1,1,0.16666666666666666,2,0.3333333333333333
광주,광산구,종합병원,2014,6,0,0,0.0,0,0.0
광주,광산구,종합병원,2015,6,0,0,0.0,0,0.0
광주,광산구,종합병원,2016,6,0,0,0.0,0,0.0
광주,광산구,종합병원,2017,6,0,0,0.0,0,0.0
광주,광산구,종합병원,2018,6,0,1,0.16666666666666666,1,0.16666666666666666
광주,광산구,종합병원,2019,6,0,0,0.0,0,0.0
광주,광산구,종합병원,2020,6,0,0,0.0,0,0.0
광주,광산구,종합병원,2021,6,0,0,0.0,0,0.0
광주,광산구,종합병원,2022,6,0,0,0.0,0,0.0
광주,광산구,종합병원,2023,7,1,0,0.0,1,0.14285714285714285
광주,광산구,종합병원,2024,7,0,0,0.0,0,0.0
광주,광산구,종합병원,2025,7,0,0,0.0,0,0.0
광주,남구,병원,2007,7,,1,0.14285714285714285,,
광주,남구,병원,2008,7,0,1,0.14285714285714285,1,0.14285714285714285
광주,남구,병원,2009,7,0,0,0.0,0,0.0
광주,남구,병원,2010,7,0,2,0.2857142857142857,2,0.2857142857142857
광주,남구,병원,2011,7,0,1,0.14285714285714285,1,0.14285714285714285
광주,남구,병원,2012,7,0,0,0.0,0,0.0
광주,남구,병원,2013,9,2,0,0.0,2,0.2222222222222222
광주,남구,병원,2014,10,1,0,0.0,1,0.1
광주,남구,병원,2015,11,1,0,0.0,1,0.09090909090909091
광주,남구,병원,2016,11,0,1,0.09090909090909091,1,0.09090909090909091
광주,남구,병원,2017,12,1,2,0.16666666666666666,3,0.25
광주,남구,병원,2018,14,2,1,0.07142857142857142,3,0.21428571428571427
광주,남구,병원,2019,15,1,1,0.06666666666666667,2,0.13333333333333333
광주,남구,병원,2020,15,0,2,0.13333333333333333,2,0.13333333333333333
광주,남구,병원,2021,13,-2,2,0.15384615384615385,0,0.0
광주,남구,병원,2022,13,0,1,0.07692307692307693,1,0.07692307692307693
광주,남구,병원,2023,12,-1,2,0.16666666666666666,1,0.08333333333333333
광주,남구,병원,2024,11,-1,0,0.0,-1,-0.09090909090909091
광주,남구,병원,2025,12,1,1,0.08333333333333333,2,0.16666666666666666
광주,남구,상급종합병원,2007,0,,0,,,
광주,남구,상급종합병원,2008,0,0,0,,0,
광주,남구,상급종합병원,2009,0,0,0,,0,
광주,남구,상급종합병원,2010,0,0,0,,0,
광주,남구,상급종합병원,2011,0,0,0,,0,
광주,남구,상급종합병원,2012,0,0,0,,0,
광주,남구,상급종합병원,2013,0,0,0,,0,
광주,남구,상급종합병원,2014,0,0,0,,0,
광주,남구,상급종합병원,2015,0,0,0,,0,
광주,남구,상급종합병원,2016,0,0,0,,0,
광주,남구,상급종합병원,2017,0,0,0,,0,
광주,남구,상급종합병원,2018,0,0,0,,0,
광주,남구,상급종합병원,2019,0,0,0,,0,
광주,남구,상급종합병원,2020,0,0,0,,0,
광주,남구,상급종합병원,2021,0,0,0,,0,
광주,남구,상급종합병원,2022,0,0,0,,0,
광주,남구,상급종합병원,2023,0,0,0,,0,
광주,남구,상급종합병원,2024,0,0,0,,0,
광주,남구,상급종합병원,2025,0,0,0,,0,
광주,남구,의원,2007,101,,7,0.06930693069306931,,
광주,남구,의원,2008,104,3,8,0.07692307692307693,11,0.10576923076923077
광주,남구,의원,2009,101,-3,6,0.0594059405940594,3,0.0297029702970297
광주,남구,의원,2010,107,6,3,0.028037383177570093,9,0.08411214953271028
광주,남구,의원,2011,107,0,8,0.07476635514018691,8,0.07476635514018691
광주,남구,의원,2012,111,4,3,0.02702702702702703,7,0.06306306306306306
광주,남구,의원,2013,110,-1,9,0.08181818181818182,8,0.07272727272727272
광주,남구,의원,2014,108,-2,6,0.05555555555555555,4,0.037037037037037035
광주,남구,의원,2015,114,6,5,0.043859649122807015,11,0.09649122807017543
광주,남구,의원,2016,115,1,5,0.043478260869565216,6,0.05217391304347826
광주,남구,의원,2017,119,4,9,0.07563025210084033,13,0.1092436974789916
광주,남구,의원,2018,120,1,7,0.058333333333333334,8,0.06666666666666667
광주,남구,의원,2019,122,2,4,0.03278688524590164,6,0.04918032786885246
광주,남구,의원,2020,128,6,5,0.0390625,11,0.0859375
광주,남구,의원,2021,135,7,7,0.05185185185185185,14,0.1037037037037037
광주,남구,의원,2022,142,7,1,0.007042253521126761,8,0.056338028169014086
광주,남구,의원,2023,148,6,6,0.04054054054054054,12,0.08108108108108109
광주,남구,의원,2024,153,5,5,0.032679738562091505,10,0.06535947712418301
광주,남구,의원,2025,154,1,6,0.03896103896103896,7,0.045454545454545456
광주,남구,종합병원,2007,2,,0,0.0,,
광주,남구,종합병원,2008,3,1,0,0.0,1,0.3333333333333333
광주,남구,종합병원,2009,3,0,0,0.0,0,0.0
광주,남구,종합병원,2010,3,0,0,0.0,0,0.0
광주,남구,종합병원,2011,3,0,1,0.3333333333333333,1,0.3333333333333333
광주,남구,종합병원,2012,3,0,0,0.0,0,0.0
광주,남구,종합병원,2013,3,0,0,0.0,0,0.0
광주,남구,종합병원,2014,3,0,0,0.0,0,0.0
광주,남구,종합병원,2015,3,0,0,0.0,0,0.0
광주,남구,종합병원,2016,3,0,0,0.0,0,0.0
광주,남구,종합병원,2017,3,0,0,0.0,0,0.0
광주,남구,종합병원,2018,3,0,0,0.0,0,0.0
광주,남구,종합병원,2019,3,0,0,0.0,0,0.0
광주,남구,종합병원,2020,3,0,0,0.0,0,0.0
광주,남구,종합병원,2021,4,1,0,0.0,1,0.25
광주,남구,종합병원,2022,4,0,1,0.25,1,0.25
광주,남구,종합병원,2023,4,0,0,0.0,0,0.0
광주,남구,종합병원,2024,4,0,0,0.0,0,0.0
광주,남구,종합병원,2025,4,0,0,0.0,0,0.0
광주,동구,병원,2007,4,,0,0.0,,
광주,동구,병원,2008,5,1,1,0.2,2,0.4
광주,동구,병원,2009,5,0,0,0.0,0,0.0
광주,동구,병원,2010,5,0,0,0.0,0,0.0
광주,동구,병원,2011,7,2,0,0.0,2,0.2857142857142857
광주,동구,병원,2012,10,3,1,0.1,4,0.4
광주,동구,병원,2013,10,0,2,0.2,2,0.2
광주,동구,병원,2014,10,0,1,0.1,1,0.1
광주,동구,병원,2015,9,-1,1,0.1111111111111111,0,0.0
광주,동구,병원,2016,8,-1,2,0.25,1,0.125
광주,동구,병원,2017,6,-2,1,0.16666666666666666,-1,-0.16666666666666666
광주,동구,병원,2018,5,-1,1,0.2,0,0.0
광주,동구,병원,2019,7,2,1,0.14285714285714285,3,0.42857142857142855
광주,동구,병원,2020,6,-1,0,0.0,-1,-0.16666666666666666
광주,동구,병원,2021,4,-2,3,0.75,1,0.25
광주,동구,병원,2022,5,1,0,0.0,1,0.2
광주,동구,병원,2023,5,0,0,0.0,0,0.0
광주,동구,병원,2024,5,0,1,0.2,1,0.2
광주,동구,병원,2025,6,1,0,0.0,1,0.16666666666666666
광주,동구,상급종합병원,2007,2,,0,0.0,,
광주,동구,상급종합병원,2008,2,0,0,0.0,0,0.0
광주,동구,상급종합병원,2009,2,0,0,0.0,0,0.0
광주,동구,상급종합병원,2010,2,0,0,0.0,0,0.0
광주,동구,상급종합병원,2011,2,0,0,0.0,0,0.0
광주,동구,상급종합병원,2012,2,0,0,0.0,0,0.0
광주,동구,상급종합병원,2013,2,0,0,0.0,0,0.0
광주,동구,상급종합병원,2014,2,0,0,0.0,0,0.0
광주,동구,상급종합병원,2015,2,0,0,0.0,0,0.0
광주,동구,상급종합병원,2016,2,0,0,0.0,0,0.0
광주,동구,상급종합병원,2017,2,0,0,0.0,0,0.0
광주,동구,상급종합병원,2018,2,0,0,0.0,0,0.0
광주,동구,상급종합병원,2019,2,0,0,0.0,0,0.0
광주,동구,상급종합병원,2020,2,0,0,0.0,0,0.0
광주,동구,상급종합병원,2021,2,0,0,0.0,0,0.0
광주,동구,상급종합병원,2022,2,0,0,0.0,0,0.0
광주,동구,상급종합병원,2023,2,0,0,0.0,0,0.0
광주,동구,상급종합병원,2024,2,0,0,0.0,0,0.0
광주,동구,상급종합병원,2025,2,0,0,0.0,0,0.0
광주,동구,의원,2007,135,,10,0.07407407407407407,,
광주,동구,의원,2008,131,-4,10,0.07633587786259542,6,0.04580152671755725
광주,동구,의원,2009,129,-2,5,0.03875968992248062,3,0.023255813953488372
광주,동구,의원,2010,124,-5,9,0.07258064516129033,4,0.03225806451612903
광주,동구,의원,2011,121,-3,9,0.0743801652892562,6,0.049586776859504134
광주,동구,의원,2012,127,6,4,0.031496062992125984,10,0.07874015748031496
광주,동구,의원,2013,130,3,9,0.06923076923076923,12,0.09230769230769231
광주,동구,의원,2014,123,-7,9,0.07317073170731707,2,0.016260162601626018
광주,동구,의원,2015,122,-1,7,0.05737704918032787,6,0.04918032786885246
광주,동구,의원,2016,118,-4,5,0.0423728813559322,1,0.00847457627118644
광주,동구,의원,2017,118,0,7,0.059322033898305086,7,0.059322033898305086
광주,동구,의원,2018,114,-4,4,0.03508771929824561,0,0.0
광주,동구,의원,2019,113,-1,5,0.04424778761061947,4,0.035398230088495575
광주,동구,의원,2020,111,-2,6,0.05405405405405406,4,0.036036036036036036
광주,동구,의원,2021,113,2,2,0.017699115044247787,4,0.035398230088495575
광주,동구,의원,2022,117,4,4,0.03418803418803419,8,0.06837606837606838
광주,동구,의원,2023,122,5,0,0.0,5,0.040983606557377046
광주,동구,의원,2024,120,-2,6,0.05,4,0.03333333333333333
광주,동구,의원,2025,120,0,7,0.058333333333333334,7,0.058333333333333334
광주,동구,종합병원,2007,1,,0,0.0,,
광주,동구,종합병원,2008,1,0,0,0.0,0,0.0
광주,동구,종합병원,2009,1,0,0,0.0,0,0.0
광주,동구,종합병원,2010,1,0,0,0.0,0,0.0
광주,동구,종합병원,2011,1,0,0,0.0,0,0.0
광주,동구,종합병원,2012,1,0,0,0.0,0,0.0
광주,동구,종합병원,2013,1,0,0,0.0,0,0.0
광주,동구,종합병원,2014,1,0,0,0.0,0,0.0
광주,동구,종합병원,2015,1,0,0,0.0,0,0.0
광주,동구,종합병원,2016,1,0,0,0.0,0,0.0
광주,동구,종합병원,2017,1,0,0,0.0,0,0.0
광주,동구,종합병원,2018,1,0,0,0.0,0,0.0
광주,동구,종합병원,2019,1,0,0,0.0,0,0.0
광주,동구,종합병원,2020,1,0,0,0.0,0,0.0
광주,동구,종합병원,2021,1,0,0,0.0,0,0.0
광주,동구,종합병원,2022,1,0,0,0.0,0,0.0
광주,동구,종합병원,2023,1,0,0,0.0,0,0.0
광주,동구,종합병원,2024,1,0,0,0.0,0,0.0
광주,동구,종합병원,2025,1,0,0,0.0,0,0.0
광주,북구,병원,2007,9,,3,0.3333333333333333,,
광주,북구,병원,2008,14,5,4,0.2857142857142857,9,0.6428571428571429
광주,북구,병원,2009,17,3,2,0.11764705882352941,5,0.29411764705882354
광주,북구,병원,2010,16,-1,2,0.125,1,0.0625
광주,북구,병원,2011,19,3,0,0.0,3,0.15789473684210525
광주,북구,병원,2012,20,1,2,0.1,3,0.15
광주,북구,병원,2013,20,0,3,0.15,3,0.15
광주,북구,병원,2014,20,0,1,0.05,1,0.05
광주,북구,병원,2015,21,1,3,0.14285714285714285,4,0.19047619047619047
광주,북구,병원,2016,23,2,3,0.13043478260869565,5,0.21739130434782608
광주,북구,병원,2017,23,0,1,0.043478260869565216,1,0.043478260869565216
광주,북구,병원,2018,22,-1,2,0.09090909090909091,1,0.045454545454545456
광주,북구,병원,2019,23,1,3,0.13043478260869565,4,0.17391304347826086
광주,북구,병원,2020,24,1,3,0.125,4,0.16666666666666666
광주,북구,병원,2021,25,1,2,0.08,3,0.12
광주,북구,병원,2022,26,1,4,0.15384615384615385,5,0.19230769230769232
광주,북구,병원,2023,26,0,4,0.15384615384615385,4,0.15384615384615385
광주,북구,병원,2024,25,-1,3,0.12,2,0.08
광주,북구,병원,2025,25,0,1,0.04,1,0.04
광주,북구,상급종합병원,2007,0,,0,,,
광주,북구,상급종합병원,2008,0,0,0,,0,
광주,북구,상급종합병원,2009,0,0,0,,0,
광주,북구,상급종합병원,2010,0,0,0,,0,
광주,북구,상급종합병원,2011,0,0,0,,0,
광주,북구,상급종합병원,2012,0,0,0,,0,
광주,북구,상급종합병원,2013,0,0,0,,0,
광주,북구,상급종합병원,2014,0,0,0,,0,
광주,북구,상급종합병원,2015,0,0,0,,0,
광주,북구,상급종합병원,2016,0,0,0,,0,
광주,북구,상급종합병원,2017,0,0,0,,0,
광주,북구,상급종합병원,2018,0,0,0,,0,
광주,북구,상급종합병원,2019,0,0,0,,0,
광주,북구,상급종합병원,2020,0,0,0,,0,
광주,북구,상급종합병원,2021,0,0,0,,0,
광주,북구,상급종합병원,2022,0,0,0,,0,
광주,북구,상급종합병원,2023,0,0,0,,0,
광주,북구,상급종합병원,2024,0,0,0,,0,
광주,북구,상급종합병원,2025,0,0,0,,0,
광주,북구,의원,2007,241,,20,0.08298755186721991,,
광주,북구,의원,2008,247,6,16,0.06477732793522267,22,0.08906882591093117
광주,북구,의원,2009,243,-4,9,0.037037037037037035,5,0.0205761316872428
광주,북구,의원,2010,242,-1,5,0.02066115702479339,4,0.01652892561983471
광주,북구,의원,2011,245,3,17,0.06938775510204082,20,0.08163265306122448
광주,북구,의원,2012,227,-18,10,0.04405286343612335,-8,-0.03524229074889868
광주,북구,의원,2013,226,-1,6,0.02654867256637168,5,0.022123893805309734
광주,북구,의원,2014,240,14,15,0.0625,29,0.12083333333333333
광주,북구,의원,2015,246,6,12,0.04878048780487805,18,0.07317073170731707
광주,북구,의원,2016,245,-1,8,0.0326530612244898,7,0.02857142857142857
광주,북구,의원,2017,243,-2,14,0.05761316872427984,12,0.04938271604938271
광주,북구,의원,2018,245,2,9,0.036734693877551024,11,0.044897959183673466
광주,북구,의원,2019,247,2,4,0.016194331983805668,6,0.024291497975708502
광주,북구,의원,2020,252,5,10,0.03968253968253968,15,0.05952380952380952
광주,북구,의원,2021,257,5,6,0.023346303501945526,11,0.042801556420233464
광주,북구,의원,2022,262,5,5,0.019083969465648856,10,0.03816793893129771
광주,북구,의원,2023,276,14,5,0.018115942028985508,19,0.06884057971014493
광주,북구,의원,2024,282,6,6,0.02127659574468085,12,0.0425531914893617
광주,북구,의원,2025,287,5,9,0.0313588850174216,14,0.04878048780487805
광주,북구,종합병원,2007,3,,0,0.0,,
광주,북구,종합병원,2008,3,0,0,0.0,0,0.0
광주,북구,종합병원,2009,4,1,0,0.0,1,0.25
광주,북구,종합병원,2010,5,1,1,0.2,2,0.4
광주,북구,종합병원,2011,5,0,0,0.0,0,0.0
광주,북구,종합병원,2012,5,0,0,0.0,0,0.0
광주,북구,종합병원,2013,5,0,0,0.0,0,0.0
광주,북구,종합병원,2014,5,0,0,0.0,0,0.0
광주,북구,종합병원,2015,5,0,0,0.0,0,0.0
광주,북구,종합병원,2016,5,0,0,0.0,0,0.0
광주,북구,종합병원,2017,5,0,0,0.0,0,0.0
광주,북구,종합병원,2018,5,0,1,0.2,1,0.2
광주,북구,종합병원,2019,5,0,1,0.2,1,0.2
광주,북구,종합병원,2020,6,1,0,0.0,1,0.16666666666666666
광주,북구,종합병원,2021,6,0,2,0.3333333333333333,2,0.3333333333333333
광주,북구,종합병원,2022,6,0,2,0.3333333333333333,2,0.3333333333333333
광주,북구,종합병원,2023,6,0,0,0.0,0,0.0
광주,북구,종합병원,2024,6,0,1,0.16666666666666666,1,0.16666666666666666
광주,북구,종합병원,2025,6,0,0,0.0,0,0.0
광주,서구,병원,2007,9,,2,0.2222222222222222,,
광주,서구,병원,2008,7,-2,0,0.0,-2,-0.2857142857142857
광주,서구,병원,2009,10,3,0,0.0,3,0.3
광주,서구,병원,2010,11,1,1,0.09090909090909091,2,0.18181818181818182
광주,서구,병원,2011,12,1,2,0.16666666666666666,3,0.25
광주,서구,병원,2012,14,2,2,0.14285714285714285,4,0.2857142857142857
광주,서구,병원,2013,12,-2,3,0.25,1,0.08333333333333333
광주,서구,병원,2014,13,1,3,0.23076923076923078,4,0.3076923076923077
광주,서구,병원,2015,16,3,3,0.1875,6,0.375
광주,서구,병원,2016,18,2,1,0.05555555555555555,3,0.16666666666666666
광주,서구,병원,2017,18,0,3,0.16666666666666666,3,0.16666666666666666
광주,서구,병원,2018,19,1,4,0.21052631578947367,5,0.2631578947368421
광주,서구,병원,2019,18,-1,1,0.05555555555555555,0,0.0
광주,서구,병원,2020,19,1,2,0.10526315789473684,3,0.15789473684210525
광주,서구,병원,2021,22,3,1,0.045454545454545456,4,0.18181818181818182
광주,서구,병원,2022,23,1,3,0.13043478260869565,4,0.17391304347826086
광주,서구,병원,2023,22,-1,3,0.13636363636363635,2,0.09090909090909091
광주,서구,병원,2024,22,0,3,0.13636363636363635,3,0.13636363636363635
광주,서구,병원,2025,23,1,1,0.043478260869565216,2,0.08695652173913043
광주,서구,상급종합병원,2007,0,,0,,,
광주,서구,상급종합병원,2008,0,0,0,,0,
광주,서구,상급종합병원,2009,0,0,0,,0,
광주,서구,상급종합병원,2010,0,0,0,,0,
광주,서구,상급종합병원,2011,0,0,0,,0,
광주,서구,상급종합병원,2012,0,0,0,,0,
광주,서구,상급종합병원,2013,0,0,0,,0,
광주,서구,상급종합병원,2014,0,0,0,,0,
광주,서구,상급종합병원,2015,0,0,0,,0,
광주,서구,상급종합병원,2016,0,0,0,,0,
광주,서구,상급종합병원,2017,0,0,0,,0,
광주,서구,상급종합병원,2018,0,0,0,,0,
광주,서구,상급종합병원,2019,0,0,0,,0,
광주,서구,상급종합병원,2020,0,0,0,,0,
광주,서구,상급종합병원,2021,0,0,0,,0,
광주,서구,상급종합병원,2022,0,0,0,,0,
광주,서구,상급종합병원,2023,0,0,0,,0,
광주,서구,상급종합병원,2024,0,0,0,,0,
광주,서구,상급종합병원,2025,0,0,0,,0,
광주,서구,의원,2007,178,,7,0.03932584269662921,,
광주,서구,의원,2008,180,2,7,0.03888888888888889,9,0.05
광주,서구,의원,2009,186,6,10,0.053763440860215055,16,0.08602150537634409
광주,서구,의원,2010,198,12,12,0.06060606060606061,24,0.12121212121212122
광주,서구,의원,2011,203,5,16,0.07881773399014778,21,0.10344827586206896
광주,서구,의원,2012,210,7,10,0.047619047619047616,17,0.08095238095238096
광주,서구,의원,2013,207,-3,11,0.05314009661835749,8,0.03864734299516908
광주,서구,의원,2014,222,15,7,0.03153153153153153,22,0.0990990990990991
광주,서구,의원,2015,228,6,10,0.043859649122807015,16,0.07017543859649122
광주,서구,의원,2016,233,5,11,0.04721030042918455,16,0.06866952789699571
광주,서구,의원,2017,245,12,10,0.04081632653061224,22,0.08979591836734693
광주,서구,의원,2018,252,7,14,0.05555555555555555,21,0.08333333333333333
광주,서구,의원,2019,249,-3,8,0.0321285140562249,5,0.020080321285140562
광주,서구,의원,2020,253,4,9,0.03557312252964427,13,0.05138339920948617
광주,서구,의원,2021,258,5,11,0.04263565891472868,16,0.06201550387596899
광주,서구,의원,2022,259,1,11,0.04247104247104247,12,0.04633204633204633
광주,서구,의원,2023,272,13,10,0.03676470588235294,23,0.08455882352941177
광주,서구,의원,2024,277,5,6,0.021660649819494584,11,0.039711191335740074
광주,서구,의원,2025,276,-1,8,0.028985507246376812,7,0.025362318840579712
광주,서구,종합병원,2007,3,,4,1.3333333333333333,,
광주,서구,종합병원,2008,4,1,0,0.0,1,0.25
광주,서구,종합병원,2009,4,0,0,0.0,0,0.0
광주,서구,종합병원,2010,4,0,1,0.25,1,0.25
광주,서구,종합병원,2011,5,1,0,0.0,1,0.2
광주,서구,종합병원,2012,5,0,0,0.0,0,0.0
광주,서구,종합병원,2013,5,0,0,0.0,0,0.0
광주,서구,종합병원,2014,5,0,0,0.0,0,0.0
광주,서구,종합병원,2015,5,0,0,0.0,0,0.0
광주,서구,종합병원,2016,5,0,0,0.0,0,0.0
광주,서구,종합병원,2017,5,0,0,0.0,0,0.0
광주,서구,종합병원,2018,5,0,1,0.2,1,0.2
광주,서구,종합병원,2019,5,0,0,0.0,0,0.0
광주,서구,종합병원,2020,5,0,2,0.4,2,0.4
광주,서구,종합병원,2021,5,0,0,0.0,0,0.0
광주,서구,종합병원,2022,5,0,0,0.0,0,0.0
광주,서구,종합병원,2023,5,0,0,0.0,0,0.0
광주,서구,종합병원,2024,5,0,1,0.2,1,0.2
광주,서구,종합병원,2025,5,0,1,0.2,1,0.2
대구,남구,병원,2007,6,,0,0.0,,
대구,남구,병원,2008,7,1,0,0.0,1,0.14285714285714285
대구,남구,병원,2009,9,2,0,0.0,2,0.2222222222222222
대구,남구,병원,2010,9,0,0,0.0,0,0.0
대구,남구,병원,2011,9,0,0,0.0,0,0.0
대구,남구,병원,2012,10,1,2,0.2,3,0.3
대구,남구,병원,2013,8,-2,0,0.0,-2,-0.25
대구,남구,병원,2014,8,0,0,0.0,0,0.0
대구,남구,병원,2015,8,0,0,0.0,0,0.0
대구,남구,병원,2016,9,1,0,0.0,1,0.1111111111111111
대구,남구,병원,2017,9,0,1,0.1111111111111111,1,0.1111111111111111
대구,남구,병원,2018,8,-1,2,0.25,1,0.125
대구,남구,병원,2019,7,-1,0,0.0,-1,-0.14285714285714285
대구,남구,병원,2020,7,0,0,0.0,0,0.0
대구,남구,병원,2021,7,0,0,0.0,0,0.0
대구,남구,병원,2022,5,-2,2,0.4,0,0.0
대구,남구,병원,2023,5,0,0,0.0,0,0.0
대구,남구,병원,2024,5,0,1,0.2,1,0.2
대구,남구,병원,2025,5,0,0,0.0,0,0.0
대구,남구,상급종합병원,2007,2,,0,0.0,,
대구,남구,상급종합병원,2008,2,0,0,0.0,0,0.0
대구,남구,상급종합병원,2009,2,0,0,0.0,0,0.0
대구,남구,상급종합병원,2010,2,0,0,0.0,0,0.0
대구,남구,상급종합병원,2011,2,0,0,0.0,0,0.0
대구,남구,상급종합병원,2012,2,0,0,0.0,0,0.0
대구,남구,상급종합병원,2013,2,0,0,0.0,0,0.0
대구,남구,상급종합병원,2014,2,0,0,0.0,0,0.0
대구,남구,상급종합병원,2015,2,0,0,0.0,0,0.0
대구,남구,상급종합병원,2016,2,0,0,0.0,0,0.0
대구,남구,상급종합병원,2017,2,0,0,0.0,0,0.0
대구,남구,상급종합병원,2018,2,0,0,0.0,0,0.0
대구,남구,상급종합병원,2019,2,0,0,0.0,0,0.0
대구,남구,상급종합병원,2020,2,0,0,0.0,0,0.0
대구,남구,상급종합병원,2021,2,0,0,0.0,0,0.0
대구,남구,상급종합병원,2022,2,0,0,0.0,0,0.0
대구,남구,상급종합병원,2023,2,0,0,0.0,0,0.0
대구,남구,상급종합병원,2024,2,0,0,0.0,0,0.0
대구,남구,상급종합병원,2025,2,0,0,0.0,0,0.0
대구,남구,의원,2007,104,,3,0.028846153846153848,,
대구,남구,의원,2008,111,7,8,0.07207207207207207,15,0.13513513513513514
대구,남구,의원,2009,101,-10,2,0.019801980198019802,-8,-0.07920792079207921
대구,남구,의원,2010,103,2,3,0.02912621359223301,5,0.04854368932038835
대구,남구,의원,2011,103,0,8,0.07766990291262135,8,0.07766990291262135
대구,남구,의원,2012,100,-3,2,0.02,-1,-0.01
대구,남구,의원,2013,99,-1,2,0.020202020202020204,1,0.010101010101010102
대구,남구,의원,2014,102,3,3,0.029411764705882353,6,0.058823529411764705
대구,남구,의원,2015,105,3,3,0.02857142857142857,6,0.05714285714285714
대구,남구,의원,2016,104,-1,4,0.038461538461538464,3,0.028846153846153848
대구,남구,의원,2017,104,0,2,0.019230769230769232,2,0.019230769230769232
대구,남구,의원,2018,105,1,4,0.0380952380952381,5,0.047619047619047616
대구,남구,의원,2019,104,-1,3,0.028846153846153848,2,0.019230769230769232
대구,남구,의원,2020,104,0,0,0.0,0,0.0
대구,남구,의원,2021,108,4,3,0.027777777777777776,7,0.06481481481481481
대구,남구,의원,2022,115,7,3,0.02608695652173913,10,0.08695652173913043
대구,남구,의원,2023,120,5,1,0.008333333333333333,6,0.05
대구,남구,의원,2024,118,-2,2,0.01694915254237288,0,0.0
대구,남구,의원,2025,119,1,5,0.04201680672268908,6,0.05042016806722689
대구,남구,종합병원,2007,0,,0,,,
대구,남구,종합병원,2008,0,0,0,,0,
대구,남구,종합병원,2009,0,0,0,,0,
대구,남구,종합병원,2010,0,0,0,,0,
대구,남구,종합병원,2011,0,0,0,,0,
대구,남구,종합병원,2012,0,0,0,,0,
대구,남구,종합병원,2013,0,0,0,,0,
대구,남구,종합병원,2014,0,0,0,,0,
대구,남구,종합병원,2015,0,0,0,,0,
대구,남구,종합병원,2016,0,0,0,,0,
대구,남구,종합병원,2017,0,0,0,,0,
대구,남구,종합병원,2018,0,0,0,,0,
대구,남구,종합병원,2019,1,1,1,1.0,2,2.0
대구,남구,종합병원,2020,1,0,0,0.0,0,0.0
대구,남구,종합병원,2021,1,0,0,0.0,0,0.0
대구,남구,종합병원,2022,2,1,0,0.0,1,0.5
대구,남구,종합병원,2023,2,0,0,0.0,0,0.0
대구,남구,종합병원,2024,2,0,0,0.0,0,0.0
대구,남구,종합병원,2025,2,0,0,0.0,0,0.0
대구,달서구,병원,2007,21,,5,0.23809523809523808,,
대구,달서구,병원,2008,23,2,0,0.0,2,0.08695652173913043
대구,달서구,병원,2009,29,6,2,0.06896551724137931,8,0.27586206896551724
대구,달서구,병원,2010,29,0,1,0.034482758620689655,1,0.034482758620689655
대구,달서구,병원,2011,29,0,4,0.13793103448275862,4,0.13793103448275862
대구,달서구,병원,2012,29,0,1,0.034482758620689655,1,0.034482758620689655
대구,달서구,병원,2013,31,2,3,0.0967741935483871,5,0.16129032258064516
대구,달서구,병원,2014,32,1,3,0.09375,4,0.125
대구,달서구,병원,2015,33,1,1,0.030303030303030304,2,0.06060606060606061
대구,달서구,병원,2016,34,1,4,0.11764705882352941,5,0.14705882352941177
대구,달서구,병원,2017,33,-1,3,0.09090909090909091,2,0.06060606060606061
대구,달서구,병원,2018,33,0,3,0.09090909090909091,3,0.09090909090909091
대구,달서구,병원,2019,30,-3,1,0.03333333333333333,-2,-0.06666666666666667
대구,달서구,병원,2020,31,1,2,0.06451612903225806,3,0.0967741935483871
대구,달서구,병원,2021,30,-1,7,0.23333333333333334,6,0.2
대구,달서구,병원,2022,22,-8,1,0.045454545454545456,-7,-0.3181818181818182
대구,달서구,병원,2023,21,-1,1,0.047619047619047616,0,0.0
대구,달서구,병원,2024,21,0,0,0.0,0,0.0
대구,달서구,병원,2025,21,0,0,0.0,0,0.0
대구,달서구,상급종합병원,2007,0,,0,,,
대구,달서구,상급종합병원,2008,0,0,0,,0,
대구,달서구,상급종합병원,2009,0,0,0,,0,
대구,달서구,상급종합병원,2010,0,0,0,,0,
대구,달서구,상급종합병원,2011,0,0,0,,0,
대구,달서구,상급종합병원,2012,0,0,0,,0,
대구,달서구,상급종합병원,2013,0,0,0,,0,
대구,달서구,상급종합병원,2014,0,0,0,,0,
대구,달서구,상급종합병원,2015,0,0,0,,0,
대구,달서구,상급종합병원,2016,0,0,0,,0,
대구,달서구,상급종합병원,2017,0,0,0,,0,
대구,달서구,상급종합병원,2018,0,0,0,,0,
대구,달서구,상급종합병원,2019,0,0,0,,0,
대구,달서구,상급종합병원,2020,1,1,0,0.0,1,1.0
대구,달서구,상급종합병원,2021,1,0,0,0.0,0,0.0
대구,달서구,상급종합병원,2022,1,0,0,0.0,0,0.0
대구,달서구,상급종합병원,2023,1,0,0,0.0,0,0.0
대구,달서구,상급종합병원,2024,1,0,0,0.0,0,0.0
대구,달서구,상급종합병원,2025,1,0,0,0.0,0,0.0
대구,달서구,의원,2007,301,,9,0.029900332225913623,,
대구,달서구,의원,2008,306,5,11,0.03594771241830065,16,0.05228758169934641
대구,달서구,의원,2009,318,12,8,0.025157232704402517,20,0.06289308176100629
대구,달서구,의원,2010,317,-1,13,0.04100946372239748,12,0.03785488958990536
대구,달서구,의원,2011,323,6,5,0.015479876160990712,11,0.034055727554179564
대구,달서구,의원,2012,330,7,8,0.024242424242424242,15,0.045454545454545456
대구,달서구,의원,2013,327,-3,9,0.027522935779816515,6,0.01834862385321101
대구,달서구,의원,2014,331,4,7,0.021148036253776436,11,0.03323262839879154
대구,달서구,의원,2015,332,1,10,0.030120481927710843,11,0.03313253012048193
대구,달서구,의원,2016,341,9,3,0.008797653958944282,12,0.03519061583577713
대구,달서구,의원,2017,354,13,9,0.025423728813559324,22,0.062146892655367235
대구,달서구,의원,2018,356,2,11,0.03089887640449438,13,0.03651685393258427
대구,달서구,의원,2019,366,10,5,0.01366120218579235,15,0.040983606557377046
대구,달서구,의원,2020,375,9,5,0.013333333333333334,14,0.037333333333333336
대구,달서구,의원,2021,382,7,9,0.02356020942408377,16,0.041884816753926704
대구,달서구,의원,2022,395,13,5,0.012658227848101266,18,0.04556962025316456
대구,달서구,의원,2023,405,10,9,0.022222222222222223,19,0.04691358024691358
대구,달서구,의원,2024,418,13,6,0.014354066985645933,19,0.045454545454545456
대구,달서구,의원,2025,430,12,8,0.018604651162790697,20,0.046511627906976744
대구,달서구,종합병원,2007,3,,0,0.0,,
대구,달서구,종합병원,2008,3,0,0,0.0,0,0.0
대구,달서구,종합병원,2009,3,0,0,0.0,0,0.0
대구,달서구,종합병원,2010,3,0,0,0.0,0,0.0
대구,달서구,종합병원,2011,3,0,0,0.0,0,0.0
대구,달서구,종합병원,2012,3,0,0,0.0,0,0.0
대구,달서구,종합병원,2013,3,0,1,0.3333333333333333,1,0.3333333333333333
대구,달서구,종합병원,2014,2,-1,0,0.0,-1,-0.5
대구,달서구,종합병원,2015,2,0,0,0.0,0,0.0
대구,달서구,종합병원,2016,2,0,0,0.0,0,0.0
대구,달서구,종합병원,2017,2,0,0,0.0,0,0.0
대구,달서구,종합병원,2018,2,0,0,0.0,0,0.0
대구,달서구,종합병원,2019,4,2,0,0.0,2,0.5
대구,달서구,종합병원,2020,5,1,0,0.0,1,0.2
대구,달서구,종합병원,2021,5,0,0,0.0,0,0.0
대구,달서구,종합병원,2022,5,0,0,0.0,0,0.0
대구,달서구,종합병원,2023,5,0,0,0.0,0,0.0
대구,달서구,종합병원,2024,5,0,0,0.0,0,0.0
대구,달서구,종합병원,2025,5,0,0,0.0,0,0.0
대구,달성군,병원,2007,5,,1,0.2,,
대구,달성군,병원,2008,6,1,1,0.16666666666666666,2,0.3333333333333333
대구,달성군,병원,2009,7,1,1,0.14285714285714285,2,0.2857142857142857
대구,달성군,병원,2010,8,1,1,0.125,2,0.25
대구,달성군,병원,2011,9,1,1,0.1111111111111111,2,0.2222222222222222
대구,달성군,병원,2012,9,0,1,0.1111111111111111,1,0.1111111111111111
대구,달성군,병원,2013,9,0,4,0.4444444444444444,4,0.4444444444444444
대구,달성군,병원,2014,7,-2,1,0.14285714285714285,-1,-0.14285714285714285
대구,달성군,병원,2015,7,0,0,0.0,0,0.0
대구,달성군,병원,2016,7,0,0,0.0,0,0.0
대구,달성군,병원,2017,8,1,2,0.25,3,0.375
대구,달성군,병원,2018,7,-1,0,0.0,-1,-0.14285714285714285
대구,달성군,병원,2019,7,0,1,0.14285714285714285,1,0.14285714285714285
대구,달성군,병원,2020,7,0,0,0.0,0,0.0
대구,달성군,병원,2021,5,-2,2,0.4,0,0.0
대구,달성군,병원,2022,5,0,1,0.2,1,0.2
대구,달성군,병원,2023,5,0,0,0.0,0,0.0
대구,달성군,병원,2024,7,2,1,0.14285714285714285,3,0.42857142857142855
대구,달성군,병원,2025,6,-1,1,0.16666666666666666,0,0.0
대구,달성군,상급종합병원,2007,0,,0,,,
대구,달성군,상급종합병원,2008,0,0,0,,0,
대구,달성군,상급종합병원,2009,0,0,0,,0,
대구,달성군,상급종합병원,2010,0,0,0,,0,
대구,달성군,상급종합병원,2011,0,0,0,,0,
대구,달성군,상급종합병원,2012,0,0,0,,0,
대구,달성군,상급종합병원,2013,0,0,0,,0,
대구,달성군,상급종합병원,2014,0,0,0,,0,
대구,달성군,상급종합병원,2015,0,0,0,,0,
대구,달성군,상급종합병원,2016,0,0,0,,0,
대구,달성군,상급종합병원,2017,0,0,0,,0,
대구,달성군,상급종합병원,2018,0,0,0,,0,
대구,달성군,상급종합병원,2019,0,0,0,,0,
대구,달성군,상급종합병원,2020,0,0,0,,0,
대구,달성군,상급종합병원,2021,0,0,0,,0,
대구,달성군,상급종합병원,2022,0,0,0,,0,
대구,달성군,상급종합병원,2023,0,0,0,,0,
대구,달성군,상급종합병원,2024,0,0,0,,0,
대구,달성군,상급종합병원,2025,0,0,0,,0,
대구,달성군,의원,2007,51,,2,0.0392156862745098,,
대구,달성군,의원,2008,52,1,1,0.019230769230769232,2,0.038461538461538464
대구,달성군,의원,2009,61,9,1,0.01639344262295082,10,0.16393442622950818
대구,달성군,의원,2010,70,9,2,0.02857142857142857,11,0.15714285714285714
대구,달성군,의원,2011,76,6,1,0.013157894736842105,7,0.09210526315789473
대구,달성군,의원,2012,82,6,0,0.0,6,0.07317073170731707
대구,달성군,의원,2013,87,5,0,0.0,5,0.05747126436781609
대구,달성군,의원,2014,90,3,2,0.022222222222222223,5,0.05555555555555555
대구,달성군,의원,2015,89,-1,1,0.011235955056179775,0,0.0
대구,달성군,의원,2016,97,8,2,0.020618556701030927,10,0.10309278350515463
대구,달성군,의원,2017,106,9,4,0.03773584905660377,13,0.12264150943396226
대구,달성군,의원,2018,117,11,3,0.02564102564102564,14,0.11965811965811966
대구,달성군,의원,2019,125,8,4,0.032,12,0.096
대구,달성군,의원,2020,123,-2,2,0.016260162601626018,0,0.0
대구,달성군,의원,2021,125,2,3,0.024,5,0.04
대구,달성군,의원,2022,127,2,1,0.007874015748031496,3,0.023622047244094488
대구,달성군,의원,2023,127,0,5,0.03937007874015748,5,0.03937007874015748
대구,달성군,의원,2024,125,-2,2,0.016,0,0.0
대구,달성군,의원,2025,123,-2,3,0.024390243902439025,1,0.008130081300813009
대구,달성군,종합병원,2007,0,,0,,,
대구,달성군,종합병원,2008,0,0,0,,0,
대구,달성군,종합병원,2009,0,0,0,,0,
대구,달성군,종합병원,2010,0,0,0,,0,
대구,달성군,종합병원,2011,0,0,0,,0,
대구,달성군,종합병원,2012,0,0,0,,0,
대구,달성군,종합병원,2013,0,0,0,,0,
대구,달성군,종합병원,2014,0,0,0,,0,
대구,달성군,종합병원,2015,0,0,0,,0,
대구,달성군,종합병원,2016,0,0,0,,0,
대구,달성군,종합병원,2017,0,0,0,,0,
대구,달성군,종합병원,2018,0,0,0,,0,
대구,달성군,종합병원,2019,0,0,0,,0,
대구,달성군,종합병원,2020,0,0,0,,0,
대구,달성군,종합병원,2021,0,0,0,,0,
대구,달성군,종합병원,2022,0,0,0,,0,
대구,달성군,종합병원,2023,0,0,0,,0,
대구,달성군,종합병원,2024,0,0,0,,0,
대구,달성군,종합병원,2025,0,0,0,,0,
대구,동구,병원,2007,6,,2,0.3333333333333333,,
대구,동구,병원,2008,7,1,1,0.14285714285714285,2,0.2857142857142857
대구,동구,병원,2009,6,-1,0,0.0,-1,-0.16666666666666666
대구,동구,병원,2010,7,1,0,0.0,1,0.14285714285714285
대구,동구,병원,2011,8,1,1,0.125,2,0.25
대구,동구,병원,2012,6,-2,0,0.0,-2,-0.3333333333333333
대구,동구,병원,2013,6,0,1,0.16666666666666666,1,0.16666666666666666
대구,동구,병원,2014,7,1,0,0.0,1,0.14285714285714285
대구,동구,병원,2015,9,2,2,0.2222222222222222,4,0.4444444444444444
대구,동구,병원,2016,9,0,0,0.0,0,0.0
대구,동구,병원,2017,10,1,0,0.0,1,0.1
대구,동구,병원,2018,10,0,1,0.1,1,0.1
대구,동구,병원,2019,9,-1,0,0.0,-1,-0.1111111111111111
대구,동구,병원,2020,9,0,1,0.1111111111111111,1,0.1111111111111111
대구,동구,병원,2021,7,-2,3,0.42857142857142855,1,0.14285714285714285
대구,동구,병원,2022,8,1,0,0.0,1,0.125
대구,동구,병원,2023,7,-1,3,0.42857142857142855,2,0.2857142857142857
대구,동구,병원,2024,6,-1,1,0.16666666666666666,0,0.0
대구,동구,병원,2025,6,0,0,0.0,0,0.0
대구,동구,상급종합병원,2007,0,,0,,,
대구,동구,상급종합병원,2008,0,0,0,,0,
대구,동구,상급종합병원,2009,0,0,0,,0,
대구,동구,상급종합병원,2010,0,0,0,,0,
대구,동구,상급종합병원,2011,0,0,0,,0,
대구,동구,상급종합병원,2012,0,0,0,,0,
대구,동구,상급종합병원,2013,0,0,0,,0,
대구,동구,상급종합병원,2014,0,0,0,,0,
대구,동구,상급종합병원,2015,0,0,0,,0,
대구,동구,상급종합병원,2016,0,0,0,,0,
대구,동구,상급종합병원,2017,0,0,0,,0,
대구,동구,상급종합병원,2018,0,0,0,,0,
대구,동구,상급종합병원,2019,0,0,0,,0,
대구,동구,상급종합병원,2020,0,0,0,,0,
대구,동구,상급종합병원,2021,0,0,0,,0,
대구,동구,상급종합병원,2022,0,0,0,,0,
대구,동구,상급종합병원,2023,0,0,0,,0,
대구,동구,상급종합병원,2024,0,0,0,,0,
대구,동구,상급종합병원,2025,0,0,0,,0,
대구,동구,의원,2007,175,,12,0.06857142857142857,,
대구,동구,의원,2008,170,-5,8,0.047058823529411764,3,0.01764705882352941
대구,동구,의원,2009,173,3,7,0.04046242774566474,10,0.057803468208092484
대구,동구,의원,2010,182,9,13,0.07142857142857142,22,0.12087912087912088
대구,동구,의원,2011,182,0,6,0.03296703296703297,6,0.03296703296703297
대구,동구,의원,2012,192,10,9,0.046875,19,0.09895833333333333
대구,동구,의원,2013,193,1,6,0.031088082901554404,7,0.03626943005181347
대구,동구,의원,2014,200,7,4,0.02,11,0.055
대구,동구,의원,2015,207,7,4,0.01932367149758454,11,0.05314009661835749
대구,동구,의원,2016,211,4,2,0.009478672985781991,6,0.02843601895734597
대구,동구,의원,2017,220,9,10,0.045454545454545456,19,0.08636363636363636
대구,동구,의원,2018,225,5,5,0.022222222222222223,10,0.044444444444444446
대구,동구,의원,2019,233,8,3,0.012875536480686695,11,0.04721030042918455
대구,동구,의원,2020,235,2,5,0.02127659574468085,7,0.029787234042553193
대구,동구,의원,2021,241,6,5,0.02074688796680498,11,0.04564315352697095
대구,동구,의원,2022,247,6,10,0.04048582995951417,16,0.06477732793522267
대구,동구,의원,2023,241,-6,3,0.012448132780082987,-3,-0.012448132780082987
대구,동구,의원,2024,247,6,2,0.008097165991902834,8,0.032388663967611336
대구,동구,의원,2025,256,9,4,0.015625,13,0.05078125
대구,동구,종합병원,2007,1,,0,0.0,,
대구,동구,종합병원,2008,1,0,0,0.0,0,0.0
대구,동구,종합병원,2009,1,0,0,0.0,0,0.0
대구,동구,종합병원,2010,1,0,0,0.0,0,0.0
대구,동구,종합병원,2011,1,0,0,0.0,0,0.0
대구,동구,종합병원,2012,1,0,0,0.0,0,0.0
대구,동구,종합병원,2013,1,0,0,0.0,0,0.0
대구,동구,종합병원,2014,1,0,0,0.0,0,0.0
대구,동구,종합병원,2015,1,0,0,0.0,0,0.0
대구,동구,종합병원,2016,1,0,0,0.0,0,0.0
대구,동구,종합병원,2017,1,0,0,0.0,0,0.0
대구,동구,종합병원,2018,1,0,0,0.0,0,0.0
대구,동구,종합병원,2019,1,0,0,0.0,0,0.0
대구,동구,종합병원,2020,1,0,0,0.0,0,0.0
대구,동구,종합병원,2021,1,0,0,0.0,0,0.0
대구,동구,종합병원,2022,1,0,0,0.0,0,0.0
대구,동구,종합병원,2023,2,1,0,0.0,1,0.5
대구,동구,종합병원,2024,2,0,0,0.0,0,0.0
대구,동구,종합병원,2025,2,0,0,0.0,0,0.0
대구,북구,병원,2007,12,,3,0.25,,
대구,북구,병원,2008,15,3,4,0.26666666666666666,7,0.4666666666666667
대구,북구,병원,2009,14,-1,3,0.21428571428571427,2,0.14285714285714285
대구,북구,병원,2010,14,0,2,0.14285714285714285,2,0.14285714285714285
대구,북구,병원,2011,14,0,3,0.21428571428571427,3,0.21428571428571427
대구,북구,병원,2012,16,2,0,0.0,2,0.125
대구,북구,병원,2013,16,0,0,0.0,0,0.0
대구,북구,병원,2014,17,1,1,0.058823529411764705,2,0.11764705882352941
대구,북구,병원,2015,17,0,0,0.0,0,0.0
대구,북구,병원,2016,18,1,0,0.0,1,0.05555555555555555
대구,북구,병원,2017,19,1,3,0.15789473684210525,4,0.21052631578947367
대구,북구,병원,2018,19,0,0,0.0,0,0.0
대구,북구,병원,2019,20,1,1,0.05,2,0.1
대구,북구,병원,2020,19,-1,1,0.05263157894736842,0,0.0
대구,북구,병원,2021,18,-1,2,0.1111111111111111,1,0.05555555555555555
대구,북구,병원,2022,19,1,0,0.0,1,0.05263157894736842
대구,북구,병원,2023,20,1,1,0.05,2,0.1
대구,북구,병원,2024,22,2,1,0.045454545454545456,3,0.13636363636363635
대구,북구,병원,2025,21,-1,1,0.047619047619047616,0,0.0
대구,북구,상급종합병원,2007,0,,0,,,
대구,북구,상급종합병원,2008,0,0,0,,0,
대구,북구,상급종합병원,2009,0,0,0,,0,
대구,북구,상급종합병원,2010,0,0,0,,0,
대구,북구,상급종합병원,2011,0,0,0,,0,
대구,북구,상급종합병원,2012,0,0,0,,0,
대구,북구,상급종합병원,2013,0,0,0,,0,
대구,북구,상급종합병원,2014,0,0,0,,0,
대구,북구,상급종합병원,2015,0,0,0,,0,
대구,북구,상급종합병원,2016,0,0,0,,0,
대구,북구,상급종합병원,2017,0,0,0,,0,
대구,북구,상급종합병원,2018,1,1,0,0.0,1,1.0
대구,북구,상급종합병원,2019,1,0,0,0.0,0,0.0
대구,북구,상급종합병원,2020,1,0,0,0.0,0,0.0
대구,북구,상급종합병원,2021,1,0,0,0.0,0,0.0
대구,북구,상급종합병원,2022,1,0,0,0.0,0,0.0
대구,북구,상급종합병원,2023,1,0,0,0.0,0,0.0
대구,북구,상급종합병원,2024,1,0,0,0.0,0,0.0
대구,북구,상급종합병원,2025,1,0,0,0.0,0,0.0
대구,북구,의원,2007,233,,10,0.04291845493562232,,
대구,북구,의원,2008,231,-2,12,0.05194805194805195,10,0.04329004329004329
대구,북구,의원,2009,228,-3,12,0.05263157894736842,9,0.039473684210526314
대구,북구,의원,2010,227,-1,12,0.05286343612334802,11,0.048458149779735685
대구,북구,의원,2011,224,-3,7,0.03125,4,0.017857142857142856
대구,북구,의원,2012,229,5,5,0.021834061135371178,10,0.043668122270742356
대구,북구,의원,2013,233,4,10,0.04291845493562232,14,0.060085836909871244
대구,북구,의원,2014,230,-3,7,0.030434782608695653,4,0.017391304347826087
대구,북구,의원,2015,231,1,2,0.008658008658008658,3,0.012987012987012988
대구,북구,의원,2016,232,1,7,0.03017241379310345,8,0.034482758620689655
대구,북구,의원,2017,244,12,9,0.036885245901639344,21,0.0860655737704918
대구,북구,의원,2018,245,1,2,0.00816326530612245,3,0.012244897959183673
대구,북구,의원,2019,246,1,5,0.02032520325203252,6,0.024390243902439025
대구,북구,의원,2020,251,5,7,0.027888446215139442,12,0.04780876494023904
대구,북구,의원,2021,255,4,4,0.01568627450980392,8,0.03137254901960784
대구,북구,의원,2022,260,5,1,0.0038461538461538464,6,0.023076923076923078
대구,북구,의원,2023,267,7,3,0.011235955056179775,10,0.03745318352059925
대구,북구,의원,2024,272,5,7,0.025735294117647058,12,0.04411764705882353
대구,북구,의원,2025,274,2,5,0.01824817518248175,7,0.025547445255474453
대구,북구,종합병원,2007,1,,0,0.0,,
대구,북구,종합병원,2008,1,0,0,0.0,0,0.0
대구,북구,종합병원,2009,1,0,0,0.0,0,0.0
대구,북구,종합병원,2010,1,0,0,0.0,0,0.0
대구,북구,종합병원,2011,2,1,0,0.0,1,0.5
대구,북구,종합병원,2012,2,0,0,0.0,0,0.0
대구,북구,종합병원,2013,2,0,0,0.0,0,0.0
대구,북구,종합병원,2014,2,0,0,0.0,0,0.0
대구,북구,종합병원,2015,2,0,0,0.0,0,0.0
대구,북구,종합병원,2016,2,0,0,0.0,0,0.0
대구,북구,종합병원,2017,2,0,0,0.0,0,0.0
대구,북구,종합병원,2018,1,-1,0,0.0,-1,-1.0
대구,북구,종합병원,2019,1,0,0,0.0,0,0.0
대구,북구,종합병원,2020,1,0,0,0.0,0,0.0
대구,북구,종합병원,2021,1,0,0,0.0,0,0.0
대구,북구,종합병원,2022,1,0,0,0.0,0,0.0
대구,북구,종합병원,2023,1,0,0,0.0,0,0.0
대구,북구,종합병원,2024,1,0,0,0.0,0,0.0
대구,북구,종합병원,2025,1,0,0,0.0,0,0.0
대구,서구,병원,2007,8,,1,0.125,,
대구,서구,병원,2008,9,1,0,0.0,1,0.1111111111111111
대구,서구,병원,2009,10,1,0,0.0,1,0.1
대구,서구,병원,2010,11,1,0,0.0,1,0.09090909090909091
대구,서구,병원,2011,12,1,0,0.0,1,0.08333333333333333
대구,서구,병원,2012,12,0,3,0.25,3,0.25
대구,서구,병원,2013,11,-1,2,0.18181818181818182,1,0.09090909090909091
대구,서구,병원,2014,9,-2,1,0.1111111111111111,-1,-0.1111111111111111
대구,서구,병원,2015,9,0,0,0.0,0,0.0
대구,서구,병원,2016,9,0,1,0.1111111111111111,1,0.1111111111111111
대구,서구,병원,2017,8,-1,0,0.0,-1,-0.125
대구,서구,병원,2018,8,0,2,0.25,2,0.25
대구,서구,병원,2019,9,1,0,0.0,1,0.1111111111111111
대구,서구,병원,2020,8,-1,0,0.0,-1,-0.125
대구,서구,병원,2021,7,-1,2,0.2857142857142857,1,0.14285714285714285
대구,서구,병원,2022,7,0,0,0.0,0,0.0
대구,서구,병원,2023,7,0,0,0.0,0,0.0
대구,서구,병원,2024,7,0,0,0.0,0,0.0
대구,서구,병원,2025,7,0,0,0.0,0,0.0
대구,서구,상급종합병원,2007,0,,0,,,
대구,서구,상급종합병원,2008,0,0,0,,0,
대구,서구,상급종합병원,2009,0,0,0,,0,
대구,서구,상급종합병원,2010,0,0,0,,0,
대구,서구,상급종합병원,2011,0,0,0,,0,
대구,서구,상급종합병원,2012,0,0,0,,0,
대구,서구,상급종합병원,2013,0,0,0,,0,
대구,서구,상급종합병원,2014,0,0,0,,0,
대구,서구,상급종합병원,2015,0,0,0,,0,
대구,서구,상급종합병원,2016,0,0,0,,0,
대구,서구,상급종합병원,2017,0,0,0,,0,
대구,서구,상급종합병원,2018,0,0,0,,0,
대구,서구,상급종합병원,2019,0,0,0,,0,
대구,서구,상급종합병원,2020,0,0,0,,0,
대구,서구,상급종합병원,2021,0,0,0,,0,
대구,서구,상급종합병원,2022,0,0,0,,0,
대구,서구,상급종합병원,2023,0,0,0,,0,
대구,서구,상급종합병원,2024,0,0,0,,0,
대구,서구,상급종합병원,2025,0,0,0,,0,
대구,서구,의원,2007,129,,3,0.023255813953488372,,
대구,서구,의원,2008,122,-7,4,0.03278688524590164,-3,-0.02459016393442623
대구,서구,의원,2009,121,-1,4,0.03305785123966942,3,0.024793388429752067
대구,서구,의원,2010,121,0,5,0.04132231404958678,5,0.04132231404958678
대구,서구,의원,2011,120,-1,10,0.08333333333333333,9,0.075
대구,서구,의원,2012,122,2,3,0.02459016393442623,5,0.040983606557377046
대구,서구,의원,2013,121,-1,7,0.05785123966942149,6,0.049586776859504134
대구,서구,의원,2014,121,0,7,0.05785123966942149,7,0.05785123966942149
대구,서구,의원,2015,120,-1,2,0.016666666666666666,1,0.008333333333333333
대구,서구,의원,2016,122,2,3,0.02459016393442623,5,0.040983606557377046
대구,서구,의원,2017,123,1,5,0.04065040650406504,6,0.04878048780487805
대구,서구,의원,2018,121,-2,2,0.01652892561983471,0,0.0
대구,서구,의원,2019,121,0,6,0.049586776859504134,6,0.049586776859504134
대구,서구,의원,2020,120,-1,1,0.008333333333333333,0,0.0
대구,서구,의원,2021,118,-2,3,0.025423728813559324,1,0.00847457627118644
대구,서구,의원,2022,119,1,3,0.025210084033613446,4,0.03361344537815126
대구,서구,의원,2023,125,6,1,0.008,7,0.056
대구,서구,의원,2024,124,-1,4,0.03225806451612903,3,0.024193548387096774
대구,서구,의원,2025,125,1,3,0.024,4,0.032
대구,서구,종합병원,2007,1,,0,0.0,,
대구,서구,종합병원,2008,1,0,0,0.0,0,0.0
대구,서구,종합병원,2009,1,0,0,0.0,0,0.0
대구,서구,종합병원,2010,1,0,0,0.0,0,0.0
대구,서구,종합병원,2011,1,0,0,0.0,0,0.0
대구,서구,종합병원,2012,1,0,0,0.0,0,0.0
대구,서구,종합병원,2013,1,0,0,0.0,0,0.0
대구,서구,종합병원,2014,1,0,0,0.0,0,0.0
대구,서구,종합병원,2015,1,0,0,0.0,0,0.0
대구,서구,종합병원,2016,1,0,0,0.0,0,0.0
대구,서구,종합병원,2017,1,0,0,0.0,0,0.0
대구,서구,종합병원,2018,1,0,0,0.0,0,0.0
대구,서구,종합병원,2019,1,0,0,0.0,0,0.0
대구,서구,종합병원,2020,1,0,0,0.0,0,0.0
대구,서구,종합병원,2021,1,0,0,0.0,0,0.0
대구,서구,종합병원,2022,1,0,0,0.0,0,0.0
대구,서구,종합병원,2023,1,0,0,0.0,0,0.0
대구,서구,종합병원,2024,1,0,0,0.0,0,0.0
대구,서구,종합병원,2025,1,0,0,0.0,0,0.0
대구,수성구,병원,2007,13,,1,0.07692307692307693,,
대구,수성구,병원,2008,13,0,1,0.07692307692307693,1,0.07692307692307693
대구,수성구,병원,2009,13,0,0,0.0,0,0.0
대구,수성구,병원,2010,15,2,4,0.26666666666666666,6,0.4
대구,수성구,병원,2011,16,1,3,0.1875,4,0.25
대구,수성구,병원,2012,18,2,1,0.05555555555555555,3,0.16666666666666666
대구,수성구,병원,2013,19,1,1,0.05263157894736842,2,0.10526315789473684
대구,수성구,병원,2014,21,2,1,0.047619047619047616,3,0.14285714285714285
대구,수성구,병원,2015,19,-2,3,0.15789473684210525,1,0.05263157894736842
대구,수성구,병원,2016,19,0,1,0.05263157894736842,1,0.05263157894736842
대구,수성구,병원,2017,17,-2,1,0.058823529411764705,-1,-0.058823529411764705
대구,수성구,병원,2018,15,-2,1,0.06666666666666667,-1,-0.06666666666666667
대구,수성구,병원,2019,15,0,0,0.0,0,0.0
대구,수성구,병원,2020,15,0,1,0.06666666666666667,1,0.06666666666666667
대구,수성구,병원,2021,13,-2,2,0.15384615384615385,0,0.0
대구,수성구,병원,2022,13,0,1,0.07692307692307693,1,0.07692307692307693
대구,수성구,병원,2023,13,0,0,0.0,0,0.0
대구,수성구,병원,2024,13,0,1,0.07692307692307693,1,0.07692307692307693
대구,수성구,병원,2025,14,1,0,0.0,1,0.07142857142857142
대구,수성구,상급종합병원,2007,0,,0,,,
대구,수성구,상급종합병원,2008,0,0,0,,0,
대구,수성구,상급종합병원,2009,0,0,0,,0,
대구,수성구,상급종합병원,2010,0,0,0,,0,
대구,수성구,상급종합병원,2011,0,0,0,,0,
대구,수성구,상급종합병원,2012,0,0,0,,0,
대구,수성구,상급종합병원,2013,0,0,0,,0,
대구,수성구,상급종합병원,2014,0,0,0,,0,
대구,수성구,상급종합병원,2015,0,0,0,,0,
대구,수성구,상급종합병원,2016,0,0,0,,0,
대구,수성구,상급종합병원,2017,0,0,0,,0,
대구,수성구,상급종합병원,2018,0,0,0,,0,
대구,수성구,상급종합병원,2019,0,0,0,,0,
대구,수성구,상급종합병원,2020,0,0,0,,0,
대구,수성구,상급종합병원,2021,0,0,0,,0,
대구,수성구,상급종합병원,2022,0,0,0,,0,
대구,수성구,상급종합병원,2023,0,0,0,,0,
대구,수성구,상급종합병원,2024,0,0,0,,0,
대구,수성구,상급종합병원,2025,0,0,0,,0,
대구,수성구,의원,2007,245,,9,0.036734693877551024,,
대구,수성구,의원,2008,252,7,15,0.05952380952380952,22,0.0873015873015873
대구,수성구,의원,2009,256,4,6,0.0234375,10,0.0390625
대구,수성구,의원,2010,268,12,2,0.007462686567164179,14,0.05223880597014925
대구,수성구,의원,2011,288,20,8,0.027777777777777776,28,0.09722222222222222
대구,수성구,의원,2012,293,5,6,0.020477815699658702,11,0.03754266211604096
대구,수성구,의원,2013,297,4,5,0.016835016835016835,9,0.030303030303030304
대구,수성구,의원,2014,301,4,12,0.03986710963455149,16,0.053156146179401995
대구,수성구,의원,2015,301,0,9,0.029900332225913623,9,0.029900332225913623
대구,수성구,의원,2016,314,13,10,0.03184713375796178,23,0.0732484076433121
대구,수성구,의원,2017,322,8,8,0.024844720496894408,16,0.049689440993788817
대구,수성구,의원,2018,327,5,6,0.01834862385321101,11,0.03363914373088685
대구,수성구,의원,2019,338,11,9,0.026627218934911243,20,0.05917159763313609
대구,수성구,의원,2020,351,13,12,0.03418803418803419,25,0.07122507122507123
대구,수성구,의원,2021,356,5,12,0.033707865168539325,17,0.047752808988764044
대구,수성구,의원,2022,374,18,7,0.01871657754010695,25,0.06684491978609626
대구,수성구,의원,2023,385,11,10,0.025974025974025976,21,0.05454545454545454
대구,수성구,의원,2024,411,26,6,0.014598540145985401,32,0.07785888077858881
대구,수성구,의원,2025,444,33,9,0.02027027027027027,42,0.0945945945945946
대구,수성구,종합병원,2007,1,,0,0.0,,
대구,수성구,종합병원,2008,1,0,1,1.0,1,1.0
대구,수성구,종합병원,2009,0,-1,0,,-1,
대구,수성구,종합병원,2010,0,0,0,,0,
대구,수성구,종합병원,2011,0,0,0,,0,
대구,수성구,종합병원,2012,0,0,0,,0,
대구,수성구,종합병원,2013,0,0,0,,0,
대구,수성구,종합병원,2014,0,0,0,,0,
대구,수성구,종합병원,2015,1,1,0,0.0,1,1.0
대구,수성구,종합병원,2016,1,0,0,0.0,0,0.0
대구,수성구,종합병원,2017,1,0,0,0.0,0,0.0
대구,수성구,종합병원,2018,1,0,0,0.0,0,0.0
대구,수성구,종합병원,2019,1,0,0,0.0,0,0.0
대구,수성구,종합병원,2020,1,0,0,0.0,0,0.0
대구,수성구,종합병원,2021,1,0,0,0.0,0,0.0
대구,수성구,종합병원,2022,1,0,0,0.0,0,0.0
대구,수성구,종합병원,2023,1,0,0,0.0,0,0.0
대구,수성구,종합병원,2024,1,0,0,0.0,0,0.0
대구,수성구,종합병원,2025,1,0,0,0.0,0,0.0
대구,중구,병원,2007,5,,0,0.0,,
대구,중구,병원,2008,5,0,1,0.2,1,0.2
대구,중구,병원,2009,7,2,0,0.0,2,0.2857142857142857
대구,중구,병원,2010,7,0,2,0.2857142857142857,2,0.2857142857142857
대구,중구,병원,2011,6,-1,0,0.0,-1,-0.16666666666666666
대구,중구,병원,2012,6,0,2,0.3333333333333333,2,0.3333333333333333
대구,중구,병원,2013,8,2,0,0.0,2,0.25
대구,중구,병원,2014,9,1,0,0.0,1,0.1111111111111111
대구,중구,병원,2015,9,0,1,0.1111111111111111,1,0.1111111111111111
대구,중구,병원,2016,9,0,2,0.2222222222222222,2,0.2222222222222222
대구,중구,병원,2017,9,0,0,0.0,0,0.0
대구,중구,병원,2018,12,3,0,0.0,3,0.25
대구,중구,병원,2019,12,0,0,0.0,0,0.0
대구,중구,병원,2020,13,1,0,0.0,1,0.07692307692307693
대구,중구,병원,2021,11,-2,2,0.18181818181818182,0,0.0
대구,중구,병원,2022,10,-1,0,0.0,-1,-0.1
대구,중구,병원,2023,11,1,0,0.0,1,0.09090909090909091
대구,중구,병원,2024,11,0,0,0.0,0,0.0
대구,중구,병원,2025,11,0,0,0.0,0,0.0
대구,중구,상급종합병원,2007,2,,0,0.0,,
대구,중구,상급종합병원,2008,2,0,0,0.0,0,0.0
대구,중구,상급종합병원,2009,2,0,0,0.0,0,0.0
대구,중구,상급종합병원,2010,2,0,0,0.0,0,0.0
대구,중구,상급종합병원,2011,2,0,0,0.0,0,0.0
대구,중구,상급종합병원,2012,2,0,0,0.0,0,0.0
대구,중구,상급종합병원,2013,2,0,0,0.0,0,0.0
대구,중구,상급종합병원,2014,2,0,0,0.0,0,0.0
대구,중구,상급종합병원,2015,2,0,0,0.0,0,0.0
대구,중구,상급종합병원,2016,2,0,0,0.0,0,0.0
대구,중구,상급종합병원,2017,2,0,0,0.0,0,0.0
대구,중구,상급종합병원,2018,2,0,0,0.0,0,0.0
대구,중구,상급종합병원,2019,2,0,0,0.0,0,0.0
대구,중구,상급종합병원,2020,1,-1,0,0.0,-1,-1.0
대구,중구,상급종합병원,2021,1,0,0,0.0,0,0.0
대구,중구,상급종합병원,2022,1,0,0,0.0,0,0.0
대구,중구,상급종합병원,2023,1,0,0,0.0,0,0.0
대구,중구,상급종합병원,2024,1,0,0,0.0,0,0.0
대구,중구,상급종합병원,2025,1,0,0,0.0,0,0.0
대구,중구,의원,2007,175,,7,0.04,,
대구,중구,의원,2008,179,4,9,0.05027932960893855,13,0.07262569832402235
대구,중구,의원,2009,187,8,7,0.0374331550802139,15,0.08021390374331551
대구,중구,의원,2010,186,-1,5,0.026881720430107527,4,0.021505376344086023
대구,중구,의원,2011,191,5,13,0.06806282722513089,18,0.09424083769633508
대구,중구,의원,2012,201,10,10,0.04975124378109453,20,0.09950248756218906
대구,중구,의원,2013,202,1,7,0.034653465346534656,8,0.039603960396039604
대구,중구,의원,2014,208,6,8,0.038461538461538464,14,0.0673076923076923
대구,중구,의원,2015,214,6,8,0.037383177570093455,14,0.06542056074766354
대구,중구,의원,2016,214,0,8,0.037383177570093455,8,0.037383177570093455
대구,중구,의원,2017,221,7,9,0.04072398190045249,16,0.07239819004524888
대구,중구,의원,2018,229,8,3,0.013100436681222707,11,0.048034934497816595
대구,중구,의원,2019,242,13,10,0.04132231404958678,23,0.09504132231404959
대구,중구,의원,2020,250,8,9,0.036,17,0.068
대구,중구,의원,2021,260,10,3,0.011538461538461539,13,0.05
대구,중구,의원,2022,266,6,13,0.04887218045112782,19,0.07142857142857142
대구,중구,의원,2023,271,5,11,0.04059040590405904,16,0.05904059040590406
대구,중구,의원,2024,276,5,13,0.04710144927536232,18,0.06521739130434782
대구,중구,의원,2025,282,6,10,0.03546099290780142,16,0.05673758865248227
대구,중구,종합병원,2007,1,,0,0.0,,
대구,중구,종합병원,2008,1,0,0,0.0,0,0.0
대구,중구,종합병원,2009,1,0,0,0.0,0,0.0
대구,중구,종합병원,2010,1,0,0,0.0,0,0.0
대구,중구,종합병원,2011,1,0,0,0.0,0,0.0
대구,중구,종합병원,2012,1,0,0,0.0,0,0.0
대구,중구,종합병원,2013,1,0,0,0.0,0,0.0
대구,중구,종합병원,2014,1,0,0,0.0,0,0.0
대구,중구,종합병원,2015,1,0,0,0.0,0,0.0
대구,중구,종합병원,2016,1,0,0,0.0,0,0.0
대구,중구,종합병원,2017,1,0,0,0.0,0,0.0
대구,중구,종합병원,2018,1,0,0,0.0,0,0.0
대구,중구,종합병원,2019,2,1,0,0.0,1,0.5
대구,중구,종합병원,2020,2,0,0,0.0,0,0.0
대구,중구,종합병원,2021,2,0,0,0.0,0,0.0
대구,중구,종합병원,2022,2,0,0,0.0,0,0.0
대구,중구,종합병원,2023,2,0,0,0.0,0,0.0
대구,중구,종합병원,2024,2,0,0,0.0,0,0.0
대구,중구,종합병원,2025,2,0,0,0.0,0,0.0
대전,대덕구,병원,2007,3,,0,0.0,,
대전,대덕구,병원,2008,3,0,0,0.0,0,0.0
대전,대덕구,병원,2009,4,1,0,0.0,1,0.25
대전,대덕구,병원,2010,4,0,1,0.25,1,0.25
대전,대덕구,병원,2011,4,0,0,0.0,0,0.0
대전,대덕구,병원,2012,4,0,0,0.0,0,0.0
대전,대덕구,병원,2013,5,1,1,0.2,2,0.4
대전,대덕구,병원,2014,4,-1,0,0.0,-1,-0.25
대전,대덕구,병원,2015,4,0,0,0.0,0,0.0
대전,대덕구,병원,2016,4,0,0,0.0,0,0.0
대전,대덕구,병원,2017,4,0,0,0.0,0,0.0
대전,대덕구,병원,2018,5,1,1,0.2,2,0.4
대전,대덕구,병원,2019,4,-1,0,0.0,-1,-0.25
대전,대덕구,병원,2020,4,0,0,0.0,0,0.0
대전,대덕구,병원,2021,3,-1,1,0.3333333333333333,0,0.0
대전,대덕구,병원,2022,4,1,0,0.0,1,0.25
대전,대덕구,병원,2023,4,0,0,0.0,0,0.0
대전,대덕구,병원,2024,4,0,0,0.0,0,0.0
대전,대덕구,병원,2025,4,0,0,0.0,0,0.0
대전,대덕구,상급종합병원,2007,0,,0,,,
대전,대덕구,상급종합병원,2008,0,0,0,,0,
대전,대덕구,상급종합병원,2009,0,0,0,,0,
대전,대덕구,상급종합병원,2010,0,0,0,,0,
대전,대덕구,상급종합병원,2011,0,0,0,,0,
대전,대덕구,상급종합병원,2012,0,0,0,,0,
대전,대덕구,상급종합병원,2013,0,0,0,,0,
대전,대덕구,상급종합병원,2014,0,0,0,,0,
대전,대덕구,상급종합병원,2015,0,0,0,,0,
대전,대덕구,상급종합병원,2016,0,0,0,,0,
대전,대덕구,상급종합병원,2017,0,0,0,,0,
대전,대덕구,상급종합병원,2018,0,0,0,,0,
대전,대덕구,상급종합병원,2019,0,0,0,,0,
대전,대덕구,상급종합병원,2020,0,0,0,,0,
대전,대덕구,상급종합병원,2021,0,0,0,,0,
대전,대덕구,상급종합병원,2022,0,0,0,,0,
대전,대덕구,상급종합병원,2023,0,0,0,,0,
대전,대덕구,상급종합병원,2024,0,0,0,,0,
대전,대덕구,상급종합병원,2025,0,0,0,,0,
대전,대덕구,의원,2007,122,,7,0.05737704918032787,,
대전,대덕구,의원,2008,116,-6,16,0.13793103448275862,10,0.08620689655172414
대전,대덕구,의원,2009,110,-6,3,0.02727272727272727,-3,-0.02727272727272727
대전,대덕구,의원,2010,108,-2,10,0.09259259259259259,8,0.07407407407407407
대전,대덕구,의원,2011,107,-1,4,0.037383177570093455,3,0.028037383177570093
대전,대덕구,의원,2012,108,1,8,0.07407407407407407,9,0.08333333333333333
대전,대덕구,의원,2013,110,2,4,0.03636363636363636,6,0.05454545454545454
대전,대덕구,의원,2014,105,-5,1,0.009523809523809525,-4,-0.0380952380952381
대전,대덕구,의원,2015,112,7,3,0.026785714285714284,10,0.08928571428571429
대전,대덕구,의원,2016,115,3,2,0.017391304347826087,5,0.043478260869565216
대전,대덕구,의원,2017,114,-1,3,0.02631578947368421,2,0.017543859649122806
대전,대덕구,의원,2018,111,-3,1,0.009009009009009009,-2,-0.018018018018018018
대전,대덕구,의원,2019,114,3,4,0.03508771929824561,7,0.06140350877192982
대전,대덕구,의원,2020,115,1,1,0.008695652173913044,2,0.017391304347826087
대전,대덕구,의원,2021,114,-1,2,0.017543859649122806,1,0.008771929824561403
대전,대덕구,의원,2022,114,0,3,0.02631578947368421,3,0.02631578947368421
대전,대덕구,의원,2023,111,-3,3,0.02702702702702703,0,0.0
대전,대덕구,의원,2024,105,-6,3,0.02857142857142857,-3,-0.02857142857142857
대전,대덕구,의원,2025,106,1,1,0.009433962264150943,2,0.018867924528301886
대전,대덕구,종합병원,2007,2,,0,0.0,,
대전,대덕구,종합병원,2008,2,0,0,0.0,0,0.0
대전,대덕구,종합병원,2009,1,-1,1,1.0,0,0.0
대전,대덕구,종합병원,2010,1,0,0,0.0,0,0.0
대전,대덕구,종합병원,2011,1,0,0,0.0,0,0.0
대전,대덕구,종합병원,2012,1,0,0,0.0,0,0.0
대전,대덕구,종합병원,2013,1,0,0,0.0,0,0.0
대전,대덕구,종합병원,2014,2,1,0,0.0,1,0.5
대전,대덕구,종합병원,2015,2,0,0,0.0,0,0.0
대전,대덕구,종합병원,2016,2,0,0,0.0,0,0.0
대전,대덕구,종합병원,2017,2,0,0,0.0,0,0.0
대전,대덕구,종합병원,2018,2,0,0,0.0,0,0.0
대전,대덕구,종합병원,2019,2,0,0,0.0,0,0.0
대전,대덕구,종합병원,2020,2,0,0,0.0,0,0.0
대전,대덕구,종합병원,2021,2,0,0,0.0,0,0.0
대전,대덕구,종합병원,2022,2,0,0,0.0,0,0.0
대전,대덕구,종합병원,2023,2,0,0,0.0,0,0.0
대전,대덕구,종합병원,2024,2,0,0,0.0,0,0.0
대전,대덕구,종합병원,2025,2,0,0,0.0,0,0.0
대전,동구,병원,2007,1,,0,0.0,,
대전,동구,병원,2008,1,0,0,0.0,0,0.0
대전,동구,병원,2009,1,0,0,0.0,0,0.0
대전,동구,병원,2010,2,1,0,0.0,1,0.5
대전,동구,병원,2011,2,0,0,0.0,0,0.0
대전,동구,병원,2012,2,0,0,0.0,0,0.0
대전,동구,병원,2013,2,0,0,0.0,0,0.0
대전,동구,병원,2014,2,0,0,0.0,0,0.0
대전,동구,병원,2015,2,0,0,0.0,0,0.0
대전,동구,병원,2016,2,0,0,0.0,0,0.0
대전,동구,병원,2017,2,0,0,0.0,0,0.0
대전,동구,병원,2018,4,2,0,0.0,2,0.5
대전,동구,병원,2019,4,0,0,0.0,0,0.0
대전,동구,병원,2020,4,0,0,0.0,0,0.0
대전,동구,병원,2021,3,-1,1,0.3333333333333333,0,0.0
대전,동구,병원,2022,3,0,0,0.0,0,0.0
대전,동구,병원,2023,3,0,0,0.0,0,0.0
대전,동구,병원,2024,3,0,0,0.0,0,0.0
대전,동구,병원,2025,3,0,2,0.6666666666666666,2,0.6666666666666666
대전,동구,상급종합병원,2007,0,,0,,,
대전,동구,상급종합병원,2008,0,0,0,,0,
대전,동구,상급종합병원,2009,0,0,0,,0,
대전,동구,상급종합병원,2010,0,0,0,,0,
대전,동구,상급종합병원,2011,0,0,0,,0,
대전,동구,상급종합병원,2012,0,0,0,,0,
대전,동구,상급종합병원,2013,0,0,0,,0,
대전,동구,상급종합병원,2014,0,0,0,,0,
대전,동구,상급종합병원,2015,0,0,0,,0,
대전,동구,상급종합병원,2016,0,0,0,,0,
대전,동구,상급종합병원,2017,0,0,0,,0,
대전,동구,상급종합병원,2018,0,0,0,,0,
대전,동구,상급종합병원,2019,0,0,0,,0,
대전,동구,상급종합병원,2020,0,0,0,,0,
대전,동구,상급종합병원,2021,0,0,0,,0,
대전,동구,상급종합병원,2022,0,0,0,,0,
대전,동구,상급종합병원,2023,0,0,0,,0,
대전,동구,상급종합병원,2024,0,0,0,,0,
대전,동구,상급종합병원,2025,0,0,0,,0,
대전,동구,의원,2007,140,,17,0.12142857142857143,,
대전,동구,의원,2008,137,-3,7,0.051094890510948905,4,0.029197080291970802
대전,동구,의원,2009,140,3,2,0.014285714285714285,5,0.03571428571428571
대전,동구,의원,2010,144,4,7,0.04861111111111111,11,0.0763888888888889
대전,동구,의원,2011,144,0,6,0.041666666666666664,6,0.041666666666666664
대전,동구,의원,2012,146,2,4,0.0273972602739726,6,0.0410958904109589
대전,동구,의원,2013,146,0,3,0.02054794520547945,3,0.02054794520547945
대전,동구,의원,2014,149,3,4,0.026845637583892617,7,0.04697986577181208
대전,동구,의원,2015,147,-2,3,0.02040816326530612,1,0.006802721088435374
대전,동구,의원,2016,146,-1,8,0.0547945205479452,7,0.04794520547945205
대전,동구,의원,2017,152,6,4,0.02631578947368421,10,0.06578947368421052
대전,동구,의원,2018,154,2,4,0.025974025974025976,6,0.03896103896103896
대전,동구,의원,2019,157,3,8,0.050955414012738856,11,0.07006369426751592
대전,동구,의원,2020,156,-1,6,0.038461538461538464,5,0.03205128205128205
대전,동구,의원,2021,158,2,3,0.0189873417721519,5,0.03164556962025317
대전,동구,의원,2022,163,5,4,0.024539877300613498,9,0.05521472392638037
대전,동구,의원,2023,165,2,3,0.01818181818181818,5,0.030303030303030304
대전,동구,의원,2024,164,-1,4,0.024390243902439025,3,0.018292682926829267
대전,동구,의원,2025,169,5,8,0.047337278106508875,13,0.07692307692307693
대전,동구,종합병원,2007,1,,0,0.0,,
대전,동구,종합병원,2008,1,0,0,0.0,0,0.0
대전,동구,종합병원,2009,1,0,0,0.0,0,0.0
대전,동구,종합병원,2010,1,0,0,0.0,0,0.0
대전,동구,종합병원,2011,1,0,0,0.0,0,0.0
대전,동구,종합병원,2012,1,0,0,0.0,0,0.0
대전,동구,종합병원,2013,1,0,0,0.0,0,0.0
대전,동구,종합병원,2014,1,0,1,1.0,1,1.0
대전,동구,종합병원,2015,1,0,0,0.0,0,0.0
대전,동구,종합병원,2016,1,0,1,1.0,1,1.0
대전,동구,종합병원,2017,1,0,0,0.0,0,0.0
대전,동구,종합병원,2018,1,0,1,1.0,1,1.0
대전,동구,종합병원,2019,1,0,0,0.0,0,0.0
대전,동구,종합병원,2020,1,0,1,1.0,1,1.0
대전,동구,종합병원,2021,1,0,0,0.0,0,0.0
대전,동구,종합병원,2022,1,0,0,0.0,0,0.0
대전,동구,종합병원,2023,1,0,0,0.0,0,0.0
대전,동구,종합병원,2024,1,0,1,1.0,1,1.0
대전,동구,종합병원,2025,1,0,0,0.0,0,0.0
대전,서구,병원,2007,11,,1,0.09090909090909091,,
대전,서구,병원,2008,13,2,2,0.15384615384615385,4,0.3076923076923077
대전,서구,병원,2009,16,3,2,0.125,5,0.3125
대전,서구,병원,2010,16,0,2,0.125,2,0.125
대전,서구,병원,2011,17,1,0,0.0,1,0.058823529411764705
대전,서구,병원,2012,18,1,1,0.05555555555555555,2,0.1111111111111111
대전,서구,병원,2013,22,4,1,0.045454545454545456,5,0.22727272727272727
대전,서구,병원,2014,22,0,1,0.045454545454545456,1,0.045454545454545456
대전,서구,병원,2015,24,2,4,0.16666666666666666,6,0.25
대전,서구,병원,2016,21,-3,1,0.047619047619047616,-2,-0.09523809523809523
대전,서구,병원,2017,22,1,4,0.18181818181818182,5,0.22727272727272727
대전,서구,병원,2018,25,3,2,0.08,5,0.2
대전,서구,병원,2019,26,1,0,0.0,1,0.038461538461538464
대전,서구,병원,2020,25,-1,2,0.08,1,0.04
대전,서구,병원,2021,25,0,2,0.08,2,0.08
대전,서구,병원,2022,23,-2,3,0.13043478260869565,1,0.043478260869565216
대전,서구,병원,2023,23,0,5,0.21739130434782608,5,0.21739130434782608
대전,서구,병원,2024,23,0,1,0.043478260869565216,1,0.043478260869565216
대전,서구,병원,2025,24,1,1,0.041666666666666664,2,0.08333333333333333
대전,서구,상급종합병원,2007,1,,0,0.0,,
대전,서구,상급종합병원,2008,1,0,0,0.0,0,0.0
대전,서구,상급종합병원,2009,1,0,0,0.0,0,0.0
대전,서구,상급종합병원,2010,1,0,0,0.0,0,0.0
대전,서구,상급종합병원,2011,1,0,0,0.0,0,0.0
대전,서구,상급종합병원,2012,0,-1,0,,-1,
대전,서구,상급종합병원,2013,0,0,0,,0,
대전,서구,상급종합병원,2014,0,0,0,,0,
대전,서구,상급종합병원,2015,0,0,0,,0,
대전,서구,상급종합병원,2016,0,0,0,,0,
대전,서구,상급종합병원,2017,0,0,0,,0,
대전,서구,상급종합병원,2018,0,0,0,,0,
대전,서구,상급종합병원,2019,0,0,0,,0,
대전,서구,상급종합병원,2020,0,0,0,,0,
대전,서구,상급종합병원,2021,0,0,0,,0,
대전,서구,상급종합병원,2022,0,0,0,,0,
대전,서구,상급종합병원,2023,0,0,0,,0,
대전,서구,상급종합병원,2024,1,1,0,0.0,1,1.0
대전,서구,상급종합병원,2025,1,0,0,0.0,0,0.0
대전,서구,의원,2007,371,,18,0.04851752021563342,,
대전,서구,의원,2008,381,10,23,0.06036745406824147,33,0.08661417322834646
대전,서구,의원,2009,379,-2,10,0.026385224274406333,8,0.021108179419525065
대전,서구,의원,2010,387,8,12,0.031007751937984496,20,0.05167958656330749
대전,서구,의원,2011,386,-1,11,0.02849740932642487,10,0.025906735751295335
대전,서구,의원,2012,388,2,22,0.05670103092783505,24,0.061855670103092786
대전,서구,의원,2013,395,7,14,0.035443037974683546,21,0.053164556962025315
대전,서구,의원,2014,405,10,14,0.0345679012345679,24,0.05925925925925926
대전,서구,의원,2015,412,7,15,0.03640776699029126,22,0.05339805825242718
대전,서구,의원,2016,420,8,19,0.04523809523809524,27,0.06428571428571428
대전,서구,의원,2017,420,0,15,0.03571428571428571,15,0.03571428571428571
대전,서구,의원,2018,420,0,14,0.03333333333333333,14,0.03333333333333333
대전,서구,의원,2019,432,12,13,0.03009259259259259,25,0.05787037037037037
대전,서구,의원,2020,438,6,12,0.0273972602739726,18,0.0410958904109589
대전,서구,의원,2021,440,2,10,0.022727272727272728,12,0.02727272727272727
대전,서구,의원,2022,447,7,12,0.026845637583892617,19,0.042505592841163314
대전,서구,의원,2023,453,6,21,0.046357615894039736,27,0.059602649006622516
대전,서구,의원,2024,453,0,19,0.04194260485651214,19,0.04194260485651214
대전,서구,의원,2025,467,14,15,0.032119914346895075,29,0.06209850107066381
대전,서구,종합병원,2007,1,,0,0.0,,
대전,서구,종합병원,2008,1,0,0,0.0,0,0.0
대전,서구,종합병원,2009,1,0,0,0.0,0,0.0
대전,서구,종합병원,2010,1,0,0,0.0,0,0.0
대전,서구,종합병원,2011,1,0,0,0.0,0,0.0
대전,서구,종합병원,2012,2,1,0,0.0,1,0.5
대전,서구,종합병원,2013,2,0,0,0.0,0,0.0
대전,서구,종합병원,2014,2,0,0,0.0,0,0.0
대전,서구,종합병원,2015,3,1,0,0.0,1,0.3333333333333333
대전,서구,종합병원,2016,3,0,0,0.0,0,0.0
대전,서구,종합병원,2017,3,0,0,0.0,0,0.0
대전,서구,종합병원,2018,3,0,0,0.0,0,0.0
대전,서구,종합병원,2019,3,0,1,0.3333333333333333,1,0.3333333333333333
대전,서구,종합병원,2020,3,0,0,0.0,0,0.0
대전,서구,종합병원,2021,3,0,0,0.0,0,0.0
대전,서구,종합병원,2022,3,0,0,0.0,0,0.0
대전,서구,종합병원,2023,3,0,0,0.0,0,0.0
대전,서구,종합병원,2024,2,-1,1,0.5,0,0.0
대전,서구,종합병원,2025,2,0,0,0.0,0,0.0
대전,유성구,병원,2007,4,,1,0.25,,
대전,유성구,병원,2008,3,-1,0,0.0,-1,-0.3333333333333333
대전,유성구,병원,2009,4,1,0,0.0,1,0.25
대전,유성구,병원,2010,4,0,0,0.0,0,0.0
대전,유성구,병원,2011,4,0,0,0.0,0,0.0
대전,유성구,병원,2012,4,0,0,0.0,0,0.0
대전,유성구,병원,2013,4,0,0,0.0,0,0.0
대전,유성구,병원,2014,4,0,0,0.0,0,0.0
대전,유성구,병원,2015,4,0,0,0.0,0,0.0
대전,유성구,병원,2016,4,0,0,0.0,0,0.0
대전,유성구,병원,2017,6,2,0,0.0,2,0.3333333333333333
대전,유성구,병원,2018,9,3,0,0.0,3,0.3333333333333333
대전,유성구,병원,2019,10,1,0,0.0,1,0.1
대전,유성구,병원,2020,12,2,0,0.0,2,0.16666666666666666
대전,유성구,병원,2021,14,2,1,0.07142857142857142,3,0.21428571428571427
대전,유성구,병원,2022,14,0,0,0.0,0,0.0
대전,유성구,병원,2023,14,0,2,0.14285714285714285,2,0.14285714285714285
대전,유성구,병원,2024,13,-1,0,0.0,-1,-0.07692307692307693
대전,유성구,병원,2025,13,0,2,0.15384615384615385,2,0.15384615384615385
대전,유성구,상급종합병원,2007,0,,0,,,
대전,유성구,상급종합병원,2008,0,0,0,,0,
대전,유성구,상급종합병원,2009,0,0,0,,0,
대전,유성구,상급종합병원,2010,0,0,0,,0,
대전,유성구,상급종합병원,2011,0,0,0,,0,
대전,유성구,상급종합병원,2012,0,0,0,,0,
대전,유성구,상급종합병원,2013,0,0,0,,0,
대전,유성구,상급종합병원,2014,0,0,0,,0,
대전,유성구,상급종합병원,2015,0,0,0,,0,
대전,유성구,상급종합병원,2016,0,0,0,,0,
대전,유성구,상급종합병원,2017,0,0,0,,0,
대전,유성구,상급종합병원,2018,0,0,0,,0,
대전,유성구,상급종합병원,2019,0,0,0,,0,
대전,유성구,상급종합병원,2020,0,0,0,,0,
대전,유성구,상급종합병원,2021,0,0,0,,0,
대전,유성구,상급종합병원,2022,0,0,0,,0,
대전,유성구,상급종합병원,2023,0,0,0,,0,
대전,유성구,상급종합병원,2024,0,0,0,,0,
대전,유성구,상급종합병원,2025,0,0,0,,0,
대전,유성구,의원,2007,129,,11,0.08527131782945736,,
대전,유성구,의원,2008,126,-3,6,0.047619047619047616,3,0.023809523809523808
대전,유성구,의원,2009,128,2,5,0.0390625,7,0.0546875
대전,유성구,의원,2010,129,1,6,0.046511627906976744,7,0.05426356589147287
대전,유성구,의원,2011,135,6,6,0.044444444444444446,12,0.08888888888888889
대전,유성구,의원,2012,146,11,3,0.02054794520547945,14,0.0958904109589041
대전,유성구,의원,2013,154,8,6,0.03896103896103896,14,0.09090909090909091
대전,유성구,의원,2014,161,7,6,0.037267080745341616,13,0.08074534161490683
대전,유성구,의원,2015,165,4,4,0.024242424242424242,8,0.048484848484848485
대전,유성구,의원,2016,174,9,9,0.05172413793103448,18,0.10344827586206896
대전,유성구,의원,2017,191,17,6,0.031413612565445025,23,0.12041884816753927
대전,유성구,의원,2018,194,3,3,0.015463917525773196,6,0.030927835051546393
대전,유성구,의원,2019,197,3,9,0.04568527918781726,12,0.06091370558375635
대전,유성구,의원,2020,205,8,9,0.04390243902439024,17,0.08292682926829269
대전,유성구,의원,2021,209,4,4,0.019138755980861243,8,0.03827751196172249
대전,유성구,의원,2022,221,12,6,0.027149321266968326,18,0.08144796380090498
대전,유성구,의원,2023,222,1,8,0.036036036036036036,9,0.04054054054054054
대전,유성구,의원,2024,222,0,3,0.013513513513513514,3,0.013513513513513514
대전,유성구,의원,2025,235,13,10,0.0425531914893617,23,0.09787234042553192
대전,유성구,종합병원,2007,0,,0,,,
대전,유성구,종합병원,2008,1,1,0,0.0,1,1.0
대전,유성구,종합병원,2009,1,0,0,0.0,0,0.0
대전,유성구,종합병원,2010,1,0,0,0.0,0,0.0
대전,유성구,종합병원,2011,1,0,0,0.0,0,0.0
대전,유성구,종합병원,2012,1,0,0,0.0,0,0.0
대전,유성구,종합병원,2013,1,0,0,0.0,0,0.0
대전,유성구,종합병원,2014,1,0,0,0.0,0,0.0
대전,유성구,종합병원,2015,1,0,0,0.0,0,0.0
대전,유성구,종합병원,2016,1,0,0,0.0,0,0.0
대전,유성구,종합병원,2017,1,0,0,0.0,0,0.0
대전,유성구,종합병원,2018,1,0,0,0.0,0,0.0
대전,유성구,종합병원,2019,1,0,0,0.0,0,0.0
대전,유성구,종합병원,2020,1,0,0,0.0,0,0.0
대전,유성구,종합병원,2021,1,0,0,0.0,0,0.0
대전,유성구,종합병원,2022,1,0,0,0.0,0,0.0
대전,유성구,종합병원,2023,1,0,0,0.0,0,0.0
대전,유성구,종합병원,2024,1,0,0,0.0,0,0.0
대전,유성구,종합병원,2025,1,0,0,0.0,0,0.0
대전,중구,병원,2007,7,,1,0.14285714285714285,,
대전,중구,병원,2008,7,0,1,0.14285714285714285,1,0.14285714285714285
대전,중구,병원,2009,8,1,1,0.125,2,0.25
대전,중구,병원,2010,8,0,0,0.0,0,0.0
대전,중구,병원,2011,6,-2,2,0.3333333333333333,0,0.0
대전,중구,병원,2012,7,1,2,0.2857142857142857,3,0.42857142857142855
대전,중구,병원,2013,7,0,0,0.0,0,0.0
대전,중구,병원,2014,7,0,1,0.14285714285714285,1,0.14285714285714285
대전,중구,병원,2015,6,-1,1,0.16666666666666666,0,0.0
대전,중구,병원,2016,6,0,0,0.0,0,0.0
대전,중구,병원,2017,6,0,0,0.0,0,0.0
대전,중구,병원,2018,5,-1,0,0.0,-1,-0.2
대전,중구,병원,2019,5,0,0,0.0,0,0.0
대전,중구,병원,2020,5,0,0,0.0,0,0.0
대전,중구,병원,2021,5,0,2,0.4,2,0.4
대전,중구,병원,2022,3,-2,0,0.0,-2,-0.6666666666666666
대전,중구,병원,2023,3,0,0,0.0,0,0.0
대전,중구,병원,2024,4,1,0,0.0,1,0.25
대전,중구,병원,2025,3,-1,1,0.3333333333333333,0,0.0
대전,중구,상급종합병원,2007,1,,0,0.0,,
대전,중구,상급종합병원,2008,1,0,0,0.0,0,0.0
대전,중구,상급종합병원,2009,1,0,0,0.0,0,0.0
대전,중구,상급종합병원,2010,1,0,0,0.0,0,0.0
대전,중구,상급종합병원,2011,1,0,0,0.0,0,0.0
대전,중구,상급종합병원,2012,1,0,0,0.0,0,0.0
대전,중구,상급종합병원,2013,1,0,0,0.0,0,0.0
대전,중구,상급종합병원,2014,1,0,0,0.0,0,0.0
대전,중구,상급종합병원,2015,1,0,0,0.0,0,0.0
대전,중구,상급종합병원,2016,1,0,0,0.0,0,0.0
대전,중구,상급종합병원,2017,1,0,0,0.0,0,0.0
대전,중구,상급종합병원,2018,1,0,0,0.0,0,0.0
대전,중구,상급종합병원,2019,1,0,0,0.0,0,0.0
대전,중구,상급종합병원,2020,1,0,0,0.0,0,0.0
대전,중구,상급종합병원,2021,1,0,0,0.0,0,0.0
대전,중구,상급종합병원,2022,1,0,0,0.0,0,0.0
대전,중구,상급종합병원,2023,1,0,0,0.0,0,0.0
대전,중구,상급종합병원,2024,1,0,0,0.0,0,0.0
대전,중구,상급종합병원,2025,1,0,0,0.0,0,0.0
대전,중구,의원,2007,201,,10,0.04975124378109453,,
대전,중구,의원,2008,201,0,11,0.05472636815920398,11,0.05472636815920398
대전,중구,의원,2009,202,1,11,0.054455445544554455,12,0.0594059405940594
대전,중구,의원,2010,195,-7,12,0.06153846153846154,5,0.02564102564102564
대전,중구,의원,2011,185,-10,8,0.043243243243243246,-2,-0.010810810810810811
대전,중구,의원,2012,185,0,6,0.032432432432432434,6,0.032432432432432434
대전,중구,의원,2013,187,2,11,0.058823529411764705,13,0.06951871657754011
대전,중구,의원,2014,180,-7,5,0.027777777777777776,-2,-0.011111111111111112
대전,중구,의원,2015,178,-2,11,0.06179775280898876,9,0.05056179775280899
대전,중구,의원,2016,176,-2,6,0.03409090909090909,4,0.022727272727272728
대전,중구,의원,2017,176,0,4,0.022727272727272728,4,0.022727272727272728
대전,중구,의원,2018,177,1,10,0.05649717514124294,11,0.062146892655367235
대전,중구,의원,2019,178,1,4,0.02247191011235955,5,0.028089887640449437
대전,중구,의원,2020,177,-1,3,0.01694915254237288,2,0.011299435028248588
대전,중구,의원,2021,177,0,4,0.022598870056497175,4,0.022598870056497175
대전,중구,의원,2022,177,0,12,0.06779661016949153,12,0.06779661016949153
대전,중구,의원,2023,174,-3,6,0.034482758620689655,3,0.017241379310344827
대전,중구,의원,2024,175,1,5,0.02857142857142857,6,0.03428571428571429
대전,중구,의원,2025,172,-3,8,0.046511627906976744,5,0.029069767441860465
대전,중구,종합병원,2007,2,,0,0.0,,
대전,중구,종합병원,2008,2,0,0,0.0,0,0.0
대전,중구,종합병원,2009,2,0,0,0.0,0,0.0
대전,중구,종합병원,2010,2,0,0,0.0,0,0.0
대전,중구,종합병원,2011,2,0,0,0.0,0,0.0
대전,중구,종합병원,2012,2,0,0,0.0,0,0.0
대전,중구,종합병원,2013,2,0,0,0.0,0,0.0
대전,중구,종합병원,2014,2,0,0,0.0,0,0.0
대전,중구,종합병원,2015,2,0,0,0.0,0,0.0
대전,중구,종합병원,2016,2,0,0,0.0,0,0.0
대전,중구,종합병원,2017,2,0,0,0.0,0,0.0
대전,중구,종합병원,2018,2,0,0,0.0,0,0.0
대전,중구,종합병원,2019,2,0,0,0.0,0,0.0
대전,중구,종합병원,2020,2,0,0,0.0,0,0.0
대전,중구,종합병원,2021,2,0,0,0.0,0,0.0
대전,중구,종합병원,2022,2,0,0,0.0,0,0.0
대전,중구,종합병원,2023,2,0,0,0.0,0,0.0
대전,중구,종합병원,2024,2,0,0,0.0,0,0.0
대전,중구,종합병원,2025,2,0,0,0.0,0,0.0
부산,강서구,병원,2007,0,,0,,,
부산,강서구,병원,2008,0,0,0,,0,
부산,강서구,병원,2009,1,1,0,0.0,1,1.0
부산,강서구,병원,2010,1,0,0,0.0,0,0.0
부산,강서구,병원,2011,1,0,0,0.0,0,0.0
부산,강서구,병원,2012,1,0,1,1.0,1,1.0
부산,강서구,병원,2013,1,0,0,0.0,0,0.0
부산,강서구,병원,2014,1,0,0,0.0,0,0.0
부산,강서구,병원,2015,1,0,0,0.0,0,0.0
부산,강서구,병원,2016,1,0,0,0.0,0,0.0
부산,강서구,병원,2017,2,1,0,0.0,1,0.5
부산,강서구,병원,2018,2,0,0,0.0,0,0.0
부산,강서구,병원,2019,3,1,0,0.0,1,0.3333333333333333
부산,강서구,병원,2020,4,1,0,0.0,1,0.25
부산,강서구,병원,2021,6,2,0,0.0,2,0.3333333333333333
부산,강서구,병원,2022,6,0,0,0.0,0,0.0
부산,강서구,병원,2023,7,1,0,0.0,1,0.14285714285714285
부산,강서구,병원,2024,7,0,0,0.0,0,0.0
부산,강서구,병원,2025,7,0,2,0.2857142857142857,2,0.2857142857142857
부산,강서구,상급종합병원,2007,0,,0,,,
부산,강서구,상급종합병원,2008,0,0,0,,0,
부산,강서구,상급종합병원,2009,0,0,0,,0,
부산,강서구,상급종합병원,2010,0,0,0,,0,
부산,강서구,상급종합병원,2011,0,0,0,,0,
부산,강서구,상급종합병원,2012,0,0,0,,0,
부산,강서구,상급종합병원,2013,0,0,0,,0,
부산,강서구,상급종합병원,2014,0,0,0,,0,
부산,강서구,상급종합병원,2015,0,0,0,,0,
부산,강서구,상급종합병원,2016,0,0,0,,0,
부산,강서구,상급종합병원,2017,0,0,0,,0,
부산,강서구,상급종합병원,2018,0,0,0,,0,
부산,강서구,상급종합병원,2019,0,0,0,,0,
부산,강서구,상급종합병원,2020,0,0,0,,0,
부산,강서구,상급종합병원,2021,0,0,0,,0,
부산,강서구,상급종합병원,2022,0,0,0,,0,
부산,강서구,상급종합병원,2023,0,0,0,,0,
부산,강서구,상급종합병원,2024,0,0,0,,0,
부산,강서구,상급종합병원,2025,0,0,0,,0,
부산,강서구,의원,2007,9,,0,0.0,,
부산,강서구,의원,2008,9,0,0,0.0,0,0.0
부산,강서구,의원,2009,9,0,1,0.1111111111111111,1,0.1111111111111111
부산,강서구,의원,2010,9,0,1,0.1111111111111111,1,0.1111111111111111
부산,강서구,의원,2011,10,1,0,0.0,1,0.1
부산,강서구,의원,2012,13,3,0,0.0,3,0.23076923076923078
부산,강서구,의원,2013,13,0,0,0.0,0,0.0
부산,강서구,의원,2014,16,3,0,0.0,3,0.1875
부산,강서구,의원,2015,21,5,0,0.0,5,0.23809523809523808
부산,강서구,의원,2016,24,3,0,0.0,3,0.125
부산,강서구,의원,2017,33,9,0,0.0,9,0.2727272727272727
부산,강서구,의원,2018,43,10,0,0.0,10,0.23255813953488372
부산,강서구,의원,2019,47,4,1,0.02127659574468085,5,0.10638297872340426
부산,강서구,의원,2020,47,0,4,0.0851063829787234,4,0.0851063829787234
부산,강서구,의원,2021,49,2,1,0.02040816326530612,3,0.061224489795918366
부산,강서구,의원,2022,52,3,2,0.038461538461538464,5,0.09615384615384616
부산,강서구,의원,2023,55,3,0,0.0,3,0.05454545454545454
부산,강서구,의원,2024,58,3,2,0.034482758620689655,5,0.08620689655172414
부산,강서구,의원,2025,57,-1,1,0.017543859649122806,0,0.0
부산,강서구,종합병원,2007,0,,0,,,
부산,강서구,종합병원,2008,0,0,0,,0,
부산,강서구,종합병원,2009,0,0,0,,0,
부산,강서구,종합병원,2010,0,0,0,,0,
부산,강서구,종합병원,2011,0,0,0,,0,
부산,강서구,종합병원,2012,0,0,0,,0,
부산,강서구,종합병원,2013,0,0,0,,0,
부산,강서구,종합병원,2014,0,0,0,,0,
부산,강서구,종합병원,2015,0,0,0,,0,
부산,강서구,종합병원,2016,0,0,0,,0,
부산,강서구,종합병원,2017,0,0,0,,0,
부산,강서구,종합병원,2018,0,0,0,,0,
부산,강서구,종합병원,2019,0,0,0,,0,
부산,강서구,종합병원,2020,0,0,0,,0,
부산,강서구,종합병원,2021,0,0,0,,0,
부산,강서구,종합병원,2022,0,0,0,,0,
부산,강서구,종합병원,2023,0,0,0,,0,
부산,강서구,종합병원,2024,0,0,0,,0,
부산,강서구,종합병원,2025,0,0,0,,0,
부산,금정구,병원,2007,7,,0,0.0,,
부산,금정구,병원,2008,8,1,1,0.125,2,0.25
부산,금정구,병원,2009,8,0,1,0.125,1,0.125
부산,금정구,병원,2010,8,0,2,0.25,2,0.25
부산,금정구,병원,2011,8,0,0,0.0,0,0.0
부산,금정구,병원,2012,10,2,1,0.1,3,0.3
부산,금정구,병원,2013,11,1,0,0.0,1,0.09090909090909091
부산,금정구,병원,2014,11,0,0,0.0,0,0.0
부산,금정구,병원,2015,11,0,2,0.18181818181818182,2,0.18181818181818182
부산,금정구,병원,2016,9,-2,0,0.0,-2,-0.2222222222222222
부산,금정구,병원,2017,9,0,1,0.1111111111111111,1,0.1111111111111111
부산,금정구,병원,2018,10,1,0,0.0,1,0.1
부산,금정구,병원,2019,10,0,1,0.1,1,0.1
부산,금정구,병원,2020,9,-1,1,0.1111111111111111,0,0.0
부산,금정구,병원,2021,11,2,1,0.09090909090909091,3,0.2727272727272727
부산,금정구,병원,2022,11,0,0,0.0,0,0.0
부산,금정구,병원,2023,11,0,1,0.09090909090909091,1,0.09090909090909091
부산,금정구,병원,2024,10,-1,0,0.0,-1,-0.1
부산,금정구,병원,2025,11,1,1,0.09090909090909091,2,0.18181818181818182
부산,금정구,상급종합병원,2007,0,,0,,,
부산,금정구,상급종합병원,2008,0,0,0,,0,
부산,금정구,상급종합병원,2009,0,0,0,,0,
부산,금정구,상급종합병원,2010,0,0,0,,0,
부산,금정구,상급종합병원,2011,0,0,0,,0,
부산,금정구,상급종합병원,2012,0,0,0,,0,
부산,금정구,상급종합병원,2013,0,0,0,,0,
부산,금정구,상급종합병원,2014,0,0,0,,0,
부산,금정구,상급종합병원,2015,0,0,0,,0,
부산,금정구,상급종합병원,2016,0,0,0,,0,
부산,금정구,상급종합병원,2017,0,0,0,,0,
부산,금정구,상급종합병원,2018,0,0,0,,0,
부산,금정구,상급종합병원,2019,0,0,0,,0,
부산,금정구,상급종합병원,2020,0,0,0,,0,
부산,금정구,상급종합병원,2021,0,0,0,,0,
부산,금정구,상급종합병원,2022,0,0,0,,0,
부산,금정구,상급종합병원,2023,0,0,0,,0,
부산,금정구,상급종합병원,2024,0,0,0,,0,
부산,금정구,상급종합병원,2025,0,0,0,,0,
부산,금정구,의원,2007,140,,11,0.07857142857142857,,
부산,금정구,의원,2008,138,-2,14,0.10144927536231885,12,0.08695652173913043
부산,금정구,의원,2009,123,-15,9,0.07317073170731707,-6,-0.04878048780487805
부산,금정구,의원,2010,122,-1,5,0.040983606557377046,4,0.03278688524590164
부산,금정구,의원,2011,128,6,9,0.0703125,15,0.1171875
부산,금정구,의원,2012,129,1,6,0.046511627906976744,7,0.05426356589147287
부산,금정구,의원,2013,126,-3,4,0.031746031746031744,1,0.007936507936507936
부산,금정구,의원,2014,133,7,3,0.022556390977443608,10,0.07518796992481203
부산,금정구,의원,2015,134,1,7,0.05223880597014925,8,0.05970149253731343
부산,금정구,의원,2016,135,1,5,0.037037037037037035,6,0.044444444444444446
부산,금정구,의원,2017,140,5,6,0.04285714285714286,11,0.07857142857142857
부산,금정구,의원,2018,140,0,6,0.04285714285714286,6,0.04285714285714286
부산,금정구,의원,2019,145,5,4,0.027586206896551724,9,0.06206896551724138
부산,금정구,의원,2020,147,2,6,0.04081632653061224,8,0.05442176870748299
부산,금정구,의원,2021,146,-1,7,0.04794520547945205,6,0.0410958904109589
부산,금정구,의원,2022,149,3,2,0.013422818791946308,5,0.03355704697986577
부산,금정구,의원,2023,146,-3,5,0.03424657534246575,2,0.0136986301369863
부산,금정구,의원,2024,152,6,0,0.0,6,0.039473684210526314
부산,금정구,의원,2025,158,6,5,0.03164556962025317,11,0.06962025316455696
부산,금정구,종합병원,2007,3,,0,0.0,,
부산,금정구,종합병원,2008,3,0,0,0.0,0,0.0
부산,금정구,종합병원,2009,3,0,0,0.0,0,0.0
부산,금정구,종합병원,2010,2,-1,1,0.5,0,0.0
부산,금정구,종합병원,2011,2,0,1,0.5,1,0.5
부산,금정구,종합병원,2012,1,-1,0,0.0,-1,-1.0
부산,금정구,종합병원,2013,1,0,0,0.0,0,0.0
부산,금정구,종합병원,2014,1,0,0,0.0,0,0.0
부산,금정구,종합병원,2015,1,0,0,0.0,0,0.0
부산,금정구,종합병원,2016,1,0,0,0.0,0,0.0
부산,금정구,종합병원,2017,1,0,0,0.0,0,0.0
부산,금정구,종합병원,2018,1,0,0,0.0,0,0.0
부산,금정구,종합병원,2019,1,0,0,0.0,0,0.0
부산,금정구,종합병원,2020,1,0,0,0.0,0,0.0
부산,금정구,종합병원,2021,1,0,1,1.0,1,1.0
부산,금정구,종합병원,2022,0,-1,0,,-1,
부산,금정구,종합병원,2023,0,0,0,,0,
부산,금정구,종합병원,2024,0,0,0,,0,
부산,금정구,종합병원,2025,0,0,0,,0,
부산,기장군,병원,2007,2,,0,0.0,,
부산,기장군,병원,2008,2,0,0,0.0,0,0.0
부산,기장군,병원,2009,2,0,0,0.0,0,0.0
부산,기장군,병원,2010,2,0,0,0.0,0,0.0
부산,기장군,병원,2011,3,1,0,0.0,1,0.3333333333333333
부산,기장군,병원,2012,3,0,0,0.0,0,0.0
부산,기장군,병원,2013,3,0,0,0.0,0,0.0
부산,기장군,병원,2014,2,-1,0,0.0,-1,-0.5
부산,기장군,병원,2015,2,0,1,0.5,1,0.5
부산,기장군,병원,2016,5,3,0,0.0,3,0.6
부산,기장군,병원,2017,4,-1,1,0.25,0,0.0
부산,기장군,병원,2018,6,2,3,0.5,5,0.8333333333333334
부산,기장군,병원,2019,5,-1,0,0.0,-1,-0.2
부산,기장군,병원,2020,5,0,0,0.0,0,0.0
부산,기장군,병원,2021,5,0,1,0.2,1,0.2
부산,기장군,병원,2022,4,-1,0,0.0,-1,-0.25
부산,기장군,병원,2023,5,1,0,0.0,1,0.2
부산,기장군,병원,2024,5,0,2,0.4,2,0.4
부산,기장군,병원,2025,4,-1,0,0.0,-1,-0.25
부산,기장군,상급종합병원,2007,0,,0,,,
부산,기장군,상급종합병원,2008,0,0,0,,0,
부산,기장군,상급종합병원,2009,0,0,0,,0,
부산,기장군,상급종합병원,2010,0,0,0,,0,
부산,기장군,상급종합병원,2011,0,0,0,,0,
부산,기장군,상급종합병원,2012,0,0,0,,0,
부산,기장군,상급종합병원,2013,0,0,0,,0,
부산,기장군,상급종합병원,2014,0,0,0,,0,
부산,기장군,상급종합병원,2015,0,0,0,,0,
부산,기장군,상급종합병원,2016,0,0,0,,0,
부산,기장군,상급종합병원,2017,0,0,0,,0,
부산,기장군,상급종합병원,2018,0,0,0,,0,
부산,기장군,상급종합병원,2019,0,0,0,,0,
부산,기장군,상급종합병원,2020,0,0,0,,0,
부산,기장군,상급종합병원,2021,0,0,0,,0,
부산,기장군,상급종합병원,2022,0,0,0,,0,
부산,기장군,상급종합병원,2023,0,0,0,,0,
부산,기장군,상급종합병원,2024,0,0,0,,0,
부산,기장군,상급종합병원,2025,0,0,0,,0,
부산,기장군,의원,2007,33,,2,0.06060606060606061,,
부산,기장군,의원,2008,34,1,3,0.08823529411764706,4,0.11764705882352941
부산,기장군,의원,2009,38,4,1,0.02631578947368421,5,0.13157894736842105
부산,기장군,의원,2010,39,1,3,0.07692307692307693,4,0.10256410256410256
부산,기장군,의원,2011,44,5,0,0.0,5,0.11363636363636363
부산,기장군,의원,2012,51,7,1,0.0196078431372549,8,0.1568627450980392
부산,기장군,의원,2013,57,6,3,0.05263157894736842,9,0.15789473684210525
부산,기장군,의원,2014,63,6,2,0.031746031746031744,8,0.12698412698412698
부산,기장군,의원,2015,71,8,2,0.028169014084507043,10,0.14084507042253522
부산,기장군,의원,2016,72,1,4,0.05555555555555555,5,0.06944444444444445
부산,기장군,의원,2017,74,2,2,0.02702702702702703,4,0.05405405405405406
부산,기장군,의원,2018,77,3,0,0.0,3,0.03896103896103896
부산,기장군,의원,2019,84,7,3,0.03571428571428571,10,0.11904761904761904
부산,기장군,의원,2020,81,-3,5,0.06172839506172839,2,0.024691358024691357
부산,기장군,의원,2021,81,0,2,0.024691358024691357,2,0.024691358024691357
부산,기장군,의원,2022,87,6,2,0.022988505747126436,8,0.09195402298850575
부산,기장군,의원,2023,94,7,3,0.031914893617021274,10,0.10638297872340426
부산,기장군,의원,2024,94,0,2,0.02127659574468085,2,0.02127659574468085
부산,기장군,의원,2025,98,4,3,0.030612244897959183,7,0.07142857142857142
부산,기장군,종합병원,2007,0,,0,,,
부산,기장군,종합병원,2008,0,0,0,,0,
부산,기장군,종합병원,2009,0,0,0,,0,
부산,기장군,종합병원,2010,0,0,0,,0,
부산,기장군,종합병원,2011,1,1,0,0.0,1,1.0
부산,기장군,종합병원,2012,1,0,0,0.0,0,0.0
부산,기장군,종합병원,2013,1,0,0,0.0,0,0.0
부산,기장군,종합병원,2014,1,0,0,0.0,0,0.0
부산,기장군,종합병원,2015,1,0,0,0.0,0,0.0
부산,기장군,종합병원,2016,1,0,0,0.0,0,0.0
부산,기장군,종합병원,2017,1,0,0,0.0,0,0.0
부산,기장군,종합병원,2018,1,0,0,0.0,0,0.0
부산,기장군,종합병원,2019,1,0,0,0.0,0,0.0
부산,기장군,종합병원,2020,1,0,0,0.0,0,0.0
부산,기장군,종합병원,2021,1,0,0,0.0,0,0.0
부산,기장군,종합병원,2022,1,0,0,0.0,0,0.0
부산,기장군,종합병원,2023,1,0,0,0.0,0,0.0
부산,기장군,종합병원,2024,1,0,0,0.0,0,0.0
부산,기장군,종합병원,2025,1,0,0,0.0,0,0.0
부산,남구,병원,2007,4,,1,0.25,,
부산,남구,병원,2008,4,0,0,0.0,0,0.0
부산,남구,병원,2009,5,1,0,0.0,1,0.2
부산,남구,병원,2010,5,0,0,0.0,0,0.0
부산,남구,병원,2011,5,0,0,0.0,0,0.0
부산,남구,병원,2012,6,1,0,0.0,1,0.16666666666666666
부산,남구,병원,2013,7,1,0,0.0,1,0.14285714285714285
부산,남구,병원,2014,8,1,1,0.125,2,0.25
부산,남구,병원,2015,8,0,0,0.0,0,0.0
부산,남구,병원,2016,8,0,0,0.0,0,0.0
부산,남구,병원,2017,8,0,0,0.0,0,0.0
부산,남구,병원,2018,8,0,1,0.125,1,0.125
부산,남구,병원,2019,8,0,0,0.0,0,0.0
부산,남구,병원,2020,8,0,0,0.0,0,0.0
부산,남구,병원,2021,5,-3,3,0.6,0,0.0
부산,남구,병원,2022,5,0,0,0.0,0,0.0
부산,남구,병원,2023,6,1,0,0.0,1,0.16666666666666666
부산,남구,병원,2024,6,0,0,0.0,0,0.0
부산,남구,병원,2025,6,0,0,0.0,0,0.0
부산,남구,상급종합병원,2007,0,,0,,,
부산,남구,상급종합병원,2008,0,0,0,,0,
부산,남구,상급종합병원,2009,0,0,0,,0,
부산,남구,상급종합병원,2010,0,0,0,,0,
부산,남구,상급종합병원,2011,0,0,0,,0,
부산,남구,상급종합병원,2012,0,0,0,,0,
부산,남구,상급종합병원,2013,0,0,0,,0,
부산,남구,상급종합병원,2014,0,0,0,,0,
부산,남구,상급종합병원,2015,0,0,0,,0,
부산,남구,상급종합병원,2016,0,0,0,,0,
부산,남구,상급종합병원,2017,0,0,0,,0,
부산,남구,상급종합병원,2018,0,0,0,,0,
부산,남구,상급종합병원,2019,0,0,0,,0,
부산,남구,상급종합병원,2020,0,0,0,,0,
부산,남구,상급종합병원,2021,0,0,0,,0,
부산,남구,상급종합병원,2022,0,0,0,,0,
부산,남구,상급종합병원,2023,0,0,0,,0,
부산,남구,상급종합병원,2024,0,0,0,,0,
부산,남구,상급종합병원,2025,0,0,0,,0,
부산,남구,의원,2007,144,,7,0.04861111111111111,,
부산,남구,의원,2008,141,-3,11,0.07801418439716312,8,0.05673758865248227
부산,남구,의원,2009,137,-4,16,0.11678832116788321,12,0.08759124087591241
부산,남구,의원,2010,139,2,8,0.05755395683453238,10,0.07194244604316546
부산,남구,의원,2011,145,6,5,0.034482758620689655,11,0.07586206896551724
부산,남구,의원,2012,148,3,8,0.05405405405405406,11,0.07432432432432433
부산,남구,의원,2013,144,-4,7,0.04861111111111111,3,0.020833333333333332
부산,남구,의원,2014,147,3,5,0.034013605442176874,8,0.05442176870748299
부산,남구,의원,2015,145,-2,4,0.027586206896551724,2,0.013793103448275862
부산,남구,의원,2016,149,4,8,0.053691275167785234,12,0.08053691275167785
부산,남구,의원,2017,150,1,7,0.04666666666666667,8,0.05333333333333334
부산,남구,의원,2018,153,3,5,0.032679738562091505,8,0.05228758169934641
부산,남구,의원,2019,156,3,4,0.02564102564102564,7,0.04487179487179487
부산,남구,의원,2020,159,3,4,0.025157232704402517,7,0.0440251572327044
부산,남구,의원,2021,165,6,6,0.03636363636363636,12,0.07272727272727272
부산,남구,의원,2022,171,6,1,0.005847953216374269,7,0.04093567251461988
부산,남구,의원,2023,182,11,7,0.038461538461538464,18,0.0989010989010989
부산,남구,의원,2024,184,2,5,0.02717391304347826,7,0.03804347826086957
부산,남구,의원,2025,188,4,5,0.026595744680851064,9,0.047872340425531915
부산,남구,종합병원,2007,1,,0,0.0,,
부산,남구,종합병원,2008,1,0,0,0.0,0,0.0
부산,남구,종합병원,2009,1,0,0,0.0,0,0.0
부산,남구,종합병원,2010,1,0,0,0.0,0,0.0
부산,남구,종합병원,2011,1,0,0,0.0,0,0.0
부산,남구,종합병원,2012,1,0,0,0.0,0,0.0
부산,남구,종합병원,2013,1,0,0,0.0,0,0.0
부산,남구,종합병원,2014,1,0,0,0.0,0,0.0
부산,남구,종합병원,2015,1,0,0,0.0,0,0.0
부산,남구,종합병원,2016,1,0,0,0.0,0,0.0
부산,남구,종합병원,2017,1,0,0,0.0,0,0.0
부산,남구,종합병원,2018,1,0,0,0.0,0,0.0
부산,남구,종합병원,2019,1,0,0,0.0,0,0.0
부산,남구,종합병원,2020,1,0,0,0.0,0,0.0
부산,남구,종합병원,2021,1,0,0,0.0,0,0.0
부산,남구,종합병원,2022,1,0,0,0.0,0,0.0
부산,남구,종합병원,2023,1,0,0,0.0,0,0.0
부산,남구,종합병원,2024,1,0,0,0.0,0,0.0
부산,남구,종합병원,2025,1,0,0,0.0,0,0.0
부산,동구,병원,2007,3,,2,0.6666666666666666,,
부산,동구,병원,2008,3,0,1,0.3333333333333333,1,0.3333333333333333
부산,동구,병원,2009,4,1,0,0.0,1,0.25
부산,동구,병원,2010,3,-1,1,0.3333333333333333,0,0.0
부산,동구,병원,2011,3,0,0,0.0,0,0.0
부산,동구,병원,2012,3,0,0,0.0,0,0.0
부산,동구,병원,2013,4,1,0,0.0,1,0.25
부산,동구,병원,2014,4,0,0,0.0,0,0.0
부산,동구,병원,2015,4,0,1,0.25,1,0.25
부산,동구,병원,2016,6,2,0,0.0,2,0.3333333333333333
부산,동구,병원,2017,5,-1,0,0.0,-1,-0.2
부산,동구,병원,2018,5,0,1,0.2,1,0.2
부산,동구,병원,2019,5,0,0,0.0,0,0.0
부산,동구,병원,2020,5,0,0,0.0,0,0.0
부산,동구,병원,2021,5,0,0,0.0,0,0.0
부산,동구,병원,2022,5,0,0,0.0,0,0.0
부산,동구,병원,2023,5,0,0,0.0,0,0.0
부산,동구,병원,2024,5,0,0,0.0,0,0.0
부산,동구,병원,2025,5,0,0,0.0,0,0.0
부산,동구,상급종합병원,2007,0,,0,,,
부산,동구,상급종합병원,2008,0,0,0,,0,
부산,동구,상급종합병원,2009,0,0,0,,0,
부산,동구,상급종합병원,2010,0,0,0,,0,
부산,동구,상급종합병원,2011,0,0,0,,0,
부산,동구,상급종합병원,2012,0,0,0,,0,
부산,동구,상급종합병원,2013,0,0,0,,0,
부산,동구,상급종합병원,2014,0,0,0,,0,
부산,동구,상급종합병원,2015,0,0,0,,0,
부산,동구,상급종합병원,2016,0,0,0,,0,
부산,동구,상급종합병원,2017,0,0,0,,0,
부산,동구,상급종합병원,2018,0,0,0,,0,
부산,동구,상급종합병원,2019,0,0,0,,0,
부산,동구,상급종합병원,2020,0,0,0,,0,
부산,동구,상급종합병원,2021,0,0,0,,0,
부산,동구,상급종합병원,2022,0,0,0,,0,
부산,동구,상급종합병원,2023,0,0,0,,0,
부산,동구,상급종합병원,2024,0,0,0,,0,
부산,동구,상급종합병원,2025,0,0,0,,0,
부산,동구,의원,2007,97,,4,0.041237113402061855,,
부산,동구,의원,2008,97,0,10,0.10309278350515463,10,0.10309278350515463
부산,동구,의원,2009,89,-8,2,0.02247191011235955,-6,-0.06741573033707865
부산,동구,의원,2010,87,-2,4,0.04597701149425287,2,0.022988505747126436
부산,동구,의원,2011,86,-1,4,0.046511627906976744,3,0.03488372093023256
부산,동구,의원,2012,81,-5,3,0.037037037037037035,-2,-0.024691358024691357
부산,동구,의원,2013,79,-2,7,0.08860759493670886,5,0.06329113924050633
부산,동구,의원,2014,77,-2,3,0.03896103896103896,1,0.012987012987012988
부산,동구,의원,2015,82,5,5,0.06097560975609756,10,0.12195121951219512
부산,동구,의원,2016,76,-6,4,0.05263157894736842,-2,-0.02631578947368421
부산,동구,의원,2017,73,-3,3,0.0410958904109589,0,0.0
부산,동구,의원,2018,75,2,3,0.04,5,0.06666666666666667
부산,동구,의원,2019,76,1,3,0.039473684210526314,4,0.05263157894736842
부산,동구,의원,2020,76,0,2,0.02631578947368421,2,0.02631578947368421
부산,동구,의원,2021,74,-2,3,0.04054054054054054,1,0.013513513513513514
부산,동구,의원,2022,72,-2,1,0.013888888888888888,-1,-0.013888888888888888
부산,동구,의원,2023,72,0,4,0.05555555555555555,4,0.05555555555555555
부산,동구,의원,2024,71,-1,1,0.014084507042253521,0,0.0
부산,동구,의원,2025,74,3,1,0.013513513513513514,4,0.05405405405405406
부산,동구,종합병원,2007,3,,0,0.0,,
부산,동구,종합병원,2008,3,0,0,0.0,0,0.0
부산,동구,종합병원,2009,3,0,0,0.0,0,0.0
부산,동구,종합병원,2010,3,0,0,0.0,0,0.0
부산,동구,종합병원,2011,3,0,0,0.0,0,0.0
부산,동구,종합병원,2012,3,0,0,0.0,0,0.0
부산,동구,종합병원,2013,3,0,0,0.0,0,0.0
부산,동구,종합병원,2014,3,0,0,0.0,0,0.0
부산,동구,종합병원,2015,3,0,0,0.0,0,0.0
부산,동구,종합병원,2016,3,0,0,0.0,0,0.0
부산,동구,종합병원,2017,3,0,0,0.0,0,0.0
부산,동구,종합병원,2018,3,0,0,0.0,0,0.0
부산,동구,종합병원,2019,3,0,0,0.0,0,0.0
부산,동구,종합병원,2020,3,0,0,0.0,0,0.0
부산,동구,종합병원,2021,3,0,0,0.0,0,0.0
부산,동구,종합병원,2022,3,0,0,0.0,0,0.0
부산,동구,종합병원,2023,3,0,0,0.0,0,0.0
부산,동구,종합병원,2024,3,0,0,0.0,0,0.0
부산,동구,종합병원,2025,3,0,0,0.0,0,0.0
부산,동래구,병원,2007,9,,0,0.0,,
부산,동래구,병원,2008,10,1,2,0.2,3,0.3
부산,동래구,병원,2009,11,1,1,0.09090909090909091,2,0.18181818181818182
부산,동래구,병원,2010,12,1,1,0.08333333333333333,2,0.16666666666666666
부산,동래구,병원,2011,14,2,2,0.14285714285714285,4,0.2857142857142857
부산,동래구,병원,2012,14,0,1,0.07142857142857142,1,0.07142857142857142
부산,동래구,병원,2013,16,2,0,0.0,2,0.125
부산,동래구,병원,2014,17,1,2,0.11764705882352941,3,0.17647058823529413
부산,동래구,병원,2015,18,1,3,0.16666666666666666,4,0.2222222222222222
부산,동래구,병원,2016,15,-3,2,0.13333333333333333,-1,-0.06666666666666667
부산,동래구,병원,2017,14,-1,1,0.07142857142857142,0,0.0
부산,동래구,병원,2018,14,0,1,0.07142857142857142,1,0.07142857142857142
부산,동래구,병원,2019,15,1,1,0.06666666666666667,2,0.13333333333333333
부산,동래구,병원,2020,15,0,1,0.06666666666666667,1,0.06666666666666667
부산,동래구,병원,2021,15,0,0,0.0,0,0.0
부산,동래구,병원,2022,15,0,0,0.0,0,0.0
부산,동래구,병원,2023,18,3,2,0.1111111111111111,5,0.2777777777777778
부산,동래구,병원,2024,19,1,4,0.21052631578947367,5,0.2631578947368421
부산,동래구,병원,2025,18,-1,2,0.1111111111111111,1,0.05555555555555555
부산,동래구,상급종합병원,2007,0,,0,,,
부산,동래구,상급종합병원,2008,0,0,0,,0,
부산,동래구,상급종합병원,2009,0,0,0,,0,
부산,동래구,상급종합병원,2010,0,0,0,,0,
부산,동래구,상급종합병원,2011,0,0,0,,0,
부산,동래구,상급종합병원,2012,0,0,0,,0,
부산,동래구,상급종합병원,2013,0,0,0,,0,
부산,동래구,상급종합병원,2014,0,0,0,,0,
부산,동래구,상급종합병원,2015,0,0,0,,0,
부산,동래구,상급종합병원,2016,0,0,0,,0,
부산,동래구,상급종합병원,2017,0,0,0,,0,
부산,동래구,상급종합병원,2018,0,0,0,,0,
부산,동래구,상급종합병원,2019,0,0,0,,0,
부산,동래구,상급종합병원,2020,0,0,0,,0,
부산,동래구,상급종합병원,2021,0,0,0,,0,
부산,동래구,상급종합병원,2022,0,0,0,,0,
부산,동래구,상급종합병원,2023,0,0,0,,0,
부산,동래구,상급종합병원,2024,0,0,0,,0,
부산,동래구,상급종합병원,2025,0,0,0,,0,
부산,동래구,의원,2007,178,,16,0.0898876404494382,,
부산,동래구,의원,2008,173,-5,11,0.06358381502890173,6,0.03468208092485549
부산,동래구,의원,2009,166,-7,6,0.03614457831325301,-1,-0.006024096385542169
부산,동래구,의원,2010,164,-2,6,0.036585365853658534,4,0.024390243902439025
부산,동래구,의원,2011,168,4,9,0.05357142857142857,13,0.07738095238095238
부산,동래구,의원,2012,168,0,13,0.07738095238095238,13,0.07738095238095238
부산,동래구,의원,2013,165,-3,4,0.024242424242424242,1,0.006060606060606061
부산,동래구,의원,2014,163,-2,7,0.04294478527607362,5,0.03067484662576687
부산,동래구,의원,2015,168,5,10,0.05952380952380952,15,0.08928571428571429
부산,동래구,의원,2016,169,1,11,0.0650887573964497,12,0.07100591715976332
부산,동래구,의원,2017,172,3,11,0.06395348837209303,14,0.08139534883720931
부산,동래구,의원,2018,180,8,7,0.03888888888888889,15,0.08333333333333333
부산,동래구,의원,2019,185,5,7,0.03783783783783784,12,0.06486486486486487
부산,동래구,의원,2020,189,4,6,0.031746031746031744,10,0.05291005291005291
부산,동래구,의원,2021,192,3,6,0.03125,9,0.046875
부산,동래구,의원,2022,199,7,2,0.010050251256281407,9,0.04522613065326633
부산,동래구,의원,2023,208,9,6,0.028846153846153848,15,0.07211538461538461
부산,동래구,의원,2024,214,6,8,0.037383177570093455,14,0.06542056074766354
부산,동래구,의원,2025,218,4,7,0.03211009174311927,11,0.05045871559633028
부산,동래구,종합병원,2007,3,,0,0.0,,
부산,동래구,종합병원,2008,3,0,0,0.0,0,0.0
부산,동래구,종합병원,2009,3,0,0,0.0,0,0.0
부산,동래구,종합병원,2010,3,0,0,0.0,0,0.0
부산,동래구,종합병원,2011,3,0,0,0.0,0,0.0
부산,동래구,종합병원,2012,3,0,0,0.0,0,0.0
부산,동래구,종합병원,2013,3,0,0,0.0,0,0.0
부산,동래구,종합병원,2014,3,0,0,0.0,0,0.0
부산,동래구,종합병원,2015,3,0,0,0.0,0,0.0
부산,동래구,종합병원,2016,3,0,0,0.0,0,0.0
부산,동래구,종합병원,2017,3,0,0,0.0,0,0.0
부산,동래구,종합병원,2018,3,0,0,0.0,0,0.0
부산,동래구,종합병원,2019,3,0,0,0.0,0,0.0
부산,동래구,종합병원,2020,3,0,0,0.0,0,0.0
부산,동래구,종합병원,2021,3,0,0,0.0,0,0.0
부산,동래구,종합병원,2022,3,0,0,0.0,0,0.0
부산,동래구,종합병원,2023,3,0,0,0.0,0,0.0
부산,동래구,종합병원,2024,3,0,0,0.0,0,0.0
부산,동래구,종합병원,2025,3,0,0,0.0,0,0.0
부산,부산진구,병원,2007,5,,1,0.2,,
부산,부산진구,병원,2008,5,0,1,0.2,1,0.2
부산,부산진구,병원,2009,7,2,0,0.0,2,0.2857142857142857
부산,부산진구,병원,2010,7,0,2,0.2857142857142857,2,0.2857142857142857
부산,부산진구,병원,2011,7,0,0,0.0,0,0.0
부산,부산진구,병원,2012,9,2,1,0.1111111111111111,3,0.3333333333333333
부산,부산진구,병원,2013,9,0,0,0.0,0,0.0
부산,부산진구,병원,2014,10,1,1,0.1,2,0.2
부산,부산진구,병원,2015,11,1,2,0.18181818181818182,3,0.2727272727272727
부산,부산진구,병원,2016,12,1,0,0.0,1,0.08333333333333333
부산,부산진구,병원,2017,17,5,1,0.058823529411764705,6,0.35294117647058826
부산,부산진구,병원,2018,18,1,3,0.16666666666666666,4,0.2222222222222222
부산,부산진구,병원,2019,18,0,0,0.0,0,0.0
부산,부산진구,병원,2020,19,1,1,0.05263157894736842,2,0.10526315789473684
부산,부산진구,병원,2021,18,-1,4,0.2222222222222222,3,0.16666666666666666
부산,부산진구,병원,2022,18,0,1,0.05555555555555555,1,0.05555555555555555
부산,부산진구,병원,2023,17,-1,1,0.058823529411764705,0,0.0
부산,부산진구,병원,2024,18,1,1,0.05555555555555555,2,0.1111111111111111
부산,부산진구,병원,2025,18,0,1,0.05555555555555555,1,0.05555555555555555
부산,부산진구,상급종합병원,2007,1,,0,0.0,,
부산,부산진구,상급종합병원,2008,1,0,0,0.0,0,0.0
부산,부산진구,상급종합병원,2009,1,0,0,0.0,0,0.0
부산,부산진구,상급종합병원,2010,1,0,0,0.0,0,0.0
부산,부산진구,상급종합병원,2011,1,0,0,0.0,0,0.0
부산,부산진구,상급종합병원,2012,1,0,0,0.0,0,0.0
부산,부산진구,상급종합병원,2013,1,0,0,0.0,0,0.0
부산,부산진구,상급종합병원,2014,1,0,0,0.0,0,0.0
부산,부산진구,상급종합병원,2015,1,0,0,0.0,0,0.0
부산,부산진구,상급종합병원,2016,1,0,0,0.0,0,0.0
부산,부산진구,상급종합병원,2017,1,0,0,0.0,0,0.0
부산,부산진구,상급종합병원,2018,1,0,0,0.0,0,0.0
부산,부산진구,상급종합병원,2019,1,0,0,0.0,0,0.0
부산,부산진구,상급종합병원,2020,1,0,0,0.0,0,0.0
부산,부산진구,상급종합병원,2021,1,0,0,0.0,0,0.0
부산,부산진구,상급종합병원,2022,1,0,0,0.0,0,0.0
부산,부산진구,상급종합병원,2023,1,0,0,0.0,0,0.0
부산,부산진구,상급종합병원,2024,1,0,0,0.0,0,0.0
부산,부산진구,상급종합병원,2025,1,0,0,0.0,0,0.0
부산,부산진구,의원,2007,359,,16,0.04456824512534819,,
부산,부산진구,의원,2008,362,3,24,0.06629834254143646,27,0.07458563535911603
부산,부산진구,의원,2009,366,4,28,0.07650273224043716,32,0.08743169398907104
부산,부산진구,의원,2010,357,-9,22,0.06162464985994398,13,0.036414565826330535
부산,부산진구,의원,2011,364,7,19,0.0521978021978022,26,0.07142857142857142
부산,부산진구,의원,2012,372,8,22,0.05913978494623656,30,0.08064516129032258
부산,부산진구,의원,2013,373,1,28,0.07506702412868632,29,0.0777479892761394
부산,부산진구,의원,2014,382,9,28,0.07329842931937172,37,0.0968586387434555
부산,부산진구,의원,2015,387,5,9,0.023255813953488372,14,0.03617571059431524
부산,부산진구,의원,2016,404,17,18,0.04455445544554455,35,0.08663366336633663
부산,부산진구,의원,2017,403,-1,19,0.04714640198511166,18,0.04466501240694789
부산,부산진구,의원,2018,414,11,17,0.04106280193236715,28,0.06763285024154589
부산,부산진구,의원,2019,423,9,17,0.04018912529550828,26,0.061465721040189124
부산,부산진구,의원,2020,432,9,14,0.032407407407407406,23,0.05324074074074074
부산,부산진구,의원,2021,445,13,16,0.035955056179775284,29,0.0651685393258427
부산,부산진구,의원,2022,459,14,26,0.05664488017429194,40,0.08714596949891068
부산,부산진구,의원,2023,466,7,25,0.0536480686695279,32,0.06866952789699571
부산,부산진구,의원,2024,472,6,15,0.03177966101694915,21,0.04449152542372881
부산,부산진구,의원,2025,479,7,14,0.029227557411273485,21,0.04384133611691023
부산,부산진구,종합병원,2007,2,,0,0.0,,
부산,부산진구,종합병원,2008,2,0,0,0.0,0,0.0
부산,부산진구,종합병원,2009,2,0,0,0.0,0,0.0
부산,부산진구,종합병원,2010,3,1,0,0.0,1,0.3333333333333333
부산,부산진구,종합병원,2011,3,0,0,0.0,0,0.0
부산,부산진구,종합병원,2012,3,0,0,0.0,0,0.0
부산,부산진구,종합병원,2013,3,0,0,0.0,0,0.0
부산,부산진구,종합병원,2014,3,0,0,0.0,0,0.0
부산,부산진구,종합병원,2015,3,0,0,0.0,0,0.0
부산,부산진구,종합병원,2016,3,0,0,0.0,0,0.0
부산,부산진구,종합병원,2017,3,0,0,0.0,0,0.0
부산,부산진구,종합병원,2018,3,0,0,0.0,0,0.0
부산,부산진구,종합병원,2019,3,0,0,0.0,0,0.0
부산,부산진구,종합병원,2020,3,0,0,0.0,0,0.0
부산,부산진구,종합병원,2021,3,0,0,0.0,0,0.0
부산,부산진구,종합병원,2022,3,0,0,0.0,0,0.0
부산,부산진구,종합병원,2023,3,0,0,0.0,0,0.0
부산,부산진구,종합병원,2024,3,0,0,0.0,0,0.0
부산,부산진구,종합병원,2025,3,0,0,0.0,0,0.0
부산,북구,병원,2007,7,,2,0.2857142857142857,,
부산,북구,병원,2008,6,-1,0,0.0,-1,-0.16666666666666666
부산,북구,병원,2009,7,1,0,0.0,1,0.14285714285714285
부산,북구,병원,2010,7,0,1,0.14285714285714285,1,0.14285714285714285
부산,북구,병원,2011,8,1,1,0.125,2,0.25
부산,북구,병원,2012,7,-1,1,0.14285714285714285,0,0.0
부산,북구,병원,2013,7,0,0,0.0,0,0.0
부산,북구,병원,2014,9,2,1,0.1111111111111111,3,0.3333333333333333
부산,북구,병원,2015,10,1,0,0.0,1,0.1
부산,북구,병원,2016,10,0,2,0.2,2,0.2
부산,북구,병원,2017,9,-1,0,0.0,-1,-0.1111111111111111
부산,북구,병원,2018,9,0,1,0.1111111111111111,1,0.1111111111111111
부산,북구,병원,2019,10,1,0,0.0,1,0.1
부산,북구,병원,2020,11,1,1,0.09090909090909091,2,0.18181818181818182
부산,북구,병원,2021,9,-2,1,0.1111111111111111,-1,-0.1111111111111111
부산,북구,병원,2022,9,0,0,0.0,0,0.0
부산,북구,병원,2023,9,0,0,0.0,0,0.0
부산,북구,병원,2024,9,0,0,0.0,0,0.0
부산,북구,병원,2025,9,0,0,0.0,0,0.0
부산,북구,상급종합병원,2007,0,,0,,,
부산,북구,상급종합병원,2008,0,0,0,,0,
부산,북구,상급종합병원,2009,0,0,0,,0,
부산,북구,상급종합병원,2010,0,0,0,,0,
부산,북구,상급종합병원,2011,0,0,0,,0,
부산,북구,상급종합병원,2012,0,0,0,,0,
부산,북구,상급종합병원,2013,0,0,0,,0,
부산,북구,상급종합병원,2014,0,0,0,,0,
부산,북구,상급종합병원,2015,0,0,0,,0,
부산,북구,상급종합병원,2016,0,0,0,,0,
부산,북구,상급종합병원,2017,0,0,0,,0,
부산,북구,상급종합병원,2018,0,0,0,,0,
부산,북구,상급종합병원,2019,0,0,0,,0,
부산,북구,상급종합병원,2020,0,0,0,,0,
부산,북구,상급종합병원,2021,0,0,0,,0,
부산,북구,상급종합병원,2022,0,0,0,,0,
부산,북구,상급종합병원,2023,0,0,0,,0,
부산,북구,상급종합병원,2024,0,0,0,,0,
부산,북구,상급종합병원,2025,0,0,0,,0,
부산,북구,의원,2007,151,,15,0.09933774834437085,,
부산,북구,의원,2008,145,-6,10,0.06896551724137931,4,0.027586206896551724
부산,북구,의원,2009,146,1,7,0.04794520547945205,8,0.0547945205479452
부산,북구,의원,2010,149,3,6,0.040268456375838924,9,0.06040268456375839
부산,북구,의원,2011,150,1,5,0.03333333333333333,6,0.04
부산,북구,의원,2012,149,-1,6,0.040268456375838924,5,0.03355704697986577
부산,북구,의원,2013,153,4,7,0.0457516339869281,11,0.0718954248366013
부산,북구,의원,2014,153,0,4,0.026143790849673203,4,0.026143790849673203
부산,북구,의원,2015,151,-2,4,0.026490066225165563,2,0.013245033112582781
부산,북구,의원,2016,156,5,3,0.019230769230769232,8,0.05128205128205128
부산,북구,의원,2017,161,5,4,0.024844720496894408,9,0.055900621118012424
부산,북구,의원,2018,163,2,9,0.05521472392638037,11,0.06748466257668712
부산,북구,의원,2019,164,1,2,0.012195121951219513,3,0.018292682926829267
부산,북구,의원,2020,167,3,4,0.023952095808383235,7,0.041916167664670656
부산,북구,의원,2021,168,1,8,0.047619047619047616,9,0.05357142857142857
부산,북구,의원,2022,161,-7,2,0.012422360248447204,-5,-0.031055900621118012
부산,북구,의원,2023,169,8,2,0.011834319526627219,10,0.05917159763313609
부산,북구,의원,2024,168,-1,3,0.017857142857142856,2,0.011904761904761904
부산,북구,의원,2025,179,11,4,0.0223463687150838,15,0.08379888268156424
부산,북구,종합병원,2007,1,,0,0.0,,
부산,북구,종합병원,2008,1,0,0,0.0,0,0.0
부산,북구,종합병원,2009,1,0,0,0.0,0,0.0
부산,북구,종합병원,2010,1,0,0,0.0,0,0.0
부산,북구,종합병원,2011,1,0,0,0.0,0,0.0
부산,북구,종합병원,2012,1,0,1,1.0,1,1.0
부산,북구,종합병원,2013,1,0,0,0.0,0,0.0
부산,북구,종합병원,2014,1,0,0,0.0,0,0.0
부산,북구,종합병원,2015,1,0,0,0.0,0,0.0
부산,북구,종합병원,2016,1,0,0,0.0,0,0.0
부산,북구,종합병원,2017,2,1,0,0.0,1,0.5
부산,북구,종합병원,2018,2,0,1,0.5,1,0.5
부산,북구,종합병원,2019,2,0,0,0.0,0,0.0
부산,북구,종합병원,2020,2,0,0,0.0,0,0.0
부산,북구,종합병원,2021,2,0,0,0.0,0,0.0
부산,북구,종합병원,2022,2,0,0,0.0,0,0.0
부산,북구,종합병원,2023,2,0,0,0.0,0,0.0
부산,북구,종합병원,2024,2,0,0,0.0,0,0.0
부산,북구,종합병원,2025,2,0,0,0.0,0,0.0
부산,사상구,병원,2007,10,,3,0.3,,
부산,사상구,병원,2008,10,0,2,0.2,2,0.2
부산,사상구,병원,2009,13,3,1,0.07692307692307693,4,0.3076923076923077
부산,사상구,병원,2010,11,-2,1,0.09090909090909091,-1,-0.09090909090909091
부산,사상구,병원,2011,12,1,0,0.0,1,0.08333333333333333
부산,사상구,병원,2012,13,1,1,0.07692307692307693,2,0.15384615384615385
부산,사상구,병원,2013,12,-1,0,0.0,-1,-0.08333333333333333
부산,사상구,병원,2014,12,0,0,0.0,0,0.0
부산,사상구,병원,2015,13,1,4,0.3076923076923077,5,0.38461538461538464
부산,사상구,병원,2016,10,-3,0,0.0,-3,-0.3
부산,사상구,병원,2017,8,-2,0,0.0,-2,-0.25
부산,사상구,병원,2018,8,0,0,0.0,0,0.0
부산,사상구,병원,2019,8,0,1,0.125,1,0.125
부산,사상구,병원,2020,8,0,2,0.25,2,0.25
부산,사상구,병원,2021,7,-1,1,0.14285714285714285,0,0.0
부산,사상구,병원,2022,7,0,0,0.0,0,0.0
부산,사상구,병원,2023,7,0,0,0.0,0,0.0
부산,사상구,병원,2024,7,0,0,0.0,0,0.0
부산,사상구,병원,2025,7,0,0,0.0,0,0.0
부산,사상구,상급종합병원,2007,0,,0,,,
부산,사상구,상급종합병원,2008,0,0,0,,0,
부산,사상구,상급종합병원,2009,0,0,0,,0,
부산,사상구,상급종합병원,2010,0,0,0,,0,
부산,사상구,상급종합병원,2011,0,0,0,,0,
부산,사상구,상급종합병원,2012,0,0,0,,0,
부산,사상구,상급종합병원,2013,0,0,0,,0,
부산,사상구,상급종합병원,2014,0,0,0,,0,
부산,사상구,상급종합병원,2015,0,0,0,,0,
부산,사상구,상급종합병원,2016,0,0,0,,0,
부산,사상구,상급종합병원,2017,0,0,0,,0,
부산,사상구,상급종합병원,2018,0,0,0,,0,
부산,사상구,상급종합병원,2019,0,0,0,,0,
부산,사상구,상급종합병원,2020,0,0,0,,0,
부산,사상구,상급종합병원,2021,0,0,0,,0,
부산,사상구,상급종합병원,2022,0,0,0,,0,
부산,사상구,상급종합병원,2023,0,0,0,,0,
부산,사상구,상급종합병원,2024,0,0,0,,0,
부산,사상구,상급종합병원,2025,0,0,0,,0,
부산,사상구,의원,2007,108,,8,0.07407407407407407,,
부산,사상구,의원,2008,114,6,5,0.043859649122807015,11,0.09649122807017543
부산,사상구,의원,2009,111,-3,4,0.036036036036036036,1,0.009009009009009009
부산,사상구,의원,2010,110,-1,6,0.05454545454545454,5,0.045454545454545456
부산,사상구,의원,2011,110,0,5,0.045454545454545456,5,0.045454545454545456
부산,사상구,의원,2012,110,0,11,0.1,11,0.1
부산,사상구,의원,2013,106,-4,2,0.018867924528301886,-2,-0.018867924528301886
부산,사상구,의원,2014,106,0,4,0.03773584905660377,4,0.03773584905660377
부산,사상구,의원,2015,107,1,3,0.028037383177570093,4,0.037383177570093455
부산,사상구,의원,2016,107,0,5,0.04672897196261682,5,0.04672897196261682
부산,사상구,의원,2017,102,-5,4,0.0392156862745098,-1,-0.00980392156862745
부산,사상구,의원,2018,108,6,4,0.037037037037037035,10,0.09259259259259259
부산,사상구,의원,2019,112,4,1,0.008928571428571428,5,0.044642857142857144
부산,사상구,의원,2020,112,0,5,0.044642857142857144,5,0.044642857142857144
부산,사상구,의원,2021,107,-5,5,0.04672897196261682,0,0.0
부산,사상구,의원,2022,107,0,0,0.0,0,0.0
부산,사상구,의원,2023,112,5,2,0.017857142857142856,7,0.0625
부산,사상구,의원,2024,110,-2,2,0.01818181818181818,0,0.0
부산,사상구,의원,2025,113,3,1,0.008849557522123894,4,0.035398230088495575
부산,사상구,종합병원,2007,2,,0,0.0,,
부산,사상구,종합병원,2008,2,0,0,0.0,0,0.0
부산,사상구,종합병원,2009,2,0,0,0.0,0,0.0
부산,사상구,종합병원,2010,2,0,0,0.0,0,0.0
부산,사상구,종합병원,2011,2,0,0,0.0,0,0.0
부산,사상구,종합병원,2012,2,0,0,0.0,0,0.0
부산,사상구,종합병원,2013,2,0,0,0.0,0,0.0
부산,사상구,종합병원,2014,2,0,0,0.0,0,0.0
부산,사상구,종합병원,2015,2,0,0,0.0,0,0.0
부산,사상구,종합병원,2016,2,0,0,0.0,0,0.0
부산,사상구,종합병원,2017,2,0,0,0.0,0,0.0
부산,사상구,종합병원,2018,2,0,0,0.0,0,0.0
부산,사상구,종합병원,2019,2,0,0,0.0,0,0.0
부산,사상구,종합병원,2020,2,0,0,0.0,0,0.0
부산,사상구,종합병원,2021,2,0,0,0.0,0,0.0
부산,사상구,종합병원,2022,2,0,0,0.0,0,0.0
부산,사상구,종합병원,2023,2,0,0,0.0,0,0.0
부산,사상구,종합병원,2024,2,0,0,0.0,0,0.0
부산,사상구,종합병원,2025,2,0,0,0.0,0,0.0
부산,사하구,병원,2007,12,,2,0.16666666666666666,,
부산,사하구,병원,2008,14,2,3,0.21428571428571427,5,0.35714285714285715
부산,사하구,병원,2009,16,2,1,0.0625,3,0.1875
부산,사하구,병원,2010,19,3,3,0.15789473684210525,6,0.3157894736842105
부산,사하구,병원,2011,21,2,3,0.14285714285714285,5,0.23809523809523808
부산,사하구,병원,2012,22,1,2,0.09090909090909091,3,0.13636363636363635
부산,사하구,병원,2013,22,0,2,0.09090909090909091,2,0.09090909090909091
부산,사하구,병원,2014,20,-2,1,0.05,-1,-0.05
부산,사하구,병원,2015,22,2,1,0.045454545454545456,3,0.13636363636363635
부산,사하구,병원,2016,21,-1,1,0.047619047619047616,0,0.0
부산,사하구,병원,2017,20,-1,1,0.05,0,0.0
부산,사하구,병원,2018,20,0,4,0.2,4,0.2
부산,사하구,병원,2019,18,-2,1,0.05555555555555555,-1,-0.05555555555555555
부산,사하구,병원,2020,19,1,0,0.0,1,0.05263157894736842
부산,사하구,병원,2021,18,-1,1,0.05555555555555555,0,0.0
부산,사하구,병원,2022,18,0,0,0.0,0,0.0
부산,사하구,병원,2023,20,2,1,0.05,3,0.15
부산,사하구,병원,2024,19,-1,1,0.05263157894736842,0,0.0
부산,사하구,병원,2025,21,2,1,0.047619047619047616,3,0.14285714285714285
부산,사하구,상급종합병원,2007,0,,0,,,
부산,사하구,상급종합병원,2008,0,0,0,,0,
부산,사하구,상급종합병원,2009,0,0,0,,0,
부산,사하구,상급종합병원,2010,0,0,0,,0,
부산,사하구,상급종합병원,2011,0,0,0,,0,
부산,사하구,상급종합병원,2012,0,0,0,,0,
부산,사하구,상급종합병원,2013,0,0,0,,0,
부산,사하구,상급종합병원,2014,0,0,0,,0,
부산,사하구,상급종합병원,2015,0,0,0,,0,
부산,사하구,상급종합병원,2016,0,0,0,,0,
부산,사하구,상급종합병원,2017,0,0,0,,0,
부산,사하구,상급종합병원,2018,0,0,0,,0,
부산,사하구,상급종합병원,2019,0,0,0,,0,
부산,사하구,상급종합병원,2020,0,0,0,,0,
부산,사하구,상급종합병원,2021,0,0,0,,0,
부산,사하구,상급종합병원,2022,0,0,0,,0,
부산,사하구,상급종합병원,2023,0,0,0,,0,
부산,사하구,상급종합병원,2024,0,0,0,,0,
부산,사하구,상급종합병원,2025,0,0,0,,0,
부산,사하구,의원,2007,180,,12,0.06666666666666667,,
부산,사하구,의원,2008,181,1,12,0.06629834254143646,13,0.0718232044198895
부산,사하구,의원,2009,180,-1,11,0.06111111111111111,10,0.05555555555555555
부산,사하구,의원,2010,176,-4,12,0.06818181818181818,8,0.045454545454545456
부산,사하구,의원,2011,170,-6,14,0.08235294117647059,8,0.047058823529411764
부산,사하구,의원,2012,167,-3,10,0.059880239520958084,7,0.041916167664670656
부산,사하구,의원,2013,167,0,8,0.04790419161676647,8,0.04790419161676647
부산,사하구,의원,2014,164,-3,6,0.036585365853658534,3,0.018292682926829267
부산,사하구,의원,2015,166,2,4,0.024096385542168676,6,0.03614457831325301
부산,사하구,의원,2016,171,5,2,0.011695906432748537,7,0.04093567251461988
부산,사하구,의원,2017,176,5,4,0.022727272727272728,9,0.05113636363636364
부산,사하구,의원,2018,179,3,6,0.0335195530726257,9,0.05027932960893855
부산,사하구,의원,2019,181,2,4,0.022099447513812154,6,0.03314917127071823
부산,사하구,의원,2020,188,7,5,0.026595744680851064,12,0.06382978723404255
부산,사하구,의원,2021,191,3,6,0.031413612565445025,9,0.04712041884816754
부산,사하구,의원,2022,194,3,6,0.030927835051546393,9,0.04639175257731959
부산,사하구,의원,2023,195,1,5,0.02564102564102564,6,0.03076923076923077
부산,사하구,의원,2024,202,7,3,0.01485148514851485,10,0.04950495049504951
부산,사하구,의원,2025,206,4,5,0.024271844660194174,9,0.043689320388349516
부산,사하구,종합병원,2007,1,,0,0.0,,
부산,사하구,종합병원,2008,1,0,0,0.0,0,0.0
부산,사하구,종합병원,2009,1,0,1,1.0,1,1.0
부산,사하구,종합병원,2010,0,-1,0,,-1,
부산,사하구,종합병원,2011,0,0,0,,0,
부산,사하구,종합병원,2012,0,0,0,,0,
부산,사하구,종합병원,2013,0,0,0,,0,
부산,사하구,종합병원,2014,0,0,0,,0,
부산,사하구,종합병원,2015,0,0,0,,0,
부산,사하구,종합병원,2016,0,0,0,,0,
부산,사하구,종합병원,2017,0,0,0,,0,
부산,사하구,종합병원,2018,0,0,0,,0,
부산,사하구,종합병원,2019,0,0,0,,0,
부산,사하구,종합병원,2020,0,0,0,,0,
부산,사하구,종합병원,2021,0,0,0,,0,
부산,사하구,종합병원,2022,0,0,0,,0,
부산,사하구,종합병원,2023,0,0,0,,0,
부산,사하구,종합병원,2024,0,0,0,,0,
부산,사하구,종합병원,2025,0,0,0,,0,
부산,서구,병원,2007,1,,0,0.0,,
부산,서구,병원,2008,1,0,1,1.0,1,1.0
부산,서구,병원,2009,1,0,0,0.0,0,0.0
부산,서구,병원,2010,2,1,1,0.5,2,1.0
부산,서구,병원,2011,1,-1,0,0.0,-1,-1.0
부산,서구,병원,2012,1,0,0,0.0,0,0.0
부산,서구,병원,2013,1,0,0,0.0,0,0.0
부산,서구,병원,2014,1,0,1,1.0,1,1.0
부산,서구,병원,2015,2,1,0,0.0,1,0.5
부산,서구,병원,2016,3,1,0,0.0,1,0.3333333333333333
부산,서구,병원,2017,3,0,0,0.0,0,0.0
부산,서구,병원,2018,3,0,1,0.3333333333333333,1,0.3333333333333333
부산,서구,병원,2019,4,1,0,0.0,1,0.25
부산,서구,병원,2020,4,0,0,0.0,0,0.0
부산,서구,병원,2021,3,-1,1,0.3333333333333333,0,0.0
부산,서구,병원,2022,2,-1,1,0.5,0,0.0
부산,서구,병원,2023,2,0,0,0.0,0,0.0
부산,서구,병원,2024,3,1,0,0.0,1,0.3333333333333333
부산,서구,병원,2025,3,0,0,0.0,0,0.0
부산,서구,상급종합병원,2007,3,,0,0.0,,
부산,서구,상급종합병원,2008,3,0,0,0.0,0,0.0
부산,서구,상급종합병원,2009,3,0,0,0.0,0,0.0
부산,서구,상급종합병원,2010,3,0,0,0.0,0,0.0
부산,서구,상급종합병원,2011,3,0,0,0.0,0,0.0
부산,서구,상급종합병원,2012,3,0,0,0.0,0,0.0
부산,서구,상급종합병원,2013,3,0,0,0.0,0,0.0
부산,서구,상급종합병원,2014,3,0,0,0.0,0,0.0
부산,서구,상급종합병원,2015,3,0,0,0.0,0,0.0
부산,서구,상급종합병원,2016,3,0,0,0.0,0,0.0
부산,서구,상급종합병원,2017,3,0,0,0.0,0,0.0
부산,서구,상급종합병원,2018,3,0,0,0.0,0,0.0
부산,서구,상급종합병원,2019,3,0,0,0.0,0,0.0
부산,서구,상급종합병원,2020,3,0,0,0.0,0,0.0
부산,서구,상급종합병원,2021,2,-1,0,0.0,-1,-0.5
부산,서구,상급종합병원,2022,2,0,0,0.0,0,0.0
부산,서구,상급종합병원,2023,2,0,0,0.0,0,0.0
부산,서구,상급종합병원,2024,3,1,0,0.0,1,0.3333333333333333
부산,서구,상급종합병원,2025,3,0,0,0.0,0,0.0
부산,서구,의원,2007,64,,6,0.09375,,
부산,서구,의원,2008,68,4,6,0.08823529411764706,10,0.14705882352941177
부산,서구,의원,2009,65,-3,2,0.03076923076923077,-1,-0.015384615384615385
부산,서구,의원,2010,64,-1,5,0.078125,4,0.0625
부산,서구,의원,2011,60,-4,6,0.1,2,0.03333333333333333
부산,서구,의원,2012,60,0,3,0.05,3,0.05
부산,서구,의원,2013,58,-2,0,0.0,-2,-0.034482758620689655
부산,서구,의원,2014,59,1,3,0.05084745762711865,4,0.06779661016949153
부산,서구,의원,2015,57,-2,2,0.03508771929824561,0,0.0
부산,서구,의원,2016,59,2,1,0.01694915254237288,3,0.05084745762711865
부산,서구,의원,2017,63,4,3,0.047619047619047616,7,0.1111111111111111
부산,서구,의원,2018,62,-1,5,0.08064516129032258,4,0.06451612903225806
부산,서구,의원,2019,61,-1,2,0.03278688524590164,1,0.01639344262295082
부산,서구,의원,2020,60,-1,1,0.016666666666666666,0,0.0
부산,서구,의원,2021,60,0,0,0.0,0,0.0
부산,서구,의원,2022,62,2,0,0.0,2,0.03225806451612903
부산,서구,의원,2023,62,0,2,0.03225806451612903,2,0.03225806451612903
부산,서구,의원,2024,63,1,4,0.06349206349206349,5,0.07936507936507936
부산,서구,의원,2025,60,-3,1,0.016666666666666666,-2,-0.03333333333333333
부산,서구,종합병원,2007,1,,0,0.0,,
부산,서구,종합병원,2008,1,0,0,0.0,0,0.0
부산,서구,종합병원,2009,1,0,0,0.0,0,0.0
부산,서구,종합병원,2010,1,0,0,0.0,0,0.0
부산,서구,종합병원,2011,1,0,0,0.0,0,0.0
부산,서구,종합병원,2012,1,0,0,0.0,0,0.0
부산,서구,종합병원,2013,1,0,0,0.0,0,0.0
부산,서구,종합병원,2014,1,0,0,0.0,0,0.0
부산,서구,종합병원,2015,1,0,0,0.0,0,0.0
부산,서구,종합병원,2016,1,0,0,0.0,0,0.0
부산,서구,종합병원,2017,1,0,0,0.0,0,0.0
부산,서구,종합병원,2018,1,0,0,0.0,0,0.0
부산,서구,종합병원,2019,1,0,0,0.0,0,0.0
부산,서구,종합병원,2020,1,0,0,0.0,0,0.0
부산,서구,종합병원,2021,2,1,0,0.0,1,0.5
부산,서구,종합병원,2022,2,0,0,0.0,0,0.0
부산,서구,종합병원,2023,2,0,0,0.0,0,0.0
부산,서구,종합병원,2024,1,-1,0,0.0,-1,-1.0
부산,서구,종합병원,2025,1,0,0,0.0,0,0.0
부산,수영구,병원,2007,6,,1,0.16666666666666666,,
부산,수영구,병원,2008,6,0,1,0.16666666666666666,1,0.16666666666666666
부산,수영구,병원,2009,7,1,2,0.2857142857142857,3,0.42857142857142855
부산,수영구,병원,2010,9,2,2,0.2222222222222222,4,0.4444444444444444
부산,수영구,병원,2011,9,0,0,0.0,0,0.0
부산,수영구,병원,2012,10,1,3,0.3,4,0.4
부산,수영구,병원,2013,8,-2,0,0.0,-2,-0.25
부산,수영구,병원,2014,8,0,0,0.0,0,0.0
부산,수영구,병원,2015,8,0,0,0.0,0,0.0
부산,수영구,병원,2016,8,0,0,0.0,0,0.0
부산,수영구,병원,2017,10,2,1,0.1,3,0.3
부산,수영구,병원,2018,9,-1,2,0.2222222222222222,1,0.1111111111111111
부산,수영구,병원,2019,9,0,1,0.1111111111111111,1,0.1111111111111111
부산,수영구,병원,2020,9,0,0,0.0,0,0.0
부산,수영구,병원,2021,9,0,0,0.0,0,0.0
부산,수영구,병원,2022,8,-1,3,0.375,2,0.25
부산,수영구,병원,2023,7,-1,1,0.14285714285714285,0,0.0
부산,수영구,병원,2024,6,-1,0,0.0,-1,-0.16666666666666666
부산,수영구,병원,2025,6,0,0,0.0,0,0.0
부산,수영구,상급종합병원,2007,0,,0,,,
부산,수영구,상급종합병원,2008,0,0,0,,0,
부산,수영구,상급종합병원,2009,0,0,0,,0,
부산,수영구,상급종합병원,2010,0,0,0,,0,
부산,수영구,상급종합병원,2011,0,0,0,,0,
부산,수영구,상급종합병원,2012,0,0,0,,0,
부산,수영구,상급종합병원,2013,0,0,0,,0,
부산,수영구,상급종합병원,2014,0,0,0,,0,
부산,수영구,상급종합병원,2015,0,0,0,,0,
부산,수영구,상급종합병원,2016,0,0,0,,0,
부산,수영구,상급종합병원,2017,0,0,0,,0,
부산,수영구,상급종합병원,2018,0,0,0,,0,
부산,수영구,상급종합병원,2019,0,0,0,,0,
부산,수영구,상급종합병원,2020,0,0,0,,0,
부산,수영구,상급종합병원,2021,0,0,0,,0,
부산,수영구,상급종합병원,2022,0,0,0,,0,
부산,수영구,상급종합병원,2023,0,0,0,,0,
부산,수영구,상급종합병원,2024,0,0,0,,0,
부산,수영구,상급종합병원,2025,0,0,0,,0,
부산,수영구,의원,2007,101,,10,0.09900990099009901,,
부산,수영구,의원,2008,101,0,6,0.0594059405940594,6,0.0594059405940594
부산,수영구,의원,2009,101,0,5,0.04950495049504951,5,0.04950495049504951
부산,수영구,의원,2010,99,-2,8,0.08080808080808081,6,0.06060606060606061
부산,수영구,의원,2011,102,3,7,0.06862745098039216,10,0.09803921568627451
부산,수영구,의원,2012,104,2,3,0.028846153846153848,5,0.04807692307692308
부산,수영구,의원,2013,104,0,2,0.019230769230769232,2,0.019230769230769232
부산,수영구,의원,2014,105,1,9,0.08571428571428572,10,0.09523809523809523
부산,수영구,의원,2015,106,1,3,0.02830188679245283,4,0.03773584905660377
부산,수영구,의원,2016,110,4,5,0.045454545454545456,9,0.08181818181818182
부산,수영구,의원,2017,110,0,4,0.03636363636363636,4,0.03636363636363636
부산,수영구,의원,2018,114,4,1,0.008771929824561403,5,0.043859649122807015
부산,수영구,의원,2019,122,8,3,0.02459016393442623,11,0.09016393442622951
부산,수영구,의원,2020,125,3,2,0.016,5,0.04
부산,수영구,의원,2021,130,5,0,0.0,5,0.038461538461538464
부산,수영구,의원,2022,136,6,5,0.03676470588235294,11,0.08088235294117647
부산,수영구,의원,2023,142,6,7,0.04929577464788732,13,0.09154929577464789
부산,수영구,의원,2024,142,0,6,0.04225352112676056,6,0.04225352112676056
부산,수영구,의원,2025,147,5,5,0.034013605442176874,10,0.06802721088435375
부산,수영구,종합병원,2007,2,,0,0.0,,
부산,수영구,종합병원,2008,2,0,0,0.0,0,0.0
부산,수영구,종합병원,2009,2,0,0,0.0,0,0.0
부산,수영구,종합병원,2010,2,0,0,0.0,0,0.0
부산,수영구,종합병원,2011,2,0,0,0.0,0,0.0
부산,수영구,종합병원,2012,2,0,0,0.0,0,0.0
부산,수영구,종합병원,2013,2,0,0,0.0,0,0.0
부산,수영구,종합병원,2014,2,0,0,0.0,0,0.0
부산,수영구,종합병원,2015,2,0,0,0.0,0,0.0
부산,수영구,종합병원,2016,2,0,0,0.0,0,0.0
부산,수영구,종합병원,2017,2,0,0,0.0,0,0.0
부산,수영구,종합병원,2018,2,0,0,0.0,0,0.0
부산,수영구,종합병원,2019,2,0,0,0.0,0,0.0
부산,수영구,종합병원,2020,2,0,0,0.0,0,0.0
부산,수영구,종합병원,2021,2,0,0,0.0,0,0.0
부산,수영구,종합병원,2022,2,0,0,0.0,0,0.0
부산,수영구,종합병원,2023,2,0,0,0.0,0,0.0
부산,수영구,종합병원,2024,3,1,0,0.0,1,0.3333333333333333
부산,수영구,종합병원,2025,3,0,0,0.0,0,0.0
부산,연제구,병원,2007,5,,0,0.0,,
부산,연제구,병원,2008,5,0,2,0.4,2,0.4
부산,연제구,병원,2009,5,0,1,0.2,1,0.2
부산,연제구,병원,2010,6,1,0,0.0,1,0.16666666666666666
부산,연제구,병원,2011,7,1,1,0.14285714285714285,2,0.2857142857142857
부산,연제구,병원,2012,5,-2,1,0.2,-1,-0.2
부산,연제구,병원,2013,6,1,0,0.0,1,0.16666666666666666
부산,연제구,병원,2014,8,2,1,0.125,3,0.375
부산,연제구,병원,2015,10,2,3,0.3,5,0.5
부산,연제구,병원,2016,9,-1,0,0.0,-1,-0.1111111111111111
부산,연제구,병원,2017,10,1,1,0.1,2,0.2
부산,연제구,병원,2018,10,0,0,0.0,0,0.0
부산,연제구,병원,2019,10,0,1,0.1,1,0.1
부산,연제구,병원,2020,10,0,1,0.1,1,0.1
부산,연제구,병원,2021,10,0,1,0.1,1,0.1
부산,연제구,병원,2022,10,0,2,0.2,2,0.2
부산,연제구,병원,2023,12,2,0,0.0,2,0.16666666666666666
부산,연제구,병원,2024,13,1,0,0.0,1,0.07692307692307693
부산,연제구,병원,2025,12,-1,2,0.16666666666666666,1,0.08333333333333333
부산,연제구,상급종합병원,2007,0,,0,,,
부산,연제구,상급종합병원,2008,0,0,0,,0,
부산,연제구,상급종합병원,2009,0,0,0,,0,
부산,연제구,상급종합병원,2010,0,0,0,,0,
부산,연제구,상급종합병원,2011,0,0,0,,0,
부산,연제구,상급종합병원,2012,0,0,0,,0,
부산,연제구,상급종합병원,2013,0,0,0,,0,
부산,연제구,상급종합병원,2014,0,0,0,,0,
부산,연제구,상급종합병원,2015,0,0,0,,0,
부산,연제구,상급종합병원,2016,0,0,0,,0,
부산,연제구,상급종합병원,2017,0,0,0,,0,
부산,연제구,상급종합병원,2018,0,0,0,,0,
부산,연제구,상급종합병원,2019,0,0,0,,0,
부산,연제구,상급종합병원,2020,0,0,0,,0,
부산,연제구,상급종합병원,2021,0,0,0,,0,
부산,연제구,상급종합병원,2022,0,0,0,,0,
부산,연제구,상급종합병원,2023,0,0,0,,0,
부산,연제구,상급종합병원,2024,0,0,0,,0,
부산,연제구,상급종합병원,2025,0,0,0,,0,
부산,연제구,의원,2007,149,,10,0.06711409395973154,,
부산,연제구,의원,2008,141,-8,9,0.06382978723404255,1,0.0070921985815602835
부산,연제구,의원,2009,137,-4,5,0.0364963503649635,1,0.0072992700729927005
부산,연제구,의원,2010,140,3,7,0.05,10,0.07142857142857142
부산,연제구,의원,2011,138,-2,8,0.057971014492753624,6,0.043478260869565216
부산,연제구,의원,2012,135,-3,8,0.05925925925925926,5,0.037037037037037035
부산,연제구,의원,2013,138,3,4,0.028985507246376812,7,0.050724637681159424
부산,연제구,의원,2014,138,0,4,0.028985507246376812,4,0.028985507246376812
부산,연제구,의원,2015,140,2,5,0.03571428571428571,7,0.05
부산,연제구,의원,2016,145,5,4,0.027586206896551724,9,0.06206896551724138
부산,연제구,의원,2017,149,4,1,0.006711409395973154,5,0.03355704697986577
부산,연제구,의원,2018,153,4,3,0.0196078431372549,7,0.0457516339869281
부산,연제구,의원,2019,151,-2,2,0.013245033112582781,0,0.0
부산,연제구,의원,2020,153,2,7,0.0457516339869281,9,0.058823529411764705
부산,연제구,의원,2021,161,8,2,0.012422360248447204,10,0.062111801242236024
부산,연제구,의원,2022,169,8,3,0.01775147928994083,11,0.0650887573964497
부산,연제구,의원,2023,181,12,9,0.049723756906077346,21,0.11602209944751381
부산,연제구,의원,2024,184,3,5,0.02717391304347826,8,0.043478260869565216
부산,연제구,의원,2025,189,5,5,0.026455026455026454,10,0.05291005291005291
부산,연제구,종합병원,2007,1,,0,0.0,,
부산,연제구,종합병원,2008,1,0,0,0.0,0,0.0
부산,연제구,종합병원,2009,1,0,0,0.0,0,0.0
부산,연제구,종합병원,2010,1,0,0,0.0,0,0.0
부산,연제구,종합병원,2011,1,0,0,0.0,0,0.0
부산,연제구,종합병원,2012,1,0,0,0.0,0,0.0
부산,연제구,종합병원,2013,1,0,0,0.0,0,0.0
부산,연제구,종합병원,2014,1,0,0,0.0,0,0.0
부산,연제구,종합병원,2015,1,0,0,0.0,0,0.0
부산,연제구,종합병원,2016,1,0,0,0.0,0,0.0
부산,연제구,종합병원,2017,1,0,0,0.0,0,0.0
부산,연제구,종합병원,2018,1,0,0,0.0,0,0.0
부산,연제구,종합병원,2019,1,0,0,0.0,0,0.0
부산,연제구,종합병원,2020,1,0,0,0.0,0,0.0
부산,연제구,종합병원,2021,1,0,0,0.0,0,0.0
부산,연제구,종합병원,2022,1,0,0,0.0,0,0.0
부산,연제구,종합병원,2023,1,0,0,0.0,0,0.0
부산,연제구,종합병원,2024,1,0,0,0.0,0,0.0
부산,연제구,종합병원,2025,1,0,0,0.0,0,0.0
부산,영도구,병원,2007,0,,0,,,
부산,영도구,병원,2008,0,0,0,,0,
부산,영도구,병원,2009,0,0,0,,0,
부산,영도구,병원,2010,0,0,0,,0,
부산,영도구,병원,2011,0,0,0,,0,
부산,영도구,병원,2012,0,0,0,,0,
부산,영도구,병원,2013,0,0,0,,0,
부산,영도구,병원,2014,0,0,0,,0,
부산,영도구,병원,2015,0,0,0,,0,
부산,영도구,병원,2016,0,0,0,,0,
부산,영도구,병원,2017,1,1,0,0.0,1,1.0
부산,영도구,병원,2018,1,0,1,1.0,1,1.0
부산,영도구,병원,2019,1,0,0,0.0,0,0.0
부산,영도구,병원,2020,2,1,0,0.0,1,0.5
부산,영도구,병원,2021,2,0,0,0.0,0,0.0
부산,영도구,병원,2022,2,0,0,0.0,0,0.0
부산,영도구,병원,2023,2,0,0,0.0,0,0.0
부산,영도구,병원,2024,2,0,0,0.0,0,0.0
부산,영도구,병원,2025,2,0,0,0.0,0,0.0
부산,영도구,상급종합병원,2007,0,,0,,,
부산,영도구,상급종합병원,2008,0,0,0,,0,
부산,영도구,상급종합병원,2009,0,0,0,,0,
부산,영도구,상급종합병원,2010,0,0,0,,0,
부산,영도구,상급종합병원,2011,0,0,0,,0,
부산,영도구,상급종합병원,2012,0,0,0,,0,
부산,영도구,상급종합병원,2013,0,0,0,,0,
부산,영도구,상급종합병원,2014,0,0,0,,0,
부산,영도구,상급종합병원,2015,0,0,0,,0,
부산,영도구,상급종합병원,2016,0,0,0,,0,
부산,영도구,상급종합병원,2017,0,0,0,,0,
부산,영도구,상급종합병원,2018,0,0,0,,0,
부산,영도구,상급종합병원,2019,0,0,0,,0,
부산,영도구,상급종합병원,2020,0,0,0,,0,
부산,영도구,상급종합병원,2021,0,0,0,,0,
부산,영도구,상급종합병원,2022,0,0,0,,0,
부산,영도구,상급종합병원,2023,0,0,0,,0,
부산,영도구,상급종합병원,2024,0,0,0,,0,
부산,영도구,상급종합병원,2025,0,0,0,,0,
부산,영도구,의원,2007,85,,4,0.047058823529411764,,
부산,영도구,의원,2008,84,-1,4,0.047619047619047616,3,0.03571428571428571
부산,영도구,의원,2009,84,0,4,0.047619047619047616,4,0.047619047619047616
부산,영도구,의원,2010,84,0,4,0.047619047619047616,4,0.047619047619047616
부산,영도구,의원,2011,81,-3,11,0.13580246913580246,8,0.09876543209876543
부산,영도구,의원,2012,77,-4,6,0.07792207792207792,2,0.025974025974025976
부산,영도구,의원,2013,74,-3,5,0.06756756756756757,2,0.02702702702702703
부산,영도구,의원,2014,72,-2,3,0.041666666666666664,1,0.013888888888888888
부산,영도구,의원,2015,74,2,1,0.013513513513513514,3,0.04054054054054054
부산,영도구,의원,2016,73,-1,2,0.0273972602739726,1,0.0136986301369863
부산,영도구,의원,2017,76,3,3,0.039473684210526314,6,0.07894736842105263
부산,영도구,의원,2018,73,-3,3,0.0410958904109589,0,0.0
부산,영도구,의원,2019,73,0,2,0.0273972602739726,2,0.0273972602739726
부산,영도구,의원,2020,74,1,1,0.013513513513513514,2,0.02702702702702703
부산,영도구,의원,2021,71,-3,5,0.07042253521126761,2,0.028169014084507043
부산,영도구,의원,2022,69,-2,3,0.043478260869565216,1,0.014492753623188406
부산,영도구,의원,2023,72,3,2,0.027777777777777776,5,0.06944444444444445
부산,영도구,의원,2024,70,-2,0,0.0,-2,-0.02857142857142857
부산,영도구,의원,2025,71,1,5,0.07042253521126761,6,0.08450704225352113
부산,영도구,종합병원,2007,2,,0,0.0,,
부산,영도구,종합병원,2008,2,0,0,0.0,0,0.0
부산,영도구,종합병원,2009,2,0,0,0.0,0,0.0
부산,영도구,종합병원,2010,2,0,0,0.0,0,0.0
부산,영도구,종합병원,2011,2,0,0,0.0,0,0.0
부산,영도구,종합병원,2012,2,0,0,0.0,0,0.0
부산,영도구,종합병원,2013,2,0,0,0.0,0,0.0
부산,영도구,종합병원,2014,2,0,0,0.0,0,0.0
부산,영도구,종합병원,2015,2,0,0,0.0,0,0.0
부산,영도구,종합병원,2016,2,0,0,0.0,0,0.0
부산,영도구,종합병원,2017,2,0,0,0.0,0,0.0
부산,영도구,종합병원,2018,2,0,0,0.0,0,0.0
부산,영도구,종합병원,2019,2,0,0,0.0,0,0.0
부산,영도구,종합병원,2020,2,0,0,0.0,0,0.0
부산,영도구,종합병원,2021,2,0,1,0.5,1,0.5
부산,영도구,종합병원,2022,2,0,0,0.0,0,0.0
부산,영도구,종합병원,2023,2,0,0,0.0,0,0.0
부산,영도구,종합병원,2024,2,0,0,0.0,0,0.0
부산,영도구,종합병원,2025,2,0,0,0.0,0,0.0
부산,중구,병원,2007,2,,0,0.0,,
부산,중구,병원,2008,2,0,0,0.0,0,0.0
부산,중구,병원,2009,2,0,0,0.0,0,0.0
부산,중구,병원,2010,2,0,1,0.5,1,0.5
부산,중구,병원,2011,1,-1,3,3.0,2,2.0
부산,중구,병원,2012,1,0,0,0.0,0,0.0
부산,중구,병원,2013,1,0,0,0.0,0,0.0
부산,중구,병원,2014,1,0,0,0.0,0,0.0
부산,중구,병원,2015,1,0,0,0.0,0,0.0
부산,중구,병원,2016,1,0,0,0.0,0,0.0
부산,중구,병원,2017,2,1,0,0.0,1,0.5
부산,중구,병원,2018,2,0,0,0.0,0,0.0
부산,중구,병원,2019,2,0,1,0.5,1,0.5
부산,중구,병원,2020,2,0,0,0.0,0,0.0
부산,중구,병원,2021,2,0,0,0.0,0,0.0
부산,중구,병원,2022,2,0,0,0.0,0,0.0
부산,중구,병원,2023,2,0,0,0.0,0,0.0
부산,중구,병원,2024,2,0,1,0.5,1,0.5
부산,중구,병원,2025,1,-1,0,0.0,-1,-1.0
부산,중구,상급종합병원,2007,0,,0,,,
부산,중구,상급종합병원,2008,0,0,0,,0,
부산,중구,상급종합병원,2009,0,0,0,,0,
부산,중구,상급종합병원,2010,0,0,0,,0,
부산,중구,상급종합병원,2011,0,0,0,,0,
부산,중구,상급종합병원,2012,0,0,0,,0,
부산,중구,상급종합병원,2013,0,0,0,,0,
부산,중구,상급종합병원,2014,0,0,0,,0,
부산,중구,상급종합병원,2015,0,0,0,,0,
부산,중구,상급종합병원,2016,0,0,0,,0,
부산,중구,상급종합병원,2017,0,0,0,,0,
부산,중구,상급종합병원,2018,0,0,0,,0,
부산,중구,상급종합병원,2019,0,0,0,,0,
부산,중구,상급종합병원,2020,0,0,0,,0,
부산,중구,상급종합병원,2021,0,0,0,,0,
부산,중구,상급종합병원,2022,0,0,0,,0,
부산,중구,상급종합병원,2023,0,0,0,,0,
부산,중구,상급종합병원,2024,0,0,0,,0,
부산,중구,상급종합병원,2025,0,0,0,,0,
부산,중구,의원,2007,86,,8,0.09302325581395349,,
부산,중구,의원,2008,80,-6,4,0.05,-2,-0.025
부산,중구,의원,2009,78,-2,6,0.07692307692307693,4,0.05128205128205128
부산,중구,의원,2010,76,-2,6,0.07894736842105263,4,0.05263157894736842
부산,중구,의원,2011,74,-2,7,0.0945945945945946,5,0.06756756756756757
부산,중구,의원,2012,80,6,9,0.1125,15,0.1875
부산,중구,의원,2013,77,-3,4,0.05194805194805195,1,0.012987012987012988
부산,중구,의원,2014,77,0,3,0.03896103896103896,3,0.03896103896103896
부산,중구,의원,2015,75,-2,7,0.09333333333333334,5,0.06666666666666667
부산,중구,의원,2016,73,-2,5,0.0684931506849315,3,0.0410958904109589
부산,중구,의원,2017,71,-2,4,0.056338028169014086,2,0.028169014084507043
부산,중구,의원,2018,67,-4,2,0.029850746268656716,-2,-0.029850746268656716
부산,중구,의원,2019,69,2,3,0.043478260869565216,5,0.07246376811594203
부산,중구,의원,2020,69,0,0,0.0,0,0.0
부산,중구,의원,2021,69,0,4,0.057971014492753624,4,0.057971014492753624
부산,중구,의원,2022,67,-2,3,0.04477611940298507,1,0.014925373134328358
부산,중구,의원,2023,67,0,0,0.0,0,0.0
부산,중구,의원,2024,70,3,1,0.014285714285714285,4,0.05714285714285714
부산,중구,의원,2025,69,-1,2,0.028985507246376812,1,0.014492753623188406
부산,중구,종합병원,2007,1,,0,0.0,,
부산,중구,종합병원,2008,1,0,0,0.0,0,0.0
부산,중구,종합병원,2009,1,0,0,0.0,0,0.0
부산,중구,종합병원,2010,1,0,0,0.0,0,0.0
부산,중구,종합병원,2011,1,0,0,0.0,0,0.0
부산,중구,종합병원,2012,1,0,0,0.0,0,0.0
부산,중구,종합병원,2013,1,0,0,0.0,0,0.0
부산,중구,종합병원,2014,1,0,0,0.0,0,0.0
부산,중구,종합병원,2015,1,0,0,0.0,0,0.0
부산,중구,종합병원,2016,1,0,0,0.0,0,0.0
부산,중구,종합병원,2017,1,0,0,0.0,0,0.0
부산,중구,종합병원,2018,1,0,0,0.0,0,0.0
부산,중구,종합병원,2019,1,0,0,0.0,0,0.0
부산,중구,종합병원,2020,1,0,0,0.0,0,0.0
부산,중구,종합병원,2021,1,0,0,0.0,0,0.0
부산,중구,종합병원,2022,1,0,0,0.0,0,0.0
부산,중구,종합병원,2023,1,0,0,0.0,0,0.0
부산,중구,종합병원,2024,1,0,0,0.0,0,0.0
부산,중구,종합병원,2025,1,0,0,0.0,0,0.0
부산,해운대구,병원,2007,8,,1,0.125,,
부산,해운대구,병원,2008,8,0,0,0.0,0,0.0
부산,해운대구,병원,2009,10,2,1,0.1,3,0.3
부산,해운대구,병원,2010,10,0,3,0.3,3,0.3
부산,해운대구,병원,2011,14,4,5,0.35714285714285715,9,0.6428571428571429
부산,해운대구,병원,2012,15,1,1,0.06666666666666667,2,0.13333333333333333
부산,해운대구,병원,2013,15,0,1,0.06666666666666667,1,0.06666666666666667
부산,해운대구,병원,2014,14,-1,1,0.07142857142857142,0,0.0
부산,해운대구,병원,2015,13,-1,2,0.15384615384615385,1,0.07692307692307693
부산,해운대구,병원,2016,13,0,0,0.0,0,0.0
부산,해운대구,병원,2017,13,0,0,0.0,0,0.0
부산,해운대구,병원,2018,14,1,2,0.14285714285714285,3,0.21428571428571427
부산,해운대구,병원,2019,13,-1,0,0.0,-1,-0.07692307692307693
부산,해운대구,병원,2020,14,1,2,0.14285714285714285,3,0.21428571428571427
부산,해운대구,병원,2021,12,-2,1,0.08333333333333333,-1,-0.08333333333333333
부산,해운대구,병원,2022,13,1,0,0.0,1,0.07692307692307693
부산,해운대구,병원,2023,13,0,2,0.15384615384615385,2,0.15384615384615385
부산,해운대구,병원,2024,11,-2,2,0.18181818181818182,0,0.0
부산,해운대구,병원,2025,12,1,2,0.16666666666666666,3,0.25
부산,해운대구,상급종합병원,2007,0,,0,,,
부산,해운대구,상급종합병원,2008,0,0,0,,0,
부산,해운대구,상급종합병원,2009,0,0,0,,0,
부산,해운대구,상급종합병원,2010,0,0,0,,0,
부산,해운대구,상급종합병원,2011,0,0,0,,0,
부산,해운대구,상급종합병원,2012,0,0,0,,0,
부산,해운대구,상급종합병원,2013,0,0,0,,0,
부산,해운대구,상급종합병원,2014,0,0,0,,0,
부산,해운대구,상급종합병원,2015,0,0,0,,0,
부산,해운대구,상급종합병원,2016,0,0,0,,0,
부산,해운대구,상급종합병원,2017,0,0,0,,0,
부산,해운대구,상급종합병원,2018,0,0,0,,0,
부산,해운대구,상급종합병원,2019,0,0,0,,0,
부산,해운대구,상급종합병원,2020,0,0,0,,0,
부산,해운대구,상급종합병원,2021,0,0,0,,0,
부산,해운대구,상급종합병원,2022,0,0,0,,0,
부산,해운대구,상급종합병원,2023,0,0,0,,0,
부산,해운대구,상급종합병원,2024,0,0,0,,0,
부산,해운대구,상급종합병원,2025,0,0,0,,0,
부산,해운대구,의원,2007,204,,13,0.06372549019607843,,
부산,해운대구,의원,2008,223,19,21,0.09417040358744394,40,0.17937219730941703
부산,해운대구,의원,2009,234,11,12,0.05128205128205128,23,0.09829059829059829
부산,해운대구,의원,2010,242,8,18,0.0743801652892562,26,0.10743801652892562
부산,해운대구,의원,2011,253,11,15,0.05928853754940711,26,0.10276679841897234
부산,해운대구,의원,2012,252,-1,14,0.05555555555555555,13,0.051587301587301584
부산,해운대구,의원,2013,259,7,7,0.02702702702702703,14,0.05405405405405406
부산,해운대구,의원,2014,269,10,8,0.02973977695167286,18,0.06691449814126393
부산,해운대구,의원,2015,277,8,12,0.04332129963898917,20,0.07220216606498195
부산,해운대구,의원,2016,281,4,15,0.05338078291814947,19,0.06761565836298933
부산,해운대구,의원,2017,294,13,12,0.04081632653061224,25,0.08503401360544217
부산,해운대구,의원,2018,303,9,12,0.039603960396039604,21,0.06930693069306931
부산,해운대구,의원,2019,314,11,8,0.025477707006369428,19,0.06050955414012739
부산,해운대구,의원,2020,326,12,15,0.046012269938650305,27,0.08282208588957055
부산,해운대구,의원,2021,329,3,12,0.0364741641337386,15,0.04559270516717325
부산,해운대구,의원,2022,339,10,13,0.038348082595870206,23,0.06784660766961652
부산,해운대구,의원,2023,351,12,8,0.022792022792022793,20,0.05698005698005698
부산,해운대구,의원,2024,360,9,15,0.041666666666666664,24,0.06666666666666667
부산,해운대구,의원,2025,369,9,14,0.037940379403794036,23,0.06233062330623306
부산,해운대구,종합병원,2007,0,,0,,,
부산,해운대구,종합병원,2008,0,0,0,,0,
부산,해운대구,종합병원,2009,0,0,0,,0,
부산,해운대구,종합병원,2010,1,1,0,0.0,1,1.0
부산,해운대구,종합병원,2011,1,0,0,0.0,0,0.0
부산,해운대구,종합병원,2012,1,0,0,0.0,0,0.0
부산,해운대구,종합병원,2013,1,0,0,0.0,0,0.0
부산,해운대구,종합병원,2014,1,0,0,0.0,0,0.0
부산,해운대구,종합병원,2015,1,0,0,0.0,0,0.0
부산,해운대구,종합병원,2016,2,1,0,0.0,1,0.5
부산,해운대구,종합병원,2017,2,0,0,0.0,0,0.0
부산,해운대구,종합병원,2018,2,0,0,0.0,0,0.0
부산,해운대구,종합병원,2019,2,0,0,0.0,0,0.0
부산,해운대구,종합병원,2020,2,0,0,0.0,0,0.0
부산,해운대구,종합병원,2021,2,0,0,0.0,0,0.0
부산,해운대구,종합병원,2022,2,0,0,0.0,0,0.0
부산,해운대구,종합병원,2023,2,0,0,0.0,0,0.0
부산,해운대구,종합병원,2024,2,0,0,0.0,0,0.0
부산,해운대구,종합병원,2025,2,0,0,0.0,0,0.0
서울,강남구,병원,2007,17,,0,0.0,,
서울,강남구,병원,2008,21,4,4,0.19047619047619047,8,0.38095238095238093
서울,강남구,병원,2009,23,2,1,0.043478260869565216,3,0.13043478260869565
서울,강남구,병원,2010,26,3,2,0.07692307692307693,5,0.19230769230769232
서울,강남구,병원,2011,26,0,0,0.0,0,0.0
서울,강남구,병원,2012,28,2,6,0.21428571428571427,8,0.2857142857142857
서울,강남구,병원,2013,30,2,2,0.06666666666666667,4,0.13333333333333333
서울,강남구,병원,2014,33,3,2,0.06060606060606061,5,0.15151515151515152
서울,강남구,병원,2015,33,0,3,0.09090909090909091,3,0.09090909090909091
서울,강남구,병원,2016,33,0,1,0.030303030303030304,1,0.030303030303030304
서울,강남구,병원,2017,32,-1,2,0.0625,1,0.03125
서울,강남구,병원,2018,33,1,2,0.06060606060606061,3,0.09090909090909091
서울,강남구,병원,2019,32,-1,2,0.0625,1,0.03125
서울,강남구,병원,2020,33,1,3,0.09090909090909091,4,0.12121212121212122
서울,강남구,병원,2021,33,0,1,0.030303030303030304,1,0.030303030303030304
서울,강남구,병원,2022,34,1,2,0.058823529411764705,3,0.08823529411764706
서울,강남구,병원,2023,33,-1,4,0.12121212121212122,3,0.09090909090909091
서울,강남구,병원,2024,35,2,1,0.02857142857142857,3,0.08571428571428572
서울,강남구,병원,2025,34,-1,1,0.029411764705882353,0,0.0
서울,강남구,상급종합병원,2007,2,,0,0.0,,
서울,강남구,상급종합병원,2008,2,0,0,0.0,0,0.0
서울,강남구,상급종합병원,2009,2,0,0,0.0,0,0.0
서울,강남구,상급종합병원,2010,2,0,0,0.0,0,0.0
서울,강남구,상급종합병원,2011,2,0,0,0.0,0,0.0
서울,강남구,상급종합병원,2012,2,0,0,0.0,0,0.0
서울,강남구,상급종합병원,2013,2,0,0,0.0,0,0.0
서울,강남구,상급종합병원,2014,2,0,0,0.0,0,0.0
서울,강남구,상급종합병원,2015,2,0,0,0.0,0,0.0
서울,강남구,상급종합병원,2016,2,0,0,0.0,0,0.0
서울,강남구,상급종합병원,2017,2,0,0,0.0,0,0.0
서울,강남구,상급종합병원,2018,2,0,0,0.0,0,0.0
서울,강남구,상급종합병원,2019,2,0,0,0.0,0,0.0
서울,강남구,상급종합병원,2020,2,0,0,0.0,0,0.0
서울,강남구,상급종합병원,2021,2,0,0,0.0,0,0.0
서울,강남구,상급종합병원,2022,2,0,0,0.0,0,0.0
서울,강남구,상급종합병원,2023,2,0,0,0.0,0,0.0
서울,강남구,상급종합병원,2024,2,0,0,0.0,0,0.0
서울,강남구,상급종합병원,2025,2,0,0,0.0,0,0.0
서울,강남구,의원,2007,928,,63,0.06788793103448276,,
서울,강남구,의원,2008,999,71,55,0.055055055055055056,126,0.12612612612612611
서울,강남구,의원,2009,1097,98,58,0.0528714676390155,156,0.1422060164083865
서울,강남구,의원,2010,1176,79,72,0.061224489795918366,151,0.1284013605442177
서울,강남구,의원,2011,1286,110,76,0.05909797822706065,186,0.14463452566096424
서울,강남구,의원,2012,1277,-9,78,0.06108065779169929,69,0.05403288958496476
서울,강남구,의원,2013,1322,45,66,0.049924357034795766,111,0.08396369137670197
서울,강남구,의원,2014,1352,30,71,0.05251479289940828,101,0.07470414201183433
서울,강남구,의원,2015,1399,47,72,0.05146533238027162,119,0.08506075768406005
서울,강남구,의원,2016,1449,50,85,0.05866114561766736,135,0.09316770186335403
서울,강남구,의원,2017,1468,19,76,0.051771117166212535,95,0.06471389645776567
서울,강남구,의원,2018,1538,70,76,0.0494148244473342,146,0.09492847854356307
서울,강남구,의원,2019,1592,54,73,0.04585427135678392,127,0.07977386934673367
서울,강남구,의원,2020,1653,61,80,0.04839685420447671,141,0.0852994555353902
서울,강남구,의원,2021,1714,61,77,0.044924154025670945,138,0.08051341890315053
서울,강남구,의원,2022,1801,87,65,0.03609106052193226,152,0.0843975569128262
서울,강남구,의원,2023,1852,51,62,0.03347732181425486,113,0.06101511879049676
서울,강남구,의원,2024,1911,59,62,0.032443746729461015,121,0.06331763474620618
서울,강남구,의원,2025,2021,110,85,0.042058386937159825,195,0.09648688767936665
서울,강남구,종합병원,2007,4,,0,0.0,,
서울,강남구,종합병원,2008,4,0,0,0.0,0,0.0
서울,강남구,종합병원,2009,4,0,0,0.0,0,0.0
서울,강남구,종합병원,2010,4,0,0,0.0,0,0.0
서울,강남구,종합병원,2011,3,-1,1,0.3333333333333333,0,0.0
서울,강남구,종합병원,2012,3,0,0,0.0,0,0.0
서울,강남구,종합병원,2013,3,0,1,0.3333333333333333,1,0.3333333333333333
서울,강남구,종합병원,2014,2,-1,0,0.0,-1,-0.5
서울,강남구,종합병원,2015,2,0,0,0.0,0,0.0
서울,강남구,종합병원,2016,2,0,1,0.5,1,0.5
서울,강남구,종합병원,2017,2,0,0,0.0,0,0.0
서울,강남구,종합병원,2018,2,0,0,0.0,0,0.0
서울,강남구,종합병원,2019,2,0,0,0.0,0,0.0
서울,강남구,종합병원,2020,2,0,0,0.0,0,0.0
서울,강남구,종합병원,2021,1,-1,0,0.0,-1,-1.0
서울,강남구,종합병원,2022,1,0,0,0.0,0,0.0
서울,강남구,종합병원,2023,1,0,0,0.0,0,0.0
서울,강남구,종합병원,2024,2,1,0,0.0,1,0.5
서울,강남구,종합병원,2025,2,0,0,0.0,0,0.0
서울,강동구,병원,2007,6,,1,0.16666666666666666,,
서울,강동구,병원,2008,7,1,0,0.0,1,0.14285714285714285
서울,강동구,병원,2009,8,1,1,0.125,2,0.25
서울,강동구,병원,2010,8,0,1,0.125,1,0.125
서울,강동구,병원,2011,8,0,0,0.0,0,0.0
서울,강동구,병원,2012,10,2,2,0.2,4,0.4
서울,강동구,병원,2013,13,3,1,0.07692307692307693,4,0.3076923076923077
서울,강동구,병원,2014,12,-1,1,0.08333333333333333,0,0.0
서울,강동구,병원,2015,14,2,2,0.14285714285714285,4,0.2857142857142857
서울,강동구,병원,2016,14,0,0,0.0,0,0.0
서울,강동구,병원,2017,15,1,1,0.06666666666666667,2,0.13333333333333333
서울,강동구,병원,2018,15,0,1,0.06666666666666667,1,0.06666666666666667
서울,강동구,병원,2019,15,0,0,0.0,0,0.0
서울,강동구,병원,2020,15,0,0,0.0,0,0.0
서울,강동구,병원,2021,14,-1,1,0.07142857142857142,0,0.0
서울,강동구,병원,2022,14,0,0,0.0,0,0.0
서울,강동구,병원,2023,15,1,0,0.0,1,0.06666666666666667
서울,강동구,병원,2024,15,0,1,0.06666666666666667,1,0.06666666666666667
서울,강동구,병원,2025,15,0,0,0.0,0,0.0
서울,강동구,상급종합병원,2007,1,,0,0.0,,
서울,강동구,상급종합병원,2008,1,0,0,0.0,0,0.0
서울,강동구,상급종합병원,2009,0,-1,0,,-1,
서울,강동구,상급종합병원,2010,0,0,0,,0,
서울,강동구,상급종합병원,2011,0,0,0,,0,
서울,강동구,상급종합병원,2012,0,0,0,,0,
서울,강동구,상급종합병원,2013,0,0,0,,0,
서울,강동구,상급종합병원,2014,0,0,0,,0,
서울,강동구,상급종합병원,2015,0,0,0,,0,
서울,강동구,상급종합병원,2016,0,0,0,,0,
서울,강동구,상급종합병원,2017,0,0,0,,0,
서울,강동구,상급종합병원,2018,0,0,0,,0,
서울,강동구,상급종합병원,2019,0,0,0,,0,
서울,강동구,상급종합병원,2020,0,0,0,,0,
서울,강동구,상급종합병원,2021,0,0,0,,0,
서울,강동구,상급종합병원,2022,0,0,0,,0,
서울,강동구,상급종합병원,2023,0,0,0,,0,
서울,강동구,상급종합병원,2024,0,0,0,,0,
서울,강동구,상급종합병원,2025,0,0,0,,0,
서울,강동구,의원,2007,291,,16,0.054982817869415807,,
서울,강동구,의원,2008,300,9,20,0.06666666666666667,29,0.09666666666666666
서울,강동구,의원,2009,307,7,10,0.03257328990228013,17,0.05537459283387622
서울,강동구,의원,2010,317,10,11,0.03470031545741325,21,0.06624605678233439
서울,강동구,의원,2011,324,7,20,0.06172839506172839,27,0.08333333333333333
서울,강동구,의원,2012,326,2,13,0.03987730061349693,15,0.046012269938650305
서울,강동구,의원,2013,325,-1,11,0.033846153846153845,10,0.03076923076923077
서울,강동구,의원,2014,334,9,12,0.03592814371257485,21,0.06287425149700598
서울,강동구,의원,2015,336,2,17,0.050595238095238096,19,0.05654761904761905
서울,강동구,의원,2016,335,-1,11,0.03283582089552239,10,0.029850746268656716
서울,강동구,의원,2017,341,6,12,0.03519061583577713,18,0.05278592375366569
서울,강동구,의원,2018,345,4,14,0.04057971014492753,18,0.05217391304347826
서울,강동구,의원,2019,346,1,11,0.031791907514450865,12,0.03468208092485549
서울,강동구,의원,2020,362,16,8,0.022099447513812154,24,0.06629834254143646
서울,강동구,의원,2021,386,24,7,0.018134715025906734,31,0.08031088082901554
서울,강동구,의원,2022,398,12,17,0.04271356783919598,29,0.0728643216080402
서울,강동구,의원,2023,412,14,12,0.02912621359223301,26,0.06310679611650485
서울,강동구,의원,2024,418,6,10,0.023923444976076555,16,0.03827751196172249
서울,강동구,의원,2025,450,32,5,0.011111111111111112,37,0.08222222222222222
서울,강동구,종합병원,2007,2,,0,0.0,,
서울,강동구,종합병원,2008,2,0,0,0.0,0,0.0
서울,강동구,종합병원,2009,3,1,0,0.0,1,0.3333333333333333
서울,강동구,종합병원,2010,3,0,0,0.0,0,0.0
서울,강동구,종합병원,2011,3,0,0,0.0,0,0.0
서울,강동구,종합병원,2012,3,0,0,0.0,0,0.0
서울,강동구,종합병원,2013,3,0,0,0.0,0,0.0
서울,강동구,종합병원,2014,3,0,0,0.0,0,0.0
서울,강동구,종합병원,2015,3,0,0,0.0,0,0.0
서울,강동구,종합병원,2016,3,0,0,0.0,0,0.0
서울,강동구,종합병원,2017,3,0,0,0.0,0,0.0
서울,강동구,종합병원,2018,3,0,0,0.0,0,0.0
서울,강동구,종합병원,2019,3,0,0,0.0,0,0.0
서울,강동구,종합병원,2020,3,0,0,0.0,0,0.0
서울,강동구,종합병원,2021,3,0,0,0.0,0,0.0
서울,강동구,종합병원,2022,3,0,0,0.0,0,0.0
서울,강동구,종합병원,2023,3,0,0,0.0,0,0.0
서울,강동구,종합병원,2024,3,0,0,0.0,0,0.0
서울,강동구,종합병원,2025,3,0,0,0.0,0,0.0
서울,강북구,병원,2007,6,,0,0.0,,
서울,강북구,병원,2008,6,0,0,0.0,0,0.0
서울,강북구,병원,2009,7,1,0,0.0,1,0.14285714285714285
서울,강북구,병원,2010,8,1,0,0.0,1,0.125
서울,강북구,병원,2011,9,1,1,0.1111111111111111,2,0.2222222222222222
서울,강북구,병원,2012,9,0,3,0.3333333333333333,3,0.3333333333333333
서울,강북구,병원,2013,10,1,0,0.0,1,0.1
서울,강북구,병원,2014,10,0,2,0.2,2,0.2
서울,강북구,병원,2015,9,-1,1,0.1111111111111111,0,0.0
서울,강북구,병원,2016,8,-1,0,0.0,-1,-0.125
서울,강북구,병원,2017,8,0,0,0.0,0,0.0
서울,강북구,병원,2018,8,0,0,0.0,0,0.0
서울,강북구,병원,2019,8,0,0,0.0,0,0.0
서울,강북구,병원,2020,9,1,0,0.0,1,0.1111111111111111
서울,강북구,병원,2021,10,1,2,0.2,3,0.3
서울,강북구,병원,2022,8,-2,0,0.0,-2,-0.25
서울,강북구,병원,2023,9,1,0,0.0,1,0.1111111111111111
서울,강북구,병원,2024,9,0,0,0.0,0,0.0
서울,강북구,병원,2025,9,0,1,0.1111111111111111,1,0.1111111111111111
서울,강북구,상급종합병원,2007,0,,0,,,
서울,강북구,상급종합병원,2008,0,0,0,,0,
서울,강북구,상급종합병원,2009,0,0,0,,0,
서울,강북구,상급종합병원,2010,0,0,0,,0,
서울,강북구,상급종합병원,2011,0,0,0,,0,
서울,강북구,상급종합병원,2012,0,0,0,,0,
서울,강북구,상급종합병원,2013,0,0,0,,0,
서울,강북구,상급종합병원,2014,0,0,0,,0,
서울,강북구,상급종합병원,2015,0,0,0,,0,
서울,강북구,상급종합병원,2016,0,0,0,,0,
서울,강북구,상급종합병원,2017,0,0,0,,0,
서울,강북구,상급종합병원,2018,0,0,0,,0,
서울,강북구,상급종합병원,2019,0,0,0,,0,
서울,강북구,상급종합병원,2020,0,0,0,,0,
서울,강북구,상급종합병원,2021,0,0,0,,0,
서울,강북구,상급종합병원,2022,0,0,0,,0,
서울,강북구,상급종합병원,2023,0,0,0,,0,
서울,강북구,상급종합병원,2024,0,0,0,,0,
서울,강북구,상급종합병원,2025,0,0,0,,0,
서울,강북구,의원,2007,216,,10,0.046296296296296294,,
서울,강북구,의원,2008,218,2,11,0.05045871559633028,13,0.05963302752293578
서울,강북구,의원,2009,212,-6,8,0.03773584905660377,2,0.009433962264150943
서울,강북구,의원,2010,221,9,15,0.06787330316742081,24,0.1085972850678733
서울,강북구,의원,2011,216,-5,18,0.08333333333333333,13,0.06018518518518518
서울,강북구,의원,2012,216,0,8,0.037037037037037035,8,0.037037037037037035
서울,강북구,의원,2013,215,-1,10,0.046511627906976744,9,0.04186046511627907
서울,강북구,의원,2014,211,-4,10,0.04739336492890995,6,0.02843601895734597
서울,강북구,의원,2015,208,-3,8,0.038461538461538464,5,0.02403846153846154
서울,강북구,의원,2016,217,9,4,0.018433179723502304,13,0.059907834101382486
서울,강북구,의원,2017,220,3,6,0.02727272727272727,9,0.04090909090909091
서울,강북구,의원,2018,222,2,6,0.02702702702702703,8,0.036036036036036036
서울,강북구,의원,2019,223,1,4,0.017937219730941704,5,0.02242152466367713
서울,강북구,의원,2020,225,2,6,0.02666666666666667,8,0.035555555555555556
서울,강북구,의원,2021,224,-1,7,0.03125,6,0.026785714285714284
서울,강북구,의원,2022,223,-1,5,0.02242152466367713,4,0.017937219730941704
서울,강북구,의원,2023,229,6,6,0.026200873362445413,12,0.05240174672489083
서울,강북구,의원,2024,234,5,3,0.01282051282051282,8,0.03418803418803419
서울,강북구,의원,2025,246,12,6,0.024390243902439025,18,0.07317073170731707
서울,강북구,종합병원,2007,1,,0,0.0,,
서울,강북구,종합병원,2008,1,0,0,0.0,0,0.0
서울,강북구,종합병원,2009,1,0,0,0.0,0,0.0
서울,강북구,종합병원,2010,1,0,0,0.0,0,0.0
서울,강북구,종합병원,2011,1,0,0,0.0,0,0.0
서울,강북구,종합병원,2012,1,0,0,0.0,0,0.0
서울,강북구,종합병원,2013,1,0,0,0.0,0,0.0
서울,강북구,종합병원,2014,1,0,0,0.0,0,0.0
서울,강북구,종합병원,2015,1,0,0,0.0,0,0.0
서울,강북구,종합병원,2016,1,0,0,0.0,0,0.0
서울,강북구,종합병원,2017,1,0,0,0.0,0,0.0
서울,강북구,종합병원,2018,1,0,0,0.0,0,0.0
서울,강북구,종합병원,2019,1,0,0,0.0,0,0.0
서울,강북구,종합병원,2020,1,0,0,0.0,0,0.0
서울,강북구,종합병원,2021,1,0,0,0.0,0,0.0
서울,강북구,종합병원,2022,1,0,0,0.0,0,0.0
서울,강북구,종합병원,2023,1,0,0,0.0,0,0.0
서울,강북구,종합병원,2024,1,0,0,0.0,0,0.0
서울,강북구,종합병원,2025,1,0,0,0.0,0,0.0
서울,강서구,병원,2007,10,,0,0.0,,
서울,강서구,병원,2008,11,1,0,0.0,1,0.09090909090909091
서울,강서구,병원,2009,12,1,1,0.08333333333333333,2,0.16666666666666666
서울,강서구,병원,2010,13,1,1,0.07692307692307693,2,0.15384615384615385
서울,강서구,병원,2011,14,1,0,0.0,1,0.07142857142857142
서울,강서구,병원,2012,14,0,1,0.07142857142857142,1,0.07142857142857142
서울,강서구,병원,2013,16,2,0,0.0,2,0.125
서울,강서구,병원,2014,16,0,3,0.1875,3,0.1875
서울,강서구,병원,2015,17,1,2,0.11764705882352941,3,0.17647058823529413
서울,강서구,병원,2016,15,-2,1,0.06666666666666667,-1,-0.06666666666666667
서울,강서구,병원,2017,15,0,0,0.0,0,0.0
서울,강서구,병원,2018,16,1,2,0.125,3,0.1875
서울,강서구,병원,2019,15,-1,1,0.06666666666666667,0,0.0
서울,강서구,병원,2020,17,2,1,0.058823529411764705,3,0.17647058823529413
서울,강서구,병원,2021,17,0,1,0.058823529411764705,1,0.058823529411764705
서울,강서구,병원,2022,17,0,1,0.058823529411764705,1,0.058823529411764705
서울,강서구,병원,2023,17,0,0,0.0,0,0.0
서울,강서구,병원,2024,18,1,1,0.05555555555555555,2,0.1111111111111111
서울,강서구,병원,2025,19,1,0,0.0,1,0.05263157894736842
서울,강서구,상급종합병원,2007,0,,0,,,
서울,강서구,상급종합병원,2008,0,0,0,,0,
서울,강서구,상급종합병원,2009,0,0,0,,0,
서울,강서구,상급종합병원,2010,0,0,0,,0,
서울,강서구,상급종합병원,2011,0,0,0,,0,
서울,강서구,상급종합병원,2012,0,0,0,,0,
서울,강서구,상급종합병원,2013,0,0,0,,0,
서울,강서구,상급종합병원,2014,0,0,0,,0,
서울,강서구,상급종합병원,2015,0,0,0,,0,
서울,강서구,상급종합병원,2016,0,0,0,,0,
서울,강서구,상급종합병원,2017,0,0,0,,0,
서울,강서구,상급종합병원,2018,0,0,0,,0,
서울,강서구,상급종합병원,2019,0,0,0,,0,
서울,강서구,상급종합병원,2020,0,0,0,,0,
서울,강서구,상급종합병원,2021,0,0,0,,0,
서울,강서구,상급종합병원,2022,0,0,0,,0,
서울,강서구,상급종합병원,2023,0,0,0,,0,
서울,강서구,상급종합병원,2024,0,0,0,,0,
서울,강서구,상급종합병원,2025,0,0,0,,0,
서울,강서구,의원,2007,283,,14,0.04946996466431095,,
서울,강서구,의원,2008,294,11,29,0.09863945578231292,40,0.1360544217687075
서울,강서구,의원,2009,297,3,12,0.04040404040404041,15,0.050505050505050504
서울,강서구,의원,2010,312,15,12,0.038461538461538464,27,0.08653846153846154
서울,강서구,의원,2011,312,0,16,0.05128205128205128,16,0.05128205128205128
서울,강서구,의원,2012,314,2,12,0.03821656050955414,14,0.044585987261146494
서울,강서구,의원,2013,312,-2,12,0.038461538461538464,10,0.03205128205128205
서울,강서구,의원,2014,315,3,10,0.031746031746031744,13,0.04126984126984127
서울,강서구,의원,2015,321,6,11,0.03426791277258567,17,0.0529595015576324
서울,강서구,의원,2016,327,6,5,0.01529051987767584,11,0.03363914373088685
서울,강서구,의원,2017,351,24,12,0.03418803418803419,36,0.10256410256410256
서울,강서구,의원,2018,366,15,13,0.03551912568306011,28,0.07650273224043716
서울,강서구,의원,2019,378,12,8,0.021164021164021163,20,0.05291005291005291
서울,강서구,의원,2020,404,26,9,0.022277227722772276,35,0.08663366336633663
서울,강서구,의원,2021,419,15,13,0.031026252983293555,28,0.06682577565632458
서울,강서구,의원,2022,440,21,12,0.02727272727272727,33,0.075
서울,강서구,의원,2023,457,17,16,0.0350109409190372,33,0.07221006564551423
서울,강서구,의원,2024,465,8,16,0.034408602150537634,24,0.05161290322580645
서울,강서구,의원,2025,473,8,14,0.02959830866807611,22,0.046511627906976744
서울,강서구,종합병원,2007,1,,0,0.0,,
서울,강서구,종합병원,2008,1,0,0,0.0,0,0.0
서울,강서구,종합병원,2009,1,0,0,0.0,0,0.0
서울,강서구,종합병원,2010,1,0,0,0.0,0,0.0
서울,강서구,종합병원,2011,1,0,0,0.0,0,0.0
서울,강서구,종합병원,2012,2,1,0,0.0,1,0.5
서울,강서구,종합병원,2013,3,1,0,0.0,1,0.3333333333333333
서울,강서구,종합병원,2014,3,0,0,0.0,0,0.0
서울,강서구,종합병원,2015,3,0,0,0.0,0,0.0
서울,강서구,종합병원,2016,3,0,0,0.0,0,0.0
서울,강서구,종합병원,2017,3,0,0,0.0,0,0.0
서울,강서구,종합병원,2018,3,0,0,0.0,0,0.0
서울,강서구,종합병원,2019,4,1,0,0.0,1,0.25
서울,강서구,종합병원,2020,4,0,0,0.0,0,0.0
서울,강서구,종합병원,2021,4,0,0,0.0,0,0.0
서울,강서구,종합병원,2022,4,0,0,0.0,0,0.0
서울,강서구,종합병원,2023,4,0,0,0.0,0,0.0
서울,강서구,종합병원,2024,4,0,0,0.0,0,0.0
서울,강서구,종합병원,2025,4,0,0,0.0,0,0.0
서울,관악구,병원,2007,5,,3,0.6,,
서울,관악구,병원,2008,6,1,3,0.5,4,0.6666666666666666
서울,관악구,병원,2009,5,-1,1,0.2,0,0.0
서울,관악구,병원,2010,6,1,3,0.5,4,0.6666666666666666
서울,관악구,병원,2011,5,-1,1,0.2,0,0.0
서울,관악구,병원,2012,4,-1,1,0.25,0,0.0
서울,관악구,병원,2013,5,1,0,0.0,1,0.2
서울,관악구,병원,2014,6,1,0,0.0,1,0.16666666666666666
서울,관악구,병원,2015,8,2,0,0.0,2,0.25
서울,관악구,병원,2016,8,0,1,0.125,1,0.125
서울,관악구,병원,2017,8,0,0,0.0,0,0.0
서울,관악구,병원,2018,8,0,1,0.125,1,0.125
서울,관악구,병원,2019,10,2,0,0.0,2,0.2
서울,관악구,병원,2020,10,0,0,0.0,0,0.0
서울,관악구,병원,2021,11,1,1,0.09090909090909091,2,0.18181818181818182
서울,관악구,병원,2022,11,0,0,0.0,0,0.0
서울,관악구,병원,2023,11,0,0,0.0,0,0.0
서울,관악구,병원,2024,12,1,2,0.16666666666666666,3,0.25
서울,관악구,병원,2025,10,-2,0,0.0,-2,-0.2
서울,관악구,상급종합병원,2007,0,,0,,,
서울,관악구,상급종합병원,2008,0,0,0,,0,
서울,관악구,상급종합병원,2009,0,0,0,,0,
서울,관악구,상급종합병원,2010,0,0,0,,0,
서울,관악구,상급종합병원,2011,0,0,0,,0,
서울,관악구,상급종합병원,2012,0,0,0,,0,
서울,관악구,상급종합병원,2013,0,0,0,,0,
서울,관악구,상급종합병원,2014,0,0,0,,0,
서울,관악구,상급종합병원,2015,0,0,0,,0,
서울,관악구,상급종합병원,2016,0,0,0,,0,
서울,관악구,상급종합병원,2017,0,0,0,,0,
서울,관악구,상급종합병원,2018,0,0,0,,0,
서울,관악구,상급종합병원,2019,0,0,0,,0,
서울,관악구,상급종합병원,2020,0,0,0,,0,
서울,관악구,상급종합병원,2021,0,0,0,,0,
서울,관악구,상급종합병원,2022,0,0,0,,0,
서울,관악구,상급종합병원,2023,0,0,0,,0,
서울,관악구,상급종합병원,2024,0,0,0,,0,
서울,관악구,상급종합병원,2025,0,0,0,,0,
서울,관악구,의원,2007,296,,11,0.037162162162162164,,
서울,관악구,의원,2008,297,1,19,0.06397306397306397,20,0.06734006734006734
서울,관악구,의원,2009,304,7,18,0.05921052631578947,25,0.08223684210526316
서울,관악구,의원,2010,312,8,20,0.0641025641025641,28,0.08974358974358974
서울,관악구,의원,2011,308,-4,18,0.05844155844155844,14,0.045454545454545456
서울,관악구,의원,2012,310,2,15,0.04838709677419355,17,0.054838709677419356
서울,관악구,의원,2013,304,-6,15,0.049342105263157895,9,0.029605263157894735
서울,관악구,의원,2014,303,-1,12,0.039603960396039604,11,0.036303630363036306
서울,관악구,의원,2015,297,-6,16,0.05387205387205387,10,0.03367003367003367
서울,관악구,의원,2016,299,2,15,0.05016722408026756,17,0.056856187290969896
서울,관악구,의원,2017,299,0,10,0.033444816053511704,10,0.033444816053511704
서울,관악구,의원,2018,302,3,13,0.04304635761589404,16,0.052980132450331126
서울,관악구,의원,2019,312,10,9,0.028846153846153848,19,0.060897435897435896
서울,관악구,의원,2020,319,7,8,0.025078369905956112,15,0.047021943573667714
서울,관악구,의원,2021,325,6,8,0.024615384615384615,14,0.043076923076923075
서울,관악구,의원,2022,334,9,7,0.020958083832335328,16,0.04790419161676647
서울,관악구,의원,2023,347,13,11,0.03170028818443804,24,0.069164265129683
서울,관악구,의원,2024,350,3,4,0.011428571428571429,7,0.02
서울,관악구,의원,2025,360,10,5,0.013888888888888888,15,0.041666666666666664
서울,관악구,종합병원,2007,2,,0,0.0,,
서울,관악구,종합병원,2008,2,0,0,0.0,0,0.0
서울,관악구,종합병원,2009,2,0,0,0.0,0,0.0
서울,관악구,종합병원,2010,2,0,0,0.0,0,0.0
서울,관악구,종합병원,2011,2,0,0,0.0,0,0.0
서울,관악구,종합병원,2012,2,0,0,0.0,0,0.0
서울,관악구,종합병원,2013,2,0,0,0.0,0,0.0
서울,관악구,종합병원,2014,2,0,0,0.0,0,0.0
서울,관악구,종합병원,2015,2,0,0,0.0,0,0.0
서울,관악구,종합병원,2016,2,0,0,0.0,0,0.0
서울,관악구,종합병원,2017,2,0,0,0.0,0,0.0
서울,관악구,종합병원,2018,2,0,0,0.0,0,0.0
서울,관악구,종합병원,2019,1,-1,1,1.0,0,0.0
서울,관악구,종합병원,2020,1,0,0,0.0,0,0.0
서울,관악구,종합병원,2021,1,0,0,0.0,0,0.0
서울,관악구,종합병원,2022,1,0,0,0.0,0,0.0
서울,관악구,종합병원,2023,1,0,1,1.0,1,1.0
서울,관악구,종합병원,2024,1,0,0,0.0,0,0.0
서울,관악구,종합병원,2025,1,0,0,0.0,0,0.0
서울,광진구,병원,2007,3,,1,0.3333333333333333,,
서울,광진구,병원,2008,4,1,2,0.5,3,0.75
서울,광진구,병원,2009,3,-1,1,0.3333333333333333,0,0.0
서울,광진구,병원,2010,3,0,0,0.0,0,0.0
서울,광진구,병원,2011,3,0,0,0.0,0,0.0
서울,광진구,병원,2012,4,1,0,0.0,1,0.25
서울,광진구,병원,2013,5,1,0,0.0,1,0.2
서울,광진구,병원,2014,5,0,0,0.0,0,0.0
서울,광진구,병원,2015,5,0,1,0.2,1,0.2
서울,광진구,병원,2016,4,-1,0,0.0,-1,-0.25
서울,광진구,병원,2017,4,0,0,0.0,0,0.0
서울,광진구,병원,2018,4,0,0,0.0,0,0.0
서울,광진구,병원,2019,5,1,0,0.0,1,0.2
서울,광진구,병원,2020,5,0,0,0.0,0,0.0
서울,광진구,병원,2021,5,0,0,0.0,0,0.0
서울,광진구,병원,2022,5,0,1,0.2,1,0.2
서울,광진구,병원,2023,4,-1,0,0.0,-1,-0.25
서울,광진구,병원,2024,4,0,0,0.0,0,0.0
서울,광진구,병원,2025,4,0,0,0.0,0,0.0
서울,광진구,상급종합병원,2007,0,,0,,,
서울,광진구,상급종합병원,2008,0,0,0,,0,
서울,광진구,상급종합병원,2009,0,0,0,,0,
서울,광진구,상급종합병원,2010,0,0,0,,0,
서울,광진구,상급종합병원,2011,0,0,0,,0,
서울,광진구,상급종합병원,2012,1,1,0,0.0,1,1.0
서울,광진구,상급종합병원,2013,1,0,0,0.0,0,0.0
서울,광진구,상급종합병원,2014,1,0,0,0.0,0,0.0
서울,광진구,상급종합병원,2015,1,0,0,0.0,0,0.0
서울,광진구,상급종합병원,2016,1,0,0,0.0,0,0.0
서울,광진구,상급종합병원,2017,1,0,0,0.0,0,0.0
서울,광진구,상급종합병원,2018,1,0,0,0.0,0,0.0
서울,광진구,상급종합병원,2019,1,0,0,0.0,0,0.0
서울,광진구,상급종합병원,2020,1,0,0,0.0,0,0.0
서울,광진구,상급종합병원,2021,1,0,0,0.0,0,0.0
서울,광진구,상급종합병원,2022,1,0,0,0.0,0,0.0
서울,광진구,상급종합병원,2023,1,0,0,0.0,0,0.0
서울,광진구,상급종합병원,2024,1,0,0,0.0,0,0.0
서울,광진구,상급종합병원,2025,1,0,0,0.0,0,0.0
서울,광진구,의원,2007,219,,19,0.0867579908675799,,
서울,광진구,의원,2008,224,5,13,0.05803571428571429,18,0.08035714285714286
서울,광진구,의원,2009,225,1,7,0.03111111111111111,8,0.035555555555555556
서울,광진구,의원,2010,237,12,7,0.029535864978902954,19,0.08016877637130802
서울,광진구,의원,2011,244,7,11,0.045081967213114756,18,0.07377049180327869
서울,광진구,의원,2012,242,-2,7,0.028925619834710745,5,0.02066115702479339
서울,광진구,의원,2013,245,3,9,0.036734693877551024,12,0.04897959183673469
서울,광진구,의원,2014,251,6,7,0.027888446215139442,13,0.05179282868525897
서울,광진구,의원,2015,255,4,7,0.027450980392156862,11,0.043137254901960784
서울,광진구,의원,2016,262,7,13,0.04961832061068702,20,0.07633587786259542
서울,광진구,의원,2017,261,-1,7,0.02681992337164751,6,0.022988505747126436
서울,광진구,의원,2018,261,0,7,0.02681992337164751,7,0.02681992337164751
서울,광진구,의원,2019,269,8,15,0.055762081784386616,23,0.08550185873605948
서울,광진구,의원,2020,266,-3,7,0.02631578947368421,4,0.015037593984962405
서울,광진구,의원,2021,271,5,4,0.014760147601476014,9,0.033210332103321034
서울,광진구,의원,2022,278,7,4,0.014388489208633094,11,0.039568345323741004
서울,광진구,의원,2023,285,7,5,0.017543859649122806,12,0.042105263157894736
서울,광진구,의원,2024,295,10,12,0.04067796610169491,22,0.07457627118644068
서울,광진구,의원,2025,305,10,9,0.029508196721311476,19,0.06229508196721312
서울,광진구,종합병원,2007,2,,0,0.0,,
서울,광진구,종합병원,2008,2,0,0,0.0,0,0.0
서울,광진구,종합병원,2009,2,0,0,0.0,0,0.0
서울,광진구,종합병원,2010,2,0,0,0.0,0,0.0
서울,광진구,종합병원,2011,2,0,0,0.0,0,0.0
서울,광진구,종합병원,2012,1,-1,0,0.0,-1,-1.0
서울,광진구,종합병원,2013,1,0,0,0.0,0,0.0
서울,광진구,종합병원,2014,1,0,0,0.0,0,0.0
서울,광진구,종합병원,2015,1,0,0,0.0,0,0.0
서울,광진구,종합병원,2016,1,0,0,0.0,0,0.0
서울,광진구,종합병원,2017,1,0,0,0.0,0,0.0
서울,광진구,종합병원,2018,1,0,0,0.0,0,0.0
서울,광진구,종합병원,2019,1,0,0,0.0,0,0.0
서울,광진구,종합병원,2020,1,0,0,0.0,0,0.0
서울,광진구,종합병원,2021,1,0,0,0.0,0,0.0
서울,광진구,종합병원,2022,1,0,0,0.0,0,0.0
서울,광진구,종합병원,2023,1,0,1,1.0,1,1.0
서울,광진구,종합병원,2024,1,0,0,0.0,0,0.0
서울,광진구,종합병원,2025,1,0,0,0.0,0,0.0
서울,구로구,병원,2007,2,,1,0.5,,
서울,구로구,병원,2008,1,-1,0,0.0,-1,-1.0
서울,구로구,병원,2009,1,0,0,0.0,0,0.0
서울,구로구,병원,2010,1,0,0,0.0,0,0.0
서울,구로구,병원,2011,2,1,0,0.0,1,0.5
서울,구로구,병원,2012,4,2,0,0.0,2,0.5
서울,구로구,병원,2013,5,1,0,0.0,1,0.2
서울,구로구,병원,2014,7,2,1,0.14285714285714285,3,0.42857142857142855
서울,구로구,병원,2015,8,1,1,0.125,2,0.25
서울,구로구,병원,2016,8,0,0,0.0,0,0.0
서울,구로구,병원,2017,8,0,0,0.0,0,0.0
서울,구로구,병원,2018,8,0,0,0.0,0,0.0
서울,구로구,병원,2019,8,0,1,0.125,1,0.125
서울,구로구,병원,2020,8,0,2,0.25,2,0.25
서울,구로구,병원,2021,8,0,1,0.125,1,0.125
서울,구로구,병원,2022,8,0,0,0.0,0,0.0
서울,구로구,병원,2023,8,0,0,0.0,0,0.0
서울,구로구,병원,2024,8,0,0,0.0,0,0.0
서울,구로구,병원,2025,8,0,0,0.0,0,0.0
서울,구로구,상급종합병원,2007,1,,0,0.0,,
서울,구로구,상급종합병원,2008,1,0,0,0.0,0,0.0
서울,구로구,상급종합병원,2009,1,0,0,0.0,0,0.0
서울,구로구,상급종합병원,2010,1,0,0,0.0,0,0.0
서울,구로구,상급종합병원,2011,1,0,0,0.0,0,0.0
서울,구로구,상급종합병원,2012,1,0,0,0.0,0,0.0
서울,구로구,상급종합병원,2013,1,0,0,0.0,0,0.0
서울,구로구,상급종합병원,2014,1,0,0,0.0,0,0.0
서울,구로구,상급종합병원,2015,1,0,0,0.0,0,0.0
서울,구로구,상급종합병원,2016,1,0,0,0.0,0,0.0
서울,구로구,상급종합병원,2017,1,0,0,0.0,0,0.0
서울,구로구,상급종합병원,2018,1,0,0,0.0,0,0.0
서울,구로구,상급종합병원,2019,1,0,0,0.0,0,0.0
서울,구로구,상급종합병원,2020,1,0,0,0.0,0,0.0
서울,구로구,상급종합병원,2021,1,0,0,0.0,0,0.0
서울,구로구,상급종합병원,2022,1,0,0,0.0,0,0.0
서울,구로구,상급종합병원,2023,1,0,0,0.0,0,0.0
서울,구로구,상급종합병원,2024,1,0,0,0.0,0,0.0
서울,구로구,상급종합병원,2025,1,0,0,0.0,0,0.0
서울,구로구,의원,2007,214,,9,0.04205607476635514,,
서울,구로구,의원,2008,220,6,21,0.09545454545454546,27,0.12272727272727273
서울,구로구,의원,2009,225,5,8,0.035555555555555556,13,0.057777777777777775
서울,구로구,의원,2010,232,7,16,0.06896551724137931,23,0.09913793103448276
서울,구로구,의원,2011,231,-1,10,0.04329004329004329,9,0.03896103896103896
서울,구로구,의원,2012,227,-4,12,0.05286343612334802,8,0.03524229074889868
서울,구로구,의원,2013,232,5,9,0.03879310344827586,14,0.0603448275862069
서울,구로구,의원,2014,238,6,9,0.037815126050420166,15,0.06302521008403361
서울,구로구,의원,2015,245,7,11,0.044897959183673466,18,0.07346938775510205
서울,구로구,의원,2016,255,10,5,0.0196078431372549,15,0.058823529411764705
서울,구로구,의원,2017,262,7,11,0.04198473282442748,18,0.06870229007633588
서울,구로구,의원,2018,259,-3,6,0.023166023166023165,3,0.011583011583011582
서울,구로구,의원,2019,261,2,8,0.03065134099616858,10,0.038314176245210725
서울,구로구,의원,2020,267,6,9,0.033707865168539325,15,0.056179775280898875
서울,구로구,의원,2021,269,2,7,0.026022304832713755,9,0.03345724907063197
서울,구로구,의원,2022,274,5,4,0.014598540145985401,9,0.032846715328467155
서울,구로구,의원,2023,287,13,5,0.017421602787456445,18,0.0627177700348432
서울,구로구,의원,2024,292,5,5,0.017123287671232876,10,0.03424657534246575
서울,구로구,의원,2025,299,7,6,0.020066889632107024,13,0.043478260869565216
서울,구로구,종합병원,2007,1,,0,0.0,,
서울,구로구,종합병원,2008,1,0,0,0.0,0,0.0
서울,구로구,종합병원,2009,1,0,0,0.0,0,0.0
서울,구로구,종합병원,2010,1,0,0,0.0,0,0.0
서울,구로구,종합병원,2011,1,0,0,0.0,0,0.0
서울,구로구,종합병원,2012,1,0,0,0.0,0,0.0
서울,구로구,종합병원,2013,1,0,0,0.0,0,0.0
서울,구로구,종합병원,2014,1,0,0,0.0,0,0.0
서울,구로구,종합병원,2015,1,0,0,0.0,0,0.0
서울,구로구,종합병원,2016,1,0,0,0.0,0,0.0
서울,구로구,종합병원,2017,1,0,0,0.0,0,0.0
서울,구로구,종합병원,2018,1,0,0,0.0,0,0.0
서울,구로구,종합병원,2019,1,0,0,0.0,0,0.0
서울,구로구,종합병원,2020,1,0,1,1.0,1,1.0
서울,구로구,종합병원,2021,1,0,0,0.0,0,0.0
서울,구로구,종합병원,2022,1,0,0,0.0,0,0.0
서울,구로구,종합병원,2023,1,0,0,0.0,0,0.0
서울,구로구,종합병원,2024,1,0,0,0.0,0,0.0
서울,구로구,종합병원,2025,1,0,0,0.0,0,0.0
서울,금천구,병원,2007,3,,1,0.3333333333333333,,
서울,금천구,병원,2008,3,0,0,0.0,0,0.0
서울,금천구,병원,2009,3,0,0,0.0,0,0.0
서울,금천구,병원,2010,3,0,0,0.0,0,0.0
서울,금천구,병원,2011,5,2,0,0.0,2,0.4
서울,금천구,병원,2012,6,1,0,0.0,1,0.16666666666666666
서울,금천구,병원,2013,6,0,1,0.16666666666666666,1,0.16666666666666666
서울,금천구,병원,2014,4,-2,1,0.25,-1,-0.25
서울,금천구,병원,2015,5,1,1,0.2,2,0.4
서울,금천구,병원,2016,6,1,1,0.16666666666666666,2,0.3333333333333333
서울,금천구,병원,2017,6,0,0,0.0,0,0.0
서울,금천구,병원,2018,6,0,0,0.0,0,0.0
서울,금천구,병원,2019,6,0,0,0.0,0,0.0
서울,금천구,병원,2020,6,0,0,0.0,0,0.0
서울,금천구,병원,2021,5,-1,2,0.4,1,0.2
서울,금천구,병원,2022,4,-1,0,0.0,-1,-0.25
서울,금천구,병원,2023,4,0,0,0.0,0,0.0
서울,금천구,병원,2024,4,0,0,0.0,0,0.0
서울,금천구,병원,2025,5,1,0,0.0,1,0.2
서울,금천구,상급종합병원,2007,0,,0,,,
서울,금천구,상급종합병원,2008,0,0,0,,0,
서울,금천구,상급종합병원,2009,0,0,0,,0,
서울,금천구,상급종합병원,2010,0,0,0,,0,
서울,금천구,상급종합병원,2011,0,0,0,,0,
서울,금천구,상급종합병원,2012,0,0,0,,0,
서울,금천구,상급종합병원,2013,0,0,0,,0,
서울,금천구,상급종합병원,2014,0,0,0,,0,
서울,금천구,상급종합병원,2015,0,0,0,,0,
서울,금천구,상급종합병원,2016,0,0,0,,0,
서울,금천구,상급종합병원,2017,0,0,0,,0,
서울,금천구,상급종합병원,2018,0,0,0,,0,
서울,금천구,상급종합병원,2019,0,0,0,,0,
서울,금천구,상급종합병원,2020,0,0,0,,0,
서울,금천구,상급종합병원,2021,0,0,0,,0,
서울,금천구,상급종합병원,2022,0,0,0,,0,
서울,금천구,상급종합병원,2023,0,0,0,,0,
서울,금천구,상급종합병원,2024,0,0,0,,0,
서울,금천구,상급종합병원,2025,0,0,0,,0,
서울,금천구,의원,2007,117,,3,0.02564102564102564,,
서울,금천구,의원,2008,126,9,11,0.0873015873015873,20,0.15873015873015872
서울,금천구,의원,2009,125,-1,4,0.032,3,0.024
서울,금천구,의원,2010,127,2,4,0.031496062992125984,6,0.047244094488188976
서울,금천구,의원,2011,133,6,13,0.09774436090225563,19,0.14285714285714285
서울,금천구,의원,2012,130,-3,4,0.03076923076923077,1,0.007692307692307693
서울,금천구,의원,2013,133,3,10,0.07518796992481203,13,0.09774436090225563
서울,금천구,의원,2014,133,0,4,0.03007518796992481,4,0.03007518796992481
서울,금천구,의원,2015,132,-1,3,0.022727272727272728,2,0.015151515151515152
서울,금천구,의원,2016,138,6,2,0.014492753623188406,8,0.057971014492753624
서울,금천구,의원,2017,144,6,7,0.04861111111111111,13,0.09027777777777778
서울,금천구,의원,2018,142,-2,1,0.007042253521126761,-1,-0.007042253521126761
서울,금천구,의원,2019,155,13,6,0.03870967741935484,19,0.12258064516129032
서울,금천구,의원,2020,161,6,7,0.043478260869565216,13,0.08074534161490683
서울,금천구,의원,2021,162,1,6,0.037037037037037035,7,0.043209876543209874
서울,금천구,의원,2022,166,4,8,0.04819277108433735,12,0.07228915662650602
서울,금천구,의원,2023,170,4,5,0.029411764705882353,9,0.052941176470588235
서울,금천구,의원,2024,173,3,8,0.046242774566473986,11,0.06358381502890173
서울,금천구,의원,2025,172,-1,6,0.03488372093023256,5,0.029069767441860465
서울,금천구,종합병원,2007,1,,0,0.0,,
서울,금천구,종합병원,2008,1,0,0,0.0,0,0.0
서울,금천구,종합병원,2009,1,0,0,0.0,0,0.0
서울,금천구,종합병원,2010,1,0,0,0.0,0,0.0
서울,금천구,종합병원,2011,1,0,0,0.0,0,0.0
서울,금천구,종합병원,2012,1,0,0,0.0,0,0.0
서울,금천구,종합병원,2013,1,0,0,0.0,0,0.0
서울,금천구,종합병원,2014,1,0,0,0.0,0,0.0
서울,금천구,종합병원,2015,1,0,0,0.0,0,0.0
서울,금천구,종합병원,2016,1,0,0,0.0,0,0.0
서울,금천구,종합병원,2017,1,0,0,0.0,0,0.0
서울,금천구,종합병원,2018,1,0,0,0.0,0,0.0
서울,금천구,종합병원,2019,1,0,0,0.0,0,0.0
서울,금천구,종합병원,2020,1,0,0,0.0,0,0.0
서울,금천구,종합병원,2021,1,0,0,0.0,0,0.0
서울,금천구,종합병원,2022,1,0,0,0.0,0,0.0
서울,금천구,종합병원,2023,1,0,0,0.0,0,0.0
서울,금천구,종합병원,2024,1,0,0,0.0,0,0.0
서울,금천구,종합병원,2025,1,0,0,0.0,0,0.0
서울,노원구,병원,2007,3,,0,0.0,,
서울,노원구,병원,2008,4,1,1,0.25,2,0.5
서울,노원구,병원,2009,5,1,0,0.0,1,0.2
서울,노원구,병원,2010,5,0,0,0.0,0,0.0
서울,노원구,병원,2011,5,0,0,0.0,0,0.0
서울,노원구,병원,2012,6,1,1,0.16666666666666666,2,0.3333333333333333
서울,노원구,병원,2013,7,1,0,0.0,1,0.14285714285714285
서울,노원구,병원,2014,7,0,1,0.14285714285714285,1,0.14285714285714285
서울,노원구,병원,2015,6,-1,0,0.0,-1,-0.16666666666666666
서울,노원구,병원,2016,7,1,1,0.14285714285714285,2,0.2857142857142857
서울,노원구,병원,2017,7,0,2,0.2857142857142857,2,0.2857142857142857
서울,노원구,병원,2018,7,0,0,0.0,0,0.0
서울,노원구,병원,2019,7,0,0,0.0,0,0.0
서울,노원구,병원,2020,7,0,1,0.14285714285714285,1,0.14285714285714285
서울,노원구,병원,2021,6,-1,0,0.0,-1,-0.16666666666666666
서울,노원구,병원,2022,6,0,1,0.16666666666666666,1,0.16666666666666666
서울,노원구,병원,2023,6,0,1,0.16666666666666666,1,0.16666666666666666
서울,노원구,병원,2024,5,-1,1,0.2,0,0.0
서울,노원구,병원,2025,5,0,0,0.0,0,0.0
서울,노원구,상급종합병원,2007,1,,0,0.0,,
서울,노원구,상급종합병원,2008,1,0,0,0.0,0,0.0
서울,노원구,상급종합병원,2009,1,0,0,0.0,0,0.0
서울,노원구,상급종합병원,2010,1,0,0,0.0,0,0.0
서울,노원구,상급종합병원,2011,1,0,0,0.0,0,0.0
서울,노원구,상급종합병원,2012,1,0,0,0.0,0,0.0
서울,노원구,상급종합병원,2013,1,0,0,0.0,0,0.0
서울,노원구,상급종합병원,2014,1,0,0,0.0,0,0.0
서울,노원구,상급종합병원,2015,0,-1,0,,-1,
서울,노원구,상급종합병원,2016,0,0,0,,0,
서울,노원구,상급종합병원,2017,0,0,0,,0,
서울,노원구,상급종합병원,2018,0,0,0,,0,
서울,노원구,상급종합병원,2019,0,0,0,,0,
서울,노원구,상급종합병원,2020,0,0,0,,0,
서울,노원구,상급종합병원,2021,0,0,0,,0,
서울,노원구,상급종합병원,2022,0,0,0,,0,
서울,노원구,상급종합병원,2023,0,0,0,,0,
서울,노원구,상급종합병원,2024,0,0,0,,0,
서울,노원구,상급종합병원,2025,0,0,0,,0,
서울,노원구,의원,2007,298,,15,0.050335570469798654,,
서울,노원구,의원,2008,301,3,16,0.053156146179401995,19,0.06312292358803986
서울,노원구,의원,2009,312,11,9,0.028846153846153848,20,0.0641025641025641
서울,노원구,의원,2010,330,18,13,0.03939393939393939,31,0.09393939393939393
서울,노원구,의원,2011,329,-1,12,0.0364741641337386,11,0.03343465045592705
서울,노원구,의원,2012,329,0,18,0.0547112462006079,18,0.0547112462006079
서울,노원구,의원,2013,321,-8,13,0.040498442367601244,5,0.01557632398753894
서울,노원구,의원,2014,323,2,11,0.034055727554179564,13,0.04024767801857585
서울,노원구,의원,2015,328,5,7,0.021341463414634148,12,0.036585365853658534
서울,노원구,의원,2016,334,6,15,0.04491017964071856,21,0.06287425149700598
서울,노원구,의원,2017,339,5,9,0.02654867256637168,14,0.04129793510324484
서울,노원구,의원,2018,342,3,11,0.03216374269005848,14,0.04093567251461988
서울,노원구,의원,2019,349,7,9,0.025787965616045846,16,0.045845272206303724
서울,노원구,의원,2020,351,2,6,0.017094017094017096,8,0.022792022792022793
서울,노원구,의원,2021,361,10,6,0.01662049861495845,16,0.0443213296398892
서울,노원구,의원,2022,371,10,11,0.029649595687331536,21,0.05660377358490566
서울,노원구,의원,2023,381,10,12,0.031496062992125984,22,0.05774278215223097
서울,노원구,의원,2024,387,6,8,0.020671834625323,14,0.03617571059431524
서울,노원구,의원,2025,398,11,7,0.017587939698492462,18,0.04522613065326633
서울,노원구,종합병원,2007,2,,1,0.5,,
서울,노원구,종합병원,2008,2,0,0,0.0,0,0.0
서울,노원구,종합병원,2009,3,1,0,0.0,1,0.3333333333333333
서울,노원구,종합병원,2010,3,0,0,0.0,0,0.0
서울,노원구,종합병원,2011,3,0,1,0.3333333333333333,1,0.3333333333333333
서울,노원구,종합병원,2012,2,-1,0,0.0,-1,-0.5
서울,노원구,종합병원,2013,2,0,0,0.0,0,0.0
서울,노원구,종합병원,2014,2,0,0,0.0,0,0.0
서울,노원구,종합병원,2015,3,1,0,0.0,1,0.3333333333333333
서울,노원구,종합병원,2016,3,0,0,0.0,0,0.0
서울,노원구,종합병원,2017,3,0,0,0.0,0,0.0
서울,노원구,종합병원,2018,3,0,0,0.0,0,0.0
서울,노원구,종합병원,2019,3,0,0,0.0,0,0.0
서울,노원구,종합병원,2020,3,0,0,0.0,0,0.0
서울,노원구,종합병원,2021,3,0,0,0.0,0,0.0
서울,노원구,종합병원,2022,3,0,0,0.0,0,0.0
서울,노원구,종합병원,2023,3,0,0,0.0,0,0.0
서울,노원구,종합병원,2024,3,0,0,0.0,0,0.0
서울,노원구,종합병원,2025,3,0,0,0.0,0,0.0
서울,도봉구,병원,2007,3,,0,0.0,,
서울,도봉구,병원,2008,5,2,2,0.4,4,0.8
서울,도봉구,병원,2009,7,2,3,0.42857142857142855,5,0.7142857142857143
서울,도봉구,병원,2010,7,0,2,0.2857142857142857,2,0.2857142857142857
서울,도봉구,병원,2011,7,0,0,0.0,0,0.0
서울,도봉구,병원,2012,7,0,2,0.2857142857142857,2,0.2857142857142857
서울,도봉구,병원,2013,8,1,0,0.0,1,0.125
서울,도봉구,병원,2014,8,0,0,0.0,0,0.0
서울,도봉구,병원,2015,8,0,0,0.0,0,0.0
서울,도봉구,병원,2016,9,1,0,0.0,1,0.1111111111111111
서울,도봉구,병원,2017,8,-1,2,0.25,1,0.125
서울,도봉구,병원,2018,8,0,0,0.0,0,0.0
서울,도봉구,병원,2019,8,0,0,0.0,0,0.0
서울,도봉구,병원,2020,8,0,0,0.0,0,0.0
서울,도봉구,병원,2021,5,-3,3,0.6,0,0.0
서울,도봉구,병원,2022,5,0,0,0.0,0,0.0
서울,도봉구,병원,2023,5,0,1,0.2,1,0.2
서울,도봉구,병원,2024,4,-1,0,0.0,-1,-0.25
서울,도봉구,병원,2025,4,0,0,0.0,0,0.0
서울,도봉구,상급종합병원,2007,0,,0,,,
서울,도봉구,상급종합병원,2008,0,0,0,,0,
서울,도봉구,상급종합병원,2009,0,0,0,,0,
서울,도봉구,상급종합병원,2010,0,0,0,,0,
서울,도봉구,상급종합병원,2011,0,0,0,,0,
서울,도봉구,상급종합병원,2012,0,0,0,,0,
서울,도봉구,상급종합병원,2013,0,0,0,,0,
서울,도봉구,상급종합병원,2014,0,0,0,,0,
서울,도봉구,상급종합병원,2015,0,0,0,,0,
서울,도봉구,상급종합병원,2016,0,0,0,,0,
서울,도봉구,상급종합병원,2017,0,0,0,,0,
서울,도봉구,상급종합병원,2018,0,0,0,,0,
서울,도봉구,상급종합병원,2019,0,0,0,,0,
서울,도봉구,상급종합병원,2020,0,0,0,,0,
서울,도봉구,상급종합병원,2021,0,0,0,,0,
서울,도봉구,상급종합병원,2022,0,0,0,,0,
서울,도봉구,상급종합병원,2023,0,0,0,,0,
서울,도봉구,상급종합병원,2024,0,0,0,,0,
서울,도봉구,상급종합병원,2025,0,0,0,,0,
서울,도봉구,의원,2007,148,,9,0.060810810810810814,,
서울,도봉구,의원,2008,154,6,9,0.05844155844155844,15,0.09740259740259741
서울,도봉구,의원,2009,155,1,9,0.05806451612903226,10,0.06451612903225806
서울,도봉구,의원,2010,155,0,9,0.05806451612903226,9,0.05806451612903226
서울,도봉구,의원,2011,150,-5,6,0.04,1,0.006666666666666667
서울,도봉구,의원,2012,148,-2,9,0.060810810810810814,7,0.0472972972972973
서울,도봉구,의원,2013,146,-2,3,0.02054794520547945,1,0.00684931506849315
서울,도봉구,의원,2014,148,2,10,0.06756756756756757,12,0.08108108108108109
서울,도봉구,의원,2015,152,4,2,0.013157894736842105,6,0.039473684210526314
서울,도봉구,의원,2016,154,2,3,0.01948051948051948,5,0.032467532467532464
서울,도봉구,의원,2017,160,6,5,0.03125,11,0.06875
서울,도봉구,의원,2018,161,1,6,0.037267080745341616,7,0.043478260869565216
서울,도봉구,의원,2019,158,-3,1,0.006329113924050633,-2,-0.012658227848101266
서울,도봉구,의원,2020,163,5,7,0.04294478527607362,12,0.0736196319018405
서울,도봉구,의원,2021,164,1,4,0.024390243902439025,5,0.03048780487804878
서울,도봉구,의원,2022,164,0,5,0.03048780487804878,5,0.03048780487804878
서울,도봉구,의원,2023,168,4,3,0.017857142857142856,7,0.041666666666666664
서울,도봉구,의원,2024,175,7,3,0.017142857142857144,10,0.05714285714285714
서울,도봉구,의원,2025,176,1,7,0.03977272727272727,8,0.045454545454545456
서울,도봉구,종합병원,2007,1,,0,0.0,,
서울,도봉구,종합병원,2008,1,0,0,0.0,0,0.0
서울,도봉구,종합병원,2009,1,0,0,0.0,0,0.0
서울,도봉구,종합병원,2010,1,0,0,0.0,0,0.0
서울,도봉구,종합병원,2011,1,0,0,0.0,0,0.0
서울,도봉구,종합병원,2012,1,0,0,0.0,0,0.0
서울,도봉구,종합병원,2013,1,0,0,0.0,0,0.0
서울,도봉구,종합병원,2014,1,0,0,0.0,0,0.0
서울,도봉구,종합병원,2015,1,0,0,0.0,0,0.0
서울,도봉구,종합병원,2016,1,0,0,0.0,0,0.0
서울,도봉구,종합병원,2017,1,0,0,0.0,0,0.0
서울,도봉구,종합병원,2018,1,0,0,0.0,0,0.0
서울,도봉구,종합병원,2019,1,0,0,0.0,0,0.0
서울,도봉구,종합병원,2020,1,0,0,0.0,0,0.0
서울,도봉구,종합병원,2021,1,0,0,0.0,0,0.0
서울,도봉구,종합병원,2022,1,0,0,0.0,0,0.0
서울,도봉구,종합병원,2023,1,0,0,0.0,0,0.0
서울,도봉구,종합병원,2024,1,0,0,0.0,0,0.0
서울,도봉구,종합병원,2025,1,0,0,0.0,0,0.0
서울,동대문구,병원,2007,8,,1,0.125,,
서울,동대문구,병원,2008,9,1,0,0.0,1,0.1111111111111111
서울,동대문구,병원,2009,9,0,1,0.1111111111111111,1,0.1111111111111111
서울,동대문구,병원,2010,10,1,0,0.0,1,0.1
서울,동대문구,병원,2011,14,4,3,0.21428571428571427,7,0.5
서울,동대문구,병원,2012,14,0,2,0.14285714285714285,2,0.14285714285714285
서울,동대문구,병원,2013,15,1,1,0.06666666666666667,2,0.13333333333333333
서울,동대문구,병원,2014,15,0,1,0.06666666666666667,1,0.06666666666666667
서울,동대문구,병원,2015,14,-1,3,0.21428571428571427,2,0.14285714285714285
서울,동대문구,병원,2016,14,0,0,0.0,0,0.0
서울,동대문구,병원,2017,14,0,0,0.0,0,0.0
서울,동대문구,병원,2018,14,0,1,0.07142857142857142,1,0.07142857142857142
서울,동대문구,병원,2019,14,0,0,0.0,0,0.0
서울,동대문구,병원,2020,14,0,1,0.07142857142857142,1,0.07142857142857142
서울,동대문구,병원,2021,11,-3,2,0.18181818181818182,-1,-0.09090909090909091
서울,동대문구,병원,2022,11,0,0,0.0,0,0.0
서울,동대문구,병원,2023,13,2,0,0.0,2,0.15384615384615385
서울,동대문구,병원,2024,13,0,1,0.07692307692307693,1,0.07692307692307693
서울,동대문구,병원,2025,12,-1,1,0.08333333333333333,0,0.0
서울,동대문구,상급종합병원,2007,1,,0,0.0,,
서울,동대문구,상급종합병원,2008,1,0,0,0.0,0,0.0
서울,동대문구,상급종합병원,2009,1,0,0,0.0,0,0.0
서울,동대문구,상급종합병원,2010,1,0,0,0.0,0,0.0
서울,동대문구,상급종합병원,2011,1,0,0,0.0,0,0.0
서울,동대문구,상급종합병원,2012,1,0,0,0.0,0,0.0
서울,동대문구,상급종합병원,2013,1,0,0,0.0,0,0.0
서울,동대문구,상급종합병원,2014,1,0,0,0.0,0,0.0
서울,동대문구,상급종합병원,2015,1,0,0,0.0,0,0.0
서울,동대문구,상급종합병원,2016,1,0,0,0.0,0,0.0
서울,동대문구,상급종합병원,2017,1,0,0,0.0,0,0.0
서울,동대문구,상급종합병원,2018,1,0,0,0.0,0,0.0
서울,동대문구,상급종합병원,2019,1,0,0,0.0,0,0.0
서울,동대문구,상급종합병원,2020,1,0,0,0.0,0,0.0
서울,동대문구,상급종합병원,2021,1,0,0,0.0,0,0.0
서울,동대문구,상급종합병원,2022,1,0,0,0.0,0,0.0
서울,동대문구,상급종합병원,2023,1,0,0,0.0,0,0.0
서울,동대문구,상급종합병원,2024,1,0,0,0.0,0,0.0
서울,동대문구,상급종합병원,2025,1,0,0,0.0,0,0.0
서울,동대문구,의원,2007,228,,12,0.05263157894736842,,
서울,동대문구,의원,2008,230,2,8,0.034782608695652174,10,0.043478260869565216
서울,동대문구,의원,2009,240,10,8,0.03333333333333333,18,0.075
서울,동대문구,의원,2010,242,2,12,0.049586776859504134,14,0.05785123966942149
서울,동대문구,의원,2011,246,4,16,0.06504065040650407,20,0.08130081300813008
서울,동대문구,의원,2012,245,-1,17,0.06938775510204082,16,0.0653061224489796
서울,동대문구,의원,2013,231,-14,12,0.05194805194805195,-2,-0.008658008658008658
서울,동대문구,의원,2014,236,5,6,0.025423728813559324,11,0.046610169491525424
서울,동대문구,의원,2015,237,1,9,0.0379746835443038,10,0.04219409282700422
서울,동대문구,의원,2016,236,-1,4,0.01694915254237288,3,0.012711864406779662
서울,동대문구,의원,2017,236,0,8,0.03389830508474576,8,0.03389830508474576
서울,동대문구,의원,2018,241,5,5,0.02074688796680498,10,0.04149377593360996
서울,동대문구,의원,2019,257,16,5,0.019455252918287938,21,0.08171206225680934
서울,동대문구,의원,2020,257,0,9,0.03501945525291829,9,0.03501945525291829
서울,동대문구,의원,2021,258,1,6,0.023255813953488372,7,0.027131782945736434
서울,동대문구,의원,2022,260,2,5,0.019230769230769232,7,0.026923076923076925
서울,동대문구,의원,2023,263,3,5,0.019011406844106463,8,0.030418250950570342
서울,동대문구,의원,2024,269,6,8,0.02973977695167286,14,0.05204460966542751
서울,동대문구,의원,2025,280,11,8,0.02857142857142857,19,0.06785714285714285
서울,동대문구,종합병원,2007,4,,0,0.0,,
서울,동대문구,종합병원,2008,4,0,0,0.0,0,0.0
서울,동대문구,종합병원,2009,4,0,0,0.0,0,0.0
서울,동대문구,종합병원,2010,4,0,0,0.0,0,0.0
서울,동대문구,종합병원,2011,4,0,0,0.0,0,0.0
서울,동대문구,종합병원,2012,4,0,0,0.0,0,0.0
서울,동대문구,종합병원,2013,4,0,0,0.0,0,0.0
서울,동대문구,종합병원,2014,4,0,0,0.0,0,0.0
서울,동대문구,종합병원,2015,4,0,0,0.0,0,0.0
서울,동대문구,종합병원,2016,4,0,0,0.0,0,0.0
서울,동대문구,종합병원,2017,4,0,0,0.0,0,0.0
서울,동대문구,종합병원,2018,4,0,0,0.0,0,0.0
서울,동대문구,종합병원,2019,3,-1,0,0.0,-1,-0.3333333333333333
서울,동대문구,종합병원,2020,3,0,0,0.0,0,0.0
서울,동대문구,종합병원,2021,3,0,0,0.0,0,0.0
서울,동대문구,종합병원,2022,3,0,0,0.0,0,0.0
서울,동대문구,종합병원,2023,3,0,0,0.0,0,0.0
서울,동대문구,종합병원,2024,3,0,0,0.0,0,0.0
서울,동대문구,종합병원,2025,3,0,0,0.0,0,0.0
서울,동작구,병원,2007,4,,0,0.0,,
서울,동작구,병원,2008,4,0,1,0.25,1,0.25
서울,동작구,병원,2009,3,-1,0,0.0,-1,-0.3333333333333333
서울,동작구,병원,2010,4,1,0,0.0,1,0.25
서울,동작구,병원,2011,5,1,0,0.0,1,0.2
서울,동작구,병원,2012,5,0,0,0.0,0,0.0
서울,동작구,병원,2013,5,0,0,0.0,0,0.0
서울,동작구,병원,2014,5,0,0,0.0,0,0.0
서울,동작구,병원,2015,5,0,0,0.0,0,0.0
서울,동작구,병원,2016,5,0,0,0.0,0,0.0
서울,동작구,병원,2017,5,0,0,0.0,0,0.0
서울,동작구,병원,2018,5,0,0,0.0,0,0.0
서울,동작구,병원,2019,5,0,0,0.0,0,0.0
서울,동작구,병원,2020,5,0,1,0.2,1,0.2
서울,동작구,병원,2021,5,0,0,0.0,0,0.0
서울,동작구,병원,2022,5,0,0,0.0,0,0.0
서울,동작구,병원,2023,5,0,2,0.4,2,0.4
서울,동작구,병원,2024,4,-1,0,0.0,-1,-0.25
서울,동작구,병원,2025,4,0,0,0.0,0,0.0
서울,동작구,상급종합병원,2007,0,,0,,,
서울,동작구,상급종합병원,2008,0,0,0,,0,
서울,동작구,상급종합병원,2009,1,1,0,0.0,1,1.0
서울,동작구,상급종합병원,2010,1,0,0,0.0,0,0.0
서울,동작구,상급종합병원,2011,1,0,0,0.0,0,0.0
서울,동작구,상급종합병원,2012,1,0,0,0.0,0,0.0
서울,동작구,상급종합병원,2013,1,0,0,0.0,0,0.0
서울,동작구,상급종합병원,2014,1,0,0,0.0,0,0.0
서울,동작구,상급종합병원,2015,1,0,0,0.0,0,0.0
서울,동작구,상급종합병원,2016,1,0,0,0.0,0,0.0
서울,동작구,상급종합병원,2017,1,0,0,0.0,0,0.0
서울,동작구,상급종합병원,2018,1,0,0,0.0,0,0.0
서울,동작구,상급종합병원,2019,1,0,0,0.0,0,0.0
서울,동작구,상급종합병원,2020,1,0,0,0.0,0,0.0
서울,동작구,상급종합병원,2021,1,0,0,0.0,0,0.0
서울,동작구,상급종합병원,2022,1,0,0,0.0,0,0.0
서울,동작구,상급종합병원,2023,1,0,0,0.0,0,0.0
서울,동작구,상급종합병원,2024,1,0,0,0.0,0,0.0
서울,동작구,상급종합병원,2025,1,0,0,0.0,0,0.0
서울,동작구,의원,2007,225,,6,0.02666666666666667,,
서울,동작구,의원,2008,231,6,13,0.05627705627705628,19,0.08225108225108226
서울,동작구,의원,2009,234,3,13,0.05555555555555555,16,0.06837606837606838
서울,동작구,의원,2010,241,7,7,0.029045643153526972,14,0.058091286307053944
서울,동작구,의원,2011,242,1,10,0.04132231404958678,11,0.045454545454545456
서울,동작구,의원,2012,244,2,12,0.04918032786885246,14,0.05737704918032787
서울,동작구,의원,2013,239,-5,8,0.03347280334728033,3,0.012552301255230125
서울,동작구,의원,2014,239,0,2,0.008368200836820083,2,0.008368200836820083
서울,동작구,의원,2015,238,-1,5,0.02100840336134454,4,0.01680672268907563
서울,동작구,의원,2016,245,7,4,0.0163265306122449,11,0.044897959183673466
서울,동작구,의원,2017,254,9,8,0.031496062992125984,17,0.06692913385826772
서울,동작구,의원,2018,254,0,4,0.015748031496062992,4,0.015748031496062992
서울,동작구,의원,2019,254,0,5,0.01968503937007874,5,0.01968503937007874
서울,동작구,의원,2020,265,11,5,0.018867924528301886,16,0.06037735849056604
서울,동작구,의원,2021,275,10,9,0.03272727272727273,19,0.06909090909090909
서울,동작구,의원,2022,274,-1,6,0.021897810218978103,5,0.01824817518248175
서울,동작구,의원,2023,277,3,6,0.021660649819494584,9,0.032490974729241874
서울,동작구,의원,2024,278,1,8,0.02877697841726619,9,0.03237410071942446
서울,동작구,의원,2025,290,12,13,0.04482758620689655,25,0.08620689655172414
서울,동작구,종합병원,2007,2,,0,0.0,,
서울,동작구,종합병원,2008,2,0,0,0.0,0,0.0
서울,동작구,종합병원,2009,1,-1,0,0.0,-1,-1.0
서울,동작구,종합병원,2010,1,0,0,0.0,0,0.0
서울,동작구,종합병원,2011,1,0,0,0.0,0,0.0
서울,동작구,종합병원,2012,1,0,0,0.0,0,0.0
서울,동작구,종합병원,2013,1,0,0,0.0,0,0.0
서울,동작구,종합병원,2014,1,0,0,0.0,0,0.0
서울,동작구,종합병원,2015,1,0,0,0.0,0,0.0
서울,동작구,종합병원,2016,1,0,0,0.0,0,0.0
서울,동작구,종합병원,2017,1,0,0,0.0,0,0.0
서울,동작구,종합병원,2018,1,0,0,0.0,0,0.0
서울,동작구,종합병원,2019,1,0,0,0.0,0,0.0
서울,동작구,종합병원,2020,1,0,0,0.0,0,0.0
서울,동작구,종합병원,2021,1,0,0,0.0,0,0.0
서울,동작구,종합병원,2022,1,0,0,0.0,0,0.0
서울,동작구,종합병원,2023,1,0,0,0.0,0,0.0
서울,동작구,종합병원,2024,1,0,0,0.0,0,0.0
서울,동작구,종합병원,2025,1,0,0,0.0,0,0.0
서울,마포구,병원,2007,5,,1,0.2,,
서울,마포구,병원,2008,4,-1,0,0.0,-1,-0.25
서울,마포구,병원,2009,4,0,0,0.0,0,0.0
서울,마포구,병원,2010,4,0,0,0.0,0,0.0
서울,마포구,병원,2011,3,-1,2,0.6666666666666666,1,0.3333333333333333
서울,마포구,병원,2012,2,-1,0,0.0,-1,-0.5
서울,마포구,병원,2013,2,0,0,0.0,0,0.0
서울,마포구,병원,2014,2,0,0,0.0,0,0.0
서울,마포구,병원,2015,1,-1,0,0.0,-1,-1.0
서울,마포구,병원,2016,1,0,0,0.0,0,0.0
서울,마포구,병원,2017,1,0,0,0.0,0,0.0
서울,마포구,병원,2018,2,1,0,0.0,1,0.5
서울,마포구,병원,2019,2,0,0,0.0,0,0.0
서울,마포구,병원,2020,3,1,0,0.0,1,0.3333333333333333
서울,마포구,병원,2021,3,0,0,0.0,0,0.0
서울,마포구,병원,2022,4,1,0,0.0,1,0.25
서울,마포구,병원,2023,5,1,0,0.0,1,0.2
서울,마포구,병원,2024,5,0,0,0.0,0,0.0
서울,마포구,병원,2025,5,0,0,0.0,0,0.0
서울,마포구,상급종합병원,2007,0,,0,,,
서울,마포구,상급종합병원,2008,0,0,0,,0,
서울,마포구,상급종합병원,2009,0,0,0,,0,
서울,마포구,상급종합병원,2010,0,0,0,,0,
서울,마포구,상급종합병원,2011,0,0,0,,0,
서울,마포구,상급종합병원,2012,0,0,0,,0,
서울,마포구,상급종합병원,2013,0,0,0,,0,
서울,마포구,상급종합병원,2014,0,0,0,,0,
서울,마포구,상급종합병원,2015,0,0,0,,0,
서울,마포구,상급종합병원,2016,0,0,0,,0,
서울,마포구,상급종합병원,2017,0,0,0,,0,
서울,마포구,상급종합병원,2018,0,0,0,,0,
서울,마포구,상급종합병원,2019,0,0,0,,0,
서울,마포구,상급종합병원,2020,0,0,0,,0,
서울,마포구,상급종합병원,2021,0,0,0,,0,
서울,마포구,상급종합병원,2022,0,0,0,,0,
서울,마포구,상급종합병원,2023,0,0,0,,0,
서울,마포구,상급종합병원,2024,0,0,0,,0,
서울,마포구,상급종합병원,2025,0,0,0,,0,
서울,마포구,의원,2007,247,,5,0.020242914979757085,,
서울,마포구,의원,2008,264,17,8,0.030303030303030304,25,0.0946969696969697
서울,마포구,의원,2009,275,11,7,0.025454545454545455,18,0.06545454545454546
서울,마포구,의원,2010,281,6,18,0.06405693950177936,24,0.08540925266903915
서울,마포구,의원,2011,288,7,14,0.04861111111111111,21,0.07291666666666667
서울,마포구,의원,2012,292,4,12,0.0410958904109589,16,0.0547945205479452
서울,마포구,의원,2013,297,5,10,0.03367003367003367,15,0.050505050505050504
서울,마포구,의원,2014,307,10,5,0.016286644951140065,15,0.048859934853420196
서울,마포구,의원,2015,324,17,9,0.027777777777777776,26,0.08024691358024691
서울,마포구,의원,2016,338,14,16,0.047337278106508875,30,0.08875739644970414
서울,마포구,의원,2017,344,6,17,0.04941860465116279,23,0.06686046511627906
서울,마포구,의원,2018,353,9,15,0.042492917847025496,24,0.0679886685552408
서울,마포구,의원,2019,362,9,12,0.03314917127071823,21,0.058011049723756904
서울,마포구,의원,2020,370,8,13,0.03513513513513514,21,0.05675675675675676
서울,마포구,의원,2021,380,10,11,0.02894736842105263,21,0.05526315789473684
서울,마포구,의원,2022,395,15,17,0.043037974683544304,32,0.0810126582278481
서울,마포구,의원,2023,400,5,13,0.0325,18,0.045
서울,마포구,의원,2024,405,5,18,0.044444444444444446,23,0.056790123456790124
서울,마포구,의원,2025,424,19,8,0.018867924528301886,27,0.06367924528301887
서울,마포구,종합병원,2007,0,,0,,,
서울,마포구,종합병원,2008,0,0,0,,0,
서울,마포구,종합병원,2009,0,0,0,,0,
서울,마포구,종합병원,2010,0,0,0,,0,
서울,마포구,종합병원,2011,0,0,0,,0,
서울,마포구,종합병원,2012,0,0,0,,0,
서울,마포구,종합병원,2013,0,0,0,,0,
서울,마포구,종합병원,2014,0,0,0,,0,
서울,마포구,종합병원,2015,0,0,0,,0,
서울,마포구,종합병원,2016,0,0,0,,0,
서울,마포구,종합병원,2017,0,0,0,,0,
서울,마포구,종합병원,2018,0,0,0,,0,
서울,마포구,종합병원,2019,0,0,0,,0,
서울,마포구,종합병원,2020,0,0,0,,0,
서울,마포구,종합병원,2021,0,0,0,,0,
서울,마포구,종합병원,2022,0,0,0,,0,
서울,마포구,종합병원,2023,0,0,0,,0,
서울,마포구,종합병원,2024,0,0,0,,0,
서울,마포구,종합병원,2025,0,0,0,,0,
서울,서대문구,병원,2007,3,,0,0.0,,
서울,서대문구,병원,2008,3,0,0,0.0,0,0.0
서울,서대문구,병원,2009,4,1,0,0.0,1,0.25
서울,서대문구,병원,2010,4,0,0,0.0,0,0.0
서울,서대문구,병원,2011,4,0,1,0.25,1,0.25
서울,서대문구,병원,2012,3,-1,0,0.0,-1,-0.3333333333333333
서울,서대문구,병원,2013,3,0,0,0.0,0,0.0
서울,서대문구,병원,2014,3,0,0,0.0,0,0.0
서울,서대문구,병원,2015,4,1,0,0.0,1,0.25
서울,서대문구,병원,2016,5,1,0,0.0,1,0.2
서울,서대문구,병원,2017,5,0,1,0.2,1,0.2
서울,서대문구,병원,2018,5,0,0,0.0,0,0.0
서울,서대문구,병원,2019,5,0,0,0.0,0,0.0
서울,서대문구,병원,2020,5,0,0,0.0,0,0.0
서울,서대문구,병원,2021,5,0,0,0.0,0,0.0
서울,서대문구,병원,2022,5,0,0,0.0,0,0.0
서울,서대문구,병원,2023,5,0,0,0.0,0,0.0
서울,서대문구,병원,2024,4,-1,2,0.5,1,0.25
서울,서대문구,병원,2025,3,-1,0,0.0,-1,-0.3333333333333333
서울,서대문구,상급종합병원,2007,1,,0,0.0,,
서울,서대문구,상급종합병원,2008,1,0,0,0.0,0,0.0
서울,서대문구,상급종합병원,2009,1,0,0,0.0,0,0.0
서울,서대문구,상급종합병원,2010,1,0,0,0.0,0,0.0
서울,서대문구,상급종합병원,2011,1,0,0,0.0,0,0.0
서울,서대문구,상급종합병원,2012,1,0,0,0.0,0,0.0
서울,서대문구,상급종합병원,2013,1,0,0,0.0,0,0.0
서울,서대문구,상급종합병원,2014,1,0,0,0.0,0,0.0
서울,서대문구,상급종합병원,2015,1,0,0,0.0,0,0.0
서울,서대문구,상급종합병원,2016,1,0,0,0.0,0,0.0
서울,서대문구,상급종합병원,2017,1,0,0,0.0,0,0.0
서울,서대문구,상급종합병원,2018,1,0,0,0.0,0,0.0
서울,서대문구,상급종합병원,2019,1,0,0,0.0,0,0.0
서울,서대문구,상급종합병원,2020,1,0,0,0.0,0,0.0
서울,서대문구,상급종합병원,2021,1,0,0,0.0,0,0.0
서울,서대문구,상급종합병원,2022,1,0,0,0.0,0,0.0
서울,서대문구,상급종합병원,2023,1,0,0,0.0,0,0.0
서울,서대문구,상급종합병원,2024,1,0,0,0.0,0,0.0
서울,서대문구,상급종합병원,2025,1,0,0,0.0,0,0.0
서울,서대문구,의원,2007,200,,6,0.03,,
서울,서대문구,의원,2008,202,2,9,0.04455445544554455,11,0.054455445544554455
서울,서대문구,의원,2009,200,-2,10,0.05,8,0.04
서울,서대문구,의원,2010,191,-9,7,0.03664921465968586,-2,-0.010471204188481676
서울,서대문구,의원,2011,187,-4,7,0.0374331550802139,3,0.016042780748663103
서울,서대문구,의원,2012,187,0,9,0.0481283422459893,9,0.0481283422459893
서울,서대문구,의원,2013,186,-1,7,0.03763440860215054,6,0.03225806451612903
서울,서대문구,의원,2014,191,5,5,0.02617801047120419,10,0.05235602094240838
서울,서대문구,의원,2015,191,0,5,0.02617801047120419,5,0.02617801047120419
서울,서대문구,의원,2016,202,11,6,0.0297029702970297,17,0.08415841584158416
서울,서대문구,의원,2017,203,1,9,0.04433497536945813,10,0.04926108374384237
서울,서대문구,의원,2018,207,4,7,0.033816425120772944,11,0.05314009661835749
서울,서대문구,의원,2019,204,-3,6,0.029411764705882353,3,0.014705882352941176
서울,서대문구,의원,2020,208,4,3,0.014423076923076924,7,0.03365384615384615
서울,서대문구,의원,2021,210,2,11,0.05238095238095238,13,0.06190476190476191
서울,서대문구,의원,2022,208,-2,10,0.04807692307692308,8,0.038461538461538464
서울,서대문구,의원,2023,203,-5,8,0.03940886699507389,3,0.014778325123152709
서울,서대문구,의원,2024,209,6,4,0.019138755980861243,10,0.04784688995215311
서울,서대문구,의원,2025,216,7,11,0.05092592592592592,18,0.08333333333333333
서울,서대문구,종합병원,2007,1,,0,0.0,,
서울,서대문구,종합병원,2008,1,0,0,0.0,0,0.0
서울,서대문구,종합병원,2009,1,0,0,0.0,0,0.0
서울,서대문구,종합병원,2010,1,0,0,0.0,0,0.0
서울,서대문구,종합병원,2011,1,0,0,0.0,0,0.0
서울,서대문구,종합병원,2012,1,0,0,0.0,0,0.0
서울,서대문구,종합병원,2013,1,0,0,0.0,0,0.0
서울,서대문구,종합병원,2014,1,0,0,0.0,0,0.0
서울,서대문구,종합병원,2015,1,0,0,0.0,0,0.0
서울,서대문구,종합병원,2016,1,0,0,0.0,0,0.0
서울,서대문구,종합병원,2017,1,0,0,0.0,0,0.0
서울,서대문구,종합병원,2018,1,0,0,0.0,0,0.0
서울,서대문구,종합병원,2019,1,0,0,0.0,0,0.0
서울,서대문구,종합병원,2020,1,0,0,0.0,0,0.0
서울,서대문구,종합병원,2021,1,0,0,0.0,0,0.0
서울,서대문구,종합병원,2022,1,0,0,0.0,0,0.0
서울,서대문구,종합병원,2023,1,0,0,0.0,0,0.0
서울,서대문구,종합병원,2024,1,0,0,0.0,0,0.0
서울,서대문구,종합병원,2025,1,0,0,0.0,0,0.0
서울,서초구,병원,2007,7,,0,0.0,,
서울,서초구,병원,2008,8,1,0,0.0,1,0.125
서울,서초구,병원,2009,8,0,2,0.25,2,0.25
서울,서초구,병원,2010,7,-1,1,0.14285714285714285,0,0.0
서울,서초구,병원,2011,6,-1,0,0.0,-1,-0.16666666666666666
서울,서초구,병원,2012,6,0,0,0.0,0,0.0
서울,서초구,병원,2013,8,2,1,0.125,3,0.375
서울,서초구,병원,2014,8,0,1,0.125,1,0.125
서울,서초구,병원,2015,8,0,1,0.125,1,0.125
서울,서초구,병원,2016,10,2,0,0.0,2,0.2
서울,서초구,병원,2017,10,0,0,0.0,0,0.0
서울,서초구,병원,2018,10,0,0,0.0,0,0.0
서울,서초구,병원,2019,11,1,0,0.0,1,0.09090909090909091
서울,서초구,병원,2020,12,1,0,0.0,1,0.08333333333333333
서울,서초구,병원,2021,13,1,0,0.0,1,0.07692307692307693
서울,서초구,병원,2022,12,-1,0,0.0,-1,-0.08333333333333333
서울,서초구,병원,2023,13,1,1,0.07692307692307693,2,0.15384615384615385
서울,서초구,병원,2024,13,0,2,0.15384615384615385,2,0.15384615384615385
서울,서초구,병원,2025,14,1,0,0.0,1,0.07142857142857142
서울,서초구,상급종합병원,2007,1,,0,0.0,,
서울,서초구,상급종합병원,2008,1,0,0,0.0,0,0.0
서울,서초구,상급종합병원,2009,1,0,0,0.0,0,0.0
서울,서초구,상급종합병원,2010,1,0,0,0.0,0,0.0
서울,서초구,상급종합병원,2011,1,0,0,0.0,0,0.0
서울,서초구,상급종합병원,2012,1,0,0,0.0,0,0.0
서울,서초구,상급종합병원,2013,1,0,0,0.0,0,0.0
서울,서초구,상급종합병원,2014,1,0,0,0.0,0,0.0
서울,서초구,상급종합병원,2015,1,0,0,0.0,0,0.0
서울,서초구,상급종합병원,2016,1,0,0,0.0,0,0.0
서울,서초구,상급종합병원,2017,1,0,0,0.0,0,0.0
서울,서초구,상급종합병원,2018,1,0,0,0.0,0,0.0
서울,서초구,상급종합병원,2019,1,0,0,0.0,0,0.0
서울,서초구,상급종합병원,2020,1,0,0,0.0,0,0.0
서울,서초구,상급종합병원,2021,1,0,0,0.0,0,0.0
서울,서초구,상급종합병원,2022,1,0,0,0.0,0,0.0
서울,서초구,상급종합병원,2023,1,0,0,0.0,0,0.0
서울,서초구,상급종합병원,2024,1,0,0,0.0,0,0.0
서울,서초구,상급종합병원,2025,1,0,0,0.0,0,0.0
서울,서초구,의원,2007,380,,22,0.05789473684210526,,
서울,서초구,의원,2008,422,42,25,0.05924170616113744,67,0.15876777251184834
서울,서초구,의원,2009,450,28,21,0.04666666666666667,49,0.10888888888888888
서울,서초구,의원,2010,477,27,23,0.04821802935010482,50,0.10482180293501048
서울,서초구,의원,2011,499,22,18,0.036072144288577156,40,0.08016032064128256
서울,서초구,의원,2012,535,36,21,0.03925233644859813,57,0.10654205607476636
서울,서초구,의원,2013,537,2,35,0.06517690875232775,37,0.06890130353817504
서울,서초구,의원,2014,548,11,29,0.05291970802919708,40,0.072992700729927
서울,서초구,의원,2015,567,19,24,0.042328042328042326,43,0.07583774250440917
서울,서초구,의원,2016,580,13,36,0.06206896551724138,49,0.08448275862068966
서울,서초구,의원,2017,599,19,35,0.05843071786310518,54,0.09015025041736227
서울,서초구,의원,2018,601,2,26,0.04326123128119801,28,0.04658901830282862
서울,서초구,의원,2019,608,7,26,0.04276315789473684,33,0.054276315789473686
서울,서초구,의원,2020,637,29,27,0.0423861852433281,56,0.08791208791208792
서울,서초구,의원,2021,682,45,29,0.04252199413489736,74,0.10850439882697947
서울,서초구,의원,2022,737,55,27,0.036635006784260515,82,0.1112618724559023
서울,서초구,의원,2023,791,54,36,0.045512010113780026,90,0.11378002528445007
서울,서초구,의원,2024,839,48,32,0.03814064362336114,80,0.09535160905840286
서울,서초구,의원,2025,906,67,32,0.03532008830022075,99,0.10927152317880795
서울,서초구,종합병원,2007,0,,0,,,
서울,서초구,종합병원,2008,0,0,0,,0,
서울,서초구,종합병원,2009,0,0,0,,0,
서울,서초구,종합병원,2010,0,0,0,,0,
서울,서초구,종합병원,2011,0,0,0,,0,
서울,서초구,종합병원,2012,0,0,0,,0,
서울,서초구,종합병원,2013,0,0,0,,0,
서울,서초구,종합병원,2014,0,0,0,,0,
서울,서초구,종합병원,2015,0,0,0,,0,
서울,서초구,종합병원,2016,0,0,0,,0,
서울,서초구,종합병원,2017,0,0,0,,0,
서울,서초구,종합병원,2018,0,0,0,,0,
서울,서초구,종합병원,2019,0,0,0,,0,
서울,서초구,종합병원,2020,0,0,0,,0,
서울,서초구,종합병원,2021,0,0,0,,0,
서울,서초구,종합병원,2022,0,0,0,,0,
서울,서초구,종합병원,2023,0,0,0,,0,
서울,서초구,종합병원,2024,1,1,0,0.0,1,1.0
서울,서초구,종합병원,2025,1,0,0,0.0,0,0.0
서울,성동구,병원,2007,6,,0,0.0,,
서울,성동구,병원,2008,6,0,1,0.16666666666666666,1,0.16666666666666666
서울,성동구,병원,2009,5,-1,0,0.0,-1,-0.2
서울,성동구,병원,2010,5,0,0,0.0,0,0.0
서울,성동구,병원,2011,6,1,1,0.16666666666666666,2,0.3333333333333333
서울,성동구,병원,2012,6,0,1,0.16666666666666666,1,0.16666666666666666
서울,성동구,병원,2013,6,0,0,0.0,0,0.0
서울,성동구,병원,2014,6,0,1,0.16666666666666666,1,0.16666666666666666
서울,성동구,병원,2015,6,0,1,0.16666666666666666,1,0.16666666666666666
서울,성동구,병원,2016,6,0,2,0.3333333333333333,2,0.3333333333333333
서울,성동구,병원,2017,6,0,0,0.0,0,0.0
서울,성동구,병원,2018,7,1,1,0.14285714285714285,2,0.2857142857142857
서울,성동구,병원,2019,5,-2,0,0.0,-2,-0.4
서울,성동구,병원,2020,6,1,1,0.16666666666666666,2,0.3333333333333333
서울,성동구,병원,2021,6,0,0,0.0,0,0.0
서울,성동구,병원,2022,6,0,0,0.0,0,0.0
서울,성동구,병원,2023,5,-1,0,0.0,-1,-0.2
서울,성동구,병원,2024,5,0,1,0.2,1,0.2
서울,성동구,병원,2025,4,-1,0,0.0,-1,-0.25
서울,성동구,상급종합병원,2007,1,,0,0.0,,
서울,성동구,상급종합병원,2008,1,0,0,0.0,0,0.0
서울,성동구,상급종합병원,2009,1,0,0,0.0,0,0.0
서울,성동구,상급종합병원,2010,1,0,0,0.0,0,0.0
서울,성동구,상급종합병원,2011,1,0,0,0.0,0,0.0
서울,성동구,상급종합병원,2012,1,0,0,0.0,0,0.0
서울,성동구,상급종합병원,2013,1,0,0,0.0,0,0.0
서울,성동구,상급종합병원,2014,1,0,0,0.0,0,0.0
서울,성동구,상급종합병원,2015,1,0,0,0.0,0,0.0
서울,성동구,상급종합병원,2016,1,0,0,0.0,0,0.0
서울,성동구,상급종합병원,2017,1,0,0,0.0,0,0.0
서울,성동구,상급종합병원,2018,1,0,0,0.0,0,0.0
서울,성동구,상급종합병원,2019,1,0,0,0.0,0,0.0
서울,성동구,상급종합병원,2020,1,0,0,0.0,0,0.0
서울,성동구,상급종합병원,2021,1,0,0,0.0,0,0.0
서울,성동구,상급종합병원,2022,1,0,0,0.0,0,0.0
서울,성동구,상급종합병원,2023,1,0,0,0.0,0,0.0
서울,성동구,상급종합병원,2024,1,0,0,0.0,0,0.0
서울,성동구,상급종합병원,2025,1,0,0,0.0,0,0.0
서울,성동구,의원,2007,172,,12,0.06976744186046512,,
서울,성동구,의원,2008,175,3,9,0.05142857142857143,12,0.06857142857142857
서울,성동구,의원,2009,174,-1,9,0.05172413793103448,8,0.04597701149425287
서울,성동구,의원,2010,166,-8,9,0.05421686746987952,1,0.006024096385542169
서울,성동구,의원,2011,164,-2,6,0.036585365853658534,4,0.024390243902439025
서울,성동구,의원,2012,167,3,8,0.04790419161676647,11,0.0658682634730539
서울,성동구,의원,2013,172,5,6,0.03488372093023256,11,0.06395348837209303
서울,성동구,의원,2014,170,-2,3,0.01764705882352941,1,0.0058823529411764705
서울,성동구,의원,2015,172,2,6,0.03488372093023256,8,0.046511627906976744
서울,성동구,의원,2016,179,7,6,0.0335195530726257,13,0.07262569832402235
서울,성동구,의원,2017,187,8,5,0.026737967914438502,13,0.06951871657754011
서울,성동구,의원,2018,200,13,7,0.035,20,0.1
서울,성동구,의원,2019,200,0,1,0.005,1,0.005
서울,성동구,의원,2020,211,11,8,0.037914691943127965,19,0.09004739336492891
서울,성동구,의원,2021,219,8,8,0.0365296803652968,16,0.0730593607305936
서울,성동구,의원,2022,233,14,3,0.012875536480686695,17,0.07296137339055794
서울,성동구,의원,2023,237,4,3,0.012658227848101266,7,0.029535864978902954
서울,성동구,의원,2024,252,15,8,0.031746031746031744,23,0.09126984126984126
서울,성동구,의원,2025,254,2,8,0.031496062992125984,10,0.03937007874015748
서울,성동구,종합병원,2007,0,,0,,,
서울,성동구,종합병원,2008,0,0,0,,0,
서울,성동구,종합병원,2009,0,0,0,,0,
서울,성동구,종합병원,2010,0,0,0,,0,
서울,성동구,종합병원,2011,0,0,0,,0,
서울,성동구,종합병원,2012,0,0,0,,0,
서울,성동구,종합병원,2013,0,0,0,,0,
서울,성동구,종합병원,2014,0,0,0,,0,
서울,성동구,종합병원,2015,0,0,0,,0,
서울,성동구,종합병원,2016,0,0,0,,0,
서울,성동구,종합병원,2017,0,0,0,,0,
서울,성동구,종합병원,2018,0,0,0,,0,
서울,성동구,종합병원,2019,0,0,0,,0,
서울,성동구,종합병원,2020,0,0,0,,0,
서울,성동구,종합병원,2021,0,0,0,,0,
서울,성동구,종합병원,2022,0,0,0,,0,
서울,성동구,종합병원,2023,0,0,0,,0,
서울,성동구,종합병원,2024,0,0,0,,0,
서울,성동구,종합병원,2025,1,1,0,0.0,1,1.0
서울,성북구,병원,2007,8,,1,0.125,,
서울,성북구,병원,2008,7,-1,0,0.0,-1,-0.14285714285714285
서울,성북구,병원,2009,6,-1,0,0.0,-1,-0.16666666666666666
서울,성북구,병원,2010,6,0,0,0.0,0,0.0
서울,성북구,병원,2011,6,0,2,0.3333333333333333,2,0.3333333333333333
서울,성북구,병원,2012,5,-1,0,0.0,-1,-0.2
서울,성북구,병원,2013,5,0,0,0.0,0,0.0
서울,성북구,병원,2014,5,0,0,0.0,0,0.0
서울,성북구,병원,2015,5,0,0,0.0,0,0.0
서울,성북구,병원,2016,5,0,0,0.0,0,0.0
서울,성북구,병원,2017,6,1,0,0.0,1,0.16666666666666666
서울,성북구,병원,2018,7,1,0,0.0,1,0.14285714285714285
서울,성북구,병원,2019,6,-1,1,0.16666666666666666,0,0.0
서울,성북구,병원,2020,6,0,0,0.0,0,0.0
서울,성북구,병원,2021,6,0,0,0.0,0,0.0
서울,성북구,병원,2022,6,0,0,0.0,0,0.0
서울,성북구,병원,2023,6,0,0,0.0,0,0.0
서울,성북구,병원,2024,6,0,0,0.0,0,0.0
서울,성북구,병원,2025,6,0,0,0.0,0,0.0
서울,성북구,상급종합병원,2007,1,,0,0.0,,
서울,성북구,상급종합병원,2008,1,0,0,0.0,0,0.0
서울,성북구,상급종합병원,2009,1,0,0,0.0,0,0.0
서울,성북구,상급종합병원,2010,1,0,0,0.0,0,0.0
서울,성북구,상급종합병원,2011,1,0,0,0.0,0,0.0
서울,성북구,상급종합병원,2012,1,0,0,0.0,0,0.0
서울,성북구,상급종합병원,2013,1,0,0,0.0,0,0.0
서울,성북구,상급종합병원,2014,1,0,0,0.0,0,0.0
서울,성북구,상급종합병원,2015,1,0,0,0.0,0,0.0
서울,성북구,상급종합병원,2016,1,0,0,0.0,0,0.0
서울,성북구,상급종합병원,2017,1,0,0,0.0,0,0.0
서울,성북구,상급종합병원,2018,1,0,0,0.0,0,0.0
서울,성북구,상급종합병원,2019,1,0,0,0.0,0,0.0
서울,성북구,상급종합병원,2020,1,0,0,0.0,0,0.0
서울,성북구,상급종합병원,2021,1,0,0,0.0,0,0.0
서울,성북구,상급종합병원,2022,1,0,0,0.0,0,0.0
서울,성북구,상급종합병원,2023,1,0,0,0.0,0,0.0
서울,성북구,상급종합병원,2024,1,0,0,0.0,0,0.0
서울,성북구,상급종합병원,2025,1,0,0,0.0,0,0.0
서울,성북구,의원,2007,264,,20,0.07575757575757576,,
서울,성북구,의원,2008,256,-8,14,0.0546875,6,0.0234375
서울,성북구,의원,2009,264,8,15,0.056818181818181816,23,0.08712121212121213
서울,성북구,의원,2010,261,-3,11,0.0421455938697318,8,0.03065134099616858
서울,성북구,의원,2011,278,17,17,0.06115107913669065,34,0.1223021582733813
서울,성북구,의원,2012,276,-2,14,0.050724637681159424,12,0.043478260869565216
서울,성북구,의원,2013,267,-9,12,0.0449438202247191,3,0.011235955056179775
서울,성북구,의원,2014,264,-3,15,0.056818181818181816,12,0.045454545454545456
서울,성북구,의원,2015,252,-12,11,0.04365079365079365,-1,-0.003968253968253968
서울,성북구,의원,2016,246,-6,8,0.032520325203252036,2,0.008130081300813009
서울,성북구,의원,2017,249,3,10,0.040160642570281124,13,0.05220883534136546
서울,성북구,의원,2018,250,1,10,0.04,11,0.044
서울,성북구,의원,2019,251,1,8,0.03187250996015936,9,0.035856573705179286
서울,성북구,의원,2020,254,3,11,0.04330708661417323,14,0.05511811023622047
서울,성북구,의원,2021,256,2,7,0.02734375,9,0.03515625
서울,성북구,의원,2022,254,-2,2,0.007874015748031496,0,0.0
서울,성북구,의원,2023,257,3,6,0.023346303501945526,9,0.03501945525291829
서울,성북구,의원,2024,262,5,7,0.026717557251908396,12,0.04580152671755725
서울,성북구,의원,2025,270,8,5,0.018518518518518517,13,0.04814814814814815
서울,성북구,종합병원,2007,0,,0,,,
서울,성북구,종합병원,2008,0,0,0,,0,
서울,성북구,종합병원,2009,0,0,0,,0,
서울,성북구,종합병원,2010,0,0,0,,0,
서울,성북구,종합병원,2011,0,0,0,,0,
서울,성북구,종합병원,2012,0,0,0,,0,
서울,성북구,종합병원,2013,0,0,0,,0,
서울,성북구,종합병원,2014,0,0,0,,0,
서울,성북구,종합병원,2015,0,0,0,,0,
서울,성북구,종합병원,2016,0,0,0,,0,
서울,성북구,종합병원,2017,0,0,0,,0,
서울,성북구,종합병원,2018,0,0,0,,0,
서울,성북구,종합병원,2019,0,0,0,,0,
서울,성북구,종합병원,2020,0,0,0,,0,
서울,성북구,종합병원,2021,0,0,0,,0,
서울,성북구,종합병원,2022,0,0,0,,0,
서울,성북구,종합병원,2023,0,0,0,,0,
서울,성북구,종합병원,2024,0,0,0,,0,
서울,성북구,종합병원,2025,0,0,0,,0,
서울,송파구,병원,2007,5,,0,0.0,,
서울,송파구,병원,2008,8,3,0,0.0,3,0.375
서울,송파구,병원,2009,10,2,1,0.1,3,0.3
서울,송파구,병원,2010,12,2,1,0.08333333333333333,3,0.25
서울,송파구,병원,2011,12,0,3,0.25,3,0.25
서울,송파구,병원,2012,13,1,0,0.0,1,0.07692307692307693
서울,송파구,병원,2013,12,-1,1,0.08333333333333333,0,0.0
서울,송파구,병원,2014,14,2,2,0.14285714285714285,4,0.2857142857142857
서울,송파구,병원,2015,15,1,1,0.06666666666666667,2,0.13333333333333333
서울,송파구,병원,2016,14,-1,0,0.0,-1,-0.07142857142857142
서울,송파구,병원,2017,15,1,0,0.0,1,0.06666666666666667
서울,송파구,병원,2018,16,1,0,0.0,1,0.0625
서울,송파구,병원,2019,16,0,1,0.0625,1,0.0625
서울,송파구,병원,2020,16,0,0,0.0,0,0.0
서울,송파구,병원,2021,18,2,2,0.1111111111111111,4,0.2222222222222222
서울,송파구,병원,2022,18,0,0,0.0,0,0.0
서울,송파구,병원,2023,22,4,2,0.09090909090909091,6,0.2727272727272727
서울,송파구,병원,2024,20,-2,1,0.05,-1,-0.05
서울,송파구,병원,2025,22,2,1,0.045454545454545456,3,0.13636363636363635
서울,송파구,상급종합병원,2007,1,,0,0.0,,
서울,송파구,상급종합병원,2008,1,0,0,0.0,0,0.0
서울,송파구,상급종합병원,2009,1,0,0,0.0,0,0.0
서울,송파구,상급종합병원,2010,1,0,0,0.0,0,0.0
서울,송파구,상급종합병원,2011,1,0,0,0.0,0,0.0
서울,송파구,상급종합병원,2012,1,0,0,0.0,0,0.0
서울,송파구,상급종합병원,2013,1,0,0,0.0,0,0.0
서울,송파구,상급종합병원,2014,1,0,0,0.0,0,0.0
서울,송파구,상급종합병원,2015,1,0,0,0.0,0,0.0
서울,송파구,상급종합병원,2016,1,0,0,0.0,0,0.0
서울,송파구,상급종합병원,2017,1,0,0,0.0,0,0.0
서울,송파구,상급종합병원,2018,1,0,0,0.0,0,0.0
서울,송파구,상급종합병원,2019,1,0,0,0.0,0,0.0
서울,송파구,상급종합병원,2020,1,0,0,0.0,0,0.0
서울,송파구,상급종합병원,2021,1,0,0,0.0,0,0.0
서울,송파구,상급종합병원,2022,1,0,0,0.0,0,0.0
서울,송파구,상급종합병원,2023,1,0,0,0.0,0,0.0
서울,송파구,상급종합병원,2024,1,0,0,0.0,0,0.0
서울,송파구,상급종합병원,2025,1,0,0,0.0,0,0.0
서울,송파구,의원,2007,389,,19,0.04884318766066838,,
서울,송파구,의원,2008,399,10,21,0.05263157894736842,31,0.07769423558897243
서울,송파구,의원,2009,408,9,21,0.051470588235294115,30,0.07352941176470588
서울,송파구,의원,2010,420,12,21,0.05,33,0.07857142857142857
서울,송파구,의원,2011,426,6,21,0.04929577464788732,27,0.06338028169014084
서울,송파구,의원,2012,436,10,32,0.07339449541284404,42,0.0963302752293578
서울,송파구,의원,2013,440,4,21,0.04772727272727273,25,0.056818181818181816
서울,송파구,의원,2014,445,5,20,0.0449438202247191,25,0.056179775280898875
서울,송파구,의원,2015,450,5,22,0.04888888888888889,27,0.06
서울,송파구,의원,2016,465,15,17,0.03655913978494624,32,0.06881720430107527
서울,송파구,의원,2017,481,16,14,0.029106029106029108,30,0.062370062370062374
서울,송파구,의원,2018,513,32,18,0.03508771929824561,50,0.09746588693957114
서울,송파구,의원,2019,535,22,16,0.029906542056074768,38,0.07102803738317758
서울,송파구,의원,2020,572,37,24,0.04195804195804196,61,0.10664335664335664
서울,송파구,의원,2021,579,7,21,0.03626943005181347,28,0.04835924006908463
서울,송파구,의원,2022,599,20,33,0.05509181969949917,53,0.08848080133555926
서울,송파구,의원,2023,608,9,16,0.02631578947368421,25,0.04111842105263158
서울,송파구,의원,2024,629,21,17,0.02702702702702703,38,0.06041335453100159
서울,송파구,의원,2025,637,8,14,0.02197802197802198,22,0.03453689167974882
서울,송파구,종합병원,2007,2,,0,0.0,,
서울,송파구,종합병원,2008,2,0,0,0.0,0,0.0
서울,송파구,종합병원,2009,2,0,1,0.5,1,0.5
서울,송파구,종합병원,2010,1,-1,0,0.0,-1,-1.0
서울,송파구,종합병원,2011,1,0,0,0.0,0,0.0
서울,송파구,종합병원,2012,1,0,0,0.0,0,0.0
서울,송파구,종합병원,2013,1,0,0,0.0,0,0.0
서울,송파구,종합병원,2014,1,0,0,0.0,0,0.0
서울,송파구,종합병원,2015,1,0,0,0.0,0,0.0
서울,송파구,종합병원,2016,1,0,0,0.0,0,0.0
서울,송파구,종합병원,2017,1,0,0,0.0,0,0.0
서울,송파구,종합병원,2018,1,0,0,0.0,0,0.0
서울,송파구,종합병원,2019,1,0,0,0.0,0,0.0
서울,송파구,종합병원,2020,1,0,0,0.0,0,0.0
서울,송파구,종합병원,2021,1,0,0,0.0,0,0.0
서울,송파구,종합병원,2022,1,0,0,0.0,0,0.0
서울,송파구,종합병원,2023,1,0,0,0.0,0,0.0
서울,송파구,종합병원,2024,1,0,0,0.0,0,0.0
서울,송파구,종합병원,2025,1,0,0,0.0,0,0.0
서울,양천구,병원,2007,5,,2,0.4,,
서울,양천구,병원,2008,4,-1,0,0.0,-1,-0.25
서울,양천구,병원,2009,5,1,1,0.2,2,0.4
서울,양천구,병원,2010,4,-1,0,0.0,-1,-0.25
서울,양천구,병원,2011,5,1,1,0.2,2,0.4
서울,양천구,병원,2012,5,0,1,0.2,1,0.2
서울,양천구,병원,2013,5,0,1,0.2,1,0.2
서울,양천구,병원,2014,7,2,1,0.14285714285714285,3,0.42857142857142855
서울,양천구,병원,2015,6,-1,0,0.0,-1,-0.16666666666666666
서울,양천구,병원,2016,5,-1,1,0.2,0,0.0
서울,양천구,병원,2017,5,0,0,0.0,0,0.0
서울,양천구,병원,2018,5,0,0,0.0,0,0.0
서울,양천구,병원,2019,5,0,1,0.2,1,0.2
서울,양천구,병원,2020,5,0,1,0.2,1,0.2
서울,양천구,병원,2021,5,0,0,0.0,0,0.0
서울,양천구,병원,2022,5,0,0,0.0,0,0.0
서울,양천구,병원,2023,5,0,0,0.0,0,0.0
서울,양천구,병원,2024,4,-1,1,0.25,0,0.0
서울,양천구,병원,2025,4,0,0,0.0,0,0.0
서울,양천구,상급종합병원,2007,1,,0,0.0,,
서울,양천구,상급종합병원,2008,1,0,0,0.0,0,0.0
서울,양천구,상급종합병원,2009,1,0,0,0.0,0,0.0
서울,양천구,상급종합병원,2010,1,0,0,0.0,0,0.0
서울,양천구,상급종합병원,2011,1,0,0,0.0,0,0.0
서울,양천구,상급종합병원,2012,1,0,0,0.0,0,0.0
서울,양천구,상급종합병원,2013,1,0,0,0.0,0,0.0
서울,양천구,상급종합병원,2014,1,0,0,0.0,0,0.0
서울,양천구,상급종합병원,2015,1,0,0,0.0,0,0.0
서울,양천구,상급종합병원,2016,1,0,0,0.0,0,0.0
서울,양천구,상급종합병원,2017,1,0,0,0.0,0,0.0
서울,양천구,상급종합병원,2018,0,-1,0,,-1,
서울,양천구,상급종합병원,2019,0,0,0,,0,
서울,양천구,상급종합병원,2020,0,0,0,,0,
서울,양천구,상급종합병원,2021,1,1,0,0.0,1,1.0
서울,양천구,상급종합병원,2022,1,0,0,0.0,0,0.0
서울,양천구,상급종합병원,2023,1,0,0,0.0,0,0.0
서울,양천구,상급종합병원,2024,1,0,0,0.0,0,0.0
서울,양천구,상급종합병원,2025,1,0,0,0.0,0,0.0
서울,양천구,의원,2007,245,,13,0.053061224489795916,,
서울,양천구,의원,2008,252,7,15,0.05952380952380952,22,0.0873015873015873
서울,양천구,의원,2009,255,3,11,0.043137254901960784,14,0.054901960784313725
서울,양천구,의원,2010,257,2,15,0.058365758754863814,17,0.06614785992217899
서울,양천구,의원,2011,259,2,15,0.05791505791505792,17,0.06563706563706563
서울,양천구,의원,2012,264,5,9,0.03409090909090909,14,0.05303030303030303
서울,양천구,의원,2013,264,0,14,0.05303030303030303,14,0.05303030303030303
서울,양천구,의원,2014,260,-4,9,0.03461538461538462,5,0.019230769230769232
서울,양천구,의원,2015,272,12,10,0.03676470588235294,22,0.08088235294117647
서울,양천구,의원,2016,267,-5,9,0.033707865168539325,4,0.0149812734082397
서울,양천구,의원,2017,276,9,9,0.03260869565217391,18,0.06521739130434782
서울,양천구,의원,2018,276,0,11,0.03985507246376811,11,0.03985507246376811
서울,양천구,의원,2019,275,-1,11,0.04,10,0.03636363636363636
서울,양천구,의원,2020,286,11,10,0.03496503496503497,21,0.07342657342657342
서울,양천구,의원,2021,287,1,7,0.024390243902439025,8,0.027874564459930314
서울,양천구,의원,2022,295,8,9,0.030508474576271188,17,0.0576271186440678
서울,양천구,의원,2023,313,18,9,0.02875399361022364,27,0.08626198083067092
서울,양천구,의원,2024,318,5,5,0.015723270440251572,10,0.031446540880503145
서울,양천구,의원,2025,322,4,9,0.027950310559006212,13,0.040372670807453416
서울,양천구,종합병원,2007,2,,1,0.5,,
서울,양천구,종합병원,2008,2,0,1,0.5,1,0.5
서울,양천구,종합병원,2009,1,-1,0,0.0,-1,-1.0
서울,양천구,종합병원,2010,1,0,0,0.0,0,0.0
서울,양천구,종합병원,2011,1,0,0,0.0,0,0.0
서울,양천구,종합병원,2012,1,0,0,0.0,0,0.0
서울,양천구,종합병원,2013,1,0,0,0.0,0,0.0
서울,양천구,종합병원,2014,1,0,0,0.0,0,0.0
서울,양천구,종합병원,2015,1,0,0,0.0,0,0.0
서울,양천구,종합병원,2016,1,0,0,0.0,0,0.0
서울,양천구,종합병원,2017,1,0,0,0.0,0,0.0
서울,양천구,종합병원,2018,2,1,0,0.0,1,0.5
서울,양천구,종합병원,2019,3,1,0,0.0,1,0.3333333333333333
서울,양천구,종합병원,2020,3,0,0,0.0,0,0.0
서울,양천구,종합병원,2021,2,-1,0,0.0,-1,-0.5
서울,양천구,종합병원,2022,2,0,0,0.0,0,0.0
서울,양천구,종합병원,2023,2,0,0,0.0,0,0.0
서울,양천구,종합병원,2024,2,0,0,0.0,0,0.0
서울,양천구,종합병원,2025,2,0,0,0.0,0,0.0
서울,영등포구,병원,2007,7,,2,0.2857142857142857,,
서울,영등포구,병원,2008,8,1,1,0.125,2,0.25
서울,영등포구,병원,2009,7,-1,0,0.0,-1,-0.14285714285714285
서울,영등포구,병원,2010,7,0,0,0.0,0,0.0
서울,영등포구,병원,2011,9,2,1,0.1111111111111111,3,0.3333333333333333
서울,영등포구,병원,2012,9,0,2,0.2222222222222222,2,0.2222222222222222
서울,영등포구,병원,2013,9,0,1,0.1111111111111111,1,0.1111111111111111
서울,영등포구,병원,2014,10,1,2,0.2,3,0.3
서울,영등포구,병원,2015,10,0,1,0.1,1,0.1
서울,영등포구,병원,2016,11,1,1,0.09090909090909091,2,0.18181818181818182
서울,영등포구,병원,2017,10,-1,3,0.3,2,0.2
서울,영등포구,병원,2018,9,-1,1,0.1111111111111111,0,0.0
서울,영등포구,병원,2019,8,-1,0,0.0,-1,-0.125
서울,영등포구,병원,2020,8,0,1,0.125,1,0.125
서울,영등포구,병원,2021,7,-1,1,0.14285714285714285,0,0.0
서울,영등포구,병원,2022,8,1,1,0.125,2,0.25
서울,영등포구,병원,2023,8,0,0,0.0,0,0.0
서울,영등포구,병원,2024,9,1,0,0.0,1,0.1111111111111111
서울,영등포구,병원,2025,9,0,0,0.0,0,0.0
서울,영등포구,상급종합병원,2007,2,,0,0.0,,
서울,영등포구,상급종합병원,2008,2,0,0,0.0,0,0.0
서울,영등포구,상급종합병원,2009,1,-1,0,0.0,-1,-1.0
서울,영등포구,상급종합병원,2010,1,0,0,0.0,0,0.0
서울,영등포구,상급종합병원,2011,1,0,0,0.0,0,0.0
서울,영등포구,상급종합병원,2012,1,0,0,0.0,0,0.0
서울,영등포구,상급종합병원,2013,1,0,0,0.0,0,0.0
서울,영등포구,상급종합병원,2014,1,0,0,0.0,0,0.0
서울,영등포구,상급종합병원,2015,0,-1,0,,-1,
서울,영등포구,상급종합병원,2016,0,0,0,,0,
서울,영등포구,상급종합병원,2017,0,0,0,,0,
서울,영등포구,상급종합병원,2018,0,0,0,,0,
서울,영등포구,상급종합병원,2019,0,0,0,,0,
서울,영등포구,상급종합병원,2020,0,0,0,,0,
서울,영등포구,상급종합병원,2021,0,0,0,,0,
서울,영등포구,상급종합병원,2022,0,0,0,,0,
서울,영등포구,상급종합병원,2023,0,0,0,,0,
서울,영등포구,상급종합병원,2024,0,0,0,,0,
서울,영등포구,상급종합병원,2025,0,0,0,,0,
서울,영등포구,의원,2007,272,,12,0.04411764705882353,,
서울,영등포구,의원,2008,281,9,25,0.08896797153024912,34,0.12099644128113879
서울,영등포구,의원,2009,274,-7,14,0.051094890510948905,7,0.025547445255474453
서울,영등포구,의원,2010,289,15,12,0.04152249134948097,27,0.09342560553633218
서울,영등포구,의원,2011,298,9,15,0.050335570469798654,24,0.08053691275167785
서울,영등포구,의원,2012,293,-5,13,0.04436860068259386,8,0.027303754266211604
서울,영등포구,의원,2013,288,-5,19,0.06597222222222222,14,0.04861111111111111
서울,영등포구,의원,2014,290,2,10,0.034482758620689655,12,0.041379310344827586
서울,영등포구,의원,2015,297,7,9,0.030303030303030304,16,0.05387205387205387
서울,영등포구,의원,2016,307,10,10,0.03257328990228013,20,0.06514657980456026
서울,영등포구,의원,2017,307,0,14,0.04560260586319218,14,0.04560260586319218
서울,영등포구,의원,2018,316,9,17,0.05379746835443038,26,0.08227848101265822
서울,영등포구,의원,2019,333,17,8,0.024024024024024024,25,0.07507507507507508
서울,영등포구,의원,2020,339,6,15,0.04424778761061947,21,0.061946902654867256
서울,영등포구,의원,2021,365,26,9,0.024657534246575342,35,0.0958904109589041
서울,영등포구,의원,2022,370,5,13,0.03513513513513514,18,0.04864864864864865
서울,영등포구,의원,2023,382,12,10,0.02617801047120419,22,0.05759162303664921
서울,영등포구,의원,2024,389,7,11,0.028277634961439587,18,0.04627249357326478
서울,영등포구,의원,2025,414,25,10,0.024154589371980676,35,0.08454106280193237
서울,영등포구,종합병원,2007,5,,0,0.0,,
서울,영등포구,종합병원,2008,5,0,0,0.0,0,0.0
서울,영등포구,종합병원,2009,6,1,0,0.0,1,0.16666666666666666
서울,영등포구,종합병원,2010,6,0,0,0.0,0,0.0
서울,영등포구,종합병원,2011,6,0,0,0.0,0,0.0
서울,영등포구,종합병원,2012,6,0,0,0.0,0,0.0
서울,영등포구,종합병원,2013,6,0,0,0.0,0,0.0
서울,영등포구,종합병원,2014,6,0,0,0.0,0,0.0
서울,영등포구,종합병원,2015,7,1,0,0.0,1,0.14285714285714285
서울,영등포구,종합병원,2016,7,0,0,0.0,0,0.0
서울,영등포구,종합병원,2017,7,0,0,0.0,0,0.0
서울,영등포구,종합병원,2018,7,0,0,0.0,0,0.0
서울,영등포구,종합병원,2019,7,0,0,0.0,0,0.0
서울,영등포구,종합병원,2020,7,0,0,0.0,0,0.0
서울,영등포구,종합병원,2021,7,0,0,0.0,0,0.0
서울,영등포구,종합병원,2022,7,0,0,0.0,0,0.0
서울,영등포구,종합병원,2023,7,0,0,0.0,0,0.0
서울,영등포구,종합병원,2024,7,0,0,0.0,0,0.0
서울,영등포구,종합병원,2025,7,0,0,0.0,0,0.0
서울,용산구,병원,2007,2,,0,0.0,,
서울,용산구,병원,2008,2,0,1,0.5,1,0.5
서울,용산구,병원,2009,2,0,0,0.0,0,0.0
서울,용산구,병원,2010,2,0,1,0.5,1,0.5
서울,용산구,병원,2011,1,-1,0,0.0,-1,-1.0
서울,용산구,병원,2012,1,0,0,0.0,0,0.0
서울,용산구,병원,2013,1,0,0,0.0,0,0.0
서울,용산구,병원,2014,1,0,0,0.0,0,0.0
서울,용산구,병원,2015,2,1,0,0.0,1,0.5
서울,용산구,병원,2016,2,0,0,0.0,0,0.0
서울,용산구,병원,2017,2,0,0,0.0,0,0.0
서울,용산구,병원,2018,2,0,0,0.0,0,0.0
서울,용산구,병원,2019,2,0,0,0.0,0,0.0
서울,용산구,병원,2020,2,0,0,0.0,0,0.0
서울,용산구,병원,2021,2,0,0,0.0,0,0.0
서울,용산구,병원,2022,2,0,0,0.0,0,0.0
서울,용산구,병원,2023,2,0,1,0.5,1,0.5
서울,용산구,병원,2024,1,-1,0,0.0,-1,-1.0
서울,용산구,병원,2025,1,0,0,0.0,0,0.0
서울,용산구,상급종합병원,2007,2,,0,0.0,,
서울,용산구,상급종합병원,2008,2,0,0,0.0,0,0.0
서울,용산구,상급종합병원,2009,1,-1,0,0.0,-1,-1.0
서울,용산구,상급종합병원,2010,1,0,0,0.0,0,0.0
서울,용산구,상급종합병원,2011,1,0,0,0.0,0,0.0
서울,용산구,상급종합병원,2012,1,0,0,0.0,0,0.0
서울,용산구,상급종합병원,2013,1,0,0,0.0,0,0.0
서울,용산구,상급종합병원,2014,1,0,0,0.0,0,0.0
서울,용산구,상급종합병원,2015,0,-1,0,,-1,
서울,용산구,상급종합병원,2016,0,0,0,,0,
서울,용산구,상급종합병원,2017,0,0,0,,0,
서울,용산구,상급종합병원,2018,0,0,0,,0,
서울,용산구,상급종합병원,2019,0,0,0,,0,
서울,용산구,상급종합병원,2020,0,0,0,,0,
서울,용산구,상급종합병원,2021,0,0,0,,0,
서울,용산구,상급종합병원,2022,0,0,0,,0,
서울,용산구,상급종합병원,2023,0,0,0,,0,
서울,용산구,상급종합병원,2024,0,0,0,,0,
서울,용산구,상급종합병원,2025,0,0,0,,0,
서울,용산구,의원,2007,110,,10,0.09090909090909091,,
서울,용산구,의원,2008,106,-4,6,0.05660377358490566,2,0.018867924528301886
서울,용산구,의원,2009,113,7,6,0.05309734513274336,13,0.11504424778761062
서울,용산구,의원,2010,111,-2,6,0.05405405405405406,4,0.036036036036036036
서울,용산구,의원,2011,115,4,5,0.043478260869565216,9,0.0782608695652174
서울,용산구,의원,2012,117,2,3,0.02564102564102564,5,0.042735042735042736
서울,용산구,의원,2013,114,-3,9,0.07894736842105263,6,0.05263157894736842
서울,용산구,의원,2014,113,-1,3,0.02654867256637168,2,0.017699115044247787
서울,용산구,의원,2015,119,6,7,0.058823529411764705,13,0.1092436974789916
서울,용산구,의원,2016,123,4,5,0.04065040650406504,9,0.07317073170731707
서울,용산구,의원,2017,119,-4,5,0.04201680672268908,1,0.008403361344537815
서울,용산구,의원,2018,124,5,3,0.024193548387096774,8,0.06451612903225806
서울,용산구,의원,2019,131,7,1,0.007633587786259542,8,0.061068702290076333
서울,용산구,의원,2020,134,3,5,0.03731343283582089,8,0.05970149253731343
서울,용산구,의원,2021,146,12,3,0.02054794520547945,15,0.10273972602739725
서울,용산구,의원,2022,153,7,3,0.0196078431372549,10,0.06535947712418301
서울,용산구,의원,2023,158,5,6,0.0379746835443038,11,0.06962025316455696
서울,용산구,의원,2024,157,-1,9,0.05732484076433121,8,0.050955414012738856
서울,용산구,의원,2025,160,3,7,0.04375,10,0.0625
서울,용산구,종합병원,2007,2,,0,0.0,,
서울,용산구,종합병원,2008,2,0,0,0.0,0,0.0
서울,용산구,종합병원,2009,2,0,1,0.5,1,0.5
서울,용산구,종합병원,2010,2,0,0,0.0,0,0.0
서울,용산구,종합병원,2011,1,-1,1,1.0,0,0.0
서울,용산구,종합병원,2012,1,0,0,0.0,0,0.0
서울,용산구,종합병원,2013,1,0,0,0.0,0,0.0
서울,용산구,종합병원,2014,1,0,0,0.0,0,0.0
서울,용산구,종합병원,2015,1,0,1,1.0,1,1.0
서울,용산구,종합병원,2016,1,0,0,0.0,0,0.0
서울,용산구,종합병원,2017,1,0,0,0.0,0,0.0
서울,용산구,종합병원,2018,1,0,0,0.0,0,0.0
서울,용산구,종합병원,2019,1,0,0,0.0,0,0.0
서울,용산구,종합병원,2020,1,0,0,0.0,0,0.0
서울,용산구,종합병원,2021,1,0,0,0.0,0,0.0
서울,용산구,종합병원,2022,1,0,0,0.0,0,0.0
서울,용산구,종합병원,2023,1,0,0,0.0,0,0.0
서울,용산구,종합병원,2024,1,0,0,0.0,0,0.0
서울,용산구,종합병원,2025,1,0,0,0.0,0,0.0
서울,은평구,병원,2007,10,,0,0.0,,
서울,은평구,병원,2008,10,0,0,0.0,0,0.0
서울,은평구,병원,2009,10,0,0,0.0,0,0.0
서울,은평구,병원,2010,11,1,0,0.0,1,0.09090909090909091
서울,은평구,병원,2011,11,0,0,0.0,0,0.0
서울,은평구,병원,2012,12,1,0,0.0,1,0.08333333333333333
서울,은평구,병원,2013,12,0,0,0.0,0,0.0
서울,은평구,병원,2014,12,0,1,0.08333333333333333,1,0.08333333333333333
서울,은평구,병원,2015,12,0,0,0.0,0,0.0
서울,은평구,병원,2016,13,1,0,0.0,1,0.07692307692307693
서울,은평구,병원,2017,13,0,3,0.23076923076923078,3,0.23076923076923078
서울,은평구,병원,2018,11,-2,0,0.0,-2,-0.18181818181818182
서울,은평구,병원,2019,11,0,0,0.0,0,0.0
서울,은평구,병원,2020,11,0,0,0.0,0,0.0
서울,은평구,병원,2021,11,0,1,0.09090909090909091,1,0.09090909090909091
서울,은평구,병원,2022,10,-1,0,0.0,-1,-0.1
서울,은평구,병원,2023,10,0,0,0.0,0,0.0
서울,은평구,병원,2024,10,0,0,0.0,0,0.0
서울,은평구,병원,2025,10,0,0,0.0,0,0.0
서울,은평구,상급종합병원,2007,0,,0,,,
서울,은평구,상급종합병원,2008,0,0,0,,0,
서울,은평구,상급종합병원,2009,0,0,0,,0,
서울,은평구,상급종합병원,2010,0,0,0,,0,
서울,은평구,상급종합병원,2011,0,0,0,,0,
서울,은평구,상급종합병원,2012,0,0,0,,0,
서울,은평구,상급종합병원,2013,0,0,0,,0,
서울,은평구,상급종합병원,2014,0,0,0,,0,
서울,은평구,상급종합병원,2015,0,0,0,,0,
서울,은평구,상급종합병원,2016,0,0,0,,0,
서울,은평구,상급종합병원,2017,0,0,0,,0,
서울,은평구,상급종합병원,2018,0,0,0,,0,
서울,은평구,상급종합병원,2019,0,0,0,,0,
서울,은평구,상급종합병원,2020,0,0,0,,0,
서울,은평구,상급종합병원,2021,0,0,0,,0,
서울,은평구,상급종합병원,2022,0,0,0,,0,
서울,은평구,상급종합병원,2023,0,0,0,,0,
서울,은평구,상급종합병원,2024,0,0,0,,0,
서울,은평구,상급종합병원,2025,0,0,0,,0,
서울,은평구,의원,2007,246,,14,0.056910569105691054,,
서울,은평구,의원,2008,253,7,11,0.043478260869565216,18,0.07114624505928854
서울,은평구,의원,2009,252,-1,11,0.04365079365079365,10,0.03968253968253968
서울,은평구,의원,2010,255,3,8,0.03137254901960784,11,0.043137254901960784
서울,은평구,의원,2011,259,4,8,0.03088803088803089,12,0.04633204633204633
서울,은평구,의원,2012,251,-8,9,0.035856573705179286,1,0.00398406374501992
서울,은평구,의원,2013,265,14,6,0.022641509433962263,20,0.07547169811320754
서울,은평구,의원,2014,274,9,8,0.029197080291970802,17,0.06204379562043796
서울,은평구,의원,2015,278,4,8,0.02877697841726619,12,0.04316546762589928
서울,은평구,의원,2016,289,11,9,0.031141868512110725,20,0.06920415224913495
서울,은평구,의원,2017,294,5,8,0.027210884353741496,13,0.04421768707482993
서울,은평구,의원,2018,301,7,7,0.023255813953488372,14,0.046511627906976744
서울,은평구,의원,2019,314,13,10,0.03184713375796178,23,0.0732484076433121
서울,은평구,의원,2020,318,4,12,0.03773584905660377,16,0.050314465408805034
서울,은평구,의원,2021,321,3,11,0.03426791277258567,14,0.04361370716510903
서울,은평구,의원,2022,331,10,7,0.021148036253776436,17,0.0513595166163142
서울,은평구,의원,2023,330,-1,9,0.02727272727272727,8,0.024242424242424242
서울,은평구,의원,2024,337,7,10,0.02967359050445104,17,0.050445103857566766
서울,은평구,의원,2025,343,6,10,0.029154518950437316,16,0.04664723032069971
서울,은평구,종합병원,2007,1,,0,0.0,,
서울,은평구,종합병원,2008,1,0,0,0.0,0,0.0
서울,은평구,종합병원,2009,1,0,0,0.0,0,0.0
서울,은평구,종합병원,2010,1,0,0,0.0,0,0.0
서울,은평구,종합병원,2011,1,0,0,0.0,0,0.0
서울,은평구,종합병원,2012,1,0,0,0.0,0,0.0
서울,은평구,종합병원,2013,1,0,0,0.0,0,0.0
서울,은평구,종합병원,2014,1,0,0,0.0,0,0.0
서울,은평구,종합병원,2015,1,0,0,0.0,0,0.0
서울,은평구,종합병원,2016,1,0,0,0.0,0,0.0
서울,은평구,종합병원,2017,1,0,0,0.0,0,0.0
서울,은평구,종합병원,2018,1,0,0,0.0,0,0.0
서울,은평구,종합병원,2019,2,1,0,0.0,1,0.5
서울,은평구,종합병원,2020,2,0,0,0.0,0,0.0
서울,은평구,종합병원,2021,2,0,0,0.0,0,0.0
서울,은평구,종합병원,2022,2,0,0,0.0,0,0.0
서울,은평구,종합병원,2023,2,0,0,0.0,0,0.0
서울,은평구,종합병원,2024,2,0,0,0.0,0,0.0
서울,은평구,종합병원,2025,2,0,0,0.0,0,0.0
서울,종로구,병원,2007,3,,0,0.0,,
서울,종로구,병원,2008,2,-1,1,0.5,0,0.0
서울,종로구,병원,2009,2,0,0,0.0,0,0.0
서울,종로구,병원,2010,2,0,0,0.0,0,0.0
서울,종로구,병원,2011,2,0,0,0.0,0,0.0
서울,종로구,병원,2012,2,0,0,0.0,0,0.0
서울,종로구,병원,2013,2,0,1,0.5,1,0.5
서울,종로구,병원,2014,2,0,0,0.0,0,0.0
서울,종로구,병원,2015,2,0,0,0.0,0,0.0
서울,종로구,병원,2016,2,0,0,0.0,0,0.0
서울,종로구,병원,2017,2,0,0,0.0,0,0.0
서울,종로구,병원,2018,2,0,0,0.0,0,0.0
서울,종로구,병원,2019,3,1,0,0.0,1,0.3333333333333333
서울,종로구,병원,2020,3,0,0,0.0,0,0.0
서울,종로구,병원,2021,3,0,0,0.0,0,0.0
서울,종로구,병원,2022,3,0,0,0.0,0,0.0
서울,종로구,병원,2023,3,0,0,0.0,0,0.0
서울,종로구,병원,2024,3,0,0,0.0,0,0.0
서울,종로구,병원,2025,4,1,0,0.0,1,0.25
서울,종로구,상급종합병원,2007,2,,0,0.0,,
서울,종로구,상급종합병원,2008,2,0,0,0.0,0,0.0
서울,종로구,상급종합병원,2009,2,0,0,0.0,0,0.0
서울,종로구,상급종합병원,2010,2,0,0,0.0,0,0.0
서울,종로구,상급종합병원,2011,2,0,0,0.0,0,0.0
서울,종로구,상급종합병원,2012,2,0,0,0.0,0,0.0
서울,종로구,상급종합병원,2013,2,0,0,0.0,0,0.0
서울,종로구,상급종합병원,2014,2,0,0,0.0,0,0.0
서울,종로구,상급종합병원,2015,2,0,0,0.0,0,0.0
서울,종로구,상급종합병원,2016,2,0,0,0.0,0,0.0
서울,종로구,상급종합병원,2017,2,0,0,0.0,0,0.0
서울,종로구,상급종합병원,2018,2,0,0,0.0,0,0.0
서울,종로구,상급종합병원,2019,2,0,0,0.0,0,0.0
서울,종로구,상급종합병원,2020,2,0,0,0.0,0,0.0
서울,종로구,상급종합병원,2021,2,0,0,0.0,0,0.0
서울,종로구,상급종합병원,2022,2,0,0,0.0,0,0.0
서울,종로구,상급종합병원,2023,2,0,0,0.0,0,0.0
서울,종로구,상급종합병원,2024,2,0,0,0.0,0,0.0
서울,종로구,상급종합병원,2025,2,0,0,0.0,0,0.0
서울,종로구,의원,2007,156,,8,0.05128205128205128,,
서울,종로구,의원,2008,156,0,8,0.05128205128205128,8,0.05128205128205128
서울,종로구,의원,2009,162,6,3,0.018518518518518517,9,0.05555555555555555
서울,종로구,의원,2010,173,11,4,0.023121387283236993,15,0.08670520231213873
서울,종로구,의원,2011,170,-3,17,0.1,14,0.08235294117647059
서울,종로구,의원,2012,162,-8,10,0.06172839506172839,2,0.012345679012345678
서울,종로구,의원,2013,173,11,11,0.06358381502890173,22,0.12716763005780346
서울,종로구,의원,2014,167,-6,5,0.029940119760479042,-1,-0.005988023952095809
서울,종로구,의원,2015,171,4,12,0.07017543859649122,16,0.0935672514619883
서울,종로구,의원,2016,173,2,9,0.05202312138728324,11,0.06358381502890173
서울,종로구,의원,2017,176,3,6,0.03409090909090909,9,0.05113636363636364
서울,종로구,의원,2018,188,12,7,0.03723404255319149,19,0.10106382978723404
서울,종로구,의원,2019,191,3,11,0.05759162303664921,14,0.07329842931937172
서울,종로구,의원,2020,194,3,4,0.020618556701030927,7,0.03608247422680412
서울,종로구,의원,2021,201,7,6,0.029850746268656716,13,0.06467661691542288
서울,종로구,의원,2022,203,2,11,0.054187192118226604,13,0.06403940886699508
서울,종로구,의원,2023,206,3,7,0.03398058252427184,10,0.04854368932038835
서울,종로구,의원,2024,207,1,8,0.03864734299516908,9,0.043478260869565216
서울,종로구,의원,2025,209,2,8,0.03827751196172249,10,0.04784688995215311
서울,종로구,종합병원,2007,3,,0,0.0,,
서울,종로구,종합병원,2008,3,0,1,0.3333333333333333,1,0.3333333333333333
서울,종로구,종합병원,2009,2,-1,0,0.0,-1,-0.5
서울,종로구,종합병원,2010,2,0,0,0.0,0,0.0
서울,종로구,종합병원,2011,2,0,0,0.0,0,0.0
서울,종로구,종합병원,2012,2,0,0,0.0,0,0.0
서울,종로구,종합병원,2013,2,0,0,0.0,0,0.0
서울,종로구,종합병원,2014,2,0,0,0.0,0,0.0
서울,종로구,종합병원,2015,2,0,0,0.0,0,0.0
서울,종로구,종합병원,2016,2,0,0,0.0,0,0.0
서울,종로구,종합병원,2017,2,0,0,0.0,0,0.0
서울,종로구,종합병원,2018,2,0,0,0.0,0,0.0
서울,종로구,종합병원,2019,2,0,0,0.0,0,0.0
서울,종로구,종합병원,2020,2,0,0,0.0,0,0.0
서울,종로구,종합병원,2021,2,0,0,0.0,0,0.0
서울,종로구,종합병원,2022,2,0,0,0.0,0,0.0
서울,종로구,종합병원,2023,2,0,0,0.0,0,0.0
서울,종로구,종합병원,2024,2,0,0,0.0,0,0.0
서울,종로구,종합병원,2025,2,0,0,0.0,0,0.0
서울,중구,병원,2007,2,,0,0.0,,
서울,중구,병원,2008,2,0,0,0.0,0,0.0
서울,중구,병원,2009,2,0,0,0.0,0,0.0
서울,중구,병원,2010,2,0,0,0.0,0,0.0
서울,중구,병원,2011,2,0,0,0.0,0,0.0
서울,중구,병원,2012,2,0,0,0.0,0,0.0
서울,중구,병원,2013,2,0,0,0.0,0,0.0
서울,중구,병원,2014,2,0,0,0.0,0,0.0
서울,중구,병원,2015,2,0,0,0.0,0,0.0
서울,중구,병원,2016,2,0,0,0.0,0,0.0
서울,중구,병원,2017,3,1,0,0.0,1,0.3333333333333333
서울,중구,병원,2018,3,0,0,0.0,0,0.0
서울,중구,병원,2019,3,0,0,0.0,0,0.0
서울,중구,병원,2020,4,1,0,0.0,1,0.25
서울,중구,병원,2021,4,0,1,0.25,1,0.25
서울,중구,병원,2022,3,-1,0,0.0,-1,-0.3333333333333333
서울,중구,병원,2023,3,0,0,0.0,0,0.0
서울,중구,병원,2024,3,0,0,0.0,0,0.0
서울,중구,병원,2025,3,0,0,0.0,0,0.0
서울,중구,상급종합병원,2007,2,,0,0.0,,
서울,중구,상급종합병원,2008,2,0,0,0.0,0,0.0
서울,중구,상급종합병원,2009,1,-1,0,0.0,-1,-1.0
서울,중구,상급종합병원,2010,1,0,0,0.0,0,0.0
서울,중구,상급종합병원,2011,1,0,0,0.0,0,0.0
서울,중구,상급종합병원,2012,0,-1,0,,-1,
서울,중구,상급종합병원,2013,0,0,0,,0,
서울,중구,상급종합병원,2014,0,0,0,,0,
서울,중구,상급종합병원,2015,0,0,0,,0,
서울,중구,상급종합병원,2016,0,0,0,,0,
서울,중구,상급종합병원,2017,0,0,0,,0,
서울,중구,상급종합병원,2018,0,0,0,,0,
서울,중구,상급종합병원,2019,0,0,0,,0,
서울,중구,상급종합병원,2020,0,0,0,,0,
서울,중구,상급종합병원,2021,0,0,0,,0,
서울,중구,상급종합병원,2022,0,0,0,,0,
서울,중구,상급종합병원,2023,0,0,0,,0,
서울,중구,상급종합병원,2024,0,0,0,,0,
서울,중구,상급종합병원,2025,0,0,0,,0,
서울,중구,의원,2007,195,,23,0.11794871794871795,,
서울,중구,의원,2008,197,2,17,0.08629441624365482,19,0.09644670050761421
서울,중구,의원,2009,205,8,13,0.06341463414634146,21,0.1024390243902439
서울,중구,의원,2010,201,-4,19,0.0945273631840796,15,0.07462686567164178
서울,중구,의원,2011,204,3,10,0.049019607843137254,13,0.06372549019607843
서울,중구,의원,2012,210,6,16,0.0761904761904762,22,0.10476190476190476
서울,중구,의원,2013,214,4,14,0.06542056074766354,18,0.08411214953271028
서울,중구,의원,2014,208,-6,10,0.04807692307692308,4,0.019230769230769232
서울,중구,의원,2015,211,3,17,0.08056872037914692,20,0.0947867298578199
서울,중구,의원,2016,216,5,6,0.027777777777777776,11,0.05092592592592592
서울,중구,의원,2017,227,11,9,0.039647577092511016,20,0.0881057268722467
서울,중구,의원,2018,229,2,6,0.026200873362445413,8,0.034934497816593885
서울,중구,의원,2019,240,11,8,0.03333333333333333,19,0.07916666666666666
서울,중구,의원,2020,247,7,12,0.048582995951417005,19,0.07692307692307693
서울,중구,의원,2021,245,-2,6,0.024489795918367346,4,0.0163265306122449
서울,중구,의원,2022,252,7,3,0.011904761904761904,10,0.03968253968253968
서울,중구,의원,2023,264,12,8,0.030303030303030304,20,0.07575757575757576
서울,중구,의원,2024,285,21,10,0.03508771929824561,31,0.10877192982456141
서울,중구,의원,2025,298,13,10,0.03355704697986577,23,0.07718120805369127
서울,중구,종합병원,2007,1,,0,0.0,,
서울,중구,종합병원,2008,1,0,0,0.0,0,0.0
서울,중구,종합병원,2009,2,1,0,0.0,1,0.5
서울,중구,종합병원,2010,2,0,1,0.5,1,0.5
서울,중구,종합병원,2011,2,0,0,0.0,0,0.0
서울,중구,종합병원,2012,3,1,0,0.0,1,0.3333333333333333
서울,중구,종합병원,2013,3,0,0,0.0,0,0.0
서울,중구,종합병원,2014,3,0,0,0.0,0,0.0
서울,중구,종합병원,2015,3,0,0,0.0,0,0.0
서울,중구,종합병원,2016,3,0,0,0.0,0,0.0
서울,중구,종합병원,2017,3,0,0,0.0,0,0.0
서울,중구,종합병원,2018,3,0,0,0.0,0,0.0
서울,중구,종합병원,2019,3,0,1,0.3333333333333333,1,0.3333333333333333
서울,중구,종합병원,2020,2,-1,0,0.0,-1,-0.5
서울,중구,종합병원,2021,2,0,0,0.0,0,0.0
서울,중구,종합병원,2022,2,0,0,0.0,0,0.0
서울,중구,종합병원,2023,2,0,1,0.5,1,0.5
서울,중구,종합병원,2024,1,-1,0,0.0,-1,-1.0
서울,중구,종합병원,2025,1,0,0,0.0,0,0.0
서울,중랑구,병원,2007,4,,0,0.0,,
서울,중랑구,병원,2008,7,3,1,0.14285714285714285,4,0.5714285714285714
서울,중랑구,병원,2009,8,1,0,0.0,1,0.125
서울,중랑구,병원,2010,9,1,1,0.1111111111111111,2,0.2222222222222222
서울,중랑구,병원,2011,9,0,0,0.0,0,0.0
서울,중랑구,병원,2012,11,2,0,0.0,2,0.18181818181818182
서울,중랑구,병원,2013,11,0,0,0.0,0,0.0
서울,중랑구,병원,2014,13,2,1,0.07692307692307693,3,0.23076923076923078
서울,중랑구,병원,2015,12,-1,2,0.16666666666666666,1,0.08333333333333333
서울,중랑구,병원,2016,12,0,0,0.0,0,0.0
서울,중랑구,병원,2017,13,1,2,0.15384615384615385,3,0.23076923076923078
서울,중랑구,병원,2018,12,-1,0,0.0,-1,-0.08333333333333333
서울,중랑구,병원,2019,12,0,1,0.08333333333333333,1,0.08333333333333333
서울,중랑구,병원,2020,12,0,0,0.0,0,0.0
서울,중랑구,병원,2021,13,1,0,0.0,1,0.07692307692307693
서울,중랑구,병원,2022,13,0,1,0.07692307692307693,1,0.07692307692307693
서울,중랑구,병원,2023,13,0,1,0.07692307692307693,1,0.07692307692307693
서울,중랑구,병원,2024,13,0,2,0.15384615384615385,2,0.15384615384615385
서울,중랑구,병원,2025,13,0,1,0.07692307692307693,1,0.07692307692307693
서울,중랑구,상급종합병원,2007,0,,0,,,
서울,중랑구,상급종합병원,2008,0,0,0,,0,
서울,중랑구,상급종합병원,2009,0,0,0,,0,
서울,중랑구,상급종합병원,2010,0,0,0,,0,
서울,중랑구,상급종합병원,2011,0,0,0,,0,
서울,중랑구,상급종합병원,2012,0,0,0,,0,
서울,중랑구,상급종합병원,2013,0,0,0,,0,
서울,중랑구,상급종합병원,2014,0,0,0,,0,
서울,중랑구,상급종합병원,2015,0,0,0,,0,
서울,중랑구,상급종합병원,2016,0,0,0,,0,
서울,중랑구,상급종합병원,2017,0,0,0,,0,
서울,중랑구,상급종합병원,2018,0,0,0,,0,
서울,중랑구,상급종합병원,2019,0,0,0,,0,
서울,중랑구,상급종합병원,2020,0,0,0,,0,
서울,중랑구,상급종합병원,2021,0,0,0,,0,
서울,중랑구,상급종합병원,2022,0,0,0,,0,
서울,중랑구,상급종합병원,2023,0,0,0,,0,
서울,중랑구,상급종합병원,2024,0,0,0,,0,
서울,중랑구,상급종합병원,2025,0,0,0,,0,
서울,중랑구,의원,2007,219,,18,0.0821917808219178,,
서울,중랑구,의원,2008,219,0,16,0.0730593607305936,16,0.0730593607305936
서울,중랑구,의원,2009,220,1,14,0.06363636363636363,15,0.06818181818181818
서울,중랑구,의원,2010,221,1,11,0.049773755656108594,12,0.05429864253393665
서울,중랑구,의원,2011,223,2,4,0.017937219730941704,6,0.026905829596412557
서울,중랑구,의원,2012,217,-6,13,0.059907834101382486,7,0.03225806451612903
서울,중랑구,의원,2013,211,-6,17,0.08056872037914692,11,0.052132701421800945
서울,중랑구,의원,2014,214,3,5,0.02336448598130841,8,0.037383177570093455
서울,중랑구,의원,2015,224,10,11,0.049107142857142856,21,0.09375
서울,중랑구,의원,2016,223,-1,9,0.04035874439461883,8,0.03587443946188341
서울,중랑구,의원,2017,226,3,5,0.022123893805309734,8,0.035398230088495575
서울,중랑구,의원,2018,224,-2,10,0.044642857142857144,8,0.03571428571428571
서울,중랑구,의원,2019,229,5,6,0.026200873362445413,11,0.048034934497816595
서울,중랑구,의원,2020,243,14,7,0.02880658436213992,21,0.08641975308641975
서울,중랑구,의원,2021,246,3,8,0.032520325203252036,11,0.044715447154471545
서울,중랑구,의원,2022,251,5,10,0.0398406374501992,15,0.05976095617529881
서울,중랑구,의원,2023,262,11,8,0.030534351145038167,19,0.07251908396946564
서울,중랑구,의원,2024,267,5,6,0.02247191011235955,11,0.04119850187265917
서울,중랑구,의원,2025,272,5,8,0.029411764705882353,13,0.04779411764705882
서울,중랑구,종합병원,2007,2,,0,0.0,,
서울,중랑구,종합병원,2008,2,0,0,0.0,0,0.0
서울,중랑구,종합병원,2009,2,0,0,0.0,0,0.0
서울,중랑구,종합병원,2010,2,0,0,0.0,0,0.0
서울,중랑구,종합병원,2011,3,1,0,0.0,1,0.3333333333333333
서울,중랑구,종합병원,2012,2,-1,0,0.0,-1,-0.5
서울,중랑구,종합병원,2013,2,0,0,0.0,0,0.0
서울,중랑구,종합병원,2014,2,0,0,0.0,0,0.0
서울,중랑구,종합병원,2015,2,0,0,0.0,0,0.0
서울,중랑구,종합병원,2016,2,0,0,0.0,0,0.0
서울,중랑구,종합병원,2017,3,1,0,0.0,1,0.3333333333333333
서울,중랑구,종합병원,2018,3,0,0,0.0,0,0.0
서울,중랑구,종합병원,2019,3,0,0,0.0,0,0.0
서울,중랑구,종합병원,2020,3,0,0,0.0,0,0.0
서울,중랑구,종합병원,2021,3,0,0,0.0,0,0.0
서울,중랑구,종합병원,2022,3,0,0,0.0,0,0.0
서울,중랑구,종합병원,2023,3,0,0,0.0,0,0.0
서울,중랑구,종합병원,2024,3,0,0,0.0,0,0.0
서울,중랑구,종합병원,2025,3,0,0,0.0,0,0.0
울산,남구,병원,2007,18,,2,0.1111111111111111,,
울산,남구,병원,2008,19,1,0,0.0,1,0.05263157894736842
울산,남구,병원,2009,19,0,2,0.10526315789473684,2,0.10526315789473684
울산,남구,병원,2010,20,1,0,0.0,1,0.05
울산,남구,병원,2011,20,0,1,0.05,1,0.05
울산,남구,병원,2012,20,0,2,0.1,2,0.1
울산,남구,병원,2013,20,0,1,0.05,1,0.05
울산,남구,병원,2014,19,-1,1,0.05263157894736842,0,0.0
울산,남구,병원,2015,18,-1,2,0.1111111111111111,1,0.05555555555555555
울산,남구,병원,2016,20,2,1,0.05,3,0.15
울산,남구,병원,2017,20,0,0,0.0,0,0.0
울산,남구,병원,2018,19,-1,2,0.10526315789473684,1,0.05263157894736842
울산,남구,병원,2019,18,-1,0,0.0,-1,-0.05555555555555555
울산,남구,병원,2020,20,2,0,0.0,2,0.1
울산,남구,병원,2021,20,0,2,0.1,2,0.1
울산,남구,병원,2022,20,0,0,0.0,0,0.0
울산,남구,병원,2023,20,0,1,0.05,1,0.05
울산,남구,병원,2024,19,-1,2,0.10526315789473684,1,0.05263157894736842
울산,남구,병원,2025,19,0,0,0.0,0,0.0
울산,남구,상급종합병원,2007,0,,0,,,
울산,남구,상급종합병원,2008,0,0,0,,0,
울산,남구,상급종합병원,2009,0,0,0,,0,
울산,남구,상급종합병원,2010,0,0,0,,0,
울산,남구,상급종합병원,2011,0,0,0,,0,
울산,남구,상급종합병원,2012,0,0,0,,0,
울산,남구,상급종합병원,2013,0,0,0,,0,
울산,남구,상급종합병원,2014,0,0,0,,0,
울산,남구,상급종합병원,2015,0,0,0,,0,
울산,남구,상급종합병원,2016,0,0,0,,0,
울산,남구,상급종합병원,2017,0,0,0,,0,
울산,남구,상급종합병원,2018,0,0,0,,0,
울산,남구,상급종합병원,2019,0,0,0,,0,
울산,남구,상급종합병원,2020,0,0,0,,0,
울산,남구,상급종합병원,2021,0,0,0,,0,
울산,남구,상급종합병원,2022,0,0,0,,0,
울산,남구,상급종합병원,2023,0,0,0,,0,
울산,남구,상급종합병원,2024,0,0,0,,0,
울산,남구,상급종합병원,2025,0,0,0,,0,
울산,남구,의원,2007,216,,18,0.08333333333333333,,
울산,남구,의원,2008,216,0,11,0.05092592592592592,11,0.05092592592592592
울산,남구,의원,2009,220,4,4,0.01818181818181818,8,0.03636363636363636
울산,남구,의원,2010,229,9,13,0.056768558951965066,22,0.09606986899563319
울산,남구,의원,2011,227,-2,11,0.048458149779735685,9,0.039647577092511016
울산,남구,의원,2012,232,5,13,0.05603448275862069,18,0.07758620689655173
울산,남구,의원,2013,228,-4,13,0.05701754385964912,9,0.039473684210526314
울산,남구,의원,2014,238,10,13,0.0546218487394958,23,0.09663865546218488
울산,남구,의원,2015,250,12,8,0.032,20,0.08
울산,남구,의원,2016,261,11,6,0.022988505747126436,17,0.06513409961685823
울산,남구,의원,2017,266,5,14,0.05263157894736842,19,0.07142857142857142
울산,남구,의원,2018,264,-2,8,0.030303030303030304,6,0.022727272727272728
울산,남구,의원,2019,271,7,6,0.02214022140221402,13,0.04797047970479705
울산,남구,의원,2020,270,-1,8,0.02962962962962963,7,0.025925925925925925
울산,남구,의원,2021,271,1,8,0.02952029520295203,9,0.033210332103321034
울산,남구,의원,2022,273,2,5,0.018315018315018316,7,0.02564102564102564
울산,남구,의원,2023,276,3,4,0.014492753623188406,7,0.025362318840579712
울산,남구,의원,2024,287,11,11,0.03832752613240418,22,0.07665505226480836
울산,남구,의원,2025,293,6,7,0.023890784982935155,13,0.04436860068259386
울산,남구,종합병원,2007,1,,0,0.0,,
울산,남구,종합병원,2008,1,0,0,0.0,0,0.0
울산,남구,종합병원,2009,1,0,0,0.0,0,0.0
울산,남구,종합병원,2010,1,0,0,0.0,0,0.0
울산,남구,종합병원,2011,1,0,0,0.0,0,0.0
울산,남구,종합병원,2012,1,0,0,0.0,0,0.0
울산,남구,종합병원,2013,1,0,0,0.0,0,0.0
울산,남구,종합병원,2014,1,0,0,0.0,0,0.0
울산,남구,종합병원,2015,2,1,0,0.0,1,0.5
울산,남구,종합병원,2016,3,1,0,0.0,1,0.3333333333333333
울산,남구,종합병원,2017,3,0,0,0.0,0,0.0
울산,남구,종합병원,2018,3,0,0,0.0,0,0.0
울산,남구,종합병원,2019,3,0,0,0.0,0,0.0
울산,남구,종합병원,2020,3,0,0,0.0,0,0.0
울산,남구,종합병원,2021,3,0,0,0.0,0,0.0
울산,남구,종합병원,2022,3,0,0,0.0,0,0.0
울산,남구,종합병원,2023,3,0,0,0.0,0,0.0
울산,남구,종합병원,2024,3,0,0,0.0,0,0.0
울산,남구,종합병원,2025,3,0,0,0.0,0,0.0
울산,동구,병원,2007,0,,0,,,
울산,동구,병원,2008,0,0,0,,0,
울산,동구,병원,2009,0,0,0,,0,
울산,동구,병원,2010,0,0,0,,0,
울산,동구,병원,2011,0,0,0,,0,
울산,동구,병원,2012,1,1,0,0.0,1,1.0
울산,동구,병원,2013,1,0,0,0.0,0,0.0
울산,동구,병원,2014,2,1,0,0.0,1,0.5
울산,동구,병원,2015,2,0,0,0.0,0,0.0
울산,동구,병원,2016,2,0,0,0.0,0,0.0
울산,동구,병원,2017,2,0,1,0.5,1,0.5
울산,동구,병원,2018,1,-1,0,0.0,-1,-1.0
울산,동구,병원,2019,1,0,0,0.0,0,0.0
울산,동구,병원,2020,1,0,0,0.0,0,0.0
울산,동구,병원,2021,1,0,0,0.0,0,0.0
울산,동구,병원,2022,1,0,0,0.0,0,0.0
울산,동구,병원,2023,1,0,1,1.0,1,1.0
울산,동구,병원,2024,0,-1,0,,-1,
울산,동구,병원,2025,0,0,0,,0,
울산,동구,상급종합병원,2007,0,,0,,,
울산,동구,상급종합병원,2008,0,0,0,,0,
울산,동구,상급종합병원,2009,0,0,0,,0,
울산,동구,상급종합병원,2010,0,0,0,,0,
울산,동구,상급종합병원,2011,0,0,0,,0,
울산,동구,상급종합병원,2012,0,0,0,,0,
울산,동구,상급종합병원,2013,0,0,0,,0,
울산,동구,상급종합병원,2014,0,0,0,,0,
울산,동구,상급종합병원,2015,1,1,0,0.0,1,1.0
울산,동구,상급종합병원,2016,1,0,0,0.0,0,0.0
울산,동구,상급종합병원,2017,1,0,0,0.0,0,0.0
울산,동구,상급종합병원,2018,0,-1,0,,-1,
울산,동구,상급종합병원,2019,0,0,0,,0,
울산,동구,상급종합병원,2020,0,0,0,,0,
울산,동구,상급종합병원,2021,1,1,0,0.0,1,1.0
울산,동구,상급종합병원,2022,1,0,0,0.0,0,0.0
울산,동구,상급종합병원,2023,1,0,0,0.0,0,0.0
울산,동구,상급종합병원,2024,1,0,0,0.0,0,0.0
울산,동구,상급종합병원,2025,1,0,0,0.0,0,0.0
울산,동구,의원,2007,81,,3,0.037037037037037035,,
울산,동구,의원,2008,84,3,2,0.023809523809523808,5,0.05952380952380952
울산,동구,의원,2009,80,-4,3,0.0375,-1,-0.0125
울산,동구,의원,2010,81,1,0,0.0,1,0.012345679012345678
울산,동구,의원,2011,81,0,1,0.012345679012345678,1,0.012345679012345678
울산,동구,의원,2012,81,0,3,0.037037037037037035,3,0.037037037037037035
울산,동구,의원,2013,79,-2,3,0.0379746835443038,1,0.012658227848101266
울산,동구,의원,2014,81,2,1,0.012345679012345678,3,0.037037037037037035
울산,동구,의원,2015,85,4,2,0.023529411764705882,6,0.07058823529411765
울산,동구,의원,2016,88,3,2,0.022727272727272728,5,0.056818181818181816
울산,동구,의원,2017,90,2,1,0.011111111111111112,3,0.03333333333333333
울산,동구,의원,2018,89,-1,0,0.0,-1,-0.011235955056179775
울산,동구,의원,2019,89,0,4,0.0449438202247191,4,0.0449438202247191
울산,동구,의원,2020,86,-3,1,0.011627906976744186,-2,-0.023255813953488372
울산,동구,의원,2021,82,-4,3,0.036585365853658534,-1,-0.012195121951219513
울산,동구,의원,2022,84,2,2,0.023809523809523808,4,0.047619047619047616
울산,동구,의원,2023,85,1,1,0.011764705882352941,2,0.023529411764705882
울산,동구,의원,2024,86,1,2,0.023255813953488372,3,0.03488372093023256
울산,동구,의원,2025,88,2,2,0.022727272727272728,4,0.045454545454545456
울산,동구,종합병원,2007,1,,0,0.0,,
울산,동구,종합병원,2008,1,0,0,0.0,0,0.0
울산,동구,종합병원,2009,1,0,0,0.0,0,0.0
울산,동구,종합병원,2010,1,0,0,0.0,0,0.0
울산,동구,종합병원,2011,1,0,0,0.0,0,0.0
울산,동구,종합병원,2012,1,0,0,0.0,0,0.0
울산,동구,종합병원,2013,1,0,0,0.0,0,0.0
울산,동구,종합병원,2014,1,0,0,0.0,0,0.0
울산,동구,종합병원,2015,0,-1,0,,-1,
울산,동구,종합병원,2016,0,0,0,,0,
울산,동구,종합병원,2017,0,0,0,,0,
울산,동구,종합병원,2018,1,1,0,0.0,1,1.0
울산,동구,종합병원,2019,1,0,0,0.0,0,0.0
울산,동구,종합병원,2020,1,0,0,0.0,0,0.0
울산,동구,종합병원,2021,0,-1,0,,-1,
울산,동구,종합병원,2022,0,0,0,,0,
울산,동구,종합병원,2023,0,0,0,,0,
울산,동구,종합병원,2024,0,0,0,,0,
울산,동구,종합병원,2025,0,0,0,,0,
울산,북구,병원,2007,3,,0,0.0,,
울산,북구,병원,2008,3,0,1,0.3333333333333333,1,0.3333333333333333
울산,북구,병원,2009,4,1,0,0.0,1,0.25
울산,북구,병원,2010,4,0,0,0.0,0,0.0
울산,북구,병원,2011,4,0,2,0.5,2,0.5
울산,북구,병원,2012,4,0,0,0.0,0,0.0
울산,북구,병원,2013,4,0,0,0.0,0,0.0
울산,북구,병원,2014,4,0,2,0.5,2,0.5
울산,북구,병원,2015,3,-1,2,0.6666666666666666,1,0.3333333333333333
울산,북구,병원,2016,2,-1,0,0.0,-1,-0.5
울산,북구,병원,2017,3,1,0,0.0,1,0.3333333333333333
울산,북구,병원,2018,3,0,0,0.0,0,0.0
울산,북구,병원,2019,3,0,0,0.0,0,0.0
울산,북구,병원,2020,4,1,1,0.25,2,0.5
울산,북구,병원,2021,4,0,0,0.0,0,0.0
울산,북구,병원,2022,4,0,1,0.25,1,0.25
울산,북구,병원,2023,4,0,0,0.0,0,0.0
울산,북구,병원,2024,4,0,0,0.0,0,0.0
울산,북구,병원,2025,4,0,0,0.0,0,0.0
울산,북구,상급종합병원,2007,0,,0,,,
울산,북구,상급종합병원,2008,0,0,0,,0,
울산,북구,상급종합병원,2009,0,0,0,,0,
울산,북구,상급종합병원,2010,0,0,0,,0,
울산,북구,상급종합병원,2011,0,0,0,,0,
울산,북구,상급종합병원,2012,0,0,0,,0,
울산,북구,상급종합병원,2013,0,0,0,,0,
울산,북구,상급종합병원,2014,0,0,0,,0,
울산,북구,상급종합병원,2015,0,0,0,,0,
울산,북구,상급종합병원,2016,0,0,0,,0,
울산,북구,상급종합병원,2017,0,0,0,,0,
울산,북구,상급종합병원,2018,0,0,0,,0,
울산,북구,상급종합병원,2019,0,0,0,,0,
울산,북구,상급종합병원,2020,0,0,0,,0,
울산,북구,상급종합병원,2021,0,0,0,,0,
울산,북구,상급종합병원,2022,0,0,0,,0,
울산,북구,상급종합병원,2023,0,0,0,,0,
울산,북구,상급종합병원,2024,0,0,0,,0,
울산,북구,상급종합병원,2025,0,0,0,,0,
울산,북구,의원,2007,47,,1,0.02127659574468085,,
울산,북구,의원,2008,50,3,5,0.1,8,0.16
울산,북구,의원,2009,50,0,3,0.06,3,0.06
울산,북구,의원,2010,56,6,0,0.0,6,0.10714285714285714
울산,북구,의원,2011,59,3,2,0.03389830508474576,5,0.0847457627118644
울산,북구,의원,2012,62,3,2,0.03225806451612903,5,0.08064516129032258
울산,북구,의원,2013,61,-1,2,0.03278688524590164,1,0.01639344262295082
울산,북구,의원,2014,60,-1,2,0.03333333333333333,1,0.016666666666666666
울산,북구,의원,2015,63,3,4,0.06349206349206349,7,0.1111111111111111
울산,북구,의원,2016,64,1,4,0.0625,5,0.078125
울산,북구,의원,2017,64,0,1,0.015625,1,0.015625
울산,북구,의원,2018,67,3,1,0.014925373134328358,4,0.05970149253731343
울산,북구,의원,2019,68,1,1,0.014705882352941176,2,0.029411764705882353
울산,북구,의원,2020,69,1,1,0.014492753623188406,2,0.028985507246376812
울산,북구,의원,2021,71,2,2,0.028169014084507043,4,0.056338028169014086
울산,북구,의원,2022,74,3,0,0.0,3,0.04054054054054054
울산,북구,의원,2023,75,1,2,0.02666666666666667,3,0.04
울산,북구,의원,2024,77,2,3,0.03896103896103896,5,0.06493506493506493
울산,북구,의원,2025,80,3,1,0.0125,4,0.05
울산,북구,종합병원,2007,0,,0,,,
울산,북구,종합병원,2008,0,0,0,,0,
울산,북구,종합병원,2009,0,0,0,,0,
울산,북구,종합병원,2010,0,0,0,,0,
울산,북구,종합병원,2011,0,0,0,,0,
울산,북구,종합병원,2012,0,0,0,,0,
울산,북구,종합병원,2013,0,0,0,,0,
울산,북구,종합병원,2014,0,0,0,,0,
울산,북구,종합병원,2015,1,1,0,0.0,1,1.0
울산,북구,종합병원,2016,1,0,0,0.0,0,0.0
울산,북구,종합병원,2017,1,0,0,0.0,0,0.0
울산,북구,종합병원,2018,1,0,0,0.0,0,0.0
울산,북구,종합병원,2019,1,0,0,0.0,0,0.0
울산,북구,종합병원,2020,1,0,0,0.0,0,0.0
울산,북구,종합병원,2021,2,1,0,0.0,1,0.5
울산,북구,종합병원,2022,2,0,0,0.0,0,0.0
울산,북구,종합병원,2023,2,0,0,0.0,0,0.0
울산,북구,종합병원,2024,2,0,0,0.0,0,0.0
울산,북구,종합병원,2025,2,0,0,0.0,0,0.0
울산,울주군,병원,2007,6,,3,0.5,,
울산,울주군,병원,2008,7,1,1,0.14285714285714285,2,0.2857142857142857
울산,울주군,병원,2009,6,-1,0,0.0,-1,-0.16666666666666666
울산,울주군,병원,2010,6,0,1,0.16666666666666666,1,0.16666666666666666
울산,울주군,병원,2011,6,0,1,0.16666666666666666,1,0.16666666666666666
울산,울주군,병원,2012,6,0,2,0.3333333333333333,2,0.3333333333333333
울산,울주군,병원,2013,7,1,1,0.14285714285714285,2,0.2857142857142857
울산,울주군,병원,2014,6,-1,0,0.0,-1,-0.16666666666666666
울산,울주군,병원,2015,6,0,0,0.0,0,0.0
울산,울주군,병원,2016,7,1,0,0.0,1,0.14285714285714285
울산,울주군,병원,2017,7,0,0,0.0,0,0.0
울산,울주군,병원,2018,8,1,0,0.0,1,0.125
울산,울주군,병원,2019,9,1,1,0.1111111111111111,2,0.2222222222222222
울산,울주군,병원,2020,8,-1,0,0.0,-1,-0.125
울산,울주군,병원,2021,5,-3,5,1.0,2,0.4
울산,울주군,병원,2022,3,-2,0,0.0,-2,-0.6666666666666666
울산,울주군,병원,2023,4,1,0,0.0,1,0.25
울산,울주군,병원,2024,6,2,0,0.0,2,0.3333333333333333
울산,울주군,병원,2025,6,0,0,0.0,0,0.0
울산,울주군,상급종합병원,2007,0,,0,,,
울산,울주군,상급종합병원,2008,0,0,0,,0,
울산,울주군,상급종합병원,2009,0,0,0,,0,
울산,울주군,상급종합병원,2010,0,0,0,,0,
울산,울주군,상급종합병원,2011,0,0,0,,0,
울산,울주군,상급종합병원,2012,0,0,0,,0,
울산,울주군,상급종합병원,2013,0,0,0,,0,
울산,울주군,상급종합병원,2014,0,0,0,,0,
울산,울주군,상급종합병원,2015,0,0,0,,0,
울산,울주군,상급종합병원,2016,0,0,0,,0,
울산,울주군,상급종합병원,2017,0,0,0,,0,
울산,울주군,상급종합병원,2018,0,0,0,,0,
울산,울주군,상급종합병원,2019,0,0,0,,0,
울산,울주군,상급종합병원,2020,0,0,0,,0,
울산,울주군,상급종합병원,2021,0,0,0,,0,
울산,울주군,상급종합병원,2022,0,0,0,,0,
울산,울주군,상급종합병원,2023,0,0,0,,0,
울산,울주군,상급종합병원,2024,0,0,0,,0,
울산,울주군,상급종합병원,2025,0,0,0,,0,
울산,울주군,의원,2007,54,,3,0.05555555555555555,,
울산,울주군,의원,2008,50,-4,5,0.1,1,0.02
울산,울주군,의원,2009,56,6,2,0.03571428571428571,8,0.14285714285714285
울산,울주군,의원,2010,60,4,4,0.06666666666666667,8,0.13333333333333333
울산,울주군,의원,2011,60,0,1,0.016666666666666666,1,0.016666666666666666
울산,울주군,의원,2012,64,4,5,0.078125,9,0.140625
울산,울주군,의원,2013,62,-2,2,0.03225806451612903,0,0.0
울산,울주군,의원,2014,61,-1,0,0.0,-1,-0.01639344262295082
울산,울주군,의원,2015,66,5,0,0.0,5,0.07575757575757576
울산,울주군,의원,2016,65,-1,0,0.0,-1,-0.015384615384615385
울산,울주군,의원,2017,66,1,4,0.06060606060606061,5,0.07575757575757576
울산,울주군,의원,2018,71,5,0,0.0,5,0.07042253521126761
울산,울주군,의원,2019,76,5,4,0.05263157894736842,9,0.11842105263157894
울산,울주군,의원,2020,77,1,0,0.0,1,0.012987012987012988
울산,울주군,의원,2021,77,0,2,0.025974025974025976,2,0.025974025974025976
울산,울주군,의원,2022,80,3,2,0.025,5,0.0625
울산,울주군,의원,2023,82,2,2,0.024390243902439025,4,0.04878048780487805
울산,울주군,의원,2024,81,-1,2,0.024691358024691357,1,0.012345679012345678
울산,울주군,의원,2025,80,-1,1,0.0125,0,0.0
울산,울주군,종합병원,2007,0,,0,,,
울산,울주군,종합병원,2008,1,1,0,0.0,1,1.0
울산,울주군,종합병원,2009,1,0,0,0.0,0,0.0
울산,울주군,종합병원,2010,1,0,0,0.0,0,0.0
울산,울주군,종합병원,2011,1,0,0,0.0,0,0.0
울산,울주군,종합병원,2012,1,0,0,0.0,0,0.0
울산,울주군,종합병원,2013,1,0,0,0.0,0,0.0
울산,울주군,종합병원,2014,1,0,0,0.0,0,0.0
울산,울주군,종합병원,2015,1,0,0,0.0,0,0.0
울산,울주군,종합병원,2016,1,0,0,0.0,0,0.0
울산,울주군,종합병원,2017,1,0,0,0.0,0,0.0
울산,울주군,종합병원,2018,1,0,0,0.0,0,0.0
울산,울주군,종합병원,2019,1,0,0,0.0,0,0.0
울산,울주군,종합병원,2020,1,0,0,0.0,0,0.0
울산,울주군,종합병원,2021,1,0,0,0.0,0,0.0
울산,울주군,종합병원,2022,1,0,0,0.0,0,0.0
울산,울주군,종합병원,2023,1,0,0,0.0,0,0.0
울산,울주군,종합병원,2024,1,0,0,0.0,0,0.0
울산,울주군,종합병원,2025,1,0,0,0.0,0,0.0
울산,중구,병원,2007,4,,0,0.0,,
울산,중구,병원,2008,5,1,0,0.0,1,0.2
울산,중구,병원,2009,6,1,0,0.0,1,0.16666666666666666
울산,중구,병원,2010,7,1,3,0.42857142857142855,4,0.5714285714285714
울산,중구,병원,2011,8,1,0,0.0,1,0.125
울산,중구,병원,2012,9,1,0,0.0,1,0.1111111111111111
울산,중구,병원,2013,11,2,0,0.0,2,0.18181818181818182
울산,중구,병원,2014,10,-1,0,0.0,-1,-0.1
울산,중구,병원,2015,10,0,0,0.0,0,0.0
울산,중구,병원,2016,10,0,1,0.1,1,0.1
울산,중구,병원,2017,10,0,2,0.2,2,0.2
울산,중구,병원,2018,10,0,1,0.1,1,0.1
울산,중구,병원,2019,10,0,2,0.2,2,0.2
울산,중구,병원,2020,9,-1,2,0.2222222222222222,1,0.1111111111111111
울산,중구,병원,2021,6,-3,2,0.3333333333333333,-1,-0.16666666666666666
울산,중구,병원,2022,5,-1,0,0.0,-1,-0.2
울산,중구,병원,2023,5,0,0,0.0,0,0.0
울산,중구,병원,2024,5,0,1,0.2,1,0.2
울산,중구,병원,2025,3,-2,3,1.0,1,0.3333333333333333
울산,중구,상급종합병원,2007,0,,0,,,
울산,중구,상급종합병원,2008,0,0,0,,0,
울산,중구,상급종합병원,2009,0,0,0,,0,
울산,중구,상급종합병원,2010,0,0,0,,0,
울산,중구,상급종합병원,2011,0,0,0,,0,
울산,중구,상급종합병원,2012,0,0,0,,0,
울산,중구,상급종합병원,2013,0,0,0,,0,
울산,중구,상급종합병원,2014,0,0,0,,0,
울산,중구,상급종합병원,2015,0,0,0,,0,
울산,중구,상급종합병원,2016,0,0,0,,0,
울산,중구,상급종합병원,2017,0,0,0,,0,
울산,중구,상급종합병원,2018,0,0,0,,0,
울산,중구,상급종합병원,2019,0,0,0,,0,
울산,중구,상급종합병원,2020,0,0,0,,0,
울산,중구,상급종합병원,2021,0,0,0,,0,
울산,중구,상급종합병원,2022,0,0,0,,0,
울산,중구,상급종합병원,2023,0,0,0,,0,
울산,중구,상급종합병원,2024,0,0,0,,0,
울산,중구,상급종합병원,2025,0,0,0,,0,
울산,중구,의원,2007,98,,7,0.07142857142857142,,
울산,중구,의원,2008,94,-4,6,0.06382978723404255,2,0.02127659574468085
울산,중구,의원,2009,97,3,3,0.030927835051546393,6,0.061855670103092786
울산,중구,의원,2010,100,3,3,0.03,6,0.06
울산,중구,의원,2011,103,3,3,0.02912621359223301,6,0.05825242718446602
울산,중구,의원,2012,99,-4,8,0.08080808080808081,4,0.04040404040404041
울산,중구,의원,2013,98,-1,4,0.04081632653061224,3,0.030612244897959183
울산,중구,의원,2014,101,3,6,0.0594059405940594,9,0.0891089108910891
울산,중구,의원,2015,96,-5,3,0.03125,-2,-0.020833333333333332
울산,중구,의원,2016,104,8,4,0.038461538461538464,12,0.11538461538461539
울산,중구,의원,2017,105,1,3,0.02857142857142857,4,0.0380952380952381
울산,중구,의원,2018,104,-1,4,0.038461538461538464,3,0.028846153846153848
울산,중구,의원,2019,106,2,1,0.009433962264150943,3,0.02830188679245283
울산,중구,의원,2020,108,2,3,0.027777777777777776,5,0.046296296296296294
울산,중구,의원,2021,109,1,3,0.027522935779816515,4,0.03669724770642202
울산,중구,의원,2022,110,1,4,0.03636363636363636,5,0.045454545454545456
울산,중구,의원,2023,109,-1,3,0.027522935779816515,2,0.01834862385321101
울산,중구,의원,2024,109,0,3,0.027522935779816515,3,0.027522935779816515
울산,중구,의원,2025,112,3,0,0.0,3,0.026785714285714284
울산,중구,종합병원,2007,1,,0,0.0,,
울산,중구,종합병원,2008,1,0,0,0.0,0,0.0
울산,중구,종합병원,2009,1,0,0,0.0,0,0.0
울산,중구,종합병원,2010,1,0,0,0.0,0,0.0
울산,중구,종합병원,2011,1,0,0,0.0,0,0.0
울산,중구,종합병원,2012,1,0,0,0.0,0,0.0
울산,중구,종합병원,2013,1,0,0,0.0,0,0.0
울산,중구,종합병원,2014,1,0,0,0.0,0,0.0
울산,중구,종합병원,2015,1,0,0,0.0,0,0.0
울산,중구,종합병원,2016,1,0,0,0.0,0,0.0
울산,중구,종합병원,2017,2,1,0,0.0,1,0.5
울산,중구,종합병원,2018,2,0,0,0.0,0,0.0
울산,중구,종합병원,2019,2,0,0,0.0,0,0.0
울산,중구,종합병원,2020,2,0,0,0.0,0,0.0
울산,중구,종합병원,2021,2,0,0,0.0,0,0.0
울산,중구,종합병원,2022,2,0,0,0.0,0,0.0
울산,중구,종합병원,2023,2,0,0,0.0,0,0.0
울산,중구,종합병원,2024,2,0,0,0.0,0,0.0
울산,중구,종합병원,2025,2,0,0,0.0,0,0.0
인천,강화군,병원,2007,1,,0,0.0,,
인천,강화군,병원,2008,1,0,0,0.0,0,0.0
인천,강화군,병원,2009,2,1,1,0.5,2,1.0
인천,강화군,병원,2010,2,0,1,0.5,1,0.5
인천,강화군,병원,2011,2,0,0,0.0,0,0.0
인천,강화군,병원,2012,2,0,0,0.0,0,0.0
인천,강화군,병원,2013,2,0,0,0.0,0,0.0
인천,강화군,병원,2014,2,0,0,0.0,0,0.0
인천,강화군,병원,2015,2,0,1,0.5,1,0.5
인천,강화군,병원,2016,2,0,0,0.0,0,0.0
인천,강화군,병원,2017,2,0,0,0.0,0,0.0
인천,강화군,병원,2018,2,0,0,0.0,0,0.0
인천,강화군,병원,2019,2,0,0,0.0,0,0.0
인천,강화군,병원,2020,2,0,0,0.0,0,0.0
인천,강화군,병원,2021,2,0,1,0.5,1,0.5
인천,강화군,병원,2022,1,-1,0,0.0,-1,-1.0
인천,강화군,병원,2023,1,0,0,0.0,0,0.0
인천,강화군,병원,2024,1,0,0,0.0,0,0.0
인천,강화군,병원,2025,1,0,0,0.0,0,0.0
인천,강화군,상급종합병원,2007,0,,0,,,
인천,강화군,상급종합병원,2008,0,0,0,,0,
인천,강화군,상급종합병원,2009,0,0,0,,0,
인천,강화군,상급종합병원,2010,0,0,0,,0,
인천,강화군,상급종합병원,2011,0,0,0,,0,
인천,강화군,상급종합병원,2012,0,0,0,,0,
인천,강화군,상급종합병원,2013,0,0,0,,0,
인천,강화군,상급종합병원,2014,0,0,0,,0,
인천,강화군,상급종합병원,2015,0,0,0,,0,
인천,강화군,상급종합병원,2016,0,0,0,,0,
인천,강화군,상급종합병원,2017,0,0,0,,0,
인천,강화군,상급종합병원,2018,0,0,0,,0,
인천,강화군,상급종합병원,2019,0,0,0,,0,
인천,강화군,상급종합병원,2020,0,0,0,,0,
인천,강화군,상급종합병원,2021,0,0,0,,0,
인천,강화군,상급종합병원,2022,0,0,0,,0,
인천,강화군,상급종합병원,2023,0,0,0,,0,
인천,강화군,상급종합병원,2024,0,0,0,,0,
인천,강화군,상급종합병원,2025,0,0,0,,0,
인천,강화군,의원,2007,21,,3,0.14285714285714285,,
인천,강화군,의원,2008,19,-2,2,0.10526315789473684,0,0.0
인천,강화군,의원,2009,19,0,0,0.0,0,0.0
인천,강화군,의원,2010,19,0,0,0.0,0,0.0
인천,강화군,의원,2011,20,1,0,0.0,1,0.05
인천,강화군,의원,2012,20,0,0,0.0,0,0.0
인천,강화군,의원,2013,20,0,2,0.1,2,0.1
인천,강화군,의원,2014,19,-1,0,0.0,-1,-0.05263157894736842
인천,강화군,의원,2015,19,0,1,0.05263157894736842,1,0.05263157894736842
인천,강화군,의원,2016,20,1,0,0.0,1,0.05
인천,강화군,의원,2017,20,0,2,0.1,2,0.1
인천,강화군,의원,2018,22,2,3,0.13636363636363635,5,0.22727272727272727
인천,강화군,의원,2019,20,-2,1,0.05,-1,-0.05
인천,강화군,의원,2020,20,0,0,0.0,0,0.0
인천,강화군,의원,2021,20,0,0,0.0,0,0.0
인천,강화군,의원,2022,21,1,1,0.047619047619047616,2,0.09523809523809523
인천,강화군,의원,2023,21,0,0,0.0,0,0.0
인천,강화군,의원,2024,21,0,0,0.0,0,0.0
인천,강화군,의원,2025,20,-1,1,0.05,0,0.0
인천,강화군,종합병원,2007,0,,0,,,
인천,강화군,종합병원,2008,0,0,0,,0,
인천,강화군,종합병원,2009,0,0,0,,0,
인천,강화군,종합병원,2010,0,0,0,,0,
인천,강화군,종합병원,2011,0,0,0,,0,
인천,강화군,종합병원,2012,0,0,0,,0,
인천,강화군,종합병원,2013,0,0,0,,0,
인천,강화군,종합병원,2014,0,0,0,,0,
인천,강화군,종합병원,2015,0,0,0,,0,
인천,강화군,종합병원,2016,0,0,0,,0,
인천,강화군,종합병원,2017,0,0,0,,0,
인천,강화군,종합병원,2018,0,0,0,,0,
인천,강화군,종합병원,2019,1,1,0,0.0,1,1.0
인천,강화군,종합병원,2020,1,0,0,0.0,0,0.0
인천,강화군,종합병원,2021,1,0,0,0.0,0,0.0
인천,강화군,종합병원,2022,1,0,0,0.0,0,0.0
인천,강화군,종합병원,2023,1,0,0,0.0,0,0.0
인천,강화군,종합병원,2024,1,0,0,0.0,0,0.0
인천,강화군,종합병원,2025,1,0,0,0.0,0,0.0
인천,계양구,병원,2007,3,,2,0.6666666666666666,,
인천,계양구,병원,2008,3,0,0,0.0,0,0.0
인천,계양구,병원,2009,5,2,2,0.4,4,0.8
인천,계양구,병원,2010,6,1,0,0.0,1,0.16666666666666666
인천,계양구,병원,2011,7,1,0,0.0,1,0.14285714285714285
인천,계양구,병원,2012,8,1,2,0.25,3,0.375
인천,계양구,병원,2013,7,-1,1,0.14285714285714285,0,0.0
인천,계양구,병원,2014,6,-1,0,0.0,-1,-0.16666666666666666
인천,계양구,병원,2015,9,3,2,0.2222222222222222,5,0.5555555555555556
인천,계양구,병원,2016,9,0,1,0.1111111111111111,1,0.1111111111111111
인천,계양구,병원,2017,8,-1,0,0.0,-1,-0.125
인천,계양구,병원,2018,8,0,0,0.0,0,0.0
인천,계양구,병원,2019,8,0,0,0.0,0,0.0
인천,계양구,병원,2020,8,0,0,0.0,0,0.0
인천,계양구,병원,2021,7,-1,3,0.42857142857142855,2,0.2857142857142857
인천,계양구,병원,2022,7,0,1,0.14285714285714285,1,0.14285714285714285
인천,계양구,병원,2023,7,0,0,0.0,0,0.0
인천,계양구,병원,2024,7,0,0,0.0,0,0.0
인천,계양구,병원,2025,8,1,0,0.0,1,0.125
인천,계양구,상급종합병원,2007,0,,0,,,
인천,계양구,상급종합병원,2008,0,0,0,,0,
인천,계양구,상급종합병원,2009,0,0,0,,0,
인천,계양구,상급종합병원,2010,0,0,0,,0,
인천,계양구,상급종합병원,2011,0,0,0,,0,
인천,계양구,상급종합병원,2012,0,0,0,,0,
인천,계양구,상급종합병원,2013,0,0,0,,0,
인천,계양구,상급종합병원,2014,0,0,0,,0,
인천,계양구,상급종합병원,2015,0,0,0,,0,
인천,계양구,상급종합병원,2016,0,0,0,,0,
인천,계양구,상급종합병원,2017,0,0,0,,0,
인천,계양구,상급종합병원,2018,0,0,0,,0,
인천,계양구,상급종합병원,2019,0,0,0,,0,
인천,계양구,상급종합병원,2020,0,0,0,,0,
인천,계양구,상급종합병원,2021,0,0,0,,0,
인천,계양구,상급종합병원,2022,0,0,0,,0,
인천,계양구,상급종합병원,2023,0,0,0,,0,
인천,계양구,상급종합병원,2024,0,0,0,,0,
인천,계양구,상급종합병원,2025,0,0,0,,0,
인천,계양구,의원,2007,146,,7,0.04794520547945205,,
인천,계양구,의원,2008,149,3,8,0.053691275167785234,11,0.0738255033557047
인천,계양구,의원,2009,145,-4,13,0.0896551724137931,9,0.06206896551724138
인천,계양구,의원,2010,145,0,5,0.034482758620689655,5,0.034482758620689655
인천,계양구,의원,2011,148,3,4,0.02702702702702703,7,0.0472972972972973
인천,계양구,의원,2012,149,1,2,0.013422818791946308,3,0.020134228187919462
인천,계양구,의원,2013,158,9,6,0.0379746835443038,15,0.0949367088607595
인천,계양구,의원,2014,161,3,4,0.024844720496894408,7,0.043478260869565216
인천,계양구,의원,2015,157,-4,8,0.050955414012738856,4,0.025477707006369428
인천,계양구,의원,2016,157,0,7,0.044585987261146494,7,0.044585987261146494
인천,계양구,의원,2017,157,0,5,0.03184713375796178,5,0.03184713375796178
인천,계양구,의원,2018,157,0,4,0.025477707006369428,4,0.025477707006369428
인천,계양구,의원,2019,157,0,3,0.01910828025477707,3,0.01910828025477707
인천,계양구,의원,2020,161,4,5,0.031055900621118012,9,0.055900621118012424
인천,계양구,의원,2021,164,3,1,0.006097560975609756,4,0.024390243902439025
인천,계양구,의원,2022,167,3,3,0.017964071856287425,6,0.03592814371257485
인천,계양구,의원,2023,169,2,5,0.029585798816568046,7,0.04142011834319527
인천,계양구,의원,2024,173,4,7,0.04046242774566474,11,0.06358381502890173
인천,계양구,의원,2025,171,-2,9,0.05263157894736842,7,0.04093567251461988
인천,계양구,종합병원,2007,1,,0,0.0,,
인천,계양구,종합병원,2008,1,0,0,0.0,0,0.0
인천,계양구,종합병원,2009,1,0,0,0.0,0,0.0
인천,계양구,종합병원,2010,1,0,0,0.0,0,0.0
인천,계양구,종합병원,2011,1,0,0,0.0,0,0.0
인천,계양구,종합병원,2012,1,0,0,0.0,0,0.0
인천,계양구,종합병원,2013,1,0,0,0.0,0,0.0
인천,계양구,종합병원,2014,1,0,0,0.0,0,0.0
인천,계양구,종합병원,2015,1,0,0,0.0,0,0.0
인천,계양구,종합병원,2016,1,0,0,0.0,0,0.0
인천,계양구,종합병원,2017,2,1,0,0.0,1,0.5
인천,계양구,종합병원,2018,2,0,0,0.0,0,0.0
인천,계양구,종합병원,2019,2,0,0,0.0,0,0.0
인천,계양구,종합병원,2020,2,0,0,0.0,0,0.0
인천,계양구,종합병원,2021,2,0,0,0.0,0,0.0
인천,계양구,종합병원,2022,2,0,0,0.0,0,0.0
인천,계양구,종합병원,2023,2,0,0,0.0,0,0.0
인천,계양구,종합병원,2024,2,0,0,0.0,0,0.0
인천,계양구,종합병원,2025,2,0,0,0.0,0,0.0
인천,남구,병원,2007,3,,0,0.0,,
인천,남구,병원,2008,4,1,3,0.75,4,1.0
인천,남구,병원,2009,4,0,1,0.25,1,0.25
인천,남구,병원,2010,5,1,1,0.2,2,0.4
인천,남구,병원,2011,6,1,3,0.5,4,0.6666666666666666
인천,남구,병원,2012,7,1,1,0.14285714285714285,2,0.2857142857142857
인천,남구,병원,2013,10,3,4,0.4,7,0.7
인천,남구,병원,2014,8,-2,1,0.125,-1,-0.125
인천,남구,병원,2015,8,0,0,0.0,0,0.0
인천,남구,병원,2016,9,1,0,0.0,1,0.1111111111111111
인천,남구,병원,2017,9,0,3,0.3333333333333333,3,0.3333333333333333
인천,남구,병원,2018,11,2,0,0.0,2,0.18181818181818182
인천,남구,병원,2019,13,2,0,0.0,2,0.15384615384615385
인천,남구,병원,2020,13,0,0,0.0,0,0.0
인천,남구,병원,2021,13,0,4,0.3076923076923077,4,0.3076923076923077
인천,남구,병원,2022,11,-2,0,0.0,-2,-0.18181818181818182
인천,남구,병원,2023,13,2,1,0.07692307692307693,3,0.23076923076923078
인천,남구,병원,2024,12,-1,0,0.0,-1,-0.08333333333333333
인천,남구,병원,2025,14,2,0,0.0,2,0.14285714285714285
인천,남구,상급종합병원,2007,0,,0,,,
인천,남구,상급종합병원,2008,0,0,0,,0,
인천,남구,상급종합병원,2009,0,0,0,,0,
인천,남구,상급종합병원,2010,0,0,0,,0,
인천,남구,상급종합병원,2011,0,0,0,,0,
인천,남구,상급종합병원,2012,0,0,0,,0,
인천,남구,상급종합병원,2013,0,0,0,,0,
인천,남구,상급종합병원,2014,0,0,0,,0,
인천,남구,상급종합병원,2015,0,0,0,,0,
인천,남구,상급종합병원,2016,0,0,0,,0,
인천,남구,상급종합병원,2017,0,0,0,,0,
인천,남구,상급종합병원,2018,0,0,0,,0,
인천,남구,상급종합병원,2019,0,0,0,,0,
인천,남구,상급종합병원,2020,0,0,0,,0,
인천,남구,상급종합병원,2021,0,0,0,,0,
인천,남구,상급종합병원,2022,0,0,0,,0,
인천,남구,상급종합병원,2023,0,0,0,,0,
인천,남구,상급종합병원,2024,0,0,0,,0,
인천,남구,상급종합병원,2025,0,0,0,,0,
인천,남구,의원,2007,225,,21,0.09333333333333334,,
인천,남구,의원,2008,220,-5,11,0.05,6,0.02727272727272727
인천,남구,의원,2009,227,7,9,0.039647577092511016,16,0.07048458149779736
인천,남구,의원,2010,226,-1,9,0.03982300884955752,8,0.035398230088495575
인천,남구,의원,2011,229,3,20,0.08733624454148471,23,0.10043668122270742
인천,남구,의원,2012,221,-8,15,0.06787330316742081,7,0.03167420814479638
인천,남구,의원,2013,213,-8,12,0.056338028169014086,4,0.018779342723004695
인천,남구,의원,2014,204,-9,12,0.058823529411764705,3,0.014705882352941176
인천,남구,의원,2015,205,1,7,0.03414634146341464,8,0.03902439024390244
인천,남구,의원,2016,207,2,12,0.057971014492753624,14,0.06763285024154589
인천,남구,의원,2017,209,2,4,0.019138755980861243,6,0.028708133971291867
인천,남구,의원,2018,212,3,7,0.0330188679245283,10,0.04716981132075472
인천,남구,의원,2019,210,-2,6,0.02857142857142857,4,0.01904761904761905
인천,남구,의원,2020,209,-1,9,0.0430622009569378,8,0.03827751196172249
인천,남구,의원,2021,212,3,8,0.03773584905660377,11,0.05188679245283019
인천,남구,의원,2022,213,1,7,0.03286384976525822,8,0.03755868544600939
인천,남구,의원,2023,217,4,10,0.04608294930875576,14,0.06451612903225806
인천,남구,의원,2024,223,6,4,0.017937219730941704,10,0.04484304932735426
인천,남구,의원,2025,238,15,4,0.01680672268907563,19,0.07983193277310924
인천,남구,종합병원,2007,2,,0,0.0,,
인천,남구,종합병원,2008,2,0,0,0.0,0,0.0
인천,남구,종합병원,2009,2,0,0,0.0,0,0.0
인천,남구,종합병원,2010,2,0,1,0.5,1,0.5
인천,남구,종합병원,2011,1,-1,0,0.0,-1,-1.0
인천,남구,종합병원,2012,1,0,0,0.0,0,0.0
인천,남구,종합병원,2013,1,0,0,0.0,0,0.0
인천,남구,종합병원,2014,2,1,1,0.5,2,1.0
인천,남구,종합병원,2015,2,0,0,0.0,0,0.0
인천,남구,종합병원,2016,2,0,0,0.0,0,0.0
인천,남구,종합병원,2017,2,0,0,0.0,0,0.0
인천,남구,종합병원,2018,2,0,0,0.0,0,0.0
인천,남구,종합병원,2019,2,0,0,0.0,0,0.0
인천,남구,종합병원,2020,2,0,0,0.0,0,0.0
인천,남구,종합병원,2021,2,0,0,0.0,0,0.0
인천,남구,종합병원,2022,2,0,0,0.0,0,0.0
인천,남구,종합병원,2023,2,0,0,0.0,0,0.0
인천,남구,종합병원,2024,2,0,0,0.0,0,0.0
인천,남구,종합병원,2025,2,0,0,0.0,0,0.0
인천,남동구,병원,2007,7,,1,0.14285714285714285,,
인천,남동구,병원,2008,6,-1,0,0.0,-1,-0.16666666666666666
인천,남동구,병원,2009,8,2,1,0.125,3,0.375
인천,남동구,병원,2010,10,2,1,0.1,3,0.3
인천,남동구,병원,2011,12,2,2,0.16666666666666666,4,0.3333333333333333
인천,남동구,병원,2012,11,-1,5,0.45454545454545453,4,0.36363636363636365
인천,남동구,병원,2013,9,-2,1,0.1111111111111111,-1,-0.1111111111111111
인천,남동구,병원,2014,10,1,2,0.2,3,0.3
인천,남동구,병원,2015,12,2,2,0.16666666666666666,4,0.3333333333333333
인천,남동구,병원,2016,13,1,0,0.0,1,0.07692307692307693
인천,남동구,병원,2017,14,1,1,0.07142857142857142,2,0.14285714285714285
인천,남동구,병원,2018,13,-1,0,0.0,-1,-0.07692307692307693
인천,남동구,병원,2019,13,0,1,0.07692307692307693,1,0.07692307692307693
인천,남동구,병원,2020,15,2,0,0.0,2,0.13333333333333333
인천,남동구,병원,2021,17,2,4,0.23529411764705882,6,0.35294117647058826
인천,남동구,병원,2022,12,-5,2,0.16666666666666666,-3,-0.25
인천,남동구,병원,2023,12,0,1,0.08333333333333333,1,0.08333333333333333
인천,남동구,병원,2024,11,-1,1,0.09090909090909091,0,0.0
인천,남동구,병원,2025,10,-1,1,0.1,0,0.0
인천,남동구,상급종합병원,2007,1,,0,0.0,,
인천,남동구,상급종합병원,2008,1,0,0,0.0,0,0.0
인천,남동구,상급종합병원,2009,1,0,0,0.0,0,0.0
인천,남동구,상급종합병원,2010,1,0,0,0.0,0,0.0
인천,남동구,상급종합병원,2011,1,0,0,0.0,0,0.0
인천,남동구,상급종합병원,2012,1,0,0,0.0,0,0.0
인천,남동구,상급종합병원,2013,1,0,0,0.0,0,0.0
인천,남동구,상급종합병원,2014,1,0,0,0.0,0,0.0
인천,남동구,상급종합병원,2015,1,0,0,0.0,0,0.0
인천,남동구,상급종합병원,2016,1,0,0,0.0,0,0.0
인천,남동구,상급종합병원,2017,1,0,0,0.0,0,0.0
인천,남동구,상급종합병원,2018,1,0,0,0.0,0,0.0
인천,남동구,상급종합병원,2019,1,0,0,0.0,0,0.0
인천,남동구,상급종합병원,2020,1,0,0,0.0,0,0.0
인천,남동구,상급종합병원,2021,1,0,0,0.0,0,0.0
인천,남동구,상급종합병원,2022,1,0,0,0.0,0,0.0
인천,남동구,상급종합병원,2023,1,0,0,0.0,0,0.0
인천,남동구,상급종합병원,2024,1,0,0,0.0,0,0.0
인천,남동구,상급종합병원,2025,1,0,0,0.0,0,0.0
인천,남동구,의원,2007,219,,13,0.0593607305936073,,
인천,남동구,의원,2008,228,9,15,0.06578947368421052,24,0.10526315789473684
인천,남동구,의원,2009,263,35,14,0.053231939163498096,49,0.18631178707224336
인천,남동구,의원,2010,267,4,24,0.0898876404494382,28,0.10486891385767791
인천,남동구,의원,2011,275,8,17,0.06181818181818182,25,0.09090909090909091
인천,남동구,의원,2012,292,17,16,0.0547945205479452,33,0.11301369863013698
인천,남동구,의원,2013,304,12,15,0.049342105263157895,27,0.08881578947368421
인천,남동구,의원,2014,308,4,8,0.025974025974025976,12,0.03896103896103896
인천,남동구,의원,2015,311,3,14,0.04501607717041801,17,0.05466237942122187
인천,남동구,의원,2016,316,5,18,0.056962025316455694,23,0.07278481012658228
인천,남동구,의원,2017,321,5,10,0.03115264797507788,15,0.04672897196261682
인천,남동구,의원,2018,332,11,12,0.03614457831325301,23,0.06927710843373494
인천,남동구,의원,2019,348,16,14,0.040229885057471264,30,0.08620689655172414
인천,남동구,의원,2020,357,9,10,0.028011204481792718,19,0.05322128851540616
인천,남동구,의원,2021,356,-1,11,0.03089887640449438,10,0.028089887640449437
인천,남동구,의원,2022,365,9,9,0.024657534246575342,18,0.049315068493150684
인천,남동구,의원,2023,368,3,7,0.019021739130434784,10,0.02717391304347826
인천,남동구,의원,2024,369,1,14,0.037940379403794036,15,0.04065040650406504
인천,남동구,의원,2025,374,5,11,0.029411764705882353,16,0.0427807486631016
인천,남동구,종합병원,2007,0,,0,,,
인천,남동구,종합병원,2008,0,0,0,,0,
인천,남동구,종합병원,2009,0,0,0,,0,
인천,남동구,종합병원,2010,0,0,0,,0,
인천,남동구,종합병원,2011,0,0,0,,0,
인천,남동구,종합병원,2012,0,0,0,,0,
인천,남동구,종합병원,2013,0,0,0,,0,
인천,남동구,종합병원,2014,0,0,0,,0,
인천,남동구,종합병원,2015,0,0,0,,0,
인천,남동구,종합병원,2016,0,0,0,,0,
인천,남동구,종합병원,2017,0,0,0,,0,
인천,남동구,종합병원,2018,0,0,0,,0,
인천,남동구,종합병원,2019,0,0,0,,0,
인천,남동구,종합병원,2020,0,0,0,,0,
인천,남동구,종합병원,2021,1,1,0,0.0,1,1.0
인천,남동구,종합병원,2022,1,0,0,0.0,0,0.0
인천,남동구,종합병원,2023,1,0,0,0.0,0,0.0
인천,남동구,종합병원,2024,1,0,0,0.0,0,0.0
인천,남동구,종합병원,2025,1,0,0,0.0,0,0.0
인천,동구,병원,2007,2,,0,0.0,,
인천,동구,병원,2008,2,0,0,0.0,0,0.0
인천,동구,병원,2009,2,0,0,0.0,0,0.0
인천,동구,병원,2010,2,0,0,0.0,0,0.0
인천,동구,병원,2011,2,0,0,0.0,0,0.0
인천,동구,병원,2012,2,0,2,1.0,2,1.0
인천,동구,병원,2013,0,-2,0,,-2,
인천,동구,병원,2014,0,0,0,,0,
인천,동구,병원,2015,0,0,0,,0,
인천,동구,병원,2016,0,0,0,,0,
인천,동구,병원,2017,0,0,0,,0,
인천,동구,병원,2018,0,0,0,,0,
인천,동구,병원,2019,0,0,0,,0,
인천,동구,병원,2020,0,0,0,,0,
인천,동구,병원,2021,0,0,0,,0,
인천,동구,병원,2022,0,0,0,,0,
인천,동구,병원,2023,0,0,0,,0,
인천,동구,병원,2024,0,0,0,,0,
인천,동구,병원,2025,0,0,0,,0,
인천,동구,상급종합병원,2007,0,,0,,,
인천,동구,상급종합병원,2008,0,0,0,,0,
인천,동구,상급종합병원,2009,0,0,0,,0,
인천,동구,상급종합병원,2010,0,0,0,,0,
인천,동구,상급종합병원,2011,0,0,0,,0,
인천,동구,상급종합병원,2012,0,0,0,,0,
인천,동구,상급종합병원,2013,0,0,0,,0,
인천,동구,상급종합병원,2014,0,0,0,,0,
인천,동구,상급종합병원,2015,0,0,0,,0,
인천,동구,상급종합병원,2016,0,0,0,,0,
인천,동구,상급종합병원,2017,0,0,0,,0,
인천,동구,상급종합병원,2018,0,0,0,,0,
인천,동구,상급종합병원,2019,0,0,0,,0,
인천,동구,상급종합병원,2020,0,0,0,,0,
인천,동구,상급종합병원,2021,0,0,0,,0,
인천,동구,상급종합병원,2022,0,0,0,,0,
인천,동구,상급종합병원,2023,0,0,0,,0,
인천,동구,상급종합병원,2024,0,0,0,,0,
인천,동구,상급종합병원,2025,0,0,0,,0,
인천,동구,의원,2007,43,,2,0.046511627906976744,,
인천,동구,의원,2008,43,0,5,0.11627906976744186,5,0.11627906976744186
인천,동구,의원,2009,41,-2,3,0.07317073170731707,1,0.024390243902439025
인천,동구,의원,2010,42,1,1,0.023809523809523808,2,0.047619047619047616
인천,동구,의원,2011,42,0,4,0.09523809523809523,4,0.09523809523809523
인천,동구,의원,2012,42,0,2,0.047619047619047616,2,0.047619047619047616
인천,동구,의원,2013,40,-2,1,0.025,-1,-0.025
인천,동구,의원,2014,41,1,0,0.0,1,0.024390243902439025
인천,동구,의원,2015,43,2,2,0.046511627906976744,4,0.09302325581395349
인천,동구,의원,2016,41,-2,0,0.0,-2,-0.04878048780487805
인천,동구,의원,2017,41,0,0,0.0,0,0.0
인천,동구,의원,2018,41,0,1,0.024390243902439025,1,0.024390243902439025
인천,동구,의원,2019,40,-1,0,0.0,-1,-0.025
인천,동구,의원,2020,42,2,2,0.047619047619047616,4,0.09523809523809523
인천,동구,의원,2021,43,1,0,0.0,1,0.023255813953488372
인천,동구,의원,2022,43,0,2,0.046511627906976744,2,0.046511627906976744
인천,동구,의원,2023,43,0,0,0.0,0,0.0
인천,동구,의원,2024,43,0,0,0.0,0,0.0
인천,동구,의원,2025,43,0,0,0.0,0,0.0
인천,동구,종합병원,2007,1,,0,0.0,,
인천,동구,종합병원,2008,1,0,0,0.0,0,0.0
인천,동구,종합병원,2009,1,0,0,0.0,0,0.0
인천,동구,종합병원,2010,1,0,0,0.0,0,0.0
인천,동구,종합병원,2011,1,0,0,0.0,0,0.0
인천,동구,종합병원,2012,1,0,0,0.0,0,0.0
인천,동구,종합병원,2013,2,1,0,0.0,1,0.5
인천,동구,종합병원,2014,2,0,0,0.0,0,0.0
인천,동구,종합병원,2015,2,0,1,0.5,1,0.5
인천,동구,종합병원,2016,2,0,0,0.0,0,0.0
인천,동구,종합병원,2017,2,0,0,0.0,0,0.0
인천,동구,종합병원,2018,2,0,0,0.0,0,0.0
인천,동구,종합병원,2019,2,0,0,0.0,0,0.0
인천,동구,종합병원,2020,2,0,0,0.0,0,0.0
인천,동구,종합병원,2021,2,0,0,0.0,0,0.0
인천,동구,종합병원,2022,2,0,0,0.0,0,0.0
인천,동구,종합병원,2023,2,0,0,0.0,0,0.0
인천,동구,종합병원,2024,2,0,0,0.0,0,0.0
인천,동구,종합병원,2025,2,0,0,0.0,0,0.0
인천,부평구,병원,2007,11,,2,0.18181818181818182,,
인천,부평구,병원,2008,12,1,5,0.4166666666666667,6,0.5
인천,부평구,병원,2009,16,4,0,0.0,4,0.25
인천,부평구,병원,2010,16,0,5,0.3125,5,0.3125
인천,부평구,병원,2011,17,1,4,0.23529411764705882,5,0.29411764705882354
인천,부평구,병원,2012,17,0,2,0.11764705882352941,2,0.11764705882352941
인천,부평구,병원,2013,16,-1,1,0.0625,0,0.0
인천,부평구,병원,2014,12,-4,3,0.25,-1,-0.08333333333333333
인천,부평구,병원,2015,12,0,0,0.0,0,0.0
인천,부평구,병원,2016,12,0,1,0.08333333333333333,1,0.08333333333333333
인천,부평구,병원,2017,11,-1,1,0.09090909090909091,0,0.0
인천,부평구,병원,2018,10,-1,0,0.0,-1,-0.1
인천,부평구,병원,2019,10,0,0,0.0,0,0.0
인천,부평구,병원,2020,10,0,1,0.1,1,0.1
인천,부평구,병원,2021,9,-1,1,0.1111111111111111,0,0.0
인천,부평구,병원,2022,8,-1,0,0.0,-1,-0.125
인천,부평구,병원,2023,9,1,2,0.2222222222222222,3,0.3333333333333333
인천,부평구,병원,2024,7,-2,0,0.0,-2,-0.2857142857142857
인천,부평구,병원,2025,7,0,0,0.0,0,0.0
인천,부평구,상급종합병원,2007,0,,0,,,
인천,부평구,상급종합병원,2008,0,0,0,,0,
인천,부평구,상급종합병원,2009,0,0,0,,0,
인천,부평구,상급종합병원,2010,0,0,0,,0,
인천,부평구,상급종합병원,2011,0,0,0,,0,
인천,부평구,상급종합병원,2012,0,0,0,,0,
인천,부평구,상급종합병원,2013,0,0,0,,0,
인천,부평구,상급종합병원,2014,0,0,0,,0,
인천,부평구,상급종합병원,2015,1,1,0,0.0,1,1.0
인천,부평구,상급종합병원,2016,1,0,0,0.0,0,0.0
인천,부평구,상급종합병원,2017,1,0,0,0.0,0,0.0
인천,부평구,상급종합병원,2018,1,0,0,0.0,0,0.0
인천,부평구,상급종합병원,2019,1,0,0,0.0,0,0.0
인천,부평구,상급종합병원,2020,1,0,0,0.0,0,0.0
인천,부평구,상급종합병원,2021,1,0,0,0.0,0,0.0
인천,부평구,상급종합병원,2022,1,0,0,0.0,0,0.0
인천,부평구,상급종합병원,2023,1,0,0,0.0,0,0.0
인천,부평구,상급종합병원,2024,1,0,0,0.0,0,0.0
인천,부평구,상급종합병원,2025,1,0,0,0.0,0,0.0
인천,부평구,의원,2007,296,,19,0.06418918918918919,,
인천,부평구,의원,2008,292,-4,21,0.07191780821917808,17,0.05821917808219178
인천,부평구,의원,2009,294,2,13,0.04421768707482993,15,0.05102040816326531
인천,부평구,의원,2010,291,-3,16,0.054982817869415807,13,0.044673539518900345
인천,부평구,의원,2011,292,1,10,0.03424657534246575,11,0.03767123287671233
인천,부평구,의원,2012,292,0,13,0.04452054794520548,13,0.04452054794520548
인천,부평구,의원,2013,289,-3,11,0.03806228373702422,8,0.02768166089965398
인천,부평구,의원,2014,292,3,10,0.03424657534246575,13,0.04452054794520548
인천,부평구,의원,2015,297,5,9,0.030303030303030304,14,0.04713804713804714
인천,부평구,의원,2016,301,4,9,0.029900332225913623,13,0.04318936877076412
인천,부평구,의원,2017,301,0,7,0.023255813953488372,7,0.023255813953488372
인천,부평구,의원,2018,302,1,9,0.029801324503311258,10,0.033112582781456956
인천,부평구,의원,2019,309,7,9,0.02912621359223301,16,0.05177993527508091
인천,부평구,의원,2020,307,-2,7,0.02280130293159609,5,0.016286644951140065
인천,부평구,의원,2021,309,2,7,0.022653721682847898,9,0.02912621359223301
인천,부평구,의원,2022,318,9,9,0.02830188679245283,18,0.05660377358490566
인천,부평구,의원,2023,331,13,20,0.06042296072507553,33,0.09969788519637462
인천,부평구,의원,2024,334,3,11,0.03293413173652695,14,0.041916167664670656
인천,부평구,의원,2025,344,10,22,0.06395348837209303,32,0.09302325581395349
인천,부평구,종합병원,2007,3,,0,0.0,,
인천,부평구,종합병원,2008,3,0,1,0.3333333333333333,1,0.3333333333333333
인천,부평구,종합병원,2009,2,-1,0,0.0,-1,-0.5
인천,부평구,종합병원,2010,2,0,0,0.0,0,0.0
인천,부평구,종합병원,2011,2,0,0,0.0,0,0.0
인천,부평구,종합병원,2012,2,0,0,0.0,0,0.0
인천,부평구,종합병원,2013,2,0,0,0.0,0,0.0
인천,부평구,종합병원,2014,2,0,0,0.0,0,0.0
인천,부평구,종합병원,2015,2,0,0,0.0,0,0.0
인천,부평구,종합병원,2016,2,0,0,0.0,0,0.0
인천,부평구,종합병원,2017,2,0,0,0.0,0,0.0
인천,부평구,종합병원,2018,2,0,0,0.0,0,0.0
인천,부평구,종합병원,2019,2,0,0,0.0,0,0.0
인천,부평구,종합병원,2020,2,0,0,0.0,0,0.0
인천,부평구,종합병원,2021,2,0,0,0.0,0,0.0
인천,부평구,종합병원,2022,2,0,0,0.0,0,0.0
인천,부평구,종합병원,2023,2,0,0,0.0,0,0.0
인천,부평구,종합병원,2024,2,0,0,0.0,0,0.0
인천,부평구,종합병원,2025,2,0,0,0.0,0,0.0
인천,서구,병원,2007,5,,1,0.2,,
인천,서구,병원,2008,6,1,0,0.0,1,0.16666666666666666
인천,서구,병원,2009,7,1,1,0.14285714285714285,2,0.2857142857142857
인천,서구,병원,2010,7,0,3,0.42857142857142855,3,0.42857142857142855
인천,서구,병원,2011,6,-1,3,0.5,2,0.3333333333333333
인천,서구,병원,2012,6,0,0,0.0,0,0.0
인천,서구,병원,2013,6,0,2,0.3333333333333333,2,0.3333333333333333
인천,서구,병원,2014,6,0,0,0.0,0,0.0
인천,서구,병원,2015,7,1,1,0.14285714285714285,2,0.2857142857142857
인천,서구,병원,2016,7,0,0,0.0,0,0.0
인천,서구,병원,2017,9,2,0,0.0,2,0.2222222222222222
인천,서구,병원,2018,9,0,0,0.0,0,0.0
인천,서구,병원,2019,9,0,3,0.3333333333333333,3,0.3333333333333333
인천,서구,병원,2020,9,0,0,0.0,0,0.0
인천,서구,병원,2021,11,2,2,0.18181818181818182,4,0.36363636363636365
인천,서구,병원,2022,9,-2,2,0.2222222222222222,0,0.0
인천,서구,병원,2023,10,1,1,0.1,2,0.2
인천,서구,병원,2024,11,1,0,0.0,1,0.09090909090909091
인천,서구,병원,2025,12,1,2,0.16666666666666666,3,0.25
인천,서구,상급종합병원,2007,0,,0,,,
인천,서구,상급종합병원,2008,0,0,0,,0,
인천,서구,상급종합병원,2009,0,0,0,,0,
인천,서구,상급종합병원,2010,0,0,0,,0,
인천,서구,상급종합병원,2011,0,0,0,,0,
인천,서구,상급종합병원,2012,0,0,0,,0,
인천,서구,상급종합병원,2013,0,0,0,,0,
인천,서구,상급종합병원,2014,0,0,0,,0,
인천,서구,상급종합병원,2015,0,0,0,,0,
인천,서구,상급종합병원,2016,0,0,0,,0,
인천,서구,상급종합병원,2017,0,0,0,,0,
인천,서구,상급종합병원,2018,0,0,0,,0,
인천,서구,상급종합병원,2019,0,0,0,,0,
인천,서구,상급종합병원,2020,0,0,0,,0,
인천,서구,상급종합병원,2021,0,0,0,,0,
인천,서구,상급종합병원,2022,0,0,0,,0,
인천,서구,상급종합병원,2023,0,0,0,,0,
인천,서구,상급종합병원,2024,0,0,0,,0,
인천,서구,상급종합병원,2025,0,0,0,,0,
인천,서구,의원,2007,164,,3,0.018292682926829267,,
인천,서구,의원,2008,171,7,15,0.08771929824561403,22,0.1286549707602339
인천,서구,의원,2009,166,-5,7,0.04216867469879518,2,0.012048192771084338
인천,서구,의원,2010,172,6,6,0.03488372093023256,12,0.06976744186046512
인천,서구,의원,2011,171,-1,7,0.04093567251461988,6,0.03508771929824561
인천,서구,의원,2012,172,1,14,0.08139534883720931,15,0.0872093023255814
인천,서구,의원,2013,177,5,6,0.03389830508474576,11,0.062146892655367235
인천,서구,의원,2014,185,8,9,0.04864864864864865,17,0.0918918918918919
인천,서구,의원,2015,202,17,4,0.019801980198019802,21,0.10396039603960396
인천,서구,의원,2016,209,7,8,0.03827751196172249,15,0.07177033492822966
인천,서구,의원,2017,226,17,8,0.035398230088495575,25,0.11061946902654868
인천,서구,의원,2018,229,3,7,0.03056768558951965,10,0.043668122270742356
인천,서구,의원,2019,235,6,10,0.0425531914893617,16,0.06808510638297872
인천,서구,의원,2020,241,6,8,0.03319502074688797,14,0.058091286307053944
인천,서구,의원,2021,246,5,5,0.02032520325203252,10,0.04065040650406504
인천,서구,의원,2022,261,15,7,0.02681992337164751,22,0.0842911877394636
인천,서구,의원,2023,280,19,6,0.02142857142857143,25,0.08928571428571429
인천,서구,의원,2024,302,22,9,0.029801324503311258,31,0.10264900662251655
인천,서구,의원,2025,324,22,9,0.027777777777777776,31,0.09567901234567901
인천,서구,종합병원,2007,2,,0,0.0,,
인천,서구,종합병원,2008,2,0,0,0.0,0,0.0
인천,서구,종합병원,2009,3,1,0,0.0,1,0.3333333333333333
인천,서구,종합병원,2010,3,0,0,0.0,0,0.0
인천,서구,종합병원,2011,3,0,0,0.0,0,0.0
인천,서구,종합병원,2012,4,1,0,0.0,1,0.25
인천,서구,종합병원,2013,4,0,0,0.0,0,0.0
인천,서구,종합병원,2014,5,1,1,0.2,2,0.4
인천,서구,종합병원,2015,5,0,0,0.0,0,0.0
인천,서구,종합병원,2016,5,0,0,0.0,0,0.0
인천,서구,종합병원,2017,5,0,0,0.0,0,0.0
인천,서구,종합병원,2018,5,0,0,0.0,0,0.0
인천,서구,종합병원,2019,5,0,0,0.0,0,0.0
인천,서구,종합병원,2020,5,0,0,0.0,0,0.0
인천,서구,종합병원,2021,5,0,0,0.0,0,0.0
인천,서구,종합병원,2022,5,0,0,0.0,0,0.0
인천,서구,종합병원,2023,5,0,0,0.0,0,0.0
인천,서구,종합병원,2024,5,0,0,0.0,0,0.0
인천,서구,종합병원,2025,5,0,0,0.0,0,0.0
인천,연수구,병원,2007,3,,1,0.3333333333333333,,
인천,연수구,병원,2008,3,0,1,0.3333333333333333,1,0.3333333333333333
인천,연수구,병원,2009,3,0,1,0.3333333333333333,1,0.3333333333333333
인천,연수구,병원,2010,3,0,1,0.3333333333333333,1,0.3333333333333333
인천,연수구,병원,2011,3,0,0,0.0,0,0.0
인천,연수구,병원,2012,3,0,0,0.0,0,0.0
인천,연수구,병원,2013,3,0,0,0.0,0,0.0
인천,연수구,병원,2014,3,0,0,0.0,0,0.0
인천,연수구,병원,2015,3,0,0,0.0,0,0.0
인천,연수구,병원,2016,4,1,1,0.25,2,0.5
인천,연수구,병원,2017,4,0,0,0.0,0,0.0
인천,연수구,병원,2018,4,0,1,0.25,1,0.25
인천,연수구,병원,2019,4,0,0,0.0,0,0.0
인천,연수구,병원,2020,4,0,0,0.0,0,0.0
인천,연수구,병원,2021,4,0,1,0.25,1,0.25
인천,연수구,병원,2022,4,0,2,0.5,2,0.5
인천,연수구,병원,2023,4,0,0,0.0,0,0.0
인천,연수구,병원,2024,4,0,2,0.5,2,0.5
인천,연수구,병원,2025,4,0,0,0.0,0,0.0
인천,연수구,상급종합병원,2007,0,,0,,,
인천,연수구,상급종합병원,2008,0,0,0,,0,
인천,연수구,상급종합병원,2009,0,0,0,,0,
인천,연수구,상급종합병원,2010,0,0,0,,0,
인천,연수구,상급종합병원,2011,0,0,0,,0,
인천,연수구,상급종합병원,2012,0,0,0,,0,
인천,연수구,상급종합병원,2013,0,0,0,,0,
인천,연수구,상급종합병원,2014,0,0,0,,0,
인천,연수구,상급종합병원,2015,0,0,0,,0,
인천,연수구,상급종합병원,2016,0,0,0,,0,
인천,연수구,상급종합병원,2017,0,0,0,,0,
인천,연수구,상급종합병원,2018,0,0,0,,0,
인천,연수구,상급종합병원,2019,0,0,0,,0,
인천,연수구,상급종합병원,2020,0,0,0,,0,
인천,연수구,상급종합병원,2021,0,0,0,,0,
인천,연수구,상급종합병원,2022,0,0,0,,0,
인천,연수구,상급종합병원,2023,0,0,0,,0,
인천,연수구,상급종합병원,2024,0,0,0,,0,
인천,연수구,상급종합병원,2025,0,0,0,,0,
인천,연수구,의원,2007,98,,3,0.030612244897959183,,
인천,연수구,의원,2008,102,4,3,0.029411764705882353,7,0.06862745098039216
인천,연수구,의원,2009,106,4,7,0.0660377358490566,11,0.10377358490566038
인천,연수구,의원,2010,111,5,6,0.05405405405405406,11,0.0990990990990991
인천,연수구,의원,2011,116,5,7,0.0603448275862069,12,0.10344827586206896
인천,연수구,의원,2012,124,8,7,0.056451612903225805,15,0.12096774193548387
인천,연수구,의원,2013,131,7,4,0.030534351145038167,11,0.08396946564885496
인천,연수구,의원,2014,131,0,6,0.04580152671755725,6,0.04580152671755725
인천,연수구,의원,2015,138,7,6,0.043478260869565216,13,0.09420289855072464
인천,연수구,의원,2016,146,8,3,0.02054794520547945,11,0.07534246575342465
인천,연수구,의원,2017,152,6,5,0.03289473684210526,11,0.07236842105263158
인천,연수구,의원,2018,162,10,4,0.024691358024691357,14,0.08641975308641975
인천,연수구,의원,2019,168,6,5,0.02976190476190476,11,0.06547619047619048
인천,연수구,의원,2020,178,10,3,0.016853932584269662,13,0.07303370786516854
인천,연수구,의원,2021,195,17,4,0.020512820512820513,21,0.1076923076923077
인천,연수구,의원,2022,213,18,5,0.023474178403755867,23,0.107981220657277
인천,연수구,의원,2023,233,20,4,0.017167381974248927,24,0.10300429184549356
인천,연수구,의원,2024,242,9,6,0.024793388429752067,15,0.06198347107438017
인천,연수구,의원,2025,262,20,5,0.019083969465648856,25,0.09541984732824428
인천,연수구,종합병원,2007,1,,0,0.0,,
인천,연수구,종합병원,2008,1,0,0,0.0,0,0.0
인천,연수구,종합병원,2009,1,0,0,0.0,0,0.0
인천,연수구,종합병원,2010,2,1,0,0.0,1,0.5
인천,연수구,종합병원,2011,2,0,0,0.0,0,0.0
인천,연수구,종합병원,2012,2,0,0,0.0,0,0.0
인천,연수구,종합병원,2013,2,0,0,0.0,0,0.0
인천,연수구,종합병원,2014,2,0,0,0.0,0,0.0
인천,연수구,종합병원,2015,2,0,0,0.0,0,0.0
인천,연수구,종합병원,2016,2,0,0,0.0,0,0.0
인천,연수구,종합병원,2017,2,0,0,0.0,0,0.0
인천,연수구,종합병원,2018,2,0,1,0.5,1,0.5
인천,연수구,종합병원,2019,1,-1,0,0.0,-1,-1.0
인천,연수구,종합병원,2020,1,0,0,0.0,0,0.0
인천,연수구,종합병원,2021,1,0,0,0.0,0,0.0
인천,연수구,종합병원,2022,1,0,0,0.0,0,0.0
인천,연수구,종합병원,2023,2,1,0,0.0,1,0.5
인천,연수구,종합병원,2024,2,0,0,0.0,0,0.0
인천,연수구,종합병원,2025,2,0,0,0.0,0,0.0
인천,옹진군,병원,2007,1,,0,0.0,,
인천,옹진군,병원,2008,1,0,0,0.0,0,0.0
인천,옹진군,병원,2009,1,0,0,0.0,0,0.0
인천,옹진군,병원,2010,1,0,0,0.0,0,0.0
인천,옹진군,병원,2011,1,0,0,0.0,0,0.0
인천,옹진군,병원,2012,1,0,0,0.0,0,0.0
인천,옹진군,병원,2013,1,0,0,0.0,0,0.0
인천,옹진군,병원,2014,1,0,0,0.0,0,0.0
인천,옹진군,병원,2015,1,0,0,0.0,0,0.0
인천,옹진군,병원,2016,1,0,0,0.0,0,0.0
인천,옹진군,병원,2017,1,0,0,0.0,0,0.0
인천,옹진군,병원,2018,1,0,0,0.0,0,0.0
인천,옹진군,병원,2019,1,0,0,0.0,0,0.0
인천,옹진군,병원,2020,1,0,0,0.0,0,0.0
인천,옹진군,병원,2021,1,0,0,0.0,0,0.0
인천,옹진군,병원,2022,1,0,0,0.0,0,0.0
인천,옹진군,병원,2023,1,0,0,0.0,0,0.0
인천,옹진군,병원,2024,1,0,0,0.0,0,0.0
인천,옹진군,병원,2025,1,0,0,0.0,0,0.0
인천,옹진군,상급종합병원,2007,0,,0,,,
인천,옹진군,상급종합병원,2008,0,0,0,,0,
인천,옹진군,상급종합병원,2009,0,0,0,,0,
인천,옹진군,상급종합병원,2010,0,0,0,,0,
인천,옹진군,상급종합병원,2011,0,0,0,,0,
인천,옹진군,상급종합병원,2012,0,0,0,,0,
인천,옹진군,상급종합병원,2013,0,0,0,,0,
인천,옹진군,상급종합병원,2014,0,0,0,,0,
인천,옹진군,상급종합병원,2015,0,0,0,,0,
인천,옹진군,상급종합병원,2016,0,0,0,,0,
인천,옹진군,상급종합병원,2017,0,0,0,,0,
인천,옹진군,상급종합병원,2018,0,0,0,,0,
인천,옹진군,상급종합병원,2019,0,0,0,,0,
인천,옹진군,상급종합병원,2020,0,0,0,,0,
인천,옹진군,상급종합병원,2021,0,0,0,,0,
인천,옹진군,상급종합병원,2022,0,0,0,,0,
인천,옹진군,상급종합병원,2023,0,0,0,,0,
인천,옹진군,상급종합병원,2024,0,0,0,,0,
인천,옹진군,상급종합병원,2025,0,0,0,,0,
인천,옹진군,의원,2007,2,,1,0.5,,
인천,옹진군,의원,2008,2,0,1,0.5,1,0.5
인천,옹진군,의원,2009,1,-1,0,0.0,-1,-1.0
인천,옹진군,의원,2010,2,1,0,0.0,1,0.5
인천,옹진군,의원,2011,2,0,3,1.5,3,1.5
인천,옹진군,의원,2012,2,0,1,0.5,1,0.5
인천,옹진군,의원,2013,2,0,0,0.0,0,0.0
인천,옹진군,의원,2014,2,0,0,0.0,0,0.0
인천,옹진군,의원,2015,2,0,0,0.0,0,0.0
인천,옹진군,의원,2016,2,0,0,0.0,0,0.0
인천,옹진군,의원,2017,2,0,0,0.0,0,0.0
인천,옹진군,의원,2018,3,1,0,0.0,1,0.3333333333333333
인천,옹진군,의원,2019,3,0,0,0.0,0,0.0
인천,옹진군,의원,2020,3,0,0,0.0,0,0.0
인천,옹진군,의원,2021,3,0,0,0.0,0,0.0
인천,옹진군,의원,2022,3,0,0,0.0,0,0.0
인천,옹진군,의원,2023,3,0,0,0.0,0,0.0
인천,옹진군,의원,2024,3,0,0,0.0,0,0.0
인천,옹진군,의원,2025,3,0,0,0.0,0,0.0
인천,옹진군,종합병원,2007,0,,0,,,
인천,옹진군,종합병원,2008,0,0,0,,0,
인천,옹진군,종합병원,2009,0,0,0,,0,
인천,옹진군,종합병원,2010,0,0,0,,0,
인천,옹진군,종합병원,2011,0,0,0,,0,
인천,옹진군,종합병원,2012,0,0,0,,0,
인천,옹진군,종합병원,2013,0,0,0,,0,
인천,옹진군,종합병원,2014,0,0,0,,0,
인천,옹진군,종합병원,2015,0,0,0,,0,
인천,옹진군,종합병원,2016,0,0,0,,0,
인천,옹진군,종합병원,2017,0,0,0,,0,
인천,옹진군,종합병원,2018,0,0,0,,0,
인천,옹진군,종합병원,2019,0,0,0,,0,
인천,옹진군,종합병원,2020,0,0,0,,0,
인천,옹진군,종합병원,2021,0,0,0,,0,
인천,옹진군,종합병원,2022,0,0,0,,0,
인천,옹진군,종합병원,2023,0,0,0,,0,
인천,옹진군,종합병원,2024,0,0,0,,0,
인천,옹진군,종합병원,2025,0,0,0,,0,
인천,중구,병원,2007,0,,0,,,
인천,중구,병원,2008,0,0,0,,0,
인천,중구,병원,2009,0,0,0,,0,
인천,중구,병원,2010,0,0,0,,0,
인천,중구,병원,2011,0,0,0,,0,
인천,중구,병원,2012,0,0,0,,0,
인천,중구,병원,2013,0,0,0,,0,
인천,중구,병원,2014,0,0,0,,0,
인천,중구,병원,2015,0,0,0,,0,
인천,중구,병원,2016,0,0,0,,0,
인천,중구,병원,2017,1,1,0,0.0,1,1.0
인천,중구,병원,2018,2,1,1,0.5,2,1.0
인천,중구,병원,2019,1,-1,0,0.0,-1,-1.0
인천,중구,병원,2020,2,1,0,0.0,1,0.5
인천,중구,병원,2021,2,0,0,0.0,0,0.0
인천,중구,병원,2022,2,0,0,0.0,0,0.0
인천,중구,병원,2023,2,0,0,0.0,0,0.0
인천,중구,병원,2024,3,1,0,0.0,1,0.3333333333333333
인천,중구,병원,2025,3,0,0,0.0,0,0.0
인천,중구,상급종합병원,2007,1,,0,0.0,,
인천,중구,상급종합병원,2008,1,0,0,0.0,0,0.0
인천,중구,상급종합병원,2009,1,0,0,0.0,0,0.0
인천,중구,상급종합병원,2010,1,0,0,0.0,0,0.0
인천,중구,상급종합병원,2011,1,0,0,0.0,0,0.0
인천,중구,상급종합병원,2012,1,0,0,0.0,0,0.0
인천,중구,상급종합병원,2013,1,0,0,0.0,0,0.0
인천,중구,상급종합병원,2014,1,0,0,0.0,0,0.0
인천,중구,상급종합병원,2015,1,0,0,0.0,0,0.0
인천,중구,상급종합병원,2016,1,0,0,0.0,0,0.0
인천,중구,상급종합병원,2017,1,0,0,0.0,0,0.0
인천,중구,상급종합병원,2018,1,0,0,0.0,0,0.0
인천,중구,상급종합병원,2019,1,0,0,0.0,0,0.0
인천,중구,상급종합병원,2020,1,0,0,0.0,0,0.0
인천,중구,상급종합병원,2021,1,0,0,0.0,0,0.0
인천,중구,상급종합병원,2022,1,0,0,0.0,0,0.0
인천,중구,상급종합병원,2023,1,0,0,0.0,0,0.0
인천,중구,상급종합병원,2024,1,0,0,0.0,0,0.0
인천,중구,상급종합병원,2025,1,0,0,0.0,0,0.0
인천,중구,의원,2007,47,,0,0.0,,
인천,중구,의원,2008,49,2,2,0.04081632653061224,4,0.08163265306122448
인천,중구,의원,2009,46,-3,3,0.06521739130434782,0,0.0
인천,중구,의원,2010,45,-1,3,0.06666666666666667,2,0.044444444444444446
인천,중구,의원,2011,44,-1,0,0.0,-1,-0.022727272727272728
인천,중구,의원,2012,44,0,5,0.11363636363636363,5,0.11363636363636363
인천,중구,의원,2013,44,0,5,0.11363636363636363,5,0.11363636363636363
인천,중구,의원,2014,44,0,1,0.022727272727272728,1,0.022727272727272728
인천,중구,의원,2015,45,1,5,0.1111111111111111,6,0.13333333333333333
인천,중구,의원,2016,45,0,4,0.08888888888888889,4,0.08888888888888889
인천,중구,의원,2017,47,2,2,0.0425531914893617,4,0.0851063829787234
인천,중구,의원,2018,46,-1,3,0.06521739130434782,2,0.043478260869565216
인천,중구,의원,2019,50,4,1,0.02,5,0.1
인천,중구,의원,2020,55,5,4,0.07272727272727272,9,0.16363636363636364
인천,중구,의원,2021,58,3,1,0.017241379310344827,4,0.06896551724137931
인천,중구,의원,2022,60,2,2,0.03333333333333333,4,0.06666666666666667
인천,중구,의원,2023,70,10,5,0.07142857142857142,15,0.21428571428571427
인천,중구,의원,2024,71,1,4,0.056338028169014086,5,0.07042253521126761
인천,중구,의원,2025,70,-1,2,0.02857142857142857,1,0.014285714285714285
인천,중구,종합병원,2007,1,,0,0.0,,
인천,중구,종합병원,2008,1,0,0,0.0,0,0.0
인천,중구,종합병원,2009,1,0,0,0.0,0,0.0
인천,중구,종합병원,2010,1,0,0,0.0,0,0.0
인천,중구,종합병원,2011,2,1,0,0.0,1,0.5
인천,중구,종합병원,2012,2,0,0,0.0,0,0.0
인천,중구,종합병원,2013,2,0,0,0.0,0,0.0
인천,중구,종합병원,2014,2,0,0,0.0,0,0.0
인천,중구,종합병원,2015,2,0,0,0.0,0,0.0
인천,중구,종합병원,2016,2,0,1,0.5,1,0.5
인천,중구,종합병원,2017,1,-1,0,0.0,-1,-1.0
인천,중구,종합병원,2018,1,0,0,0.0,0,0.0
인천,중구,종합병원,2019,1,0,0,0.0,0,0.0
인천,중구,종합병원,2020,1,0,0,0.0,0,0.0
인천,중구,종합병원,2021,1,0,0,0.0,0,0.0
인천,중구,종합병원,2022,1,0,0,0.0,0,0.0
인천,중구,종합병원,2023,1,0,0,0.0,0,0.0
인천,중구,종합병원,2024,1,0,0,0.0,0,0.0
인천,중구,종합병원,2025,1,0,0,0.0,0,0.0
전남,강진군,병원,2007,1,,0,0.0,,
전남,강진군,병원,2008,1,0,0,0.0,0,0.0
전남,강진군,병원,2009,2,1,0,0.0,1,0.5
전남,강진군,병원,2010,2,0,0,0.0,0,0.0
전남,강진군,병원,2011,2,0,0,0.0,0,0.0
전남,강진군,병원,2012,2,0,0,0.0,0,0.0
전남,강진군,병원,2013,3,1,0,0.0,1,0.3333333333333333
전남,강진군,병원,2014,4,1,1,0.25,2,0.5
전남,강진군,병원,2015,3,-1,1,0.3333333333333333,0,0.0
전남,강진군,병원,2016,3,0,0,0.0,0,0.0
전남,강진군,병원,2017,3,0,0,0.0,0,0.0
전남,강진군,병원,2018,3,0,1,0.3333333333333333,1,0.3333333333333333
전남,강진군,병원,2019,2,-1,0,0.0,-1,-0.5
전남,강진군,병원,2020,1,-1,1,1.0,0,0.0
전남,강진군,병원,2021,1,0,0,0.0,0,0.0
전남,강진군,병원,2022,1,0,0,0.0,0,0.0
전남,강진군,병원,2023,1,0,0,0.0,0,0.0
전남,강진군,병원,2024,1,0,0,0.0,0,0.0
전남,강진군,병원,2025,1,0,1,1.0,1,1.0
전남,강진군,상급종합병원,2007,0,,0,,,
전남,강진군,상급종합병원,2008,0,0,0,,0,
전남,강진군,상급종합병원,2009,0,0,0,,0,
전남,강진군,상급종합병원,2010,0,0,0,,0,
전남,강진군,상급종합병원,2011,0,0,0,,0,
전남,강진군,상급종합병원,2012,0,0,0,,0,
전남,강진군,상급종합병원,2013,0,0,0,,0,
전남,강진군,상급종합병원,2014,0,0,0,,0,
전남,강진군,상급종합병원,2015,0,0,0,,0,
전남,강진군,상급종합병원,2016,0,0,0,,0,
전남,강진군,상급종합병원,2017,0,0,0,,0,
전남,강진군,상급종합병원,2018,0,0,0,,0,
전남,강진군,상급종합병원,2019,0,0,0,,0,
전남,강진군,상급종합병원,2020,0,0,0,,0,
전남,강진군,상급종합병원,2021,0,0,0,,0,
전남,강진군,상급종합병원,2022,0,0,0,,0,
전남,강진군,상급종합병원,2023,0,0,0,,0,
전남,강진군,상급종합병원,2024,0,0,0,,0,
전남,강진군,상급종합병원,2025,0,0,0,,0,
전남,강진군,의원,2007,17,,0,0.0,,
전남,강진군,의원,2008,18,1,2,0.1111111111111111,3,0.16666666666666666
전남,강진군,의원,2009,16,-2,2,0.125,0,0.0
전남,강진군,의원,2010,17,1,0,0.0,1,0.058823529411764705
전남,강진군,의원,2011,18,1,1,0.05555555555555555,2,0.1111111111111111
전남,강진군,의원,2012,17,-1,2,0.11764705882352941,1,0.058823529411764705
전남,강진군,의원,2013,18,1,1,0.05555555555555555,2,0.1111111111111111
전남,강진군,의원,2014,18,0,2,0.1111111111111111,2,0.1111111111111111
전남,강진군,의원,2015,19,1,1,0.05263157894736842,2,0.10526315789473684
전남,강진군,의원,2016,19,0,0,0.0,0,0.0
전남,강진군,의원,2017,19,0,1,0.05263157894736842,1,0.05263157894736842
전남,강진군,의원,2018,19,0,0,0.0,0,0.0
전남,강진군,의원,2019,20,1,0,0.0,1,0.05
전남,강진군,의원,2020,20,0,0,0.0,0,0.0
전남,강진군,의원,2021,21,1,0,0.0,1,0.047619047619047616
전남,강진군,의원,2022,20,-1,2,0.1,1,0.05
전남,강진군,의원,2023,20,0,0,0.0,0,0.0
전남,강진군,의원,2024,20,0,0,0.0,0,0.0
전남,강진군,의원,2025,20,0,1,0.05,1,0.05
전남,강진군,종합병원,2007,1,,0,0.0,,
전남,강진군,종합병원,2008,1,0,0,0.0,0,0.0
전남,강진군,종합병원,2009,0,-1,0,,-1,
전남,강진군,종합병원,2010,0,0,0,,0,
전남,강진군,종합병원,2011,0,0,0,,0,
전남,강진군,종합병원,2012,0,0,0,,0,
전남,강진군,종합병원,2013,0,0,0,,0,
전남,강진군,종합병원,2014,0,0,0,,0,
전남,강진군,종합병원,2015,0,0,0,,0,
전남,강진군,종합병원,2016,0,0,0,,0,
전남,강진군,종합병원,2017,0,0,0,,0,
전남,강진군,종합병원,2018,0,0,0,,0,
전남,강진군,종합병원,2019,0,0,0,,0,
전남,강진군,종합병원,2020,0,0,0,,0,
전남,강진군,종합병원,2021,0,0,0,,0,
전남,강진군,종합병원,2022,0,0,0,,0,
전남,강진군,종합병원,2023,0,0,0,,0,
전남,강진군,종합병원,2024,0,0,0,,0,
전남,강진군,종합병원,2025,0,0,0,,0,
전남,고흥군,병원,2007,3,,0,0.0,,
전남,고흥군,병원,2008,3,0,0,0.0,0,0.0
전남,고흥군,병원,2009,2,-1,0,0.0,-1,-0.5
전남,고흥군,병원,2010,2,0,0,0.0,0,0.0
전남,고흥군,병원,2011,2,0,0,0.0,0,0.0
전남,고흥군,병원,2012,2,0,0,0.0,0,0.0
전남,고흥군,병원,2013,2,0,0,0.0,0,0.0
전남,고흥군,병원,2014,2,0,0,0.0,0,0.0
전남,고흥군,병원,2015,2,0,0,0.0,0,0.0
전남,고흥군,병원,2016,2,0,0,0.0,0,0.0
전남,고흥군,병원,2017,2,0,0,0.0,0,0.0
전남,고흥군,병원,2018,2,0,0,0.0,0,0.0
전남,고흥군,병원,2019,3,1,0,0.0,1,0.3333333333333333
전남,고흥군,병원,2020,3,0,0,0.0,0,0.0
전남,고흥군,병원,2021,3,0,0,0.0,0,0.0
전남,고흥군,병원,2022,3,0,0,0.0,0,0.0
전남,고흥군,병원,2023,3,0,0,0.0,0,0.0
전남,고흥군,병원,2024,3,0,0,0.0,0,0.0
전남,고흥군,병원,2025,3,0,0,0.0,0,0.0
전남,고흥군,상급종합병원,2007,0,,0,,,
전남,고흥군,상급종합병원,2008,0,0,0,,0,
전남,고흥군,상급종합병원,2009,0,0,0,,0,
전남,고흥군,상급종합병원,2010,0,0,0,,0,
전남,고흥군,상급종합병원,2011,0,0,0,,0,
전남,고흥군,상급종합병원,2012,0,0,0,,0,
전남,고흥군,상급종합병원,2013,0,0,0,,0,
전남,고흥군,상급종합병원,2014,0,0,0,,0,
전남,고흥군,상급종합병원,2015,0,0,0,,0,
전남,고흥군,상급종합병원,2016,0,0,0,,0,
전남,고흥군,상급종합병원,2017,0,0,0,,0,
전남,고흥군,상급종합병원,2018,0,0,0,,0,
전남,고흥군,상급종합병원,2019,0,0,0,,0,
전남,고흥군,상급종합병원,2020,0,0,0,,0,
전남,고흥군,상급종합병원,2021,0,0,0,,0,
전남,고흥군,상급종합병원,2022,0,0,0,,0,
전남,고흥군,상급종합병원,2023,0,0,0,,0,
전남,고흥군,상급종합병원,2024,0,0,0,,0,
전남,고흥군,상급종합병원,2025,0,0,0,,0,
전남,고흥군,의원,2007,32,,0,0.0,,
전남,고흥군,의원,2008,33,1,3,0.09090909090909091,4,0.12121212121212122
전남,고흥군,의원,2009,33,0,0,0.0,0,0.0
전남,고흥군,의원,2010,32,-1,1,0.03125,0,0.0
전남,고흥군,의원,2011,33,1,0,0.0,1,0.030303030303030304
전남,고흥군,의원,2012,33,0,0,0.0,0,0.0
전남,고흥군,의원,2013,33,0,0,0.0,0,0.0
전남,고흥군,의원,2014,34,1,0,0.0,1,0.029411764705882353
전남,고흥군,의원,2015,36,2,2,0.05555555555555555,4,0.1111111111111111
전남,고흥군,의원,2016,36,0,1,0.027777777777777776,1,0.027777777777777776
전남,고흥군,의원,2017,33,-3,2,0.06060606060606061,-1,-0.030303030303030304
전남,고흥군,의원,2018,34,1,0,0.0,1,0.029411764705882353
전남,고흥군,의원,2019,34,0,2,0.058823529411764705,2,0.058823529411764705
전남,고흥군,의원,2020,32,-2,1,0.03125,-1,-0.03125
전남,고흥군,의원,2021,32,0,0,0.0,0,0.0
전남,고흥군,의원,2022,34,2,1,0.029411764705882353,3,0.08823529411764706
전남,고흥군,의원,2023,34,0,1,0.029411764705882353,1,0.029411764705882353
전남,고흥군,의원,2024,33,-1,1,0.030303030303030304,0,0.0
전남,고흥군,의원,2025,32,-1,1,0.03125,0,0.0
전남,고흥군,종합병원,2007,1,,0,0.0,,
전남,고흥군,종합병원,2008,1,0,0,0.0,0,0.0
전남,고흥군,종합병원,2009,2,1,0,0.0,1,0.5
전남,고흥군,종합병원,2010,2,0,0,0.0,0,0.0
전남,고흥군,종합병원,2011,2,0,0,0.0,0,0.0
전남,고흥군,종합병원,2012,2,0,0,0.0,0,0.0
전남,고흥군,종합병원,2013,2,0,0,0.0,0,0.0
전남,고흥군,종합병원,2014,2,0,0,0.0,0,0.0
전남,고흥군,종합병원,2015,2,0,0,0.0,0,0.0
전남,고흥군,종합병원,2016,2,0,0,0.0,0,0.0
전남,고흥군,종합병원,2017,2,0,0,0.0,0,0.0
전남,고흥군,종합병원,2018,2,0,0,0.0,0,0.0
전남,고흥군,종합병원,2019,1,-1,1,1.0,0,0.0
전남,고흥군,종합병원,2020,1,0,0,0.0,0,0.0
전남,고흥군,종합병원,2021,1,0,0,0.0,0,0.0
전남,고흥군,종합병원,2022,1,0,0,0.0,0,0.0
전남,고흥군,종합병원,2023,1,0,0,0.0,0,0.0
전남,고흥군,종합병원,2024,1,0,0,0.0,0,0.0
전남,고흥군,종합병원,2025,1,0,0,0.0,0,0.0
전남,곡성군,병원,2007,1,,1,1.0,,
전남,곡성군,병원,2008,1,0,0,0.0,0,0.0
전남,곡성군,병원,2009,1,0,0,0.0,0,0.0
전남,곡성군,병원,2010,1,0,0,0.0,0,0.0
전남,곡성군,병원,2011,1,0,0,0.0,0,0.0
전남,곡성군,병원,2012,1,0,0,0.0,0,0.0
전남,곡성군,병원,2013,1,0,0,0.0,0,0.0
전남,곡성군,병원,2014,1,0,0,0.0,0,0.0
전남,곡성군,병원,2015,1,0,0,0.0,0,0.0
전남,곡성군,병원,2016,1,0,0,0.0,0,0.0
전남,곡성군,병원,2017,1,0,0,0.0,0,0.0
전남,곡성군,병원,2018,1,0,0,0.0,0,0.0
전남,곡성군,병원,2019,1,0,0,0.0,0,0.0
전남,곡성군,병원,2020,1,0,0,0.0,0,0.0
전남,곡성군,병원,2021,1,0,0,0.0,0,0.0
전남,곡성군,병원,2022,1,0,0,0.0,0,0.0
전남,곡성군,병원,2023,1,0,0,0.0,0,0.0
전남,곡성군,병원,2024,1,0,0,0.0,0,0.0
전남,곡성군,병원,2025,1,0,0,0.0,0,0.0
전남,곡성군,상급종합병원,2007,0,,0,,,
전남,곡성군,상급종합병원,2008,0,0,0,,0,
전남,곡성군,상급종합병원,2009,0,0,0,,0,
전남,곡성군,상급종합병원,2010,0,0,0,,0,
전남,곡성군,상급종합병원,2011,0,0,0,,0,
전남,곡성군,상급종합병원,2012,0,0,0,,0,
전남,곡성군,상급종합병원,2013,0,0,0,,0,
전남,곡성군,상급종합병원,2014,0,0,0,,0,
전남,곡성군,상급종합병원,2015,0,0,0,,0,
전남,곡성군,상급종합병원,2016,0,0,0,,0,
전남,곡성군,상급종합병원,2017,0,0,0,,0,
전남,곡성군,상급종합병원,2018,0,0,0,,0,
전남,곡성군,상급종합병원,2019,0,0,0,,0,
전남,곡성군,상급종합병원,2020,0,0,0,,0,
전남,곡성군,상급종합병원,2021,0,0,0,,0,
전남,곡성군,상급종합병원,2022,0,0,0,,0,
전남,곡성군,상급종합병원,2023,0,0,0,,0,
전남,곡성군,상급종합병원,2024,0,0,0,,0,
전남,곡성군,상급종합병원,2025,0,0,0,,0,
전남,곡성군,의원,2007,16,,2,0.125,,
전남,곡성군,의원,2008,16,0,3,0.1875,3,0.1875
전남,곡성군,의원,2009,14,-2,0,0.0,-2,-0.14285714285714285
전남,곡성군,의원,2010,15,1,1,0.06666666666666667,2,0.13333333333333333
전남,곡성군,의원,2011,16,1,0,0.0,1,0.0625
전남,곡성군,의원,2012,15,-1,0,0.0,-1,-0.06666666666666667
전남,곡성군,의원,2013,15,0,1,0.06666666666666667,1,0.06666666666666667
전남,곡성군,의원,2014,15,0,1,0.06666666666666667,1,0.06666666666666667
전남,곡성군,의원,2015,14,-1,1,0.07142857142857142,0,0.0
전남,곡성군,의원,2016,13,-1,0,0.0,-1,-0.07692307692307693
전남,곡성군,의원,2017,14,1,0,0.0,1,0.07142857142857142
전남,곡성군,의원,2018,14,0,0,0.0,0,0.0
전남,곡성군,의원,2019,15,1,1,0.06666666666666667,2,0.13333333333333333
전남,곡성군,의원,2020,14,-1,0,0.0,-1,-0.07142857142857142
전남,곡성군,의원,2021,14,0,1,0.07142857142857142,1,0.07142857142857142
전남,곡성군,의원,2022,13,-1,0,0.0,-1,-0.07692307692307693
전남,곡성군,의원,2023,13,0,0,0.0,0,0.0
전남,곡성군,의원,2024,13,0,0,0.0,0,0.0
전남,곡성군,의원,2025,13,0,0,0.0,0,0.0
전남,곡성군,종합병원,2007,0,,0,,,
전남,곡성군,종합병원,2008,0,0,0,,0,
전남,곡성군,종합병원,2009,0,0,0,,0,
전남,곡성군,종합병원,2010,0,0,0,,0,
전남,곡성군,종합병원,2011,0,0,0,,0,
전남,곡성군,종합병원,2012,0,0,0,,0,
전남,곡성군,종합병원,2013,0,0,0,,0,
전남,곡성군,종합병원,2014,0,0,0,,0,
전남,곡성군,종합병원,2015,0,0,0,,0,
전남,곡성군,종합병원,2016,0,0,0,,0,
전남,곡성군,종합병원,2017,0,0,0,,0,
전남,곡성군,종합병원,2018,0,0,0,,0,
전남,곡성군,종합병원,2019,0,0,0,,0,
전남,곡성군,종합병원,2020,0,0,0,,0,
전남,곡성군,종합병원,2021,0,0,0,,0,
전남,곡성군,종합병원,2022,0,0,0,,0,
전남,곡성군,종합병원,2023,0,0,0,,0,
전남,곡성군,종합병원,2024,0,0,0,,0,
전남,곡성군,종합병원,2025,0,0,0,,0,
전남,광양시,병원,2007,3,,0,0.0,,
전남,광양시,병원,2008,4,1,2,0.5,3,0.75
전남,광양시,병원,2009,3,-1,0,0.0,-1,-0.3333333333333333
전남,광양시,병원,2010,3,0,0,0.0,0,0.0
전남,광양시,병원,2011,3,0,1,0.3333333333333333,1,0.3333333333333333
전남,광양시,병원,2012,2,-1,0,0.0,-1,-0.5
전남,광양시,병원,2013,3,1,0,0.0,1,0.3333333333333333
전남,광양시,병원,2014,3,0,0,0.0,0,0.0
전남,광양시,병원,2015,4,1,0,0.0,1,0.25
전남,광양시,병원,2016,4,0,1,0.25,1,0.25
전남,광양시,병원,2017,3,-1,0,0.0,-1,-0.3333333333333333
전남,광양시,병원,2018,3,0,0,0.0,0,0.0
전남,광양시,병원,2019,3,0,0,0.0,0,0.0
전남,광양시,병원,2020,4,1,0,0.0,1,0.25
전남,광양시,병원,2021,4,0,0,0.0,0,0.0
전남,광양시,병원,2022,3,-1,1,0.3333333333333333,0,0.0
전남,광양시,병원,2023,3,0,0,0.0,0,0.0
전남,광양시,병원,2024,3,0,0,0.0,0,0.0
전남,광양시,병원,2025,3,0,0,0.0,0,0.0
전남,광양시,상급종합병원,2007,0,,0,,,
전남,광양시,상급종합병원,2008,0,0,0,,0,
전남,광양시,상급종합병원,2009,0,0,0,,0,
전남,광양시,상급종합병원,2010,0,0,0,,0,
전남,광양시,상급종합병원,2011,0,0,0,,0,
전남,광양시,상급종합병원,2012,0,0,0,,0,
전남,광양시,상급종합병원,2013,0,0,0,,0,
전남,광양시,상급종합병원,2014,0,0,0,,0,
전남,광양시,상급종합병원,2015,0,0,0,,0,
전남,광양시,상급종합병원,2016,0,0,0,,0,
전남,광양시,상급종합병원,2017,0,0,0,,0,
전남,광양시,상급종합병원,2018,0,0,0,,0,
전남,광양시,상급종합병원,2019,0,0,0,,0,
전남,광양시,상급종합병원,2020,0,0,0,,0,
전남,광양시,상급종합병원,2021,0,0,0,,0,
전남,광양시,상급종합병원,2022,0,0,0,,0,
전남,광양시,상급종합병원,2023,0,0,0,,0,
전남,광양시,상급종합병원,2024,0,0,0,,0,
전남,광양시,상급종합병원,2025,0,0,0,,0,
전남,광양시,의원,2007,44,,2,0.045454545454545456,,
전남,광양시,의원,2008,44,0,1,0.022727272727272728,1,0.022727272727272728
전남,광양시,의원,2009,47,3,2,0.0425531914893617,5,0.10638297872340426
전남,광양시,의원,2010,46,-1,2,0.043478260869565216,1,0.021739130434782608
전남,광양시,의원,2011,47,1,1,0.02127659574468085,2,0.0425531914893617
전남,광양시,의원,2012,49,2,0,0.0,2,0.04081632653061224
전남,광양시,의원,2013,50,1,2,0.04,3,0.06
전남,광양시,의원,2014,53,3,1,0.018867924528301886,4,0.07547169811320754
전남,광양시,의원,2015,52,-1,0,0.0,-1,-0.019230769230769232
전남,광양시,의원,2016,54,2,1,0.018518518518518517,3,0.05555555555555555
전남,광양시,의원,2017,58,4,0,0.0,4,0.06896551724137931
전남,광양시,의원,2018,60,2,2,0.03333333333333333,4,0.06666666666666667
전남,광양시,의원,2019,62,2,1,0.016129032258064516,3,0.04838709677419355
전남,광양시,의원,2020,63,1,2,0.031746031746031744,3,0.047619047619047616
전남,광양시,의원,2021,61,-2,1,0.01639344262295082,-1,-0.01639344262295082
전남,광양시,의원,2022,61,0,3,0.04918032786885246,3,0.04918032786885246
전남,광양시,의원,2023,60,-1,2,0.03333333333333333,1,0.016666666666666666
전남,광양시,의원,2024,59,-1,3,0.05084745762711865,2,0.03389830508474576
전남,광양시,의원,2025,59,0,2,0.03389830508474576,2,0.03389830508474576
전남,광양시,종합병원,2007,0,,0,,,
전남,광양시,종합병원,2008,0,0,0,,0,
전남,광양시,종합병원,2009,0,0,0,,0,
전남,광양시,종합병원,2010,0,0,0,,0,
전남,광양시,종합병원,2011,0,0,0,,0,
전남,광양시,종합병원,2012,1,1,0,0.0,1,1.0
전남,광양시,종합병원,2013,1,0,0,0.0,0,0.0
전남,광양시,종합병원,2014,1,0,0,0.0,0,0.0
전남,광양시,종합병원,2015,1,0,0,0.0,0,0.0
전남,광양시,종합병원,2016,1,0,0,0.0,0,0.0
전남,광양시,종합병원,2017,1,0,0,0.0,0,0.0
전남,광양시,종합병원,2018,1,0,0,0.0,0,0.0
전남,광양시,종합병원,2019,1,0,0,0.0,0,0.0
전남,광양시,종합병원,2020,1,0,0,0.0,0,0.0
전남,광양시,종합병원,2021,1,0,0,0.0,0,0.0
전남,광양시,종합병원,2022,2,1,0,0.0,1,0.5
전남,광양시,종합병원,2023,2,0,0,0.0,0,0.0
전남,광양시,종합병원,2024,2,0,0,0.0,0,0.0
전남,광양시,종합병원,2025,2,0,0,0.0,0,0.0
전남,구례군,병원,2007,1,,0,0.0,,
전남,구례군,병원,2008,1,0,0,0.0,0,0.0
전남,구례군,병원,2009,1,0,0,0.0,0,0.0
전남,구례군,병원,2010,1,0,0,0.0,0,0.0
전남,구례군,병원,2011,1,0,0,0.0,0,0.0
전남,구례군,병원,2012,1,0,0,0.0,0,0.0
전남,구례군,병원,2013,1,0,0,0.0,0,0.0
전남,구례군,병원,2014,1,0,0,0.0,0,0.0
전남,구례군,병원,2015,1,0,0,0.0,0,0.0
전남,구례군,병원,2016,1,0,0,0.0,0,0.0
전남,구례군,병원,2017,1,0,0,0.0,0,0.0
전남,구례군,병원,2018,1,0,0,0.0,0,0.0
전남,구례군,병원,2019,1,0,0,0.0,0,0.0
전남,구례군,병원,2020,1,0,0,0.0,0,0.0
전남,구례군,병원,2021,1,0,0,0.0,0,0.0
전남,구례군,병원,2022,1,0,0,0.0,0,0.0
전남,구례군,병원,2023,1,0,0,0.0,0,0.0
전남,구례군,병원,2024,1,0,0,0.0,0,0.0
전남,구례군,병원,2025,1,0,0,0.0,0,0.0
전남,구례군,상급종합병원,2007,0,,0,,,
전남,구례군,상급종합병원,2008,0,0,0,,0,
전남,구례군,상급종합병원,2009,0,0,0,,0,
전남,구례군,상급종합병원,2010,0,0,0,,0,
전남,구례군,상급종합병원,2011,0,0,0,,0,
전남,구례군,상급종합병원,2012,0,0,0,,0,
전남,구례군,상급종합병원,2013,0,0,0,,0,
전남,구례군,상급종합병원,2014,0,0,0,,0,
전남,구례군,상급종합병원,2015,0,0,0,,0,
전남,구례군,상급종합병원,2016,0,0,0,,0,
전남,구례군,상급종합병원,2017,0,0,0,,0,
전남,구례군,상급종합병원,2018,0,0,0,,0,
전남,구례군,상급종합병원,2019,0,0,0,,0,
전남,구례군,상급종합병원,2020,0,0,0,,0,
전남,구례군,상급종합병원,2021,0,0,0,,0,
전남,구례군,상급종합병원,2022,0,0,0,,0,
전남,구례군,상급종합병원,2023,0,0,0,,0,
전남,구례군,상급종합병원,2024,0,0,0,,0,
전남,구례군,상급종합병원,2025,0,0,0,,0,
전남,구례군,의원,2007,10,,0,0.0,,
전남,구례군,의원,2008,9,-1,2,0.2222222222222222,1,0.1111111111111111
전남,구례군,의원,2009,9,0,0,0.0,0,0.0
전남,구례군,의원,2010,10,1,2,0.2,3,0.3
전남,구례군,의원,2011,10,0,0,0.0,0,0.0
전남,구례군,의원,2012,11,1,1,0.09090909090909091,2,0.18181818181818182
전남,구례군,의원,2013,10,-1,1,0.1,0,0.0
전남,구례군,의원,2014,10,0,0,0.0,0,0.0
전남,구례군,의원,2015,10,0,1,0.1,1,0.1
전남,구례군,의원,2016,10,0,0,0.0,0,0.0
전남,구례군,의원,2017,10,0,1,0.1,1,0.1
전남,구례군,의원,2018,10,0,0,0.0,0,0.0
전남,구례군,의원,2019,10,0,0,0.0,0,0.0
전남,구례군,의원,2020,10,0,0,0.0,0,0.0
전남,구례군,의원,2021,10,0,0,0.0,0,0.0
전남,구례군,의원,2022,10,0,0,0.0,0,0.0
전남,구례군,의원,2023,10,0,0,0.0,0,0.0
전남,구례군,의원,2024,11,1,0,0.0,1,0.09090909090909091
전남,구례군,의원,2025,12,1,0,0.0,1,0.08333333333333333
전남,구례군,종합병원,2007,0,,0,,,
전남,구례군,종합병원,2008,0,0,0,,0,
전남,구례군,종합병원,2009,0,0,0,,0,
전남,구례군,종합병원,2010,0,0,0,,0,
전남,구례군,종합병원,2011,0,0,0,,0,
전남,구례군,종합병원,2012,0,0,0,,0,
전남,구례군,종합병원,2013,0,0,0,,0,
전남,구례군,종합병원,2014,0,0,0,,0,
전남,구례군,종합병원,2015,0,0,0,,0,
전남,구례군,종합병원,2016,0,0,0,,0,
전남,구례군,종합병원,2017,0,0,0,,0,
전남,구례군,종합병원,2018,0,0,0,,0,
전남,구례군,종합병원,2019,0,0,0,,0,
전남,구례군,종합병원,2020,0,0,0,,0,
전남,구례군,종합병원,2021,0,0,0,,0,
전남,구례군,종합병원,2022,0,0,0,,0,
전남,구례군,종합병원,2023,0,0,0,,0,
전남,구례군,종합병원,2024,0,0,0,,0,
전남,구례군,종합병원,2025,0,0,0,,0,
전남,나주시,병원,2007,6,,0,0.0,,
전남,나주시,병원,2008,6,0,0,0.0,0,0.0
전남,나주시,병원,2009,6,0,0,0.0,0,0.0
전남,나주시,병원,2010,7,1,1,0.14285714285714285,2,0.2857142857142857
전남,나주시,병원,2011,6,-1,0,0.0,-1,-0.16666666666666666
전남,나주시,병원,2012,6,0,0,0.0,0,0.0
전남,나주시,병원,2013,6,0,0,0.0,0,0.0
전남,나주시,병원,2014,7,1,0,0.0,1,0.14285714285714285
전남,나주시,병원,2015,6,-1,1,0.16666666666666666,0,0.0
전남,나주시,병원,2016,6,0,0,0.0,0,0.0
전남,나주시,병원,2017,4,-2,1,0.25,-1,-0.25
전남,나주시,병원,2018,4,0,0,0.0,0,0.0
전남,나주시,병원,2019,5,1,1,0.2,2,0.4
전남,나주시,병원,2020,4,-1,2,0.5,1,0.25
전남,나주시,병원,2021,3,-1,3,1.0,2,0.6666666666666666
전남,나주시,병원,2022,1,-2,0,0.0,-2,-2.0
전남,나주시,병원,2023,1,0,0,0.0,0,0.0
전남,나주시,병원,2024,1,0,0,0.0,0,0.0
전남,나주시,병원,2025,1,0,0,0.0,0,0.0
전남,나주시,상급종합병원,2007,0,,0,,,
전남,나주시,상급종합병원,2008,0,0,0,,0,
전남,나주시,상급종합병원,2009,0,0,0,,0,
전남,나주시,상급종합병원,2010,0,0,0,,0,
전남,나주시,상급종합병원,2011,0,0,0,,0,
전남,나주시,상급종합병원,2012,0,0,0,,0,
전남,나주시,상급종합병원,2013,0,0,0,,0,
전남,나주시,상급종합병원,2014,0,0,0,,0,
전남,나주시,상급종합병원,2015,0,0,0,,0,
전남,나주시,상급종합병원,2016,0,0,0,,0,
전남,나주시,상급종합병원,2017,0,0,0,,0,
전남,나주시,상급종합병원,2018,0,0,0,,0,
전남,나주시,상급종합병원,2019,0,0,0,,0,
전남,나주시,상급종합병원,2020,0,0,0,,0,
전남,나주시,상급종합병원,2021,0,0,0,,0,
전남,나주시,상급종합병원,2022,0,0,0,,0,
전남,나주시,상급종합병원,2023,0,0,0,,0,
전남,나주시,상급종합병원,2024,0,0,0,,0,
전남,나주시,상급종합병원,2025,0,0,0,,0,
전남,나주시,의원,2007,49,,5,0.10204081632653061,,
전남,나주시,의원,2008,47,-2,4,0.0851063829787234,2,0.0425531914893617
전남,나주시,의원,2009,50,3,2,0.04,5,0.1
전남,나주시,의원,2010,48,-2,2,0.041666666666666664,0,0.0
전남,나주시,의원,2011,48,0,4,0.08333333333333333,4,0.08333333333333333
전남,나주시,의원,2012,48,0,2,0.041666666666666664,2,0.041666666666666664
전남,나주시,의원,2013,49,1,3,0.061224489795918366,4,0.08163265306122448
전남,나주시,의원,2014,49,0,0,0.0,0,0.0
전남,나주시,의원,2015,47,-2,2,0.0425531914893617,0,0.0
전남,나주시,의원,2016,54,7,1,0.018518518518518517,8,0.14814814814814814
전남,나주시,의원,2017,58,4,2,0.034482758620689655,6,0.10344827586206896
전남,나주시,의원,2018,61,3,1,0.01639344262295082,4,0.06557377049180328
전남,나주시,의원,2019,62,1,2,0.03225806451612903,3,0.04838709677419355
전남,나주시,의원,2020,62,0,2,0.03225806451612903,2,0.03225806451612903
전남,나주시,의원,2021,65,3,0,0.0,3,0.046153846153846156
전남,나주시,의원,2022,66,1,0,0.0,1,0.015151515151515152
전남,나주시,의원,2023,68,2,3,0.04411764705882353,5,0.07352941176470588
전남,나주시,의원,2024,66,-2,1,0.015151515151515152,-1,-0.015151515151515152
전남,나주시,의원,2025,65,-1,0,0.0,-1,-0.015384615384615385
전남,나주시,종합병원,2007,1,,0,0.0,,
전남,나주시,종합병원,2008,1,0,0,0.0,0,0.0
전남,나주시,종합병원,2009,1,0,1,1.0,1,1.0
전남,나주시,종합병원,2010,1,0,0,0.0,0,0.0
전남,나주시,종합병원,2011,1,0,0,0.0,0,0.0
전남,나주시,종합병원,2012,1,0,0,0.0,0,0.0
전남,나주시,종합병원,2013,1,0,0,0.0,0,0.0
전남,나주시,종합병원,2014,1,0,0,0.0,0,0.0
전남,나주시,종합병원,2015,1,0,0,0.0,0,0.0
전남,나주시,종합병원,2016,1,0,0,0.0,0,0.0
전남,나주시,종합병원,2017,1,0,0,0.0,0,0.0
전남,나주시,종합병원,2018,1,0,1,1.0,1,1.0
전남,나주시,종합병원,2019,1,0,0,0.0,0,0.0
전남,나주시,종합병원,2020,1,0,0,0.0,0,0.0
전남,나주시,종합병원,2021,2,1,0,0.0,1,0.5
전남,나주시,종합병원,2022,2,0,0,0.0,0,0.0
전남,나주시,종합병원,2023,2,0,0,0.0,0,0.0
전남,나주시,종합병원,2024,2,0,1,0.5,1,0.5
전남,나주시,종합병원,2025,2,0,0,0.0,0,0.0
전남,담양군,병원,2007,4,,0,0.0,,
전남,담양군,병원,2008,4,0,1,0.25,1,0.25
전남,담양군,병원,2009,5,1,0,0.0,1,0.2
전남,담양군,병원,2010,5,0,2,0.4,2,0.4
전남,담양군,병원,2011,5,0,1,0.2,1,0.2
전남,담양군,병원,2012,4,-1,0,0.0,-1,-0.25
전남,담양군,병원,2013,5,1,1,0.2,2,0.4
전남,담양군,병원,2014,5,0,0,0.0,0,0.0
전남,담양군,병원,2015,4,-1,0,0.0,-1,-0.25
전남,담양군,병원,2016,4,0,2,0.5,2,0.5
전남,담양군,병원,2017,3,-1,0,0.0,-1,-0.3333333333333333
전남,담양군,병원,2018,3,0,2,0.6666666666666666,2,0.6666666666666666
전남,담양군,병원,2019,2,-1,0,0.0,-1,-0.5
전남,담양군,병원,2020,2,0,0,0.0,0,0.0
전남,담양군,병원,2021,2,0,1,0.5,1,0.5
전남,담양군,병원,2022,1,-1,1,1.0,0,0.0
전남,담양군,병원,2023,1,0,0,0.0,0,0.0
전남,담양군,병원,2024,1,0,0,0.0,0,0.0
전남,담양군,병원,2025,1,0,1,1.0,1,1.0
전남,담양군,상급종합병원,2007,0,,0,,,
전남,담양군,상급종합병원,2008,0,0,0,,0,
전남,담양군,상급종합병원,2009,0,0,0,,0,
전남,담양군,상급종합병원,2010,0,0,0,,0,
전남,담양군,상급종합병원,2011,0,0,0,,0,
전남,담양군,상급종합병원,2012,0,0,0,,0,
전남,담양군,상급종합병원,2013,0,0,0,,0,
전남,담양군,상급종합병원,2014,0,0,0,,0,
전남,담양군,상급종합병원,2015,0,0,0,,0,
전남,담양군,상급종합병원,2016,0,0,0,,0,
전남,담양군,상급종합병원,2017,0,0,0,,0,
전남,담양군,상급종합병원,2018,0,0,0,,0,
전남,담양군,상급종합병원,2019,0,0,0,,0,
전남,담양군,상급종합병원,2020,0,0,0,,0,
전남,담양군,상급종합병원,2021,0,0,0,,0,
전남,담양군,상급종합병원,2022,0,0,0,,0,
전남,담양군,상급종합병원,2023,0,0,0,,0,
전남,담양군,상급종합병원,2024,0,0,0,,0,
전남,담양군,상급종합병원,2025,0,0,0,,0,
전남,담양군,의원,2007,25,,0,0.0,,
전남,담양군,의원,2008,24,-1,1,0.041666666666666664,0,0.0
전남,담양군,의원,2009,25,1,0,0.0,1,0.04
전남,담양군,의원,2010,26,1,0,0.0,1,0.038461538461538464
전남,담양군,의원,2011,25,-1,1,0.04,0,0.0
전남,담양군,의원,2012,23,-2,0,0.0,-2,-0.08695652173913043
전남,담양군,의원,2013,23,0,0,0.0,0,0.0
전남,담양군,의원,2014,22,-1,2,0.09090909090909091,1,0.045454545454545456
전남,담양군,의원,2015,24,2,0,0.0,2,0.08333333333333333
전남,담양군,의원,2016,23,-1,2,0.08695652173913043,1,0.043478260869565216
전남,담양군,의원,2017,22,-1,0,0.0,-1,-0.045454545454545456
전남,담양군,의원,2018,22,0,0,0.0,0,0.0
전남,담양군,의원,2019,21,-1,2,0.09523809523809523,1,0.047619047619047616
전남,담양군,의원,2020,22,1,0,0.0,1,0.045454545454545456
전남,담양군,의원,2021,22,0,0,0.0,0,0.0
전남,담양군,의원,2022,23,1,0,0.0,1,0.043478260869565216
전남,담양군,의원,2023,24,1,0,0.0,1,0.041666666666666664
전남,담양군,의원,2024,25,1,0,0.0,1,0.04
전남,담양군,의원,2025,25,0,0,0.0,0,0.0
전남,담양군,종합병원,2007,0,,0,,,
전남,담양군,종합병원,2008,0,0,0,,0,
전남,담양군,종합병원,2009,0,0,0,,0,
전남,담양군,종합병원,2010,0,0,0,,0,
전남,담양군,종합병원,2011,0,0,0,,0,
전남,담양군,종합병원,2012,0,0,0,,0,
전남,담양군,종합병원,2013,0,0,0,,0,
전남,담양군,종합병원,2014,0,0,0,,0,
전남,담양군,종합병원,2015,0,0,0,,0,
전남,담양군,종합병원,2016,0,0,0,,0,
전남,담양군,종합병원,2017,0,0,0,,0,
전남,담양군,종합병원,2018,0,0,0,,0,
전남,담양군,종합병원,2019,0,0,0,,0,
전남,담양군,종합병원,2020,0,0,0,,0,
전남,담양군,종합병원,2021,0,0,0,,0,
전남,담양군,종합병원,2022,0,0,0,,0,
전남,담양군,종합병원,2023,0,0,0,,0,
전남,담양군,종합병원,2024,0,0,0,,0,
전남,담양군,종합병원,2025,0,0,0,,0,
전남,목포시,병원,2007,9,,1,0.1111111111111111,,
전남,목포시,병원,2008,11,2,2,0.18181818181818182,4,0.36363636363636365
전남,목포시,병원,2009,16,5,2,0.125,7,0.4375
전남,목포시,병원,2010,16,0,4,0.25,4,0.25
전남,목포시,병원,2011,16,0,2,0.125,2,0.125
전남,목포시,병원,2012,16,0,2,0.125,2,0.125
전남,목포시,병원,2013,13,-3,2,0.15384615384615385,-1,-0.07692307692307693
전남,목포시,병원,2014,12,-1,1,0.08333333333333333,0,0.0
전남,목포시,병원,2015,12,0,0,0.0,0,0.0
전남,목포시,병원,2016,12,0,0,0.0,0,0.0
전남,목포시,병원,2017,13,1,1,0.07692307692307693,2,0.15384615384615385
전남,목포시,병원,2018,14,1,0,0.0,1,0.07142857142857142
전남,목포시,병원,2019,14,0,0,0.0,0,0.0
전남,목포시,병원,2020,16,2,0,0.0,2,0.125
전남,목포시,병원,2021,16,0,0,0.0,0,0.0
전남,목포시,병원,2022,16,0,0,0.0,0,0.0
전남,목포시,병원,2023,17,1,3,0.17647058823529413,4,0.23529411764705882
전남,목포시,병원,2024,16,-1,1,0.0625,0,0.0
전남,목포시,병원,2025,16,0,1,0.0625,1,0.0625
전남,목포시,상급종합병원,2007,0,,0,,,
전남,목포시,상급종합병원,2008,0,0,0,,0,
전남,목포시,상급종합병원,2009,0,0,0,,0,
전남,목포시,상급종합병원,2010,0,0,0,,0,
전남,목포시,상급종합병원,2011,0,0,0,,0,
전남,목포시,상급종합병원,2012,0,0,0,,0,
전남,목포시,상급종합병원,2013,0,0,0,,0,
전남,목포시,상급종합병원,2014,0,0,0,,0,
전남,목포시,상급종합병원,2015,0,0,0,,0,
전남,목포시,상급종합병원,2016,0,0,0,,0,
전남,목포시,상급종합병원,2017,0,0,0,,0,
전남,목포시,상급종합병원,2018,0,0,0,,0,
전남,목포시,상급종합병원,2019,0,0,0,,0,
전남,목포시,상급종합병원,2020,0,0,0,,0,
전남,목포시,상급종합병원,2021,0,0,0,,0,
전남,목포시,상급종합병원,2022,0,0,0,,0,
전남,목포시,상급종합병원,2023,0,0,0,,0,
전남,목포시,상급종합병원,2024,0,0,0,,0,
전남,목포시,상급종합병원,2025,0,0,0,,0,
전남,목포시,의원,2007,148,,8,0.05405405405405406,,
전남,목포시,의원,2008,142,-6,19,0.13380281690140844,13,0.09154929577464789
전남,목포시,의원,2009,141,-1,9,0.06382978723404255,8,0.05673758865248227
전남,목포시,의원,2010,145,4,11,0.07586206896551724,15,0.10344827586206896
전남,목포시,의원,2011,141,-4,11,0.07801418439716312,7,0.04964539007092199
전남,목포시,의원,2012,138,-3,3,0.021739130434782608,0,0.0
전남,목포시,의원,2013,138,0,6,0.043478260869565216,6,0.043478260869565216
전남,목포시,의원,2014,138,0,3,0.021739130434782608,3,0.021739130434782608
전남,목포시,의원,2015,139,1,8,0.05755395683453238,9,0.06474820143884892
전남,목포시,의원,2016,133,-6,8,0.06015037593984962,2,0.015037593984962405
전남,목포시,의원,2017,136,3,8,0.058823529411764705,11,0.08088235294117647
전남,목포시,의원,2018,135,-1,4,0.02962962962962963,3,0.022222222222222223
전남,목포시,의원,2019,136,1,6,0.04411764705882353,7,0.051470588235294115
전남,목포시,의원,2020,136,0,11,0.08088235294117647,11,0.08088235294117647
전남,목포시,의원,2021,130,-6,2,0.015384615384615385,-4,-0.03076923076923077
전남,목포시,의원,2022,129,-1,2,0.015503875968992248,1,0.007751937984496124
전남,목포시,의원,2023,128,-1,6,0.046875,5,0.0390625
전남,목포시,의원,2024,128,0,2,0.015625,2,0.015625
전남,목포시,의원,2025,131,3,1,0.007633587786259542,4,0.030534351145038167
전남,목포시,종합병원,2007,4,,0,0.0,,
전남,목포시,종합병원,2008,4,0,1,0.25,1,0.25
전남,목포시,종합병원,2009,4,0,1,0.25,1,0.25
전남,목포시,종합병원,2010,4,0,0,0.0,0,0.0
전남,목포시,종합병원,2011,4,0,0,0.0,0,0.0
전남,목포시,종합병원,2012,5,1,0,0.0,1,0.2
전남,목포시,종합병원,2013,5,0,0,0.0,0,0.0
전남,목포시,종합병원,2014,5,0,0,0.0,0,0.0
전남,목포시,종합병원,2015,5,0,0,0.0,0,0.0
전남,목포시,종합병원,2016,5,0,0,0.0,0,0.0
전남,목포시,종합병원,2017,5,0,1,0.2,1,0.2
전남,목포시,종합병원,2018,5,0,0,0.0,0,0.0
전남,목포시,종합병원,2019,5,0,0,0.0,0,0.0
전남,목포시,종합병원,2020,5,0,0,0.0,0,0.0
전남,목포시,종합병원,2021,5,0,0,0.0,0,0.0
전남,목포시,종합병원,2022,5,0,0,0.0,0,0.0
전남,목포시,종합병원,2023,5,0,0,0.0,0,0.0
전남,목포시,종합병원,2024,5,0,0,0.0,0,0.0
전남,목포시,종합병원,2025,5,0,0,0.0,0,0.0
전남,무안군,병원,2007,1,,1,1.0,,
전남,무안군,병원,2008,1,0,0,0.0,0,0.0
전남,무안군,병원,2009,1,0,0,0.0,0,0.0
전남,무안군,병원,2010,1,0,0,0.0,0,0.0
전남,무안군,병원,2011,1,0,0,0.0,0,0.0
전남,무안군,병원,2012,1,0,0,0.0,0,0.0
전남,무안군,병원,2013,1,0,0,0.0,0,0.0
전남,무안군,병원,2014,2,1,0,0.0,1,0.5
전남,무안군,병원,2015,2,0,0,0.0,0,0.0
전남,무안군,병원,2016,2,0,0,0.0,0,0.0
전남,무안군,병원,2017,2,0,0,0.0,0,0.0
전남,무안군,병원,2018,2,0,0,0.0,0,0.0
전남,무안군,병원,2019,2,0,0,0.0,0,0.0
전남,무안군,병원,2020,2,0,1,0.5,1,0.5
전남,무안군,병원,2021,1,-1,0,0.0,-1,-1.0
전남,무안군,병원,2022,1,0,0,0.0,0,0.0
전남,무안군,병원,2023,1,0,0,0.0,0,0.0
전남,무안군,병원,2024,1,0,0,0.0,0,0.0
전남,무안군,병원,2025,1,0,0,0.0,0,0.0
전남,무안군,상급종합병원,2007,0,,0,,,
전남,무안군,상급종합병원,2008,0,0,0,,0,
전남,무안군,상급종합병원,2009,0,0,0,,0,
전남,무안군,상급종합병원,2010,0,0,0,,0,
전남,무안군,상급종합병원,2011,0,0,0,,0,
전남,무안군,상급종합병원,2012,0,0,0,,0,
전남,무안군,상급종합병원,2013,0,0,0,,0,
전남,무안군,상급종합병원,2014,0,0,0,,0,
전남,무안군,상급종합병원,2015,0,0,0,,0,
전남,무안군,상급종합병원,2016,0,0,0,,0,
전남,무안군,상급종합병원,2017,0,0,0,,0,
전남,무안군,상급종합병원,2018,0,0,0,,0,
전남,무안군,상급종합병원,2019,0,0,0,,0,
전남,무안군,상급종합병원,2020,0,0,0,,0,
전남,무안군,상급종합병원,2021,0,0,0,,0,
전남,무안군,상급종합병원,2022,0,0,0,,0,
전남,무안군,상급종합병원,2023,0,0,0,,0,
전남,무안군,상급종합병원,2024,0,0,0,,0,
전남,무안군,상급종합병원,2025,0,0,0,,0,
전남,무안군,의원,2007,28,,0,0.0,,
전남,무안군,의원,2008,29,1,6,0.20689655172413793,7,0.2413793103448276
전남,무안군,의원,2009,30,1,4,0.13333333333333333,5,0.16666666666666666
전남,무안군,의원,2010,31,1,2,0.06451612903225806,3,0.0967741935483871
전남,무안군,의원,2011,32,1,3,0.09375,4,0.125
전남,무안군,의원,2012,33,1,1,0.030303030303030304,2,0.06060606060606061
전남,무안군,의원,2013,38,5,0,0.0,5,0.13157894736842105
전남,무안군,의원,2014,42,4,1,0.023809523809523808,5,0.11904761904761904
전남,무안군,의원,2015,43,1,2,0.046511627906976744,3,0.06976744186046512
전남,무안군,의원,2016,43,0,3,0.06976744186046512,3,0.06976744186046512
전남,무안군,의원,2017,42,-1,3,0.07142857142857142,2,0.047619047619047616
전남,무안군,의원,2018,43,1,1,0.023255813953488372,2,0.046511627906976744
전남,무안군,의원,2019,43,0,2,0.046511627906976744,2,0.046511627906976744
전남,무안군,의원,2020,43,0,3,0.06976744186046512,3,0.06976744186046512
전남,무안군,의원,2021,44,1,1,0.022727272727272728,2,0.045454545454545456
전남,무안군,의원,2022,48,4,2,0.041666666666666664,6,0.125
전남,무안군,의원,2023,54,6,4,0.07407407407407407,10,0.18518518518518517
전남,무안군,의원,2024,52,-2,6,0.11538461538461539,4,0.07692307692307693
전남,무안군,의원,2025,50,-2,2,0.04,0,0.0
전남,무안군,종합병원,2007,1,,0,0.0,,
전남,무안군,종합병원,2008,1,0,0,0.0,0,0.0
전남,무안군,종합병원,2009,1,0,0,0.0,0,0.0
전남,무안군,종합병원,2010,1,0,0,0.0,0,0.0
전남,무안군,종합병원,2011,1,0,0,0.0,0,0.0
전남,무안군,종합병원,2012,1,0,0,0.0,0,0.0
전남,무안군,종합병원,2013,1,0,0,0.0,0,0.0
전남,무안군,종합병원,2014,1,0,0,0.0,0,0.0
전남,무안군,종합병원,2015,1,0,0,0.0,0,0.0
전남,무안군,종합병원,2016,1,0,0,0.0,0,0.0
전남,무안군,종합병원,2017,1,0,0,0.0,0,0.0
전남,무안군,종합병원,2018,1,0,0,0.0,0,0.0
전남,무안군,종합병원,2019,1,0,0,0.0,0,0.0
전남,무안군,종합병원,2020,1,0,0,0.0,0,0.0
전남,무안군,종합병원,2021,1,0,0,0.0,0,0.0
전남,무안군,종합병원,2022,1,0,0,0.0,0,0.0
전남,무안군,종합병원,2023,1,0,0,0.0,0,0.0
전남,무안군,종합병원,2024,1,0,0,0.0,0,0.0
전남,무안군,종합병원,2025,1,0,0,0.0,0,0.0
전남,보성군,병원,2007,2,,0,0.0,,
전남,보성군,병원,2008,2,0,0,0.0,0,0.0
전남,보성군,병원,2009,2,0,0,0.0,0,0.0
전남,보성군,병원,2010,2,0,0,0.0,0,0.0
전남,보성군,병원,2011,2,0,0,0.0,0,0.0
전남,보성군,병원,2012,2,0,0,0.0,0,0.0
전남,보성군,병원,2013,2,0,0,0.0,0,0.0
전남,보성군,병원,2014,2,0,0,0.0,0,0.0
전남,보성군,병원,2015,2,0,0,0.0,0,0.0
전남,보성군,병원,2016,2,0,0,0.0,0,0.0
전남,보성군,병원,2017,2,0,0,0.0,0,0.0
전남,보성군,병원,2018,2,0,0,0.0,0,0.0
전남,보성군,병원,2019,2,0,0,0.0,0,0.0
전남,보성군,병원,2020,2,0,0,0.0,0,0.0
전남,보성군,병원,2021,2,0,0,0.0,0,0.0
전남,보성군,병원,2022,2,0,0,0.0,0,0.0
전남,보성군,병원,2023,2,0,0,0.0,0,0.0
전남,보성군,병원,2024,2,0,0,0.0,0,0.0
전남,보성군,병원,2025,2,0,0,0.0,0,0.0
전남,보성군,상급종합병원,2007,0,,0,,,
전남,보성군,상급종합병원,2008,0,0,0,,0,
전남,보성군,상급종합병원,2009,0,0,0,,0,
전남,보성군,상급종합병원,2010,0,0,0,,0,
전남,보성군,상급종합병원,2011,0,0,0,,0,
전남,보성군,상급종합병원,2012,0,0,0,,0,
전남,보성군,상급종합병원,2013,0,0,0,,0,
전남,보성군,상급종합병원,2014,0,0,0,,0,
전남,보성군,상급종합병원,2015,0,0,0,,0,
전남,보성군,상급종합병원,2016,0,0,0,,0,
전남,보성군,상급종합병원,2017,0,0,0,,0,
전남,보성군,상급종합병원,2018,0,0,0,,0,
전남,보성군,상급종합병원,2019,0,0,0,,0,
전남,보성군,상급종합병원,2020,0,0,0,,0,
전남,보성군,상급종합병원,2021,0,0,0,,0,
전남,보성군,상급종합병원,2022,0,0,0,,0,
전남,보성군,상급종합병원,2023,0,0,0,,0,
전남,보성군,상급종합병원,2024,0,0,0,,0,
전남,보성군,상급종합병원,2025,0,0,0,,0,
전남,보성군,의원,2007,25,,3,0.12,,
전남,보성군,의원,2008,25,0,0,0.0,0,0.0
전남,보성군,의원,2009,25,0,3,0.12,3,0.12
전남,보성군,의원,2010,26,1,1,0.038461538461538464,2,0.07692307692307693
전남,보성군,의원,2011,26,0,1,0.038461538461538464,1,0.038461538461538464
전남,보성군,의원,2012,24,-2,2,0.08333333333333333,0,0.0
전남,보성군,의원,2013,25,1,0,0.0,1,0.04
전남,보성군,의원,2014,25,0,2,0.08,2,0.08
전남,보성군,의원,2015,22,-3,2,0.09090909090909091,-1,-0.045454545454545456
전남,보성군,의원,2016,21,-1,0,0.0,-1,-0.047619047619047616
전남,보성군,의원,2017,22,1,1,0.045454545454545456,2,0.09090909090909091
전남,보성군,의원,2018,24,2,0,0.0,2,0.08333333333333333
전남,보성군,의원,2019,24,0,0,0.0,0,0.0
전남,보성군,의원,2020,23,-1,1,0.043478260869565216,0,0.0
전남,보성군,의원,2021,24,1,0,0.0,1,0.041666666666666664
전남,보성군,의원,2022,24,0,0,0.0,0,0.0
전남,보성군,의원,2023,24,0,1,0.041666666666666664,1,0.041666666666666664
전남,보성군,의원,2024,21,-3,2,0.09523809523809523,-1,-0.047619047619047616
전남,보성군,의원,2025,20,-1,0,0.0,-1,-0.05
전남,보성군,종합병원,2007,0,,0,,,
전남,보성군,종합병원,2008,0,0,0,,0,
전남,보성군,종합병원,2009,0,0,0,,0,
전남,보성군,종합병원,2010,0,0,0,,0,
전남,보성군,종합병원,2011,0,0,0,,0,
전남,보성군,종합병원,2012,0,0,0,,0,
전남,보성군,종합병원,2013,0,0,0,,0,
전남,보성군,종합병원,2014,0,0,0,,0,
전남,보성군,종합병원,2015,0,0,0,,0,
전남,보성군,종합병원,2016,0,0,0,,0,
전남,보성군,종합병원,2017,0,0,0,,0,
전남,보성군,종합병원,2018,0,0,0,,0,
전남,보성군,종합병원,2019,0,0,0,,0,
전남,보성군,종합병원,2020,0,0,0,,0,
전남,보성군,종합병원,2021,0,0,0,,0,
전남,보성군,종합병원,2022,0,0,0,,0,
전남,보성군,종합병원,2023,0,0,0,,0,
전남,보성군,종합병원,2024,0,0,0,,0,
전남,보성군,종합병원,2025,0,0,0,,0,
전남,순천시,병원,2007,6,,1,0.16666666666666666,,
전남,순천시,병원,2008,5,-1,0,0.0,-1,-0.2
전남,순천시,병원,2009,7,2,0,0.0,2,0.2857142857142857
전남,순천시,병원,2010,6,-1,0,0.0,-1,-0.16666666666666666
전남,순천시,병원,2011,8,2,0,0.0,2,0.25
전남,순천시,병원,2012,9,1,1,0.1111111111111111,2,0.2222222222222222
전남,순천시,병원,2013,10,1,1,0.1,2,0.2
전남,순천시,병원,2014,12,2,1,0.08333333333333333,3,0.25
전남,순천시,병원,2015,17,5,2,0.11764705882352941,7,0.4117647058823529
전남,순천시,병원,2016,18,1,0,0.0,1,0.05555555555555555
전남,순천시,병원,2017,18,0,3,0.16666666666666666,3,0.16666666666666666
전남,순천시,병원,2018,17,-1,3,0.17647058823529413,2,0.11764705882352941
전남,순천시,병원,2019,17,0,0,0.0,0,0.0
전남,순천시,병원,2020,16,-1,2,0.125,1,0.0625
전남,순천시,병원,2021,19,3,1,0.05263157894736842,4,0.21052631578947367
전남,순천시,병원,2022,18,-1,0,0.0,-1,-0.05555555555555555
전남,순천시,병원,2023,17,-1,3,0.17647058823529413,2,0.11764705882352941
전남,순천시,병원,2024,18,1,1,0.05555555555555555,2,0.1111111111111111
전남,순천시,병원,2025,17,-1,1,0.058823529411764705,0,0.0
전남,순천시,상급종합병원,2007,0,,0,,,
전남,순천시,상급종합병원,2008,0,0,0,,0,
전남,순천시,상급종합병원,2009,0,0,0,,0,
전남,순천시,상급종합병원,2010,0,0,0,,0,
전남,순천시,상급종합병원,2011,0,0,0,,0,
전남,순천시,상급종합병원,2012,0,0,0,,0,
전남,순천시,상급종합병원,2013,0,0,0,,0,
전남,순천시,상급종합병원,2014,0,0,0,,0,
전남,순천시,상급종합병원,2015,0,0,0,,0,
전남,순천시,상급종합병원,2016,0,0,0,,0,
전남,순천시,상급종합병원,2017,0,0,0,,0,
전남,순천시,상급종합병원,2018,0,0,0,,0,
전남,순천시,상급종합병원,2019,0,0,0,,0,
전남,순천시,상급종합병원,2020,0,0,0,,0,
전남,순천시,상급종합병원,2021,0,0,0,,0,
전남,순천시,상급종합병원,2022,0,0,0,,0,
전남,순천시,상급종합병원,2023,0,0,0,,0,
전남,순천시,상급종합병원,2024,0,0,0,,0,
전남,순천시,상급종합병원,2025,0,0,0,,0,
전남,순천시,의원,2007,128,,3,0.0234375,,
전남,순천시,의원,2008,129,1,7,0.05426356589147287,8,0.06201550387596899
전남,순천시,의원,2009,131,2,3,0.022900763358778626,5,0.03816793893129771
전남,순천시,의원,2010,125,-6,7,0.056,1,0.008
전남,순천시,의원,2011,124,-1,10,0.08064516129032258,9,0.07258064516129033
전남,순천시,의원,2012,127,3,3,0.023622047244094488,6,0.047244094488188976
전남,순천시,의원,2013,123,-4,4,0.032520325203252036,0,0.0
전남,순천시,의원,2014,122,-1,4,0.03278688524590164,3,0.02459016393442623
전남,순천시,의원,2015,125,3,7,0.056,10,0.08
전남,순천시,의원,2016,124,-1,7,0.056451612903225805,6,0.04838709677419355
전남,순천시,의원,2017,125,1,8,0.064,9,0.072
전남,순천시,의원,2018,126,1,4,0.031746031746031744,5,0.03968253968253968
전남,순천시,의원,2019,129,3,4,0.031007751937984496,7,0.05426356589147287
전남,순천시,의원,2020,134,5,8,0.05970149253731343,13,0.09701492537313433
전남,순천시,의원,2021,140,6,2,0.014285714285714285,8,0.05714285714285714
전남,순천시,의원,2022,143,3,3,0.02097902097902098,6,0.04195804195804196
전남,순천시,의원,2023,143,0,1,0.006993006993006993,1,0.006993006993006993
전남,순천시,의원,2024,145,2,4,0.027586206896551724,6,0.041379310344827586
전남,순천시,의원,2025,146,1,3,0.02054794520547945,4,0.0273972602739726
전남,순천시,종합병원,2007,4,,0,0.0,,
전남,순천시,종합병원,2008,4,0,0,0.0,0,0.0
전남,순천시,종합병원,2009,4,0,0,0.0,0,0.0
전남,순천시,종합병원,2010,4,0,1,0.25,1,0.25
전남,순천시,종합병원,2011,5,1,0,0.0,1,0.2
전남,순천시,종합병원,2012,5,0,0,0.0,0,0.0
전남,순천시,종합병원,2013,5,0,0,0.0,0,0.0
전남,순천시,종합병원,2014,5,0,0,0.0,0,0.0
전남,순천시,종합병원,2015,5,0,0,0.0,0,0.0
전남,순천시,종합병원,2016,5,0,0,0.0,0,0.0
전남,순천시,종합병원,2017,4,-1,0,0.0,-1,-0.25
전남,순천시,종합병원,2018,4,0,0,0.0,0,0.0
전남,순천시,종합병원,2019,5,1,0,0.0,1,0.2
전남,순천시,종합병원,2020,5,0,0,0.0,0,0.0
전남,순천시,종합병원,2021,5,0,0,0.0,0,0.0
전남,순천시,종합병원,2022,6,1,0,0.0,1,0.16666666666666666
전남,순천시,종합병원,2023,6,0,0,0.0,0,0.0
전남,순천시,종합병원,2024,6,0,0,0.0,0,0.0
전남,순천시,종합병원,2025,6,0,0,0.0,0,0.0
전남,신안군,병원,2007,1,,0,0.0,,
전남,신안군,병원,2008,2,1,0,0.0,1,0.5
전남,신안군,병원,2009,2,0,0,0.0,0,0.0
전남,신안군,병원,2010,2,0,0,0.0,0,0.0
전남,신안군,병원,2011,2,0,0,0.0,0,0.0
전남,신안군,병원,2012,2,0,0,0.0,0,0.0
전남,신안군,병원,2013,2,0,0,0.0,0,0.0
전남,신안군,병원,2014,2,0,0,0.0,0,0.0
전남,신안군,병원,2015,3,1,0,0.0,1,0.3333333333333333
전남,신안군,병원,2016,3,0,1,0.3333333333333333,1,0.3333333333333333
전남,신안군,병원,2017,2,-1,0,0.0,-1,-0.5
전남,신안군,병원,2018,2,0,0,0.0,0,0.0
전남,신안군,병원,2019,2,0,0,0.0,0,0.0
전남,신안군,병원,2020,2,0,0,0.0,0,0.0
전남,신안군,병원,2021,2,0,0,0.0,0,0.0
전남,신안군,병원,2022,2,0,0,0.0,0,0.0
전남,신안군,병원,2023,2,0,0,0.0,0,0.0
전남,신안군,병원,2024,2,0,0,0.0,0,0.0
전남,신안군,병원,2025,2,0,0,0.0,0,0.0
전남,신안군,상급종합병원,2007,0,,0,,,
전남,신안군,상급종합병원,2008,0,0,0,,0,
전남,신안군,상급종합병원,2009,0,0,0,,0,
전남,신안군,상급종합병원,2010,0,0,0,,0,
전남,신안군,상급종합병원,2011,0,0,0,,0,
전남,신안군,상급종합병원,2012,0,0,0,,0,
전남,신안군,상급종합병원,2013,0,0,0,,0,
전남,신안군,상급종합병원,2014,0,0,0,,0,
전남,신안군,상급종합병원,2015,0,0,0,,0,
전남,신안군,상급종합병원,2016,0,0,0,,0,
전남,신안군,상급종합병원,2017,0,0,0,,0,
전남,신안군,상급종합병원,2018,0,0,0,,0,
전남,신안군,상급종합병원,2019,0,0,0,,0,
전남,신안군,상급종합병원,2020,0,0,0,,0,
전남,신안군,상급종합병원,2021,0,0,0,,0,
전남,신안군,상급종합병원,2022,0,0,0,,0,
전남,신안군,상급종합병원,2023,0,0,0,,0,
전남,신안군,상급종합병원,2024,0,0,0,,0,
전남,신안군,상급종합병원,2025,0,0,0,,0,
전남,신안군,의원,2007,10,,0,0.0,,
전남,신안군,의원,2008,9,-1,1,0.1111111111111111,0,0.0
전남,신안군,의원,2009,10,1,2,0.2,3,0.3
전남,신안군,의원,2010,9,-1,0,0.0,-1,-0.1111111111111111
전남,신안군,의원,2011,10,1,3,0.3,4,0.4
전남,신안군,의원,2012,12,2,4,0.3333333333333333,6,0.5
전남,신안군,의원,2013,10,-2,1,0.1,-1,-0.1
전남,신안군,의원,2014,11,1,0,0.0,1,0.09090909090909091
전남,신안군,의원,2015,11,0,0,0.0,0,0.0
전남,신안군,의원,2016,11,0,1,0.09090909090909091,1,0.09090909090909091
전남,신안군,의원,2017,12,1,0,0.0,1,0.08333333333333333
전남,신안군,의원,2018,12,0,0,0.0,0,0.0
전남,신안군,의원,2019,13,1,1,0.07692307692307693,2,0.15384615384615385
전남,신안군,의원,2020,12,-1,0,0.0,-1,-0.08333333333333333
전남,신안군,의원,2021,12,0,0,0.0,0,0.0
전남,신안군,의원,2022,12,0,0,0.0,0,0.0
전남,신안군,의원,2023,11,-1,1,0.09090909090909091,0,0.0
전남,신안군,의원,2024,11,0,0,0.0,0,0.0
전남,신안군,의원,2025,11,0,0,0.0,0,0.0
전남,신안군,종합병원,2007,0,,0,,,
전남,신안군,종합병원,2008,0,0,0,,0,
전남,신안군,종합병원,2009,0,0,0,,0,
전남,신안군,종합병원,2010,0,0,0,,0,
전남,신안군,종합병원,2011,0,0,0,,0,
전남,신안군,종합병원,2012,0,0,0,,0,
전남,신안군,종합병원,2013,0,0,0,,0,
전남,신안군,종합병원,2014,0,0,0,,0,
전남,신안군,종합병원,2015,0,0,0,,0,
전남,신안군,종합병원,2016,0,0,0,,0,
전남,신안군,종합병원,2017,0,0,0,,0,
전남,신안군,종합병원,2018,0,0,0,,0,
전남,신안군,종합병원,2019,0,0,0,,0,
전남,신안군,종합병원,2020,0,0,0,,0,
전남,신안군,종합병원,2021,0,0,0,,0,
전남,신안군,종합병원,2022,0,0,0,,0,
전남,신안군,종합병원,2023,0,0,0,,0,
전남,신안군,종합병원,2024,0,0,0,,0,
전남,신안군,종합병원,2025,0,0,0,,0,
전남,여수시,병원,2007,4,,0,0.0,,
전남,여수시,병원,2008,4,0,1,0.25,1,0.25
전남,여수시,병원,2009,5,1,0,0.0,1,0.2
전남,여수시,병원,2010,5,0,0,0.0,0,0.0
전남,여수시,병원,2011,6,1,0,0.0,1,0.16666666666666666
전남,여수시,병원,2012,6,0,1,0.16666666666666666,1,0.16666666666666666
전남,여수시,병원,2013,6,0,1,0.16666666666666666,1,0.16666666666666666
전남,여수시,병원,2014,6,0,1,0.16666666666666666,1,0.16666666666666666
전남,여수시,병원,2015,7,1,0,0.0,1,0.14285714285714285
전남,여수시,병원,2016,7,0,0,0.0,0,0.0
전남,여수시,병원,2017,7,0,1,0.14285714285714285,1,0.14285714285714285
전남,여수시,병원,2018,6,-1,0,0.0,-1,-0.16666666666666666
전남,여수시,병원,2019,7,1,1,0.14285714285714285,2,0.2857142857142857
전남,여수시,병원,2020,7,0,0,0.0,0,0.0
전남,여수시,병원,2021,7,0,1,0.14285714285714285,1,0.14285714285714285
전남,여수시,병원,2022,7,0,0,0.0,0,0.0
전남,여수시,병원,2023,7,0,0,0.0,0,0.0
전남,여수시,병원,2024,7,0,0,0.0,0,0.0
전남,여수시,병원,2025,8,1,0,0.0,1,0.125
전남,여수시,상급종합병원,2007,0,,0,,,
전남,여수시,상급종합병원,2008,0,0,0,,0,
전남,여수시,상급종합병원,2009,0,0,0,,0,
전남,여수시,상급종합병원,2010,0,0,0,,0,
전남,여수시,상급종합병원,2011,0,0,0,,0,
전남,여수시,상급종합병원,2012,0,0,0,,0,
전남,여수시,상급종합병원,2013,0,0,0,,0,
전남,여수시,상급종합병원,2014,0,0,0,,0,
전남,여수시,상급종합병원,2015,0,0,0,,0,
전남,여수시,상급종합병원,2016,0,0,0,,0,
전남,여수시,상급종합병원,2017,0,0,0,,0,
전남,여수시,상급종합병원,2018,0,0,0,,0,
전남,여수시,상급종합병원,2019,0,0,0,,0,
전남,여수시,상급종합병원,2020,0,0,0,,0,
전남,여수시,상급종합병원,2021,0,0,0,,0,
전남,여수시,상급종합병원,2022,0,0,0,,0,
전남,여수시,상급종합병원,2023,0,0,0,,0,
전남,여수시,상급종합병원,2024,0,0,0,,0,
전남,여수시,상급종합병원,2025,0,0,0,,0,
전남,여수시,의원,2007,120,,9,0.075,,
전남,여수시,의원,2008,125,5,6,0.048,11,0.088
전남,여수시,의원,2009,130,5,8,0.06153846153846154,13,0.1
전남,여수시,의원,2010,131,1,8,0.061068702290076333,9,0.06870229007633588
전남,여수시,의원,2011,131,0,8,0.061068702290076333,8,0.061068702290076333
전남,여수시,의원,2012,137,6,9,0.06569343065693431,15,0.10948905109489052
전남,여수시,의원,2013,138,1,5,0.036231884057971016,6,0.043478260869565216
전남,여수시,의원,2014,138,0,3,0.021739130434782608,3,0.021739130434782608
전남,여수시,의원,2015,141,3,7,0.04964539007092199,10,0.07092198581560284
전남,여수시,의원,2016,146,5,3,0.02054794520547945,8,0.0547945205479452
전남,여수시,의원,2017,154,8,11,0.07142857142857142,19,0.12337662337662338
전남,여수시,의원,2018,153,-1,7,0.0457516339869281,6,0.0392156862745098
전남,여수시,의원,2019,154,1,2,0.012987012987012988,3,0.01948051948051948
전남,여수시,의원,2020,152,-2,1,0.006578947368421052,-1,-0.006578947368421052
전남,여수시,의원,2021,156,4,8,0.05128205128205128,12,0.07692307692307693
전남,여수시,의원,2022,155,-1,6,0.03870967741935484,5,0.03225806451612903
전남,여수시,의원,2023,160,5,3,0.01875,8,0.05
전남,여수시,의원,2024,161,1,4,0.024844720496894408,5,0.031055900621118012
전남,여수시,의원,2025,161,0,7,0.043478260869565216,7,0.043478260869565216
전남,여수시,종합병원,2007,3,,0,0.0,,
전남,여수시,종합병원,2008,3,0,0,0.0,0,0.0
전남,여수시,종합병원,2009,3,0,0,0.0,0,0.0
전남,여수시,종합병원,2010,3,0,0,0.0,0,0.0
전남,여수시,종합병원,2011,3,0,0,0.0,0,0.0
전남,여수시,종합병원,2012,3,0,0,0.0,0,0.0
전남,여수시,종합병원,2013,3,0,0,0.0,0,0.0
전남,여수시,종합병원,2014,3,0,0,0.0,0,0.0
전남,여수시,종합병원,2015,3,0,0,0.0,0,0.0
전남,여수시,종합병원,2016,3,0,0,0.0,0,0.0
전남,여수시,종합병원,2017,3,0,0,0.0,0,0.0
전남,여수시,종합병원,2018,3,0,0,0.0,0,0.0
전남,여수시,종합병원,2019,3,0,0,0.0,0,0.0
전남,여수시,종합병원,2020,3,0,1,0.3333333333333333,1,0.3333333333333333
전남,여수시,종합병원,2021,2,-1,0,0.0,-1,-0.5
전남,여수시,종합병원,2022,3,1,1,0.3333333333333333,2,0.6666666666666666
전남,여수시,종합병원,2023,3,0,0,0.0,0,0.0
전남,여수시,종합병원,2024,3,0,0,0.0,0,0.0
전남,여수시,종합병원,2025,3,0,0,0.0,0,0.0
전남,영광군,병원,2007,2,,0,0.0,,
전남,영광군,병원,2008,2,0,0,0.0,0,0.0
전남,영광군,병원,2009,2,0,0,0.0,0,0.0
전남,영광군,병원,2010,2,0,0,0.0,0,0.0
전남,영광군,병원,2011,2,0,0,0.0,0,0.0
전남,영광군,병원,2012,2,0,0,0.0,0,0.0
전남,영광군,병원,2013,2,0,0,0.0,0,0.0
전남,영광군,병원,2014,2,0,1,0.5,1,0.5
전남,영광군,병원,2015,1,-1,0,0.0,-1,-1.0
전남,영광군,병원,2016,1,0,0,0.0,0,0.0
전남,영광군,병원,2017,0,-1,0,,-1,
전남,영광군,병원,2018,0,0,0,,0,
전남,영광군,병원,2019,0,0,0,,0,
전남,영광군,병원,2020,0,0,0,,0,
전남,영광군,병원,2021,0,0,0,,0,
전남,영광군,병원,2022,0,0,0,,0,
전남,영광군,병원,2023,0,0,0,,0,
전남,영광군,병원,2024,0,0,0,,0,
전남,영광군,병원,2025,0,0,0,,0,
전남,영광군,상급종합병원,2007,0,,0,,,
전남,영광군,상급종합병원,2008,0,0,0,,0,
전남,영광군,상급종합병원,2009,0,0,0,,0,
전남,영광군,상급종합병원,2010,0,0,0,,0,
전남,영광군,상급종합병원,2011,0,0,0,,0,
전남,영광군,상급종합병원,2012,0,0,0,,0,
전남,영광군,상급종합병원,2013,0,0,0,,0,
전남,영광군,상급종합병원,2014,0,0,0,,0,
전남,영광군,상급종합병원,2015,0,0,0,,0,
전남,영광군,상급종합병원,2016,0,0,0,,0,
전남,영광군,상급종합병원,2017,0,0,0,,0,
전남,영광군,상급종합병원,2018,0,0,0,,0,
전남,영광군,상급종합병원,2019,0,0,0,,0,
전남,영광군,상급종합병원,2020,0,0,0,,0,
전남,영광군,상급종합병원,2021,0,0,0,,0,
전남,영광군,상급종합병원,2022,0,0,0,,0,
전남,영광군,상급종합병원,2023,0,0,0,,0,
전남,영광군,상급종합병원,2024,0,0,0,,0,
전남,영광군,상급종합병원,2025,0,0,0,,0,
전남,영광군,의원,2007,32,,2,0.0625,,
전남,영광군,의원,2008,31,-1,4,0.12903225806451613,3,0.0967741935483871
전남,영광군,의원,2009,31,0,2,0.06451612903225806,2,0.06451612903225806
전남,영광군,의원,2010,32,1,2,0.0625,3,0.09375
전남,영광군,의원,2011,32,0,0,0.0,0,0.0
전남,영광군,의원,2012,33,1,3,0.09090909090909091,4,0.12121212121212122
전남,영광군,의원,2013,33,0,1,0.030303030303030304,1,0.030303030303030304
전남,영광군,의원,2014,32,-1,2,0.0625,1,0.03125
전남,영광군,의원,2015,33,1,2,0.06060606060606061,3,0.09090909090909091
전남,영광군,의원,2016,34,1,1,0.029411764705882353,2,0.058823529411764705
전남,영광군,의원,2017,34,0,0,0.0,0,0.0
전남,영광군,의원,2018,33,-1,1,0.030303030303030304,0,0.0
전남,영광군,의원,2019,32,-1,1,0.03125,0,0.0
전남,영광군,의원,2020,32,0,3,0.09375,3,0.09375
전남,영광군,의원,2021,32,0,0,0.0,0,0.0
전남,영광군,의원,2022,32,0,0,0.0,0,0.0
전남,영광군,의원,2023,34,2,1,0.029411764705882353,3,0.08823529411764706
전남,영광군,의원,2024,32,-2,2,0.0625,0,0.0
전남,영광군,의원,2025,34,2,0,0.0,2,0.058823529411764705
전남,영광군,종합병원,2007,1,,0,0.0,,
전남,영광군,종합병원,2008,1,0,0,0.0,0,0.0
전남,영광군,종합병원,2009,1,0,0,0.0,0,0.0
전남,영광군,종합병원,2010,1,0,0,0.0,0,0.0
전남,영광군,종합병원,2011,1,0,0,0.0,0,0.0
전남,영광군,종합병원,2012,1,0,0,0.0,0,0.0
전남,영광군,종합병원,2013,1,0,0,0.0,0,0.0
전남,영광군,종합병원,2014,1,0,0,0.0,0,0.0
전남,영광군,종합병원,2015,2,1,0,0.0,1,0.5
전남,영광군,종합병원,2016,2,0,0,0.0,0,0.0
전남,영광군,종합병원,2017,2,0,0,0.0,0,0.0
전남,영광군,종합병원,2018,2,0,0,0.0,0,0.0
전남,영광군,종합병원,2019,2,0,0,0.0,0,0.0
전남,영광군,종합병원,2020,2,0,0,0.0,0,0.0
전남,영광군,종합병원,2021,2,0,0,0.0,0,0.0
전남,영광군,종합병원,2022,2,0,0,0.0,0,0.0
전남,영광군,종합병원,2023,2,0,0,0.0,0,0.0
전남,영광군,종합병원,2024,2,0,0,0.0,0,0.0
전남,영광군,종합병원,2025,2,0,0,0.0,0,0.0
전남,영암군,병원,2007,1,,0,0.0,,
전남,영암군,병원,2008,1,0,0,0.0,0,0.0
전남,영암군,병원,2009,2,1,0,0.0,1,0.5
전남,영암군,병원,2010,2,0,0,0.0,0,0.0
전남,영암군,병원,2011,3,1,1,0.3333333333333333,2,0.6666666666666666
전남,영암군,병원,2012,3,0,0,0.0,0,0.0
전남,영암군,병원,2013,3,0,0,0.0,0,0.0
전남,영암군,병원,2014,3,0,0,0.0,0,0.0
전남,영암군,병원,2015,3,0,1,0.3333333333333333,1,0.3333333333333333
전남,영암군,병원,2016,2,-1,0,0.0,-1,-0.5
전남,영암군,병원,2017,2,0,0,0.0,0,0.0
전남,영암군,병원,2018,2,0,0,0.0,0,0.0
전남,영암군,병원,2019,2,0,0,0.0,0,0.0
전남,영암군,병원,2020,2,0,1,0.5,1,0.5
전남,영암군,병원,2021,2,0,0,0.0,0,0.0
전남,영암군,병원,2022,2,0,0,0.0,0,0.0
전남,영암군,병원,2023,2,0,0,0.0,0,0.0
전남,영암군,병원,2024,2,0,0,0.0,0,0.0
전남,영암군,병원,2025,2,0,0,0.0,0,0.0
전남,영암군,상급종합병원,2007,0,,0,,,
전남,영암군,상급종합병원,2008,0,0,0,,0,
전남,영암군,상급종합병원,2009,0,0,0,,0,
전남,영암군,상급종합병원,2010,0,0,0,,0,
전남,영암군,상급종합병원,2011,0,0,0,,0,
전남,영암군,상급종합병원,2012,0,0,0,,0,
전남,영암군,상급종합병원,2013,0,0,0,,0,
전남,영암군,상급종합병원,2014,0,0,0,,0,
전남,영암군,상급종합병원,2015,0,0,0,,0,
전남,영암군,상급종합병원,2016,0,0,0,,0,
전남,영암군,상급종합병원,2017,0,0,0,,0,
전남,영암군,상급종합병원,2018,0,0,0,,0,
전남,영암군,상급종합병원,2019,0,0,0,,0,
전남,영암군,상급종합병원,2020,0,0,0,,0,
전남,영암군,상급종합병원,2021,0,0,0,,0,
전남,영암군,상급종합병원,2022,0,0,0,,0,
전남,영암군,상급종합병원,2023,0,0,0,,0,
전남,영암군,상급종합병원,2024,0,0,0,,0,
전남,영암군,상급종합병원,2025,0,0,0,,0,
전남,영암군,의원,2007,22,,3,0.13636363636363635,,
전남,영암군,의원,2008,21,-1,0,0.0,-1,-0.047619047619047616
전남,영암군,의원,2009,23,2,2,0.08695652173913043,4,0.17391304347826086
전남,영암군,의원,2010,25,2,1,0.04,3,0.12
전남,영암군,의원,2011,23,-2,0,0.0,-2,-0.08695652173913043
전남,영암군,의원,2012,22,-1,1,0.045454545454545456,0,0.0
전남,영암군,의원,2013,22,0,0,0.0,0,0.0
전남,영암군,의원,2014,21,-1,0,0.0,-1,-0.047619047619047616
전남,영암군,의원,2015,22,1,1,0.045454545454545456,2,0.09090909090909091
전남,영암군,의원,2016,24,2,0,0.0,2,0.08333333333333333
전남,영암군,의원,2017,23,-1,1,0.043478260869565216,0,0.0
전남,영암군,의원,2018,23,0,2,0.08695652173913043,2,0.08695652173913043
전남,영암군,의원,2019,23,0,0,0.0,0,0.0
전남,영암군,의원,2020,23,0,0,0.0,0,0.0
전남,영암군,의원,2021,24,1,0,0.0,1,0.041666666666666664
전남,영암군,의원,2022,24,0,0,0.0,0,0.0
전남,영암군,의원,2023,26,2,0,0.0,2,0.07692307692307693
전남,영암군,의원,2024,26,0,0,0.0,0,0.0
전남,영암군,의원,2025,24,-2,1,0.041666666666666664,-1,-0.041666666666666664
전남,영암군,종합병원,2007,0,,0,,,
전남,영암군,종합병원,2008,0,0,0,,0,
전남,영암군,종합병원,2009,0,0,0,,0,
전남,영암군,종합병원,2010,0,0,0,,0,
전남,영암군,종합병원,2011,0,0,0,,0,
전남,영암군,종합병원,2012,0,0,0,,0,
전남,영암군,종합병원,2013,0,0,0,,0,
전남,영암군,종합병원,2014,0,0,0,,0,
전남,영암군,종합병원,2015,0,0,0,,0,
전남,영암군,종합병원,2016,0,0,0,,0,
전남,영암군,종합병원,2017,0,0,0,,0,
전남,영암군,종합병원,2018,0,0,0,,0,
전남,영암군,종합병원,2019,0,0,0,,0,
전남,영암군,종합병원,2020,0,0,0,,0,
전남,영암군,종합병원,2021,0,0,0,,0,
전남,영암군,종합병원,2022,0,0,0,,0,
전남,영암군,종합병원,2023,0,0,0,,0,
전남,영암군,종합병원,2024,0,0,0,,0,
전남,영암군,종합병원,2025,0,0,0,,0,
전남,완도군,병원,2007,2,,1,0.5,,
전남,완도군,병원,2008,1,-1,0,0.0,-1,-1.0
전남,완도군,병원,2009,1,0,0,0.0,0,0.0
전남,완도군,병원,2010,1,0,0,0.0,0,0.0
전남,완도군,병원,2011,1,0,0,0.0,0,0.0
전남,완도군,병원,2012,1,0,0,0.0,0,0.0
전남,완도군,병원,2013,1,0,0,0.0,0,0.0
전남,완도군,병원,2014,1,0,0,0.0,0,0.0
전남,완도군,병원,2015,1,0,0,0.0,0,0.0
전남,완도군,병원,2016,1,0,0,0.0,0,0.0
전남,완도군,병원,2017,1,0,0,0.0,0,0.0
전남,완도군,병원,2018,1,0,0,0.0,0,0.0
전남,완도군,병원,2019,1,0,0,0.0,0,0.0
전남,완도군,병원,2020,1,0,0,0.0,0,0.0
전남,완도군,병원,2021,1,0,0,0.0,0,0.0
전남,완도군,병원,2022,1,0,0,0.0,0,0.0
전남,완도군,병원,2023,1,0,0,0.0,0,0.0
전남,완도군,병원,2024,1,0,0,0.0,0,0.0
전남,완도군,병원,2025,1,0,0,0.0,0,0.0
전남,완도군,상급종합병원,2007,0,,0,,,
전남,완도군,상급종합병원,2008,0,0,0,,0,
전남,완도군,상급종합병원,2009,0,0,0,,0,
전남,완도군,상급종합병원,2010,0,0,0,,0,
전남,완도군,상급종합병원,2011,0,0,0,,0,
전남,완도군,상급종합병원,2012,0,0,0,,0,
전남,완도군,상급종합병원,2013,0,0,0,,0,
전남,완도군,상급종합병원,2014,0,0,0,,0,
전남,완도군,상급종합병원,2015,0,0,0,,0,
전남,완도군,상급종합병원,2016,0,0,0,,0,
전남,완도군,상급종합병원,2017,0,0,0,,0,
전남,완도군,상급종합병원,2018,0,0,0,,0,
전남,완도군,상급종합병원,2019,0,0,0,,0,
전남,완도군,상급종합병원,2020,0,0,0,,0,
전남,완도군,상급종합병원,2021,0,0,0,,0,
전남,완도군,상급종합병원,2022,0,0,0,,0,
전남,완도군,상급종합병원,2023,0,0,0,,0,
전남,완도군,상급종합병원,2024,0,0,0,,0,
전남,완도군,상급종합병원,2025,0,0,0,,0,
전남,완도군,의원,2007,19,,2,0.10526315789473684,,
전남,완도군,의원,2008,19,0,2,0.10526315789473684,2,0.10526315789473684
전남,완도군,의원,2009,18,-1,1,0.05555555555555555,0,0.0
전남,완도군,의원,2010,22,4,0,0.0,4,0.18181818181818182
전남,완도군,의원,2011,22,0,0,0.0,0,0.0
전남,완도군,의원,2012,23,1,1,0.043478260869565216,2,0.08695652173913043
전남,완도군,의원,2013,25,2,2,0.08,4,0.16
전남,완도군,의원,2014,24,-1,1,0.041666666666666664,0,0.0
전남,완도군,의원,2015,23,-1,3,0.13043478260869565,2,0.08695652173913043
전남,완도군,의원,2016,24,1,2,0.08333333333333333,3,0.125
전남,완도군,의원,2017,24,0,2,0.08333333333333333,2,0.08333333333333333
전남,완도군,의원,2018,24,0,2,0.08333333333333333,2,0.08333333333333333
전남,완도군,의원,2019,26,2,1,0.038461538461538464,3,0.11538461538461539
전남,완도군,의원,2020,24,-2,2,0.08333333333333333,0,0.0
전남,완도군,의원,2021,23,-1,2,0.08695652173913043,1,0.043478260869565216
전남,완도군,의원,2022,21,-2,0,0.0,-2,-0.09523809523809523
전남,완도군,의원,2023,22,1,1,0.045454545454545456,2,0.09090909090909091
전남,완도군,의원,2024,22,0,0,0.0,0,0.0
전남,완도군,의원,2025,22,0,0,0.0,0,0.0
전남,완도군,종합병원,2007,0,,0,,,
전남,완도군,종합병원,2008,0,0,0,,0,
전남,완도군,종합병원,2009,0,0,0,,0,
전남,완도군,종합병원,2010,0,0,0,,0,
전남,완도군,종합병원,2011,0,0,0,,0,
전남,완도군,종합병원,2012,0,0,0,,0,
전남,완도군,종합병원,2013,0,0,0,,0,
전남,완도군,종합병원,2014,0,0,0,,0,
전남,완도군,종합병원,2015,0,0,0,,0,
전남,완도군,종합병원,2016,0,0,0,,0,
전남,완도군,종합병원,2017,0,0,0,,0,
전남,완도군,종합병원,2018,0,0,0,,0,
전남,완도군,종합병원,2019,0,0,0,,0,
전남,완도군,종합병원,2020,0,0,0,,0,
전남,완도군,종합병원,2021,0,0,0,,0,
전남,완도군,종합병원,2022,0,0,0,,0,
전남,완도군,종합병원,2023,0,0,0,,0,
전남,완도군,종합병원,2024,0,0,0,,0,
전남,완도군,종합병원,2025,0,0,0,,0,
전남,장성군,병원,2007,2,,0,0.0,,
전남,장성군,병원,2008,3,1,1,0.3333333333333333,2,0.6666666666666666
전남,장성군,병원,2009,4,1,1,0.25,2,0.5
전남,장성군,병원,2010,3,-1,0,0.0,-1,-0.3333333333333333
전남,장성군,병원,2011,3,0,0,0.0,0,0.0
전남,장성군,병원,2012,3,0,0,0.0,0,0.0
전남,장성군,병원,2013,2,-1,2,1.0,1,0.5
전남,장성군,병원,2014,2,0,1,0.5,1,0.5
전남,장성군,병원,2015,2,0,1,0.5,1,0.5
전남,장성군,병원,2016,2,0,0,0.0,0,0.0
전남,장성군,병원,2017,2,0,0,0.0,0,0.0
전남,장성군,병원,2018,2,0,0,0.0,0,0.0
전남,장성군,병원,2019,2,0,0,0.0,0,0.0
전남,장성군,병원,2020,2,0,0,0.0,0,0.0
전남,장성군,병원,2021,2,0,0,0.0,0,0.0
전남,장성군,병원,2022,2,0,0,0.0,0,0.0
전남,장성군,병원,2023,2,0,0,0.0,0,0.0
전남,장성군,병원,2024,2,0,0,0.0,0,0.0
전남,장성군,병원,2025,2,0,0,0.0,0,0.0
전남,장성군,상급종합병원,2007,0,,0,,,
전남,장성군,상급종합병원,2008,0,0,0,,0,
전남,장성군,상급종합병원,2009,0,0,0,,0,
전남,장성군,상급종합병원,2010,0,0,0,,0,
전남,장성군,상급종합병원,2011,0,0,0,,0,
전남,장성군,상급종합병원,2012,0,0,0,,0,
전남,장성군,상급종합병원,2013,0,0,0,,0,
전남,장성군,상급종합병원,2014,0,0,0,,0,
전남,장성군,상급종합병원,2015,0,0,0,,0,
전남,장성군,상급종합병원,2016,0,0,0,,0,
전남,장성군,상급종합병원,2017,0,0,0,,0,
전남,장성군,상급종합병원,2018,0,0,0,,0,
전남,장성군,상급종합병원,2019,0,0,0,,0,
전남,장성군,상급종합병원,2020,0,0,0,,0,
전남,장성군,상급종합병원,2021,0,0,0,,0,
전남,장성군,상급종합병원,2022,0,0,0,,0,
전남,장성군,상급종합병원,2023,0,0,0,,0,
전남,장성군,상급종합병원,2024,0,0,0,,0,
전남,장성군,상급종합병원,2025,0,0,0,,0,
전남,장성군,의원,2007,19,,2,0.10526315789473684,,
전남,장성군,의원,2008,20,1,2,0.1,3,0.15
전남,장성군,의원,2009,19,-1,1,0.05263157894736842,0,0.0
전남,장성군,의원,2010,19,0,1,0.05263157894736842,1,0.05263157894736842
전남,장성군,의원,2011,21,2,2,0.09523809523809523,4,0.19047619047619047
전남,장성군,의원,2012,20,-1,0,0.0,-1,-0.05
전남,장성군,의원,2013,20,0,0,0.0,0,0.0
전남,장성군,의원,2014,19,-1,2,0.10526315789473684,1,0.05263157894736842
전남,장성군,의원,2015,18,-1,0,0.0,-1,-0.05555555555555555
전남,장성군,의원,2016,18,0,1,0.05555555555555555,1,0.05555555555555555
전남,장성군,의원,2017,18,0,0,0.0,0,0.0
전남,장성군,의원,2018,18,0,0,0.0,0,0.0
전남,장성군,의원,2019,19,1,0,0.0,1,0.05263157894736842
전남,장성군,의원,2020,19,0,0,0.0,0,0.0
전남,장성군,의원,2021,19,0,1,0.05263157894736842,1,0.05263157894736842
전남,장성군,의원,2022,18,-1,2,0.1111111111111111,1,0.05555555555555555
전남,장성군,의원,2023,16,-2,0,0.0,-2,-0.125
전남,장성군,의원,2024,16,0,0,0.0,0,0.0
전남,장성군,의원,2025,16,0,1,0.0625,1,0.0625
전남,장성군,종합병원,2007,0,,0,,,
전남,장성군,종합병원,2008,0,0,0,,0,
전남,장성군,종합병원,2009,0,0,0,,0,
전남,장성군,종합병원,2010,0,0,0,,0,
전남,장성군,종합병원,2011,0,0,0,,0,
전남,장성군,종합병원,2012,0,0,0,,0,
전남,장성군,종합병원,2013,0,0,0,,0,
전남,장성군,종합병원,2014,0,0,0,,0,
전남,장성군,종합병원,2015,0,0,0,,0,
전남,장성군,종합병원,2016,0,0,0,,0,
전남,장성군,종합병원,2017,0,0,0,,0,
전남,장성군,종합병원,2018,0,0,0,,0,
전남,장성군,종합병원,2019,0,0,0,,0,
전남,장성군,종합병원,2020,0,0,0,,0,
전남,장성군,종합병원,2021,0,0,0,,0,
전남,장성군,종합병원,2022,0,0,0,,0,
전남,장성군,종합병원,2023,0,0,0,,0,
전남,장성군,종합병원,2024,0,0,0,,0,
전남,장성군,종합병원,2025,0,0,0,,0,
전남,장흥군,병원,2007,1,,0,0.0,,
전남,장흥군,병원,2008,1,0,0,0.0,0,0.0
전남,장흥군,병원,2009,1,0,0,0.0,0,0.0
전남,장흥군,병원,2010,1,0,0,0.0,0,0.0
전남,장흥군,병원,2011,1,0,0,0.0,0,0.0
전남,장흥군,병원,2012,1,0,0,0.0,0,0.0
전남,장흥군,병원,2013,1,0,0,0.0,0,0.0
전남,장흥군,병원,2014,1,0,0,0.0,0,0.0
전남,장흥군,병원,2015,1,0,0,0.0,0,0.0
전남,장흥군,병원,2016,1,0,0,0.0,0,0.0
전남,장흥군,병원,2017,1,0,0,0.0,0,0.0
전남,장흥군,병원,2018,1,0,0,0.0,0,0.0
전남,장흥군,병원,2019,1,0,0,0.0,0,0.0
전남,장흥군,병원,2020,1,0,0,0.0,0,0.0
전남,장흥군,병원,2021,2,1,0,0.0,1,0.5
전남,장흥군,병원,2022,2,0,0,0.0,0,0.0
전남,장흥군,병원,2023,2,0,0,0.0,0,0.0
전남,장흥군,병원,2024,2,0,0,0.0,0,0.0
전남,장흥군,병원,2025,2,0,0,0.0,0,0.0
전남,장흥군,상급종합병원,2007,0,,0,,,
전남,장흥군,상급종합병원,2008,0,0,0,,0,
전남,장흥군,상급종합병원,2009,0,0,0,,0,
전남,장흥군,상급종합병원,2010,0,0,0,,0,
전남,장흥군,상급종합병원,2011,0,0,0,,0,
전남,장흥군,상급종합병원,2012,0,0,0,,0,
전남,장흥군,상급종합병원,2013,0,0,0,,0,
전남,장흥군,상급종합병원,2014,0,0,0,,0,
전남,장흥군,상급종합병원,2015,0,0,0,,0,
전남,장흥군,상급종합병원,2016,0,0,0,,0,
전남,장흥군,상급종합병원,2017,0,0,0,,0,
전남,장흥군,상급종합병원,2018,0,0,0,,0,
전남,장흥군,상급종합병원,2019,0,0,0,,0,
전남,장흥군,상급종합병원,2020,0,0,0,,0,
전남,장흥군,상급종합병원,2021,0,0,0,,0,
전남,장흥군,상급종합병원,2022,0,0,0,,0,
전남,장흥군,상급종합병원,2023,0,0,0,,0,
전남,장흥군,상급종합병원,2024,0,0,0,,0,
전남,장흥군,상급종합병원,2025,0,0,0,,0,
전남,장흥군,의원,2007,22,,1,0.045454545454545456,,
전남,장흥군,의원,2008,24,2,2,0.08333333333333333,4,0.16666666666666666
전남,장흥군,의원,2009,25,1,5,0.2,6,0.24
전남,장흥군,의원,2010,25,0,3,0.12,3,0.12
전남,장흥군,의원,2011,25,0,2,0.08,2,0.08
전남,장흥군,의원,2012,23,-2,1,0.043478260869565216,-1,-0.043478260869565216
전남,장흥군,의원,2013,24,1,2,0.08333333333333333,3,0.125
전남,장흥군,의원,2014,24,0,0,0.0,0,0.0
전남,장흥군,의원,2015,24,0,1,0.041666666666666664,1,0.041666666666666664
전남,장흥군,의원,2016,22,-2,1,0.045454545454545456,-1,-0.045454545454545456
전남,장흥군,의원,2017,23,1,1,0.043478260869565216,2,0.08695652173913043
전남,장흥군,의원,2018,26,3,1,0.038461538461538464,4,0.15384615384615385
전남,장흥군,의원,2019,25,-1,2,0.08,1,0.04
전남,장흥군,의원,2020,23,-2,0,0.0,-2,-0.08695652173913043
전남,장흥군,의원,2021,24,1,0,0.0,1,0.041666666666666664
전남,장흥군,의원,2022,24,0,0,0.0,0,0.0
전남,장흥군,의원,2023,22,-2,3,0.13636363636363635,1,0.045454545454545456
전남,장흥군,의원,2024,22,0,0,0.0,0,0.0
전남,장흥군,의원,2025,23,1,1,0.043478260869565216,2,0.08695652173913043
전남,장흥군,종합병원,2007,1,,0,0.0,,
전남,장흥군,종합병원,2008,1,0,0,0.0,0,0.0
전남,장흥군,종합병원,2009,1,0,0,0.0,0,0.0
전남,장흥군,종합병원,2010,1,0,0,0.0,0,0.0
전남,장흥군,종합병원,2011,1,0,0,0.0,0,0.0
전남,장흥군,종합병원,2012,1,0,0,0.0,0,0.0
전남,장흥군,종합병원,2013,1,0,0,0.0,0,0.0
전남,장흥군,종합병원,2014,1,0,0,0.0,0,0.0
전남,장흥군,종합병원,2015,1,0,0,0.0,0,0.0
전남,장흥군,종합병원,2016,1,0,1,1.0,1,1.0
전남,장흥군,종합병원,2017,1,0,0,0.0,0,0.0
전남,장흥군,종합병원,2018,1,0,0,0.0,0,0.0
전남,장흥군,종합병원,2019,1,0,0,0.0,0,0.0
전남,장흥군,종합병원,2020,1,0,0,0.0,0,0.0
전남,장흥군,종합병원,2021,1,0,0,0.0,0,0.0
전남,장흥군,종합병원,2022,1,0,0,0.0,0,0.0
전남,장흥군,종합병원,2023,1,0,0,0.0,0,0.0
전남,장흥군,종합병원,2024,1,0,0,0.0,0,0.0
전남,장흥군,종합병원,2025,1,0,0,0.0,0,0.0
전남,진도군,병원,2007,2,,0,0.0,,
전남,진도군,병원,2008,2,0,0,0.0,0,0.0
전남,진도군,병원,2009,2,0,0,0.0,0,0.0
전남,진도군,병원,2010,2,0,0,0.0,0,0.0
전남,진도군,병원,2011,2,0,0,0.0,0,0.0
전남,진도군,병원,2012,2,0,0,0.0,0,0.0
전남,진도군,병원,2013,2,0,0,0.0,0,0.0
전남,진도군,병원,2014,2,0,0,0.0,0,0.0
전남,진도군,병원,2015,2,0,0,0.0,0,0.0
전남,진도군,병원,2016,2,0,0,0.0,0,0.0
전남,진도군,병원,2017,2,0,1,0.5,1,0.5
전남,진도군,병원,2018,2,0,0,0.0,0,0.0
전남,진도군,병원,2019,2,0,0,0.0,0,0.0
전남,진도군,병원,2020,2,0,0,0.0,0,0.0
전남,진도군,병원,2021,2,0,0,0.0,0,0.0
전남,진도군,병원,2022,2,0,0,0.0,0,0.0
전남,진도군,병원,2023,2,0,0,0.0,0,0.0
전남,진도군,병원,2024,2,0,0,0.0,0,0.0
전남,진도군,병원,2025,2,0,0,0.0,0,0.0
전남,진도군,상급종합병원,2007,0,,0,,,
전남,진도군,상급종합병원,2008,0,0,0,,0,
전남,진도군,상급종합병원,2009,0,0,0,,0,
전남,진도군,상급종합병원,2010,0,0,0,,0,
전남,진도군,상급종합병원,2011,0,0,0,,0,
전남,진도군,상급종합병원,2012,0,0,0,,0,
전남,진도군,상급종합병원,2013,0,0,0,,0,
전남,진도군,상급종합병원,2014,0,0,0,,0,
전남,진도군,상급종합병원,2015,0,0,0,,0,
전남,진도군,상급종합병원,2016,0,0,0,,0,
전남,진도군,상급종합병원,2017,0,0,0,,0,
전남,진도군,상급종합병원,2018,0,0,0,,0,
전남,진도군,상급종합병원,2019,0,0,0,,0,
전남,진도군,상급종합병원,2020,0,0,0,,0,
전남,진도군,상급종합병원,2021,0,0,0,,0,
전남,진도군,상급종합병원,2022,0,0,0,,0,
전남,진도군,상급종합병원,2023,0,0,0,,0,
전남,진도군,상급종합병원,2024,0,0,0,,0,
전남,진도군,상급종합병원,2025,0,0,0,,0,
전남,진도군,의원,2007,12,,0,0.0,,
전남,진도군,의원,2008,13,1,0,0.0,1,0.07692307692307693
전남,진도군,의원,2009,13,0,1,0.07692307692307693,1,0.07692307692307693
전남,진도군,의원,2010,13,0,0,0.0,0,0.0
전남,진도군,의원,2011,15,2,1,0.06666666666666667,3,0.2
전남,진도군,의원,2012,17,2,2,0.11764705882352941,4,0.23529411764705882
전남,진도군,의원,2013,16,-1,0,0.0,-1,-0.0625
전남,진도군,의원,2014,16,0,0,0.0,0,0.0
전남,진도군,의원,2015,15,-1,0,0.0,-1,-0.06666666666666667
전남,진도군,의원,2016,16,1,1,0.0625,2,0.125
전남,진도군,의원,2017,16,0,2,0.125,2,0.125
전남,진도군,의원,2018,16,0,2,0.125,2,0.125
전남,진도군,의원,2019,16,0,1,0.0625,1,0.0625
전남,진도군,의원,2020,15,-1,2,0.13333333333333333,1,0.06666666666666667
전남,진도군,의원,2021,16,1,0,0.0,1,0.0625
전남,진도군,의원,2022,17,1,3,0.17647058823529413,4,0.23529411764705882
전남,진도군,의원,2023,15,-2,2,0.13333333333333333,0,0.0
전남,진도군,의원,2024,15,0,1,0.06666666666666667,1,0.06666666666666667
전남,진도군,의원,2025,16,1,0,0.0,1,0.0625
전남,진도군,종합병원,2007,0,,0,,,
전남,진도군,종합병원,2008,0,0,0,,0,
전남,진도군,종합병원,2009,0,0,0,,0,
전남,진도군,종합병원,2010,0,0,0,,0,
전남,진도군,종합병원,2011,0,0,0,,0,
전남,진도군,종합병원,2012,0,0,0,,0,
전남,진도군,종합병원,2013,0,0,0,,0,
전남,진도군,종합병원,2014,0,0,0,,0,
전남,진도군,종합병원,2015,0,0,0,,0,
전남,진도군,종합병원,2016,0,0,0,,0,
전남,진도군,종합병원,2017,0,0,0,,0,
전남,진도군,종합병원,2018,0,0,0,,0,
전남,진도군,종합병원,2019,0,0,0,,0,
전남,진도군,종합병원,2020,0,0,0,,0,
전남,진도군,종합병원,2021,0,0,0,,0,
전남,진도군,종합병원,2022,0,0,0,,0,
전남,진도군,종합병원,2023,0,0,0,,0,
전남,진도군,종합병원,2024,0,0,0,,0,
전남,진도군,종합병원,2025,0,0,0,,0,
전남,함평군,병원,2007,1,,0,0.0,,
전남,함평군,병원,2008,2,1,0,0.0,1,0.5
전남,함평군,병원,2009,2,0,0,0.0,0,0.0
전남,함평군,병원,2010,2,0,0,0.0,0,0.0
전남,함평군,병원,2011,2,0,0,0.0,0,0.0
전남,함평군,병원,2012,2,0,0,0.0,0,0.0
전남,함평군,병원,2013,2,0,0,0.0,0,0.0
전남,함평군,병원,2014,2,0,0,0.0,0,0.0
전남,함평군,병원,2015,2,0,0,0.0,0,0.0
전남,함평군,병원,2016,2,0,0,0.0,0,0.0
전남,함평군,병원,2017,2,0,0,0.0,0,0.0
전남,함평군,병원,2018,2,0,0,0.0,0,0.0
전남,함평군,병원,2019,2,0,0,0.0,0,0.0
전남,함평군,병원,2020,2,0,0,0.0,0,0.0
전남,함평군,병원,2021,2,0,0,0.0,0,0.0
전남,함평군,병원,2022,2,0,0,0.0,0,0.0
전남,함평군,병원,2023,2,0,0,0.0,0,0.0
전남,함평군,병원,2024,2,0,0,0.0,0,0.0
전남,함평군,병원,2025,2,0,0,0.0,0,0.0
전남,함평군,상급종합병원,2007,0,,0,,,
전남,함평군,상급종합병원,2008,0,0,0,,0,
전남,함평군,상급종합병원,2009,0,0,0,,0,
전남,함평군,상급종합병원,2010,0,0,0,,0,
전남,함평군,상급종합병원,2011,0,0,0,,0,
전남,함평군,상급종합병원,2012,0,0,0,,0,
전남,함평군,상급종합병원,2013,0,0,0,,0,
전남,함평군,상급종합병원,2014,0,0,0,,0,
전남,함평군,상급종합병원,2015,0,0,0,,0,
전남,함평군,상급종합병원,2016,0,0,0,,0,
전남,함평군,상급종합병원,2017,0,0,0,,0,
전남,함평군,상급종합병원,2018,0,0,0,,0,
전남,함평군,상급종합병원,2019,0,0,0,,0,
전남,함평군,상급종합병원,2020,0,0,0,,0,
전남,함평군,상급종합병원,2021,0,0,0,,0,
전남,함평군,상급종합병원,2022,0,0,0,,0,
전남,함평군,상급종합병원,2023,0,0,0,,0,
전남,함평군,상급종합병원,2024,0,0,0,,0,
전남,함평군,상급종합병원,2025,0,0,0,,0,
전남,함평군,의원,2007,16,,3,0.1875,,
전남,함평군,의원,2008,16,0,3,0.1875,3,0.1875
전남,함평군,의원,2009,18,2,0,0.0,2,0.1111111111111111
전남,함평군,의원,2010,19,1,0,0.0,1,0.05263157894736842
전남,함평군,의원,2011,17,-2,0,0.0,-2,-0.11764705882352941
전남,함평군,의원,2012,18,1,1,0.05555555555555555,2,0.1111111111111111
전남,함평군,의원,2013,18,0,1,0.05555555555555555,1,0.05555555555555555
전남,함평군,의원,2014,18,0,1,0.05555555555555555,1,0.05555555555555555
전남,함평군,의원,2015,17,-1,1,0.058823529411764705,0,0.0
전남,함평군,의원,2016,16,-1,1,0.0625,0,0.0
전남,함평군,의원,2017,17,1,3,0.17647058823529413,4,0.23529411764705882
전남,함평군,의원,2018,16,-1,2,0.125,1,0.0625
전남,함평군,의원,2019,15,-1,0,0.0,-1,-0.06666666666666667
전남,함평군,의원,2020,15,0,0,0.0,0,0.0
전남,함평군,의원,2021,15,0,0,0.0,0,0.0
전남,함평군,의원,2022,15,0,2,0.13333333333333333,2,0.13333333333333333
전남,함평군,의원,2023,15,0,1,0.06666666666666667,1,0.06666666666666667
전남,함평군,의원,2024,14,-1,0,0.0,-1,-0.07142857142857142
전남,함평군,의원,2025,14,0,2,0.14285714285714285,2,0.14285714285714285
전남,함평군,종합병원,2007,0,,0,,,
전남,함평군,종합병원,2008,0,0,0,,0,
전남,함평군,종합병원,2009,0,0,0,,0,
전남,함평군,종합병원,2010,0,0,0,,0,
전남,함평군,종합병원,2011,0,0,0,,0,
전남,함평군,종합병원,2012,0,0,0,,0,
전남,함평군,종합병원,2013,0,0,0,,0,
전남,함평군,종합병원,2014,0,0,0,,0,
전남,함평군,종합병원,2015,0,0,0,,0,
전남,함평군,종합병원,2016,0,0,0,,0,
전남,함평군,종합병원,2017,0,0,0,,0,
전남,함평군,종합병원,2018,0,0,0,,0,
전남,함평군,종합병원,2019,0,0,0,,0,
전남,함평군,종합병원,2020,0,0,0,,0,
전남,함평군,종합병원,2021,0,0,0,,0,
전남,함평군,종합병원,2022,0,0,0,,0,
전남,함평군,종합병원,2023,0,0,0,,0,
전남,함평군,종합병원,2024,0,0,0,,0,
전남,함평군,종합병원,2025,0,0,0,,0,
전남,해남군,병원,2007,3,,0,0.0,,
전남,해남군,병원,2008,4,1,0,0.0,1,0.25
전남,해남군,병원,2009,4,0,0,0.0,0,0.0
전남,해남군,병원,2010,4,0,0,0.0,0,0.0
전남,해남군,병원,2011,4,0,0,0.0,0,0.0
전남,해남군,병원,2012,4,0,0,0.0,0,0.0
전남,해남군,병원,2013,4,0,0,0.0,0,0.0
전남,해남군,병원,2014,4,0,0,0.0,0,0.0
전남,해남군,병원,2015,4,0,0,0.0,0,0.0
전남,해남군,병원,2016,4,0,1,0.25,1,0.25
전남,해남군,병원,2017,2,-2,0,0.0,-2,-1.0
전남,해남군,병원,2018,2,0,1,0.5,1,0.5
전남,해남군,병원,2019,2,0,0,0.0,0,0.0
전남,해남군,병원,2020,2,0,0,0.0,0,0.0
전남,해남군,병원,2021,2,0,0,0.0,0,0.0
전남,해남군,병원,2022,2,0,1,0.5,1,0.5
전남,해남군,병원,2023,1,-1,0,0.0,-1,-1.0
전남,해남군,병원,2024,1,0,0,0.0,0,0.0
전남,해남군,병원,2025,1,0,0,0.0,0,0.0
전남,해남군,상급종합병원,2007,0,,0,,,
전남,해남군,상급종합병원,2008,0,0,0,,0,
전남,해남군,상급종합병원,2009,0,0,0,,0,
전남,해남군,상급종합병원,2010,0,0,0,,0,
전남,해남군,상급종합병원,2011,0,0,0,,0,
전남,해남군,상급종합병원,2012,0,0,0,,0,
전남,해남군,상급종합병원,2013,0,0,0,,0,
전남,해남군,상급종합병원,2014,0,0,0,,0,
전남,해남군,상급종합병원,2015,0,0,0,,0,
전남,해남군,상급종합병원,2016,0,0,0,,0,
전남,해남군,상급종합병원,2017,0,0,0,,0,
전남,해남군,상급종합병원,2018,0,0,0,,0,
전남,해남군,상급종합병원,2019,0,0,0,,0,
전남,해남군,상급종합병원,2020,0,0,0,,0,
전남,해남군,상급종합병원,2021,0,0,0,,0,
전남,해남군,상급종합병원,2022,0,0,0,,0,
전남,해남군,상급종합병원,2023,0,0,0,,0,
전남,해남군,상급종합병원,2024,0,0,0,,0,
전남,해남군,상급종합병원,2025,0,0,0,,0,
전남,해남군,의원,2007,36,,2,0.05555555555555555,,
전남,해남군,의원,2008,36,0,2,0.05555555555555555,2,0.05555555555555555
전남,해남군,의원,2009,36,0,0,0.0,0,0.0
전남,해남군,의원,2010,37,1,0,0.0,1,0.02702702702702703
전남,해남군,의원,2011,37,0,1,0.02702702702702703,1,0.02702702702702703
전남,해남군,의원,2012,36,-1,1,0.027777777777777776,0,0.0
전남,해남군,의원,2013,36,0,0,0.0,0,0.0
전남,해남군,의원,2014,36,0,1,0.027777777777777776,1,0.027777777777777776
전남,해남군,의원,2015,36,0,0,0.0,0,0.0
전남,해남군,의원,2016,37,1,0,0.0,1,0.02702702702702703
전남,해남군,의원,2017,38,1,2,0.05263157894736842,3,0.07894736842105263
전남,해남군,의원,2018,36,-2,0,0.0,-2,-0.05555555555555555
전남,해남군,의원,2019,36,0,0,0.0,0,0.0
전남,해남군,의원,2020,36,0,0,0.0,0,0.0
전남,해남군,의원,2021,37,1,0,0.0,1,0.02702702702702703
전남,해남군,의원,2022,39,2,0,0.0,2,0.05128205128205128
전남,해남군,의원,2023,41,2,1,0.024390243902439025,3,0.07317073170731707
전남,해남군,의원,2024,41,0,0,0.0,0,0.0
전남,해남군,의원,2025,41,0,2,0.04878048780487805,2,0.04878048780487805
전남,해남군,종합병원,2007,1,,0,0.0,,
전남,해남군,종합병원,2008,1,0,0,0.0,0,0.0
전남,해남군,종합병원,2009,1,0,0,0.0,0,0.0
전남,해남군,종합병원,2010,1,0,0,0.0,0,0.0
전남,해남군,종합병원,2011,1,0,0,0.0,0,0.0
전남,해남군,종합병원,2012,1,0,0,0.0,0,0.0
전남,해남군,종합병원,2013,1,0,0,0.0,0,0.0
전남,해남군,종합병원,2014,1,0,0,0.0,0,0.0
전남,해남군,종합병원,2015,1,0,0,0.0,0,0.0
전남,해남군,종합병원,2016,1,0,0,0.0,0,0.0
전남,해남군,종합병원,2017,2,1,0,0.0,1,0.5
전남,해남군,종합병원,2018,2,0,0,0.0,0,0.0
전남,해남군,종합병원,2019,2,0,0,0.0,0,0.0
전남,해남군,종합병원,2020,2,0,0,0.0,0,0.0
전남,해남군,종합병원,2021,2,0,0,0.0,0,0.0
전남,해남군,종합병원,2022,2,0,0,0.0,0,0.0
전남,해남군,종합병원,2023,2,0,0,0.0,0,0.0
전남,해남군,종합병원,2024,2,0,0,0.0,0,0.0
전남,해남군,종합병원,2025,2,0,0,0.0,0,0.0
전남,화순군,병원,2007,3,,0,0.0,,
전남,화순군,병원,2008,3,0,0,0.0,0,0.0
전남,화순군,병원,2009,4,1,1,0.25,2,0.5
전남,화순군,병원,2010,4,0,2,0.5,2,0.5
전남,화순군,병원,2011,4,0,1,0.25,1,0.25
전남,화순군,병원,2012,4,0,0,0.0,0,0.0
전남,화순군,병원,2013,4,0,1,0.25,1,0.25
전남,화순군,병원,2014,4,0,0,0.0,0,0.0
전남,화순군,병원,2015,4,0,3,0.75,3,0.75
전남,화순군,병원,2016,3,-1,0,0.0,-1,-0.3333333333333333
전남,화순군,병원,2017,3,0,0,0.0,0,0.0
전남,화순군,병원,2018,3,0,0,0.0,0,0.0
전남,화순군,병원,2019,3,0,0,0.0,0,0.0
전남,화순군,병원,2020,3,0,1,0.3333333333333333,1,0.3333333333333333
전남,화순군,병원,2021,3,0,0,0.0,0,0.0
전남,화순군,병원,2022,3,0,1,0.3333333333333333,1,0.3333333333333333
전남,화순군,병원,2023,3,0,0,0.0,0,0.0
전남,화순군,병원,2024,3,0,1,0.3333333333333333,1,0.3333333333333333
전남,화순군,병원,2025,3,0,0,0.0,0,0.0
전남,화순군,상급종합병원,2007,0,,0,,,
전남,화순군,상급종합병원,2008,0,0,0,,0,
전남,화순군,상급종합병원,2009,0,0,0,,0,
전남,화순군,상급종합병원,2010,0,0,0,,0,
전남,화순군,상급종합병원,2011,0,0,0,,0,
전남,화순군,상급종합병원,2012,1,1,0,0.0,1,1.0
전남,화순군,상급종합병원,2013,1,0,0,0.0,0,0.0
전남,화순군,상급종합병원,2014,1,0,0,0.0,0,0.0
전남,화순군,상급종합병원,2015,1,0,0,0.0,0,0.0
전남,화순군,상급종합병원,2016,1,0,0,0.0,0,0.0
전남,화순군,상급종합병원,2017,1,0,0,0.0,0,0.0
전남,화순군,상급종합병원,2018,1,0,0,0.0,0,0.0
전남,화순군,상급종합병원,2019,1,0,0,0.0,0,0.0
전남,화순군,상급종합병원,2020,1,0,0,0.0,0,0.0
전남,화순군,상급종합병원,2021,1,0,0,0.0,0,0.0
전남,화순군,상급종합병원,2022,1,0,0,0.0,0,0.0
전남,화순군,상급종합병원,2023,1,0,0,0.0,0,0.0
전남,화순군,상급종합병원,2024,1,0,0,0.0,0,0.0
전남,화순군,상급종합병원,2025,1,0,0,0.0,0,0.0
전남,화순군,의원,2007,29,,2,0.06896551724137931,,
전남,화순군,의원,2008,30,1,2,0.06666666666666667,3,0.1
전남,화순군,의원,2009,34,4,0,0.0,4,0.11764705882352941
전남,화순군,의원,2010,35,1,3,0.08571428571428572,4,0.11428571428571428
전남,화순군,의원,2011,33,-2,2,0.06060606060606061,0,0.0
전남,화순군,의원,2012,30,-3,3,0.1,0,0.0
전남,화순군,의원,2013,27,-3,0,0.0,-3,-0.1111111111111111
전남,화순군,의원,2014,27,0,1,0.037037037037037035,1,0.037037037037037035
전남,화순군,의원,2015,27,0,0,0.0,0,0.0
전남,화순군,의원,2016,29,2,1,0.034482758620689655,3,0.10344827586206896
전남,화순군,의원,2017,27,-2,1,0.037037037037037035,-1,-0.037037037037037035
전남,화순군,의원,2018,30,3,0,0.0,3,0.1
전남,화순군,의원,2019,31,1,0,0.0,1,0.03225806451612903
전남,화순군,의원,2020,30,-1,2,0.06666666666666667,1,0.03333333333333333
전남,화순군,의원,2021,29,-1,0,0.0,-1,-0.034482758620689655
전남,화순군,의원,2022,29,0,0,0.0,0,0.0
전남,화순군,의원,2023,31,2,0,0.0,2,0.06451612903225806
전남,화순군,의원,2024,33,2,1,0.030303030303030304,3,0.09090909090909091
전남,화순군,의원,2025,32,-1,0,0.0,-1,-0.03125
전남,화순군,종합병원,2007,1,,0,0.0,,
전남,화순군,종합병원,2008,1,0,0,0.0,0,0.0
전남,화순군,종합병원,2009,1,0,0,0.0,0,0.0
전남,화순군,종합병원,2010,1,0,0,0.0,0,0.0
전남,화순군,종합병원,2011,1,0,0,0.0,0,0.0
전남,화순군,종합병원,2012,0,-1,0,,-1,
전남,화순군,종합병원,2013,0,0,0,,0,
전남,화순군,종합병원,2014,0,0,0,,0,
전남,화순군,종합병원,2015,0,0,0,,0,
전남,화순군,종합병원,2016,0,0,0,,0,
전남,화순군,종합병원,2017,0,0,0,,0,
전남,화순군,종합병원,2018,0,0,0,,0,
전남,화순군,종합병원,2019,0,0,0,,0,
전남,화순군,종합병원,2020,0,0,0,,0,
전남,화순군,종합병원,2021,0,0,0,,0,
전남,화순군,종합병원,2022,0,0,0,,0,
전남,화순군,종합병원,2023,0,0,0,,0,
전남,화순군,종합병원,2024,0,0,0,,0,
전남,화순군,종합병원,2025,0,0,0,,0,
전북,고창군,병원,2007,1,,0,0.0,,
전북,고창군,병원,2008,1,0,1,1.0,1,1.0
전북,고창군,병원,2009,1,0,0,0.0,0,0.0
전북,고창군,병원,2010,0,-1,0,,-1,
전북,고창군,병원,2011,1,1,0,0.0,1,1.0
전북,고창군,병원,2012,1,0,0,0.0,0,0.0
전북,고창군,병원,2013,1,0,1,1.0,1,1.0
전북,고창군,병원,2014,0,-1,0,,-1,
전북,고창군,병원,2015,0,0,0,,0,
전북,고창군,병원,2016,1,1,1,1.0,2,2.0
전북,고창군,병원,2017,1,0,1,1.0,1,1.0
전북,고창군,병원,2018,1,0,0,0.0,0,0.0
전북,고창군,병원,2019,1,0,0,0.0,0,0.0
전북,고창군,병원,2020,1,0,0,0.0,0,0.0
전북,고창군,병원,2021,1,0,0,0.0,0,0.0
전북,고창군,병원,2022,1,0,1,1.0,1,1.0
전북,고창군,병원,2023,1,0,1,1.0,1,1.0
전북,고창군,병원,2024,1,0,0,0.0,0,0.0
전북,고창군,병원,2025,1,0,0,0.0,0,0.0
전북,고창군,상급종합병원,2007,0,,0,,,
전북,고창군,상급종합병원,2008,0,0,0,,0,
전북,고창군,상급종합병원,2009,0,0,0,,0,
전북,고창군,상급종합병원,2010,0,0,0,,0,
전북,고창군,상급종합병원,2011,0,0,0,,0,
전북,고창군,상급종합병원,2012,0,0,0,,0,
전북,고창군,상급종합병원,2013,0,0,0,,0,
전북,고창군,상급종합병원,2014,0,0,0,,0,
전북,고창군,상급종합병원,2015,0,0,0,,0,
전북,고창군,상급종합병원,2016,0,0,0,,0,
전북,고창군,상급종합병원,2017,0,0,0,,0,
전북,고창군,상급종합병원,2018,0,0,0,,0,
전북,고창군,상급종합병원,2019,0,0,0,,0,
전북,고창군,상급종합병원,2020,0,0,0,,0,
전북,고창군,상급종합병원,2021,0,0,0,,0,
전북,고창군,상급종합병원,2022,0,0,0,,0,
전북,고창군,상급종합병원,2023,0,0,0,,0,
전북,고창군,상급종합병원,2024,0,0,0,,0,
전북,고창군,상급종합병원,2025,0,0,0,,0,
전북,고창군,의원,2007,27,,2,0.07407407407407407,,
전북,고창군,의원,2008,27,0,2,0.07407407407407407,2,0.07407407407407407
전북,고창군,의원,2009,30,3,2,0.06666666666666667,5,0.16666666666666666
전북,고창군,의원,2010,31,1,3,0.0967741935483871,4,0.12903225806451613
전북,고창군,의원,2011,31,0,3,0.0967741935483871,3,0.0967741935483871
전북,고창군,의원,2012,33,2,1,0.030303030303030304,3,0.09090909090909091
전북,고창군,의원,2013,33,0,1,0.030303030303030304,1,0.030303030303030304
전북,고창군,의원,2014,33,0,1,0.030303030303030304,1,0.030303030303030304
전북,고창군,의원,2015,32,-1,2,0.0625,1,0.03125
전북,고창군,의원,2016,31,-1,1,0.03225806451612903,0,0.0
전북,고창군,의원,2017,32,1,0,0.0,1,0.03125
전북,고창군,의원,2018,33,1,3,0.09090909090909091,4,0.12121212121212122
전북,고창군,의원,2019,31,-2,1,0.03225806451612903,-1,-0.03225806451612903
전북,고창군,의원,2020,31,0,0,0.0,0,0.0
전북,고창군,의원,2021,31,0,0,0.0,0,0.0
전북,고창군,의원,2022,30,-1,2,0.06666666666666667,1,0.03333333333333333
전북,고창군,의원,2023,30,0,2,0.06666666666666667,2,0.06666666666666667
전북,고창군,의원,2024,29,-1,1,0.034482758620689655,0,0.0
전북,고창군,의원,2025,28,-1,0,0.0,-1,-0.03571428571428571
전북,고창군,종합병원,2007,1,,0,0.0,,
전북,고창군,종합병원,2008,1,0,0,0.0,0,0.0
전북,고창군,종합병원,2009,1,0,0,0.0,0,0.0
전북,고창군,종합병원,2010,1,0,0,0.0,0,0.0
전북,고창군,종합병원,2011,1,0,0,0.0,0,0.0
전북,고창군,종합병원,2012,1,0,0,0.0,0,0.0
전북,고창군,종합병원,2013,1,0,0,0.0,0,0.0
전북,고창군,종합병원,2014,1,0,0,0.0,0,0.0
전북,고창군,종합병원,2015,1,0,0,0.0,0,0.0
전북,고창군,종합병원,2016,1,0,0,0.0,0,0.0
전북,고창군,종합병원,2017,1,0,0,0.0,0,0.0
전북,고창군,종합병원,2018,1,0,0,0.0,0,0.0
전북,고창군,종합병원,2019,1,0,0,0.0,0,0.0
전북,고창군,종합병원,2020,1,0,0,0.0,0,0.0
전북,고창군,종합병원,2021,1,0,0,0.0,0,0.0
전북,고창군,종합병원,2022,1,0,0,0.0,0,0.0
전북,고창군,종합병원,2023,1,0,0,0.0,0,0.0
전북,고창군,종합병원,2024,1,0,0,0.0,0,0.0
전북,고창군,종합병원,2025,1,0,0,0.0,0,0.0
전북,군산시,병원,2007,3,,1,0.3333333333333333,,
전북,군산시,병원,2008,2,-1,0,0.0,-1,-0.5
전북,군산시,병원,2009,3,1,0,0.0,1,0.3333333333333333
전북,군산시,병원,2010,4,1,1,0.25,2,0.5
전북,군산시,병원,2011,4,0,1,0.25,1,0.25
전북,군산시,병원,2012,6,2,0,0.0,2,0.3333333333333333
전북,군산시,병원,2013,6,0,0,0.0,0,0.0
전북,군산시,병원,2014,7,1,0,0.0,1,0.14285714285714285
전북,군산시,병원,2015,7,0,1,0.14285714285714285,1,0.14285714285714285
전북,군산시,병원,2016,8,1,0,0.0,1,0.125
전북,군산시,병원,2017,8,0,2,0.25,2,0.25
전북,군산시,병원,2018,5,-3,1,0.2,-2,-0.4
전북,군산시,병원,2019,6,1,0,0.0,1,0.16666666666666666
전북,군산시,병원,2020,6,0,0,0.0,0,0.0
전북,군산시,병원,2021,7,1,0,0.0,1,0.14285714285714285
전북,군산시,병원,2022,7,0,0,0.0,0,0.0
전북,군산시,병원,2023,7,0,0,0.0,0,0.0
전북,군산시,병원,2024,7,0,0,0.0,0,0.0
전북,군산시,병원,2025,7,0,0,0.0,0,0.0
전북,군산시,상급종합병원,2007,0,,0,,,
전북,군산시,상급종합병원,2008,0,0,0,,0,
전북,군산시,상급종합병원,2009,0,0,0,,0,
전북,군산시,상급종합병원,2010,0,0,0,,0,
전북,군산시,상급종합병원,2011,0,0,0,,0,
전북,군산시,상급종합병원,2012,0,0,0,,0,
전북,군산시,상급종합병원,2013,0,0,0,,0,
전북,군산시,상급종합병원,2014,0,0,0,,0,
전북,군산시,상급종합병원,2015,0,0,0,,0,
전북,군산시,상급종합병원,2016,0,0,0,,0,
전북,군산시,상급종합병원,2017,0,0,0,,0,
전북,군산시,상급종합병원,2018,0,0,0,,0,
전북,군산시,상급종합병원,2019,0,0,0,,0,
전북,군산시,상급종합병원,2020,0,0,0,,0,
전북,군산시,상급종합병원,2021,0,0,0,,0,
전북,군산시,상급종합병원,2022,0,0,0,,0,
전북,군산시,상급종합병원,2023,0,0,0,,0,
전북,군산시,상급종합병원,2024,0,0,0,,0,
전북,군산시,상급종합병원,2025,0,0,0,,0,
전북,군산시,의원,2007,142,,6,0.04225352112676056,,
전북,군산시,의원,2008,145,3,7,0.04827586206896552,10,0.06896551724137931
전북,군산시,의원,2009,146,1,4,0.0273972602739726,5,0.03424657534246575
전북,군산시,의원,2010,148,2,7,0.0472972972972973,9,0.060810810810810814
전북,군산시,의원,2011,155,7,18,0.11612903225806452,25,0.16129032258064516
전북,군산시,의원,2012,154,-1,8,0.05194805194805195,7,0.045454545454545456
전북,군산시,의원,2013,158,4,7,0.04430379746835443,11,0.06962025316455696
전북,군산시,의원,2014,155,-3,7,0.04516129032258064,4,0.025806451612903226
전북,군산시,의원,2015,156,1,9,0.057692307692307696,10,0.0641025641025641
전북,군산시,의원,2016,154,-2,5,0.032467532467532464,3,0.01948051948051948
전북,군산시,의원,2017,157,3,5,0.03184713375796178,8,0.050955414012738856
전북,군산시,의원,2018,161,4,5,0.031055900621118012,9,0.055900621118012424
전북,군산시,의원,2019,159,-2,2,0.012578616352201259,0,0.0
전북,군산시,의원,2020,159,0,2,0.012578616352201259,2,0.012578616352201259
전북,군산시,의원,2021,160,1,4,0.025,5,0.03125
전북,군산시,의원,2022,161,1,5,0.031055900621118012,6,0.037267080745341616
전북,군산시,의원,2023,162,1,5,0.030864197530864196,6,0.037037037037037035
전북,군산시,의원,2024,165,3,7,0.04242424242424243,10,0.06060606060606061
전북,군산시,의원,2025,169,4,4,0.023668639053254437,8,0.047337278106508875
전북,군산시,종합병원,2007,1,,0,0.0,,
전북,군산시,종합병원,2008,2,1,0,0.0,1,0.5
전북,군산시,종합병원,2009,2,0,0,0.0,0,0.0
전북,군산시,종합병원,2010,2,0,0,0.0,0,0.0
전북,군산시,종합병원,2011,2,0,0,0.0,0,0.0
전북,군산시,종합병원,2012,2,0,0,0.0,0,0.0
전북,군산시,종합병원,2013,2,0,0,0.0,0,0.0
전북,군산시,종합병원,2014,2,0,0,0.0,0,0.0
전북,군산시,종합병원,2015,2,0,0,0.0,0,0.0
전북,군산시,종합병원,2016,2,0,0,0.0,0,0.0
전북,군산시,종합병원,2017,2,0,0,0.0,0,0.0
전북,군산시,종합병원,2018,2,0,0,0.0,0,0.0
전북,군산시,종합병원,2019,2,0,0,0.0,0,0.0
전북,군산시,종합병원,2020,2,0,0,0.0,0,0.0
전북,군산시,종합병원,2021,2,0,0,0.0,0,0.0
전북,군산시,종합병원,2022,2,0,0,0.0,0,0.0
전북,군산시,종합병원,2023,2,0,0,0.0,0,0.0
전북,군산시,종합병원,2024,2,0,0,0.0,0,0.0
전북,군산시,종합병원,2025,2,0,0,0.0,0,0.0
전북,김제시,병원,2007,4,,0,0.0,,
전북,김제시,병원,2008,4,0,1,0.25,1,0.25
전북,김제시,병원,2009,3,-1,0,0.0,-1,-0.3333333333333333
전북,김제시,병원,2010,5,2,0,0.0,2,0.4
전북,김제시,병원,2011,6,1,0,0.0,1,0.16666666666666666
전북,김제시,병원,2012,8,2,2,0.25,4,0.5
전북,김제시,병원,2013,7,-1,2,0.2857142857142857,1,0.14285714285714285
전북,김제시,병원,2014,7,0,0,0.0,0,0.0
전북,김제시,병원,2015,8,1,2,0.25,3,0.375
전북,김제시,병원,2016,8,0,2,0.25,2,0.25
전북,김제시,병원,2017,8,0,0,0.0,0,0.0
전북,김제시,병원,2018,8,0,0,0.0,0,0.0
전북,김제시,병원,2019,9,1,1,0.1111111111111111,2,0.2222222222222222
전북,김제시,병원,2020,8,-1,0,0.0,-1,-0.125
전북,김제시,병원,2021,4,-4,4,1.0,0,0.0
전북,김제시,병원,2022,4,0,0,0.0,0,0.0
전북,김제시,병원,2023,4,0,0,0.0,0,0.0
전북,김제시,병원,2024,4,0,1,0.25,1,0.25
전북,김제시,병원,2025,3,-1,0,0.0,-1,-0.3333333333333333
전북,김제시,상급종합병원,2007,0,,0,,,
전북,김제시,상급종합병원,2008,0,0,0,,0,
전북,김제시,상급종합병원,2009,0,0,0,,0,
전북,김제시,상급종합병원,2010,0,0,0,,0,
전북,김제시,상급종합병원,2011,0,0,0,,0,
전북,김제시,상급종합병원,2012,0,0,0,,0,
전북,김제시,상급종합병원,2013,0,0,0,,0,
전북,김제시,상급종합병원,2014,0,0,0,,0,
전북,김제시,상급종합병원,2015,0,0,0,,0,
전북,김제시,상급종합병원,2016,0,0,0,,0,
전북,김제시,상급종합병원,2017,0,0,0,,0,
전북,김제시,상급종합병원,2018,0,0,0,,0,
전북,김제시,상급종합병원,2019,0,0,0,,0,
전북,김제시,상급종합병원,2020,0,0,0,,0,
전북,김제시,상급종합병원,2021,0,0,0,,0,
전북,김제시,상급종합병원,2022,0,0,0,,0,
전북,김제시,상급종합병원,2023,0,0,0,,0,
전북,김제시,상급종합병원,2024,0,0,0,,0,
전북,김제시,상급종합병원,2025,0,0,0,,0,
전북,김제시,의원,2007,49,,0,0.0,,
전북,김제시,의원,2008,50,1,3,0.06,4,0.08
전북,김제시,의원,2009,49,-1,1,0.02040816326530612,0,0.0
전북,김제시,의원,2010,50,1,4,0.08,5,0.1
전북,김제시,의원,2011,49,-1,1,0.02040816326530612,0,0.0
전북,김제시,의원,2012,52,3,2,0.038461538461538464,5,0.09615384615384616
전북,김제시,의원,2013,54,2,4,0.07407407407407407,6,0.1111111111111111
전북,김제시,의원,2014,53,-1,1,0.018867924528301886,0,0.0
전북,김제시,의원,2015,53,0,1,0.018867924528301886,1,0.018867924528301886
전북,김제시,의원,2016,53,0,3,0.05660377358490566,3,0.05660377358490566
전북,김제시,의원,2017,54,1,2,0.037037037037037035,3,0.05555555555555555
전북,김제시,의원,2018,52,-2,1,0.019230769230769232,-1,-0.019230769230769232
전북,김제시,의원,2019,52,0,4,0.07692307692307693,4,0.07692307692307693
전북,김제시,의원,2020,51,-1,0,0.0,-1,-0.0196078431372549
전북,김제시,의원,2021,53,2,0,0.0,2,0.03773584905660377
전북,김제시,의원,2022,53,0,0,0.0,0,0.0
전북,김제시,의원,2023,53,0,3,0.05660377358490566,3,0.05660377358490566
전북,김제시,의원,2024,51,-2,2,0.0392156862745098,0,0.0
전북,김제시,의원,2025,50,-1,2,0.04,1,0.02
전북,김제시,종합병원,2007,1,,0,0.0,,
전북,김제시,종합병원,2008,1,0,0,0.0,0,0.0
전북,김제시,종합병원,2009,1,0,0,0.0,0,0.0
전북,김제시,종합병원,2010,1,0,0,0.0,0,0.0
전북,김제시,종합병원,2011,1,0,0,0.0,0,0.0
전북,김제시,종합병원,2012,0,-1,1,,0,
전북,김제시,종합병원,2013,0,0,0,,0,
전북,김제시,종합병원,2014,0,0,0,,0,
전북,김제시,종합병원,2015,0,0,0,,0,
전북,김제시,종합병원,2016,0,0,0,,0,
전북,김제시,종합병원,2017,0,0,0,,0,
전북,김제시,종합병원,2018,0,0,0,,0,
전북,김제시,종합병원,2019,0,0,0,,0,
전북,김제시,종합병원,2020,0,0,0,,0,
전북,김제시,종합병원,2021,0,0,0,,0,
전북,김제시,종합병원,2022,0,0,0,,0,
전북,김제시,종합병원,2023,0,0,0,,0,
전북,김제시,종합병원,2024,0,0,0,,0,
전북,김제시,종합병원,2025,0,0,0,,0,
전북,남원시,병원,2007,3,,0,0.0,,
전북,남원시,병원,2008,3,0,0,0.0,0,0.0
전북,남원시,병원,2009,3,0,0,0.0,0,0.0
전북,남원시,병원,2010,3,0,1,0.3333333333333333,1,0.3333333333333333
전북,남원시,병원,2011,2,-1,0,0.0,-1,-0.5
전북,남원시,병원,2012,2,0,0,0.0,0,0.0
전북,남원시,병원,2013,2,0,0,0.0,0,0.0
전북,남원시,병원,2014,2,0,0,0.0,0,0.0
전북,남원시,병원,2015,2,0,0,0.0,0,0.0
전북,남원시,병원,2016,2,0,0,0.0,0,0.0
전북,남원시,병원,2017,2,0,0,0.0,0,0.0
전북,남원시,병원,2018,2,0,0,0.0,0,0.0
전북,남원시,병원,2019,2,0,0,0.0,0,0.0
전북,남원시,병원,2020,2,0,0,0.0,0,0.0
전북,남원시,병원,2021,1,-1,1,1.0,0,0.0
전북,남원시,병원,2022,1,0,0,0.0,0,0.0
전북,남원시,병원,2023,1,0,0,0.0,0,0.0
전북,남원시,병원,2024,1,0,0,0.0,0,0.0
전북,남원시,병원,2025,1,0,0,0.0,0,0.0
전북,남원시,상급종합병원,2007,0,,0,,,
전북,남원시,상급종합병원,2008,0,0,0,,0,
전북,남원시,상급종합병원,2009,0,0,0,,0,
전북,남원시,상급종합병원,2010,0,0,0,,0,
전북,남원시,상급종합병원,2011,0,0,0,,0,
전북,남원시,상급종합병원,2012,0,0,0,,0,
전북,남원시,상급종합병원,2013,0,0,0,,0,
전북,남원시,상급종합병원,2014,0,0,0,,0,
전북,남원시,상급종합병원,2015,0,0,0,,0,
전북,남원시,상급종합병원,2016,0,0,0,,0,
전북,남원시,상급종합병원,2017,0,0,0,,0,
전북,남원시,상급종합병원,2018,0,0,0,,0,
전북,남원시,상급종합병원,2019,0,0,0,,0,
전북,남원시,상급종합병원,2020,0,0,0,,0,
전북,남원시,상급종합병원,2021,0,0,0,,0,
전북,남원시,상급종합병원,2022,0,0,0,,0,
전북,남원시,상급종합병원,2023,0,0,0,,0,
전북,남원시,상급종합병원,2024,0,0,0,,0,
전북,남원시,상급종합병원,2025,0,0,0,,0,
전북,남원시,의원,2007,51,,1,0.0196078431372549,,
전북,남원시,의원,2008,50,-1,4,0.08,3,0.06
전북,남원시,의원,2009,55,5,0,0.0,5,0.09090909090909091
전북,남원시,의원,2010,56,1,3,0.05357142857142857,4,0.07142857142857142
전북,남원시,의원,2011,58,2,3,0.05172413793103448,5,0.08620689655172414
전북,남원시,의원,2012,57,-1,1,0.017543859649122806,0,0.0
전북,남원시,의원,2013,58,1,3,0.05172413793103448,4,0.06896551724137931
전북,남원시,의원,2014,59,1,3,0.05084745762711865,4,0.06779661016949153
전북,남원시,의원,2015,59,0,0,0.0,0,0.0
전북,남원시,의원,2016,58,-1,0,0.0,-1,-0.017241379310344827
전북,남원시,의원,2017,58,0,1,0.017241379310344827,1,0.017241379310344827
전북,남원시,의원,2018,58,0,2,0.034482758620689655,2,0.034482758620689655
전북,남원시,의원,2019,57,-1,0,0.0,-1,-0.017543859649122806
전북,남원시,의원,2020,58,1,0,0.0,1,0.017241379310344827
전북,남원시,의원,2021,59,1,2,0.03389830508474576,3,0.05084745762711865
전북,남원시,의원,2022,58,-1,0,0.0,-1,-0.017241379310344827
전북,남원시,의원,2023,57,-1,4,0.07017543859649122,3,0.05263157894736842
전북,남원시,의원,2024,55,-2,0,0.0,-2,-0.03636363636363636
전북,남원시,의원,2025,57,2,0,0.0,2,0.03508771929824561
전북,남원시,종합병원,2007,1,,0,0.0,,
전북,남원시,종합병원,2008,2,1,0,0.0,1,0.5
전북,남원시,종합병원,2009,2,0,0,0.0,0,0.0
전북,남원시,종합병원,2010,2,0,0,0.0,0,0.0
전북,남원시,종합병원,2011,2,0,0,0.0,0,0.0
전북,남원시,종합병원,2012,2,0,0,0.0,0,0.0
전북,남원시,종합병원,2013,2,0,0,0.0,0,0.0
전북,남원시,종합병원,2014,2,0,1,0.5,1,0.5
전북,남원시,종합병원,2015,2,0,0,0.0,0,0.0
전북,남원시,종합병원,2016,1,-1,0,0.0,-1,-1.0
전북,남원시,종합병원,2017,1,0,0,0.0,0,0.0
전북,남원시,종합병원,2018,1,0,0,0.0,0,0.0
전북,남원시,종합병원,2019,1,0,0,0.0,0,0.0
전북,남원시,종합병원,2020,1,0,0,0.0,0,0.0
전북,남원시,종합병원,2021,1,0,0,0.0,0,0.0
전북,남원시,종합병원,2022,1,0,0,0.0,0,0.0
전북,남원시,종합병원,2023,1,0,0,0.0,0,0.0
전북,남원시,종합병원,2024,1,0,0,0.0,0,0.0
전북,남원시,종합병원,2025,1,0,0,0.0,0,0.0
전북,무주군,병원,2007,0,,0,,,
전북,무주군,병원,2008,0,0,0,,0,
전북,무주군,병원,2009,0,0,0,,0,
전북,무주군,병원,2010,0,0,0,,0,
전북,무주군,병원,2011,0,0,0,,0,
전북,무주군,병원,2012,0,0,0,,0,
전북,무주군,병원,2013,0,0,0,,0,
전북,무주군,병원,2014,0,0,0,,0,
전북,무주군,병원,2015,0,0,0,,0,
전북,무주군,병원,2016,0,0,0,,0,
전북,무주군,병원,2017,0,0,0,,0,
전북,무주군,병원,2018,0,0,0,,0,
전북,무주군,병원,2019,0,0,0,,0,
전북,무주군,병원,2020,0,0,0,,0,
전북,무주군,병원,2021,0,0,0,,0,
전북,무주군,병원,2022,0,0,0,,0,
전북,무주군,병원,2023,0,0,0,,0,
전북,무주군,병원,2024,0,0,0,,0,
전북,무주군,병원,2025,0,0,0,,0,
전북,무주군,상급종합병원,2007,0,,0,,,
전북,무주군,상급종합병원,2008,0,0,0,,0,
전북,무주군,상급종합병원,2009,0,0,0,,0,
전북,무주군,상급종합병원,2010,0,0,0,,0,
전북,무주군,상급종합병원,2011,0,0,0,,0,
전북,무주군,상급종합병원,2012,0,0,0,,0,
전북,무주군,상급종합병원,2013,0,0,0,,0,
전북,무주군,상급종합병원,2014,0,0,0,,0,
전북,무주군,상급종합병원,2015,0,0,0,,0,
전북,무주군,상급종합병원,2016,0,0,0,,0,
전북,무주군,상급종합병원,2017,0,0,0,,0,
전북,무주군,상급종합병원,2018,0,0,0,,0,
전북,무주군,상급종합병원,2019,0,0,0,,0,
전북,무주군,상급종합병원,2020,0,0,0,,0,
전북,무주군,상급종합병원,2021,0,0,0,,0,
전북,무주군,상급종합병원,2022,0,0,0,,0,
전북,무주군,상급종합병원,2023,0,0,0,,0,
전북,무주군,상급종합병원,2024,0,0,0,,0,
전북,무주군,상급종합병원,2025,0,0,0,,0,
전북,무주군,의원,2007,10,,0,0.0,,
전북,무주군,의원,2008,10,0,0,0.0,0,0.0
전북,무주군,의원,2009,12,2,0,0.0,2,0.16666666666666666
전북,무주군,의원,2010,13,1,0,0.0,1,0.07692307692307693
전북,무주군,의원,2011,13,0,1,0.07692307692307693,1,0.07692307692307693
전북,무주군,의원,2012,13,0,0,0.0,0,0.0
전북,무주군,의원,2013,13,0,0,0.0,0,0.0
전북,무주군,의원,2014,12,-1,2,0.16666666666666666,1,0.08333333333333333
전북,무주군,의원,2015,13,1,0,0.0,1,0.07692307692307693
전북,무주군,의원,2016,12,-1,1,0.08333333333333333,0,0.0
전북,무주군,의원,2017,13,1,0,0.0,1,0.07692307692307693
전북,무주군,의원,2018,13,0,0,0.0,0,0.0
전북,무주군,의원,2019,13,0,1,0.07692307692307693,1,0.07692307692307693
전북,무주군,의원,2020,12,-1,1,0.08333333333333333,0,0.0
전북,무주군,의원,2021,11,-1,0,0.0,-1,-0.09090909090909091
전북,무주군,의원,2022,11,0,0,0.0,0,0.0
전북,무주군,의원,2023,11,0,0,0.0,0,0.0
전북,무주군,의원,2024,11,0,1,0.09090909090909091,1,0.09090909090909091
전북,무주군,의원,2025,10,-1,1,0.1,0,0.0
전북,무주군,종합병원,2007,0,,0,,,
전북,무주군,종합병원,2008,0,0,0,,0,
전북,무주군,종합병원,2009,0,0,0,,0,
전북,무주군,종합병원,2010,0,0,0,,0,
전북,무주군,종합병원,2011,0,0,0,,0,
전북,무주군,종합병원,2012,0,0,0,,0,
전북,무주군,종합병원,2013,0,0,0,,0,
전북,무주군,종합병원,2014,0,0,0,,0,
전북,무주군,종합병원,2015,0,0,0,,0,
전북,무주군,종합병원,2016,0,0,0,,0,
전북,무주군,종합병원,2017,0,0,0,,0,
전북,무주군,종합병원,2018,0,0,0,,0,
전북,무주군,종합병원,2019,0,0,0,,0,
전북,무주군,종합병원,2020,0,0,0,,0,
전북,무주군,종합병원,2021,0,0,0,,0,
전북,무주군,종합병원,2022,0,0,0,,0,
전북,무주군,종합병원,2023,0,0,0,,0,
전북,무주군,종합병원,2024,0,0,0,,0,
전북,무주군,종합병원,2025,0,0,0,,0,
전북,부안군,병원,2007,3,,1,0.3333333333333333,,
전북,부안군,병원,2008,1,-2,1,1.0,-1,-1.0
전북,부안군,병원,2009,2,1,0,0.0,1,0.5
전북,부안군,병원,2010,2,0,0,0.0,0,0.0
전북,부안군,병원,2011,2,0,0,0.0,0,0.0
전북,부안군,병원,2012,2,0,0,0.0,0,0.0
전북,부안군,병원,2013,2,0,0,0.0,0,0.0
전북,부안군,병원,2014,3,1,0,0.0,1,0.3333333333333333
전북,부안군,병원,2015,4,1,0,0.0,1,0.25
전북,부안군,병원,2016,5,1,0,0.0,1,0.2
전북,부안군,병원,2017,5,0,0,0.0,0,0.0
전북,부안군,병원,2018,5,0,1,0.2,1,0.2
전북,부안군,병원,2019,4,-1,0,0.0,-1,-0.25
전북,부안군,병원,2020,5,1,0,0.0,1,0.2
전북,부안군,병원,2021,4,-1,2,0.5,1,0.25
전북,부안군,병원,2022,4,0,0,0.0,0,0.0
전북,부안군,병원,2023,4,0,0,0.0,0,0.0
전북,부안군,병원,2024,4,0,1,0.25,1,0.25
전북,부안군,병원,2025,4,0,1,0.25,1,0.25
전북,부안군,상급종합병원,2007,0,,0,,,
전북,부안군,상급종합병원,2008,0,0,0,,0,
전북,부안군,상급종합병원,2009,0,0,0,,0,
전북,부안군,상급종합병원,2010,0,0,0,,0,
전북,부안군,상급종합병원,2011,0,0,0,,0,
전북,부안군,상급종합병원,2012,0,0,0,,0,
전북,부안군,상급종합병원,2013,0,0,0,,0,
전북,부안군,상급종합병원,2014,0,0,0,,0,
전북,부안군,상급종합병원,2015,0,0,0,,0,
전북,부안군,상급종합병원,2016,0,0,0,,0,
전북,부안군,상급종합병원,2017,0,0,0,,0,
전북,부안군,상급종합병원,2018,0,0,0,,0,
전북,부안군,상급종합병원,2019,0,0,0,,0,
전북,부안군,상급종합병원,2020,0,0,0,,0,
전북,부안군,상급종합병원,2021,0,0,0,,0,
전북,부안군,상급종합병원,2022,0,0,0,,0,
전북,부안군,상급종합병원,2023,0,0,0,,0,
전북,부안군,상급종합병원,2024,0,0,0,,0,
전북,부안군,상급종합병원,2025,0,0,0,,0,
전북,부안군,의원,2007,32,,0,0.0,,
전북,부안군,의원,2008,32,0,3,0.09375,3,0.09375
전북,부안군,의원,2009,32,0,3,0.09375,3,0.09375
전북,부안군,의원,2010,30,-2,1,0.03333333333333333,-1,-0.03333333333333333
전북,부안군,의원,2011,29,-1,1,0.034482758620689655,0,0.0
전북,부안군,의원,2012,30,1,2,0.06666666666666667,3,0.1
전북,부안군,의원,2013,29,-1,4,0.13793103448275862,3,0.10344827586206896
전북,부안군,의원,2014,27,-2,2,0.07407407407407407,0,0.0
전북,부안군,의원,2015,25,-2,0,0.0,-2,-0.08
전북,부안군,의원,2016,26,1,2,0.07692307692307693,3,0.11538461538461539
전북,부안군,의원,2017,27,1,0,0.0,1,0.037037037037037035
전북,부안군,의원,2018,27,0,2,0.07407407407407407,2,0.07407407407407407
전북,부안군,의원,2019,26,-1,0,0.0,-1,-0.038461538461538464
전북,부안군,의원,2020,25,-1,1,0.04,0,0.0
전북,부안군,의원,2021,25,0,2,0.08,2,0.08
전북,부안군,의원,2022,25,0,2,0.08,2,0.08
전북,부안군,의원,2023,25,0,1,0.04,1,0.04
전북,부안군,의원,2024,24,-1,1,0.041666666666666664,0,0.0
전북,부안군,의원,2025,25,1,2,0.08,3,0.12
전북,부안군,종합병원,2007,0,,0,,,
전북,부안군,종합병원,2008,1,1,0,0.0,1,1.0
전북,부안군,종합병원,2009,1,0,0,0.0,0,0.0
전북,부안군,종합병원,2010,1,0,0,0.0,0,0.0
전북,부안군,종합병원,2011,1,0,0,0.0,0,0.0
전북,부안군,종합병원,2012,1,0,1,1.0,1,1.0
전북,부안군,종합병원,2013,1,0,0,0.0,0,0.0
전북,부안군,종합병원,2014,1,0,0,0.0,0,0.0
전북,부안군,종합병원,2015,1,0,0,0.0,0,0.0
전북,부안군,종합병원,2016,1,0,1,1.0,1,1.0
전북,부안군,종합병원,2017,1,0,0,0.0,0,0.0
전북,부안군,종합병원,2018,1,0,1,1.0,1,1.0
전북,부안군,종합병원,2019,1,0,0,0.0,0,0.0
전북,부안군,종합병원,2020,1,0,0,0.0,0,0.0
전북,부안군,종합병원,2021,1,0,0,0.0,0,0.0
전북,부안군,종합병원,2022,1,0,0,0.0,0,0.0
전북,부안군,종합병원,2023,1,0,0,0.0,0,0.0
전북,부안군,종합병원,2024,1,0,0,0.0,0,0.0
전북,부안군,종합병원,2025,1,0,0,0.0,0,0.0
전북,순창군,병원,2007,0,,0,,,
전북,순창군,병원,2008,0,0,0,,0,
전북,순창군,병원,2009,0,0,0,,0,
전북,순창군,병원,2010,1,1,0,0.0,1,1.0
전북,순창군,병원,2011,1,0,0,0.0,0,0.0
전북,순창군,병원,2012,1,0,0,0.0,0,0.0
전북,순창군,병원,2013,1,0,0,0.0,0,0.0
전북,순창군,병원,2014,1,0,0,0.0,0,0.0
전북,순창군,병원,2015,1,0,0,0.0,0,0.0
전북,순창군,병원,2016,1,0,0,0.0,0,0.0
전북,순창군,병원,2017,1,0,0,0.0,0,0.0
전북,순창군,병원,2018,1,0,0,0.0,0,0.0
전북,순창군,병원,2019,1,0,0,0.0,0,0.0
전북,순창군,병원,2020,1,0,0,0.0,0,0.0
전북,순창군,병원,2021,1,0,0,0.0,0,0.0
전북,순창군,병원,2022,1,0,0,0.0,0,0.0
전북,순창군,병원,2023,1,0,0,0.0,0,0.0
전북,순창군,병원,2024,1,0,0,0.0,0,0.0
전북,순창군,병원,2025,1,0,0,0.0,0,0.0
전북,순창군,상급종합병원,2007,0,,0,,,
전북,순창군,상급종합병원,2008,0,0,0,,0,
전북,순창군,상급종합병원,2009,0,0,0,,0,
전북,순창군,상급종합병원,2010,0,0,0,,0,
전북,순창군,상급종합병원,2011,0,0,0,,0,
전북,순창군,상급종합병원,2012,0,0,0,,0,
전북,순창군,상급종합병원,2013,0,0,0,,0,
전북,순창군,상급종합병원,2014,0,0,0,,0,
전북,순창군,상급종합병원,2015,0,0,0,,0,
전북,순창군,상급종합병원,2016,0,0,0,,0,
전북,순창군,상급종합병원,2017,0,0,0,,0,
전북,순창군,상급종합병원,2018,0,0,0,,0,
전북,순창군,상급종합병원,2019,0,0,0,,0,
전북,순창군,상급종합병원,2020,0,0,0,,0,
전북,순창군,상급종합병원,2021,0,0,0,,0,
전북,순창군,상급종합병원,2022,0,0,0,,0,
전북,순창군,상급종합병원,2023,0,0,0,,0,
전북,순창군,상급종합병원,2024,0,0,0,,0,
전북,순창군,상급종합병원,2025,0,0,0,,0,
전북,순창군,의원,2007,16,,3,0.1875,,
전북,순창군,의원,2008,14,-2,1,0.07142857142857142,-1,-0.07142857142857142
전북,순창군,의원,2009,16,2,0,0.0,2,0.125
전북,순창군,의원,2010,16,0,0,0.0,0,0.0
전북,순창군,의원,2011,16,0,1,0.0625,1,0.0625
전북,순창군,의원,2012,16,0,1,0.0625,1,0.0625
전북,순창군,의원,2013,16,0,3,0.1875,3,0.1875
전북,순창군,의원,2014,14,-2,3,0.21428571428571427,1,0.07142857142857142
전북,순창군,의원,2015,15,1,0,0.0,1,0.06666666666666667
전북,순창군,의원,2016,17,2,2,0.11764705882352941,4,0.23529411764705882
전북,순창군,의원,2017,17,0,1,0.058823529411764705,1,0.058823529411764705
전북,순창군,의원,2018,15,-2,1,0.06666666666666667,-1,-0.06666666666666667
전북,순창군,의원,2019,16,1,0,0.0,1,0.0625
전북,순창군,의원,2020,17,1,0,0.0,1,0.058823529411764705
전북,순창군,의원,2021,17,0,1,0.058823529411764705,1,0.058823529411764705
전북,순창군,의원,2022,16,-1,1,0.0625,0,0.0
전북,순창군,의원,2023,15,-1,0,0.0,-1,-0.06666666666666667
전북,순창군,의원,2024,16,1,0,0.0,1,0.0625
전북,순창군,의원,2025,16,0,0,0.0,0,0.0
전북,순창군,종합병원,2007,0,,0,,,
전북,순창군,종합병원,2008,0,0,0,,0,
전북,순창군,종합병원,2009,0,0,0,,0,
전북,순창군,종합병원,2010,0,0,0,,0,
전북,순창군,종합병원,2011,0,0,0,,0,
전북,순창군,종합병원,2012,0,0,0,,0,
전북,순창군,종합병원,2013,0,0,0,,0,
전북,순창군,종합병원,2014,0,0,0,,0,
전북,순창군,종합병원,2015,0,0,0,,0,
전북,순창군,종합병원,2016,0,0,0,,0,
전북,순창군,종합병원,2017,0,0,0,,0,
전북,순창군,종합병원,2018,0,0,0,,0,
전북,순창군,종합병원,2019,0,0,0,,0,
전북,순창군,종합병원,2020,0,0,0,,0,
전북,순창군,종합병원,2021,0,0,0,,0,
전북,순창군,종합병원,2022,0,0,0,,0,
전북,순창군,종합병원,2023,0,0,0,,0,
전북,순창군,종합병원,2024,0,0,0,,0,
전북,순창군,종합병원,2025,0,0,0,,0,
전북,완주군,병원,2007,3,,1,0.3333333333333333,,
전북,완주군,병원,2008,4,1,0,0.0,1,0.25
전북,완주군,병원,2009,4,0,0,0.0,0,0.0
전북,완주군,병원,2010,4,0,2,0.5,2,0.5
전북,완주군,병원,2011,3,-1,3,1.0,2,0.6666666666666666
전북,완주군,병원,2012,4,1,2,0.5,3,0.75
전북,완주군,병원,2013,3,-1,0,0.0,-1,-0.3333333333333333
전북,완주군,병원,2014,3,0,0,0.0,0,0.0
전북,완주군,병원,2015,3,0,1,0.3333333333333333,1,0.3333333333333333
전북,완주군,병원,2016,3,0,0,0.0,0,0.0
전북,완주군,병원,2017,3,0,0,0.0,0,0.0
전북,완주군,병원,2018,4,1,0,0.0,1,0.25
전북,완주군,병원,2019,4,0,0,0.0,0,0.0
전북,완주군,병원,2020,4,0,0,0.0,0,0.0
전북,완주군,병원,2021,3,-1,2,0.6666666666666666,1,0.3333333333333333
전북,완주군,병원,2022,2,-1,0,0.0,-1,-0.5
전북,완주군,병원,2023,2,0,0,0.0,0,0.0
전북,완주군,병원,2024,2,0,1,0.5,1,0.5
전북,완주군,병원,2025,2,0,0,0.0,0,0.0
전북,완주군,상급종합병원,2007,0,,0,,,
전북,완주군,상급종합병원,2008,0,0,0,,0,
전북,완주군,상급종합병원,2009,0,0,0,,0,
전북,완주군,상급종합병원,2010,0,0,0,,0,
전북,완주군,상급종합병원,2011,0,0,0,,0,
전북,완주군,상급종합병원,2012,0,0,0,,0,
전북,완주군,상급종합병원,2013,0,0,0,,0,
전북,완주군,상급종합병원,2014,0,0,0,,0,
전북,완주군,상급종합병원,2015,0,0,0,,0,
전북,완주군,상급종합병원,2016,0,0,0,,0,
전북,완주군,상급종합병원,2017,0,0,0,,0,
전북,완주군,상급종합병원,2018,0,0,0,,0,
전북,완주군,상급종합병원,2019,0,0,0,,0,
전북,완주군,상급종합병원,2020,0,0,0,,0,
전북,완주군,상급종합병원,2021,0,0,0,,0,
전북,완주군,상급종합병원,2022,0,0,0,,0,
전북,완주군,상급종합병원,2023,0,0,0,,0,
전북,완주군,상급종합병원,2024,0,0,0,,0,
전북,완주군,상급종합병원,2025,0,0,0,,0,
전북,완주군,의원,2007,28,,0,0.0,,
전북,완주군,의원,2008,30,2,2,0.06666666666666667,4,0.13333333333333333
전북,완주군,의원,2009,30,0,1,0.03333333333333333,1,0.03333333333333333
전북,완주군,의원,2010,35,5,2,0.05714285714285714,7,0.2
전북,완주군,의원,2011,32,-3,2,0.0625,-1,-0.03125
전북,완주군,의원,2012,36,4,1,0.027777777777777776,5,0.1388888888888889
전북,완주군,의원,2013,36,0,2,0.05555555555555555,2,0.05555555555555555
전북,완주군,의원,2014,36,0,1,0.027777777777777776,1,0.027777777777777776
전북,완주군,의원,2015,40,4,2,0.05,6,0.15
전북,완주군,의원,2016,47,7,1,0.02127659574468085,8,0.1702127659574468
전북,완주군,의원,2017,50,3,1,0.02,4,0.08
전북,완주군,의원,2018,49,-1,3,0.061224489795918366,2,0.04081632653061224
전북,완주군,의원,2019,49,0,2,0.04081632653061224,2,0.04081632653061224
전북,완주군,의원,2020,51,2,2,0.0392156862745098,4,0.0784313725490196
전북,완주군,의원,2021,50,-1,2,0.04,1,0.02
전북,완주군,의원,2022,48,-2,0,0.0,-2,-0.041666666666666664
전북,완주군,의원,2023,50,2,2,0.04,4,0.08
전북,완주군,의원,2024,54,4,0,0.0,4,0.07407407407407407
전북,완주군,의원,2025,54,0,1,0.018518518518518517,1,0.018518518518518517
전북,완주군,종합병원,2007,0,,0,,,
전북,완주군,종합병원,2008,0,0,0,,0,
전북,완주군,종합병원,2009,0,0,0,,0,
전북,완주군,종합병원,2010,0,0,0,,0,
전북,완주군,종합병원,2011,0,0,0,,0,
전북,완주군,종합병원,2012,0,0,0,,0,
전북,완주군,종합병원,2013,0,0,0,,0,
전북,완주군,종합병원,2014,0,0,0,,0,
전북,완주군,종합병원,2015,0,0,0,,0,
전북,완주군,종합병원,2016,0,0,0,,0,
전북,완주군,종합병원,2017,0,0,0,,0,
전북,완주군,종합병원,2018,0,0,0,,0,
전북,완주군,종합병원,2019,0,0,0,,0,
전북,완주군,종합병원,2020,0,0,0,,0,
전북,완주군,종합병원,2021,0,0,0,,0,
전북,완주군,종합병원,2022,0,0,0,,0,
전북,완주군,종합병원,2023,0,0,0,,0,
전북,완주군,종합병원,2024,0,0,0,,0,
전북,완주군,종합병원,2025,0,0,0,,0,
전북,익산시,병원,2007,6,,3,0.5,,
전북,익산시,병원,2008,7,1,2,0.2857142857142857,3,0.42857142857142855
전북,익산시,병원,2009,8,1,0,0.0,1,0.125
전북,익산시,병원,2010,9,1,2,0.2222222222222222,3,0.3333333333333333
전북,익산시,병원,2011,8,-1,2,0.25,1,0.125
전북,익산시,병원,2012,7,-1,0,0.0,-1,-0.14285714285714285
전북,익산시,병원,2013,6,-1,1,0.16666666666666666,0,0.0
전북,익산시,병원,2014,7,1,0,0.0,1,0.14285714285714285
전북,익산시,병원,2015,6,-1,1,0.16666666666666666,0,0.0
전북,익산시,병원,2016,7,1,1,0.14285714285714285,2,0.2857142857142857
전북,익산시,병원,2017,7,0,0,0.0,0,0.0
전북,익산시,병원,2018,7,0,0,0.0,0,0.0
전북,익산시,병원,2019,7,0,2,0.2857142857142857,2,0.2857142857142857
전북,익산시,병원,2020,8,1,0,0.0,1,0.125
전북,익산시,병원,2021,8,0,0,0.0,0,0.0
전북,익산시,병원,2022,7,-1,1,0.14285714285714285,0,0.0
전북,익산시,병원,2023,7,0,1,0.14285714285714285,1,0.14285714285714285
전북,익산시,병원,2024,6,-1,0,0.0,-1,-0.16666666666666666
전북,익산시,병원,2025,6,0,0,0.0,0,0.0
전북,익산시,상급종합병원,2007,1,,0,0.0,,
전북,익산시,상급종합병원,2008,1,0,0,0.0,0,0.0
전북,익산시,상급종합병원,2009,1,0,0,0.0,0,0.0
전북,익산시,상급종합병원,2010,1,0,0,0.0,0,0.0
전북,익산시,상급종합병원,2011,1,0,0,0.0,0,0.0
전북,익산시,상급종합병원,2012,1,0,0,0.0,0,0.0
전북,익산시,상급종합병원,2013,1,0,0,0.0,0,0.0
전북,익산시,상급종합병원,2014,1,0,0,0.0,0,0.0
전북,익산시,상급종합병원,2015,1,0,0,0.0,0,0.0
전북,익산시,상급종합병원,2016,1,0,0,0.0,0,0.0
전북,익산시,상급종합병원,2017,1,0,0,0.0,0,0.0
전북,익산시,상급종합병원,2018,1,0,0,0.0,0,0.0
전북,익산시,상급종합병원,2019,1,0,0,0.0,0,0.0
전북,익산시,상급종합병원,2020,1,0,0,0.0,0,0.0
전북,익산시,상급종합병원,2021,1,0,0,0.0,0,0.0
전북,익산시,상급종합병원,2022,1,0,0,0.0,0,0.0
전북,익산시,상급종합병원,2023,1,0,0,0.0,0,0.0
전북,익산시,상급종합병원,2024,1,0,0,0.0,0,0.0
전북,익산시,상급종합병원,2025,1,0,0,0.0,0,0.0
전북,익산시,의원,2007,157,,6,0.03821656050955414,,
전북,익산시,의원,2008,158,1,10,0.06329113924050633,11,0.06962025316455696
전북,익산시,의원,2009,155,-3,9,0.05806451612903226,6,0.03870967741935484
전북,익산시,의원,2010,152,-3,5,0.03289473684210526,2,0.013157894736842105
전북,익산시,의원,2011,155,3,4,0.025806451612903226,7,0.04516129032258064
전북,익산시,의원,2012,156,1,3,0.019230769230769232,4,0.02564102564102564
전북,익산시,의원,2013,162,6,7,0.043209876543209874,13,0.08024691358024691
전북,익산시,의원,2014,159,-3,5,0.031446540880503145,2,0.012578616352201259
전북,익산시,의원,2015,159,0,3,0.018867924528301886,3,0.018867924528301886
전북,익산시,의원,2016,162,3,5,0.030864197530864196,8,0.04938271604938271
전북,익산시,의원,2017,168,6,4,0.023809523809523808,10,0.05952380952380952
전북,익산시,의원,2018,169,1,7,0.04142011834319527,8,0.047337278106508875
전북,익산시,의원,2019,170,1,3,0.01764705882352941,4,0.023529411764705882
전북,익산시,의원,2020,171,1,6,0.03508771929824561,7,0.04093567251461988
전북,익산시,의원,2021,170,-1,4,0.023529411764705882,3,0.01764705882352941
전북,익산시,의원,2022,170,0,2,0.011764705882352941,2,0.011764705882352941
전북,익산시,의원,2023,173,3,1,0.005780346820809248,4,0.023121387283236993
전북,익산시,의원,2024,177,4,4,0.022598870056497175,8,0.04519774011299435
전북,익산시,의원,2025,177,0,6,0.03389830508474576,6,0.03389830508474576
전북,익산시,종합병원,2007,1,,0,0.0,,
전북,익산시,종합병원,2008,1,0,0,0.0,0,0.0
전북,익산시,종합병원,2009,1,0,0,0.0,0,0.0
전북,익산시,종합병원,2010,1,0,0,0.0,0,0.0
전북,익산시,종합병원,2011,1,0,0,0.0,0,0.0
전북,익산시,종합병원,2012,1,0,0,0.0,0,0.0
전북,익산시,종합병원,2013,1,0,0,0.0,0,0.0
전북,익산시,종합병원,2014,1,0,0,0.0,0,0.0
전북,익산시,종합병원,2015,1,0,0,0.0,0,0.0
전북,익산시,종합병원,2016,1,0,0,0.0,0,0.0
전북,익산시,종합병원,2017,1,0,0,0.0,0,0.0
전북,익산시,종합병원,2018,1,0,0,0.0,0,0.0
전북,익산시,종합병원,2019,1,0,0,0.0,0,0.0
전북,익산시,종합병원,2020,1,0,0,0.0,0,0.0
전북,익산시,종합병원,2021,1,0,0,0.0,0,0.0
전북,익산시,종합병원,2022,1,0,0,0.0,0,0.0
전북,익산시,종합병원,2023,1,0,0,0.0,0,0.0
전북,익산시,종합병원,2024,1,0,0,0.0,0,0.0
전북,익산시,종합병원,2025,1,0,0,0.0,0,0.0
전북,임실군,병원,2007,0,,0,,,
전북,임실군,병원,2008,0,0,0,,0,
전북,임실군,병원,2009,1,1,0,0.0,1,1.0
전북,임실군,병원,2010,1,0,0,0.0,0,0.0
전북,임실군,병원,2011,1,0,0,0.0,0,0.0
전북,임실군,병원,2012,1,0,0,0.0,0,0.0
전북,임실군,병원,2013,1,0,0,0.0,0,0.0
전북,임실군,병원,2014,1,0,0,0.0,0,0.0
전북,임실군,병원,2015,1,0,0,0.0,0,0.0
전북,임실군,병원,2016,1,0,0,0.0,0,0.0
전북,임실군,병원,2017,1,0,0,0.0,0,0.0
전북,임실군,병원,2018,1,0,0,0.0,0,0.0
전북,임실군,병원,2019,1,0,0,0.0,0,0.0
전북,임실군,병원,2020,1,0,0,0.0,0,0.0
전북,임실군,병원,2021,1,0,0,0.0,0,0.0
전북,임실군,병원,2022,1,0,0,0.0,0,0.0
전북,임실군,병원,2023,1,0,0,0.0,0,0.0
전북,임실군,병원,2024,1,0,1,1.0,1,1.0
전북,임실군,병원,2025,0,-1,0,,-1,
전북,임실군,상급종합병원,2007,0,,0,,,
전북,임실군,상급종합병원,2008,0,0,0,,0,
전북,임실군,상급종합병원,2009,0,0,0,,0,
전북,임실군,상급종합병원,2010,0,0,0,,0,
전북,임실군,상급종합병원,2011,0,0,0,,0,
전북,임실군,상급종합병원,2012,0,0,0,,0,
전북,임실군,상급종합병원,2013,0,0,0,,0,
전북,임실군,상급종합병원,2014,0,0,0,,0,
전북,임실군,상급종합병원,2015,0,0,0,,0,
전북,임실군,상급종합병원,2016,0,0,0,,0,
전북,임실군,상급종합병원,2017,0,0,0,,0,
전북,임실군,상급종합병원,2018,0,0,0,,0,
전북,임실군,상급종합병원,2019,0,0,0,,0,
전북,임실군,상급종합병원,2020,0,0,0,,0,
전북,임실군,상급종합병원,2021,0,0,0,,0,
전북,임실군,상급종합병원,2022,0,0,0,,0,
전북,임실군,상급종합병원,2023,0,0,0,,0,
전북,임실군,상급종합병원,2024,0,0,0,,0,
전북,임실군,상급종합병원,2025,0,0,0,,0,
전북,임실군,의원,2007,15,,0,0.0,,
전북,임실군,의원,2008,15,0,4,0.26666666666666666,4,0.26666666666666666
전북,임실군,의원,2009,14,-1,1,0.07142857142857142,0,0.0
전북,임실군,의원,2010,13,-1,0,0.0,-1,-0.07692307692307693
전북,임실군,의원,2011,13,0,0,0.0,0,0.0
전북,임실군,의원,2012,14,1,0,0.0,1,0.07142857142857142
전북,임실군,의원,2013,14,0,0,0.0,0,0.0
전북,임실군,의원,2014,14,0,0,0.0,0,0.0
전북,임실군,의원,2015,14,0,0,0.0,0,0.0
전북,임실군,의원,2016,14,0,0,0.0,0,0.0
전북,임실군,의원,2017,14,0,1,0.07142857142857142,1,0.07142857142857142
전북,임실군,의원,2018,14,0,1,0.07142857142857142,1,0.07142857142857142
전북,임실군,의원,2019,15,1,1,0.06666666666666667,2,0.13333333333333333
전북,임실군,의원,2020,15,0,2,0.13333333333333333,2,0.13333333333333333
전북,임실군,의원,2021,15,0,0,0.0,0,0.0
전북,임실군,의원,2022,14,-1,1,0.07142857142857142,0,0.0
전북,임실군,의원,2023,14,0,0,0.0,0,0.0
전북,임실군,의원,2024,15,1,1,0.06666666666666667,2,0.13333333333333333
전북,임실군,의원,2025,14,-1,0,0.0,-1,-0.07142857142857142
전북,임실군,종합병원,2007,0,,0,,,
전북,임실군,종합병원,2008,0,0,0,,0,
전북,임실군,종합병원,2009,0,0,0,,0,
전북,임실군,종합병원,2010,0,0,0,,0,
전북,임실군,종합병원,2011,0,0,0,,0,
전북,임실군,종합병원,2012,0,0,0,,0,
전북,임실군,종합병원,2013,0,0,0,,0,
전북,임실군,종합병원,2014,0,0,0,,0,
전북,임실군,종합병원,2015,0,0,0,,0,
전북,임실군,종합병원,2016,0,0,0,,0,
전북,임실군,종합병원,2017,0,0,0,,0,
전북,임실군,종합병원,2018,0,0,0,,0,
전북,임실군,종합병원,2019,0,0,0,,0,
전북,임실군,종합병원,2020,0,0,0,,0,
전북,임실군,종합병원,2021,0,0,0,,0,
전북,임실군,종합병원,2022,0,0,0,,0,
전북,임실군,종합병원,2023,0,0,0,,0,
전북,임실군,종합병원,2024,0,0,0,,0,
전북,임실군,종합병원,2025,0,0,0,,0,
전북,장수군,병원,2007,0,,0,,,
전북,장수군,병원,2008,0,0,0,,0,
전북,장수군,병원,2009,0,0,0,,0,
전북,장수군,병원,2010,0,0,0,,0,
전북,장수군,병원,2011,0,0,0,,0,
전북,장수군,병원,2012,0,0,0,,0,
전북,장수군,병원,2013,0,0,0,,0,
전북,장수군,병원,2014,0,0,0,,0,
전북,장수군,병원,2015,0,0,0,,0,
전북,장수군,병원,2016,0,0,0,,0,
전북,장수군,병원,2017,0,0,0,,0,
전북,장수군,병원,2018,0,0,0,,0,
전북,장수군,병원,2019,0,0,0,,0,
전북,장수군,병원,2020,0,0,0,,0,
전북,장수군,병원,2021,0,0,0,,0,
전북,장수군,병원,2022,0,0,0,,0,
전북,장수군,병원,2023,0,0,0,,0,
전북,장수군,병원,2024,0,0,0,,0,
전북,장수군,병원,2025,0,0,0,,0,
전북,장수군,상급종합병원,2007,0,,0,,,
전북,장수군,상급종합병원,2008,0,0,0,,0,
전북,장수군,상급종합병원,2009,0,0,0,,0,
전북,장수군,상급종합병원,2010,0,0,0,,0,
전북,장수군,상급종합병원,2011,0,0,0,,0,
전북,장수군,상급종합병원,2012,0,0,0,,0,
전북,장수군,상급종합병원,2013,0,0,0,,0,
전북,장수군,상급종합병원,2014,0,0,0,,0,
전북,장수군,상급종합병원,2015,0,0,0,,0,
전북,장수군,상급종합병원,2016,0,0,0,,0,
전북,장수군,상급종합병원,2017,0,0,0,,0,
전북,장수군,상급종합병원,2018,0,0,0,,0,
전북,장수군,상급종합병원,2019,0,0,0,,0,
전북,장수군,상급종합병원,2020,0,0,0,,0,
전북,장수군,상급종합병원,2021,0,0,0,,0,
전북,장수군,상급종합병원,2022,0,0,0,,0,
전북,장수군,상급종합병원,2023,0,0,0,,0,
전북,장수군,상급종합병원,2024,0,0,0,,0,
전북,장수군,상급종합병원,2025,0,0,0,,0,
전북,장수군,의원,2007,9,,1,0.1111111111111111,,
전북,장수군,의원,2008,8,-1,0,0.0,-1,-0.125
전북,장수군,의원,2009,8,0,0,0.0,0,0.0
전북,장수군,의원,2010,8,0,0,0.0,0,0.0
전북,장수군,의원,2011,8,0,0,0.0,0,0.0
전북,장수군,의원,2012,8,0,0,0.0,0,0.0
전북,장수군,의원,2013,8,0,0,0.0,0,0.0
전북,장수군,의원,2014,8,0,0,0.0,0,0.0
전북,장수군,의원,2015,7,-1,1,0.14285714285714285,0,0.0
전북,장수군,의원,2016,8,1,0,0.0,1,0.125
전북,장수군,의원,2017,9,1,1,0.1111111111111111,2,0.2222222222222222
전북,장수군,의원,2018,9,0,1,0.1111111111111111,1,0.1111111111111111
전북,장수군,의원,2019,9,0,0,0.0,0,0.0
전북,장수군,의원,2020,8,-1,0,0.0,-1,-0.125
전북,장수군,의원,2021,8,0,0,0.0,0,0.0
전북,장수군,의원,2022,8,0,0,0.0,0,0.0
전북,장수군,의원,2023,8,0,0,0.0,0,0.0
전북,장수군,의원,2024,7,-1,0,0.0,-1,-0.14285714285714285
전북,장수군,의원,2025,7,0,0,0.0,0,0.0
전북,장수군,종합병원,2007,0,,0,,,
전북,장수군,종합병원,2008,0,0,0,,0,
전북,장수군,종합병원,2009,0,0,0,,0,
전북,장수군,종합병원,2010,0,0,0,,0,
전북,장수군,종합병원,2011,0,0,0,,0,
전북,장수군,종합병원,2012,0,0,0,,0,
전북,장수군,종합병원,2013,0,0,0,,0,
전북,장수군,종합병원,2014,0,0,0,,0,
전북,장수군,종합병원,2015,0,0,0,,0,
전북,장수군,종합병원,2016,0,0,0,,0,
전북,장수군,종합병원,2017,0,0,0,,0,
전북,장수군,종합병원,2018,0,0,0,,0,
전북,장수군,종합병원,2019,0,0,0,,0,
전북,장수군,종합병원,2020,0,0,0,,0,
전북,장수군,종합병원,2021,0,0,0,,0,
전북,장수군,종합병원,2022,0,0,0,,0,
전북,장수군,종합병원,2023,0,0,0,,0,
전북,장수군,종합병원,2024,0,0,0,,0,
전북,장수군,종합병원,2025,0,0,0,,0,
전북,전주시 덕진구,병원,2007,9,,0,0.0,,
전북,전주시 덕진구,병원,2008,12,3,1,0.08333333333333333,4,0.3333333333333333
전북,전주시 덕진구,병원,2009,12,0,0,0.0,0,0.0
전북,전주시 덕진구,병원,2010,12,0,0,0.0,0,0.0
전북,전주시 덕진구,병원,2011,12,0,2,0.16666666666666666,2,0.16666666666666666
전북,전주시 덕진구,병원,2012,11,-1,0,0.0,-1,-0.09090909090909091
전북,전주시 덕진구,병원,2013,12,1,1,0.08333333333333333,2,0.16666666666666666
전북,전주시 덕진구,병원,2014,12,0,1,0.08333333333333333,1,0.08333333333333333
전북,전주시 덕진구,병원,2015,11,-1,1,0.09090909090909091,0,0.0
전북,전주시 덕진구,병원,2016,9,-2,3,0.3333333333333333,1,0.1111111111111111
전북,전주시 덕진구,병원,2017,10,1,0,0.0,1,0.1
전북,전주시 덕진구,병원,2018,10,0,2,0.2,2,0.2
전북,전주시 덕진구,병원,2019,8,-2,1,0.125,-1,-0.125
전북,전주시 덕진구,병원,2020,6,-2,2,0.3333333333333333,0,0.0
전북,전주시 덕진구,병원,2021,5,-1,1,0.2,0,0.0
전북,전주시 덕진구,병원,2022,4,-1,0,0.0,-1,-0.25
전북,전주시 덕진구,병원,2023,4,0,0,0.0,0,0.0
전북,전주시 덕진구,병원,2024,5,1,0,0.0,1,0.2
전북,전주시 덕진구,병원,2025,5,0,0,0.0,0,0.0
전북,전주시 덕진구,상급종합병원,2007,1,,0,0.0,,
전북,전주시 덕진구,상급종합병원,2008,1,0,0,0.0,0,0.0
전북,전주시 덕진구,상급종합병원,2009,1,0,0,0.0,0,0.0
전북,전주시 덕진구,상급종합병원,2010,1,0,0,0.0,0,0.0
전북,전주시 덕진구,상급종합병원,2011,1,0,0,0.0,0,0.0
전북,전주시 덕진구,상급종합병원,2012,1,0,0,0.0,0,0.0
전북,전주시 덕진구,상급종합병원,2013,1,0,0,0.0,0,0.0
전북,전주시 덕진구,상급종합병원,2014,1,0,0,0.0,0,0.0
전북,전주시 덕진구,상급종합병원,2015,1,0,0,0.0,0,0.0
전북,전주시 덕진구,상급종합병원,2016,1,0,0,0.0,0,0.0
전북,전주시 덕진구,상급종합병원,2017,1,0,0,0.0,0,0.0
전북,전주시 덕진구,상급종합병원,2018,1,0,0,0.0,0,0.0
전북,전주시 덕진구,상급종합병원,2019,1,0,0,0.0,0,0.0
전북,전주시 덕진구,상급종합병원,2020,1,0,0,0.0,0,0.0
전북,전주시 덕진구,상급종합병원,2021,1,0,0,0.0,0,0.0
전북,전주시 덕진구,상급종합병원,2022,1,0,0,0.0,0,0.0
전북,전주시 덕진구,상급종합병원,2023,1,0,0,0.0,0,0.0
전북,전주시 덕진구,상급종합병원,2024,1,0,0,0.0,0,0.0
전북,전주시 덕진구,상급종합병원,2025,1,0,0,0.0,0,0.0
전북,전주시 덕진구,의원,2007,163,,7,0.04294478527607362,,
전북,전주시 덕진구,의원,2008,157,-6,2,0.012738853503184714,-4,-0.025477707006369428
전북,전주시 덕진구,의원,2009,165,8,5,0.030303030303030304,13,0.07878787878787878
전북,전주시 덕진구,의원,2010,173,8,5,0.028901734104046242,13,0.07514450867052024
전북,전주시 덕진구,의원,2011,176,3,6,0.03409090909090909,9,0.05113636363636364
전북,전주시 덕진구,의원,2012,178,2,8,0.0449438202247191,10,0.056179775280898875
전북,전주시 덕진구,의원,2013,180,2,10,0.05555555555555555,12,0.06666666666666667
전북,전주시 덕진구,의원,2014,177,-3,9,0.05084745762711865,6,0.03389830508474576
전북,전주시 덕진구,의원,2015,178,1,10,0.056179775280898875,11,0.06179775280898876
전북,전주시 덕진구,의원,2016,179,1,5,0.027932960893854747,6,0.0335195530726257
전북,전주시 덕진구,의원,2017,184,5,7,0.03804347826086957,12,0.06521739130434782
전북,전주시 덕진구,의원,2018,193,9,3,0.015544041450777202,12,0.06217616580310881
전북,전주시 덕진구,의원,2019,210,17,3,0.014285714285714285,20,0.09523809523809523
전북,전주시 덕진구,의원,2020,209,-1,8,0.03827751196172249,7,0.03349282296650718
전북,전주시 덕진구,의원,2021,215,6,1,0.004651162790697674,7,0.03255813953488372
전북,전주시 덕진구,의원,2022,225,10,3,0.013333333333333334,13,0.057777777777777775
전북,전주시 덕진구,의원,2023,230,5,4,0.017391304347826087,9,0.0391304347826087
전북,전주시 덕진구,의원,2024,234,4,2,0.008547008547008548,6,0.02564102564102564
전북,전주시 덕진구,의원,2025,235,1,2,0.00851063829787234,3,0.01276595744680851
전북,전주시 덕진구,종합병원,2007,1,,0,0.0,,
전북,전주시 덕진구,종합병원,2008,1,0,0,0.0,0,0.0
전북,전주시 덕진구,종합병원,2009,1,0,0,0.0,0,0.0
전북,전주시 덕진구,종합병원,2010,1,0,0,0.0,0,0.0
전북,전주시 덕진구,종합병원,2011,1,0,0,0.0,0,0.0
전북,전주시 덕진구,종합병원,2012,1,0,0,0.0,0,0.0
전북,전주시 덕진구,종합병원,2013,1,0,0,0.0,0,0.0
전북,전주시 덕진구,종합병원,2014,1,0,0,0.0,0,0.0
전북,전주시 덕진구,종합병원,2015,1,0,0,0.0,0,0.0
전북,전주시 덕진구,종합병원,2016,2,1,0,0.0,1,0.5
전북,전주시 덕진구,종합병원,2017,2,0,0,0.0,0,0.0
전북,전주시 덕진구,종합병원,2018,2,0,0,0.0,0,0.0
전북,전주시 덕진구,종합병원,2019,2,0,0,0.0,0,0.0
전북,전주시 덕진구,종합병원,2020,2,0,0,0.0,0,0.0
전북,전주시 덕진구,종합병원,2021,2,0,0,0.0,0,0.0
전북,전주시 덕진구,종합병원,2022,2,0,0,0.0,0,0.0
전북,전주시 덕진구,종합병원,2023,2,0,0,0.0,0,0.0
전북,전주시 덕진구,종합병원,2024,2,0,0,0.0,0,0.0
전북,전주시 덕진구,종합병원,2025,2,0,0,0.0,0,0.0
전북,전주시 완산구,병원,2007,11,,1,0.09090909090909091,,
전북,전주시 완산구,병원,2008,12,1,1,0.08333333333333333,2,0.16666666666666666
전북,전주시 완산구,병원,2009,14,2,1,0.07142857142857142,3,0.21428571428571427
전북,전주시 완산구,병원,2010,18,4,0,0.0,4,0.2222222222222222
전북,전주시 완산구,병원,2011,19,1,2,0.10526315789473684,3,0.15789473684210525
전북,전주시 완산구,병원,2012,21,2,2,0.09523809523809523,4,0.19047619047619047
전북,전주시 완산구,병원,2013,23,2,3,0.13043478260869565,5,0.21739130434782608
전북,전주시 완산구,병원,2014,27,4,4,0.14814814814814814,8,0.2962962962962963
전북,전주시 완산구,병원,2015,25,-2,0,0.0,-2,-0.08
전북,전주시 완산구,병원,2016,28,3,0,0.0,3,0.10714285714285714
전북,전주시 완산구,병원,2017,27,-1,4,0.14814814814814814,3,0.1111111111111111
전북,전주시 완산구,병원,2018,27,0,4,0.14814814814814814,4,0.14814814814814814
전북,전주시 완산구,병원,2019,28,1,4,0.14285714285714285,5,0.17857142857142858
전북,전주시 완산구,병원,2020,26,-2,2,0.07692307692307693,0,0.0
전북,전주시 완산구,병원,2021,25,-1,0,0.0,-1,-0.04
전북,전주시 완산구,병원,2022,25,0,3,0.12,3,0.12
전북,전주시 완산구,병원,2023,22,-3,2,0.09090909090909091,-1,-0.045454545454545456
전북,전주시 완산구,병원,2024,22,0,2,0.09090909090909091,2,0.09090909090909091
전북,전주시 완산구,병원,2025,20,-2,0,0.0,-2,-0.1
전북,전주시 완산구,상급종합병원,2007,0,,0,,,
전북,전주시 완산구,상급종합병원,2008,0,0,0,,0,
전북,전주시 완산구,상급종합병원,2009,0,0,0,,0,
전북,전주시 완산구,상급종합병원,2010,0,0,0,,0,
전북,전주시 완산구,상급종합병원,2011,0,0,0,,0,
전북,전주시 완산구,상급종합병원,2012,0,0,0,,0,
전북,전주시 완산구,상급종합병원,2013,0,0,0,,0,
전북,전주시 완산구,상급종합병원,2014,0,0,0,,0,
전북,전주시 완산구,상급종합병원,2015,0,0,0,,0,
전북,전주시 완산구,상급종합병원,2016,0,0,0,,0,
전북,전주시 완산구,상급종합병원,2017,0,0,0,,0,
전북,전주시 완산구,상급종합병원,2018,0,0,0,,0,
전북,전주시 완산구,상급종합병원,2019,0,0,0,,0,
전북,전주시 완산구,상급종합병원,2020,0,0,0,,0,
전북,전주시 완산구,상급종합병원,2021,0,0,0,,0,
전북,전주시 완산구,상급종합병원,2022,0,0,0,,0,
전북,전주시 완산구,상급종합병원,2023,0,0,0,,0,
전북,전주시 완산구,상급종합병원,2024,0,0,0,,0,
전북,전주시 완산구,상급종합병원,2025,0,0,0,,0,
전북,전주시 완산구,의원,2007,241,,20,0.08298755186721991,,
전북,전주시 완산구,의원,2008,237,-4,17,0.07172995780590717,13,0.05485232067510549
전북,전주시 완산구,의원,2009,234,-3,9,0.038461538461538464,6,0.02564102564102564
전북,전주시 완산구,의원,2010,232,-2,9,0.03879310344827586,7,0.03017241379310345
전북,전주시 완산구,의원,2011,243,11,11,0.04526748971193416,22,0.09053497942386832
전북,전주시 완산구,의원,2012,246,3,10,0.04065040650406504,13,0.052845528455284556
전북,전주시 완산구,의원,2013,243,-3,20,0.0823045267489712,17,0.06995884773662552
전북,전주시 완산구,의원,2014,253,10,14,0.05533596837944664,24,0.09486166007905138
전북,전주시 완산구,의원,2015,254,1,7,0.027559055118110236,8,0.031496062992125984
전북,전주시 완산구,의원,2016,260,6,14,0.05384615384615385,20,0.07692307692307693
전북,전주시 완산구,의원,2017,263,3,11,0.04182509505703422,14,0.053231939163498096
전북,전주시 완산구,의원,2018,267,4,6,0.02247191011235955,10,0.03745318352059925
전북,전주시 완산구,의원,2019,263,-4,11,0.04182509505703422,7,0.026615969581749048
전북,전주시 완산구,의원,2020,265,2,8,0.03018867924528302,10,0.03773584905660377
전북,전주시 완산구,의원,2021,276,11,10,0.036231884057971016,21,0.07608695652173914
전북,전주시 완산구,의원,2022,278,2,12,0.04316546762589928,14,0.050359712230215826
전북,전주시 완산구,의원,2023,291,13,6,0.020618556701030927,19,0.06529209621993128
전북,전주시 완산구,의원,2024,300,9,6,0.02,15,0.05
전북,전주시 완산구,의원,2025,302,2,7,0.023178807947019868,9,0.029801324503311258
전북,전주시 완산구,종합병원,2007,2,,1,0.5,,
전북,전주시 완산구,종합병원,2008,2,0,0,0.0,0,0.0
전북,전주시 완산구,종합병원,2009,2,0,0,0.0,0,0.0
전북,전주시 완산구,종합병원,2010,2,0,0,0.0,0,0.0
전북,전주시 완산구,종합병원,2011,2,0,0,0.0,0,0.0
전북,전주시 완산구,종합병원,2012,2,0,0,0.0,0,0.0
전북,전주시 완산구,종합병원,2013,2,0,0,0.0,0,0.0
전북,전주시 완산구,종합병원,2014,2,0,0,0.0,0,0.0
전북,전주시 완산구,종합병원,2015,2,0,0,0.0,0,0.0
전북,전주시 완산구,종합병원,2016,2,0,0,0.0,0,0.0
전북,전주시 완산구,종합병원,2017,2,0,0,0.0,0,0.0
전북,전주시 완산구,종합병원,2018,2,0,0,0.0,0,0.0
전북,전주시 완산구,종합병원,2019,2,0,0,0.0,0,0.0
전북,전주시 완산구,종합병원,2020,2,0,0,0.0,0,0.0
전북,전주시 완산구,종합병원,2021,2,0,0,0.0,0,0.0
전북,전주시 완산구,종합병원,2022,3,1,0,0.0,1,0.3333333333333333
전북,전주시 완산구,종합병원,2023,3,0,1,0.3333333333333333,1,0.3333333333333333
전북,전주시 완산구,종합병원,2024,2,-1,1,0.5,0,0.0
전북,전주시 완산구,종합병원,2025,2,0,0,0.0,0,0.0
전북,정읍시,병원,2007,5,,0,0.0,,
전북,정읍시,병원,2008,5,0,0,0.0,0,0.0
전북,정읍시,병원,2009,5,0,0,0.0,0,0.0
전북,정읍시,병원,2010,5,0,0,0.0,0,0.0
전북,정읍시,병원,2011,6,1,0,0.0,1,0.16666666666666666
전북,정읍시,병원,2012,6,0,0,0.0,0,0.0
전북,정읍시,병원,2013,6,0,0,0.0,0,0.0
전북,정읍시,병원,2014,6,0,0,0.0,0,0.0
전북,정읍시,병원,2015,6,0,2,0.3333333333333333,2,0.3333333333333333
전북,정읍시,병원,2016,5,-1,2,0.4,1,0.2
전북,정읍시,병원,2017,5,0,1,0.2,1,0.2
전북,정읍시,병원,2018,5,0,1,0.2,1,0.2
전북,정읍시,병원,2019,4,-1,0,0.0,-1,-0.25
전북,정읍시,병원,2020,4,0,0,0.0,0,0.0
전북,정읍시,병원,2021,4,0,1,0.25,1,0.25
전북,정읍시,병원,2022,3,-1,0,0.0,-1,-0.3333333333333333
전북,정읍시,병원,2023,4,1,0,0.0,1,0.25
전북,정읍시,병원,2024,4,0,0,0.0,0,0.0
전북,정읍시,병원,2025,4,0,1,0.25,1,0.25
전북,정읍시,상급종합병원,2007,0,,0,,,
전북,정읍시,상급종합병원,2008,0,0,0,,0,
전북,정읍시,상급종합병원,2009,0,0,0,,0,
전북,정읍시,상급종합병원,2010,0,0,0,,0,
전북,정읍시,상급종합병원,2011,0,0,0,,0,
전북,정읍시,상급종합병원,2012,0,0,0,,0,
전북,정읍시,상급종합병원,2013,0,0,0,,0,
전북,정읍시,상급종합병원,2014,0,0,0,,0,
전북,정읍시,상급종합병원,2015,0,0,0,,0,
전북,정읍시,상급종합병원,2016,0,0,0,,0,
전북,정읍시,상급종합병원,2017,0,0,0,,0,
전북,정읍시,상급종합병원,2018,0,0,0,,0,
전북,정읍시,상급종합병원,2019,0,0,0,,0,
전북,정읍시,상급종합병원,2020,0,0,0,,0,
전북,정읍시,상급종합병원,2021,0,0,0,,0,
전북,정읍시,상급종합병원,2022,0,0,0,,0,
전북,정읍시,상급종합병원,2023,0,0,0,,0,
전북,정읍시,상급종합병원,2024,0,0,0,,0,
전북,정읍시,상급종합병원,2025,0,0,0,,0,
전북,정읍시,의원,2007,72,,3,0.041666666666666664,,
전북,정읍시,의원,2008,73,1,5,0.0684931506849315,6,0.0821917808219178
전북,정읍시,의원,2009,70,-3,1,0.014285714285714285,-2,-0.02857142857142857
전북,정읍시,의원,2010,68,-2,3,0.04411764705882353,1,0.014705882352941176
전북,정읍시,의원,2011,71,3,6,0.08450704225352113,9,0.1267605633802817
전북,정읍시,의원,2012,71,0,3,0.04225352112676056,3,0.04225352112676056
전북,정읍시,의원,2013,72,1,3,0.041666666666666664,4,0.05555555555555555
전북,정읍시,의원,2014,71,-1,2,0.028169014084507043,1,0.014084507042253521
전북,정읍시,의원,2015,72,1,4,0.05555555555555555,5,0.06944444444444445
전북,정읍시,의원,2016,71,-1,2,0.028169014084507043,1,0.014084507042253521
전북,정읍시,의원,2017,74,3,0,0.0,3,0.04054054054054054
전북,정읍시,의원,2018,75,1,5,0.06666666666666667,6,0.08
전북,정읍시,의원,2019,76,1,2,0.02631578947368421,3,0.039473684210526314
전북,정읍시,의원,2020,76,0,4,0.05263157894736842,4,0.05263157894736842
전북,정읍시,의원,2021,77,1,0,0.0,1,0.012987012987012988
전북,정읍시,의원,2022,75,-2,6,0.08,4,0.05333333333333334
전북,정읍시,의원,2023,73,-2,2,0.0273972602739726,0,0.0
전북,정읍시,의원,2024,72,-1,0,0.0,-1,-0.013888888888888888
전북,정읍시,의원,2025,76,4,2,0.02631578947368421,6,0.07894736842105263
전북,정읍시,종합병원,2007,1,,0,0.0,,
전북,정읍시,종합병원,2008,1,0,0,0.0,0,0.0
전북,정읍시,종합병원,2009,1,0,0,0.0,0,0.0
전북,정읍시,종합병원,2010,1,0,0,0.0,0,0.0
전북,정읍시,종합병원,2011,1,0,0,0.0,0,0.0
전북,정읍시,종합병원,2012,1,0,0,0.0,0,0.0
전북,정읍시,종합병원,2013,1,0,0,0.0,0,0.0
전북,정읍시,종합병원,2014,1,0,0,0.0,0,0.0
전북,정읍시,종합병원,2015,1,0,0,0.0,0,0.0
전북,정읍시,종합병원,2016,1,0,0,0.0,0,0.0
전북,정읍시,종합병원,2017,1,0,0,0.0,0,0.0
전북,정읍시,종합병원,2018,1,0,0,0.0,0,0.0
전북,정읍시,종합병원,2019,1,0,0,0.0,0,0.0
전북,정읍시,종합병원,2020,1,0,0,0.0,0,0.0
전북,정읍시,종합병원,2021,1,0,0,0.0,0,0.0
전북,정읍시,종합병원,2022,1,0,0,0.0,0,0.0
전북,정읍시,종합병원,2023,1,0,0,0.0,0,0.0
전북,정읍시,종합병원,2024,1,0,0,0.0,0,0.0
전북,정읍시,종합병원,2025,1,0,0,0.0,0,0.0
전북,진안군,병원,2007,1,,0,0.0,,
전북,진안군,병원,2008,1,0,0,0.0,0,0.0
전북,진안군,병원,2009,1,0,0,0.0,0,0.0
전북,진안군,병원,2010,1,0,0,0.0,0,0.0
전북,진안군,병원,2011,1,0,0,0.0,0,0.0
전북,진안군,병원,2012,1,0,0,0.0,0,0.0
전북,진안군,병원,2013,1,0,0,0.0,0,0.0
전북,진안군,병원,2014,1,0,0,0.0,0,0.0
전북,진안군,병원,2015,1,0,0,0.0,0,0.0
전북,진안군,병원,2016,2,1,0,0.0,1,0.5
전북,진안군,병원,2017,2,0,0,0.0,0,0.0
전북,진안군,병원,2018,2,0,0,0.0,0,0.0
전북,진안군,병원,2019,2,0,0,0.0,0,0.0
전북,진안군,병원,2020,2,0,0,0.0,0,0.0
전북,진안군,병원,2021,2,0,0,0.0,0,0.0
전북,진안군,병원,2022,2,0,0,0.0,0,0.0
전북,진안군,병원,2023,2,0,0,0.0,0,0.0
전북,진안군,병원,2024,2,0,0,0.0,0,0.0
전북,진안군,병원,2025,2,0,0,0.0,0,0.0
전북,진안군,상급종합병원,2007,0,,0,,,
전북,진안군,상급종합병원,2008,0,0,0,,0,
전북,진안군,상급종합병원,2009,0,0,0,,0,
전북,진안군,상급종합병원,2010,0,0,0,,0,
전북,진안군,상급종합병원,2011,0,0,0,,0,
전북,진안군,상급종합병원,2012,0,0,0,,0,
전북,진안군,상급종합병원,2013,0,0,0,,0,
전북,진안군,상급종합병원,2014,0,0,0,,0,
전북,진안군,상급종합병원,2015,0,0,0,,0,
전북,진안군,상급종합병원,2016,0,0,0,,0,
전북,진안군,상급종합병원,2017,0,0,0,,0,
전북,진안군,상급종합병원,2018,0,0,0,,0,
전북,진안군,상급종합병원,2019,0,0,0,,0,
전북,진안군,상급종합병원,2020,0,0,0,,0,
전북,진안군,상급종합병원,2021,0,0,0,,0,
전북,진안군,상급종합병원,2022,0,0,0,,0,
전북,진안군,상급종합병원,2023,0,0,0,,0,
전북,진안군,상급종합병원,2024,0,0,0,,0,
전북,진안군,상급종합병원,2025,0,0,0,,0,
전북,진안군,의원,2007,11,,2,0.18181818181818182,,
전북,진안군,의원,2008,11,0,1,0.09090909090909091,1,0.09090909090909091
전북,진안군,의원,2009,12,1,1,0.08333333333333333,2,0.16666666666666666
전북,진안군,의원,2010,11,-1,0,0.0,-1,-0.09090909090909091
전북,진안군,의원,2011,12,1,1,0.08333333333333333,2,0.16666666666666666
전북,진안군,의원,2012,12,0,0,0.0,0,0.0
전북,진안군,의원,2013,13,1,0,0.0,1,0.07692307692307693
전북,진안군,의원,2014,13,0,0,0.0,0,0.0
전북,진안군,의원,2015,13,0,0,0.0,0,0.0
전북,진안군,의원,2016,12,-1,0,0.0,-1,-0.08333333333333333
전북,진안군,의원,2017,12,0,0,0.0,0,0.0
전북,진안군,의원,2018,11,-1,1,0.09090909090909091,0,0.0
전북,진안군,의원,2019,11,0,0,0.0,0,0.0
전북,진안군,의원,2020,11,0,0,0.0,0,0.0
전북,진안군,의원,2021,11,0,1,0.09090909090909091,1,0.09090909090909091
전북,진안군,의원,2022,10,-1,0,0.0,-1,-0.1
전북,진안군,의원,2023,10,0,0,0.0,0,0.0
전북,진안군,의원,2024,10,0,0,0.0,0,0.0
전북,진안군,의원,2025,10,0,1,0.1,1,0.1
전북,진안군,종합병원,2007,0,,0,,,
전북,진안군,종합병원,2008,0,0,0,,0,
전북,진안군,종합병원,2009,0,0,0,,0,
전북,진안군,종합병원,2010,0,0,0,,0,
전북,진안군,종합병원,2011,0,0,0,,0,
전북,진안군,종합병원,2012,0,0,0,,0,
전북,진안군,종합병원,2013,0,0,0,,0,
전북,진안군,종합병원,2014,0,0,0,,0,
전북,진안군,종합병원,2015,0,0,0,,0,
전북,진안군,종합병원,2016,0,0,0,,0,
전북,진안군,종합병원,2017,0,0,0,,0,
전북,진안군,종합병원,2018,0,0,0,,0,
전북,진안군,종합병원,2019,0,0,0,,0,
전북,진안군,종합병원,2020,0,0,0,,0,
전북,진안군,종합병원,2021,0,0,0,,0,
전북,진안군,종합병원,2022,0,0,0,,0,
전북,진안군,종합병원,2023,0,0,0,,0,
전북,진안군,종합병원,2024,0,0,0,,0,
전북,진안군,종합병원,2025,0,0,0,,0,
제주,서귀포시,병원,2007,1,,0,0.0,,
제주,서귀포시,병원,2008,1,0,0,0.0,0,0.0
제주,서귀포시,병원,2009,1,0,0,0.0,0,0.0
제주,서귀포시,병원,2010,1,0,0,0.0,0,0.0
제주,서귀포시,병원,2011,1,0,0,0.0,0,0.0
제주,서귀포시,병원,2012,1,0,0,0.0,0,0.0
제주,서귀포시,병원,2013,1,0,0,0.0,0,0.0
제주,서귀포시,병원,2014,2,1,0,0.0,1,0.5
제주,서귀포시,병원,2015,3,1,0,0.0,1,0.3333333333333333
제주,서귀포시,병원,2016,3,0,0,0.0,0,0.0
제주,서귀포시,병원,2017,3,0,0,0.0,0,0.0
제주,서귀포시,병원,2018,3,0,0,0.0,0,0.0
제주,서귀포시,병원,2019,3,0,0,0.0,0,0.0
제주,서귀포시,병원,2020,3,0,0,0.0,0,0.0
제주,서귀포시,병원,2021,3,0,0,0.0,0,0.0
제주,서귀포시,병원,2022,3,0,0,0.0,0,0.0
제주,서귀포시,병원,2023,3,0,0,0.0,0,0.0
제주,서귀포시,병원,2024,3,0,0,0.0,0,0.0
제주,서귀포시,병원,2025,3,0,0,0.0,0,0.0
제주,서귀포시,상급종합병원,2007,0,,0,,,
제주,서귀포시,상급종합병원,2008,0,0,0,,0,
제주,서귀포시,상급종합병원,2009,0,0,0,,0,
제주,서귀포시,상급종합병원,2010,0,0,0,,0,
제주,서귀포시,상급종합병원,2011,0,0,0,,0,
제주,서귀포시,상급종합병원,2012,0,0,0,,0,
제주,서귀포시,상급종합병원,2013,0,0,0,,0,
제주,서귀포시,상급종합병원,2014,0,0,0,,0,
제주,서귀포시,상급종합병원,2015,0,0,0,,0,
제주,서귀포시,상급종합병원,2016,0,0,0,,0,
제주,서귀포시,상급종합병원,2017,0,0,0,,0,
제주,서귀포시,상급종합병원,2018,0,0,0,,0,
제주,서귀포시,상급종합병원,2019,0,0,0,,0,
제주,서귀포시,상급종합병원,2020,0,0,0,,0,
제주,서귀포시,상급종합병원,2021,0,0,0,,0,
제주,서귀포시,상급종합병원,2022,0,0,0,,0,
제주,서귀포시,상급종합병원,2023,0,0,0,,0,
제주,서귀포시,상급종합병원,2024,0,0,0,,0,
제주,서귀포시,상급종합병원,2025,0,0,0,,0,
제주,서귀포시,의원,2007,67,,4,0.05970149253731343,,
제주,서귀포시,의원,2008,68,1,6,0.08823529411764706,7,0.10294117647058823
제주,서귀포시,의원,2009,67,-1,3,0.04477611940298507,2,0.029850746268656716
제주,서귀포시,의원,2010,69,2,0,0.0,2,0.028985507246376812
제주,서귀포시,의원,2011,73,4,5,0.0684931506849315,9,0.1232876712328767
제주,서귀포시,의원,2012,72,-1,3,0.041666666666666664,2,0.027777777777777776
제주,서귀포시,의원,2013,77,5,4,0.05194805194805195,9,0.11688311688311688
제주,서귀포시,의원,2014,78,1,3,0.038461538461538464,4,0.05128205128205128
제주,서귀포시,의원,2015,80,2,1,0.0125,3,0.0375
제주,서귀포시,의원,2016,89,9,2,0.02247191011235955,11,0.12359550561797752
제주,서귀포시,의원,2017,91,2,2,0.02197802197802198,4,0.04395604395604396
제주,서귀포시,의원,2018,98,7,2,0.02040816326530612,9,0.09183673469387756
제주,서귀포시,의원,2019,99,1,3,0.030303030303030304,4,0.04040404040404041
제주,서귀포시,의원,2020,105,6,4,0.0380952380952381,10,0.09523809523809523
제주,서귀포시,의원,2021,107,2,3,0.028037383177570093,5,0.04672897196261682
제주,서귀포시,의원,2022,107,0,1,0.009345794392523364,1,0.009345794392523364
제주,서귀포시,의원,2023,116,9,2,0.017241379310344827,11,0.09482758620689655
제주,서귀포시,의원,2024,120,4,5,0.041666666666666664,9,0.075
제주,서귀포시,의원,2025,123,3,0,0.0,3,0.024390243902439025
제주,서귀포시,종합병원,2007,1,,0,0.0,,
제주,서귀포시,종합병원,2008,1,0,0,0.0,0,0.0
제주,서귀포시,종합병원,2009,1,0,0,0.0,0,0.0
제주,서귀포시,종합병원,2010,1,0,0,0.0,0,0.0
제주,서귀포시,종합병원,2011,1,0,0,0.0,0,0.0
제주,서귀포시,종합병원,2012,1,0,0,0.0,0,0.0
제주,서귀포시,종합병원,2013,1,0,0,0.0,0,0.0
제주,서귀포시,종합병원,2014,1,0,0,0.0,0,0.0
제주,서귀포시,종합병원,2015,1,0,0,0.0,0,0.0
제주,서귀포시,종합병원,2016,1,0,0,0.0,0,0.0
제주,서귀포시,종합병원,2017,1,0,0,0.0,0,0.0
제주,서귀포시,종합병원,2018,1,0,0,0.0,0,0.0
제주,서귀포시,종합병원,2019,1,0,0,0.0,0,0.0
제주,서귀포시,종합병원,2020,1,0,0,0.0,0,0.0
제주,서귀포시,종합병원,2021,1,0,0,0.0,0,0.0
제주,서귀포시,종합병원,2022,1,0,0,0.0,0,0.0
제주,서귀포시,종합병원,2023,1,0,0,0.0,0,0.0
제주,서귀포시,종합병원,2024,1,0,0,0.0,0,0.0
제주,서귀포시,종합병원,2025,1,0,0,0.0,0,0.0
제주,제주시,병원,2007,2,,0,0.0,,
제주,제주시,병원,2008,3,1,2,0.6666666666666666,3,1.0
제주,제주시,병원,2009,4,1,1,0.25,2,0.5
제주,제주시,병원,2010,4,0,1,0.25,1,0.25
제주,제주시,병원,2011,4,0,0,0.0,0,0.0
제주,제주시,병원,2012,5,1,0,0.0,1,0.2
제주,제주시,병원,2013,4,-1,2,0.5,1,0.25
제주,제주시,병원,2014,4,0,0,0.0,0,0.0
제주,제주시,병원,2015,4,0,0,0.0,0,0.0
제주,제주시,병원,2016,5,1,0,0.0,1,0.2
제주,제주시,병원,2017,4,-1,0,0.0,-1,-0.25
제주,제주시,병원,2018,4,0,1,0.25,1,0.25
제주,제주시,병원,2019,4,0,0,0.0,0,0.0
제주,제주시,병원,2020,4,0,1,0.25,1,0.25
제주,제주시,병원,2021,4,0,0,0.0,0,0.0
제주,제주시,병원,2022,4,0,0,0.0,0,0.0
제주,제주시,병원,2023,5,1,0,0.0,1,0.2
제주,제주시,병원,2024,5,0,0,0.0,0,0.0
제주,제주시,병원,2025,5,0,0,0.0,0,0.0
제주,제주시,상급종합병원,2007,0,,0,,,
제주,제주시,상급종합병원,2008,0,0,0,,0,
제주,제주시,상급종합병원,2009,0,0,0,,0,
제주,제주시,상급종합병원,2010,0,0,0,,0,
제주,제주시,상급종합병원,2011,0,0,0,,0,
제주,제주시,상급종합병원,2012,0,0,0,,0,
제주,제주시,상급종합병원,2013,0,0,0,,0,
제주,제주시,상급종합병원,2014,0,0,0,,0,
제주,제주시,상급종합병원,2015,0,0,0,,0,
제주,제주시,상급종합병원,2016,0,0,0,,0,
제주,제주시,상급종합병원,2017,0,0,0,,0,
제주,제주시,상급종합병원,2018,0,0,0,,0,
제주,제주시,상급종합병원,2019,0,0,0,,0,
제주,제주시,상급종합병원,2020,0,0,0,,0,
제주,제주시,상급종합병원,2021,0,0,0,,0,
제주,제주시,상급종합병원,2022,0,0,0,,0,
제주,제주시,상급종합병원,2023,0,0,0,,0,
제주,제주시,상급종합병원,2024,0,0,0,,0,
제주,제주시,상급종합병원,2025,0,0,0,,0,
제주,제주시,의원,2007,230,,24,0.10434782608695652,,
제주,제주시,의원,2008,231,1,10,0.04329004329004329,11,0.047619047619047616
제주,제주시,의원,2009,226,-5,7,0.030973451327433628,2,0.008849557522123894
제주,제주시,의원,2010,232,6,4,0.017241379310344827,10,0.04310344827586207
제주,제주시,의원,2011,231,-1,8,0.03463203463203463,7,0.030303030303030304
제주,제주시,의원,2012,241,10,7,0.029045643153526972,17,0.07053941908713693
제주,제주시,의원,2013,250,9,12,0.048,21,0.084
제주,제주시,의원,2014,253,3,13,0.05138339920948617,16,0.06324110671936758
제주,제주시,의원,2015,266,13,12,0.045112781954887216,25,0.09398496240601503
제주,제주시,의원,2016,277,11,20,0.07220216606498195,31,0.11191335740072202
제주,제주시,의원,2017,294,17,7,0.023809523809523808,24,0.08163265306122448
제주,제주시,의원,2018,323,29,11,0.034055727554179564,40,0.1238390092879257
제주,제주시,의원,2019,336,13,11,0.03273809523809524,24,0.07142857142857142
제주,제주시,의원,2020,346,10,7,0.02023121387283237,17,0.049132947976878616
제주,제주시,의원,2021,350,4,9,0.025714285714285714,13,0.037142857142857144
제주,제주시,의원,2022,358,8,14,0.03910614525139665,22,0.061452513966480445
제주,제주시,의원,2023,368,10,9,0.024456521739130436,19,0.051630434782608696
제주,제주시,의원,2024,377,9,18,0.04774535809018567,27,0.07161803713527852
제주,제주시,의원,2025,381,4,14,0.03674540682414698,18,0.047244094488188976
제주,제주시,종합병원,2007,5,,0,0.0,,
제주,제주시,종합병원,2008,5,0,1,0.2,1,0.2
제주,제주시,종합병원,2009,5,0,0,0.0,0,0.0
제주,제주시,종합병원,2010,5,0,1,0.2,1,0.2
제주,제주시,종합병원,2011,5,0,0,0.0,0,0.0
제주,제주시,종합병원,2012,5,0,1,0.2,1,0.2
제주,제주시,종합병원,2013,6,1,0,0.0,1,0.16666666666666666
제주,제주시,종합병원,2014,6,0,0,0.0,0,0.0
제주,제주시,종합병원,2015,6,0,0,0.0,0,0.0
제주,제주시,종합병원,2016,5,-1,1,0.2,0,0.0
제주,제주시,종합병원,2017,5,0,0,0.0,0,0.0
제주,제주시,종합병원,2018,5,0,0,0.0,0,0.0
제주,제주시,종합병원,2019,5,0,0,0.0,0,0.0
제주,제주시,종합병원,2020,5,0,0,0.0,0,0.0
제주,제주시,종합병원,2021,5,0,0,0.0,0,0.0
제주,제주시,종합병원,2022,5,0,0,0.0,0,0.0
제주,제주시,종합병원,2023,5,0,1,0.2,1,0.2
제주,제주시,종합병원,2024,5,0,0,0.0,0,0.0
제주,제주시,종합병원,2025,5,0,0,0.0,0,0.0
충남,계룡시,병원,2007,1,,0,0.0,,
충남,계룡시,병원,2008,1,0,0,0.0,0,0.0
충남,계룡시,병원,2009,1,0,0,0.0,0,0.0
충남,계룡시,병원,2010,1,0,0,0.0,0,0.0
충남,계룡시,병원,2011,2,1,0,0.0,1,0.5
충남,계룡시,병원,2012,2,0,0,0.0,0,0.0
충남,계룡시,병원,2013,2,0,0,0.0,0,0.0
충남,계룡시,병원,2014,2,0,0,0.0,0,0.0
충남,계룡시,병원,2015,2,0,0,0.0,0,0.0
충남,계룡시,병원,2016,2,0,0,0.0,0,0.0
충남,계룡시,병원,2017,2,0,0,0.0,0,0.0
충남,계룡시,병원,2018,2,0,0,0.0,0,0.0
충남,계룡시,병원,2019,2,0,1,0.5,1,0.5
충남,계룡시,병원,2020,1,-1,0,0.0,-1,-1.0
충남,계룡시,병원,2021,1,0,0,0.0,0,0.0
충남,계룡시,병원,2022,1,0,0,0.0,0,0.0
충남,계룡시,병원,2023,1,0,0,0.0,0,0.0
충남,계룡시,병원,2024,1,0,0,0.0,0,0.0
충남,계룡시,병원,2025,1,0,0,0.0,0,0.0
충남,계룡시,상급종합병원,2007,0,,0,,,
충남,계룡시,상급종합병원,2008,0,0,0,,0,
충남,계룡시,상급종합병원,2009,0,0,0,,0,
충남,계룡시,상급종합병원,2010,0,0,0,,0,
충남,계룡시,상급종합병원,2011,0,0,0,,0,
충남,계룡시,상급종합병원,2012,0,0,0,,0,
충남,계룡시,상급종합병원,2013,0,0,0,,0,
충남,계룡시,상급종합병원,2014,0,0,0,,0,
충남,계룡시,상급종합병원,2015,0,0,0,,0,
충남,계룡시,상급종합병원,2016,0,0,0,,0,
충남,계룡시,상급종합병원,2017,0,0,0,,0,
충남,계룡시,상급종합병원,2018,0,0,0,,0,
충남,계룡시,상급종합병원,2019,0,0,0,,0,
충남,계룡시,상급종합병원,2020,0,0,0,,0,
충남,계룡시,상급종합병원,2021,0,0,0,,0,
충남,계룡시,상급종합병원,2022,0,0,0,,0,
충남,계룡시,상급종합병원,2023,0,0,0,,0,
충남,계룡시,상급종합병원,2024,0,0,0,,0,
충남,계룡시,상급종합병원,2025,0,0,0,,0,
충남,계룡시,의원,2007,15,,3,0.2,,
충남,계룡시,의원,2008,16,1,0,0.0,1,0.0625
충남,계룡시,의원,2009,16,0,2,0.125,2,0.125
충남,계룡시,의원,2010,16,0,1,0.0625,1,0.0625
충남,계룡시,의원,2011,16,0,0,0.0,0,0.0
충남,계룡시,의원,2012,17,1,0,0.0,1,0.058823529411764705
충남,계룡시,의원,2013,17,0,0,0.0,0,0.0
충남,계룡시,의원,2014,17,0,0,0.0,0,0.0
충남,계룡시,의원,2015,17,0,0,0.0,0,0.0
충남,계룡시,의원,2016,17,0,0,0.0,0,0.0
충남,계룡시,의원,2017,17,0,1,0.058823529411764705,1,0.058823529411764705
충남,계룡시,의원,2018,17,0,2,0.11764705882352941,2,0.11764705882352941
충남,계룡시,의원,2019,17,0,0,0.0,0,0.0
충남,계룡시,의원,2020,18,1,0,0.0,1,0.05555555555555555
충남,계룡시,의원,2021,20,2,0,0.0,2,0.1
충남,계룡시,의원,2022,20,0,1,0.05,1,0.05
충남,계룡시,의원,2023,21,1,1,0.047619047619047616,2,0.09523809523809523
충남,계룡시,의원,2024,23,2,1,0.043478260869565216,3,0.13043478260869565
충남,계룡시,의원,2025,23,0,0,0.0,0,0.0
충남,계룡시,종합병원,2007,0,,0,,,
충남,계룡시,종합병원,2008,0,0,0,,0,
충남,계룡시,종합병원,2009,0,0,0,,0,
충남,계룡시,종합병원,2010,0,0,0,,0,
충남,계룡시,종합병원,2011,0,0,0,,0,
충남,계룡시,종합병원,2012,0,0,0,,0,
충남,계룡시,종합병원,2013,0,0,0,,0,
충남,계룡시,종합병원,2014,0,0,0,,0,
충남,계룡시,종합병원,2015,0,0,0,,0,
충남,계룡시,종합병원,2016,0,0,0,,0,
충남,계룡시,종합병원,2017,0,0,0,,0,
충남,계룡시,종합병원,2018,0,0,0,,0,
충남,계룡시,종합병원,2019,0,0,0,,0,
충남,계룡시,종합병원,2020,0,0,0,,0,
충남,계룡시,종합병원,2021,0,0,0,,0,
충남,계룡시,종합병원,2022,0,0,0,,0,
충남,계룡시,종합병원,2023,0,0,0,,0,
충남,계룡시,종합병원,2024,0,0,0,,0,
충남,계룡시,종합병원,2025,0,0,0,,0,
충남,금산군,병원,2007,2,,1,0.5,,
충남,금산군,병원,2008,2,0,0,0.0,0,0.0
충남,금산군,병원,2009,2,0,0,0.0,0,0.0
충남,금산군,병원,2010,2,0,0,0.0,0,0.0
충남,금산군,병원,2011,2,0,0,0.0,0,0.0
충남,금산군,병원,2012,2,0,0,0.0,0,0.0
충남,금산군,병원,2013,2,0,1,0.5,1,0.5
충남,금산군,병원,2014,1,-1,0,0.0,-1,-1.0
충남,금산군,병원,2015,1,0,0,0.0,0,0.0
충남,금산군,병원,2016,1,0,0,0.0,0,0.0
충남,금산군,병원,2017,1,0,0,0.0,0,0.0
충남,금산군,병원,2018,1,0,0,0.0,0,0.0
충남,금산군,병원,2019,1,0,0,0.0,0,0.0
충남,금산군,병원,2020,1,0,0,0.0,0,0.0
충남,금산군,병원,2021,1,0,0,0.0,0,0.0
충남,금산군,병원,2022,1,0,0,0.0,0,0.0
충남,금산군,병원,2023,1,0,0,0.0,0,0.0
충남,금산군,병원,2024,1,0,0,0.0,0,0.0
충남,금산군,병원,2025,1,0,0,0.0,0,0.0
충남,금산군,상급종합병원,2007,0,,0,,,
충남,금산군,상급종합병원,2008,0,0,0,,0,
충남,금산군,상급종합병원,2009,0,0,0,,0,
충남,금산군,상급종합병원,2010,0,0,0,,0,
충남,금산군,상급종합병원,2011,0,0,0,,0,
충남,금산군,상급종합병원,2012,0,0,0,,0,
충남,금산군,상급종합병원,2013,0,0,0,,0,
충남,금산군,상급종합병원,2014,0,0,0,,0,
충남,금산군,상급종합병원,2015,0,0,0,,0,
충남,금산군,상급종합병원,2016,0,0,0,,0,
충남,금산군,상급종합병원,2017,0,0,0,,0,
충남,금산군,상급종합병원,2018,0,0,0,,0,
충남,금산군,상급종합병원,2019,0,0,0,,0,
충남,금산군,상급종합병원,2020,0,0,0,,0,
충남,금산군,상급종합병원,2021,0,0,0,,0,
충남,금산군,상급종합병원,2022,0,0,0,,0,
충남,금산군,상급종합병원,2023,0,0,0,,0,
충남,금산군,상급종합병원,2024,0,0,0,,0,
충남,금산군,상급종합병원,2025,0,0,0,,0,
충남,금산군,의원,2007,32,,3,0.09375,,
충남,금산군,의원,2008,33,1,2,0.06060606060606061,3,0.09090909090909091
충남,금산군,의원,2009,31,-2,1,0.03225806451612903,-1,-0.03225806451612903
충남,금산군,의원,2010,32,1,0,0.0,1,0.03125
충남,금산군,의원,2011,34,2,2,0.058823529411764705,4,0.11764705882352941
충남,금산군,의원,2012,33,-1,3,0.09090909090909091,2,0.06060606060606061
충남,금산군,의원,2013,34,1,2,0.058823529411764705,3,0.08823529411764706
충남,금산군,의원,2014,34,0,2,0.058823529411764705,2,0.058823529411764705
충남,금산군,의원,2015,35,1,3,0.08571428571428572,4,0.11428571428571428
충남,금산군,의원,2016,36,1,2,0.05555555555555555,3,0.08333333333333333
충남,금산군,의원,2017,36,0,1,0.027777777777777776,1,0.027777777777777776
충남,금산군,의원,2018,35,-1,2,0.05714285714285714,1,0.02857142857142857
충남,금산군,의원,2019,34,-1,1,0.029411764705882353,0,0.0
충남,금산군,의원,2020,34,0,0,0.0,0,0.0
충남,금산군,의원,2021,35,1,0,0.0,1,0.02857142857142857
충남,금산군,의원,2022,35,0,1,0.02857142857142857,1,0.02857142857142857
충남,금산군,의원,2023,34,-1,0,0.0,-1,-0.029411764705882353
충남,금산군,의원,2024,34,0,0,0.0,0,0.0
충남,금산군,의원,2025,35,1,1,0.02857142857142857,2,0.05714285714285714
충남,금산군,종합병원,2007,0,,0,,,
충남,금산군,종합병원,2008,0,0,0,,0,
충남,금산군,종합병원,2009,0,0,0,,0,
충남,금산군,종합병원,2010,0,0,0,,0,
충남,금산군,종합병원,2011,0,0,0,,0,
충남,금산군,종합병원,2012,0,0,0,,0,
충남,금산군,종합병원,2013,0,0,0,,0,
충남,금산군,종합병원,2014,0,0,0,,0,
충남,금산군,종합병원,2015,0,0,0,,0,
충남,금산군,종합병원,2016,0,0,0,,0,
충남,금산군,종합병원,2017,0,0,0,,0,
충남,금산군,종합병원,2018,0,0,0,,0,
충남,금산군,종합병원,2019,0,0,0,,0,
충남,금산군,종합병원,2020,0,0,0,,0,
충남,금산군,종합병원,2021,0,0,0,,0,
충남,금산군,종합병원,2022,0,0,0,,0,
충남,금산군,종합병원,2023,0,0,0,,0,
충남,금산군,종합병원,2024,0,0,0,,0,
충남,금산군,종합병원,2025,0,0,0,,0,
충남,논산시,병원,2007,1,,0,0.0,,
충남,논산시,병원,2008,1,0,0,0.0,0,0.0
충남,논산시,병원,2009,1,0,0,0.0,0,0.0
충남,논산시,병원,2010,2,1,0,0.0,1,0.5
충남,논산시,병원,2011,2,0,0,0.0,0,0.0
충남,논산시,병원,2012,2,0,0,0.0,0,0.0
충남,논산시,병원,2013,2,0,0,0.0,0,0.0
충남,논산시,병원,2014,2,0,0,0.0,0,0.0
충남,논산시,병원,2015,3,1,0,0.0,1,0.3333333333333333
충남,논산시,병원,2016,3,0,1,0.3333333333333333,1,0.3333333333333333
충남,논산시,병원,2017,2,-1,0,0.0,-1,-0.5
충남,논산시,병원,2018,2,0,0,0.0,0,0.0
충남,논산시,병원,2019,2,0,0,0.0,0,0.0
충남,논산시,병원,2020,2,0,0,0.0,0,0.0
충남,논산시,병원,2021,2,0,0,0.0,0,0.0
충남,논산시,병원,2022,2,0,0,0.0,0,0.0
충남,논산시,병원,2023,2,0,0,0.0,0,0.0
충남,논산시,병원,2024,2,0,0,0.0,0,0.0
충남,논산시,병원,2025,2,0,0,0.0,0,0.0
충남,논산시,상급종합병원,2007,0,,0,,,
충남,논산시,상급종합병원,2008,0,0,0,,0,
충남,논산시,상급종합병원,2009,0,0,0,,0,
충남,논산시,상급종합병원,2010,0,0,0,,0,
충남,논산시,상급종합병원,2011,0,0,0,,0,
충남,논산시,상급종합병원,2012,0,0,0,,0,
충남,논산시,상급종합병원,2013,0,0,0,,0,
충남,논산시,상급종합병원,2014,0,0,0,,0,
충남,논산시,상급종합병원,2015,0,0,0,,0,
충남,논산시,상급종합병원,2016,0,0,0,,0,
충남,논산시,상급종합병원,2017,0,0,0,,0,
충남,논산시,상급종합병원,2018,0,0,0,,0,
충남,논산시,상급종합병원,2019,0,0,0,,0,
충남,논산시,상급종합병원,2020,0,0,0,,0,
충남,논산시,상급종합병원,2021,0,0,0,,0,
충남,논산시,상급종합병원,2022,0,0,0,,0,
충남,논산시,상급종합병원,2023,0,0,0,,0,
충남,논산시,상급종합병원,2024,0,0,0,,0,
충남,논산시,상급종합병원,2025,0,0,0,,0,
충남,논산시,의원,2007,81,,2,0.024691358024691357,,
충남,논산시,의원,2008,80,-1,9,0.1125,8,0.1
충남,논산시,의원,2009,76,-4,1,0.013157894736842105,-3,-0.039473684210526314
충남,논산시,의원,2010,77,1,1,0.012987012987012988,2,0.025974025974025976
충남,논산시,의원,2011,78,1,1,0.01282051282051282,2,0.02564102564102564
충남,논산시,의원,2012,78,0,1,0.01282051282051282,1,0.01282051282051282
충남,논산시,의원,2013,79,1,3,0.0379746835443038,4,0.05063291139240506
충남,논산시,의원,2014,77,-2,4,0.05194805194805195,2,0.025974025974025976
충남,논산시,의원,2015,76,-1,0,0.0,-1,-0.013157894736842105
충남,논산시,의원,2016,78,2,0,0.0,2,0.02564102564102564
충남,논산시,의원,2017,79,1,2,0.02531645569620253,3,0.0379746835443038
충남,논산시,의원,2018,80,1,7,0.0875,8,0.1
충남,논산시,의원,2019,80,0,3,0.0375,3,0.0375
충남,논산시,의원,2020,75,-5,3,0.04,-2,-0.02666666666666667
충남,논산시,의원,2021,77,2,2,0.025974025974025976,4,0.05194805194805195
충남,논산시,의원,2022,77,0,1,0.012987012987012988,1,0.012987012987012988
충남,논산시,의원,2023,78,1,3,0.038461538461538464,4,0.05128205128205128
충남,논산시,의원,2024,75,-3,3,0.04,0,0.0
충남,논산시,의원,2025,75,0,3,0.04,3,0.04
충남,논산시,종합병원,2007,1,,0,0.0,,
충남,논산시,종합병원,2008,1,0,0,0.0,0,0.0
충남,논산시,종합병원,2009,1,0,0,0.0,0,0.0
충남,논산시,종합병원,2010,1,0,0,0.0,0,0.0
충남,논산시,종합병원,2011,1,0,0,0.0,0,0.0
충남,논산시,종합병원,2012,1,0,0,0.0,0,0.0
충남,논산시,종합병원,2013,1,0,0,0.0,0,0.0
충남,논산시,종합병원,2014,1,0,0,0.0,0,0.0
충남,논산시,종합병원,2015,1,0,0,0.0,0,0.0
충남,논산시,종합병원,2016,1,0,0,0.0,0,0.0
충남,논산시,종합병원,2017,1,0,0,0.0,0,0.0
충남,논산시,종합병원,2018,1,0,0,0.0,0,0.0
충남,논산시,종합병원,2019,1,0,0,0.0,0,0.0
충남,논산시,종합병원,2020,1,0,0,0.0,0,0.0
충남,논산시,종합병원,2021,1,0,0,0.0,0,0.0
충남,논산시,종합병원,2022,1,0,0,0.0,0,0.0
충남,논산시,종합병원,2023,1,0,0,0.0,0,0.0
충남,논산시,종합병원,2024,1,0,0,0.0,0,0.0
충남,논산시,종합병원,2025,1,0,0,0.0,0,0.0
충남,당진시,병원,2007,4,,0,0.0,,
충남,당진시,병원,2008,4,0,2,0.5,2,0.5
충남,당진시,병원,2009,5,1,1,0.2,2,0.4
충남,당진시,병원,2010,5,0,1,0.2,1,0.2
충남,당진시,병원,2011,5,0,1,0.2,1,0.2
충남,당진시,병원,2012,4,-1,3,0.75,2,0.5
충남,당진시,병원,2013,3,-1,1,0.3333333333333333,0,0.0
충남,당진시,병원,2014,4,1,1,0.25,2,0.5
충남,당진시,병원,2015,5,1,1,0.2,2,0.4
충남,당진시,병원,2016,4,-1,0,0.0,-1,-0.25
충남,당진시,병원,2017,4,0,0,0.0,0,0.0
충남,당진시,병원,2018,4,0,2,0.5,2,0.5
충남,당진시,병원,2019,3,-1,1,0.3333333333333333,0,0.0
충남,당진시,병원,2020,4,1,0,0.0,1,0.25
충남,당진시,병원,2021,4,0,0,0.0,0,0.0
충남,당진시,병원,2022,4,0,0,0.0,0,0.0
충남,당진시,병원,2023,4,0,0,0.0,0,0.0
충남,당진시,병원,2024,4,0,0,0.0,0,0.0
충남,당진시,병원,2025,4,0,0,0.0,0,0.0
충남,당진시,상급종합병원,2007,0,,0,,,
충남,당진시,상급종합병원,2008,0,0,0,,0,
충남,당진시,상급종합병원,2009,0,0,0,,0,
충남,당진시,상급종합병원,2010,0,0,0,,0,
충남,당진시,상급종합병원,2011,0,0,0,,0,
충남,당진시,상급종합병원,2012,0,0,0,,0,
충남,당진시,상급종합병원,2013,0,0,0,,0,
충남,당진시,상급종합병원,2014,0,0,0,,0,
충남,당진시,상급종합병원,2015,0,0,0,,0,
충남,당진시,상급종합병원,2016,0,0,0,,0,
충남,당진시,상급종합병원,2017,0,0,0,,0,
충남,당진시,상급종합병원,2018,0,0,0,,0,
충남,당진시,상급종합병원,2019,0,0,0,,0,
충남,당진시,상급종합병원,2020,0,0,0,,0,
충남,당진시,상급종합병원,2021,0,0,0,,0,
충남,당진시,상급종합병원,2022,0,0,0,,0,
충남,당진시,상급종합병원,2023,0,0,0,,0,
충남,당진시,상급종합병원,2024,0,0,0,,0,
충남,당진시,상급종합병원,2025,0,0,0,,0,
충남,당진시,의원,2007,55,,6,0.10909090909090909,,
충남,당진시,의원,2008,57,2,2,0.03508771929824561,4,0.07017543859649122
충남,당진시,의원,2009,63,6,1,0.015873015873015872,7,0.1111111111111111
충남,당진시,의원,2010,67,4,3,0.04477611940298507,7,0.1044776119402985
충남,당진시,의원,2011,69,2,4,0.057971014492753624,6,0.08695652173913043
충남,당진시,의원,2012,71,2,3,0.04225352112676056,5,0.07042253521126761
충남,당진시,의원,2013,77,6,1,0.012987012987012988,7,0.09090909090909091
충남,당진시,의원,2014,77,0,4,0.05194805194805195,4,0.05194805194805195
충남,당진시,의원,2015,79,2,5,0.06329113924050633,7,0.08860759493670886
충남,당진시,의원,2016,79,0,4,0.05063291139240506,4,0.05063291139240506
충남,당진시,의원,2017,80,1,4,0.05,5,0.0625
충남,당진시,의원,2018,81,1,2,0.024691358024691357,3,0.037037037037037035
충남,당진시,의원,2019,79,-2,3,0.0379746835443038,1,0.012658227848101266
충남,당진시,의원,2020,81,2,3,0.037037037037037035,5,0.06172839506172839
충남,당진시,의원,2021,77,-4,5,0.06493506493506493,1,0.012987012987012988
충남,당진시,의원,2022,77,0,1,0.012987012987012988,1,0.012987012987012988
충남,당진시,의원,2023,79,2,2,0.02531645569620253,4,0.05063291139240506
충남,당진시,의원,2024,81,2,3,0.037037037037037035,5,0.06172839506172839
충남,당진시,의원,2025,82,1,4,0.04878048780487805,5,0.06097560975609756
충남,당진시,종합병원,2007,0,,0,,,
충남,당진시,종합병원,2008,0,0,0,,0,
충남,당진시,종합병원,2009,0,0,0,,0,
충남,당진시,종합병원,2010,0,0,0,,0,
충남,당진시,종합병원,2011,0,0,0,,0,
충남,당진시,종합병원,2012,1,1,0,0.0,1,1.0
충남,당진시,종합병원,2013,1,0,0,0.0,0,0.0
충남,당진시,종합병원,2014,1,0,0,0.0,0,0.0
충남,당진시,종합병원,2015,1,0,1,1.0,1,1.0
충남,당진시,종합병원,2016,1,0,0,0.0,0,0.0
충남,당진시,종합병원,2017,1,0,0,0.0,0,0.0
충남,당진시,종합병원,2018,1,0,0,0.0,0,0.0
충남,당진시,종합병원,2019,1,0,0,0.0,0,0.0
충남,당진시,종합병원,2020,1,0,0,0.0,0,0.0
충남,당진시,종합병원,2021,1,0,0,0.0,0,0.0
충남,당진시,종합병원,2022,1,0,0,0.0,0,0.0
충남,당진시,종합병원,2023,1,0,0,0.0,0,0.0
충남,당진시,종합병원,2024,1,0,0,0.0,0,0.0
충남,당진시,종합병원,2025,1,0,0,0.0,0,0.0
충남,보령시,병원,2007,2,,0,0.0,,
충남,보령시,병원,2008,3,1,3,1.0,4,1.3333333333333333
충남,보령시,병원,2009,3,0,0,0.0,0,0.0
충남,보령시,병원,2010,4,1,1,0.25,2,0.5
충남,보령시,병원,2011,4,0,1,0.25,1,0.25
충남,보령시,병원,2012,4,0,0,0.0,0,0.0
충남,보령시,병원,2013,4,0,0,0.0,0,0.0
충남,보령시,병원,2014,4,0,1,0.25,1,0.25
충남,보령시,병원,2015,4,0,0,0.0,0,0.0
충남,보령시,병원,2016,4,0,0,0.0,0,0.0
충남,보령시,병원,2017,3,-1,1,0.3333333333333333,0,0.0
충남,보령시,병원,2018,2,-1,1,0.5,0,0.0
충남,보령시,병원,2019,1,-1,0,0.0,-1,-1.0
충남,보령시,병원,2020,2,1,0,0.0,1,0.5
충남,보령시,병원,2021,2,0,0,0.0,0,0.0
충남,보령시,병원,2022,2,0,0,0.0,0,0.0
충남,보령시,병원,2023,2,0,0,0.0,0,0.0
충남,보령시,병원,2024,2,0,0,0.0,0,0.0
충남,보령시,병원,2025,2,0,1,0.5,1,0.5
충남,보령시,상급종합병원,2007,0,,0,,,
충남,보령시,상급종합병원,2008,0,0,0,,0,
충남,보령시,상급종합병원,2009,0,0,0,,0,
충남,보령시,상급종합병원,2010,0,0,0,,0,
충남,보령시,상급종합병원,2011,0,0,0,,0,
충남,보령시,상급종합병원,2012,0,0,0,,0,
충남,보령시,상급종합병원,2013,0,0,0,,0,
충남,보령시,상급종합병원,2014,0,0,0,,0,
충남,보령시,상급종합병원,2015,0,0,0,,0,
충남,보령시,상급종합병원,2016,0,0,0,,0,
충남,보령시,상급종합병원,2017,0,0,0,,0,
충남,보령시,상급종합병원,2018,0,0,0,,0,
충남,보령시,상급종합병원,2019,0,0,0,,0,
충남,보령시,상급종합병원,2020,0,0,0,,0,
충남,보령시,상급종합병원,2021,0,0,0,,0,
충남,보령시,상급종합병원,2022,0,0,0,,0,
충남,보령시,상급종합병원,2023,0,0,0,,0,
충남,보령시,상급종합병원,2024,0,0,0,,0,
충남,보령시,상급종합병원,2025,0,0,0,,0,
충남,보령시,의원,2007,53,,8,0.1509433962264151,,
충남,보령시,의원,2008,50,-3,6,0.12,3,0.06
충남,보령시,의원,2009,47,-3,5,0.10638297872340426,2,0.0425531914893617
충남,보령시,의원,2010,51,4,1,0.0196078431372549,5,0.09803921568627451
충남,보령시,의원,2011,54,3,3,0.05555555555555555,6,0.1111111111111111
충남,보령시,의원,2012,55,1,5,0.09090909090909091,6,0.10909090909090909
충남,보령시,의원,2013,57,2,3,0.05263157894736842,5,0.08771929824561403
충남,보령시,의원,2014,56,-1,4,0.07142857142857142,3,0.05357142857142857
충남,보령시,의원,2015,55,-1,2,0.03636363636363636,1,0.01818181818181818
충남,보령시,의원,2016,54,-1,2,0.037037037037037035,1,0.018518518518518517
충남,보령시,의원,2017,55,1,0,0.0,1,0.01818181818181818
충남,보령시,의원,2018,53,-2,2,0.03773584905660377,0,0.0
충남,보령시,의원,2019,54,1,1,0.018518518518518517,2,0.037037037037037035
충남,보령시,의원,2020,56,2,2,0.03571428571428571,4,0.07142857142857142
충남,보령시,의원,2021,55,-1,4,0.07272727272727272,3,0.05454545454545454
충남,보령시,의원,2022,55,0,3,0.05454545454545454,3,0.05454545454545454
충남,보령시,의원,2023,55,0,2,0.03636363636363636,2,0.03636363636363636
충남,보령시,의원,2024,56,1,0,0.0,1,0.017857142857142856
충남,보령시,의원,2025,56,0,0,0.0,0,0.0
충남,보령시,종합병원,2007,1,,0,0.0,,
충남,보령시,종합병원,2008,1,0,0,0.0,0,0.0
충남,보령시,종합병원,2009,1,0,0,0.0,0,0.0
충남,보령시,종합병원,2010,1,0,0,0.0,0,0.0
충남,보령시,종합병원,2011,1,0,0,0.0,0,0.0
충남,보령시,종합병원,2012,1,0,0,0.0,0,0.0
충남,보령시,종합병원,2013,1,0,0,0.0,0,0.0
충남,보령시,종합병원,2014,1,0,0,0.0,0,0.0
충남,보령시,종합병원,2015,1,0,0,0.0,0,0.0
충남,보령시,종합병원,2016,1,0,0,0.0,0,0.0
충남,보령시,종합병원,2017,1,0,0,0.0,0,0.0
충남,보령시,종합병원,2018,1,0,0,0.0,0,0.0
충남,보령시,종합병원,2019,1,0,0,0.0,0,0.0
충남,보령시,종합병원,2020,1,0,0,0.0,0,0.0
충남,보령시,종합병원,2021,1,0,0,0.0,0,0.0
충남,보령시,종합병원,2022,1,0,0,0.0,0,0.0
충남,보령시,종합병원,2023,1,0,0,0.0,0,0.0
충남,보령시,종합병원,2024,1,0,0,0.0,0,0.0
충남,보령시,종합병원,2025,1,0,0,0.0,0,0.0
충남,부여군,병원,2007,4,,2,0.5,,
충남,부여군,병원,2008,4,0,1,0.25,1,0.25
충남,부여군,병원,2009,4,0,2,0.5,2,0.5
충남,부여군,병원,2010,4,0,1,0.25,1,0.25
충남,부여군,병원,2011,4,0,0,0.0,0,0.0
충남,부여군,병원,2012,4,0,0,0.0,0,0.0
충남,부여군,병원,2013,4,0,0,0.0,0,0.0
충남,부여군,병원,2014,4,0,1,0.25,1,0.25
충남,부여군,병원,2015,3,-1,0,0.0,-1,-0.3333333333333333
충남,부여군,병원,2016,3,0,0,0.0,0,0.0
충남,부여군,병원,2017,2,-1,0,0.0,-1,-0.5
충남,부여군,병원,2018,2,0,0,0.0,0,0.0
충남,부여군,병원,2019,1,-1,1,1.0,0,0.0
충남,부여군,병원,2020,1,0,0,0.0,0,0.0
충남,부여군,병원,2021,1,0,0,0.0,0,0.0
충남,부여군,병원,2022,1,0,0,0.0,0,0.0
충남,부여군,병원,2023,1,0,0,0.0,0,0.0
충남,부여군,병원,2024,1,0,0,0.0,0,0.0
충남,부여군,병원,2025,1,0,0,0.0,0,0.0
충남,부여군,상급종합병원,2007,0,,0,,,
충남,부여군,상급종합병원,2008,0,0,0,,0,
충남,부여군,상급종합병원,2009,0,0,0,,0,
충남,부여군,상급종합병원,2010,0,0,0,,0,
충남,부여군,상급종합병원,2011,0,0,0,,0,
충남,부여군,상급종합병원,2012,0,0,0,,0,
충남,부여군,상급종합병원,2013,0,0,0,,0,
충남,부여군,상급종합병원,2014,0,0,0,,0,
충남,부여군,상급종합병원,2015,0,0,0,,0,
충남,부여군,상급종합병원,2016,0,0,0,,0,
충남,부여군,상급종합병원,2017,0,0,0,,0,
충남,부여군,상급종합병원,2018,0,0,0,,0,
충남,부여군,상급종합병원,2019,0,0,0,,0,
충남,부여군,상급종합병원,2020,0,0,0,,0,
충남,부여군,상급종합병원,2021,0,0,0,,0,
충남,부여군,상급종합병원,2022,0,0,0,,0,
충남,부여군,상급종합병원,2023,0,0,0,,0,
충남,부여군,상급종합병원,2024,0,0,0,,0,
충남,부여군,상급종합병원,2025,0,0,0,,0,
충남,부여군,의원,2007,36,,6,0.16666666666666666,,
충남,부여군,의원,2008,33,-3,4,0.12121212121212122,1,0.030303030303030304
충남,부여군,의원,2009,33,0,1,0.030303030303030304,1,0.030303030303030304
충남,부여군,의원,2010,34,1,1,0.029411764705882353,2,0.058823529411764705
충남,부여군,의원,2011,34,0,4,0.11764705882352941,4,0.11764705882352941
충남,부여군,의원,2012,35,1,2,0.05714285714285714,3,0.08571428571428572
충남,부여군,의원,2013,34,-1,2,0.058823529411764705,1,0.029411764705882353
충남,부여군,의원,2014,32,-2,1,0.03125,-1,-0.03125
충남,부여군,의원,2015,31,-1,2,0.06451612903225806,1,0.03225806451612903
충남,부여군,의원,2016,31,0,1,0.03225806451612903,1,0.03225806451612903
충남,부여군,의원,2017,31,0,1,0.03225806451612903,1,0.03225806451612903
충남,부여군,의원,2018,31,0,2,0.06451612903225806,2,0.06451612903225806
충남,부여군,의원,2019,30,-1,0,0.0,-1,-0.03333333333333333
충남,부여군,의원,2020,30,0,1,0.03333333333333333,1,0.03333333333333333
충남,부여군,의원,2021,30,0,0,0.0,0,0.0
충남,부여군,의원,2022,31,1,1,0.03225806451612903,2,0.06451612903225806
충남,부여군,의원,2023,32,1,1,0.03125,2,0.0625
충남,부여군,의원,2024,33,1,1,0.030303030303030304,2,0.06060606060606061
충남,부여군,의원,2025,31,-2,2,0.06451612903225806,0,0.0
충남,부여군,종합병원,2007,0,,0,,,
충남,부여군,종합병원,2008,0,0,0,,0,
충남,부여군,종합병원,2009,0,0,0,,0,
충남,부여군,종합병원,2010,0,0,0,,0,
충남,부여군,종합병원,2011,0,0,0,,0,
충남,부여군,종합병원,2012,0,0,0,,0,
충남,부여군,종합병원,2013,0,0,0,,0,
충남,부여군,종합병원,2014,0,0,0,,0,
충남,부여군,종합병원,2015,0,0,0,,0,
충남,부여군,종합병원,2016,0,0,0,,0,
충남,부여군,종합병원,2017,0,0,0,,0,
충남,부여군,종합병원,2018,0,0,0,,0,
충남,부여군,종합병원,2019,0,0,0,,0,
충남,부여군,종합병원,2020,0,0,0,,0,
충남,부여군,종합병원,2021,0,0,0,,0,
충남,부여군,종합병원,2022,0,0,0,,0,
충남,부여군,종합병원,2023,0,0,0,,0,
충남,부여군,종합병원,2024,0,0,0,,0,
충남,부여군,종합병원,2025,0,0,0,,0,
충남,서산시,병원,2007,0,,0,,,
충남,서산시,병원,2008,0,0,0,,0,
충남,서산시,병원,2009,0,0,0,,0,
충남,서산시,병원,2010,0,0,0,,0,
충남,서산시,병원,2011,0,0,0,,0,
충남,서산시,병원,2012,0,0,0,,0,
충남,서산시,병원,2013,0,0,0,,0,
충남,서산시,병원,2014,0,0,0,,0,
충남,서산시,병원,2015,0,0,0,,0,
충남,서산시,병원,2016,0,0,0,,0,
충남,서산시,병원,2017,0,0,0,,0,
충남,서산시,병원,2018,0,0,0,,0,
충남,서산시,병원,2019,0,0,0,,0,
충남,서산시,병원,2020,0,0,0,,0,
충남,서산시,병원,2021,0,0,0,,0,
충남,서산시,병원,2022,0,0,0,,0,
충남,서산시,병원,2023,1,1,0,0.0,1,1.0
충남,서산시,병원,2024,1,0,0,0.0,0,0.0
충남,서산시,병원,2025,1,0,0,0.0,0,0.0
충남,서산시,상급종합병원,2007,0,,0,,,
충남,서산시,상급종합병원,2008,0,0,0,,0,
충남,서산시,상급종합병원,2009,0,0,0,,0,
충남,서산시,상급종합병원,2010,0,0,0,,0,
충남,서산시,상급종합병원,2011,0,0,0,,0,
충남,서산시,상급종합병원,2012,0,0,0,,0,
충남,서산시,상급종합병원,2013,0,0,0,,0,
충남,서산시,상급종합병원,2014,0,0,0,,0,
충남,서산시,상급종합병원,2015,0,0,0,,0,
충남,서산시,상급종합병원,2016,0,0,0,,0,
충남,서산시,상급종합병원,2017,0,0,0,,0,
충남,서산시,상급종합병원,2018,0,0,0,,0,
충남,서산시,상급종합병원,2019,0,0,0,,0,
충남,서산시,상급종합병원,2020,0,0,0,,0,
충남,서산시,상급종합병원,2021,0,0,0,,0,
충남,서산시,상급종합병원,2022,0,0,0,,0,
충남,서산시,상급종합병원,2023,0,0,0,,0,
충남,서산시,상급종합병원,2024,0,0,0,,0,
충남,서산시,상급종합병원,2025,0,0,0,,0,
충남,서산시,의원,2007,69,,2,0.028985507246376812,,
충남,서산시,의원,2008,69,0,0,0.0,0,0.0
충남,서산시,의원,2009,74,5,4,0.05405405405405406,9,0.12162162162162163
충남,서산시,의원,2010,74,0,3,0.04054054054054054,3,0.04054054054054054
충남,서산시,의원,2011,73,-1,7,0.0958904109589041,6,0.0821917808219178
충남,서산시,의원,2012,67,-6,1,0.014925373134328358,-5,-0.07462686567164178
충남,서산시,의원,2013,67,0,3,0.04477611940298507,3,0.04477611940298507
충남,서산시,의원,2014,69,2,3,0.043478260869565216,5,0.07246376811594203
충남,서산시,의원,2015,71,2,3,0.04225352112676056,5,0.07042253521126761
충남,서산시,의원,2016,72,1,2,0.027777777777777776,3,0.041666666666666664
충남,서산시,의원,2017,70,-2,3,0.04285714285714286,1,0.014285714285714285
충남,서산시,의원,2018,72,2,0,0.0,2,0.027777777777777776
충남,서산시,의원,2019,76,4,2,0.02631578947368421,6,0.07894736842105263
충남,서산시,의원,2020,77,1,1,0.012987012987012988,2,0.025974025974025976
충남,서산시,의원,2021,79,2,1,0.012658227848101266,3,0.0379746835443038
충남,서산시,의원,2022,82,3,0,0.0,3,0.036585365853658534
충남,서산시,의원,2023,84,2,2,0.023809523809523808,4,0.047619047619047616
충남,서산시,의원,2024,83,-1,0,0.0,-1,-0.012048192771084338
충남,서산시,의원,2025,86,3,1,0.011627906976744186,4,0.046511627906976744
충남,서산시,종합병원,2007,2,,0,0.0,,
충남,서산시,종합병원,2008,2,0,0,0.0,0,0.0
충남,서산시,종합병원,2009,2,0,0,0.0,0,0.0
충남,서산시,종합병원,2010,2,0,0,0.0,0,0.0
충남,서산시,종합병원,2011,2,0,0,0.0,0,0.0
충남,서산시,종합병원,2012,2,0,0,0.0,0,0.0
충남,서산시,종합병원,2013,2,0,0,0.0,0,0.0
충남,서산시,종합병원,2014,2,0,0,0.0,0,0.0
충남,서산시,종합병원,2015,2,0,0,0.0,0,0.0
충남,서산시,종합병원,2016,2,0,0,0.0,0,0.0
충남,서산시,종합병원,2017,2,0,0,0.0,0,0.0
충남,서산시,종합병원,2018,2,0,0,0.0,0,0.0
충남,서산시,종합병원,2019,2,0,0,0.0,0,0.0
충남,서산시,종합병원,2020,2,0,0,0.0,0,0.0
충남,서산시,종합병원,2021,2,0,0,0.0,0,0.0
충남,서산시,종합병원,2022,2,0,0,0.0,0,0.0
충남,서산시,종합병원,2023,2,0,0,0.0,0,0.0
충남,서산시,종합병원,2024,2,0,0,0.0,0,0.0
충남,서산시,종합병원,2025,2,0,0,0.0,0,0.0
충남,서천군,병원,2007,4,,0,0.0,,
충남,서천군,병원,2008,4,0,0,0.0,0,0.0
충남,서천군,병원,2009,4,0,2,0.5,2,0.5
충남,서천군,병원,2010,4,0,0,0.0,0,0.0
충남,서천군,병원,2011,5,1,2,0.4,3,0.6
충남,서천군,병원,2012,3,-2,0,0.0,-2,-0.6666666666666666
충남,서천군,병원,2013,3,0,1,0.3333333333333333,1,0.3333333333333333
충남,서천군,병원,2014,2,-1,0,0.0,-1,-0.5
충남,서천군,병원,2015,3,1,1,0.3333333333333333,2,0.6666666666666666
충남,서천군,병원,2016,2,-1,0,0.0,-1,-0.5
충남,서천군,병원,2017,1,-1,0,0.0,-1,-1.0
충남,서천군,병원,2018,1,0,0,0.0,0,0.0
충남,서천군,병원,2019,1,0,0,0.0,0,0.0
충남,서천군,병원,2020,1,0,0,0.0,0,0.0
충남,서천군,병원,2021,1,0,0,0.0,0,0.0
충남,서천군,병원,2022,1,0,0,0.0,0,0.0
충남,서천군,병원,2023,1,0,0,0.0,0,0.0
충남,서천군,병원,2024,1,0,0,0.0,0,0.0
충남,서천군,병원,2025,1,0,0,0.0,0,0.0
충남,서천군,상급종합병원,2007,0,,0,,,
충남,서천군,상급종합병원,2008,0,0,0,,0,
충남,서천군,상급종합병원,2009,0,0,0,,0,
충남,서천군,상급종합병원,2010,0,0,0,,0,
충남,서천군,상급종합병원,2011,0,0,0,,0,
충남,서천군,상급종합병원,2012,0,0,0,,0,
충남,서천군,상급종합병원,2013,0,0,0,,0,
충남,서천군,상급종합병원,2014,0,0,0,,0,
충남,서천군,상급종합병원,2015,0,0,0,,0,
충남,서천군,상급종합병원,2016,0,0,0,,0,
충남,서천군,상급종합병원,2017,0,0,0,,0,
충남,서천군,상급종합병원,2018,0,0,0,,0,
충남,서천군,상급종합병원,2019,0,0,0,,0,
충남,서천군,상급종합병원,2020,0,0,0,,0,
충남,서천군,상급종합병원,2021,0,0,0,,0,
충남,서천군,상급종합병원,2022,0,0,0,,0,
충남,서천군,상급종합병원,2023,0,0,0,,0,
충남,서천군,상급종합병원,2024,0,0,0,,0,
충남,서천군,상급종합병원,2025,0,0,0,,0,
충남,서천군,의원,2007,26,,1,0.038461538461538464,,
충남,서천군,의원,2008,27,1,4,0.14814814814814814,5,0.18518518518518517
충남,서천군,의원,2009,29,2,1,0.034482758620689655,3,0.10344827586206896
충남,서천군,의원,2010,29,0,0,0.0,0,0.0
충남,서천군,의원,2011,30,1,0,0.0,1,0.03333333333333333
충남,서천군,의원,2012,30,0,2,0.06666666666666667,2,0.06666666666666667
충남,서천군,의원,2013,31,1,1,0.03225806451612903,2,0.06451612903225806
충남,서천군,의원,2014,32,1,2,0.0625,3,0.09375
충남,서천군,의원,2015,33,1,0,0.0,1,0.030303030303030304
충남,서천군,의원,2016,33,0,1,0.030303030303030304,1,0.030303030303030304
충남,서천군,의원,2017,32,-1,3,0.09375,2,0.0625
충남,서천군,의원,2018,30,-2,1,0.03333333333333333,-1,-0.03333333333333333
충남,서천군,의원,2019,29,-1,1,0.034482758620689655,0,0.0
충남,서천군,의원,2020,29,0,1,0.034482758620689655,1,0.034482758620689655
충남,서천군,의원,2021,30,1,2,0.06666666666666667,3,0.1
충남,서천군,의원,2022,29,-1,2,0.06896551724137931,1,0.034482758620689655
충남,서천군,의원,2023,28,-1,1,0.03571428571428571,0,0.0
충남,서천군,의원,2024,28,0,0,0.0,0,0.0
충남,서천군,의원,2025,29,1,2,0.06896551724137931,3,0.10344827586206896
충남,서천군,종합병원,2007,0,,0,,,
충남,서천군,종합병원,2008,0,0,0,,0,
충남,서천군,종합병원,2009,0,0,0,,0,
충남,서천군,종합병원,2010,0,0,0,,0,
충남,서천군,종합병원,2011,0,0,0,,0,
충남,서천군,종합병원,2012,0,0,0,,0,
충남,서천군,종합병원,2013,0,0,0,,0,
충남,서천군,종합병원,2014,0,0,0,,0,
충남,서천군,종합병원,2015,0,0,0,,0,
충남,서천군,종합병원,2016,0,0,0,,0,
충남,서천군,종합병원,2017,0,0,0,,0,
충남,서천군,종합병원,2018,0,0,0,,0,
충남,서천군,종합병원,2019,0,0,0,,0,
충남,서천군,종합병원,2020,0,0,0,,0,
충남,서천군,종합병원,2021,0,0,0,,0,
충남,서천군,종합병원,2022,0,0,0,,0,
충남,서천군,종합병원,2023,0,0,0,,0,
충남,서천군,종합병원,2024,0,0,0,,0,
충남,서천군,종합병원,2025,0,0,0,,0,
충남,아산시,병원,2007,6,,3,0.5,,
충남,아산시,병원,2008,5,-1,0,0.0,-1,-0.2
충남,아산시,병원,2009,6,1,1,0.16666666666666666,2,0.3333333333333333
충남,아산시,병원,2010,8,2,0,0.0,2,0.25
충남,아산시,병원,2011,7,-1,0,0.0,-1,-0.14285714285714285
충남,아산시,병원,2012,7,0,0,0.0,0,0.0
충남,아산시,병원,2013,7,0,1,0.14285714285714285,1,0.14285714285714285
충남,아산시,병원,2014,7,0,0,0.0,0,0.0
충남,아산시,병원,2015,7,0,0,0.0,0,0.0
충남,아산시,병원,2016,9,2,0,0.0,2,0.2222222222222222
충남,아산시,병원,2017,6,-3,0,0.0,-3,-0.5
충남,아산시,병원,2018,8,2,0,0.0,2,0.25
충남,아산시,병원,2019,9,1,0,0.0,1,0.1111111111111111
충남,아산시,병원,2020,8,-1,0,0.0,-1,-0.125
충남,아산시,병원,2021,6,-2,2,0.3333333333333333,0,0.0
충남,아산시,병원,2022,7,1,0,0.0,1,0.14285714285714285
충남,아산시,병원,2023,7,0,0,0.0,0,0.0
충남,아산시,병원,2024,8,1,0,0.0,1,0.125
충남,아산시,병원,2025,9,1,0,0.0,1,0.1111111111111111
충남,아산시,상급종합병원,2007,0,,0,,,
충남,아산시,상급종합병원,2008,0,0,0,,0,
충남,아산시,상급종합병원,2009,0,0,0,,0,
충남,아산시,상급종합병원,2010,0,0,0,,0,
충남,아산시,상급종합병원,2011,0,0,0,,0,
충남,아산시,상급종합병원,2012,0,0,0,,0,
충남,아산시,상급종합병원,2013,0,0,0,,0,
충남,아산시,상급종합병원,2014,0,0,0,,0,
충남,아산시,상급종합병원,2015,0,0,0,,0,
충남,아산시,상급종합병원,2016,0,0,0,,0,
충남,아산시,상급종합병원,2017,0,0,0,,0,
충남,아산시,상급종합병원,2018,0,0,0,,0,
충남,아산시,상급종합병원,2019,0,0,0,,0,
충남,아산시,상급종합병원,2020,0,0,0,,0,
충남,아산시,상급종합병원,2021,0,0,0,,0,
충남,아산시,상급종합병원,2022,0,0,0,,0,
충남,아산시,상급종합병원,2023,0,0,0,,0,
충남,아산시,상급종합병원,2024,0,0,0,,0,
충남,아산시,상급종합병원,2025,0,0,0,,0,
충남,아산시,의원,2007,85,,11,0.12941176470588237,,
충남,아산시,의원,2008,90,5,8,0.08888888888888889,13,0.14444444444444443
충남,아산시,의원,2009,97,7,5,0.05154639175257732,12,0.12371134020618557
충남,아산시,의원,2010,98,1,6,0.061224489795918366,7,0.07142857142857142
충남,아산시,의원,2011,102,4,3,0.029411764705882353,7,0.06862745098039216
충남,아산시,의원,2012,109,7,6,0.05504587155963303,13,0.11926605504587157
충남,아산시,의원,2013,114,5,6,0.05263157894736842,11,0.09649122807017543
충남,아산시,의원,2014,123,9,7,0.056910569105691054,16,0.13008130081300814
충남,아산시,의원,2015,122,-1,6,0.04918032786885246,5,0.040983606557377046
충남,아산시,의원,2016,126,4,3,0.023809523809523808,7,0.05555555555555555
충남,아산시,의원,2017,136,10,9,0.0661764705882353,19,0.13970588235294118
충남,아산시,의원,2018,135,-1,3,0.022222222222222223,2,0.014814814814814815
충남,아산시,의원,2019,139,4,4,0.02877697841726619,8,0.05755395683453238
충남,아산시,의원,2020,136,-3,3,0.022058823529411766,0,0.0
충남,아산시,의원,2021,138,2,5,0.036231884057971016,7,0.050724637681159424
충남,아산시,의원,2022,139,1,3,0.02158273381294964,4,0.02877697841726619
충남,아산시,의원,2023,147,8,2,0.013605442176870748,10,0.06802721088435375
충남,아산시,의원,2024,154,7,9,0.05844155844155844,16,0.1038961038961039
충남,아산시,의원,2025,167,13,5,0.029940119760479042,18,0.10778443113772455
충남,아산시,종합병원,2007,0,,0,,,
충남,아산시,종합병원,2008,0,0,0,,0,
충남,아산시,종합병원,2009,0,0,0,,0,
충남,아산시,종합병원,2010,0,0,0,,0,
충남,아산시,종합병원,2011,0,0,0,,0,
충남,아산시,종합병원,2012,0,0,0,,0,
충남,아산시,종합병원,2013,0,0,0,,0,
충남,아산시,종합병원,2014,0,0,0,,0,
충남,아산시,종합병원,2015,1,1,0,0.0,1,1.0
충남,아산시,종합병원,2016,1,0,0,0.0,0,0.0
충남,아산시,종합병원,2017,1,0,0,0.0,0,0.0
충남,아산시,종합병원,2018,1,0,0,0.0,0,0.0
충남,아산시,종합병원,2019,1,0,0,0.0,0,0.0
충남,아산시,종합병원,2020,1,0,0,0.0,0,0.0
충남,아산시,종합병원,2021,1,0,0,0.0,0,0.0
충남,아산시,종합병원,2022,1,0,0,0.0,0,0.0
충남,아산시,종합병원,2023,1,0,0,0.0,0,0.0
충남,아산시,종합병원,2024,1,0,0,0.0,0,0.0
충남,아산시,종합병원,2025,1,0,0,0.0,0,0.0
충남,예산군,병원,2007,2,,2,1.0,,
충남,예산군,병원,2008,1,-1,0,0.0,-1,-1.0
충남,예산군,병원,2009,1,0,0,0.0,0,0.0
충남,예산군,병원,2010,1,0,0,0.0,0,0.0
충남,예산군,병원,2011,1,0,0,0.0,0,0.0
충남,예산군,병원,2012,1,0,0,0.0,0,0.0
충남,예산군,병원,2013,1,0,0,0.0,0,0.0
충남,예산군,병원,2014,1,0,0,0.0,0,0.0
충남,예산군,병원,2015,1,0,0,0.0,0,0.0
충남,예산군,병원,2016,1,0,0,0.0,0,0.0
충남,예산군,병원,2017,1,0,0,0.0,0,0.0
충남,예산군,병원,2018,1,0,0,0.0,0,0.0
충남,예산군,병원,2019,1,0,0,0.0,0,0.0
충남,예산군,병원,2020,1,0,0,0.0,0,0.0
충남,예산군,병원,2021,1,0,0,0.0,0,0.0
충남,예산군,병원,2022,2,1,0,0.0,1,0.5
충남,예산군,병원,2023,2,0,0,0.0,0,0.0
충남,예산군,병원,2024,2,0,0,0.0,0,0.0
충남,예산군,병원,2025,2,0,0,0.0,0,0.0
충남,예산군,상급종합병원,2007,0,,0,,,
충남,예산군,상급종합병원,2008,0,0,0,,0,
충남,예산군,상급종합병원,2009,0,0,0,,0,
충남,예산군,상급종합병원,2010,0,0,0,,0,
충남,예산군,상급종합병원,2011,0,0,0,,0,
충남,예산군,상급종합병원,2012,0,0,0,,0,
충남,예산군,상급종합병원,2013,0,0,0,,0,
충남,예산군,상급종합병원,2014,0,0,0,,0,
충남,예산군,상급종합병원,2015,0,0,0,,0,
충남,예산군,상급종합병원,2016,0,0,0,,0,
충남,예산군,상급종합병원,2017,0,0,0,,0,
충남,예산군,상급종합병원,2018,0,0,0,,0,
충남,예산군,상급종합병원,2019,0,0,0,,0,
충남,예산군,상급종합병원,2020,0,0,0,,0,
충남,예산군,상급종합병원,2021,0,0,0,,0,
충남,예산군,상급종합병원,2022,0,0,0,,0,
충남,예산군,상급종합병원,2023,0,0,0,,0,
충남,예산군,상급종합병원,2024,0,0,0,,0,
충남,예산군,상급종합병원,2025,0,0,0,,0,
충남,예산군,의원,2007,41,,1,0.024390243902439025,,
충남,예산군,의원,2008,40,-1,1,0.025,0,0.0
충남,예산군,의원,2009,40,0,4,0.1,4,0.1
충남,예산군,의원,2010,38,-2,2,0.05263157894736842,0,0.0
충남,예산군,의원,2011,40,2,0,0.0,2,0.05
충남,예산군,의원,2012,41,1,0,0.0,1,0.024390243902439025
충남,예산군,의원,2013,41,0,0,0.0,0,0.0
충남,예산군,의원,2014,42,1,0,0.0,1,0.023809523809523808
충남,예산군,의원,2015,44,2,1,0.022727272727272728,3,0.06818181818181818
충남,예산군,의원,2016,43,-1,1,0.023255813953488372,0,0.0
충남,예산군,의원,2017,43,0,0,0.0,0,0.0
충남,예산군,의원,2018,42,-1,2,0.047619047619047616,1,0.023809523809523808
충남,예산군,의원,2019,40,-2,0,0.0,-2,-0.05
충남,예산군,의원,2020,41,1,1,0.024390243902439025,2,0.04878048780487805
충남,예산군,의원,2021,41,0,2,0.04878048780487805,2,0.04878048780487805
충남,예산군,의원,2022,40,-1,1,0.025,0,0.0
충남,예산군,의원,2023,39,-1,1,0.02564102564102564,0,0.0
충남,예산군,의원,2024,39,0,0,0.0,0,0.0
충남,예산군,의원,2025,39,0,0,0.0,0,0.0
충남,예산군,종합병원,2007,0,,0,,,
충남,예산군,종합병원,2008,1,1,0,0.0,1,1.0
충남,예산군,종합병원,2009,1,0,0,0.0,0,0.0
충남,예산군,종합병원,2010,1,0,0,0.0,0,0.0
충남,예산군,종합병원,2011,1,0,0,0.0,0,0.0
충남,예산군,종합병원,2012,1,0,0,0.0,0,0.0
충남,예산군,종합병원,2013,1,0,0,0.0,0,0.0
충남,예산군,종합병원,2014,1,0,0,0.0,0,0.0
충남,예산군,종합병원,2015,1,0,0,0.0,0,0.0
충남,예산군,종합병원,2016,1,0,0,0.0,0,0.0
충남,예산군,종합병원,2017,1,0,0,0.0,0,0.0
충남,예산군,종합병원,2018,1,0,0,0.0,0,0.0
충남,예산군,종합병원,2019,1,0,1,1.0,1,1.0
충남,예산군,종합병원,2020,1,0,0,0.0,0,0.0
충남,예산군,종합병원,2021,1,0,0,0.0,0,0.0
충남,예산군,종합병원,2022,1,0,0,0.0,0,0.0
충남,예산군,종합병원,2023,1,0,0,0.0,0,0.0
충남,예산군,종합병원,2024,1,0,0,0.0,0,0.0
충남,예산군,종합병원,2025,1,0,0,0.0,0,0.0
충남,천안시,병원,2007,6,,1,0.16666666666666666,,
충남,천안시,병원,2008,7,1,2,0.2857142857142857,3,0.42857142857142855
충남,천안시,병원,2009,10,3,1,0.1,4,0.4
충남,천안시,병원,2010,14,4,1,0.07142857142857142,5,0.35714285714285715
충남,천안시,병원,2011,15,1,0,0.0,1,0.06666666666666667
충남,천안시,병원,2012,15,0,0,0.0,0,0.0
충남,천안시,병원,2013,17,2,4,0.23529411764705882,6,0.35294117647058826
충남,천안시,병원,2014,16,-1,1,0.0625,0,0.0
충남,천안시,병원,2015,17,1,2,0.11764705882352941,3,0.17647058823529413
충남,천안시,병원,2016,18,1,2,0.1111111111111111,3,0.16666666666666666
충남,천안시,병원,2017,18,0,0,0.0,0,0.0
충남,천안시,병원,2018,19,1,1,0.05263157894736842,2,0.10526315789473684
충남,천안시,병원,2019,19,0,3,0.15789473684210525,3,0.15789473684210525
충남,천안시,병원,2020,20,1,1,0.05,2,0.1
충남,천안시,병원,2021,22,2,2,0.09090909090909091,4,0.18181818181818182
충남,천안시,병원,2022,23,1,1,0.043478260869565216,2,0.08695652173913043
충남,천안시,병원,2023,24,1,0,0.0,1,0.041666666666666664
충남,천안시,병원,2024,23,-1,1,0.043478260869565216,0,0.0
충남,천안시,병원,2025,24,1,1,0.041666666666666664,2,0.08333333333333333
충남,천안시,상급종합병원,2007,2,,0,0.0,,
충남,천안시,상급종합병원,2008,2,0,1,0.5,1,0.5
충남,천안시,상급종합병원,2009,2,0,0,0.0,0,0.0
충남,천안시,상급종합병원,2010,2,0,0,0.0,0,0.0
충남,천안시,상급종합병원,2011,2,0,0,0.0,0,0.0
충남,천안시,상급종합병원,2012,2,0,0,0.0,0,0.0
충남,천안시,상급종합병원,2013,2,0,0,0.0,0,0.0
충남,천안시,상급종합병원,2014,2,0,0,0.0,0,0.0
충남,천안시,상급종합병원,2015,2,0,0,0.0,0,0.0
충남,천안시,상급종합병원,2016,2,0,0,0.0,0,0.0
충남,천안시,상급종합병원,2017,2,0,0,0.0,0,0.0
충남,천안시,상급종합병원,2018,2,0,0,0.0,0,0.0
충남,천안시,상급종합병원,2019,2,0,0,0.0,0,0.0
충남,천안시,상급종합병원,2020,2,0,0,0.0,0,0.0
충남,천안시,상급종합병원,2021,2,0,0,0.0,0,0.0
충남,천안시,상급종합병원,2022,2,0,0,0.0,0,0.0
충남,천안시,상급종합병원,2023,2,0,0,0.0,0,0.0
충남,천안시,상급종합병원,2024,1,-1,0,0.0,-1,-1.0
충남,천안시,상급종합병원,2025,1,0,0,0.0,0,0.0
충남,천안시,의원,2007,271,,20,0.07380073800738007,,
충남,천안시,의원,2008,269,-2,15,0.055762081784386616,13,0.048327137546468404
충남,천안시,의원,2009,277,8,18,0.06498194945848375,26,0.09386281588447654
충남,천안시,의원,2010,287,10,13,0.04529616724738676,23,0.08013937282229965
충남,천안시,의원,2011,294,7,14,0.047619047619047616,21,0.07142857142857142
충남,천안시,의원,2012,298,4,22,0.0738255033557047,26,0.087248322147651
충남,천안시,의원,2013,292,-6,13,0.04452054794520548,7,0.023972602739726026
충남,천안시,의원,2014,293,1,13,0.04436860068259386,14,0.04778156996587031
충남,천안시,의원,2015,306,13,10,0.032679738562091505,23,0.07516339869281045
충남,천안시,의원,2016,312,6,19,0.060897435897435896,25,0.08012820512820513
충남,천안시,의원,2017,323,11,16,0.04953560371517028,27,0.08359133126934984
충남,천안시,의원,2018,330,7,20,0.06060606060606061,27,0.08181818181818182
충남,천안시,의원,2019,337,7,14,0.04154302670623145,21,0.06231454005934718
충남,천안시,의원,2020,340,3,11,0.03235294117647059,14,0.041176470588235294
충남,천안시,의원,2021,350,10,13,0.037142857142857144,23,0.06571428571428571
충남,천안시,의원,2022,353,3,13,0.036827195467422094,16,0.0453257790368272
충남,천안시,의원,2023,357,4,16,0.04481792717086835,20,0.056022408963585436
충남,천안시,의원,2024,361,4,10,0.027700831024930747,14,0.038781163434903045
충남,천안시,의원,2025,372,11,10,0.026881720430107527,21,0.056451612903225805
충남,천안시,종합병원,2007,2,,0,0.0,,
충남,천안시,종합병원,2008,2,0,0,0.0,0,0.0
충남,천안시,종합병원,2009,2,0,0,0.0,0,0.0
충남,천안시,종합병원,2010,2,0,0,0.0,0,0.0
충남,천안시,종합병원,2011,2,0,0,0.0,0,0.0
충남,천안시,종합병원,2012,2,0,0,0.0,0,0.0
충남,천안시,종합병원,2013,2,0,0,0.0,0,0.0
충남,천안시,종합병원,2014,2,0,0,0.0,0,0.0
충남,천안시,종합병원,2015,2,0,0,0.0,0,0.0
충남,천안시,종합병원,2016,2,0,0,0.0,0,0.0
충남,천안시,종합병원,2017,2,0,0,0.0,0,0.0
충남,천안시,종합병원,2018,2,0,0,0.0,0,0.0
충남,천안시,종합병원,2019,2,0,0,0.0,0,0.0
충남,천안시,종합병원,2020,2,0,0,0.0,0,0.0
충남,천안시,종합병원,2021,2,0,0,0.0,0,0.0
충남,천안시,종합병원,2022,2,0,0,0.0,0,0.0
충남,천안시,종합병원,2023,2,0,0,0.0,0,0.0
충남,천안시,종합병원,2024,3,1,0,0.0,1,0.3333333333333333
충남,천안시,종합병원,2025,3,0,0,0.0,0,0.0
충남,청양군,병원,2007,1,,0,0.0,,
충남,청양군,병원,2008,1,0,0,0.0,0,0.0
충남,청양군,병원,2009,1,0,0,0.0,0,0.0
충남,청양군,병원,2010,1,0,0,0.0,0,0.0
충남,청양군,병원,2011,1,0,0,0.0,0,0.0
충남,청양군,병원,2012,1,0,0,0.0,0,0.0
충남,청양군,병원,2013,2,1,1,0.5,2,1.0
충남,청양군,병원,2014,1,-1,0,0.0,-1,-1.0
충남,청양군,병원,2015,2,1,0,0.0,1,0.5
충남,청양군,병원,2016,2,0,1,0.5,1,0.5
충남,청양군,병원,2017,1,-1,0,0.0,-1,-1.0
충남,청양군,병원,2018,1,0,0,0.0,0,0.0
충남,청양군,병원,2019,1,0,0,0.0,0,0.0
충남,청양군,병원,2020,1,0,1,1.0,1,1.0
충남,청양군,병원,2021,0,-1,0,,-1,
충남,청양군,병원,2022,0,0,0,,0,
충남,청양군,병원,2023,0,0,0,,0,
충남,청양군,병원,2024,0,0,0,,0,
충남,청양군,병원,2025,0,0,0,,0,
충남,청양군,상급종합병원,2007,0,,0,,,
충남,청양군,상급종합병원,2008,0,0,0,,0,
충남,청양군,상급종합병원,2009,0,0,0,,0,
충남,청양군,상급종합병원,2010,0,0,0,,0,
충남,청양군,상급종합병원,2011,0,0,0,,0,
충남,청양군,상급종합병원,2012,0,0,0,,0,
충남,청양군,상급종합병원,2013,0,0,0,,0,
충남,청양군,상급종합병원,2014,0,0,0,,0,
충남,청양군,상급종합병원,2015,0,0,0,,0,
충남,청양군,상급종합병원,2016,0,0,0,,0,
충남,청양군,상급종합병원,2017,0,0,0,,0,
충남,청양군,상급종합병원,2018,0,0,0,,0,
충남,청양군,상급종합병원,2019,0,0,0,,0,
충남,청양군,상급종합병원,2020,0,0,0,,0,
충남,청양군,상급종합병원,2021,0,0,0,,0,
충남,청양군,상급종합병원,2022,0,0,0,,0,
충남,청양군,상급종합병원,2023,0,0,0,,0,
충남,청양군,상급종합병원,2024,0,0,0,,0,
충남,청양군,상급종합병원,2025,0,0,0,,0,
충남,청양군,의원,2007,9,,0,0.0,,
충남,청양군,의원,2008,9,0,1,0.1111111111111111,1,0.1111111111111111
충남,청양군,의원,2009,9,0,0,0.0,0,0.0
충남,청양군,의원,2010,10,1,1,0.1,2,0.2
충남,청양군,의원,2011,10,0,1,0.1,1,0.1
충남,청양군,의원,2012,10,0,1,0.1,1,0.1
충남,청양군,의원,2013,9,-1,0,0.0,-1,-0.1111111111111111
충남,청양군,의원,2014,10,1,0,0.0,1,0.1
충남,청양군,의원,2015,10,0,1,0.1,1,0.1
충남,청양군,의원,2016,10,0,0,0.0,0,0.0
충남,청양군,의원,2017,10,0,0,0.0,0,0.0
충남,청양군,의원,2018,10,0,0,0.0,0,0.0
충남,청양군,의원,2019,10,0,0,0.0,0,0.0
충남,청양군,의원,2020,10,0,0,0.0,0,0.0
충남,청양군,의원,2021,10,0,0,0.0,0,0.0
충남,청양군,의원,2022,10,0,0,0.0,0,0.0
충남,청양군,의원,2023,10,0,0,0.0,0,0.0
충남,청양군,의원,2024,10,0,0,0.0,0,0.0
충남,청양군,의원,2025,10,0,1,0.1,1,0.1
충남,청양군,종합병원,2007,0,,0,,,
충남,청양군,종합병원,2008,0,0,0,,0,
충남,청양군,종합병원,2009,0,0,0,,0,
충남,청양군,종합병원,2010,0,0,0,,0,
충남,청양군,종합병원,2011,0,0,0,,0,
충남,청양군,종합병원,2012,0,0,0,,0,
충남,청양군,종합병원,2013,0,0,0,,0,
충남,청양군,종합병원,2014,0,0,0,,0,
충남,청양군,종합병원,2015,0,0,0,,0,
충남,청양군,종합병원,2016,0,0,0,,0,
충남,청양군,종합병원,2017,0,0,0,,0,
충남,청양군,종합병원,2018,0,0,0,,0,
충남,청양군,종합병원,2019,0,0,0,,0,
충남,청양군,종합병원,2020,0,0,0,,0,
충남,청양군,종합병원,2021,0,0,0,,0,
충남,청양군,종합병원,2022,0,0,0,,0,
충남,청양군,종합병원,2023,0,0,0,,0,
충남,청양군,종합병원,2024,0,0,0,,0,
충남,청양군,종합병원,2025,0,0,0,,0,
충남,태안군,병원,2007,1,,0,0.0,,
충남,태안군,병원,2008,1,0,0,0.0,0,0.0
충남,태안군,병원,2009,1,0,1,1.0,1,1.0
충남,태안군,병원,2010,0,-1,0,,-1,
충남,태안군,병원,2011,0,0,0,,0,
충남,태안군,병원,2012,0,0,0,,0,
충남,태안군,병원,2013,0,0,0,,0,
충남,태안군,병원,2014,0,0,0,,0,
충남,태안군,병원,2015,0,0,0,,0,
충남,태안군,병원,2016,1,1,0,0.0,1,1.0
충남,태안군,병원,2017,1,0,1,1.0,1,1.0
충남,태안군,병원,2018,1,0,0,0.0,0,0.0
충남,태안군,병원,2019,1,0,0,0.0,0,0.0
충남,태안군,병원,2020,1,0,0,0.0,0,0.0
충남,태안군,병원,2021,1,0,0,0.0,0,0.0
충남,태안군,병원,2022,0,-1,1,,0,
충남,태안군,병원,2023,0,0,0,,0,
충남,태안군,병원,2024,0,0,0,,0,
충남,태안군,병원,2025,0,0,0,,0,
충남,태안군,상급종합병원,2007,0,,0,,,
충남,태안군,상급종합병원,2008,0,0,0,,0,
충남,태안군,상급종합병원,2009,0,0,0,,0,
충남,태안군,상급종합병원,2010,0,0,0,,0,
충남,태안군,상급종합병원,2011,0,0,0,,0,
충남,태안군,상급종합병원,2012,0,0,0,,0,
충남,태안군,상급종합병원,2013,0,0,0,,0,
충남,태안군,상급종합병원,2014,0,0,0,,0,
충남,태안군,상급종합병원,2015,0,0,0,,0,
충남,태안군,상급종합병원,2016,0,0,0,,0,
충남,태안군,상급종합병원,2017,0,0,0,,0,
충남,태안군,상급종합병원,2018,0,0,0,,0,
충남,태안군,상급종합병원,2019,0,0,0,,0,
충남,태안군,상급종합병원,2020,0,0,0,,0,
충남,태안군,상급종합병원,2021,0,0,0,,0,
충남,태안군,상급종합병원,2022,0,0,0,,0,
충남,태안군,상급종합병원,2023,0,0,0,,0,
충남,태안군,상급종합병원,2024,0,0,0,,0,
충남,태안군,상급종합병원,2025,0,0,0,,0,
충남,태안군,의원,2007,30,,2,0.06666666666666667,,
충남,태안군,의원,2008,28,-2,2,0.07142857142857142,0,0.0
충남,태안군,의원,2009,31,3,3,0.0967741935483871,6,0.1935483870967742
충남,태안군,의원,2010,29,-2,5,0.1724137931034483,3,0.10344827586206896
충남,태안군,의원,2011,30,1,1,0.03333333333333333,2,0.06666666666666667
충남,태안군,의원,2012,31,1,2,0.06451612903225806,3,0.0967741935483871
충남,태안군,의원,2013,28,-3,4,0.14285714285714285,1,0.03571428571428571
충남,태안군,의원,2014,28,0,0,0.0,0,0.0
충남,태안군,의원,2015,27,-1,2,0.07407407407407407,1,0.037037037037037035
충남,태안군,의원,2016,27,0,0,0.0,0,0.0
충남,태안군,의원,2017,28,1,0,0.0,1,0.03571428571428571
충남,태안군,의원,2018,31,3,2,0.06451612903225806,5,0.16129032258064516
충남,태안군,의원,2019,29,-2,2,0.06896551724137931,0,0.0
충남,태안군,의원,2020,29,0,0,0.0,0,0.0
충남,태안군,의원,2021,30,1,0,0.0,1,0.03333333333333333
충남,태안군,의원,2022,29,-1,1,0.034482758620689655,0,0.0
충남,태안군,의원,2023,29,0,2,0.06896551724137931,2,0.06896551724137931
충남,태안군,의원,2024,29,0,0,0.0,0,0.0
충남,태안군,의원,2025,29,0,1,0.034482758620689655,1,0.034482758620689655
충남,태안군,종합병원,2007,0,,0,,,
충남,태안군,종합병원,2008,0,0,0,,0,
충남,태안군,종합병원,2009,0,0,0,,0,
충남,태안군,종합병원,2010,0,0,0,,0,
충남,태안군,종합병원,2011,0,0,0,,0,
충남,태안군,종합병원,2012,0,0,0,,0,
충남,태안군,종합병원,2013,0,0,0,,0,
충남,태안군,종합병원,2014,0,0,0,,0,
충남,태안군,종합병원,2015,0,0,0,,0,
충남,태안군,종합병원,2016,0,0,0,,0,
충남,태안군,종합병원,2017,0,0,0,,0,
충남,태안군,종합병원,2018,0,0,0,,0,
충남,태안군,종합병원,2019,0,0,0,,0,
충남,태안군,종합병원,2020,0,0,0,,0,
충남,태안군,종합병원,2021,0,0,0,,0,
충남,태안군,종합병원,2022,0,0,0,,0,
충남,태안군,종합병원,2023,0,0,0,,0,
충남,태안군,종합병원,2024,0,0,0,,0,
충남,태안군,종합병원,2025,0,0,0,,0,
충남,홍성군,병원,2007,1,,0,0.0,,
충남,홍성군,병원,2008,1,0,0,0.0,0,0.0
충남,홍성군,병원,2009,2,1,2,1.0,3,1.5
충남,홍성군,병원,2010,2,0,0,0.0,0,0.0
충남,홍성군,병원,2011,3,1,1,0.3333333333333333,2,0.6666666666666666
충남,홍성군,병원,2012,1,-2,2,2.0,0,0.0
충남,홍성군,병원,2013,1,0,0,0.0,0,0.0
충남,홍성군,병원,2014,1,0,1,1.0,1,1.0
충남,홍성군,병원,2015,1,0,0,0.0,0,0.0
충남,홍성군,병원,2016,1,0,1,1.0,1,1.0
충남,홍성군,병원,2017,0,-1,0,,-1,
충남,홍성군,병원,2018,0,0,0,,0,
충남,홍성군,병원,2019,0,0,0,,0,
충남,홍성군,병원,2020,0,0,0,,0,
충남,홍성군,병원,2021,0,0,0,,0,
충남,홍성군,병원,2022,0,0,0,,0,
충남,홍성군,병원,2023,0,0,0,,0,
충남,홍성군,병원,2024,0,0,0,,0,
충남,홍성군,병원,2025,0,0,0,,0,
충남,홍성군,상급종합병원,2007,0,,0,,,
충남,홍성군,상급종합병원,2008,0,0,0,,0,
충남,홍성군,상급종합병원,2009,0,0,0,,0,
충남,홍성군,상급종합병원,2010,0,0,0,,0,
충남,홍성군,상급종합병원,2011,0,0,0,,0,
충남,홍성군,상급종합병원,2012,0,0,0,,0,
충남,홍성군,상급종합병원,2013,0,0,0,,0,
충남,홍성군,상급종합병원,2014,0,0,0,,0,
충남,홍성군,상급종합병원,2015,0,0,0,,0,
충남,홍성군,상급종합병원,2016,0,0,0,,0,
충남,홍성군,상급종합병원,2017,0,0,0,,0,
충남,홍성군,상급종합병원,2018,0,0,0,,0,
충남,홍성군,상급종합병원,2019,0,0,0,,0,
충남,홍성군,상급종합병원,2020,0,0,0,,0,
충남,홍성군,상급종합병원,2021,0,0,0,,0,
충남,홍성군,상급종합병원,2022,0,0,0,,0,
충남,홍성군,상급종합병원,2023,0,0,0,,0,
충남,홍성군,상급종합병원,2024,0,0,0,,0,
충남,홍성군,상급종합병원,2025,0,0,0,,0,
충남,홍성군,의원,2007,39,,3,0.07692307692307693,,
충남,홍성군,의원,2008,37,-2,4,0.10810810810810811,2,0.05405405405405406
충남,홍성군,의원,2009,39,2,4,0.10256410256410256,6,0.15384615384615385
충남,홍성군,의원,2010,39,0,1,0.02564102564102564,1,0.02564102564102564
충남,홍성군,의원,2011,39,0,2,0.05128205128205128,2,0.05128205128205128
충남,홍성군,의원,2012,39,0,4,0.10256410256410256,4,0.10256410256410256
충남,홍성군,의원,2013,39,0,1,0.02564102564102564,1,0.02564102564102564
충남,홍성군,의원,2014,38,-1,0,0.0,-1,-0.02631578947368421
충남,홍성군,의원,2015,39,1,1,0.02564102564102564,2,0.05128205128205128
충남,홍성군,의원,2016,43,4,2,0.046511627906976744,6,0.13953488372093023
충남,홍성군,의원,2017,46,3,1,0.021739130434782608,4,0.08695652173913043
충남,홍성군,의원,2018,46,0,1,0.021739130434782608,1,0.021739130434782608
충남,홍성군,의원,2019,49,3,0,0.0,3,0.061224489795918366
충남,홍성군,의원,2020,50,1,1,0.02,2,0.04
충남,홍성군,의원,2021,51,1,3,0.058823529411764705,4,0.0784313725490196
충남,홍성군,의원,2022,50,-1,0,0.0,-1,-0.02
충남,홍성군,의원,2023,50,0,2,0.04,2,0.04
충남,홍성군,의원,2024,50,0,0,0.0,0,0.0
충남,홍성군,의원,2025,50,0,2,0.04,2,0.04
충남,홍성군,종합병원,2007,1,,0,0.0,,
충남,홍성군,종합병원,2008,1,0,0,0.0,0,0.0
충남,홍성군,종합병원,2009,1,0,0,0.0,0,0.0
충남,홍성군,종합병원,2010,1,0,0,0.0,0,0.0
충남,홍성군,종합병원,2011,1,0,0,0.0,0,0.0
충남,홍성군,종합병원,2012,1,0,0,0.0,0,0.0
충남,홍성군,종합병원,2013,1,0,0,0.0,0,0.0
충남,홍성군,종합병원,2014,1,0,0,0.0,0,0.0
충남,홍성군,종합병원,2015,1,0,0,0.0,0,0.0
충남,홍성군,종합병원,2016,1,0,0,0.0,0,0.0
충남,홍성군,종합병원,2017,1,0,0,0.0,0,0.0
충남,홍성군,종합병원,2018,1,0,0,0.0,0,0.0
충남,홍성군,종합병원,2019,1,0,0,0.0,0,0.0
충남,홍성군,종합병원,2020,1,0,0,0.0,0,0.0
충남,홍성군,종합병원,2021,1,0,0,0.0,0,0.0
충남,홍성군,종합병원,2022,1,0,0,0.0,0,0.0
충남,홍성군,종합병원,2023,1,0,0,0.0,0,0.0
충남,홍성군,종합병원,2024,1,0,0,0.0,0,0.0
충남,홍성군,종합병원,2025,1,0,0,0.0,0,0.0
충북,괴산군,병원,2007,1,,0,0.0,,
충북,괴산군,병원,2008,2,1,0,0.0,1,0.5
충북,괴산군,병원,2009,2,0,1,0.5,1,0.5
충북,괴산군,병원,2010,3,1,1,0.3333333333333333,2,0.6666666666666666
충북,괴산군,병원,2011,2,-1,2,1.0,1,0.5
충북,괴산군,병원,2012,2,0,0,0.0,0,0.0
충북,괴산군,병원,2013,2,0,0,0.0,0,0.0
충북,괴산군,병원,2014,2,0,0,0.0,0,0.0
충북,괴산군,병원,2015,2,0,0,0.0,0,0.0
충북,괴산군,병원,2016,2,0,0,0.0,0,0.0
충북,괴산군,병원,2017,2,0,0,0.0,0,0.0
충북,괴산군,병원,2018,2,0,0,0.0,0,0.0
충북,괴산군,병원,2019,2,0,0,0.0,0,0.0
충북,괴산군,병원,2020,2,0,0,0.0,0,0.0
충북,괴산군,병원,2021,2,0,0,0.0,0,0.0
충북,괴산군,병원,2022,2,0,0,0.0,0,0.0
충북,괴산군,병원,2023,2,0,0,0.0,0,0.0
충북,괴산군,병원,2024,2,0,0,0.0,0,0.0
충북,괴산군,병원,2025,2,0,0,0.0,0,0.0
충북,괴산군,상급종합병원,2007,0,,0,,,
충북,괴산군,상급종합병원,2008,0,0,0,,0,
충북,괴산군,상급종합병원,2009,0,0,0,,0,
충북,괴산군,상급종합병원,2010,0,0,0,,0,
충북,괴산군,상급종합병원,2011,0,0,0,,0,
충북,괴산군,상급종합병원,2012,0,0,0,,0,
충북,괴산군,상급종합병원,2013,0,0,0,,0,
충북,괴산군,상급종합병원,2014,0,0,0,,0,
충북,괴산군,상급종합병원,2015,0,0,0,,0,
충북,괴산군,상급종합병원,2016,0,0,0,,0,
충북,괴산군,상급종합병원,2017,0,0,0,,0,
충북,괴산군,상급종합병원,2018,0,0,0,,0,
충북,괴산군,상급종합병원,2019,0,0,0,,0,
충북,괴산군,상급종합병원,2020,0,0,0,,0,
충북,괴산군,상급종합병원,2021,0,0,0,,0,
충북,괴산군,상급종합병원,2022,0,0,0,,0,
충북,괴산군,상급종합병원,2023,0,0,0,,0,
충북,괴산군,상급종합병원,2024,0,0,0,,0,
충북,괴산군,상급종합병원,2025,0,0,0,,0,
충북,괴산군,의원,2007,12,,1,0.08333333333333333,,
충북,괴산군,의원,2008,13,1,1,0.07692307692307693,2,0.15384615384615385
충북,괴산군,의원,2009,14,1,2,0.14285714285714285,3,0.21428571428571427
충북,괴산군,의원,2010,13,-1,3,0.23076923076923078,2,0.15384615384615385
충북,괴산군,의원,2011,12,-1,1,0.08333333333333333,0,0.0
충북,괴산군,의원,2012,10,-2,4,0.4,2,0.2
충북,괴산군,의원,2013,11,1,0,0.0,1,0.09090909090909091
충북,괴산군,의원,2014,11,0,1,0.09090909090909091,1,0.09090909090909091
충북,괴산군,의원,2015,10,-1,1,0.1,0,0.0
충북,괴산군,의원,2016,10,0,0,0.0,0,0.0
충북,괴산군,의원,2017,10,0,1,0.1,1,0.1
충북,괴산군,의원,2018,10,0,1,0.1,1,0.1
충북,괴산군,의원,2019,9,-1,1,0.1111111111111111,0,0.0
충북,괴산군,의원,2020,9,0,3,0.3333333333333333,3,0.3333333333333333
충북,괴산군,의원,2021,9,0,0,0.0,0,0.0
충북,괴산군,의원,2022,10,1,2,0.2,3,0.3
충북,괴산군,의원,2023,10,0,0,0.0,0,0.0
충북,괴산군,의원,2024,9,-1,1,0.1111111111111111,0,0.0
충북,괴산군,의원,2025,8,-1,1,0.125,0,0.0
충북,괴산군,종합병원,2007,0,,0,,,
충북,괴산군,종합병원,2008,0,0,0,,0,
충북,괴산군,종합병원,2009,0,0,0,,0,
충북,괴산군,종합병원,2010,0,0,0,,0,
충북,괴산군,종합병원,2011,0,0,0,,0,
충북,괴산군,종합병원,2012,0,0,0,,0,
충북,괴산군,종합병원,2013,0,0,0,,0,
충북,괴산군,종합병원,2014,0,0,0,,0,
충북,괴산군,종합병원,2015,0,0,0,,0,
충북,괴산군,종합병원,2016,0,0,0,,0,
충북,괴산군,종합병원,2017,0,0,0,,0,
충북,괴산군,종합병원,2018,0,0,0,,0,
충북,괴산군,종합병원,2019,0,0,0,,0,
충북,괴산군,종합병원,2020,0,0,0,,0,
충북,괴산군,종합병원,2021,0,0,0,,0,
충북,괴산군,종합병원,2022,0,0,0,,0,
충북,괴산군,종합병원,2023,0,0,0,,0,
충북,괴산군,종합병원,2024,0,0,0,,0,
충북,괴산군,종합병원,2025,0,0,0,,0,
충북,단양군,병원,2007,1,,0,0.0,,
충북,단양군,병원,2008,1,0,0,0.0,0,0.0
충북,단양군,병원,2009,1,0,0,0.0,0,0.0
충북,단양군,병원,2010,1,0,0,0.0,0,0.0
충북,단양군,병원,2011,1,0,0,0.0,0,0.0
충북,단양군,병원,2012,1,0,0,0.0,0,0.0
충북,단양군,병원,2013,1,0,0,0.0,0,0.0
충북,단양군,병원,2014,1,0,0,0.0,0,0.0
충북,단양군,병원,2015,1,0,0,0.0,0,0.0
충북,단양군,병원,2016,1,0,0,0.0,0,0.0
충북,단양군,병원,2017,1,0,0,0.0,0,0.0
충북,단양군,병원,2018,1,0,0,0.0,0,0.0
충북,단양군,병원,2019,1,0,0,0.0,0,0.0
충북,단양군,병원,2020,1,0,1,1.0,1,1.0
충북,단양군,병원,2021,0,-1,0,,-1,
충북,단양군,병원,2022,0,0,0,,0,
충북,단양군,병원,2023,0,0,0,,0,
충북,단양군,병원,2024,0,0,0,,0,
충북,단양군,병원,2025,0,0,0,,0,
충북,단양군,상급종합병원,2007,0,,0,,,
충북,단양군,상급종합병원,2008,0,0,0,,0,
충북,단양군,상급종합병원,2009,0,0,0,,0,
충북,단양군,상급종합병원,2010,0,0,0,,0,
충북,단양군,상급종합병원,2011,0,0,0,,0,
충북,단양군,상급종합병원,2012,0,0,0,,0,
충북,단양군,상급종합병원,2013,0,0,0,,0,
충북,단양군,상급종합병원,2014,0,0,0,,0,
충북,단양군,상급종합병원,2015,0,0,0,,0,
충북,단양군,상급종합병원,2016,0,0,0,,0,
충북,단양군,상급종합병원,2017,0,0,0,,0,
충북,단양군,상급종합병원,2018,0,0,0,,0,
충북,단양군,상급종합병원,2019,0,0,0,,0,
충북,단양군,상급종합병원,2020,0,0,0,,0,
충북,단양군,상급종합병원,2021,0,0,0,,0,
충북,단양군,상급종합병원,2022,0,0,0,,0,
충북,단양군,상급종합병원,2023,0,0,0,,0,
충북,단양군,상급종합병원,2024,0,0,0,,0,
충북,단양군,상급종합병원,2025,0,0,0,,0,
충북,단양군,의원,2007,8,,2,0.25,,
충북,단양군,의원,2008,8,0,2,0.25,2,0.25
충북,단양군,의원,2009,7,-1,0,0.0,-1,-0.14285714285714285
충북,단양군,의원,2010,8,1,0,0.0,1,0.125
충북,단양군,의원,2011,8,0,2,0.25,2,0.25
충북,단양군,의원,2012,7,-1,1,0.14285714285714285,0,0.0
충북,단양군,의원,2013,6,-1,0,0.0,-1,-0.16666666666666666
충북,단양군,의원,2014,6,0,0,0.0,0,0.0
충북,단양군,의원,2015,6,0,0,0.0,0,0.0
충북,단양군,의원,2016,7,1,0,0.0,1,0.14285714285714285
충북,단양군,의원,2017,7,0,0,0.0,0,0.0
충북,단양군,의원,2018,8,1,3,0.375,4,0.5
충북,단양군,의원,2019,6,-2,0,0.0,-2,-0.3333333333333333
충북,단양군,의원,2020,7,1,0,0.0,1,0.14285714285714285
충북,단양군,의원,2021,7,0,0,0.0,0,0.0
충북,단양군,의원,2022,7,0,0,0.0,0,0.0
충북,단양군,의원,2023,7,0,0,0.0,0,0.0
충북,단양군,의원,2024,7,0,0,0.0,0,0.0
충북,단양군,의원,2025,7,0,0,0.0,0,0.0
충북,단양군,종합병원,2007,0,,0,,,
충북,단양군,종합병원,2008,0,0,0,,0,
충북,단양군,종합병원,2009,0,0,0,,0,
충북,단양군,종합병원,2010,0,0,0,,0,
충북,단양군,종합병원,2011,0,0,0,,0,
충북,단양군,종합병원,2012,0,0,0,,0,
충북,단양군,종합병원,2013,0,0,0,,0,
충북,단양군,종합병원,2014,0,0,0,,0,
충북,단양군,종합병원,2015,0,0,0,,0,
충북,단양군,종합병원,2016,0,0,0,,0,
충북,단양군,종합병원,2017,0,0,0,,0,
충북,단양군,종합병원,2018,0,0,0,,0,
충북,단양군,종합병원,2019,0,0,0,,0,
충북,단양군,종합병원,2020,0,0,0,,0,
충북,단양군,종합병원,2021,0,0,0,,0,
충북,단양군,종합병원,2022,0,0,0,,0,
충북,단양군,종합병원,2023,0,0,0,,0,
충북,단양군,종합병원,2024,0,0,0,,0,
충북,단양군,종합병원,2025,0,0,0,,0,
충북,보은군,병원,2007,2,,0,0.0,,
충북,보은군,병원,2008,2,0,0,0.0,0,0.0
충북,보은군,병원,2009,2,0,1,0.5,1,0.5
충북,보은군,병원,2010,2,0,0,0.0,0,0.0
충북,보은군,병원,2011,2,0,1,0.5,1,0.5
충북,보은군,병원,2012,2,0,0,0.0,0,0.0
충북,보은군,병원,2013,2,0,0,0.0,0,0.0
충북,보은군,병원,2014,2,0,0,0.0,0,0.0
충북,보은군,병원,2015,2,0,0,0.0,0,0.0
충북,보은군,병원,2016,2,0,0,0.0,0,0.0
충북,보은군,병원,2017,2,0,0,0.0,0,0.0
충북,보은군,병원,2018,2,0,0,0.0,0,0.0
충북,보은군,병원,2019,2,0,0,0.0,0,0.0
충북,보은군,병원,2020,2,0,0,0.0,0,0.0
충북,보은군,병원,2021,2,0,1,0.5,1,0.5
충북,보은군,병원,2022,1,-1,0,0.0,-1,-1.0
충북,보은군,병원,2023,1,0,0,0.0,0,0.0
충북,보은군,병원,2024,1,0,0,0.0,0,0.0
충북,보은군,병원,2025,1,0,0,0.0,0,0.0
충북,보은군,상급종합병원,2007,0,,0,,,
충북,보은군,상급종합병원,2008,0,0,0,,0,
충북,보은군,상급종합병원,2009,0,0,0,,0,
충북,보은군,상급종합병원,2010,0,0,0,,0,
충북,보은군,상급종합병원,2011,0,0,0,,0,
충북,보은군,상급종합병원,2012,0,0,0,,0,
충북,보은군,상급종합병원,2013,0,0,0,,0,
충북,보은군,상급종합병원,2014,0,0,0,,0,
충북,보은군,상급종합병원,2015,0,0,0,,0,
충북,보은군,상급종합병원,2016,0,0,0,,0,
충북,보은군,상급종합병원,2017,0,0,0,,0,
충북,보은군,상급종합병원,2018,0,0,0,,0,
충북,보은군,상급종합병원,2019,0,0,0,,0,
충북,보은군,상급종합병원,2020,0,0,0,,0,
충북,보은군,상급종합병원,2021,0,0,0,,0,
충북,보은군,상급종합병원,2022,0,0,0,,0,
충북,보은군,상급종합병원,2023,0,0,0,,0,
충북,보은군,상급종합병원,2024,0,0,0,,0,
충북,보은군,상급종합병원,2025,0,0,0,,0,
충북,보은군,의원,2007,15,,2,0.13333333333333333,,
충북,보은군,의원,2008,16,1,2,0.125,3,0.1875
충북,보은군,의원,2009,16,0,2,0.125,2,0.125
충북,보은군,의원,2010,16,0,0,0.0,0,0.0
충북,보은군,의원,2011,16,0,1,0.0625,1,0.0625
충북,보은군,의원,2012,17,1,2,0.11764705882352941,3,0.17647058823529413
충북,보은군,의원,2013,15,-2,0,0.0,-2,-0.13333333333333333
충북,보은군,의원,2014,15,0,2,0.13333333333333333,2,0.13333333333333333
충북,보은군,의원,2015,15,0,0,0.0,0,0.0
충북,보은군,의원,2016,16,1,0,0.0,1,0.0625
충북,보은군,의원,2017,16,0,2,0.125,2,0.125
충북,보은군,의원,2018,16,0,0,0.0,0,0.0
충북,보은군,의원,2019,16,0,0,0.0,0,0.0
충북,보은군,의원,2020,16,0,0,0.0,0,0.0
충북,보은군,의원,2021,15,-1,1,0.06666666666666667,0,0.0
충북,보은군,의원,2022,15,0,2,0.13333333333333333,2,0.13333333333333333
충북,보은군,의원,2023,14,-1,0,0.0,-1,-0.07142857142857142
충북,보은군,의원,2024,14,0,1,0.07142857142857142,1,0.07142857142857142
충북,보은군,의원,2025,13,-1,1,0.07692307692307693,0,0.0
충북,보은군,종합병원,2007,0,,0,,,
충북,보은군,종합병원,2008,0,0,0,,0,
충북,보은군,종합병원,2009,0,0,0,,0,
충북,보은군,종합병원,2010,0,0,0,,0,
충북,보은군,종합병원,2011,0,0,0,,0,
충북,보은군,종합병원,2012,0,0,0,,0,
충북,보은군,종합병원,2013,0,0,0,,0,
충북,보은군,종합병원,2014,0,0,0,,0,
충북,보은군,종합병원,2015,0,0,0,,0,
충북,보은군,종합병원,2016,0,0,0,,0,
충북,보은군,종합병원,2017,0,0,0,,0,
충북,보은군,종합병원,2018,0,0,0,,0,
충북,보은군,종합병원,2019,0,0,0,,0,
충북,보은군,종합병원,2020,0,0,0,,0,
충북,보은군,종합병원,2021,0,0,0,,0,
충북,보은군,종합병원,2022,0,0,0,,0,
충북,보은군,종합병원,2023,0,0,0,,0,
충북,보은군,종합병원,2024,0,0,0,,0,
충북,보은군,종합병원,2025,0,0,0,,0,
충북,영동군,병원,2007,1,,0,0.0,,
충북,영동군,병원,2008,1,0,0,0.0,0,0.0
충북,영동군,병원,2009,1,0,0,0.0,0,0.0
충북,영동군,병원,2010,1,0,0,0.0,0,0.0
충북,영동군,병원,2011,1,0,0,0.0,0,0.0
충북,영동군,병원,2012,2,1,1,0.5,2,1.0
충북,영동군,병원,2013,1,-1,0,0.0,-1,-1.0
충북,영동군,병원,2014,1,0,0,0.0,0,0.0
충북,영동군,병원,2015,1,0,0,0.0,0,0.0
충북,영동군,병원,2016,1,0,0,0.0,0,0.0
충북,영동군,병원,2017,1,0,0,0.0,0,0.0
충북,영동군,병원,2018,1,0,0,0.0,0,0.0
충북,영동군,병원,2019,1,0,0,0.0,0,0.0
충북,영동군,병원,2020,1,0,0,0.0,0,0.0
충북,영동군,병원,2021,1,0,0,0.0,0,0.0
충북,영동군,병원,2022,1,0,0,0.0,0,0.0
충북,영동군,병원,2023,1,0,0,0.0,0,0.0
충북,영동군,병원,2024,1,0,0,0.0,0,0.0
충북,영동군,병원,2025,1,0,0,0.0,0,0.0
충북,영동군,상급종합병원,2007,0,,0,,,
충북,영동군,상급종합병원,2008,0,0,0,,0,
충북,영동군,상급종합병원,2009,0,0,0,,0,
충북,영동군,상급종합병원,2010,0,0,0,,0,
충북,영동군,상급종합병원,2011,0,0,0,,0,
충북,영동군,상급종합병원,2012,0,0,0,,0,
충북,영동군,상급종합병원,2013,0,0,0,,0,
충북,영동군,상급종합병원,2014,0,0,0,,0,
충북,영동군,상급종합병원,2015,0,0,0,,0,
충북,영동군,상급종합병원,2016,0,0,0,,0,
충북,영동군,상급종합병원,2017,0,0,0,,0,
충북,영동군,상급종합병원,2018,0,0,0,,0,
충북,영동군,상급종합병원,2019,0,0,0,,0,
충북,영동군,상급종합병원,2020,0,0,0,,0,
충북,영동군,상급종합병원,2021,0,0,0,,0,
충북,영동군,상급종합병원,2022,0,0,0,,0,
충북,영동군,상급종합병원,2023,0,0,0,,0,
충북,영동군,상급종합병원,2024,0,0,0,,0,
충북,영동군,상급종합병원,2025,0,0,0,,0,
충북,영동군,의원,2007,26,,2,0.07692307692307693,,
충북,영동군,의원,2008,25,-1,0,0.0,-1,-0.04
충북,영동군,의원,2009,26,1,0,0.0,1,0.038461538461538464
충북,영동군,의원,2010,26,0,1,0.038461538461538464,1,0.038461538461538464
충북,영동군,의원,2011,26,0,2,0.07692307692307693,2,0.07692307692307693
충북,영동군,의원,2012,24,-2,2,0.08333333333333333,0,0.0
충북,영동군,의원,2013,24,0,1,0.041666666666666664,1,0.041666666666666664
충북,영동군,의원,2014,23,-1,0,0.0,-1,-0.043478260869565216
충북,영동군,의원,2015,24,1,2,0.08333333333333333,3,0.125
충북,영동군,의원,2016,24,0,2,0.08333333333333333,2,0.08333333333333333
충북,영동군,의원,2017,25,1,3,0.12,4,0.16
충북,영동군,의원,2018,26,1,0,0.0,1,0.038461538461538464
충북,영동군,의원,2019,26,0,1,0.038461538461538464,1,0.038461538461538464
충북,영동군,의원,2020,26,0,1,0.038461538461538464,1,0.038461538461538464
충북,영동군,의원,2021,26,0,0,0.0,0,0.0
충북,영동군,의원,2022,25,-1,1,0.04,0,0.0
충북,영동군,의원,2023,26,1,0,0.0,1,0.038461538461538464
충북,영동군,의원,2024,25,-1,2,0.08,1,0.04
충북,영동군,의원,2025,25,0,0,0.0,0,0.0
충북,영동군,종합병원,2007,0,,0,,,
충북,영동군,종합병원,2008,0,0,0,,0,
충북,영동군,종합병원,2009,0,0,0,,0,
충북,영동군,종합병원,2010,0,0,0,,0,
충북,영동군,종합병원,2011,0,0,0,,0,
충북,영동군,종합병원,2012,0,0,0,,0,
충북,영동군,종합병원,2013,0,0,0,,0,
충북,영동군,종합병원,2014,0,0,0,,0,
충북,영동군,종합병원,2015,0,0,0,,0,
충북,영동군,종합병원,2016,0,0,0,,0,
충북,영동군,종합병원,2017,0,0,0,,0,
충북,영동군,종합병원,2018,0,0,0,,0,
충북,영동군,종합병원,2019,0,0,0,,0,
충북,영동군,종합병원,2020,0,0,0,,0,
충북,영동군,종합병원,2021,0,0,0,,0,
충북,영동군,종합병원,2022,0,0,0,,0,
충북,영동군,종합병원,2023,0,0,0,,0,
충북,영동군,종합병원,2024,0,0,0,,0,
충북,영동군,종합병원,2025,0,0,0,,0,
충북,옥천군,병원,2007,0,,0,,,
충북,옥천군,병원,2008,0,0,0,,0,
충북,옥천군,병원,2009,0,0,0,,0,
충북,옥천군,병원,2010,0,0,0,,0,
충북,옥천군,병원,2011,0,0,0,,0,
충북,옥천군,병원,2012,0,0,0,,0,
충북,옥천군,병원,2013,0,0,0,,0,
충북,옥천군,병원,2014,0,0,0,,0,
충북,옥천군,병원,2015,0,0,0,,0,
충북,옥천군,병원,2016,0,0,0,,0,
충북,옥천군,병원,2017,0,0,0,,0,
충북,옥천군,병원,2018,0,0,0,,0,
충북,옥천군,병원,2019,0,0,0,,0,
충북,옥천군,병원,2020,0,0,0,,0,
충북,옥천군,병원,2021,0,0,0,,0,
충북,옥천군,병원,2022,0,0,0,,0,
충북,옥천군,병원,2023,0,0,0,,0,
충북,옥천군,병원,2024,0,0,0,,0,
충북,옥천군,병원,2025,0,0,0,,0,
충북,옥천군,상급종합병원,2007,0,,0,,,
충북,옥천군,상급종합병원,2008,0,0,0,,0,
충북,옥천군,상급종합병원,2009,0,0,0,,0,
충북,옥천군,상급종합병원,2010,0,0,0,,0,
충북,옥천군,상급종합병원,2011,0,0,0,,0,
충북,옥천군,상급종합병원,2012,0,0,0,,0,
충북,옥천군,상급종합병원,2013,0,0,0,,0,
충북,옥천군,상급종합병원,2014,0,0,0,,0,
충북,옥천군,상급종합병원,2015,0,0,0,,0,
충북,옥천군,상급종합병원,2016,0,0,0,,0,
충북,옥천군,상급종합병원,2017,0,0,0,,0,
충북,옥천군,상급종합병원,2018,0,0,0,,0,
충북,옥천군,상급종합병원,2019,0,0,0,,0,
충북,옥천군,상급종합병원,2020,0,0,0,,0,
충북,옥천군,상급종합병원,2021,0,0,0,,0,
충북,옥천군,상급종합병원,2022,0,0,0,,0,
충북,옥천군,상급종합병원,2023,0,0,0,,0,
충북,옥천군,상급종합병원,2024,0,0,0,,0,
충북,옥천군,상급종합병원,2025,0,0,0,,0,
충북,옥천군,의원,2007,29,,2,0.06896551724137931,,
충북,옥천군,의원,2008,29,0,2,0.06896551724137931,2,0.06896551724137931
충북,옥천군,의원,2009,30,1,2,0.06666666666666667,3,0.1
충북,옥천군,의원,2010,30,0,1,0.03333333333333333,1,0.03333333333333333
충북,옥천군,의원,2011,29,-1,1,0.034482758620689655,0,0.0
충북,옥천군,의원,2012,29,0,1,0.034482758620689655,1,0.034482758620689655
충북,옥천군,의원,2013,28,-1,1,0.03571428571428571,0,0.0
충북,옥천군,의원,2014,26,-2,3,0.11538461538461539,1,0.038461538461538464
충북,옥천군,의원,2015,28,2,0,0.0,2,0.07142857142857142
충북,옥천군,의원,2016,28,0,0,0.0,0,0.0
충북,옥천군,의원,2017,28,0,0,0.0,0,0.0
충북,옥천군,의원,2018,29,1,0,0.0,1,0.034482758620689655
충북,옥천군,의원,2019,29,0,0,0.0,0,0.0
충북,옥천군,의원,2020,29,0,3,0.10344827586206896,3,0.10344827586206896
충북,옥천군,의원,2021,28,-1,1,0.03571428571428571,0,0.0
충북,옥천군,의원,2022,27,-1,1,0.037037037037037035,0,0.0
충북,옥천군,의원,2023,28,1,0,0.0,1,0.03571428571428571
충북,옥천군,의원,2024,29,1,1,0.034482758620689655,2,0.06896551724137931
충북,옥천군,의원,2025,29,0,1,0.034482758620689655,1,0.034482758620689655
충북,옥천군,종합병원,2007,1,,0,0.0,,
충북,옥천군,종합병원,2008,1,0,0,0.0,0,0.0
충북,옥천군,종합병원,2009,1,0,0,0.0,0,0.0
충북,옥천군,종합병원,2010,1,0,0,0.0,0,0.0
충북,옥천군,종합병원,2011,1,0,0,0.0,0,0.0
충북,옥천군,종합병원,2012,1,0,0,0.0,0,0.0
충북,옥천군,종합병원,2013,1,0,0,0.0,0,0.0
충북,옥천군,종합병원,2014,1,0,0,0.0,0,0.0
충북,옥천군,종합병원,2015,1,0,1,1.0,1,1.0
충북,옥천군,종합병원,2016,1,0,0,0.0,0,0.0
충북,옥천군,종합병원,2017,1,0,0,0.0,0,0.0
충북,옥천군,종합병원,2018,1,0,0,0.0,0,0.0
충북,옥천군,종합병원,2019,1,0,0,0.0,0,0.0
충북,옥천군,종합병원,2020,1,0,0,0.0,0,0.0
충북,옥천군,종합병원,2021,1,0,0,0.0,0,0.0
충북,옥천군,종합병원,2022,1,0,0,0.0,0,0.0
충북,옥천군,종합병원,2023,1,0,0,0.0,0,0.0
충북,옥천군,종합병원,2024,1,0,0,0.0,0,0.0
충북,옥천군,종합병원,2025,1,0,0,0.0,0,0.0
충북,음성군,병원,2007,5,,1,0.2,,
충북,음성군,병원,2008,5,0,1,0.2,1,0.2
충북,음성군,병원,2009,7,2,2,0.2857142857142857,4,0.5714285714285714
충북,음성군,병원,2010,5,-2,0,0.0,-2,-0.4
충북,음성군,병원,2011,6,1,1,0.16666666666666666,2,0.3333333333333333
충북,음성군,병원,2012,6,0,0,0.0,0,0.0
충북,음성군,병원,2013,6,0,0,0.0,0,0.0
충북,음성군,병원,2014,6,0,1,0.16666666666666666,1,0.16666666666666666
충북,음성군,병원,2015,5,-1,0,0.0,-1,-0.2
충북,음성군,병원,2016,5,0,0,0.0,0,0.0
충북,음성군,병원,2017,4,-1,0,0.0,-1,-0.25
충북,음성군,병원,2018,4,0,0,0.0,0,0.0
충북,음성군,병원,2019,4,0,0,0.0,0,0.0
충북,음성군,병원,2020,4,0,2,0.5,2,0.5
충북,음성군,병원,2021,2,-2,0,0.0,-2,-1.0
충북,음성군,병원,2022,2,0,0,0.0,0,0.0
충북,음성군,병원,2023,2,0,0,0.0,0,0.0
충북,음성군,병원,2024,2,0,0,0.0,0,0.0
충북,음성군,병원,2025,2,0,0,0.0,0,0.0
충북,음성군,상급종합병원,2007,0,,0,,,
충북,음성군,상급종합병원,2008,0,0,0,,0,
충북,음성군,상급종합병원,2009,0,0,0,,0,
충북,음성군,상급종합병원,2010,0,0,0,,0,
충북,음성군,상급종합병원,2011,0,0,0,,0,
충북,음성군,상급종합병원,2012,0,0,0,,0,
충북,음성군,상급종합병원,2013,0,0,0,,0,
충북,음성군,상급종합병원,2014,0,0,0,,0,
충북,음성군,상급종합병원,2015,0,0,0,,0,
충북,음성군,상급종합병원,2016,0,0,0,,0,
충북,음성군,상급종합병원,2017,0,0,0,,0,
충북,음성군,상급종합병원,2018,0,0,0,,0,
충북,음성군,상급종합병원,2019,0,0,0,,0,
충북,음성군,상급종합병원,2020,0,0,0,,0,
충북,음성군,상급종합병원,2021,0,0,0,,0,
충북,음성군,상급종합병원,2022,0,0,0,,0,
충북,음성군,상급종합병원,2023,0,0,0,,0,
충북,음성군,상급종합병원,2024,0,0,0,,0,
충북,음성군,상급종합병원,2025,0,0,0,,0,
충북,음성군,의원,2007,41,,3,0.07317073170731707,,
충북,음성군,의원,2008,40,-1,5,0.125,4,0.1
충북,음성군,의원,2009,41,1,4,0.0975609756097561,5,0.12195121951219512
충북,음성군,의원,2010,40,-1,2,0.05,1,0.025
충북,음성군,의원,2011,41,1,8,0.1951219512195122,9,0.21951219512195122
충북,음성군,의원,2012,39,-2,1,0.02564102564102564,-1,-0.02564102564102564
충북,음성군,의원,2013,39,0,2,0.05128205128205128,2,0.05128205128205128
충북,음성군,의원,2014,39,0,1,0.02564102564102564,1,0.02564102564102564
충북,음성군,의원,2015,39,0,0,0.0,0,0.0
충북,음성군,의원,2016,44,5,5,0.11363636363636363,10,0.22727272727272727
충북,음성군,의원,2017,40,-4,6,0.15,2,0.05
충북,음성군,의원,2018,44,4,3,0.06818181818181818,7,0.1590909090909091
충북,음성군,의원,2019,45,1,4,0.08888888888888889,5,0.1111111111111111
충북,음성군,의원,2020,45,0,4,0.08888888888888889,4,0.08888888888888889
충북,음성군,의원,2021,45,0,2,0.044444444444444446,2,0.044444444444444446
충북,음성군,의원,2022,44,-1,0,0.0,-1,-0.022727272727272728
충북,음성군,의원,2023,45,1,2,0.044444444444444446,3,0.06666666666666667
충북,음성군,의원,2024,46,1,1,0.021739130434782608,2,0.043478260869565216
충북,음성군,의원,2025,44,-2,3,0.06818181818181818,1,0.022727272727272728
충북,음성군,종합병원,2007,0,,0,,,
충북,음성군,종합병원,2008,0,0,0,,0,
충북,음성군,종합병원,2009,0,0,0,,0,
충북,음성군,종합병원,2010,0,0,0,,0,
충북,음성군,종합병원,2011,0,0,0,,0,
충북,음성군,종합병원,2012,0,0,0,,0,
충북,음성군,종합병원,2013,0,0,0,,0,
충북,음성군,종합병원,2014,0,0,0,,0,
충북,음성군,종합병원,2015,0,0,0,,0,
충북,음성군,종합병원,2016,0,0,0,,0,
충북,음성군,종합병원,2017,0,0,0,,0,
충북,음성군,종합병원,2018,0,0,0,,0,
충북,음성군,종합병원,2019,0,0,0,,0,
충북,음성군,종합병원,2020,0,0,0,,0,
충북,음성군,종합병원,2021,0,0,0,,0,
충북,음성군,종합병원,2022,0,0,0,,0,
충북,음성군,종합병원,2023,0,0,0,,0,
충북,음성군,종합병원,2024,0,0,0,,0,
충북,음성군,종합병원,2025,0,0,0,,0,
충북,제천시,병원,2007,2,,0,0.0,,
충북,제천시,병원,2008,2,0,0,0.0,0,0.0
충북,제천시,병원,2009,2,0,0,0.0,0,0.0
충북,제천시,병원,2010,3,1,0,0.0,1,0.3333333333333333
충북,제천시,병원,2011,3,0,0,0.0,0,0.0
충북,제천시,병원,2012,3,0,2,0.6666666666666666,2,0.6666666666666666
충북,제천시,병원,2013,1,-2,0,0.0,-2,-2.0
충북,제천시,병원,2014,2,1,0,0.0,1,0.5
충북,제천시,병원,2015,2,0,0,0.0,0,0.0
충북,제천시,병원,2016,2,0,0,0.0,0,0.0
충북,제천시,병원,2017,2,0,0,0.0,0,0.0
충북,제천시,병원,2018,2,0,1,0.5,1,0.5
충북,제천시,병원,2019,1,-1,0,0.0,-1,-1.0
충북,제천시,병원,2020,1,0,0,0.0,0,0.0
충북,제천시,병원,2021,1,0,0,0.0,0,0.0
충북,제천시,병원,2022,1,0,0,0.0,0,0.0
충북,제천시,병원,2023,1,0,0,0.0,0,0.0
충북,제천시,병원,2024,1,0,0,0.0,0,0.0
충북,제천시,병원,2025,1,0,0,0.0,0,0.0
충북,제천시,상급종합병원,2007,0,,0,,,
충북,제천시,상급종합병원,2008,0,0,0,,0,
충북,제천시,상급종합병원,2009,0,0,0,,0,
충북,제천시,상급종합병원,2010,0,0,0,,0,
충북,제천시,상급종합병원,2011,0,0,0,,0,
충북,제천시,상급종합병원,2012,0,0,0,,0,
충북,제천시,상급종합병원,2013,0,0,0,,0,
충북,제천시,상급종합병원,2014,0,0,0,,0,
충북,제천시,상급종합병원,2015,0,0,0,,0,
충북,제천시,상급종합병원,2016,0,0,0,,0,
충북,제천시,상급종합병원,2017,0,0,0,,0,
충북,제천시,상급종합병원,2018,0,0,0,,0,
충북,제천시,상급종합병원,2019,0,0,0,,0,
충북,제천시,상급종합병원,2020,0,0,0,,0,
충북,제천시,상급종합병원,2021,0,0,0,,0,
충북,제천시,상급종합병원,2022,0,0,0,,0,
충북,제천시,상급종합병원,2023,0,0,0,,0,
충북,제천시,상급종합병원,2024,0,0,0,,0,
충북,제천시,상급종합병원,2025,0,0,0,,0,
충북,제천시,의원,2007,75,,8,0.10666666666666667,,
충북,제천시,의원,2008,76,1,7,0.09210526315789473,8,0.10526315789473684
충북,제천시,의원,2009,77,1,3,0.03896103896103896,4,0.05194805194805195
충북,제천시,의원,2010,77,0,6,0.07792207792207792,6,0.07792207792207792
충북,제천시,의원,2011,79,2,3,0.0379746835443038,5,0.06329113924050633
충북,제천시,의원,2012,83,4,4,0.04819277108433735,8,0.0963855421686747
충북,제천시,의원,2013,79,-4,8,0.10126582278481013,4,0.05063291139240506
충북,제천시,의원,2014,80,1,3,0.0375,4,0.05
충북,제천시,의원,2015,80,0,2,0.025,2,0.025
충북,제천시,의원,2016,83,3,5,0.060240963855421686,8,0.0963855421686747
충북,제천시,의원,2017,83,0,6,0.07228915662650602,6,0.07228915662650602
충북,제천시,의원,2018,79,-4,2,0.02531645569620253,-2,-0.02531645569620253
충북,제천시,의원,2019,79,0,0,0.0,0,0.0
충북,제천시,의원,2020,84,5,1,0.011904761904761904,6,0.07142857142857142
충북,제천시,의원,2021,86,2,7,0.08139534883720931,9,0.10465116279069768
충북,제천시,의원,2022,84,-2,3,0.03571428571428571,1,0.011904761904761904
충북,제천시,의원,2023,85,1,5,0.058823529411764705,6,0.07058823529411765
충북,제천시,의원,2024,82,-3,1,0.012195121951219513,-2,-0.024390243902439025
충북,제천시,의원,2025,84,2,1,0.011904761904761904,3,0.03571428571428571
충북,제천시,종합병원,2007,1,,0,0.0,,
충북,제천시,종합병원,2008,1,0,0,0.0,0,0.0
충북,제천시,종합병원,2009,1,0,0,0.0,0,0.0
충북,제천시,종합병원,2010,1,0,0,0.0,0,0.0
충북,제천시,종합병원,2011,2,1,0,0.0,1,0.5
충북,제천시,종합병원,2012,2,0,0,0.0,0,0.0
충북,제천시,종합병원,2013,2,0,0,0.0,0,0.0
충북,제천시,종합병원,2014,2,0,0,0.0,0,0.0
충북,제천시,종합병원,2015,2,0,0,0.0,0,0.0
충북,제천시,종합병원,2016,2,0,0,0.0,0,0.0
충북,제천시,종합병원,2017,2,0,0,0.0,0,0.0
충북,제천시,종합병원,2018,2,0,0,0.0,0,0.0
충북,제천시,종합병원,2019,2,0,0,0.0,0,0.0
충북,제천시,종합병원,2020,2,0,0,0.0,0,0.0
충북,제천시,종합병원,2021,2,0,0,0.0,0,0.0
충북,제천시,종합병원,2022,2,0,0,0.0,0,0.0
충북,제천시,종합병원,2023,2,0,0,0.0,0,0.0
충북,제천시,종합병원,2024,2,0,0,0.0,0,0.0
충북,제천시,종합병원,2025,2,0,0,0.0,0,0.0
충북,증평군,병원,2007,2,,0,0.0,,
충북,증평군,병원,2008,2,0,1,0.5,1,0.5
충북,증평군,병원,2009,2,0,0,0.0,0,0.0
충북,증평군,병원,2010,2,0,0,0.0,0,0.0
충북,증평군,병원,2011,2,0,0,0.0,0,0.0
충북,증평군,병원,2012,2,0,0,0.0,0,0.0
충북,증평군,병원,2013,2,0,0,0.0,0,0.0
충북,증평군,병원,2014,1,-1,1,1.0,0,0.0
충북,증평군,병원,2015,2,1,0,0.0,1,0.5
충북,증평군,병원,2016,2,0,2,1.0,2,1.0
충북,증평군,병원,2017,3,1,0,0.0,1,0.3333333333333333
충북,증평군,병원,2018,3,0,1,0.3333333333333333,1,0.3333333333333333
충북,증평군,병원,2019,3,0,2,0.6666666666666666,2,0.6666666666666666
충북,증평군,병원,2020,1,-2,2,2.0,0,0.0
충북,증평군,병원,2021,1,0,0,0.0,0,0.0
충북,증평군,병원,2022,1,0,0,0.0,0,0.0
충북,증평군,병원,2023,0,-1,1,,0,
충북,증평군,병원,2024,0,0,0,,0,
충북,증평군,병원,2025,1,1,0,0.0,1,1.0
충북,증평군,상급종합병원,2007,0,,0,,,
충북,증평군,상급종합병원,2008,0,0,0,,0,
충북,증평군,상급종합병원,2009,0,0,0,,0,
충북,증평군,상급종합병원,2010,0,0,0,,0,
충북,증평군,상급종합병원,2011,0,0,0,,0,
충북,증평군,상급종합병원,2012,0,0,0,,0,
충북,증평군,상급종합병원,2013,0,0,0,,0,
충북,증평군,상급종합병원,2014,0,0,0,,0,
충북,증평군,상급종합병원,2015,0,0,0,,0,
충북,증평군,상급종합병원,2016,0,0,0,,0,
충북,증평군,상급종합병원,2017,0,0,0,,0,
충북,증평군,상급종합병원,2018,0,0,0,,0,
충북,증평군,상급종합병원,2019,0,0,0,,0,
충북,증평군,상급종합병원,2020,0,0,0,,0,
충북,증평군,상급종합병원,2021,0,0,0,,0,
충북,증평군,상급종합병원,2022,0,0,0,,0,
충북,증평군,상급종합병원,2023,0,0,0,,0,
충북,증평군,상급종합병원,2024,0,0,0,,0,
충북,증평군,상급종합병원,2025,0,0,0,,0,
충북,증평군,의원,2007,19,,2,0.10526315789473684,,
충북,증평군,의원,2008,17,-2,1,0.058823529411764705,-1,-0.058823529411764705
충북,증평군,의원,2009,19,2,1,0.05263157894736842,3,0.15789473684210525
충북,증평군,의원,2010,18,-1,1,0.05555555555555555,0,0.0
충북,증평군,의원,2011,20,2,1,0.05,3,0.15
충북,증평군,의원,2012,19,-1,2,0.10526315789473684,1,0.05263157894736842
충북,증평군,의원,2013,17,-2,1,0.058823529411764705,-1,-0.058823529411764705
충북,증평군,의원,2014,17,0,0,0.0,0,0.0
충북,증평군,의원,2015,17,0,0,0.0,0,0.0
충북,증평군,의원,2016,18,1,0,0.0,1,0.05555555555555555
충북,증평군,의원,2017,19,1,1,0.05263157894736842,2,0.10526315789473684
충북,증평군,의원,2018,19,0,1,0.05263157894736842,1,0.05263157894736842
충북,증평군,의원,2019,20,1,1,0.05,2,0.1
충북,증평군,의원,2020,20,0,0,0.0,0,0.0
충북,증평군,의원,2021,20,0,0,0.0,0,0.0
충북,증평군,의원,2022,21,1,1,0.047619047619047616,2,0.09523809523809523
충북,증평군,의원,2023,21,0,1,0.047619047619047616,1,0.047619047619047616
충북,증평군,의원,2024,21,0,0,0.0,0,0.0
충북,증평군,의원,2025,21,0,0,0.0,0,0.0
충북,증평군,종합병원,2007,0,,0,,,
충북,증평군,종합병원,2008,0,0,0,,0,
충북,증평군,종합병원,2009,0,0,0,,0,
충북,증평군,종합병원,2010,0,0,0,,0,
충북,증평군,종합병원,2011,0,0,0,,0,
충북,증평군,종합병원,2012,0,0,0,,0,
충북,증평군,종합병원,2013,0,0,0,,0,
충북,증평군,종합병원,2014,0,0,0,,0,
충북,증평군,종합병원,2015,0,0,0,,0,
충북,증평군,종합병원,2016,0,0,0,,0,
충북,증평군,종합병원,2017,0,0,0,,0,
충북,증평군,종합병원,2018,0,0,0,,0,
충북,증평군,종합병원,2019,0,0,0,,0,
충북,증평군,종합병원,2020,0,0,0,,0,
충북,증평군,종합병원,2021,0,0,0,,0,
충북,증평군,종합병원,2022,0,0,0,,0,
충북,증평군,종합병원,2023,0,0,0,,0,
충북,증평군,종합병원,2024,0,0,0,,0,
충북,증평군,종합병원,2025,0,0,0,,0,
충북,진천군,병원,2007,1,,0,0.0,,
충북,진천군,병원,2008,1,0,0,0.0,0,0.0
충북,진천군,병원,2009,1,0,0,0.0,0,0.0
충북,진천군,병원,2010,2,1,0,0.0,1,0.5
충북,진천군,병원,2011,2,0,1,0.5,1,0.5
충북,진천군,병원,2012,1,-1,1,1.0,0,0.0
충북,진천군,병원,2013,1,0,0,0.0,0,0.0
충북,진천군,병원,2014,1,0,0,0.0,0,0.0
충북,진천군,병원,2015,1,0,1,1.0,1,1.0
충북,진천군,병원,2016,0,-1,0,,-1,
충북,진천군,병원,2017,0,0,0,,0,
충북,진천군,병원,2018,0,0,0,,0,
충북,진천군,병원,2019,0,0,0,,0,
충북,진천군,병원,2020,0,0,0,,0,
충북,진천군,병원,2021,1,1,0,0.0,1,1.0
충북,진천군,병원,2022,1,0,1,1.0,1,1.0
충북,진천군,병원,2023,1,0,0,0.0,0,0.0
충북,진천군,병원,2024,1,0,0,0.0,0,0.0
충북,진천군,병원,2025,1,0,0,0.0,0,0.0
충북,진천군,상급종합병원,2007,0,,0,,,
충북,진천군,상급종합병원,2008,0,0,0,,0,
충북,진천군,상급종합병원,2009,0,0,0,,0,
충북,진천군,상급종합병원,2010,0,0,0,,0,
충북,진천군,상급종합병원,2011,0,0,0,,0,
충북,진천군,상급종합병원,2012,0,0,0,,0,
충북,진천군,상급종합병원,2013,0,0,0,,0,
충북,진천군,상급종합병원,2014,0,0,0,,0,
충북,진천군,상급종합병원,2015,0,0,0,,0,
충북,진천군,상급종합병원,2016,0,0,0,,0,
충북,진천군,상급종합병원,2017,0,0,0,,0,
충북,진천군,상급종합병원,2018,0,0,0,,0,
충북,진천군,상급종합병원,2019,0,0,0,,0,
충북,진천군,상급종합병원,2020,0,0,0,,0,
충북,진천군,상급종합병원,2021,0,0,0,,0,
충북,진천군,상급종합병원,2022,0,0,0,,0,
충북,진천군,상급종합병원,2023,0,0,0,,0,
충북,진천군,상급종합병원,2024,0,0,0,,0,
충북,진천군,상급종합병원,2025,0,0,0,,0,
충북,진천군,의원,2007,26,,3,0.11538461538461539,,
충북,진천군,의원,2008,25,-1,1,0.04,0,0.0
충북,진천군,의원,2009,24,-1,2,0.08333333333333333,1,0.041666666666666664
충북,진천군,의원,2010,25,1,2,0.08,3,0.12
충북,진천군,의원,2011,27,2,2,0.07407407407407407,4,0.14814814814814814
충북,진천군,의원,2012,26,-1,1,0.038461538461538464,0,0.0
충북,진천군,의원,2013,25,-1,0,0.0,-1,-0.04
충북,진천군,의원,2014,26,1,0,0.0,1,0.038461538461538464
충북,진천군,의원,2015,25,-1,2,0.08,1,0.04
충북,진천군,의원,2016,25,0,0,0.0,0,0.0
충북,진천군,의원,2017,26,1,0,0.0,1,0.038461538461538464
충북,진천군,의원,2018,30,4,0,0.0,4,0.13333333333333333
충북,진천군,의원,2019,34,4,0,0.0,4,0.11764705882352941
충북,진천군,의원,2020,38,4,0,0.0,4,0.10526315789473684
충북,진천군,의원,2021,41,3,2,0.04878048780487805,5,0.12195121951219512
충북,진천군,의원,2022,40,-1,0,0.0,-1,-0.025
충북,진천군,의원,2023,40,0,2,0.05,2,0.05
충북,진천군,의원,2024,40,0,1,0.025,1,0.025
충북,진천군,의원,2025,41,1,1,0.024390243902439025,2,0.04878048780487805
충북,진천군,종합병원,2007,0,,0,,,
충북,진천군,종합병원,2008,0,0,0,,0,
충북,진천군,종합병원,2009,0,0,0,,0,
충북,진천군,종합병원,2010,0,0,0,,0,
충북,진천군,종합병원,2011,0,0,0,,0,
충북,진천군,종합병원,2012,0,0,0,,0,
충북,진천군,종합병원,2013,0,0,0,,0,
충북,진천군,종합병원,2014,0,0,0,,0,
충북,진천군,종합병원,2015,0,0,0,,0,
충북,진천군,종합병원,2016,1,1,0,0.0,1,1.0
충북,진천군,종합병원,2017,1,0,0,0.0,0,0.0
충북,진천군,종합병원,2018,1,0,0,0.0,0,0.0
충북,진천군,종합병원,2019,1,0,0,0.0,0,0.0
충북,진천군,종합병원,2020,1,0,0,0.0,0,0.0
충북,진천군,종합병원,2021,1,0,0,0.0,0,0.0
충북,진천군,종합병원,2022,1,0,0,0.0,0,0.0
충북,진천군,종합병원,2023,1,0,0,0.0,0,0.0
충북,진천군,종합병원,2024,1,0,0,0.0,0,0.0
충북,진천군,종합병원,2025,1,0,0,0.0,0,0.0
충북,충주시,병원,2007,3,,1,0.3333333333333333,,
충북,충주시,병원,2008,3,0,2,0.6666666666666666,2,0.6666666666666666
충북,충주시,병원,2009,3,0,0,0.0,0,0.0
충북,충주시,병원,2010,3,0,0,0.0,0,0.0
충북,충주시,병원,2011,3,0,0,0.0,0,0.0
충북,충주시,병원,2012,3,0,0,0.0,0,0.0
충북,충주시,병원,2013,3,0,1,0.3333333333333333,1,0.3333333333333333
충북,충주시,병원,2014,3,0,0,0.0,0,0.0
충북,충주시,병원,2015,3,0,0,0.0,0,0.0
충북,충주시,병원,2016,2,-1,1,0.5,0,0.0
충북,충주시,병원,2017,2,0,0,0.0,0,0.0
충북,충주시,병원,2018,2,0,0,0.0,0,0.0
충북,충주시,병원,2019,3,1,0,0.0,1,0.3333333333333333
충북,충주시,병원,2020,3,0,0,0.0,0,0.0
충북,충주시,병원,2021,4,1,1,0.25,2,0.5
충북,충주시,병원,2022,4,0,0,0.0,0,0.0
충북,충주시,병원,2023,3,-1,1,0.3333333333333333,0,0.0
충북,충주시,병원,2024,4,1,1,0.25,2,0.5
충북,충주시,병원,2025,4,0,0,0.0,0,0.0
충북,충주시,상급종합병원,2007,0,,0,,,
충북,충주시,상급종합병원,2008,0,0,0,,0,
충북,충주시,상급종합병원,2009,0,0,0,,0,
충북,충주시,상급종합병원,2010,0,0,0,,0,
충북,충주시,상급종합병원,2011,0,0,0,,0,
충북,충주시,상급종합병원,2012,0,0,0,,0,
충북,충주시,상급종합병원,2013,0,0,0,,0,
충북,충주시,상급종합병원,2014,0,0,0,,0,
충북,충주시,상급종합병원,2015,0,0,0,,0,
충북,충주시,상급종합병원,2016,0,0,0,,0,
충북,충주시,상급종합병원,2017,0,0,0,,0,
충북,충주시,상급종합병원,2018,0,0,0,,0,
충북,충주시,상급종합병원,2019,0,0,0,,0,
충북,충주시,상급종합병원,2020,0,0,0,,0,
충북,충주시,상급종합병원,2021,0,0,0,,0,
충북,충주시,상급종합병원,2022,0,0,0,,0,
충북,충주시,상급종합병원,2023,0,0,0,,0,
충북,충주시,상급종합병원,2024,0,0,0,,0,
충북,충주시,상급종합병원,2025,0,0,0,,0,
충북,충주시,의원,2007,105,,9,0.08571428571428572,,
충북,충주시,의원,2008,102,-3,9,0.08823529411764706,6,0.058823529411764705
충북,충주시,의원,2009,103,1,7,0.06796116504854369,8,0.07766990291262135
충북,충주시,의원,2010,103,0,6,0.05825242718446602,6,0.05825242718446602
충북,충주시,의원,2011,104,1,8,0.07692307692307693,9,0.08653846153846154
충북,충주시,의원,2012,111,7,8,0.07207207207207207,15,0.13513513513513514
충북,충주시,의원,2013,112,1,9,0.08035714285714286,10,0.08928571428571429
충북,충주시,의원,2014,113,1,4,0.035398230088495575,5,0.04424778761061947
충북,충주시,의원,2015,113,0,6,0.05309734513274336,6,0.05309734513274336
충북,충주시,의원,2016,117,4,4,0.03418803418803419,8,0.06837606837606838
충북,충주시,의원,2017,120,3,10,0.08333333333333333,13,0.10833333333333334
충북,충주시,의원,2018,118,-2,7,0.059322033898305086,5,0.0423728813559322
충북,충주시,의원,2019,122,4,2,0.01639344262295082,6,0.04918032786885246
충북,충주시,의원,2020,121,-1,3,0.024793388429752067,2,0.01652892561983471
충북,충주시,의원,2021,124,3,3,0.024193548387096774,6,0.04838709677419355
충북,충주시,의원,2022,124,0,4,0.03225806451612903,4,0.03225806451612903
충북,충주시,의원,2023,131,7,5,0.03816793893129771,12,0.0916030534351145
충북,충주시,의원,2024,129,-2,7,0.05426356589147287,5,0.03875968992248062
충북,충주시,의원,2025,128,-1,4,0.03125,3,0.0234375
충북,충주시,종합병원,2007,2,,0,0.0,,
충북,충주시,종합병원,2008,2,0,0,0.0,0,0.0
충북,충주시,종합병원,2009,2,0,0,0.0,0,0.0
충북,충주시,종합병원,2010,2,0,0,0.0,0,0.0
충북,충주시,종합병원,2011,2,0,0,0.0,0,0.0
충북,충주시,종합병원,2012,2,0,0,0.0,0,0.0
충북,충주시,종합병원,2013,2,0,0,0.0,0,0.0
충북,충주시,종합병원,2014,2,0,0,0.0,0,0.0
충북,충주시,종합병원,2015,2,0,0,0.0,0,0.0
충북,충주시,종합병원,2016,2,0,0,0.0,0,0.0
충북,충주시,종합병원,2017,2,0,0,0.0,0,0.0
충북,충주시,종합병원,2018,2,0,0,0.0,0,0.0
충북,충주시,종합병원,2019,2,0,0,0.0,0,0.0
충북,충주시,종합병원,2020,2,0,0,0.0,0,0.0
충북,충주시,종합병원,2021,2,0,0,0.0,0,0.0
충북,충주시,종합병원,2022,2,0,0,0.0,0,0.0
충북,충주시,종합병원,2023,2,0,0,0.0,0,0.0
충북,충주시,종합병원,2024,2,0,0,0.0,0,0.0
충북,충주시,종합병원,2025,2,0,0,0.0,0,0.0
