region_sido,region_sigungu,doctor_level,year,doctor_no
강원,강릉시,total,2007,326
강원,강릉시,total,2008,330
강원,강릉시,total,2009,385
강원,강릉시,total,2010,399
강원,강릉시,total,2011,399
강원,강릉시,total,2012,395
강원,강릉시,total,2013,428
강원,강릉시,total,2014,430
강원,강릉시,total,2015,439
강원,강릉시,total,2016,455
강원,강릉시,total,2017,465
강원,강릉시,total,2018,475
강원,강릉시,total,2019,475
강원,강릉시,total,2020,475
강원,강릉시,total,2021,485
강원,강릉시,total,2022,495
강원,강릉시,total,2023,477
강원,강릉시,total,2024,488
강원,강릉시,total,2025,455
강원,강릉시,레지던트,2007,45
강원,강릉시,레지던트,2008,41
강원,강릉시,레지던트,2009,83
강원,강릉시,레지던트,2010,67
강원,강릉시,레지던트,2011,65
강원,강릉시,레지던트,2012,58
강원,강릉시,레지던트,2013,70
강원,강릉시,레지던트,2014,64
강원,강릉시,레지던트,2015,61
강원,강릉시,레지던트,2016,61
강원,강릉시,레지던트,2017,62
강원,강릉시,레지던트,2018,65
강원,강릉시,레지던트,2019,61
강원,강릉시,레지던트,2020,45
강원,강릉시,레지던트,2021,43
강원,강릉시,레지던트,2022,38
강원,강릉시,레지던트,2023,34
강원,강릉시,레지던트,2024,36
강원,강릉시,레지던트,2025,13
강원,강릉시,인턴,2007,0
강원,강릉시,인턴,2008,0
강원,강릉시,인턴,2009,0
강원,강릉시,인턴,2010,2
강원,강릉시,인턴,2011,0
강원,강릉시,인턴,2012,0
강원,강릉시,인턴,2013,0
강원,강릉시,인턴,2014,0
강원,강릉시,인턴,2015,0
강원,강릉시,인턴,2016,0
강원,강릉시,인턴,2017,0
강원,강릉시,인턴,2018,0
강원,강릉시,인턴,2019,0
강원,강릉시,인턴,2020,1
강원,강릉시,인턴,2021,0
강원,강릉시,인턴,2022,0
강원,강릉시,인턴,2023,0
강원,강릉시,인턴,2024,0
강원,강릉시,인턴,2025,0
강원,강릉시,일반의,2007,20
강원,강릉시,일반의,2008,19
강원,강릉시,일반의,2009,13
강원,강릉시,일반의,2010,25
강원,강릉시,일반의,2011,21
강원,강릉시,일반의,2012,19
강원,강릉시,일반의,2013,15
강원,강릉시,일반의,2014,20
강원,강릉시,일반의,2015,17
강원,강릉시,일반의,2016,18
강원,강릉시,일반의,2017,21
강원,강릉시,일반의,2018,18
강원,강릉시,일반의,2019,14
강원,강릉시,일반의,2020,16
강원,강릉시,일반의,2021,21
강원,강릉시,일반의,2022,27
강원,강릉시,일반의,2023,18
강원,강릉시,일반의,2024,19
강원,강릉시,일반의,2025,23
강원,강릉시,전문의,2007,261
강원,강릉시,전문의,2008,270
강원,강릉시,전문의,2009,289
강원,강릉시,전문의,2010,305
강원,강릉시,전문의,2011,313
강원,강릉시,전문의,2012,318
강원,강릉시,전문의,2013,343
강원,강릉시,전문의,2014,346
강원,강릉시,전문의,2015,361
강원,강릉시,전문의,2016,376
강원,강릉시,전문의,2017,382
강원,강릉시,전문의,2018,392
강원,강릉시,전문의,2019,400
강원,강릉시,전문의,2020,413
강원,강릉시,전문의,2021,421
강원,강릉시,전문의,2022,430
강원,강릉시,전문의,2023,425
강원,강릉시,전문의,2024,433
강원,강릉시,전문의,2025,419
강원,고성군,total,2007,14
강원,고성군,total,2008,14
강원,고성군,total,2009,14
강원,고성군,total,2010,14
강원,고성군,total,2011,13
강원,고성군,total,2012,13
강원,고성군,total,2013,11
강원,고성군,total,2014,13
강원,고성군,total,2015,14
강원,고성군,total,2016,12
강원,고성군,total,2017,12
강원,고성군,total,2018,13
강원,고성군,total,2019,11
강원,고성군,total,2020,12
강원,고성군,total,2021,12
강원,고성군,total,2022,11
강원,고성군,total,2023,8
강원,고성군,total,2024,9
강원,고성군,total,2025,8
강원,고성군,레지던트,2007,0
강원,고성군,레지던트,2008,0
강원,고성군,레지던트,2009,0
강원,고성군,레지던트,2010,0
강원,고성군,레지던트,2011,0
강원,고성군,레지던트,2012,0
강원,고성군,레지던트,2013,0
강원,고성군,레지던트,2014,0
강원,고성군,레지던트,2015,0
강원,고성군,레지던트,2016,0
강원,고성군,레지던트,2017,0
강원,고성군,레지던트,2018,0
강원,고성군,레지던트,2019,0
강원,고성군,레지던트,2020,0
강원,고성군,레지던트,2021,0
강원,고성군,레지던트,2022,0
강원,고성군,레지던트,2023,0
강원,고성군,레지던트,2024,0
강원,고성군,레지던트,2025,0
강원,고성군,인턴,2007,0
강원,고성군,인턴,2008,0
강원,고성군,인턴,2009,0
강원,고성군,인턴,2010,0
강원,고성군,인턴,2011,0
강원,고성군,인턴,2012,0
강원,고성군,인턴,2013,0
강원,고성군,인턴,2014,0
강원,고성군,인턴,2015,0
강원,고성군,인턴,2016,0
강원,고성군,인턴,2017,0
강원,고성군,인턴,2018,0
강원,고성군,인턴,2019,0
강원,고성군,인턴,2020,0
강원,고성군,인턴,2021,0
강원,고성군,인턴,2022,0
강원,고성군,인턴,2023,0
강원,고성군,인턴,2024,0
강원,고성군,인턴,2025,0
강원,고성군,일반의,2007,7
강원,고성군,일반의,2008,6
강원,고성군,일반의,2009,4
강원,고성군,일반의,2010,4
강원,고성군,일반의,2011,3
강원,고성군,일반의,2012,5
강원,고성군,일반의,2013,4
강원,고성군,일반의,2014,5
강원,고성군,일반의,2015,6
강원,고성군,일반의,2016,3
강원,고성군,일반의,2017,4
강원,고성군,일반의,2018,5
강원,고성군,일반의,2019,5
강원,고성군,일반의,2020,6
강원,고성군,일반의,2021,6
강원,고성군,일반의,2022,5
강원,고성군,일반의,2023,1
강원,고성군,일반의,2024,3
강원,고성군,일반의,2025,2
강원,고성군,전문의,2007,7
강원,고성군,전문의,2008,8
강원,고성군,전문의,2009,10
강원,고성군,전문의,2010,10
강원,고성군,전문의,2011,10
강원,고성군,전문의,2012,8
강원,고성군,전문의,2013,7
강원,고성군,전문의,2014,8
강원,고성군,전문의,2015,8
강원,고성군,전문의,2016,9
강원,고성군,전문의,2017,8
강원,고성군,전문의,2018,8
강원,고성군,전문의,2019,6
강원,고성군,전문의,2020,6
강원,고성군,전문의,2021,6
강원,고성군,전문의,2022,6
강원,고성군,전문의,2023,7
강원,고성군,전문의,2024,6
강원,고성군,전문의,2025,6
강원,동해시,total,2007,97
강원,동해시,total,2008,104
강원,동해시,total,2009,103
강원,동해시,total,2010,108
강원,동해시,total,2011,108
강원,동해시,total,2012,106
강원,동해시,total,2013,100
강원,동해시,total,2014,107
강원,동해시,total,2015,112
강원,동해시,total,2016,115
강원,동해시,total,2017,116
강원,동해시,total,2018,115
강원,동해시,total,2019,115
강원,동해시,total,2020,113
강원,동해시,total,2021,114
강원,동해시,total,2022,119
강원,동해시,total,2023,114
강원,동해시,total,2024,110
강원,동해시,total,2025,113
강원,동해시,레지던트,2007,0
강원,동해시,레지던트,2008,0
강원,동해시,레지던트,2009,0
강원,동해시,레지던트,2010,0
강원,동해시,레지던트,2011,0
강원,동해시,레지던트,2012,0
강원,동해시,레지던트,2013,0
강원,동해시,레지던트,2014,0
강원,동해시,레지던트,2015,0
강원,동해시,레지던트,2016,0
강원,동해시,레지던트,2017,0
강원,동해시,레지던트,2018,0
강원,동해시,레지던트,2019,0
강원,동해시,레지던트,2020,0
강원,동해시,레지던트,2021,0
강원,동해시,레지던트,2022,0
강원,동해시,레지던트,2023,0
강원,동해시,레지던트,2024,0
강원,동해시,레지던트,2025,0
강원,동해시,인턴,2007,0
강원,동해시,인턴,2008,0
강원,동해시,인턴,2009,0
강원,동해시,인턴,2010,0
강원,동해시,인턴,2011,0
강원,동해시,인턴,2012,0
강원,동해시,인턴,2013,0
강원,동해시,인턴,2014,0
강원,동해시,인턴,2015,0
강원,동해시,인턴,2016,0
강원,동해시,인턴,2017,0
강원,동해시,인턴,2018,0
강원,동해시,인턴,2019,0
강원,동해시,인턴,2020,0
강원,동해시,인턴,2021,0
강원,동해시,인턴,2022,0
강원,동해시,인턴,2023,0
강원,동해시,인턴,2024,0
강원,동해시,인턴,2025,0
강원,동해시,일반의,2007,11
강원,동해시,일반의,2008,9
강원,동해시,일반의,2009,12
강원,동해시,일반의,2010,14
강원,동해시,일반의,2011,14
강원,동해시,일반의,2012,13
강원,동해시,일반의,2013,13
강원,동해시,일반의,2014,12
강원,동해시,일반의,2015,13
강원,동해시,일반의,2016,13
강원,동해시,일반의,2017,13
강원,동해시,일반의,2018,10
강원,동해시,일반의,2019,11
강원,동해시,일반의,2020,10
강원,동해시,일반의,2021,8
강원,동해시,일반의,2022,8
강원,동해시,일반의,2023,8
강원,동해시,일반의,2024,9
강원,동해시,일반의,2025,15
강원,동해시,전문의,2007,86
강원,동해시,전문의,2008,95
강원,동해시,전문의,2009,91
강원,동해시,전문의,2010,94
강원,동해시,전문의,2011,94
강원,동해시,전문의,2012,93
강원,동해시,전문의,2013,87
강원,동해시,전문의,2014,95
강원,동해시,전문의,2015,99
강원,동해시,전문의,2016,102
강원,동해시,전문의,2017,103
강원,동해시,전문의,2018,105
강원,동해시,전문의,2019,104
강원,동해시,전문의,2020,103
강원,동해시,전문의,2021,106
강원,동해시,전문의,2022,111
강원,동해시,전문의,2023,106
강원,동해시,전문의,2024,101
강원,동해시,전문의,2025,98
강원,삼척시,total,2007,56
강원,삼척시,total,2008,54
강원,삼척시,total,2009,55
강원,삼척시,total,2010,58
강원,삼척시,total,2011,59
강원,삼척시,total,2012,65
강원,삼척시,total,2013,64
강원,삼척시,total,2014,66
강원,삼척시,total,2015,65
강원,삼척시,total,2016,67
강원,삼척시,total,2017,67
강원,삼척시,total,2018,67
강원,삼척시,total,2019,71
강원,삼척시,total,2020,67
강원,삼척시,total,2021,72
강원,삼척시,total,2022,72
강원,삼척시,total,2023,65
강원,삼척시,total,2024,64
강원,삼척시,total,2025,68
강원,삼척시,레지던트,2007,0
강원,삼척시,레지던트,2008,0
강원,삼척시,레지던트,2009,0
강원,삼척시,레지던트,2010,0
강원,삼척시,레지던트,2011,0
강원,삼척시,레지던트,2012,0
강원,삼척시,레지던트,2013,0
강원,삼척시,레지던트,2014,0
강원,삼척시,레지던트,2015,0
강원,삼척시,레지던트,2016,0
강원,삼척시,레지던트,2017,0
강원,삼척시,레지던트,2018,0
강원,삼척시,레지던트,2019,0
강원,삼척시,레지던트,2020,0
강원,삼척시,레지던트,2021,0
강원,삼척시,레지던트,2022,0
강원,삼척시,레지던트,2023,0
강원,삼척시,레지던트,2024,0
강원,삼척시,레지던트,2025,0
강원,삼척시,인턴,2007,0
강원,삼척시,인턴,2008,0
강원,삼척시,인턴,2009,0
강원,삼척시,인턴,2010,0
강원,삼척시,인턴,2011,0
강원,삼척시,인턴,2012,0
강원,삼척시,인턴,2013,0
강원,삼척시,인턴,2014,0
강원,삼척시,인턴,2015,0
강원,삼척시,인턴,2016,0
강원,삼척시,인턴,2017,0
강원,삼척시,인턴,2018,0
강원,삼척시,인턴,2019,0
강원,삼척시,인턴,2020,1
강원,삼척시,인턴,2021,0
강원,삼척시,인턴,2022,0
강원,삼척시,인턴,2023,0
강원,삼척시,인턴,2024,0
강원,삼척시,인턴,2025,0
강원,삼척시,일반의,2007,13
강원,삼척시,일반의,2008,16
강원,삼척시,일반의,2009,18
강원,삼척시,일반의,2010,16
강원,삼척시,일반의,2011,15
강원,삼척시,일반의,2012,12
강원,삼척시,일반의,2013,13
강원,삼척시,일반의,2014,13
강원,삼척시,일반의,2015,13
강원,삼척시,일반의,2016,14
강원,삼척시,일반의,2017,14
강원,삼척시,일반의,2018,15
강원,삼척시,일반의,2019,17
강원,삼척시,일반의,2020,12
강원,삼척시,일반의,2021,15
강원,삼척시,일반의,2022,15
강원,삼척시,일반의,2023,11
강원,삼척시,일반의,2024,9
강원,삼척시,일반의,2025,13
강원,삼척시,전문의,2007,43
강원,삼척시,전문의,2008,38
강원,삼척시,전문의,2009,37
강원,삼척시,전문의,2010,42
강원,삼척시,전문의,2011,44
강원,삼척시,전문의,2012,53
강원,삼척시,전문의,2013,51
강원,삼척시,전문의,2014,53
강원,삼척시,전문의,2015,52
강원,삼척시,전문의,2016,53
강원,삼척시,전문의,2017,53
강원,삼척시,전문의,2018,52
강원,삼척시,전문의,2019,54
강원,삼척시,전문의,2020,54
강원,삼척시,전문의,2021,57
강원,삼척시,전문의,2022,57
강원,삼척시,전문의,2023,54
강원,삼척시,전문의,2024,55
강원,삼척시,전문의,2025,55
강원,속초시,total,2007,86
강원,속초시,total,2008,85
강원,속초시,total,2009,86
강원,속초시,total,2010,92
강원,속초시,total,2011,106
강원,속초시,total,2012,110
강원,속초시,total,2013,117
강원,속초시,total,2014,108
강원,속초시,total,2015,114
강원,속초시,total,2016,106
강원,속초시,total,2017,110
강원,속초시,total,2018,115
강원,속초시,total,2019,114
강원,속초시,total,2020,121
강원,속초시,total,2021,122
강원,속초시,total,2022,120
강원,속초시,total,2023,115
강원,속초시,total,2024,116
강원,속초시,total,2025,118
강원,속초시,레지던트,2007,0
강원,속초시,레지던트,2008,0
강원,속초시,레지던트,2009,0
강원,속초시,레지던트,2010,0
강원,속초시,레지던트,2011,0
강원,속초시,레지던트,2012,0
강원,속초시,레지던트,2013,0
강원,속초시,레지던트,2014,0
강원,속초시,레지던트,2015,0
강원,속초시,레지던트,2016,0
강원,속초시,레지던트,2017,0
강원,속초시,레지던트,2018,0
강원,속초시,레지던트,2019,0
강원,속초시,레지던트,2020,0
강원,속초시,레지던트,2021,0
강원,속초시,레지던트,2022,0
강원,속초시,레지던트,2023,0
강원,속초시,레지던트,2024,0
강원,속초시,레지던트,2025,0
강원,속초시,인턴,2007,0
강원,속초시,인턴,2008,0
강원,속초시,인턴,2009,0
강원,속초시,인턴,2010,0
강원,속초시,인턴,2011,0
강원,속초시,인턴,2012,0
강원,속초시,인턴,2013,0
강원,속초시,인턴,2014,0
강원,속초시,인턴,2015,0
강원,속초시,인턴,2016,0
강원,속초시,인턴,2017,0
강원,속초시,인턴,2018,0
강원,속초시,인턴,2019,0
강원,속초시,인턴,2020,0
강원,속초시,인턴,2021,0
강원,속초시,인턴,2022,0
강원,속초시,인턴,2023,0
강원,속초시,인턴,2024,0
강원,속초시,인턴,2025,0
강원,속초시,일반의,2007,11
강원,속초시,일반의,2008,13
강원,속초시,일반의,2009,11
강원,속초시,일반의,2010,12
강원,속초시,일반의,2011,10
강원,속초시,일반의,2012,10
강원,속초시,일반의,2013,12
강원,속초시,일반의,2014,11
강원,속초시,일반의,2015,10
강원,속초시,일반의,2016,10
강원,속초시,일반의,2017,9
강원,속초시,일반의,2018,11
강원,속초시,일반의,2019,12
강원,속초시,일반의,2020,14
강원,속초시,일반의,2021,9
강원,속초시,일반의,2022,6
강원,속초시,일반의,2023,8
강원,속초시,일반의,2024,6
강원,속초시,일반의,2025,12
강원,속초시,전문의,2007,75
강원,속초시,전문의,2008,72
강원,속초시,전문의,2009,75
강원,속초시,전문의,2010,80
강원,속초시,전문의,2011,96
강원,속초시,전문의,2012,100
강원,속초시,전문의,2013,105
강원,속초시,전문의,2014,97
강원,속초시,전문의,2015,104
강원,속초시,전문의,2016,96
강원,속초시,전문의,2017,101
강원,속초시,전문의,2018,104
강원,속초시,전문의,2019,102
강원,속초시,전문의,2020,107
강원,속초시,전문의,2021,113
강원,속초시,전문의,2022,114
강원,속초시,전문의,2023,107
강원,속초시,전문의,2024,110
강원,속초시,전문의,2025,106
강원,양구군,total,2007,16
강원,양구군,total,2008,14
강원,양구군,total,2009,17
강원,양구군,total,2010,24
강원,양구군,total,2011,22
강원,양구군,total,2012,21
강원,양구군,total,2013,24
강원,양구군,total,2014,27
강원,양구군,total,2015,28
강원,양구군,total,2016,24
강원,양구군,total,2017,25
강원,양구군,total,2018,20
강원,양구군,total,2019,23
강원,양구군,total,2020,26
강원,양구군,total,2021,22
강원,양구군,total,2022,21
강원,양구군,total,2023,19
강원,양구군,total,2024,17
강원,양구군,total,2025,36
강원,양구군,레지던트,2007,0
강원,양구군,레지던트,2008,0
강원,양구군,레지던트,2009,0
강원,양구군,레지던트,2010,0
강원,양구군,레지던트,2011,0
강원,양구군,레지던트,2012,0
강원,양구군,레지던트,2013,0
강원,양구군,레지던트,2014,0
강원,양구군,레지던트,2015,0
강원,양구군,레지던트,2016,0
강원,양구군,레지던트,2017,0
강원,양구군,레지던트,2018,0
강원,양구군,레지던트,2019,0
강원,양구군,레지던트,2020,0
강원,양구군,레지던트,2021,0
강원,양구군,레지던트,2022,0
강원,양구군,레지던트,2023,0
강원,양구군,레지던트,2024,0
강원,양구군,레지던트,2025,0
강원,양구군,인턴,2007,0
강원,양구군,인턴,2008,0
강원,양구군,인턴,2009,0
강원,양구군,인턴,2010,0
강원,양구군,인턴,2011,0
강원,양구군,인턴,2012,0
강원,양구군,인턴,2013,0
강원,양구군,인턴,2014,0
강원,양구군,인턴,2015,0
강원,양구군,인턴,2016,0
강원,양구군,인턴,2017,0
강원,양구군,인턴,2018,0
강원,양구군,인턴,2019,0
강원,양구군,인턴,2020,0
강원,양구군,인턴,2021,0
강원,양구군,인턴,2022,0
강원,양구군,인턴,2023,0
강원,양구군,인턴,2024,0
강원,양구군,인턴,2025,0
강원,양구군,일반의,2007,4
강원,양구군,일반의,2008,5
강원,양구군,일반의,2009,3
강원,양구군,일반의,2010,6
강원,양구군,일반의,2011,4
강원,양구군,일반의,2012,5
강원,양구군,일반의,2013,5
강원,양구군,일반의,2014,5
강원,양구군,일반의,2015,4
강원,양구군,일반의,2016,5
강원,양구군,일반의,2017,5
강원,양구군,일반의,2018,7
강원,양구군,일반의,2019,7
강원,양구군,일반의,2020,6
강원,양구군,일반의,2021,7
강원,양구군,일반의,2022,8
강원,양구군,일반의,2023,8
강원,양구군,일반의,2024,7
강원,양구군,일반의,2025,11
강원,양구군,전문의,2007,12
강원,양구군,전문의,2008,9
강원,양구군,전문의,2009,14
강원,양구군,전문의,2010,18
강원,양구군,전문의,2011,18
강원,양구군,전문의,2012,16
강원,양구군,전문의,2013,19
강원,양구군,전문의,2014,22
강원,양구군,전문의,2015,24
강원,양구군,전문의,2016,19
강원,양구군,전문의,2017,20
강원,양구군,전문의,2018,13
강원,양구군,전문의,2019,16
강원,양구군,전문의,2020,20
강원,양구군,전문의,2021,15
강원,양구군,전문의,2022,13
강원,양구군,전문의,2023,11
강원,양구군,전문의,2024,10
강원,양구군,전문의,2025,25
강원,양양군,total,2007,12
강원,양양군,total,2008,13
강원,양양군,total,2009,13
강원,양양군,total,2010,13
강원,양양군,total,2011,12
강원,양양군,total,2012,13
강원,양양군,total,2013,13
강원,양양군,total,2014,14
강원,양양군,total,2015,13
강원,양양군,total,2016,13
강원,양양군,total,2017,13
강원,양양군,total,2018,13
강원,양양군,total,2019,13
강원,양양군,total,2020,13
강원,양양군,total,2021,13
강원,양양군,total,2022,14
강원,양양군,total,2023,7
강원,양양군,total,2024,11
강원,양양군,total,2025,10
강원,양양군,레지던트,2007,0
강원,양양군,레지던트,2008,0
강원,양양군,레지던트,2009,0
강원,양양군,레지던트,2010,0
강원,양양군,레지던트,2011,0
강원,양양군,레지던트,2012,0
강원,양양군,레지던트,2013,0
강원,양양군,레지던트,2014,0
강원,양양군,레지던트,2015,0
강원,양양군,레지던트,2016,0
강원,양양군,레지던트,2017,0
강원,양양군,레지던트,2018,0
강원,양양군,레지던트,2019,0
강원,양양군,레지던트,2020,0
강원,양양군,레지던트,2021,0
강원,양양군,레지던트,2022,0
강원,양양군,레지던트,2023,0
강원,양양군,레지던트,2024,0
강원,양양군,레지던트,2025,0
강원,양양군,인턴,2007,0
강원,양양군,인턴,2008,0
강원,양양군,인턴,2009,0
강원,양양군,인턴,2010,0
강원,양양군,인턴,2011,0
강원,양양군,인턴,2012,0
강원,양양군,인턴,2013,0
강원,양양군,인턴,2014,0
강원,양양군,인턴,2015,0
강원,양양군,인턴,2016,0
강원,양양군,인턴,2017,0
강원,양양군,인턴,2018,0
강원,양양군,인턴,2019,0
강원,양양군,인턴,2020,0
강원,양양군,인턴,2021,0
강원,양양군,인턴,2022,0
강원,양양군,인턴,2023,0
강원,양양군,인턴,2024,0
강원,양양군,인턴,2025,0
강원,양양군,일반의,2007,7
강원,양양군,일반의,2008,7
강원,양양군,일반의,2009,10
강원,양양군,일반의,2010,10
강원,양양군,일반의,2011,8
강원,양양군,일반의,2012,8
강원,양양군,일반의,2013,8
강원,양양군,일반의,2014,8
강원,양양군,일반의,2015,6
강원,양양군,일반의,2016,6
강원,양양군,일반의,2017,6
강원,양양군,일반의,2018,6
강원,양양군,일반의,2019,8
강원,양양군,일반의,2020,9
강원,양양군,일반의,2021,9
강원,양양군,일반의,2022,7
강원,양양군,일반의,2023,3
강원,양양군,일반의,2024,5
강원,양양군,일반의,2025,5
강원,양양군,전문의,2007,5
강원,양양군,전문의,2008,6
강원,양양군,전문의,2009,3
강원,양양군,전문의,2010,3
강원,양양군,전문의,2011,4
강원,양양군,전문의,2012,5
강원,양양군,전문의,2013,5
강원,양양군,전문의,2014,6
강원,양양군,전문의,2015,7
강원,양양군,전문의,2016,7
강원,양양군,전문의,2017,7
강원,양양군,전문의,2018,7
강원,양양군,전문의,2019,5
강원,양양군,전문의,2020,4
강원,양양군,전문의,2021,4
강원,양양군,전문의,2022,7
강원,양양군,전문의,2023,4
강원,양양군,전문의,2024,6
강원,양양군,전문의,2025,5
강원,영월군,total,2007,38
강원,영월군,total,2008,42
강원,영월군,total,2009,47
강원,영월군,total,2010,48
강원,영월군,total,2011,46
강원,영월군,total,2012,41
강원,영월군,total,2013,42
강원,영월군,total,2014,44
강원,영월군,total,2015,42
강원,영월군,total,2016,41
강원,영월군,total,2017,41
강원,영월군,total,2018,42
강원,영월군,total,2019,41
강원,영월군,total,2020,42
강원,영월군,total,2021,41
강원,영월군,total,2022,41
강원,영월군,total,2023,37
강원,영월군,total,2024,41
강원,영월군,total,2025,39
강원,영월군,레지던트,2007,0
강원,영월군,레지던트,2008,0
강원,영월군,레지던트,2009,0
강원,영월군,레지던트,2010,0
강원,영월군,레지던트,2011,0
강원,영월군,레지던트,2012,0
강원,영월군,레지던트,2013,0
강원,영월군,레지던트,2014,0
강원,영월군,레지던트,2015,0
강원,영월군,레지던트,2016,0
강원,영월군,레지던트,2017,0
강원,영월군,레지던트,2018,0
강원,영월군,레지던트,2019,0
강원,영월군,레지던트,2020,0
강원,영월군,레지던트,2021,0
강원,영월군,레지던트,2022,0
강원,영월군,레지던트,2023,0
강원,영월군,레지던트,2024,0
강원,영월군,레지던트,2025,0
강원,영월군,인턴,2007,0
강원,영월군,인턴,2008,0
강원,영월군,인턴,2009,0
강원,영월군,인턴,2010,0
강원,영월군,인턴,2011,0
강원,영월군,인턴,2012,0
강원,영월군,인턴,2013,0
강원,영월군,인턴,2014,0
강원,영월군,인턴,2015,0
강원,영월군,인턴,2016,0
강원,영월군,인턴,2017,0
강원,영월군,인턴,2018,0
강원,영월군,인턴,2019,0
강원,영월군,인턴,2020,1
강원,영월군,인턴,2021,1
강원,영월군,인턴,2022,1
강원,영월군,인턴,2023,1
강원,영월군,인턴,2024,0
강원,영월군,인턴,2025,0
강원,영월군,일반의,2007,7
강원,영월군,일반의,2008,6
강원,영월군,일반의,2009,9
강원,영월군,일반의,2010,12
강원,영월군,일반의,2011,9
강원,영월군,일반의,2012,8
강원,영월군,일반의,2013,7
강원,영월군,일반의,2014,8
강원,영월군,일반의,2015,6
강원,영월군,일반의,2016,7
강원,영월군,일반의,2017,7
강원,영월군,일반의,2018,7
강원,영월군,일반의,2019,10
강원,영월군,일반의,2020,9
강원,영월군,일반의,2021,11
강원,영월군,일반의,2022,9
강원,영월군,일반의,2023,6
강원,영월군,일반의,2024,6
강원,영월군,일반의,2025,3
강원,영월군,전문의,2007,31
강원,영월군,전문의,2008,36
강원,영월군,전문의,2009,38
강원,영월군,전문의,2010,36
강원,영월군,전문의,2011,37
강원,영월군,전문의,2012,33
강원,영월군,전문의,2013,35
강원,영월군,전문의,2014,36
강원,영월군,전문의,2015,36
강원,영월군,전문의,2016,34
강원,영월군,전문의,2017,34
강원,영월군,전문의,2018,35
강원,영월군,전문의,2019,31
강원,영월군,전문의,2020,32
강원,영월군,전문의,2021,29
강원,영월군,전문의,2022,31
강원,영월군,전문의,2023,30
강원,영월군,전문의,2024,35
강원,영월군,전문의,2025,36
강원,원주시,total,2007,574
강원,원주시,total,2008,609
강원,원주시,total,2009,598
강원,원주시,total,2010,627
강원,원주시,total,2011,644
강원,원주시,total,2012,660
강원,원주시,total,2013,673
강원,원주시,total,2014,699
강원,원주시,total,2015,718
강원,원주시,total,2016,718
강원,원주시,total,2017,739
강원,원주시,total,2018,755
강원,원주시,total,2019,778
강원,원주시,total,2020,784
강원,원주시,total,2021,812
강원,원주시,total,2022,824
강원,원주시,total,2023,827
강원,원주시,total,2024,796
강원,원주시,total,2025,734
강원,원주시,레지던트,2007,143
강원,원주시,레지던트,2008,149
강원,원주시,레지던트,2009,150
강원,원주시,레지던트,2010,136
강원,원주시,레지던트,2011,134
강원,원주시,레지던트,2012,142
강원,원주시,레지던트,2013,137
강원,원주시,레지던트,2014,139
강원,원주시,레지던트,2015,144
강원,원주시,레지던트,2016,137
강원,원주시,레지던트,2017,108
강원,원주시,레지던트,2018,106
강원,원주시,레지던트,2019,107
강원,원주시,레지던트,2020,128
강원,원주시,레지던트,2021,95
강원,원주시,레지던트,2022,112
강원,원주시,레지던트,2023,111
강원,원주시,레지던트,2024,82
강원,원주시,레지던트,2025,13
강원,원주시,인턴,2007,37
강원,원주시,인턴,2008,52
강원,원주시,인턴,2009,16
강원,원주시,인턴,2010,35
강원,원주시,인턴,2011,36
강원,원주시,인턴,2012,31
강원,원주시,인턴,2013,31
강원,원주시,인턴,2014,39
강원,원주시,인턴,2015,30
강원,원주시,인턴,2016,38
강원,원주시,인턴,2017,66
강원,원주시,인턴,2018,59
강원,원주시,인턴,2019,65
강원,원주시,인턴,2020,36
강원,원주시,인턴,2021,64
강원,원주시,인턴,2022,34
강원,원주시,인턴,2023,39
강원,원주시,인턴,2024,34
강원,원주시,인턴,2025,5
강원,원주시,일반의,2007,45
강원,원주시,일반의,2008,44
강원,원주시,일반의,2009,43
강원,원주시,일반의,2010,47
강원,원주시,일반의,2011,48
강원,원주시,일반의,2012,42
강원,원주시,일반의,2013,37
강원,원주시,일반의,2014,35
강원,원주시,일반의,2015,42
강원,원주시,일반의,2016,40
강원,원주시,일반의,2017,47
강원,원주시,일반의,2018,45
강원,원주시,일반의,2019,44
강원,원주시,일반의,2020,43
강원,원주시,일반의,2021,46
강원,원주시,일반의,2022,49
강원,원주시,일반의,2023,38
강원,원주시,일반의,2024,44
강원,원주시,일반의,2025,84
강원,원주시,전문의,2007,349
강원,원주시,전문의,2008,364
강원,원주시,전문의,2009,389
강원,원주시,전문의,2010,409
강원,원주시,전문의,2011,426
강원,원주시,전문의,2012,445
강원,원주시,전문의,2013,468
강원,원주시,전문의,2014,486
강원,원주시,전문의,2015,502
강원,원주시,전문의,2016,503
강원,원주시,전문의,2017,518
강원,원주시,전문의,2018,545
강원,원주시,전문의,2019,562
강원,원주시,전문의,2020,577
강원,원주시,전문의,2021,607
강원,원주시,전문의,2022,629
강원,원주시,전문의,2023,639
강원,원주시,전문의,2024,636
강원,원주시,전문의,2025,632
강원,인제군,total,2007,22
강원,인제군,total,2008,23
강원,인제군,total,2009,24
강원,인제군,total,2010,25
강원,인제군,total,2011,24
강원,인제군,total,2012,24
강원,인제군,total,2013,24
강원,인제군,total,2014,24
강원,인제군,total,2015,25
강원,인제군,total,2016,24
강원,인제군,total,2017,21
강원,인제군,total,2018,23
강원,인제군,total,2019,22
강원,인제군,total,2020,21
강원,인제군,total,2021,18
강원,인제군,total,2022,19
강원,인제군,total,2023,17
강원,인제군,total,2024,15
강원,인제군,total,2025,21
강원,인제군,레지던트,2007,0
강원,인제군,레지던트,2008,0
강원,인제군,레지던트,2009,0
강원,인제군,레지던트,2010,0
강원,인제군,레지던트,2011,0
강원,인제군,레지던트,2012,0
강원,인제군,레지던트,2013,0
강원,인제군,레지던트,2014,0
강원,인제군,레지던트,2015,0
강원,인제군,레지던트,2016,0
강원,인제군,레지던트,2017,0
강원,인제군,레지던트,2018,0
강원,인제군,레지던트,2019,0
강원,인제군,레지던트,2020,0
강원,인제군,레지던트,2021,0
강원,인제군,레지던트,2022,0
강원,인제군,레지던트,2023,0
강원,인제군,레지던트,2024,0
강원,인제군,레지던트,2025,0
강원,인제군,인턴,2007,0
강원,인제군,인턴,2008,0
강원,인제군,인턴,2009,0
강원,인제군,인턴,2010,0
강원,인제군,인턴,2011,0
강원,인제군,인턴,2012,0
강원,인제군,인턴,2013,0
강원,인제군,인턴,2014,0
강원,인제군,인턴,2015,0
강원,인제군,인턴,2016,0
강원,인제군,인턴,2017,0
강원,인제군,인턴,2018,0
강원,인제군,인턴,2019,0
강원,인제군,인턴,2020,0
강원,인제군,인턴,2021,0
강원,인제군,인턴,2022,0
강원,인제군,인턴,2023,0
강원,인제군,인턴,2024,0
강원,인제군,인턴,2025,0
강원,인제군,일반의,2007,9
강원,인제군,일반의,2008,10
강원,인제군,일반의,2009,11
강원,인제군,일반의,2010,9
강원,인제군,일반의,2011,8
강원,인제군,일반의,2012,9
강원,인제군,일반의,2013,9
강원,인제군,일반의,2014,8
강원,인제군,일반의,2015,9
강원,인제군,일반의,2016,8
강원,인제군,일반의,2017,8
강원,인제군,일반의,2018,9
강원,인제군,일반의,2019,10
강원,인제군,일반의,2020,12
강원,인제군,일반의,2021,10
강원,인제군,일반의,2022,10
강원,인제군,일반의,2023,8
강원,인제군,일반의,2024,6
강원,인제군,일반의,2025,6
강원,인제군,전문의,2007,13
강원,인제군,전문의,2008,13
강원,인제군,전문의,2009,13
강원,인제군,전문의,2010,16
강원,인제군,전문의,2011,16
강원,인제군,전문의,2012,15
강원,인제군,전문의,2013,15
강원,인제군,전문의,2014,16
강원,인제군,전문의,2015,16
강원,인제군,전문의,2016,16
강원,인제군,전문의,2017,13
강원,인제군,전문의,2018,14
강원,인제군,전문의,2019,12
강원,인제군,전문의,2020,9
강원,인제군,전문의,2021,8
강원,인제군,전문의,2022,9
강원,인제군,전문의,2023,9
강원,인제군,전문의,2024,9
강원,인제군,전문의,2025,15
강원,정선군,total,2007,38
강원,정선군,total,2008,32
강원,정선군,total,2009,37
강원,정선군,total,2010,30
강원,정선군,total,2011,29
강원,정선군,total,2012,27
강원,정선군,total,2013,28
강원,정선군,total,2014,28
강원,정선군,total,2015,28
강원,정선군,total,2016,26
강원,정선군,total,2017,33
강원,정선군,total,2018,33
강원,정선군,total,2019,32
강원,정선군,total,2020,29
강원,정선군,total,2021,30
강원,정선군,total,2022,28
강원,정선군,total,2023,26
강원,정선군,total,2024,26
강원,정선군,total,2025,27
강원,정선군,레지던트,2007,0
강원,정선군,레지던트,2008,0
강원,정선군,레지던트,2009,0
강원,정선군,레지던트,2010,0
강원,정선군,레지던트,2011,0
강원,정선군,레지던트,2012,0
강원,정선군,레지던트,2013,0
강원,정선군,레지던트,2014,0
강원,정선군,레지던트,2015,0
강원,정선군,레지던트,2016,0
강원,정선군,레지던트,2017,0
강원,정선군,레지던트,2018,0
강원,정선군,레지던트,2019,0
강원,정선군,레지던트,2020,0
강원,정선군,레지던트,2021,0
강원,정선군,레지던트,2022,0
강원,정선군,레지던트,2023,0
강원,정선군,레지던트,2024,0
강원,정선군,레지던트,2025,0
강원,정선군,인턴,2007,0
강원,정선군,인턴,2008,0
강원,정선군,인턴,2009,0
강원,정선군,인턴,2010,0
강원,정선군,인턴,2011,0
강원,정선군,인턴,2012,0
강원,정선군,인턴,2013,0
강원,정선군,인턴,2014,0
강원,정선군,인턴,2015,0
강원,정선군,인턴,2016,0
강원,정선군,인턴,2017,0
강원,정선군,인턴,2018,0
강원,정선군,인턴,2019,0
강원,정선군,인턴,2020,0
강원,정선군,인턴,2021,0
강원,정선군,인턴,2022,0
강원,정선군,인턴,2023,0
강원,정선군,인턴,2024,0
강원,정선군,인턴,2025,0
강원,정선군,일반의,2007,14
강원,정선군,일반의,2008,10
강원,정선군,일반의,2009,11
강원,정선군,일반의,2010,11
강원,정선군,일반의,2011,7
강원,정선군,일반의,2012,6
강원,정선군,일반의,2013,7
강원,정선군,일반의,2014,5
강원,정선군,일반의,2015,7
강원,정선군,일반의,2016,8
강원,정선군,일반의,2017,10
강원,정선군,일반의,2018,11
강원,정선군,일반의,2019,13
강원,정선군,일반의,2020,13
강원,정선군,일반의,2021,12
강원,정선군,일반의,2022,10
강원,정선군,일반의,2023,11
강원,정선군,일반의,2024,11
강원,정선군,일반의,2025,9
강원,정선군,전문의,2007,24
강원,정선군,전문의,2008,22
강원,정선군,전문의,2009,26
강원,정선군,전문의,2010,19
강원,정선군,전문의,2011,22
강원,정선군,전문의,2012,21
강원,정선군,전문의,2013,21
강원,정선군,전문의,2014,23
강원,정선군,전문의,2015,21
강원,정선군,전문의,2016,18
강원,정선군,전문의,2017,23
강원,정선군,전문의,2018,22
강원,정선군,전문의,2019,19
강원,정선군,전문의,2020,16
강원,정선군,전문의,2021,18
강원,정선군,전문의,2022,18
강원,정선군,전문의,2023,15
강원,정선군,전문의,2024,15
강원,정선군,전문의,2025,18
강원,철원군,total,2007,39
강원,철원군,total,2008,32
강원,철원군,total,2009,32
강원,철원군,total,2010,38
강원,철원군,total,2011,38
강원,철원군,total,2012,39
강원,철원군,total,2013,41
강원,철원군,total,2014,40
강원,철원군,total,2015,38
강원,철원군,total,2016,39
강원,철원군,total,2017,39
강원,철원군,total,2018,39
강원,철원군,total,2019,39
강원,철원군,total,2020,39
강원,철원군,total,2021,39
강원,철원군,total,2022,43
강원,철원군,total,2023,35
강원,철원군,total,2024,31
강원,철원군,total,2025,37
강원,철원군,레지던트,2007,0
강원,철원군,레지던트,2008,0
강원,철원군,레지던트,2009,0
강원,철원군,레지던트,2010,0
강원,철원군,레지던트,2011,0
강원,철원군,레지던트,2012,0
강원,철원군,레지던트,2013,0
강원,철원군,레지던트,2014,0
강원,철원군,레지던트,2015,0
강원,철원군,레지던트,2016,0
강원,철원군,레지던트,2017,0
강원,철원군,레지던트,2018,0
강원,철원군,레지던트,2019,0
강원,철원군,레지던트,2020,1
강원,철원군,레지던트,2021,0
강원,철원군,레지던트,2022,0
강원,철원군,레지던트,2023,0
강원,철원군,레지던트,2024,0
강원,철원군,레지던트,2025,0
강원,철원군,인턴,2007,0
강원,철원군,인턴,2008,0
강원,철원군,인턴,2009,0
강원,철원군,인턴,2010,0
강원,철원군,인턴,2011,0
강원,철원군,인턴,2012,0
강원,철원군,인턴,2013,0
강원,철원군,인턴,2014,0
강원,철원군,인턴,2015,0
강원,철원군,인턴,2016,0
강원,철원군,인턴,2017,0
강원,철원군,인턴,2018,0
강원,철원군,인턴,2019,0
강원,철원군,인턴,2020,0
강원,철원군,인턴,2021,0
강원,철원군,인턴,2022,0
강원,철원군,인턴,2023,1
강원,철원군,인턴,2024,0
강원,철원군,인턴,2025,0
강원,철원군,일반의,2007,7
강원,철원군,일반의,2008,6
강원,철원군,일반의,2009,9
강원,철원군,일반의,2010,11
강원,철원군,일반의,2011,8
강원,철원군,일반의,2012,6
강원,철원군,일반의,2013,6
강원,철원군,일반의,2014,6
강원,철원군,일반의,2015,7
강원,철원군,일반의,2016,7
강원,철원군,일반의,2017,7
강원,철원군,일반의,2018,9
강원,철원군,일반의,2019,9
강원,철원군,일반의,2020,8
강원,철원군,일반의,2021,8
강원,철원군,일반의,2022,10
강원,철원군,일반의,2023,5
강원,철원군,일반의,2024,5
강원,철원군,일반의,2025,7
강원,철원군,전문의,2007,32
강원,철원군,전문의,2008,26
강원,철원군,전문의,2009,23
강원,철원군,전문의,2010,27
강원,철원군,전문의,2011,30
강원,철원군,전문의,2012,33
강원,철원군,전문의,2013,35
강원,철원군,전문의,2014,34
강원,철원군,전문의,2015,31
강원,철원군,전문의,2016,32
강원,철원군,전문의,2017,32
강원,철원군,전문의,2018,30
강원,철원군,전문의,2019,30
강원,철원군,전문의,2020,30
강원,철원군,전문의,2021,31
강원,철원군,전문의,2022,33
강원,철원군,전문의,2023,29
강원,철원군,전문의,2024,26
강원,철원군,전문의,2025,30
강원,춘천시,total,2007,482
강원,춘천시,total,2008,494
강원,춘천시,total,2009,521
강원,춘천시,total,2010,541
강원,춘천시,total,2011,590
강원,춘천시,total,2012,603
강원,춘천시,total,2013,597
강원,춘천시,total,2014,626
강원,춘천시,total,2015,640
강원,춘천시,total,2016,670
강원,춘천시,total,2017,709
강원,춘천시,total,2018,710
강원,춘천시,total,2019,733
강원,춘천시,total,2020,729
강원,춘천시,total,2021,762
강원,춘천시,total,2022,754
강원,춘천시,total,2023,756
강원,춘천시,total,2024,752
강원,춘천시,total,2025,662
강원,춘천시,레지던트,2007,102
강원,춘천시,레지던트,2008,113
강원,춘천시,레지던트,2009,125
강원,춘천시,레지던트,2010,107
강원,춘천시,레지던트,2011,116
강원,춘천시,레지던트,2012,121
강원,춘천시,레지던트,2013,95
강원,춘천시,레지던트,2014,112
강원,춘천시,레지던트,2015,105
강원,춘천시,레지던트,2016,107
강원,춘천시,레지던트,2017,123
강원,춘천시,레지던트,2018,126
강원,춘천시,레지던트,2019,107
강원,춘천시,레지던트,2020,104
강원,춘천시,레지던트,2021,108
강원,춘천시,레지던트,2022,113
강원,춘천시,레지던트,2023,113
강원,춘천시,레지던트,2024,121
강원,춘천시,레지던트,2025,22
강원,춘천시,인턴,2007,31
강원,춘천시,인턴,2008,25
강원,춘천시,인턴,2009,8
강원,춘천시,인턴,2010,23
강원,춘천시,인턴,2011,20
강원,춘천시,인턴,2012,16
강원,춘천시,인턴,2013,25
강원,춘천시,인턴,2014,16
강원,춘천시,인턴,2015,33
강원,춘천시,인턴,2016,29
강원,춘천시,인턴,2017,35
강원,춘천시,인턴,2018,25
강원,춘천시,인턴,2019,41
강원,춘천시,인턴,2020,33
강원,춘천시,인턴,2021,46
강원,춘천시,인턴,2022,35
강원,춘천시,인턴,2023,33
강원,춘천시,인턴,2024,6
강원,춘천시,인턴,2025,1
강원,춘천시,일반의,2007,20
강원,춘천시,일반의,2008,18
강원,춘천시,일반의,2009,23
강원,춘천시,일반의,2010,34
강원,춘천시,일반의,2011,39
강원,춘천시,일반의,2012,29
강원,춘천시,일반의,2013,29
강원,춘천시,일반의,2014,28
강원,춘천시,일반의,2015,26
강원,춘천시,일반의,2016,21
강원,춘천시,일반의,2017,21
강원,춘천시,일반의,2018,23
강원,춘천시,일반의,2019,22
강원,춘천시,일반의,2020,24
강원,춘천시,일반의,2021,24
강원,춘천시,일반의,2022,26
강원,춘천시,일반의,2023,23
강원,춘천시,일반의,2024,24
강원,춘천시,일반의,2025,53
강원,춘천시,전문의,2007,329
강원,춘천시,전문의,2008,338
강원,춘천시,전문의,2009,365
강원,춘천시,전문의,2010,377
강원,춘천시,전문의,2011,415
강원,춘천시,전문의,2012,437
강원,춘천시,전문의,2013,448
강원,춘천시,전문의,2014,470
강원,춘천시,전문의,2015,476
강원,춘천시,전문의,2016,513
강원,춘천시,전문의,2017,530
강원,춘천시,전문의,2018,536
강원,춘천시,전문의,2019,563
강원,춘천시,전문의,2020,568
강원,춘천시,전문의,2021,584
강원,춘천시,전문의,2022,580
강원,춘천시,전문의,2023,587
강원,춘천시,전문의,2024,601
강원,춘천시,전문의,2025,586
강원,태백시,total,2007,53
강원,태백시,total,2008,52
강원,태백시,total,2009,47
강원,태백시,total,2010,49
강원,태백시,total,2011,53
강원,태백시,total,2012,51
강원,태백시,total,2013,51
강원,태백시,total,2014,50
강원,태백시,total,2015,51
강원,태백시,total,2016,48
강원,태백시,total,2017,48
강원,태백시,total,2018,47
강원,태백시,total,2019,52
강원,태백시,total,2020,51
강원,태백시,total,2021,51
강원,태백시,total,2022,51
강원,태백시,total,2023,50
강원,태백시,total,2024,52
강원,태백시,total,2025,54
강원,태백시,레지던트,2007,0
강원,태백시,레지던트,2008,0
강원,태백시,레지던트,2009,0
강원,태백시,레지던트,2010,0
강원,태백시,레지던트,2011,0
강원,태백시,레지던트,2012,0
강원,태백시,레지던트,2013,0
강원,태백시,레지던트,2014,0
강원,태백시,레지던트,2015,0
강원,태백시,레지던트,2016,0
강원,태백시,레지던트,2017,0
강원,태백시,레지던트,2018,0
강원,태백시,레지던트,2019,0
강원,태백시,레지던트,2020,0
강원,태백시,레지던트,2021,0
강원,태백시,레지던트,2022,0
강원,태백시,레지던트,2023,0
강원,태백시,레지던트,2024,0
강원,태백시,레지던트,2025,0
강원,태백시,인턴,2007,0
강원,태백시,인턴,2008,0
강원,태백시,인턴,2009,0
강원,태백시,인턴,2010,0
강원,태백시,인턴,2011,0
강원,태백시,인턴,2012,0
강원,태백시,인턴,2013,0
강원,태백시,인턴,2014,0
강원,태백시,인턴,2015,0
강원,태백시,인턴,2016,0
강원,태백시,인턴,2017,0
강원,태백시,인턴,2018,0
강원,태백시,인턴,2019,0
강원,태백시,인턴,2020,1
강원,태백시,인턴,2021,1
강원,태백시,인턴,2022,1
강원,태백시,인턴,2023,0
강원,태백시,인턴,2024,0
강원,태백시,인턴,2025,0
강원,태백시,일반의,2007,7
강원,태백시,일반의,2008,8
강원,태백시,일반의,2009,8
강원,태백시,일반의,2010,12
강원,태백시,일반의,2011,8
강원,태백시,일반의,2012,6
강원,태백시,일반의,2013,6
강원,태백시,일반의,2014,8
강원,태백시,일반의,2015,9
강원,태백시,일반의,2016,7
강원,태백시,일반의,2017,6
강원,태백시,일반의,2018,6
강원,태백시,일반의,2019,7
강원,태백시,일반의,2020,8
강원,태백시,일반의,2021,9
강원,태백시,일반의,2022,8
강원,태백시,일반의,2023,9
강원,태백시,일반의,2024,8
강원,태백시,일반의,2025,10
강원,태백시,전문의,2007,46
강원,태백시,전문의,2008,44
강원,태백시,전문의,2009,39
강원,태백시,전문의,2010,37
강원,태백시,전문의,2011,45
강원,태백시,전문의,2012,45
강원,태백시,전문의,2013,45
강원,태백시,전문의,2014,42
강원,태백시,전문의,2015,42
강원,태백시,전문의,2016,41
강원,태백시,전문의,2017,42
강원,태백시,전문의,2018,41
강원,태백시,전문의,2019,45
강원,태백시,전문의,2020,42
강원,태백시,전문의,2021,41
강원,태백시,전문의,2022,42
강원,태백시,전문의,2023,41
강원,태백시,전문의,2024,44
강원,태백시,전문의,2025,44
강원,평창군,total,2007,31
강원,평창군,total,2008,31
강원,평창군,total,2009,31
강원,평창군,total,2010,31
강원,평창군,total,2011,30
강원,평창군,total,2012,28
강원,평창군,total,2013,29
강원,평창군,total,2014,32
강원,평창군,total,2015,32
강원,평창군,total,2016,34
강원,평창군,total,2017,36
강원,평창군,total,2018,38
강원,평창군,total,2019,36
강원,평창군,total,2020,36
강원,평창군,total,2021,36
강원,평창군,total,2022,30
강원,평창군,total,2023,29
강원,평창군,total,2024,33
강원,평창군,total,2025,31
강원,평창군,레지던트,2007,0
강원,평창군,레지던트,2008,0
강원,평창군,레지던트,2009,0
강원,평창군,레지던트,2010,0
강원,평창군,레지던트,2011,0
강원,평창군,레지던트,2012,0
강원,평창군,레지던트,2013,0
강원,평창군,레지던트,2014,0
강원,평창군,레지던트,2015,0
강원,평창군,레지던트,2016,0
강원,평창군,레지던트,2017,0
강원,평창군,레지던트,2018,0
강원,평창군,레지던트,2019,0
강원,평창군,레지던트,2020,0
강원,평창군,레지던트,2021,0
강원,평창군,레지던트,2022,0
강원,평창군,레지던트,2023,0
강원,평창군,레지던트,2024,0
강원,평창군,레지던트,2025,0
강원,평창군,인턴,2007,0
강원,평창군,인턴,2008,0
강원,평창군,인턴,2009,0
강원,평창군,인턴,2010,0
강원,평창군,인턴,2011,0
강원,평창군,인턴,2012,0
강원,평창군,인턴,2013,0
강원,평창군,인턴,2014,0
강원,평창군,인턴,2015,0
강원,평창군,인턴,2016,0
강원,평창군,인턴,2017,0
강원,평창군,인턴,2018,0
강원,평창군,인턴,2019,0
강원,평창군,인턴,2020,0
강원,평창군,인턴,2021,1
강원,평창군,인턴,2022,1
강원,평창군,인턴,2023,0
강원,평창군,인턴,2024,0
강원,평창군,인턴,2025,0
강원,평창군,일반의,2007,11
강원,평창군,일반의,2008,8
강원,평창군,일반의,2009,9
강원,평창군,일반의,2010,9
강원,평창군,일반의,2011,10
강원,평창군,일반의,2012,8
강원,평창군,일반의,2013,8
강원,평창군,일반의,2014,7
강원,평창군,일반의,2015,3
강원,평창군,일반의,2016,2
강원,평창군,일반의,2017,4
강원,평창군,일반의,2018,7
강원,평창군,일반의,2019,9
강원,평창군,일반의,2020,8
강원,평창군,일반의,2021,8
강원,평창군,일반의,2022,7
강원,평창군,일반의,2023,7
강원,평창군,일반의,2024,7
강원,평창군,일반의,2025,4
강원,평창군,전문의,2007,20
강원,평창군,전문의,2008,23
강원,평창군,전문의,2009,22
강원,평창군,전문의,2010,22
강원,평창군,전문의,2011,20
강원,평창군,전문의,2012,20
강원,평창군,전문의,2013,21
강원,평창군,전문의,2014,25
강원,평창군,전문의,2015,29
강원,평창군,전문의,2016,32
강원,평창군,전문의,2017,32
강원,평창군,전문의,2018,31
강원,평창군,전문의,2019,27
강원,평창군,전문의,2020,28
강원,평창군,전문의,2021,27
강원,평창군,전문의,2022,22
강원,평창군,전문의,2023,22
강원,평창군,전문의,2024,26
강원,평창군,전문의,2025,27
강원,홍천군,total,2007,80
강원,홍천군,total,2008,82
강원,홍천군,total,2009,84
강원,홍천군,total,2010,84
강원,홍천군,total,2011,91
강원,홍천군,total,2012,85
강원,홍천군,total,2013,88
강원,홍천군,total,2014,91
강원,홍천군,total,2015,90
강원,홍천군,total,2016,92
강원,홍천군,total,2017,96
강원,홍천군,total,2018,92
강원,홍천군,total,2019,88
강원,홍천군,total,2020,94
강원,홍천군,total,2021,93
강원,홍천군,total,2022,92
강원,홍천군,total,2023,91
강원,홍천군,total,2024,93
강원,홍천군,total,2025,88
강원,홍천군,레지던트,2007,0
강원,홍천군,레지던트,2008,0
강원,홍천군,레지던트,2009,0
강원,홍천군,레지던트,2010,0
강원,홍천군,레지던트,2011,0
강원,홍천군,레지던트,2012,0
강원,홍천군,레지던트,2013,0
강원,홍천군,레지던트,2014,0
강원,홍천군,레지던트,2015,0
강원,홍천군,레지던트,2016,0
강원,홍천군,레지던트,2017,1
강원,홍천군,레지던트,2018,0
강원,홍천군,레지던트,2019,0
강원,홍천군,레지던트,2020,0
강원,홍천군,레지던트,2021,0
강원,홍천군,레지던트,2022,0
강원,홍천군,레지던트,2023,0
강원,홍천군,레지던트,2024,0
강원,홍천군,레지던트,2025,0
강원,홍천군,인턴,2007,0
강원,홍천군,인턴,2008,0
강원,홍천군,인턴,2009,0
강원,홍천군,인턴,2010,0
강원,홍천군,인턴,2011,0
강원,홍천군,인턴,2012,0
강원,홍천군,인턴,2013,0
강원,홍천군,인턴,2014,2
강원,홍천군,인턴,2015,2
강원,홍천군,인턴,2016,0
강원,홍천군,인턴,2017,1
강원,홍천군,인턴,2018,2
강원,홍천군,인턴,2019,0
강원,홍천군,인턴,2020,2
강원,홍천군,인턴,2021,1
강원,홍천군,인턴,2022,0
강원,홍천군,인턴,2023,0
강원,홍천군,인턴,2024,0
강원,홍천군,인턴,2025,0
강원,홍천군,일반의,2007,13
강원,홍천군,일반의,2008,11
강원,홍천군,일반의,2009,13
강원,홍천군,일반의,2010,15
강원,홍천군,일반의,2011,18
강원,홍천군,일반의,2012,13
강원,홍천군,일반의,2013,11
강원,홍천군,일반의,2014,11
강원,홍천군,일반의,2015,12
강원,홍천군,일반의,2016,12
강원,홍천군,일반의,2017,13
강원,홍천군,일반의,2018,12
강원,홍천군,일반의,2019,11
강원,홍천군,일반의,2020,11
강원,홍천군,일반의,2021,11
강원,홍천군,일반의,2022,12
강원,홍천군,일반의,2023,8
강원,홍천군,일반의,2024,12
강원,홍천군,일반의,2025,14
강원,홍천군,전문의,2007,67
강원,홍천군,전문의,2008,71
강원,홍천군,전문의,2009,71
강원,홍천군,전문의,2010,69
강원,홍천군,전문의,2011,73
강원,홍천군,전문의,2012,72
강원,홍천군,전문의,2013,77
강원,홍천군,전문의,2014,78
강원,홍천군,전문의,2015,76
강원,홍천군,전문의,2016,80
강원,홍천군,전문의,2017,81
강원,홍천군,전문의,2018,78
강원,홍천군,전문의,2019,77
강원,홍천군,전문의,2020,81
강원,홍천군,전문의,2021,81
강원,홍천군,전문의,2022,80
강원,홍천군,전문의,2023,83
강원,홍천군,전문의,2024,81
강원,홍천군,전문의,2025,74
강원,화천군,total,2007,19
강원,화천군,total,2008,16
강원,화천군,total,2009,21
강원,화천군,total,2010,21
강원,화천군,total,2011,21
강원,화천군,total,2012,20
강원,화천군,total,2013,20
강원,화천군,total,2014,21
강원,화천군,total,2015,21
강원,화천군,total,2016,23
강원,화천군,total,2017,23
강원,화천군,total,2018,23
강원,화천군,total,2019,23
강원,화천군,total,2020,23
강원,화천군,total,2021,23
강원,화천군,total,2022,23
강원,화천군,total,2023,14
강원,화천군,total,2024,32
강원,화천군,total,2025,26
강원,화천군,레지던트,2007,0
강원,화천군,레지던트,2008,0
강원,화천군,레지던트,2009,0
강원,화천군,레지던트,2010,0
강원,화천군,레지던트,2011,0
강원,화천군,레지던트,2012,0
강원,화천군,레지던트,2013,0
강원,화천군,레지던트,2014,0
강원,화천군,레지던트,2015,0
강원,화천군,레지던트,2016,0
강원,화천군,레지던트,2017,0
강원,화천군,레지던트,2018,0
강원,화천군,레지던트,2019,0
강원,화천군,레지던트,2020,0
강원,화천군,레지던트,2021,0
강원,화천군,레지던트,2022,0
강원,화천군,레지던트,2023,0
강원,화천군,레지던트,2024,0
강원,화천군,레지던트,2025,0
강원,화천군,인턴,2007,0
강원,화천군,인턴,2008,0
강원,화천군,인턴,2009,0
강원,화천군,인턴,2010,0
강원,화천군,인턴,2011,0
강원,화천군,인턴,2012,0
강원,화천군,인턴,2013,0
강원,화천군,인턴,2014,0
강원,화천군,인턴,2015,0
강원,화천군,인턴,2016,0
강원,화천군,인턴,2017,0
강원,화천군,인턴,2018,0
강원,화천군,인턴,2019,0
강원,화천군,인턴,2020,0
강원,화천군,인턴,2021,0
강원,화천군,인턴,2022,0
강원,화천군,인턴,2023,0
강원,화천군,인턴,2024,0
강원,화천군,인턴,2025,0
강원,화천군,일반의,2007,4
강원,화천군,일반의,2008,3
강원,화천군,일반의,2009,6
강원,화천군,일반의,2010,6
강원,화천군,일반의,2011,7
강원,화천군,일반의,2012,7
강원,화천군,일반의,2013,6
강원,화천군,일반의,2014,6
강원,화천군,일반의,2015,5
강원,화천군,일반의,2016,5
강원,화천군,일반의,2017,6
강원,화천군,일반의,2018,6
강원,화천군,일반의,2019,6
강원,화천군,일반의,2020,6
강원,화천군,일반의,2021,5
강원,화천군,일반의,2022,5
강원,화천군,일반의,2023,1
강원,화천군,일반의,2024,2
강원,화천군,일반의,2025,1
강원,화천군,전문의,2007,15
강원,화천군,전문의,2008,13
강원,화천군,전문의,2009,15
강원,화천군,전문의,2010,15
강원,화천군,전문의,2011,14
강원,화천군,전문의,2012,13
강원,화천군,전문의,2013,14
강원,화천군,전문의,2014,15
강원,화천군,전문의,2015,16
강원,화천군,전문의,2016,18
강원,화천군,전문의,2017,17
강원,화천군,전문의,2018,17
강원,화천군,전문의,2019,17
강원,화천군,전문의,2020,17
강원,화천군,전문의,2021,18
강원,화천군,전문의,2022,18
강원,화천군,전문의,2023,13
강원,화천군,전문의,2024,30
강원,화천군,전문의,2025,25
강원,횡성군,total,2007,28
강원,횡성군,total,2008,23
강원,횡성군,total,2009,30
강원,횡성군,total,2010,32
강원,횡성군,total,2011,30
강원,횡성군,total,2012,31
강원,횡성군,total,2013,34
강원,횡성군,total,2014,33
강원,횡성군,total,2015,33
강원,횡성군,total,2016,34
강원,횡성군,total,2017,31
강원,횡성군,total,2018,34
강원,횡성군,total,2019,33
강원,횡성군,total,2020,31
강원,횡성군,total,2021,34
강원,횡성군,total,2022,35
강원,횡성군,total,2023,27
강원,횡성군,total,2024,29
강원,횡성군,total,2025,28
강원,횡성군,레지던트,2007,0
강원,횡성군,레지던트,2008,0
강원,횡성군,레지던트,2009,0
강원,횡성군,레지던트,2010,0
강원,횡성군,레지던트,2011,0
강원,횡성군,레지던트,2012,0
강원,횡성군,레지던트,2013,0
강원,횡성군,레지던트,2014,0
강원,횡성군,레지던트,2015,0
강원,횡성군,레지던트,2016,0
강원,횡성군,레지던트,2017,0
강원,횡성군,레지던트,2018,0
강원,횡성군,레지던트,2019,0
강원,횡성군,레지던트,2020,0
강원,횡성군,레지던트,2021,0
강원,횡성군,레지던트,2022,0
강원,횡성군,레지던트,2023,0
강원,횡성군,레지던트,2024,0
강원,횡성군,레지던트,2025,0
강원,횡성군,인턴,2007,0
강원,횡성군,인턴,2008,0
강원,횡성군,인턴,2009,0
강원,횡성군,인턴,2010,0
강원,횡성군,인턴,2011,0
강원,횡성군,인턴,2012,0
강원,횡성군,인턴,2013,0
강원,횡성군,인턴,2014,0
강원,횡성군,인턴,2015,0
강원,횡성군,인턴,2016,0
강원,횡성군,인턴,2017,0
강원,횡성군,인턴,2018,0
강원,횡성군,인턴,2019,0
강원,횡성군,인턴,2020,0
강원,횡성군,인턴,2021,0
강원,횡성군,인턴,2022,0
강원,횡성군,인턴,2023,0
강원,횡성군,인턴,2024,0
강원,횡성군,인턴,2025,0
강원,횡성군,일반의,2007,10
강원,횡성군,일반의,2008,5
강원,횡성군,일반의,2009,7
강원,횡성군,일반의,2010,8
강원,횡성군,일반의,2011,7
강원,횡성군,일반의,2012,10
강원,횡성군,일반의,2013,8
강원,횡성군,일반의,2014,9
강원,횡성군,일반의,2015,9
강원,횡성군,일반의,2016,13
강원,횡성군,일반의,2017,13
강원,횡성군,일반의,2018,12
강원,횡성군,일반의,2019,11
강원,횡성군,일반의,2020,10
강원,횡성군,일반의,2021,11
강원,횡성군,일반의,2022,14
강원,횡성군,일반의,2023,6
강원,횡성군,일반의,2024,6
강원,횡성군,일반의,2025,7
강원,횡성군,전문의,2007,18
강원,횡성군,전문의,2008,18
강원,횡성군,전문의,2009,23
강원,횡성군,전문의,2010,24
강원,횡성군,전문의,2011,23
강원,횡성군,전문의,2012,21
강원,횡성군,전문의,2013,26
강원,횡성군,전문의,2014,24
강원,횡성군,전문의,2015,24
강원,횡성군,전문의,2016,21
강원,횡성군,전문의,2017,18
강원,횡성군,전문의,2018,22
강원,횡성군,전문의,2019,22
강원,횡성군,전문의,2020,21
강원,횡성군,전문의,2021,23
강원,횡성군,전문의,2022,21
강원,횡성군,전문의,2023,21
강원,횡성군,전문의,2024,23
강원,횡성군,전문의,2025,21
경기,가평군,total,2007,85
경기,가평군,total,2008,73
경기,가평군,total,2009,86
경기,가평군,total,2010,76
경기,가평군,total,2011,82
경기,가평군,total,2012,94
경기,가평군,total,2013,90
경기,가평군,total,2014,90
경기,가평군,total,2015,89
경기,가평군,total,2016,81
경기,가평군,total,2017,82
경기,가평군,total,2018,61
경기,가평군,total,2019,61
경기,가평군,total,2020,62
경기,가평군,total,2021,59
경기,가평군,total,2022,57
경기,가평군,total,2023,57
경기,가평군,total,2024,58
경기,가평군,total,2025,62
경기,가평군,레지던트,2007,0
경기,가평군,레지던트,2008,0
경기,가평군,레지던트,2009,0
경기,가평군,레지던트,2010,0
경기,가평군,레지던트,2011,0
경기,가평군,레지던트,2012,0
경기,가평군,레지던트,2013,0
경기,가평군,레지던트,2014,0
경기,가평군,레지던트,2015,0
경기,가평군,레지던트,2016,0
경기,가평군,레지던트,2017,0
경기,가평군,레지던트,2018,0
경기,가평군,레지던트,2019,0
경기,가평군,레지던트,2020,0
경기,가평군,레지던트,2021,0
경기,가평군,레지던트,2022,0
경기,가평군,레지던트,2023,0
경기,가평군,레지던트,2024,0
경기,가평군,레지던트,2025,0
경기,가평군,인턴,2007,0
경기,가평군,인턴,2008,0
경기,가평군,인턴,2009,0
경기,가평군,인턴,2010,0
경기,가평군,인턴,2011,0
경기,가평군,인턴,2012,0
경기,가평군,인턴,2013,0
경기,가평군,인턴,2014,0
경기,가평군,인턴,2015,0
경기,가평군,인턴,2016,0
경기,가평군,인턴,2017,0
경기,가평군,인턴,2018,0
경기,가평군,인턴,2019,0
경기,가평군,인턴,2020,1
경기,가평군,인턴,2021,0
경기,가평군,인턴,2022,0
경기,가평군,인턴,2023,0
경기,가평군,인턴,2024,0
경기,가평군,인턴,2025,0
경기,가평군,일반의,2007,17
경기,가평군,일반의,2008,15
경기,가평군,일반의,2009,15
경기,가평군,일반의,2010,15
경기,가평군,일반의,2011,10
경기,가평군,일반의,2012,14
경기,가평군,일반의,2013,12
경기,가평군,일반의,2014,11
경기,가평군,일반의,2015,9
경기,가평군,일반의,2016,5
경기,가평군,일반의,2017,7
경기,가평군,일반의,2018,9
경기,가평군,일반의,2019,7
경기,가평군,일반의,2020,6
경기,가평군,일반의,2021,8
경기,가평군,일반의,2022,7
경기,가평군,일반의,2023,7
경기,가평군,일반의,2024,7
경기,가평군,일반의,2025,5
경기,가평군,전문의,2007,68
경기,가평군,전문의,2008,58
경기,가평군,전문의,2009,71
경기,가평군,전문의,2010,61
경기,가평군,전문의,2011,72
경기,가평군,전문의,2012,80
경기,가평군,전문의,2013,78
경기,가평군,전문의,2014,79
경기,가평군,전문의,2015,80
경기,가평군,전문의,2016,76
경기,가평군,전문의,2017,75
경기,가평군,전문의,2018,52
경기,가평군,전문의,2019,54
경기,가평군,전문의,2020,55
경기,가평군,전문의,2021,51
경기,가평군,전문의,2022,50
경기,가평군,전문의,2023,50
경기,가평군,전문의,2024,51
경기,가평군,전문의,2025,57
경기,고양시 덕양구,total,2007,421
경기,고양시 덕양구,total,2008,456
경기,고양시 덕양구,total,2009,496
경기,고양시 덕양구,total,2010,498
경기,고양시 덕양구,total,2011,503
경기,고양시 덕양구,total,2012,547
경기,고양시 덕양구,total,2013,497
경기,고양시 덕양구,total,2014,525
경기,고양시 덕양구,total,2015,566
경기,고양시 덕양구,total,2016,574
경기,고양시 덕양구,total,2017,591
경기,고양시 덕양구,total,2018,602
경기,고양시 덕양구,total,2019,588
경기,고양시 덕양구,total,2020,614
경기,고양시 덕양구,total,2021,669
경기,고양시 덕양구,total,2022,704
경기,고양시 덕양구,total,2023,769
경기,고양시 덕양구,total,2024,750
경기,고양시 덕양구,total,2025,766
경기,고양시 덕양구,레지던트,2007,66
경기,고양시 덕양구,레지던트,2008,76
경기,고양시 덕양구,레지던트,2009,93
경기,고양시 덕양구,레지던트,2010,81
경기,고양시 덕양구,레지던트,2011,78
경기,고양시 덕양구,레지던트,2012,100
경기,고양시 덕양구,레지던트,2013,98
경기,고양시 덕양구,레지던트,2014,79
경기,고양시 덕양구,레지던트,2015,89
경기,고양시 덕양구,레지던트,2016,78
경기,고양시 덕양구,레지던트,2017,60
경기,고양시 덕양구,레지던트,2018,47
경기,고양시 덕양구,레지던트,2019,32
경기,고양시 덕양구,레지던트,2020,44
경기,고양시 덕양구,레지던트,2021,52
경기,고양시 덕양구,레지던트,2022,49
경기,고양시 덕양구,레지던트,2023,55
경기,고양시 덕양구,레지던트,2024,38
경기,고양시 덕양구,레지던트,2025,21
경기,고양시 덕양구,인턴,2007,19
경기,고양시 덕양구,인턴,2008,21
경기,고양시 덕양구,인턴,2009,20
경기,고양시 덕양구,인턴,2010,16
경기,고양시 덕양구,인턴,2011,21
경기,고양시 덕양구,인턴,2012,17
경기,고양시 덕양구,인턴,2013,7
경기,고양시 덕양구,인턴,2014,0
경기,고양시 덕양구,인턴,2015,1
경기,고양시 덕양구,인턴,2016,18
경기,고양시 덕양구,인턴,2017,34
경기,고양시 덕양구,인턴,2018,41
경기,고양시 덕양구,인턴,2019,32
경기,고양시 덕양구,인턴,2020,34
경기,고양시 덕양구,인턴,2021,24
경기,고양시 덕양구,인턴,2022,30
경기,고양시 덕양구,인턴,2023,20
경기,고양시 덕양구,인턴,2024,14
경기,고양시 덕양구,인턴,2025,3
경기,고양시 덕양구,일반의,2007,13
경기,고양시 덕양구,일반의,2008,19
경기,고양시 덕양구,일반의,2009,19
경기,고양시 덕양구,일반의,2010,23
경기,고양시 덕양구,일반의,2011,22
경기,고양시 덕양구,일반의,2012,23
경기,고양시 덕양구,일반의,2013,24
경기,고양시 덕양구,일반의,2014,20
경기,고양시 덕양구,일반의,2015,19
경기,고양시 덕양구,일반의,2016,15
경기,고양시 덕양구,일반의,2017,14
경기,고양시 덕양구,일반의,2018,20
경기,고양시 덕양구,일반의,2019,21
경기,고양시 덕양구,일반의,2020,24
경기,고양시 덕양구,일반의,2021,25
경기,고양시 덕양구,일반의,2022,22
경기,고양시 덕양구,일반의,2023,23
경기,고양시 덕양구,일반의,2024,22
경기,고양시 덕양구,일반의,2025,59
경기,고양시 덕양구,전문의,2007,323
경기,고양시 덕양구,전문의,2008,340
경기,고양시 덕양구,전문의,2009,364
경기,고양시 덕양구,전문의,2010,378
경기,고양시 덕양구,전문의,2011,382
경기,고양시 덕양구,전문의,2012,407
경기,고양시 덕양구,전문의,2013,368
경기,고양시 덕양구,전문의,2014,426
경기,고양시 덕양구,전문의,2015,457
경기,고양시 덕양구,전문의,2016,463
경기,고양시 덕양구,전문의,2017,483
경기,고양시 덕양구,전문의,2018,494
경기,고양시 덕양구,전문의,2019,503
경기,고양시 덕양구,전문의,2020,512
경기,고양시 덕양구,전문의,2021,568
경기,고양시 덕양구,전문의,2022,603
경기,고양시 덕양구,전문의,2023,671
경기,고양시 덕양구,전문의,2024,676
경기,고양시 덕양구,전문의,2025,683
경기,고양시 일산 동구,total,2007,598
경기,고양시 일산 동구,total,2008,632
경기,고양시 일산 동구,total,2009,792
경기,고양시 일산 동구,total,2010,799
경기,고양시 일산 동구,total,2011,814
경기,고양시 일산 동구,total,2012,837
경기,고양시 일산 동구,total,2013,845
경기,고양시 일산 동구,total,2014,888
경기,고양시 일산 동구,total,2015,927
경기,고양시 일산 동구,total,2016,1015
경기,고양시 일산 동구,total,2017,1050
경기,고양시 일산 동구,total,2018,1079
경기,고양시 일산 동구,total,2019,1098
경기,고양시 일산 동구,total,2020,1124
경기,고양시 일산 동구,total,2021,1180
경기,고양시 일산 동구,total,2022,1205
경기,고양시 일산 동구,total,2023,1192
경기,고양시 일산 동구,total,2024,1182
경기,고양시 일산 동구,total,2025,1157
경기,고양시 일산 동구,레지던트,2007,16
경기,고양시 일산 동구,레지던트,2008,15
경기,고양시 일산 동구,레지던트,2009,92
경기,고양시 일산 동구,레지던트,2010,97
경기,고양시 일산 동구,레지던트,2011,79
경기,고양시 일산 동구,레지던트,2012,110
경기,고양시 일산 동구,레지던트,2013,116
경기,고양시 일산 동구,레지던트,2014,134
경기,고양시 일산 동구,레지던트,2015,125
경기,고양시 일산 동구,레지던트,2016,159
경기,고양시 일산 동구,레지던트,2017,166
경기,고양시 일산 동구,레지던트,2018,155
경기,고양시 일산 동구,레지던트,2019,157
경기,고양시 일산 동구,레지던트,2020,133
경기,고양시 일산 동구,레지던트,2021,110
경기,고양시 일산 동구,레지던트,2022,120
경기,고양시 일산 동구,레지던트,2023,117
경기,고양시 일산 동구,레지던트,2024,82
경기,고양시 일산 동구,레지던트,2025,15
경기,고양시 일산 동구,인턴,2007,23
경기,고양시 일산 동구,인턴,2008,18
경기,고양시 일산 동구,인턴,2009,52
경기,고양시 일산 동구,인턴,2010,9
경기,고양시 일산 동구,인턴,2011,32
경기,고양시 일산 동구,인턴,2012,10
경기,고양시 일산 동구,인턴,2013,6
경기,고양시 일산 동구,인턴,2014,2
경기,고양시 일산 동구,인턴,2015,0
경기,고양시 일산 동구,인턴,2016,28
경기,고양시 일산 동구,인턴,2017,29
경기,고양시 일산 동구,인턴,2018,30
경기,고양시 일산 동구,인턴,2019,19
경기,고양시 일산 동구,인턴,2020,0
경기,고양시 일산 동구,인턴,2021,16
경기,고양시 일산 동구,인턴,2022,26
경기,고양시 일산 동구,인턴,2023,23
경기,고양시 일산 동구,인턴,2024,0
경기,고양시 일산 동구,인턴,2025,0
경기,고양시 일산 동구,일반의,2007,23
경기,고양시 일산 동구,일반의,2008,27
경기,고양시 일산 동구,일반의,2009,29
경기,고양시 일산 동구,일반의,2010,23
경기,고양시 일산 동구,일반의,2011,34
경기,고양시 일산 동구,일반의,2012,30
경기,고양시 일산 동구,일반의,2013,25
경기,고양시 일산 동구,일반의,2014,24
경기,고양시 일산 동구,일반의,2015,28
경기,고양시 일산 동구,일반의,2016,38
경기,고양시 일산 동구,일반의,2017,28
경기,고양시 일산 동구,일반의,2018,41
경기,고양시 일산 동구,일반의,2019,44
경기,고양시 일산 동구,일반의,2020,39
경기,고양시 일산 동구,일반의,2021,42
경기,고양시 일산 동구,일반의,2022,48
경기,고양시 일산 동구,일반의,2023,51
경기,고양시 일산 동구,일반의,2024,65
경기,고양시 일산 동구,일반의,2025,116
경기,고양시 일산 동구,전문의,2007,536
경기,고양시 일산 동구,전문의,2008,572
경기,고양시 일산 동구,전문의,2009,619
경기,고양시 일산 동구,전문의,2010,670
경기,고양시 일산 동구,전문의,2011,669
경기,고양시 일산 동구,전문의,2012,687
경기,고양시 일산 동구,전문의,2013,698
경기,고양시 일산 동구,전문의,2014,728
경기,고양시 일산 동구,전문의,2015,774
경기,고양시 일산 동구,전문의,2016,790
경기,고양시 일산 동구,전문의,2017,827
경기,고양시 일산 동구,전문의,2018,853
경기,고양시 일산 동구,전문의,2019,878
경기,고양시 일산 동구,전문의,2020,952
경기,고양시 일산 동구,전문의,2021,1012
경기,고양시 일산 동구,전문의,2022,1011
경기,고양시 일산 동구,전문의,2023,1001
경기,고양시 일산 동구,전문의,2024,1035
경기,고양시 일산 동구,전문의,2025,1026
경기,고양시 일산 서구,total,2007,357
경기,고양시 일산 서구,total,2008,390
경기,고양시 일산 서구,total,2009,475
경기,고양시 일산 서구,total,2010,474
경기,고양시 일산 서구,total,2011,455
경기,고양시 일산 서구,total,2012,503
경기,고양시 일산 서구,total,2013,507
경기,고양시 일산 서구,total,2014,509
경기,고양시 일산 서구,total,2015,524
경기,고양시 일산 서구,total,2016,561
경기,고양시 일산 서구,total,2017,533
경기,고양시 일산 서구,total,2018,569
경기,고양시 일산 서구,total,2019,566
경기,고양시 일산 서구,total,2020,579
경기,고양시 일산 서구,total,2021,585
경기,고양시 일산 서구,total,2022,587
경기,고양시 일산 서구,total,2023,603
경기,고양시 일산 서구,total,2024,549
경기,고양시 일산 서구,total,2025,508
경기,고양시 일산 서구,레지던트,2007,29
경기,고양시 일산 서구,레지던트,2008,43
경기,고양시 일산 서구,레지던트,2009,108
경기,고양시 일산 서구,레지던트,2010,101
경기,고양시 일산 서구,레지던트,2011,104
경기,고양시 일산 서구,레지던트,2012,110
경기,고양시 일산 서구,레지던트,2013,112
경기,고양시 일산 서구,레지던트,2014,121
경기,고양시 일산 서구,레지던트,2015,124
경기,고양시 일산 서구,레지던트,2016,119
경기,고양시 일산 서구,레지던트,2017,108
경기,고양시 일산 서구,레지던트,2018,111
경기,고양시 일산 서구,레지던트,2019,112
경기,고양시 일산 서구,레지던트,2020,109
경기,고양시 일산 서구,레지던트,2021,101
경기,고양시 일산 서구,레지던트,2022,93
경기,고양시 일산 서구,레지던트,2023,91
경기,고양시 일산 서구,레지던트,2024,65
경기,고양시 일산 서구,레지던트,2025,1
경기,고양시 일산 서구,인턴,2007,0
경기,고양시 일산 서구,인턴,2008,11
경기,고양시 일산 서구,인턴,2009,32
경기,고양시 일산 서구,인턴,2010,22
경기,고양시 일산 서구,인턴,2011,0
경기,고양시 일산 서구,인턴,2012,26
경기,고양시 일산 서구,인턴,2013,20
경기,고양시 일산 서구,인턴,2014,0
경기,고양시 일산 서구,인턴,2015,0
경기,고양시 일산 서구,인턴,2016,20
경기,고양시 일산 서구,인턴,2017,0
경기,고양시 일산 서구,인턴,2018,25
경기,고양시 일산 서구,인턴,2019,25
경기,고양시 일산 서구,인턴,2020,25
경기,고양시 일산 서구,인턴,2021,20
경기,고양시 일산 서구,인턴,2022,24
경기,고양시 일산 서구,인턴,2023,25
경기,고양시 일산 서구,인턴,2024,10
경기,고양시 일산 서구,인턴,2025,1
경기,고양시 일산 서구,일반의,2007,17
경기,고양시 일산 서구,일반의,2008,16
경기,고양시 일산 서구,일반의,2009,12
경기,고양시 일산 서구,일반의,2010,17
경기,고양시 일산 서구,일반의,2011,14
경기,고양시 일산 서구,일반의,2012,11
경기,고양시 일산 서구,일반의,2013,12
경기,고양시 일산 서구,일반의,2014,11
경기,고양시 일산 서구,일반의,2015,14
경기,고양시 일산 서구,일반의,2016,15
경기,고양시 일산 서구,일반의,2017,12
경기,고양시 일산 서구,일반의,2018,19
경기,고양시 일산 서구,일반의,2019,15
경기,고양시 일산 서구,일반의,2020,11
경기,고양시 일산 서구,일반의,2021,13
경기,고양시 일산 서구,일반의,2022,9
경기,고양시 일산 서구,일반의,2023,11
경기,고양시 일산 서구,일반의,2024,12
경기,고양시 일산 서구,일반의,2025,29
경기,고양시 일산 서구,전문의,2007,311
경기,고양시 일산 서구,전문의,2008,320
경기,고양시 일산 서구,전문의,2009,323
경기,고양시 일산 서구,전문의,2010,334
경기,고양시 일산 서구,전문의,2011,337
경기,고양시 일산 서구,전문의,2012,356
경기,고양시 일산 서구,전문의,2013,363
경기,고양시 일산 서구,전문의,2014,377
경기,고양시 일산 서구,전문의,2015,386
경기,고양시 일산 서구,전문의,2016,407
경기,고양시 일산 서구,전문의,2017,413
경기,고양시 일산 서구,전문의,2018,414
경기,고양시 일산 서구,전문의,2019,414
경기,고양시 일산 서구,전문의,2020,434
경기,고양시 일산 서구,전문의,2021,451
경기,고양시 일산 서구,전문의,2022,461
경기,고양시 일산 서구,전문의,2023,476
경기,고양시 일산 서구,전문의,2024,462
경기,고양시 일산 서구,전문의,2025,477
경기,과천시,total,2007,31
경기,과천시,total,2008,31
경기,과천시,total,2009,34
경기,과천시,total,2010,34
경기,과천시,total,2011,33
경기,과천시,total,2012,35
경기,과천시,total,2013,35
경기,과천시,total,2014,34
경기,과천시,total,2015,39
경기,과천시,total,2016,37
경기,과천시,total,2017,41
경기,과천시,total,2018,41
경기,과천시,total,2019,46
경기,과천시,total,2020,46
경기,과천시,total,2021,48
경기,과천시,total,2022,50
경기,과천시,total,2023,56
경기,과천시,total,2024,64
경기,과천시,total,2025,80
경기,과천시,레지던트,2007,0
경기,과천시,레지던트,2008,0
경기,과천시,레지던트,2009,0
경기,과천시,레지던트,2010,0
경기,과천시,레지던트,2011,0
경기,과천시,레지던트,2012,0
경기,과천시,레지던트,2013,0
경기,과천시,레지던트,2014,0
경기,과천시,레지던트,2015,0
경기,과천시,레지던트,2016,0
경기,과천시,레지던트,2017,0
경기,과천시,레지던트,2018,0
경기,과천시,레지던트,2019,0
경기,과천시,레지던트,2020,0
경기,과천시,레지던트,2021,0
경기,과천시,레지던트,2022,0
경기,과천시,레지던트,2023,0
경기,과천시,레지던트,2024,0
경기,과천시,레지던트,2025,0
경기,과천시,인턴,2007,0
경기,과천시,인턴,2008,0
경기,과천시,인턴,2009,0
경기,과천시,인턴,2010,0
경기,과천시,인턴,2011,0
경기,과천시,인턴,2012,0
경기,과천시,인턴,2013,0
경기,과천시,인턴,2014,0
경기,과천시,인턴,2015,0
경기,과천시,인턴,2016,0
경기,과천시,인턴,2017,0
경기,과천시,인턴,2018,0
경기,과천시,인턴,2019,0
경기,과천시,인턴,2020,0
경기,과천시,인턴,2021,0
경기,과천시,인턴,2022,0
경기,과천시,인턴,2023,0
경기,과천시,인턴,2024,0
경기,과천시,인턴,2025,0
경기,과천시,일반의,2007,6
경기,과천시,일반의,2008,5
경기,과천시,일반의,2009,7
경기,과천시,일반의,2010,4
경기,과천시,일반의,2011,4
경기,과천시,일반의,2012,5
경기,과천시,일반의,2013,4
경기,과천시,일반의,2014,4
경기,과천시,일반의,2015,4
경기,과천시,일반의,2016,4
경기,과천시,일반의,2017,5
경기,과천시,일반의,2018,4
경기,과천시,일반의,2019,4
경기,과천시,일반의,2020,4
경기,과천시,일반의,2021,4
경기,과천시,일반의,2022,4
경기,과천시,일반의,2023,5
경기,과천시,일반의,2024,6
경기,과천시,일반의,2025,14
경기,과천시,전문의,2007,25
경기,과천시,전문의,2008,26
경기,과천시,전문의,2009,27
경기,과천시,전문의,2010,30
경기,과천시,전문의,2011,29
경기,과천시,전문의,2012,30
경기,과천시,전문의,2013,31
경기,과천시,전문의,2014,30
경기,과천시,전문의,2015,35
경기,과천시,전문의,2016,33
경기,과천시,전문의,2017,36
경기,과천시,전문의,2018,37
경기,과천시,전문의,2019,42
경기,과천시,전문의,2020,42
경기,과천시,전문의,2021,44
경기,과천시,전문의,2022,46
경기,과천시,전문의,2023,51
경기,과천시,전문의,2024,58
경기,과천시,전문의,2025,66
경기,광명시,total,2007,310
경기,광명시,total,2008,313
경기,광명시,total,2009,316
경기,광명시,total,2010,318
경기,광명시,total,2011,341
경기,광명시,total,2012,368
경기,광명시,total,2013,376
경기,광명시,total,2014,416
경기,광명시,total,2015,408
경기,광명시,total,2016,419
경기,광명시,total,2017,433
경기,광명시,total,2018,451
경기,광명시,total,2019,461
경기,광명시,total,2020,448
경기,광명시,total,2021,466
경기,광명시,total,2022,593
경기,광명시,total,2023,648
경기,광명시,total,2024,682
경기,광명시,total,2025,750
경기,광명시,레지던트,2007,32
경기,광명시,레지던트,2008,29
경기,광명시,레지던트,2009,34
경기,광명시,레지던트,2010,30
경기,광명시,레지던트,2011,29
경기,광명시,레지던트,2012,39
경기,광명시,레지던트,2013,33
경기,광명시,레지던트,2014,40
경기,광명시,레지던트,2015,39
경기,광명시,레지던트,2016,39
경기,광명시,레지던트,2017,38
경기,광명시,레지던트,2018,35
경기,광명시,레지던트,2019,32
경기,광명시,레지던트,2020,27
경기,광명시,레지던트,2021,24
경기,광명시,레지던트,2022,23
경기,광명시,레지던트,2023,19
경기,광명시,레지던트,2024,21
경기,광명시,레지던트,2025,20
경기,광명시,인턴,2007,8
경기,광명시,인턴,2008,12
경기,광명시,인턴,2009,0
경기,광명시,인턴,2010,0
경기,광명시,인턴,2011,0
경기,광명시,인턴,2012,3
경기,광명시,인턴,2013,0
경기,광명시,인턴,2014,4
경기,광명시,인턴,2015,0
경기,광명시,인턴,2016,8
경기,광명시,인턴,2017,6
경기,광명시,인턴,2018,8
경기,광명시,인턴,2019,9
경기,광명시,인턴,2020,0
경기,광명시,인턴,2021,8
경기,광명시,인턴,2022,6
경기,광명시,인턴,2023,6
경기,광명시,인턴,2024,1
경기,광명시,인턴,2025,4
경기,광명시,일반의,2007,20
경기,광명시,일반의,2008,15
경기,광명시,일반의,2009,13
경기,광명시,일반의,2010,12
경기,광명시,일반의,2011,18
경기,광명시,일반의,2012,15
경기,광명시,일반의,2013,14
경기,광명시,일반의,2014,14
경기,광명시,일반의,2015,13
경기,광명시,일반의,2016,14
경기,광명시,일반의,2017,13
경기,광명시,일반의,2018,20
경기,광명시,일반의,2019,19
경기,광명시,일반의,2020,17
경기,광명시,일반의,2021,17
경기,광명시,일반의,2022,19
경기,광명시,일반의,2023,23
경기,광명시,일반의,2024,25
경기,광명시,일반의,2025,63
경기,광명시,전문의,2007,250
경기,광명시,전문의,2008,257
경기,광명시,전문의,2009,269
경기,광명시,전문의,2010,276
경기,광명시,전문의,2011,294
경기,광명시,전문의,2012,311
경기,광명시,전문의,2013,329
경기,광명시,전문의,2014,358
경기,광명시,전문의,2015,356
경기,광명시,전문의,2016,358
경기,광명시,전문의,2017,376
경기,광명시,전문의,2018,388
경기,광명시,전문의,2019,401
경기,광명시,전문의,2020,404
경기,광명시,전문의,2021,417
경기,광명시,전문의,2022,545
경기,광명시,전문의,2023,600
경기,광명시,전문의,2024,635
경기,광명시,전문의,2025,663
경기,광주시,total,2007,132
경기,광주시,total,2008,136
경기,광주시,total,2009,145
경기,광주시,total,2010,152
경기,광주시,total,2011,168
경기,광주시,total,2012,170
경기,광주시,total,2013,165
경기,광주시,total,2014,171
경기,광주시,total,2015,168
경기,광주시,total,2016,173
경기,광주시,total,2017,209
경기,광주시,total,2018,238
경기,광주시,total,2019,257
경기,광주시,total,2020,266
경기,광주시,total,2021,269
경기,광주시,total,2022,281
경기,광주시,total,2023,308
경기,광주시,total,2024,326
경기,광주시,total,2025,361
경기,광주시,레지던트,2007,12
경기,광주시,레지던트,2008,13
경기,광주시,레지던트,2009,12
경기,광주시,레지던트,2010,12
경기,광주시,레지던트,2011,12
경기,광주시,레지던트,2012,12
경기,광주시,레지던트,2013,12
경기,광주시,레지던트,2014,2
경기,광주시,레지던트,2015,0
경기,광주시,레지던트,2016,0
경기,광주시,레지던트,2017,0
경기,광주시,레지던트,2018,0
경기,광주시,레지던트,2019,0
경기,광주시,레지던트,2020,0
경기,광주시,레지던트,2021,0
경기,광주시,레지던트,2022,0
경기,광주시,레지던트,2023,0
경기,광주시,레지던트,2024,0
경기,광주시,레지던트,2025,0
경기,광주시,인턴,2007,0
경기,광주시,인턴,2008,0
경기,광주시,인턴,2009,0
경기,광주시,인턴,2010,0
경기,광주시,인턴,2011,1
경기,광주시,인턴,2012,1
경기,광주시,인턴,2013,0
경기,광주시,인턴,2014,0
경기,광주시,인턴,2015,0
경기,광주시,인턴,2016,0
경기,광주시,인턴,2017,0
경기,광주시,인턴,2018,0
경기,광주시,인턴,2019,0
경기,광주시,인턴,2020,0
경기,광주시,인턴,2021,0
경기,광주시,인턴,2022,0
경기,광주시,인턴,2023,0
경기,광주시,인턴,2024,0
경기,광주시,인턴,2025,0
경기,광주시,일반의,2007,10
경기,광주시,일반의,2008,9
경기,광주시,일반의,2009,11
경기,광주시,일반의,2010,13
경기,광주시,일반의,2011,14
경기,광주시,일반의,2012,12
경기,광주시,일반의,2013,9
경기,광주시,일반의,2014,12
경기,광주시,일반의,2015,9
경기,광주시,일반의,2016,11
경기,광주시,일반의,2017,8
경기,광주시,일반의,2018,8
경기,광주시,일반의,2019,10
경기,광주시,일반의,2020,13
경기,광주시,일반의,2021,16
경기,광주시,일반의,2022,14
경기,광주시,일반의,2023,16
경기,광주시,일반의,2024,17
경기,광주시,일반의,2025,34
경기,광주시,전문의,2007,110
경기,광주시,전문의,2008,114
경기,광주시,전문의,2009,122
경기,광주시,전문의,2010,127
경기,광주시,전문의,2011,141
경기,광주시,전문의,2012,145
경기,광주시,전문의,2013,144
경기,광주시,전문의,2014,157
경기,광주시,전문의,2015,159
경기,광주시,전문의,2016,162
경기,광주시,전문의,2017,201
경기,광주시,전문의,2018,230
경기,광주시,전문의,2019,247
경기,광주시,전문의,2020,253
경기,광주시,전문의,2021,253
경기,광주시,전문의,2022,267
경기,광주시,전문의,2023,292
경기,광주시,전문의,2024,309
경기,광주시,전문의,2025,327
경기,구리시,total,2007,276
경기,구리시,total,2008,260
경기,구리시,total,2009,361
경기,구리시,total,2010,386
경기,구리시,total,2011,404
경기,구리시,total,2012,403
경기,구리시,total,2013,420
경기,구리시,total,2014,392
경기,구리시,total,2015,377
경기,구리시,total,2016,458
경기,구리시,total,2017,469
경기,구리시,total,2018,535
경기,구리시,total,2019,544
경기,구리시,total,2020,532
경기,구리시,total,2021,530
경기,구리시,total,2022,522
경기,구리시,total,2023,541
경기,구리시,total,2024,521
경기,구리시,total,2025,497
경기,구리시,레지던트,2007,60
경기,구리시,레지던트,2008,40
경기,구리시,레지던트,2009,92
경기,구리시,레지던트,2010,101
경기,구리시,레지던트,2011,99
경기,구리시,레지던트,2012,101
경기,구리시,레지던트,2013,95
경기,구리시,레지던트,2014,62
경기,구리시,레지던트,2015,46
경기,구리시,레지던트,2016,88
경기,구리시,레지던트,2017,82
경기,구리시,레지던트,2018,81
경기,구리시,레지던트,2019,85
경기,구리시,레지던트,2020,80
경기,구리시,레지던트,2021,78
경기,구리시,레지던트,2022,70
경기,구리시,레지던트,2023,69
경기,구리시,레지던트,2024,51
경기,구리시,레지던트,2025,5
경기,구리시,인턴,2007,0
경기,구리시,인턴,2008,0
경기,구리시,인턴,2009,0
경기,구리시,인턴,2010,0
경기,구리시,인턴,2011,0
경기,구리시,인턴,2012,0
경기,구리시,인턴,2013,0
경기,구리시,인턴,2014,0
경기,구리시,인턴,2015,0
경기,구리시,인턴,2016,18
경기,구리시,인턴,2017,16
경기,구리시,인턴,2018,18
경기,구리시,인턴,2019,18
경기,구리시,인턴,2020,17
경기,구리시,인턴,2021,18
경기,구리시,인턴,2022,18
경기,구리시,인턴,2023,17
경기,구리시,인턴,2024,13
경기,구리시,인턴,2025,0
경기,구리시,일반의,2007,6
경기,구리시,일반의,2008,7
경기,구리시,일반의,2009,6
경기,구리시,일반의,2010,10
경기,구리시,일반의,2011,13
경기,구리시,일반의,2012,9
경기,구리시,일반의,2013,9
경기,구리시,일반의,2014,8
경기,구리시,일반의,2015,7
경기,구리시,일반의,2016,8
경기,구리시,일반의,2017,9
경기,구리시,일반의,2018,19
경기,구리시,일반의,2019,18
경기,구리시,일반의,2020,13
경기,구리시,일반의,2021,14
경기,구리시,일반의,2022,20
경기,구리시,일반의,2023,22
경기,구리시,일반의,2024,19
경기,구리시,일반의,2025,36
경기,구리시,전문의,2007,210
경기,구리시,전문의,2008,213
경기,구리시,전문의,2009,263
경기,구리시,전문의,2010,275
경기,구리시,전문의,2011,292
경기,구리시,전문의,2012,293
경기,구리시,전문의,2013,316
경기,구리시,전문의,2014,322
경기,구리시,전문의,2015,324
경기,구리시,전문의,2016,344
경기,구리시,전문의,2017,362
경기,구리시,전문의,2018,417
경기,구리시,전문의,2019,423
경기,구리시,전문의,2020,422
경기,구리시,전문의,2021,420
경기,구리시,전문의,2022,414
경기,구리시,전문의,2023,433
경기,구리시,전문의,2024,438
경기,구리시,전문의,2025,456
경기,군포시,total,2007,226
경기,군포시,total,2008,225
경기,군포시,total,2009,247
경기,군포시,total,2010,255
경기,군포시,total,2011,251
경기,군포시,total,2012,283
경기,군포시,total,2013,288
경기,군포시,total,2014,349
경기,군포시,total,2015,343
경기,군포시,total,2016,362
경기,군포시,total,2017,366
경기,군포시,total,2018,372
경기,군포시,total,2019,377
경기,군포시,total,2020,390
경기,군포시,total,2021,390
경기,군포시,total,2022,402
경기,군포시,total,2023,407
경기,군포시,total,2024,417
경기,군포시,total,2025,432
경기,군포시,레지던트,2007,0
경기,군포시,레지던트,2008,0
경기,군포시,레지던트,2009,10
경기,군포시,레지던트,2010,12
경기,군포시,레지던트,2011,11
경기,군포시,레지던트,2012,16
경기,군포시,레지던트,2013,17
경기,군포시,레지던트,2014,20
경기,군포시,레지던트,2015,21
경기,군포시,레지던트,2016,25
경기,군포시,레지던트,2017,24
경기,군포시,레지던트,2018,23
경기,군포시,레지던트,2019,25
경기,군포시,레지던트,2020,22
경기,군포시,레지던트,2021,20
경기,군포시,레지던트,2022,18
경기,군포시,레지던트,2023,16
경기,군포시,레지던트,2024,13
경기,군포시,레지던트,2025,4
경기,군포시,인턴,2007,0
경기,군포시,인턴,2008,0
경기,군포시,인턴,2009,4
경기,군포시,인턴,2010,8
경기,군포시,인턴,2011,4
경기,군포시,인턴,2012,4
경기,군포시,인턴,2013,3
경기,군포시,인턴,2014,5
경기,군포시,인턴,2015,4
경기,군포시,인턴,2016,8
경기,군포시,인턴,2017,4
경기,군포시,인턴,2018,6
경기,군포시,인턴,2019,4
경기,군포시,인턴,2020,6
경기,군포시,인턴,2021,4
경기,군포시,인턴,2022,4
경기,군포시,인턴,2023,6
경기,군포시,인턴,2024,1
경기,군포시,인턴,2025,1
경기,군포시,일반의,2007,8
경기,군포시,일반의,2008,8
경기,군포시,일반의,2009,9
경기,군포시,일반의,2010,8
경기,군포시,일반의,2011,7
경기,군포시,일반의,2012,13
경기,군포시,일반의,2013,10
경기,군포시,일반의,2014,11
경기,군포시,일반의,2015,9
경기,군포시,일반의,2016,8
경기,군포시,일반의,2017,11
경기,군포시,일반의,2018,10
경기,군포시,일반의,2019,12
경기,군포시,일반의,2020,7
경기,군포시,일반의,2021,10
경기,군포시,일반의,2022,11
경기,군포시,일반의,2023,12
경기,군포시,일반의,2024,14
경기,군포시,일반의,2025,40
경기,군포시,전문의,2007,218
경기,군포시,전문의,2008,217
경기,군포시,전문의,2009,224
경기,군포시,전문의,2010,227
경기,군포시,전문의,2011,229
경기,군포시,전문의,2012,250
경기,군포시,전문의,2013,258
경기,군포시,전문의,2014,313
경기,군포시,전문의,2015,309
경기,군포시,전문의,2016,321
경기,군포시,전문의,2017,327
경기,군포시,전문의,2018,333
경기,군포시,전문의,2019,336
경기,군포시,전문의,2020,355
경기,군포시,전문의,2021,356
경기,군포시,전문의,2022,369
경기,군포시,전문의,2023,373
경기,군포시,전문의,2024,389
경기,군포시,전문의,2025,387
경기,김포시,total,2007,182
경기,김포시,total,2008,187
경기,김포시,total,2009,225
경기,김포시,total,2010,245
경기,김포시,total,2011,264
경기,김포시,total,2012,266
경기,김포시,total,2013,283
경기,김포시,total,2014,306
경기,김포시,total,2015,325
경기,김포시,total,2016,367
경기,김포시,total,2017,395
경기,김포시,total,2018,437
경기,김포시,total,2019,499
경기,김포시,total,2020,542
경기,김포시,total,2021,582
경기,김포시,total,2022,598
경기,김포시,total,2023,625
경기,김포시,total,2024,659
경기,김포시,total,2025,707
경기,김포시,레지던트,2007,0
경기,김포시,레지던트,2008,0
경기,김포시,레지던트,2009,2
경기,김포시,레지던트,2010,3
경기,김포시,레지던트,2011,6
경기,김포시,레지던트,2012,5
경기,김포시,레지던트,2013,6
경기,김포시,레지던트,2014,6
경기,김포시,레지던트,2015,4
경기,김포시,레지던트,2016,4
경기,김포시,레지던트,2017,4
경기,김포시,레지던트,2018,6
경기,김포시,레지던트,2019,4
경기,김포시,레지던트,2020,5
경기,김포시,레지던트,2021,7
경기,김포시,레지던트,2022,8
경기,김포시,레지던트,2023,10
경기,김포시,레지던트,2024,9
경기,김포시,레지던트,2025,6
경기,김포시,인턴,2007,0
경기,김포시,인턴,2008,0
경기,김포시,인턴,2009,0
경기,김포시,인턴,2010,1
경기,김포시,인턴,2011,2
경기,김포시,인턴,2012,3
경기,김포시,인턴,2013,2
경기,김포시,인턴,2014,2
경기,김포시,인턴,2015,0
경기,김포시,인턴,2016,2
경기,김포시,인턴,2017,0
경기,김포시,인턴,2018,2
경기,김포시,인턴,2019,2
경기,김포시,인턴,2020,1
경기,김포시,인턴,2021,1
경기,김포시,인턴,2022,0
경기,김포시,인턴,2023,3
경기,김포시,인턴,2024,2
경기,김포시,인턴,2025,5
경기,김포시,일반의,2007,16
경기,김포시,일반의,2008,13
경기,김포시,일반의,2009,18
경기,김포시,일반의,2010,21
경기,김포시,일반의,2011,21
경기,김포시,일반의,2012,17
경기,김포시,일반의,2013,14
경기,김포시,일반의,2014,12
경기,김포시,일반의,2015,10
경기,김포시,일반의,2016,10
경기,김포시,일반의,2017,13
경기,김포시,일반의,2018,16
경기,김포시,일반의,2019,22
경기,김포시,일반의,2020,21
경기,김포시,일반의,2021,20
경기,김포시,일반의,2022,22
경기,김포시,일반의,2023,30
경기,김포시,일반의,2024,24
경기,김포시,일반의,2025,67
경기,김포시,전문의,2007,166
경기,김포시,전문의,2008,174
경기,김포시,전문의,2009,205
경기,김포시,전문의,2010,220
경기,김포시,전문의,2011,235
경기,김포시,전문의,2012,241
경기,김포시,전문의,2013,261
경기,김포시,전문의,2014,286
경기,김포시,전문의,2015,311
경기,김포시,전문의,2016,351
경기,김포시,전문의,2017,378
경기,김포시,전문의,2018,413
경기,김포시,전문의,2019,471
경기,김포시,전문의,2020,515
경기,김포시,전문의,2021,554
경기,김포시,전문의,2022,568
경기,김포시,전문의,2023,582
경기,김포시,전문의,2024,624
경기,김포시,전문의,2025,629
경기,남양주시,total,2007,320
경기,남양주시,total,2008,326
경기,남양주시,total,2009,376
경기,남양주시,total,2010,409
경기,남양주시,total,2011,442
경기,남양주시,total,2012,468
경기,남양주시,total,2013,483
경기,남양주시,total,2014,511
경기,남양주시,total,2015,525
경기,남양주시,total,2016,536
경기,남양주시,total,2017,546
경기,남양주시,total,2018,593
경기,남양주시,total,2019,620
경기,남양주시,total,2020,674
경기,남양주시,total,2021,710
경기,남양주시,total,2022,780
경기,남양주시,total,2023,810
경기,남양주시,total,2024,845
경기,남양주시,total,2025,959
경기,남양주시,레지던트,2007,6
경기,남양주시,레지던트,2008,5
경기,남양주시,레지던트,2009,3
경기,남양주시,레지던트,2010,2
경기,남양주시,레지던트,2011,1
경기,남양주시,레지던트,2012,0
경기,남양주시,레지던트,2013,0
경기,남양주시,레지던트,2014,0
경기,남양주시,레지던트,2015,0
경기,남양주시,레지던트,2016,0
경기,남양주시,레지던트,2017,0
경기,남양주시,레지던트,2018,0
경기,남양주시,레지던트,2019,0
경기,남양주시,레지던트,2020,0
경기,남양주시,레지던트,2021,0
경기,남양주시,레지던트,2022,0
경기,남양주시,레지던트,2023,0
경기,남양주시,레지던트,2024,0
경기,남양주시,레지던트,2025,0
경기,남양주시,인턴,2007,0
경기,남양주시,인턴,2008,0
경기,남양주시,인턴,2009,0
경기,남양주시,인턴,2010,0
경기,남양주시,인턴,2011,0
경기,남양주시,인턴,2012,1
경기,남양주시,인턴,2013,0
경기,남양주시,인턴,2014,0
경기,남양주시,인턴,2015,0
경기,남양주시,인턴,2016,0
경기,남양주시,인턴,2017,0
경기,남양주시,인턴,2018,0
경기,남양주시,인턴,2019,1
경기,남양주시,인턴,2020,2
경기,남양주시,인턴,2021,1
경기,남양주시,인턴,2022,1
경기,남양주시,인턴,2023,0
경기,남양주시,인턴,2024,0
경기,남양주시,인턴,2025,0
경기,남양주시,일반의,2007,29
경기,남양주시,일반의,2008,30
경기,남양주시,일반의,2009,28
경기,남양주시,일반의,2010,28
경기,남양주시,일반의,2011,32
경기,남양주시,일반의,2012,30
경기,남양주시,일반의,2013,33
경기,남양주시,일반의,2014,30
경기,남양주시,일반의,2015,28
경기,남양주시,일반의,2016,25
경기,남양주시,일반의,2017,26
경기,남양주시,일반의,2018,38
경기,남양주시,일반의,2019,37
경기,남양주시,일반의,2020,44
경기,남양주시,일반의,2021,45
경기,남양주시,일반의,2022,48
경기,남양주시,일반의,2023,39
경기,남양주시,일반의,2024,43
경기,남양주시,일반의,2025,133
경기,남양주시,전문의,2007,285
경기,남양주시,전문의,2008,291
경기,남양주시,전문의,2009,345
경기,남양주시,전문의,2010,379
경기,남양주시,전문의,2011,409
경기,남양주시,전문의,2012,437
경기,남양주시,전문의,2013,450
경기,남양주시,전문의,2014,481
경기,남양주시,전문의,2015,497
경기,남양주시,전문의,2016,511
경기,남양주시,전문의,2017,520
경기,남양주시,전문의,2018,555
경기,남양주시,전문의,2019,582
경기,남양주시,전문의,2020,628
경기,남양주시,전문의,2021,664
경기,남양주시,전문의,2022,731
경기,남양주시,전문의,2023,771
경기,남양주시,전문의,2024,802
경기,남양주시,전문의,2025,826
경기,동두천시,total,2007,72
경기,동두천시,total,2008,84
경기,동두천시,total,2009,90
경기,동두천시,total,2010,94
경기,동두천시,total,2011,96
경기,동두천시,total,2012,102
경기,동두천시,total,2013,111
경기,동두천시,total,2014,119
경기,동두천시,total,2015,117
경기,동두천시,total,2016,120
경기,동두천시,total,2017,128
경기,동두천시,total,2018,132
경기,동두천시,total,2019,126
경기,동두천시,total,2020,122
경기,동두천시,total,2021,120
경기,동두천시,total,2022,113
경기,동두천시,total,2023,116
경기,동두천시,total,2024,113
경기,동두천시,total,2025,117
경기,동두천시,레지던트,2007,0
경기,동두천시,레지던트,2008,0
경기,동두천시,레지던트,2009,0
경기,동두천시,레지던트,2010,0
경기,동두천시,레지던트,2011,0
경기,동두천시,레지던트,2012,0
경기,동두천시,레지던트,2013,0
경기,동두천시,레지던트,2014,0
경기,동두천시,레지던트,2015,0
경기,동두천시,레지던트,2016,0
경기,동두천시,레지던트,2017,0
경기,동두천시,레지던트,2018,0
경기,동두천시,레지던트,2019,0
경기,동두천시,레지던트,2020,0
경기,동두천시,레지던트,2021,0
경기,동두천시,레지던트,2022,0
경기,동두천시,레지던트,2023,0
경기,동두천시,레지던트,2024,0
경기,동두천시,레지던트,2025,0
경기,동두천시,인턴,2007,0
경기,동두천시,인턴,2008,0
경기,동두천시,인턴,2009,0
경기,동두천시,인턴,2010,0
경기,동두천시,인턴,2011,0
경기,동두천시,인턴,2012,0
경기,동두천시,인턴,2013,0
경기,동두천시,인턴,2014,0
경기,동두천시,인턴,2015,0
경기,동두천시,인턴,2016,0
경기,동두천시,인턴,2017,0
경기,동두천시,인턴,2018,0
경기,동두천시,인턴,2019,0
경기,동두천시,인턴,2020,0
경기,동두천시,인턴,2021,0
경기,동두천시,인턴,2022,0
경기,동두천시,인턴,2023,0
경기,동두천시,인턴,2024,0
경기,동두천시,인턴,2025,0
경기,동두천시,일반의,2007,9
경기,동두천시,일반의,2008,11
경기,동두천시,일반의,2009,17
경기,동두천시,일반의,2010,19
경기,동두천시,일반의,2011,17
경기,동두천시,일반의,2012,16
경기,동두천시,일반의,2013,10
경기,동두천시,일반의,2014,12
경기,동두천시,일반의,2015,14
경기,동두천시,일반의,2016,9
경기,동두천시,일반의,2017,9
경기,동두천시,일반의,2018,9
경기,동두천시,일반의,2019,8
경기,동두천시,일반의,2020,6
경기,동두천시,일반의,2021,8
경기,동두천시,일반의,2022,8
경기,동두천시,일반의,2023,3
경기,동두천시,일반의,2024,6
경기,동두천시,일반의,2025,13
경기,동두천시,전문의,2007,63
경기,동두천시,전문의,2008,73
경기,동두천시,전문의,2009,73
경기,동두천시,전문의,2010,75
경기,동두천시,전문의,2011,79
경기,동두천시,전문의,2012,86
경기,동두천시,전문의,2013,101
경기,동두천시,전문의,2014,107
경기,동두천시,전문의,2015,103
경기,동두천시,전문의,2016,111
경기,동두천시,전문의,2017,119
경기,동두천시,전문의,2018,123
경기,동두천시,전문의,2019,118
경기,동두천시,전문의,2020,116
경기,동두천시,전문의,2021,112
경기,동두천시,전문의,2022,105
경기,동두천시,전문의,2023,113
경기,동두천시,전문의,2024,107
경기,동두천시,전문의,2025,104
경기,부천시,total,2007,1086
경기,부천시,total,2008,1155
경기,부천시,total,2009,1252
경기,부천시,total,2010,1311
경기,부천시,total,2011,1393
경기,부천시,total,2012,1451
경기,부천시,total,2013,1537
경기,부천시,total,2014,1556
경기,부천시,total,2015,1582
경기,부천시,total,2016,1608
경기,부천시,total,2017,1627
경기,부천시,total,2018,1652
경기,부천시,total,2019,1677
경기,부천시,total,2020,1695
경기,부천시,total,2021,1720
경기,부천시,total,2022,1756
경기,부천시,total,2023,1801
경기,부천시,total,2024,1746
경기,부천시,total,2025,1680
경기,부천시,레지던트,2007,120
경기,부천시,레지던트,2008,131
경기,부천시,레지던트,2009,166
경기,부천시,레지던트,2010,206
경기,부천시,레지던트,2011,204
경기,부천시,레지던트,2012,215
경기,부천시,레지던트,2013,221
경기,부천시,레지던트,2014,220
경기,부천시,레지던트,2015,218
경기,부천시,레지던트,2016,219
경기,부천시,레지던트,2017,203
경기,부천시,레지던트,2018,186
경기,부천시,레지던트,2019,201
경기,부천시,레지던트,2020,187
경기,부천시,레지던트,2021,180
경기,부천시,레지던트,2022,183
경기,부천시,레지던트,2023,183
경기,부천시,레지던트,2024,146
경기,부천시,레지던트,2025,9
경기,부천시,인턴,2007,55
경기,부천시,인턴,2008,62
경기,부천시,인턴,2009,63
경기,부천시,인턴,2010,54
경기,부천시,인턴,2011,49
경기,부천시,인턴,2012,61
경기,부천시,인턴,2013,56
경기,부천시,인턴,2014,66
경기,부천시,인턴,2015,57
경기,부천시,인턴,2016,58
경기,부천시,인턴,2017,59
경기,부천시,인턴,2018,57
경기,부천시,인턴,2019,53
경기,부천시,인턴,2020,54
경기,부천시,인턴,2021,57
경기,부천시,인턴,2022,57
경기,부천시,인턴,2023,57
경기,부천시,인턴,2024,22
경기,부천시,인턴,2025,0
경기,부천시,일반의,2007,58
경기,부천시,일반의,2008,57
경기,부천시,일반의,2009,66
경기,부천시,일반의,2010,68
경기,부천시,일반의,2011,66
경기,부천시,일반의,2012,61
경기,부천시,일반의,2013,55
경기,부천시,일반의,2014,59
경기,부천시,일반의,2015,61
경기,부천시,일반의,2016,63
경기,부천시,일반의,2017,64
경기,부천시,일반의,2018,65
경기,부천시,일반의,2019,62
경기,부천시,일반의,2020,52
경기,부천시,일반의,2021,58
경기,부천시,일반의,2022,59
경기,부천시,일반의,2023,67
경기,부천시,일반의,2024,78
경기,부천시,일반의,2025,163
경기,부천시,전문의,2007,853
경기,부천시,전문의,2008,905
경기,부천시,전문의,2009,957
경기,부천시,전문의,2010,983
경기,부천시,전문의,2011,1074
경기,부천시,전문의,2012,1114
경기,부천시,전문의,2013,1205
경기,부천시,전문의,2014,1211
경기,부천시,전문의,2015,1246
경기,부천시,전문의,2016,1268
경기,부천시,전문의,2017,1301
경기,부천시,전문의,2018,1344
경기,부천시,전문의,2019,1361
경기,부천시,전문의,2020,1402
경기,부천시,전문의,2021,1425
경기,부천시,전문의,2022,1457
경기,부천시,전문의,2023,1494
경기,부천시,전문의,2024,1500
경기,부천시,전문의,2025,1508
경기,성남시 분당구,total,2007,1256
경기,성남시 분당구,total,2008,1348
경기,성남시 분당구,total,2009,1407
경기,성남시 분당구,total,2010,1530
경기,성남시 분당구,total,2011,1656
경기,성남시 분당구,total,2012,1723
경기,성남시 분당구,total,2013,1783
경기,성남시 분당구,total,2014,1880
경기,성남시 분당구,total,2015,2011
경기,성남시 분당구,total,2016,2086
경기,성남시 분당구,total,2017,2185
경기,성남시 분당구,total,2018,2260
경기,성남시 분당구,total,2019,2328
경기,성남시 분당구,total,2020,2359
경기,성남시 분당구,total,2021,2356
경기,성남시 분당구,total,2022,2437
경기,성남시 분당구,total,2023,2539
경기,성남시 분당구,total,2024,2423
경기,성남시 분당구,total,2025,2277
경기,성남시 분당구,레지던트,2007,223
경기,성남시 분당구,레지던트,2008,222
경기,성남시 분당구,레지던트,2009,272
경기,성남시 분당구,레지던트,2010,272
경기,성남시 분당구,레지던트,2011,293
경기,성남시 분당구,레지던트,2012,299
경기,성남시 분당구,레지던트,2013,308
경기,성남시 분당구,레지던트,2014,350
경기,성남시 분당구,레지던트,2015,362
경기,성남시 분당구,레지던트,2016,349
경기,성남시 분당구,레지던트,2017,395
경기,성남시 분당구,레지던트,2018,394
경기,성남시 분당구,레지던트,2019,424
경기,성남시 분당구,레지던트,2020,392
경기,성남시 분당구,레지던트,2021,394
경기,성남시 분당구,레지던트,2022,401
경기,성남시 분당구,레지던트,2023,399
경기,성남시 분당구,레지던트,2024,337
경기,성남시 분당구,레지던트,2025,74
경기,성남시 분당구,인턴,2007,63
경기,성남시 분당구,인턴,2008,59
경기,성남시 분당구,인턴,2009,13
경기,성남시 분당구,인턴,2010,55
경기,성남시 분당구,인턴,2011,19
경기,성남시 분당구,인턴,2012,62
경기,성남시 분당구,인턴,2013,56
경기,성남시 분당구,인턴,2014,49
경기,성남시 분당구,인턴,2015,56
경기,성남시 분당구,인턴,2016,51
경기,성남시 분당구,인턴,2017,55
경기,성남시 분당구,인턴,2018,48
경기,성남시 분당구,인턴,2019,50
경기,성남시 분당구,인턴,2020,52
경기,성남시 분당구,인턴,2021,43
경기,성남시 분당구,인턴,2022,55
경기,성남시 분당구,인턴,2023,57
경기,성남시 분당구,인턴,2024,20
경기,성남시 분당구,인턴,2025,3
경기,성남시 분당구,일반의,2007,20
경기,성남시 분당구,일반의,2008,38
경기,성남시 분당구,일반의,2009,38
경기,성남시 분당구,일반의,2010,48
경기,성남시 분당구,일반의,2011,85
경기,성남시 분당구,일반의,2012,40
경기,성남시 분당구,일반의,2013,40
경기,성남시 분당구,일반의,2014,49
경기,성남시 분당구,일반의,2015,36
경기,성남시 분당구,일반의,2016,56
경기,성남시 분당구,일반의,2017,40
경기,성남시 분당구,일반의,2018,50
경기,성남시 분당구,일반의,2019,48
경기,성남시 분당구,일반의,2020,53
경기,성남시 분당구,일반의,2021,54
경기,성남시 분당구,일반의,2022,46
경기,성남시 분당구,일반의,2023,63
경기,성남시 분당구,일반의,2024,71
경기,성남시 분당구,일반의,2025,143
경기,성남시 분당구,전문의,2007,950
경기,성남시 분당구,전문의,2008,1029
경기,성남시 분당구,전문의,2009,1084
경기,성남시 분당구,전문의,2010,1155
경기,성남시 분당구,전문의,2011,1259
경기,성남시 분당구,전문의,2012,1322
경기,성남시 분당구,전문의,2013,1379
경기,성남시 분당구,전문의,2014,1432
경기,성남시 분당구,전문의,2015,1557
경기,성남시 분당구,전문의,2016,1630
경기,성남시 분당구,전문의,2017,1695
경기,성남시 분당구,전문의,2018,1768
경기,성남시 분당구,전문의,2019,1806
경기,성남시 분당구,전문의,2020,1862
경기,성남시 분당구,전문의,2021,1865
경기,성남시 분당구,전문의,2022,1935
경기,성남시 분당구,전문의,2023,2020
경기,성남시 분당구,전문의,2024,1995
경기,성남시 분당구,전문의,2025,2057
경기,성남시 수정구,total,2007,199
경기,성남시 수정구,total,2008,194
경기,성남시 수정구,total,2009,200
경기,성남시 수정구,total,2010,207
경기,성남시 수정구,total,2011,232
경기,성남시 수정구,total,2012,229
경기,성남시 수정구,total,2013,239
경기,성남시 수정구,total,2014,236
경기,성남시 수정구,total,2015,242
경기,성남시 수정구,total,2016,267
경기,성남시 수정구,total,2017,295
경기,성남시 수정구,total,2018,335
경기,성남시 수정구,total,2019,337
경기,성남시 수정구,total,2020,404
경기,성남시 수정구,total,2021,451
경기,성남시 수정구,total,2022,466
경기,성남시 수정구,total,2023,470
경기,성남시 수정구,total,2024,483
경기,성남시 수정구,total,2025,520
경기,성남시 수정구,레지던트,2007,0
경기,성남시 수정구,레지던트,2008,0
경기,성남시 수정구,레지던트,2009,0
경기,성남시 수정구,레지던트,2010,0
경기,성남시 수정구,레지던트,2011,0
경기,성남시 수정구,레지던트,2012,0
경기,성남시 수정구,레지던트,2013,0
경기,성남시 수정구,레지던트,2014,0
경기,성남시 수정구,레지던트,2015,0
경기,성남시 수정구,레지던트,2016,0
경기,성남시 수정구,레지던트,2017,0
경기,성남시 수정구,레지던트,2018,0
경기,성남시 수정구,레지던트,2019,0
경기,성남시 수정구,레지던트,2020,0
경기,성남시 수정구,레지던트,2021,0
경기,성남시 수정구,레지던트,2022,0
경기,성남시 수정구,레지던트,2023,0
경기,성남시 수정구,레지던트,2024,0
경기,성남시 수정구,레지던트,2025,0
경기,성남시 수정구,인턴,2007,0
경기,성남시 수정구,인턴,2008,0
경기,성남시 수정구,인턴,2009,0
경기,성남시 수정구,인턴,2010,0
경기,성남시 수정구,인턴,2011,0
경기,성남시 수정구,인턴,2012,0
경기,성남시 수정구,인턴,2013,0
경기,성남시 수정구,인턴,2014,0
경기,성남시 수정구,인턴,2015,0
경기,성남시 수정구,인턴,2016,0
경기,성남시 수정구,인턴,2017,0
경기,성남시 수정구,인턴,2018,0
경기,성남시 수정구,인턴,2019,0
경기,성남시 수정구,인턴,2020,0
경기,성남시 수정구,인턴,2021,0
경기,성남시 수정구,인턴,2022,0
경기,성남시 수정구,인턴,2023,0
경기,성남시 수정구,인턴,2024,0
경기,성남시 수정구,인턴,2025,0
경기,성남시 수정구,일반의,2007,11
경기,성남시 수정구,일반의,2008,14
경기,성남시 수정구,일반의,2009,16
경기,성남시 수정구,일반의,2010,16
경기,성남시 수정구,일반의,2011,18
경기,성남시 수정구,일반의,2012,18
경기,성남시 수정구,일반의,2013,8
경기,성남시 수정구,일반의,2014,6
경기,성남시 수정구,일반의,2015,8
경기,성남시 수정구,일반의,2016,15
경기,성남시 수정구,일반의,2017,11
경기,성남시 수정구,일반의,2018,16
경기,성남시 수정구,일반의,2019,13
경기,성남시 수정구,일반의,2020,12
경기,성남시 수정구,일반의,2021,17
경기,성남시 수정구,일반의,2022,13
경기,성남시 수정구,일반의,2023,18
경기,성남시 수정구,일반의,2024,12
경기,성남시 수정구,일반의,2025,41
경기,성남시 수정구,전문의,2007,188
경기,성남시 수정구,전문의,2008,180
경기,성남시 수정구,전문의,2009,184
경기,성남시 수정구,전문의,2010,191
경기,성남시 수정구,전문의,2011,214
경기,성남시 수정구,전문의,2012,211
경기,성남시 수정구,전문의,2013,231
경기,성남시 수정구,전문의,2014,230
경기,성남시 수정구,전문의,2015,234
경기,성남시 수정구,전문의,2016,252
경기,성남시 수정구,전문의,2017,284
경기,성남시 수정구,전문의,2018,319
경기,성남시 수정구,전문의,2019,324
경기,성남시 수정구,전문의,2020,392
경기,성남시 수정구,전문의,2021,434
경기,성남시 수정구,전문의,2022,453
경기,성남시 수정구,전문의,2023,452
경기,성남시 수정구,전문의,2024,471
경기,성남시 수정구,전문의,2025,479
경기,성남시 중원구,total,2007,211
경기,성남시 중원구,total,2008,222
경기,성남시 중원구,total,2009,230
경기,성남시 중원구,total,2010,232
경기,성남시 중원구,total,2011,223
경기,성남시 중원구,total,2012,221
경기,성남시 중원구,total,2013,238
경기,성남시 중원구,total,2014,242
경기,성남시 중원구,total,2015,252
경기,성남시 중원구,total,2016,258
경기,성남시 중원구,total,2017,253
경기,성남시 중원구,total,2018,256
경기,성남시 중원구,total,2019,254
경기,성남시 중원구,total,2020,257
경기,성남시 중원구,total,2021,258
경기,성남시 중원구,total,2022,247
경기,성남시 중원구,total,2023,252
경기,성남시 중원구,total,2024,252
경기,성남시 중원구,total,2025,260
경기,성남시 중원구,레지던트,2007,12
경기,성남시 중원구,레지던트,2008,12
경기,성남시 중원구,레지던트,2009,9
경기,성남시 중원구,레지던트,2010,14
경기,성남시 중원구,레지던트,2011,13
경기,성남시 중원구,레지던트,2012,12
경기,성남시 중원구,레지던트,2013,10
경기,성남시 중원구,레지던트,2014,10
경기,성남시 중원구,레지던트,2015,9
경기,성남시 중원구,레지던트,2016,10
경기,성남시 중원구,레지던트,2017,10
경기,성남시 중원구,레지던트,2018,10
경기,성남시 중원구,레지던트,2019,9
경기,성남시 중원구,레지던트,2020,9
경기,성남시 중원구,레지던트,2021,0
경기,성남시 중원구,레지던트,2022,0
경기,성남시 중원구,레지던트,2023,0
경기,성남시 중원구,레지던트,2024,0
경기,성남시 중원구,레지던트,2025,0
경기,성남시 중원구,인턴,2007,4
경기,성남시 중원구,인턴,2008,1
경기,성남시 중원구,인턴,2009,3
경기,성남시 중원구,인턴,2010,1
경기,성남시 중원구,인턴,2011,2
경기,성남시 중원구,인턴,2012,0
경기,성남시 중원구,인턴,2013,4
경기,성남시 중원구,인턴,2014,4
경기,성남시 중원구,인턴,2015,3
경기,성남시 중원구,인턴,2016,3
경기,성남시 중원구,인턴,2017,3
경기,성남시 중원구,인턴,2018,3
경기,성남시 중원구,인턴,2019,3
경기,성남시 중원구,인턴,2020,2
경기,성남시 중원구,인턴,2021,0
경기,성남시 중원구,인턴,2022,0
경기,성남시 중원구,인턴,2023,0
경기,성남시 중원구,인턴,2024,0
경기,성남시 중원구,인턴,2025,0
경기,성남시 중원구,일반의,2007,18
경기,성남시 중원구,일반의,2008,16
경기,성남시 중원구,일반의,2009,14
경기,성남시 중원구,일반의,2010,14
경기,성남시 중원구,일반의,2011,15
경기,성남시 중원구,일반의,2012,11
경기,성남시 중원구,일반의,2013,13
경기,성남시 중원구,일반의,2014,14
경기,성남시 중원구,일반의,2015,17
경기,성남시 중원구,일반의,2016,14
경기,성남시 중원구,일반의,2017,14
경기,성남시 중원구,일반의,2018,15
경기,성남시 중원구,일반의,2019,17
경기,성남시 중원구,일반의,2020,16
경기,성남시 중원구,일반의,2021,18
경기,성남시 중원구,일반의,2022,19
경기,성남시 중원구,일반의,2023,23
경기,성남시 중원구,일반의,2024,18
경기,성남시 중원구,일반의,2025,26
경기,성남시 중원구,전문의,2007,177
경기,성남시 중원구,전문의,2008,193
경기,성남시 중원구,전문의,2009,204
경기,성남시 중원구,전문의,2010,203
경기,성남시 중원구,전문의,2011,193
경기,성남시 중원구,전문의,2012,198
경기,성남시 중원구,전문의,2013,211
경기,성남시 중원구,전문의,2014,214
경기,성남시 중원구,전문의,2015,223
경기,성남시 중원구,전문의,2016,231
경기,성남시 중원구,전문의,2017,226
경기,성남시 중원구,전문의,2018,228
경기,성남시 중원구,전문의,2019,225
경기,성남시 중원구,전문의,2020,230
경기,성남시 중원구,전문의,2021,240
경기,성남시 중원구,전문의,2022,228
경기,성남시 중원구,전문의,2023,229
경기,성남시 중원구,전문의,2024,234
경기,성남시 중원구,전문의,2025,234
경기,수원시 권선구,total,2007,174
경기,수원시 권선구,total,2008,179
경기,수원시 권선구,total,2009,215
경기,수원시 권선구,total,2010,217
경기,수원시 권선구,total,2011,211
경기,수원시 권선구,total,2012,227
경기,수원시 권선구,total,2013,259
경기,수원시 권선구,total,2014,254
경기,수원시 권선구,total,2015,272
경기,수원시 권선구,total,2016,289
경기,수원시 권선구,total,2017,314
경기,수원시 권선구,total,2018,339
경기,수원시 권선구,total,2019,328
경기,수원시 권선구,total,2020,336
경기,수원시 권선구,total,2021,369
경기,수원시 권선구,total,2022,389
경기,수원시 권선구,total,2023,422
경기,수원시 권선구,total,2024,416
경기,수원시 권선구,total,2025,436
경기,수원시 권선구,레지던트,2007,0
경기,수원시 권선구,레지던트,2008,0
경기,수원시 권선구,레지던트,2009,0
경기,수원시 권선구,레지던트,2010,0
경기,수원시 권선구,레지던트,2011,0
경기,수원시 권선구,레지던트,2012,0
경기,수원시 권선구,레지던트,2013,0
경기,수원시 권선구,레지던트,2014,0
경기,수원시 권선구,레지던트,2015,0
경기,수원시 권선구,레지던트,2016,0
경기,수원시 권선구,레지던트,2017,0
경기,수원시 권선구,레지던트,2018,0
경기,수원시 권선구,레지던트,2019,0
경기,수원시 권선구,레지던트,2020,0
경기,수원시 권선구,레지던트,2021,0
경기,수원시 권선구,레지던트,2022,0
경기,수원시 권선구,레지던트,2023,0
경기,수원시 권선구,레지던트,2024,0
경기,수원시 권선구,레지던트,2025,0
경기,수원시 권선구,인턴,2007,0
경기,수원시 권선구,인턴,2008,0
경기,수원시 권선구,인턴,2009,0
경기,수원시 권선구,인턴,2010,0
경기,수원시 권선구,인턴,2011,0
경기,수원시 권선구,인턴,2012,0
경기,수원시 권선구,인턴,2013,0
경기,수원시 권선구,인턴,2014,0
경기,수원시 권선구,인턴,2015,0
경기,수원시 권선구,인턴,2016,0
경기,수원시 권선구,인턴,2017,0
경기,수원시 권선구,인턴,2018,0
경기,수원시 권선구,인턴,2019,0
경기,수원시 권선구,인턴,2020,0
경기,수원시 권선구,인턴,2021,0
경기,수원시 권선구,인턴,2022,0
경기,수원시 권선구,인턴,2023,0
경기,수원시 권선구,인턴,2024,0
경기,수원시 권선구,인턴,2025,0
경기,수원시 권선구,일반의,2007,16
경기,수원시 권선구,일반의,2008,11
경기,수원시 권선구,일반의,2009,19
경기,수원시 권선구,일반의,2010,18
경기,수원시 권선구,일반의,2011,21
경기,수원시 권선구,일반의,2012,19
경기,수원시 권선구,일반의,2013,22
경기,수원시 권선구,일반의,2014,15
경기,수원시 권선구,일반의,2015,19
경기,수원시 권선구,일반의,2016,18
경기,수원시 권선구,일반의,2017,16
경기,수원시 권선구,일반의,2018,24
경기,수원시 권선구,일반의,2019,17
경기,수원시 권선구,일반의,2020,16
경기,수원시 권선구,일반의,2021,14
경기,수원시 권선구,일반의,2022,17
경기,수원시 권선구,일반의,2023,19
경기,수원시 권선구,일반의,2024,16
경기,수원시 권선구,일반의,2025,35
경기,수원시 권선구,전문의,2007,158
경기,수원시 권선구,전문의,2008,168
경기,수원시 권선구,전문의,2009,196
경기,수원시 권선구,전문의,2010,199
경기,수원시 권선구,전문의,2011,190
경기,수원시 권선구,전문의,2012,208
경기,수원시 권선구,전문의,2013,237
경기,수원시 권선구,전문의,2014,239
경기,수원시 권선구,전문의,2015,253
경기,수원시 권선구,전문의,2016,271
경기,수원시 권선구,전문의,2017,298
경기,수원시 권선구,전문의,2018,315
경기,수원시 권선구,전문의,2019,311
경기,수원시 권선구,전문의,2020,320
경기,수원시 권선구,전문의,2021,355
경기,수원시 권선구,전문의,2022,372
경기,수원시 권선구,전문의,2023,403
경기,수원시 권선구,전문의,2024,400
경기,수원시 권선구,전문의,2025,401
경기,수원시 영통구,total,2007,512
경기,수원시 영통구,total,2008,566
경기,수원시 영통구,total,2009,703
경기,수원시 영통구,total,2010,708
경기,수원시 영통구,total,2011,724
경기,수원시 영통구,total,2012,814
경기,수원시 영통구,total,2013,906
경기,수원시 영통구,total,2014,863
경기,수원시 영통구,total,2015,916
경기,수원시 영통구,total,2016,933
경기,수원시 영통구,total,2017,974
경기,수원시 영통구,total,2018,1014
경기,수원시 영통구,total,2019,1050
경기,수원시 영통구,total,2020,1084
경기,수원시 영통구,total,2021,1112
경기,수원시 영통구,total,2022,1109
경기,수원시 영통구,total,2023,1181
경기,수원시 영통구,total,2024,1151
경기,수원시 영통구,total,2025,1064
경기,수원시 영통구,레지던트,2007,118
경기,수원시 영통구,레지던트,2008,158
경기,수원시 영통구,레지던트,2009,165
경기,수원시 영통구,레지던트,2010,234
경기,수원시 영통구,레지던트,2011,174
경기,수원시 영통구,레지던트,2012,275
경기,수원시 영통구,레지던트,2013,255
경기,수원시 영통구,레지던트,2014,243
경기,수원시 영통구,레지던트,2015,227
경기,수원시 영통구,레지던트,2016,215
경기,수원시 영통구,레지던트,2017,201
경기,수원시 영통구,레지던트,2018,202
경기,수원시 영통구,레지던트,2019,206
경기,수원시 영통구,레지던트,2020,193
경기,수원시 영통구,레지던트,2021,186
경기,수원시 영통구,레지던트,2022,129
경기,수원시 영통구,레지던트,2023,173
경기,수원시 영통구,레지던트,2024,126
경기,수원시 영통구,레지던트,2025,18
경기,수원시 영통구,인턴,2007,45
경기,수원시 영통구,인턴,2008,57
경기,수원시 영통구,인턴,2009,62
경기,수원시 영통구,인턴,2010,0
경기,수원시 영통구,인턴,2011,38
경기,수원시 영통구,인턴,2012,3
경기,수원시 영통구,인턴,2013,47
경기,수원시 영통구,인턴,2014,0
경기,수원시 영통구,인턴,2015,50
경기,수원시 영통구,인턴,2016,50
경기,수원시 영통구,인턴,2017,54
경기,수원시 영통구,인턴,2018,56
경기,수원시 영통구,인턴,2019,55
경기,수원시 영통구,인턴,2020,55
경기,수원시 영통구,인턴,2021,48
경기,수원시 영통구,인턴,2022,95
경기,수원시 영통구,인턴,2023,55
경기,수원시 영통구,인턴,2024,40
경기,수원시 영통구,인턴,2025,1
경기,수원시 영통구,일반의,2007,13
경기,수원시 영통구,일반의,2008,13
경기,수원시 영통구,일반의,2009,34
경기,수원시 영통구,일반의,2010,50
경기,수원시 영통구,일반의,2011,26
경기,수원시 영통구,일반의,2012,16
경기,수원시 영통구,일반의,2013,10
경기,수원시 영통구,일반의,2014,13
경기,수원시 영통구,일반의,2015,12
경기,수원시 영통구,일반의,2016,17
경기,수원시 영통구,일반의,2017,31
경기,수원시 영통구,일반의,2018,38
경기,수원시 영통구,일반의,2019,39
경기,수원시 영통구,일반의,2020,38
경기,수원시 영통구,일반의,2021,39
경기,수원시 영통구,일반의,2022,36
경기,수원시 영통구,일반의,2023,40
경기,수원시 영통구,일반의,2024,52
경기,수원시 영통구,일반의,2025,102
경기,수원시 영통구,전문의,2007,336
경기,수원시 영통구,전문의,2008,338
경기,수원시 영통구,전문의,2009,442
경기,수원시 영통구,전문의,2010,424
경기,수원시 영통구,전문의,2011,486
경기,수원시 영통구,전문의,2012,520
경기,수원시 영통구,전문의,2013,594
경기,수원시 영통구,전문의,2014,607
경기,수원시 영통구,전문의,2015,627
경기,수원시 영통구,전문의,2016,651
경기,수원시 영통구,전문의,2017,688
경기,수원시 영통구,전문의,2018,718
경기,수원시 영통구,전문의,2019,750
경기,수원시 영통구,전문의,2020,798
경기,수원시 영통구,전문의,2021,839
경기,수원시 영통구,전문의,2022,849
경기,수원시 영통구,전문의,2023,913
경기,수원시 영통구,전문의,2024,933
경기,수원시 영통구,전문의,2025,943
경기,수원시 장안구,total,2007,202
경기,수원시 장안구,total,2008,208
경기,수원시 장안구,total,2009,222
경기,수원시 장안구,total,2010,234
경기,수원시 장안구,total,2011,239
경기,수원시 장안구,total,2012,246
경기,수원시 장안구,total,2013,266
경기,수원시 장안구,total,2014,283
경기,수원시 장안구,total,2015,284
경기,수원시 장안구,total,2016,285
경기,수원시 장안구,total,2017,298
경기,수원시 장안구,total,2018,309
경기,수원시 장안구,total,2019,314
경기,수원시 장안구,total,2020,334
경기,수원시 장안구,total,2021,324
경기,수원시 장안구,total,2022,330
경기,수원시 장안구,total,2023,337
경기,수원시 장안구,total,2024,343
경기,수원시 장안구,total,2025,368
경기,수원시 장안구,레지던트,2007,0
경기,수원시 장안구,레지던트,2008,0
경기,수원시 장안구,레지던트,2009,0
경기,수원시 장안구,레지던트,2010,0
경기,수원시 장안구,레지던트,2011,0
경기,수원시 장안구,레지던트,2012,0
경기,수원시 장안구,레지던트,2013,0
경기,수원시 장안구,레지던트,2014,0
경기,수원시 장안구,레지던트,2015,0
경기,수원시 장안구,레지던트,2016,0
경기,수원시 장안구,레지던트,2017,0
경기,수원시 장안구,레지던트,2018,0
경기,수원시 장안구,레지던트,2019,0
경기,수원시 장안구,레지던트,2020,0
경기,수원시 장안구,레지던트,2021,0
경기,수원시 장안구,레지던트,2022,0
경기,수원시 장안구,레지던트,2023,0
경기,수원시 장안구,레지던트,2024,0
경기,수원시 장안구,레지던트,2025,0
경기,수원시 장안구,인턴,2007,0
경기,수원시 장안구,인턴,2008,0
경기,수원시 장안구,인턴,2009,0
경기,수원시 장안구,인턴,2010,0
경기,수원시 장안구,인턴,2011,0
경기,수원시 장안구,인턴,2012,0
경기,수원시 장안구,인턴,2013,0
경기,수원시 장안구,인턴,2014,0
경기,수원시 장안구,인턴,2015,0
경기,수원시 장안구,인턴,2016,0
경기,수원시 장안구,인턴,2017,0
경기,수원시 장안구,인턴,2018,0
경기,수원시 장안구,인턴,2019,0
경기,수원시 장안구,인턴,2020,0
경기,수원시 장안구,인턴,2021,0
경기,수원시 장안구,인턴,2022,0
경기,수원시 장안구,인턴,2023,0
경기,수원시 장안구,인턴,2024,0
경기,수원시 장안구,인턴,2025,0
경기,수원시 장안구,일반의,2007,10
경기,수원시 장안구,일반의,2008,12
경기,수원시 장안구,일반의,2009,12
경기,수원시 장안구,일반의,2010,15
경기,수원시 장안구,일반의,2011,20
경기,수원시 장안구,일반의,2012,13
경기,수원시 장안구,일반의,2013,16
경기,수원시 장안구,일반의,2014,11
경기,수원시 장안구,일반의,2015,12
경기,수원시 장안구,일반의,2016,13
경기,수원시 장안구,일반의,2017,12
경기,수원시 장안구,일반의,2018,13
경기,수원시 장안구,일반의,2019,10
경기,수원시 장안구,일반의,2020,18
경기,수원시 장안구,일반의,2021,11
경기,수원시 장안구,일반의,2022,8
경기,수원시 장안구,일반의,2023,10
경기,수원시 장안구,일반의,2024,14
경기,수원시 장안구,일반의,2025,41
경기,수원시 장안구,전문의,2007,192
경기,수원시 장안구,전문의,2008,196
경기,수원시 장안구,전문의,2009,210
경기,수원시 장안구,전문의,2010,219
경기,수원시 장안구,전문의,2011,219
경기,수원시 장안구,전문의,2012,233
경기,수원시 장안구,전문의,2013,250
경기,수원시 장안구,전문의,2014,272
경기,수원시 장안구,전문의,2015,272
경기,수원시 장안구,전문의,2016,272
경기,수원시 장안구,전문의,2017,286
경기,수원시 장안구,전문의,2018,296
경기,수원시 장안구,전문의,2019,304
경기,수원시 장안구,전문의,2020,316
경기,수원시 장안구,전문의,2021,313
경기,수원시 장안구,전문의,2022,322
경기,수원시 장안구,전문의,2023,327
경기,수원시 장안구,전문의,2024,329
경기,수원시 장안구,전문의,2025,327
경기,수원시 팔달구,total,2007,604
경기,수원시 팔달구,total,2008,630
경기,수원시 팔달구,total,2009,627
경기,수원시 팔달구,total,2010,642
경기,수원시 팔달구,total,2011,693
경기,수원시 팔달구,total,2012,706
경기,수원시 팔달구,total,2013,728
경기,수원시 팔달구,total,2014,756
경기,수원시 팔달구,total,2015,793
경기,수원시 팔달구,total,2016,804
경기,수원시 팔달구,total,2017,833
경기,수원시 팔달구,total,2018,852
경기,수원시 팔달구,total,2019,878
경기,수원시 팔달구,total,2020,898
경기,수원시 팔달구,total,2021,919
경기,수원시 팔달구,total,2022,964
경기,수원시 팔달구,total,2023,1018
경기,수원시 팔달구,total,2024,922
경기,수원시 팔달구,total,2025,978
경기,수원시 팔달구,레지던트,2007,118
경기,수원시 팔달구,레지던트,2008,118
경기,수원시 팔달구,레지던트,2009,112
경기,수원시 팔달구,레지던트,2010,134
경기,수원시 팔달구,레지던트,2011,121
경기,수원시 팔달구,레지던트,2012,118
경기,수원시 팔달구,레지던트,2013,125
경기,수원시 팔달구,레지던트,2014,128
경기,수원시 팔달구,레지던트,2015,128
경기,수원시 팔달구,레지던트,2016,122
경기,수원시 팔달구,레지던트,2017,120
경기,수원시 팔달구,레지던트,2018,116
경기,수원시 팔달구,레지던트,2019,108
경기,수원시 팔달구,레지던트,2020,100
경기,수원시 팔달구,레지던트,2021,93
경기,수원시 팔달구,레지던트,2022,94
경기,수원시 팔달구,레지던트,2023,97
경기,수원시 팔달구,레지던트,2024,41
경기,수원시 팔달구,레지던트,2025,9
경기,수원시 팔달구,인턴,2007,34
경기,수원시 팔달구,인턴,2008,36
경기,수원시 팔달구,인턴,2009,33
경기,수원시 팔달구,인턴,2010,3
경기,수원시 팔달구,인턴,2011,32
경기,수원시 팔달구,인턴,2012,33
경기,수원시 팔달구,인턴,2013,32
경기,수원시 팔달구,인턴,2014,33
경기,수원시 팔달구,인턴,2015,29
경기,수원시 팔달구,인턴,2016,31
경기,수원시 팔달구,인턴,2017,32
경기,수원시 팔달구,인턴,2018,30
경기,수원시 팔달구,인턴,2019,30
경기,수원시 팔달구,인턴,2020,27
경기,수원시 팔달구,인턴,2021,29
경기,수원시 팔달구,인턴,2022,33
경기,수원시 팔달구,인턴,2023,31
경기,수원시 팔달구,인턴,2024,0
경기,수원시 팔달구,인턴,2025,1
경기,수원시 팔달구,일반의,2007,12
경기,수원시 팔달구,일반의,2008,16
경기,수원시 팔달구,일반의,2009,17
경기,수원시 팔달구,일반의,2010,23
경기,수원시 팔달구,일반의,2011,40
경기,수원시 팔달구,일반의,2012,15
경기,수원시 팔달구,일반의,2013,13
경기,수원시 팔달구,일반의,2014,16
경기,수원시 팔달구,일반의,2015,20
경기,수원시 팔달구,일반의,2016,26
경기,수원시 팔달구,일반의,2017,27
경기,수원시 팔달구,일반의,2018,27
경기,수원시 팔달구,일반의,2019,34
경기,수원시 팔달구,일반의,2020,39
경기,수원시 팔달구,일반의,2021,42
경기,수원시 팔달구,일반의,2022,50
경기,수원시 팔달구,일반의,2023,58
경기,수원시 팔달구,일반의,2024,53
경기,수원시 팔달구,일반의,2025,99
경기,수원시 팔달구,전문의,2007,440
경기,수원시 팔달구,전문의,2008,460
경기,수원시 팔달구,전문의,2009,465
경기,수원시 팔달구,전문의,2010,482
경기,수원시 팔달구,전문의,2011,500
경기,수원시 팔달구,전문의,2012,540
경기,수원시 팔달구,전문의,2013,558
경기,수원시 팔달구,전문의,2014,579
경기,수원시 팔달구,전문의,2015,616
경기,수원시 팔달구,전문의,2016,625
경기,수원시 팔달구,전문의,2017,654
경기,수원시 팔달구,전문의,2018,679
경기,수원시 팔달구,전문의,2019,706
경기,수원시 팔달구,전문의,2020,732
경기,수원시 팔달구,전문의,2021,755
경기,수원시 팔달구,전문의,2022,787
경기,수원시 팔달구,전문의,2023,832
경기,수원시 팔달구,전문의,2024,828
경기,수원시 팔달구,전문의,2025,869
경기,시흥시,total,2007,256
경기,시흥시,total,2008,260
경기,시흥시,total,2009,299
경기,시흥시,total,2010,303
경기,시흥시,total,2011,311
경기,시흥시,total,2012,332
경기,시흥시,total,2013,332
경기,시흥시,total,2014,347
경기,시흥시,total,2015,355
경기,시흥시,total,2016,360
경기,시흥시,total,2017,375
경기,시흥시,total,2018,389
경기,시흥시,total,2019,437
경기,시흥시,total,2020,476
경기,시흥시,total,2021,534
경기,시흥시,total,2022,605
경기,시흥시,total,2023,653
경기,시흥시,total,2024,664
경기,시흥시,total,2025,735
경기,시흥시,레지던트,2007,0
경기,시흥시,레지던트,2008,0
경기,시흥시,레지던트,2009,0
경기,시흥시,레지던트,2010,0
경기,시흥시,레지던트,2011,0
경기,시흥시,레지던트,2012,0
경기,시흥시,레지던트,2013,0
경기,시흥시,레지던트,2014,0
경기,시흥시,레지던트,2015,0
경기,시흥시,레지던트,2016,0
경기,시흥시,레지던트,2017,0
경기,시흥시,레지던트,2018,0
경기,시흥시,레지던트,2019,0
경기,시흥시,레지던트,2020,0
경기,시흥시,레지던트,2021,0
경기,시흥시,레지던트,2022,0
경기,시흥시,레지던트,2023,0
경기,시흥시,레지던트,2024,0
경기,시흥시,레지던트,2025,1
경기,시흥시,인턴,2007,0
경기,시흥시,인턴,2008,0
경기,시흥시,인턴,2009,0
경기,시흥시,인턴,2010,0
경기,시흥시,인턴,2011,0
경기,시흥시,인턴,2012,0
경기,시흥시,인턴,2013,0
경기,시흥시,인턴,2014,0
경기,시흥시,인턴,2015,0
경기,시흥시,인턴,2016,0
경기,시흥시,인턴,2017,0
경기,시흥시,인턴,2018,0
경기,시흥시,인턴,2019,0
경기,시흥시,인턴,2020,0
경기,시흥시,인턴,2021,0
경기,시흥시,인턴,2022,0
경기,시흥시,인턴,2023,0
경기,시흥시,인턴,2024,0
경기,시흥시,인턴,2025,0
경기,시흥시,일반의,2007,17
경기,시흥시,일반의,2008,22
경기,시흥시,일반의,2009,20
경기,시흥시,일반의,2010,20
경기,시흥시,일반의,2011,17
경기,시흥시,일반의,2012,24
경기,시흥시,일반의,2013,17
경기,시흥시,일반의,2014,22
경기,시흥시,일반의,2015,20
경기,시흥시,일반의,2016,23
경기,시흥시,일반의,2017,24
경기,시흥시,일반의,2018,26
경기,시흥시,일반의,2019,26
경기,시흥시,일반의,2020,28
경기,시흥시,일반의,2021,31
경기,시흥시,일반의,2022,37
경기,시흥시,일반의,2023,34
경기,시흥시,일반의,2024,35
경기,시흥시,일반의,2025,92
경기,시흥시,전문의,2007,239
경기,시흥시,전문의,2008,238
경기,시흥시,전문의,2009,279
경기,시흥시,전문의,2010,283
경기,시흥시,전문의,2011,294
경기,시흥시,전문의,2012,308
경기,시흥시,전문의,2013,315
경기,시흥시,전문의,2014,325
경기,시흥시,전문의,2015,335
경기,시흥시,전문의,2016,337
경기,시흥시,전문의,2017,351
경기,시흥시,전문의,2018,363
경기,시흥시,전문의,2019,411
경기,시흥시,전문의,2020,448
경기,시흥시,전문의,2021,503
경기,시흥시,전문의,2022,568
경기,시흥시,전문의,2023,619
경기,시흥시,전문의,2024,629
경기,시흥시,전문의,2025,642
경기,안산시 단원구,total,2007,459
경기,안산시 단원구,total,2008,517
경기,안산시 단원구,total,2009,575
경기,안산시 단원구,total,2010,668
경기,안산시 단원구,total,2011,711
경기,안산시 단원구,total,2012,718
경기,안산시 단원구,total,2013,771
경기,안산시 단원구,total,2014,790
경기,안산시 단원구,total,2015,804
경기,안산시 단원구,total,2016,833
경기,안산시 단원구,total,2017,809
경기,안산시 단원구,total,2018,803
경기,안산시 단원구,total,2019,873
경기,안산시 단원구,total,2020,930
경기,안산시 단원구,total,2021,906
경기,안산시 단원구,total,2022,959
경기,안산시 단원구,total,2023,960
경기,안산시 단원구,total,2024,979
경기,안산시 단원구,total,2025,946
경기,안산시 단원구,레지던트,2007,69
경기,안산시 단원구,레지던트,2008,79
경기,안산시 단원구,레지던트,2009,79
경기,안산시 단원구,레지던트,2010,107
경기,안산시 단원구,레지던트,2011,110
경기,안산시 단원구,레지던트,2012,127
경기,안산시 단원구,레지던트,2013,126
경기,안산시 단원구,레지던트,2014,133
경기,안산시 단원구,레지던트,2015,134
경기,안산시 단원구,레지던트,2016,126
경기,안산시 단원구,레지던트,2017,92
경기,안산시 단원구,레지던트,2018,62
경기,안산시 단원구,레지던트,2019,71
경기,안산시 단원구,레지던트,2020,114
경기,안산시 단원구,레지던트,2021,100
경기,안산시 단원구,레지던트,2022,108
경기,안산시 단원구,레지던트,2023,107
경기,안산시 단원구,레지던트,2024,114
경기,안산시 단원구,레지던트,2025,14
경기,안산시 단원구,인턴,2007,4
경기,안산시 단원구,인턴,2008,0
경기,안산시 단원구,인턴,2009,0
경기,안산시 단원구,인턴,2010,0
경기,안산시 단원구,인턴,2011,25
경기,안산시 단원구,인턴,2012,0
경기,안산시 단원구,인턴,2013,24
경기,안산시 단원구,인턴,2014,0
경기,안산시 단원구,인턴,2015,0
경기,안산시 단원구,인턴,2016,26
경기,안산시 단원구,인턴,2017,2
경기,안산시 단원구,인턴,2018,1
경기,안산시 단원구,인턴,2019,30
경기,안산시 단원구,인턴,2020,27
경기,안산시 단원구,인턴,2021,22
경기,안산시 단원구,인턴,2022,30
경기,안산시 단원구,인턴,2023,27
경기,안산시 단원구,인턴,2024,26
경기,안산시 단원구,인턴,2025,1
경기,안산시 단원구,일반의,2007,31
경기,안산시 단원구,일반의,2008,41
경기,안산시 단원구,일반의,2009,50
경기,안산시 단원구,일반의,2010,68
경기,안산시 단원구,일반의,2011,52
경기,안산시 단원구,일반의,2012,44
경기,안산시 단원구,일반의,2013,39
경기,안산시 단원구,일반의,2014,42
경기,안산시 단원구,일반의,2015,40
경기,안산시 단원구,일반의,2016,38
경기,안산시 단원구,일반의,2017,40
경기,안산시 단원구,일반의,2018,44
경기,안산시 단원구,일반의,2019,46
경기,안산시 단원구,일반의,2020,55
경기,안산시 단원구,일반의,2021,59
경기,안산시 단원구,일반의,2022,53
경기,안산시 단원구,일반의,2023,50
경기,안산시 단원구,일반의,2024,46
경기,안산시 단원구,일반의,2025,107
경기,안산시 단원구,전문의,2007,355
경기,안산시 단원구,전문의,2008,397
경기,안산시 단원구,전문의,2009,446
경기,안산시 단원구,전문의,2010,493
경기,안산시 단원구,전문의,2011,524
경기,안산시 단원구,전문의,2012,547
경기,안산시 단원구,전문의,2013,582
경기,안산시 단원구,전문의,2014,615
경기,안산시 단원구,전문의,2015,630
경기,안산시 단원구,전문의,2016,643
경기,안산시 단원구,전문의,2017,675
경기,안산시 단원구,전문의,2018,696
경기,안산시 단원구,전문의,2019,726
경기,안산시 단원구,전문의,2020,734
경기,안산시 단원구,전문의,2021,725
경기,안산시 단원구,전문의,2022,768
경기,안산시 단원구,전문의,2023,776
경기,안산시 단원구,전문의,2024,793
경기,안산시 단원구,전문의,2025,824
경기,안산시 상록구,total,2007,231
경기,안산시 상록구,total,2008,236
경기,안산시 상록구,total,2009,238
경기,안산시 상록구,total,2010,251
경기,안산시 상록구,total,2011,260
경기,안산시 상록구,total,2012,260
경기,안산시 상록구,total,2013,262
경기,안산시 상록구,total,2014,267
경기,안산시 상록구,total,2015,271
경기,안산시 상록구,total,2016,286
경기,안산시 상록구,total,2017,289
경기,안산시 상록구,total,2018,298
경기,안산시 상록구,total,2019,300
경기,안산시 상록구,total,2020,299
경기,안산시 상록구,total,2021,303
경기,안산시 상록구,total,2022,302
경기,안산시 상록구,total,2023,308
경기,안산시 상록구,total,2024,301
경기,안산시 상록구,total,2025,333
경기,안산시 상록구,레지던트,2007,0
경기,안산시 상록구,레지던트,2008,0
경기,안산시 상록구,레지던트,2009,0
경기,안산시 상록구,레지던트,2010,0
경기,안산시 상록구,레지던트,2011,0
경기,안산시 상록구,레지던트,2012,0
경기,안산시 상록구,레지던트,2013,0
경기,안산시 상록구,레지던트,2014,0
경기,안산시 상록구,레지던트,2015,0
경기,안산시 상록구,레지던트,2016,0
경기,안산시 상록구,레지던트,2017,0
경기,안산시 상록구,레지던트,2018,0
경기,안산시 상록구,레지던트,2019,0
경기,안산시 상록구,레지던트,2020,0
경기,안산시 상록구,레지던트,2021,0
경기,안산시 상록구,레지던트,2022,0
경기,안산시 상록구,레지던트,2023,0
경기,안산시 상록구,레지던트,2024,0
경기,안산시 상록구,레지던트,2025,1
경기,안산시 상록구,인턴,2007,0
경기,안산시 상록구,인턴,2008,0
경기,안산시 상록구,인턴,2009,0
경기,안산시 상록구,인턴,2010,0
경기,안산시 상록구,인턴,2011,0
경기,안산시 상록구,인턴,2012,1
경기,안산시 상록구,인턴,2013,1
경기,안산시 상록구,인턴,2014,0
경기,안산시 상록구,인턴,2015,0
경기,안산시 상록구,인턴,2016,0
경기,안산시 상록구,인턴,2017,0
경기,안산시 상록구,인턴,2018,0
경기,안산시 상록구,인턴,2019,0
경기,안산시 상록구,인턴,2020,0
경기,안산시 상록구,인턴,2021,0
경기,안산시 상록구,인턴,2022,0
경기,안산시 상록구,인턴,2023,0
경기,안산시 상록구,인턴,2024,0
경기,안산시 상록구,인턴,2025,0
경기,안산시 상록구,일반의,2007,26
경기,안산시 상록구,일반의,2008,21
경기,안산시 상록구,일반의,2009,26
경기,안산시 상록구,일반의,2010,25
경기,안산시 상록구,일반의,2011,21
경기,안산시 상록구,일반의,2012,20
경기,안산시 상록구,일반의,2013,19
경기,안산시 상록구,일반의,2014,14
경기,안산시 상록구,일반의,2015,17
경기,안산시 상록구,일반의,2016,17
경기,안산시 상록구,일반의,2017,14
경기,안산시 상록구,일반의,2018,16
경기,안산시 상록구,일반의,2019,15
경기,안산시 상록구,일반의,2020,17
경기,안산시 상록구,일반의,2021,18
경기,안산시 상록구,일반의,2022,19
경기,안산시 상록구,일반의,2023,17
경기,안산시 상록구,일반의,2024,16
경기,안산시 상록구,일반의,2025,26
경기,안산시 상록구,전문의,2007,205
경기,안산시 상록구,전문의,2008,215
경기,안산시 상록구,전문의,2009,212
경기,안산시 상록구,전문의,2010,226
경기,안산시 상록구,전문의,2011,239
경기,안산시 상록구,전문의,2012,239
경기,안산시 상록구,전문의,2013,242
경기,안산시 상록구,전문의,2014,253
경기,안산시 상록구,전문의,2015,254
경기,안산시 상록구,전문의,2016,269
경기,안산시 상록구,전문의,2017,275
경기,안산시 상록구,전문의,2018,282
경기,안산시 상록구,전문의,2019,285
경기,안산시 상록구,전문의,2020,282
경기,안산시 상록구,전문의,2021,285
경기,안산시 상록구,전문의,2022,283
경기,안산시 상록구,전문의,2023,291
경기,안산시 상록구,전문의,2024,285
경기,안산시 상록구,전문의,2025,306
경기,안성시,total,2007,127
경기,안성시,total,2008,135
경기,안성시,total,2009,144
경기,안성시,total,2010,156
경기,안성시,total,2011,173
경기,안성시,total,2012,181
경기,안성시,total,2013,174
경기,안성시,total,2014,175
경기,안성시,total,2015,174
경기,안성시,total,2016,168
경기,안성시,total,2017,175
경기,안성시,total,2018,180
경기,안성시,total,2019,191
경기,안성시,total,2020,190
경기,안성시,total,2021,199
경기,안성시,total,2022,200
경기,안성시,total,2023,212
경기,안성시,total,2024,218
경기,안성시,total,2025,224
경기,안성시,레지던트,2007,0
경기,안성시,레지던트,2008,0
경기,안성시,레지던트,2009,0
경기,안성시,레지던트,2010,0
경기,안성시,레지던트,2011,0
경기,안성시,레지던트,2012,0
경기,안성시,레지던트,2013,0
경기,안성시,레지던트,2014,0
경기,안성시,레지던트,2015,0
경기,안성시,레지던트,2016,0
경기,안성시,레지던트,2017,0
경기,안성시,레지던트,2018,0
경기,안성시,레지던트,2019,0
경기,안성시,레지던트,2020,0
경기,안성시,레지던트,2021,0
경기,안성시,레지던트,2022,0
경기,안성시,레지던트,2023,0
경기,안성시,레지던트,2024,0
경기,안성시,레지던트,2025,0
경기,안성시,인턴,2007,0
경기,안성시,인턴,2008,0
경기,안성시,인턴,2009,0
경기,안성시,인턴,2010,0
경기,안성시,인턴,2011,0
경기,안성시,인턴,2012,0
경기,안성시,인턴,2013,0
경기,안성시,인턴,2014,0
경기,안성시,인턴,2015,0
경기,안성시,인턴,2016,0
경기,안성시,인턴,2017,0
경기,안성시,인턴,2018,0
경기,안성시,인턴,2019,0
경기,안성시,인턴,2020,0
경기,안성시,인턴,2021,0
경기,안성시,인턴,2022,1
경기,안성시,인턴,2023,3
경기,안성시,인턴,2024,0
경기,안성시,인턴,2025,0
경기,안성시,일반의,2007,19
경기,안성시,일반의,2008,20
경기,안성시,일반의,2009,18
경기,안성시,일반의,2010,17
경기,안성시,일반의,2011,25
경기,안성시,일반의,2012,26
경기,안성시,일반의,2013,16
경기,안성시,일반의,2014,18
경기,안성시,일반의,2015,16
경기,안성시,일반의,2016,13
경기,안성시,일반의,2017,15
경기,안성시,일반의,2018,16
경기,안성시,일반의,2019,18
경기,안성시,일반의,2020,18
경기,안성시,일반의,2021,16
경기,안성시,일반의,2022,11
경기,안성시,일반의,2023,14
경기,안성시,일반의,2024,14
경기,안성시,일반의,2025,29
경기,안성시,전문의,2007,108
경기,안성시,전문의,2008,115
경기,안성시,전문의,2009,126
경기,안성시,전문의,2010,139
경기,안성시,전문의,2011,148
경기,안성시,전문의,2012,155
경기,안성시,전문의,2013,158
경기,안성시,전문의,2014,157
경기,안성시,전문의,2015,158
경기,안성시,전문의,2016,155
경기,안성시,전문의,2017,160
경기,안성시,전문의,2018,164
경기,안성시,전문의,2019,173
경기,안성시,전문의,2020,172
경기,안성시,전문의,2021,183
경기,안성시,전문의,2022,188
경기,안성시,전문의,2023,195
경기,안성시,전문의,2024,204
경기,안성시,전문의,2025,195
경기,안양시 동안구,total,2007,525
경기,안양시 동안구,total,2008,503
경기,안양시 동안구,total,2009,573
경기,안양시 동안구,total,2010,588
경기,안양시 동안구,total,2011,650
경기,안양시 동안구,total,2012,682
경기,안양시 동안구,total,2013,698
경기,안양시 동안구,total,2014,724
경기,안양시 동안구,total,2015,698
경기,안양시 동안구,total,2016,693
경기,안양시 동안구,total,2017,769
경기,안양시 동안구,total,2018,789
경기,안양시 동안구,total,2019,811
경기,안양시 동안구,total,2020,825
경기,안양시 동안구,total,2021,814
경기,안양시 동안구,total,2022,825
경기,안양시 동안구,total,2023,884
경기,안양시 동안구,total,2024,844
경기,안양시 동안구,total,2025,818
경기,안양시 동안구,레지던트,2007,133
경기,안양시 동안구,레지던트,2008,101
경기,안양시 동안구,레지던트,2009,136
경기,안양시 동안구,레지던트,2010,140
경기,안양시 동안구,레지던트,2011,151
경기,안양시 동안구,레지던트,2012,155
경기,안양시 동안구,레지던트,2013,157
경기,안양시 동안구,레지던트,2014,158
경기,안양시 동안구,레지던트,2015,151
경기,안양시 동안구,레지던트,2016,129
경기,안양시 동안구,레지던트,2017,116
경기,안양시 동안구,레지던트,2018,147
경기,안양시 동안구,레지던트,2019,145
경기,안양시 동안구,레지던트,2020,125
경기,안양시 동안구,레지던트,2021,120
경기,안양시 동안구,레지던트,2022,115
경기,안양시 동안구,레지던트,2023,121
경기,안양시 동안구,레지던트,2024,88
경기,안양시 동안구,레지던트,2025,7
경기,안양시 동안구,인턴,2007,0
경기,안양시 동안구,인턴,2008,0
경기,안양시 동안구,인턴,2009,2
경기,안양시 동안구,인턴,2010,3
경기,안양시 동안구,인턴,2011,25
경기,안양시 동안구,인턴,2012,37
경기,안양시 동안구,인턴,2013,40
경기,안양시 동안구,인턴,2014,27
경기,안양시 동안구,인턴,2015,0
경기,안양시 동안구,인턴,2016,4
경기,안양시 동안구,인턴,2017,64
경기,안양시 동안구,인턴,2018,33
경기,안양시 동안구,인턴,2019,34
경기,안양시 동안구,인턴,2020,34
경기,안양시 동안구,인턴,2021,28
경기,안양시 동안구,인턴,2022,34
경기,안양시 동안구,인턴,2023,36
경기,안양시 동안구,인턴,2024,19
경기,안양시 동안구,인턴,2025,1
경기,안양시 동안구,일반의,2007,16
경기,안양시 동안구,일반의,2008,18
경기,안양시 동안구,일반의,2009,13
경기,안양시 동안구,일반의,2010,20
경기,안양시 동안구,일반의,2011,20
경기,안양시 동안구,일반의,2012,21
경기,안양시 동안구,일반의,2013,18
경기,안양시 동안구,일반의,2014,18
경기,안양시 동안구,일반의,2015,21
경기,안양시 동안구,일반의,2016,21
경기,안양시 동안구,일반의,2017,22
경기,안양시 동안구,일반의,2018,20
경기,안양시 동안구,일반의,2019,27
경기,안양시 동안구,일반의,2020,30
경기,안양시 동안구,일반의,2021,26
경기,안양시 동안구,일반의,2022,29
경기,안양시 동안구,일반의,2023,37
경기,안양시 동안구,일반의,2024,40
경기,안양시 동안구,일반의,2025,82
경기,안양시 동안구,전문의,2007,376
경기,안양시 동안구,전문의,2008,384
경기,안양시 동안구,전문의,2009,422
경기,안양시 동안구,전문의,2010,425
경기,안양시 동안구,전문의,2011,454
경기,안양시 동안구,전문의,2012,469
경기,안양시 동안구,전문의,2013,483
경기,안양시 동안구,전문의,2014,521
경기,안양시 동안구,전문의,2015,526
경기,안양시 동안구,전문의,2016,539
경기,안양시 동안구,전문의,2017,567
경기,안양시 동안구,전문의,2018,589
경기,안양시 동안구,전문의,2019,605
경기,안양시 동안구,전문의,2020,636
경기,안양시 동안구,전문의,2021,640
경기,안양시 동안구,전문의,2022,647
경기,안양시 동안구,전문의,2023,690
경기,안양시 동안구,전문의,2024,697
경기,안양시 동안구,전문의,2025,728
경기,안양시 만안구,total,2007,241
경기,안양시 만안구,total,2008,250
경기,안양시 만안구,total,2009,293
경기,안양시 만안구,total,2010,292
경기,안양시 만안구,total,2011,325
경기,안양시 만안구,total,2012,348
경기,안양시 만안구,total,2013,336
경기,안양시 만안구,total,2014,318
경기,안양시 만안구,total,2015,317
경기,안양시 만안구,total,2016,322
경기,안양시 만안구,total,2017,324
경기,안양시 만안구,total,2018,338
경기,안양시 만안구,total,2019,341
경기,안양시 만안구,total,2020,345
경기,안양시 만안구,total,2021,346
경기,안양시 만안구,total,2022,354
경기,안양시 만안구,total,2023,353
경기,안양시 만안구,total,2024,345
경기,안양시 만안구,total,2025,352
경기,안양시 만안구,레지던트,2007,0
경기,안양시 만안구,레지던트,2008,0
경기,안양시 만안구,레지던트,2009,26
경기,안양시 만안구,레지던트,2010,18
경기,안양시 만안구,레지던트,2011,26
경기,안양시 만안구,레지던트,2012,27
경기,안양시 만안구,레지던트,2013,29
경기,안양시 만안구,레지던트,2014,26
경기,안양시 만안구,레지던트,2015,20
경기,안양시 만안구,레지던트,2016,22
경기,안양시 만안구,레지던트,2017,13
경기,안양시 만안구,레지던트,2018,18
경기,안양시 만안구,레지던트,2019,17
경기,안양시 만안구,레지던트,2020,10
경기,안양시 만안구,레지던트,2021,8
경기,안양시 만안구,레지던트,2022,10
경기,안양시 만안구,레지던트,2023,6
경기,안양시 만안구,레지던트,2024,4
경기,안양시 만안구,레지던트,2025,3
경기,안양시 만안구,인턴,2007,0
경기,안양시 만안구,인턴,2008,0
경기,안양시 만안구,인턴,2009,0
경기,안양시 만안구,인턴,2010,1
경기,안양시 만안구,인턴,2011,4
경기,안양시 만안구,인턴,2012,6
경기,안양시 만안구,인턴,2013,3
경기,안양시 만안구,인턴,2014,4
경기,안양시 만안구,인턴,2015,6
경기,안양시 만안구,인턴,2016,2
경기,안양시 만안구,인턴,2017,0
경기,안양시 만안구,인턴,2018,3
경기,안양시 만안구,인턴,2019,3
경기,안양시 만안구,인턴,2020,4
경기,안양시 만안구,인턴,2021,2
경기,안양시 만안구,인턴,2022,5
경기,안양시 만안구,인턴,2023,4
경기,안양시 만안구,인턴,2024,0
경기,안양시 만안구,인턴,2025,0
경기,안양시 만안구,일반의,2007,19
경기,안양시 만안구,일반의,2008,18
경기,안양시 만안구,일반의,2009,19
경기,안양시 만안구,일반의,2010,22
경기,안양시 만안구,일반의,2011,22
경기,안양시 만안구,일반의,2012,15
경기,안양시 만안구,일반의,2013,13
경기,안양시 만안구,일반의,2014,15
경기,안양시 만안구,일반의,2015,12
경기,안양시 만안구,일반의,2016,19
경기,안양시 만안구,일반의,2017,18
경기,안양시 만안구,일반의,2018,16
경기,안양시 만안구,일반의,2019,12
경기,안양시 만안구,일반의,2020,13
경기,안양시 만안구,일반의,2021,15
경기,안양시 만안구,일반의,2022,15
경기,안양시 만안구,일반의,2023,19
경기,안양시 만안구,일반의,2024,18
경기,안양시 만안구,일반의,2025,30
경기,안양시 만안구,전문의,2007,222
경기,안양시 만안구,전문의,2008,232
경기,안양시 만안구,전문의,2009,248
경기,안양시 만안구,전문의,2010,251
경기,안양시 만안구,전문의,2011,273
경기,안양시 만안구,전문의,2012,300
경기,안양시 만안구,전문의,2013,291
경기,안양시 만안구,전문의,2014,273
경기,안양시 만안구,전문의,2015,279
경기,안양시 만안구,전문의,2016,279
경기,안양시 만안구,전문의,2017,293
경기,안양시 만안구,전문의,2018,301
경기,안양시 만안구,전문의,2019,309
경기,안양시 만안구,전문의,2020,318
경기,안양시 만안구,전문의,2021,321
경기,안양시 만안구,전문의,2022,324
경기,안양시 만안구,전문의,2023,324
경기,안양시 만안구,전문의,2024,323
경기,안양시 만안구,전문의,2025,319
경기,양주시,total,2007,112
경기,양주시,total,2008,118
경기,양주시,total,2009,123
경기,양주시,total,2010,141
경기,양주시,total,2011,149
경기,양주시,total,2012,161
경기,양주시,total,2013,171
경기,양주시,total,2014,171
경기,양주시,total,2015,170
경기,양주시,total,2016,173
경기,양주시,total,2017,181
경기,양주시,total,2018,196
경기,양주시,total,2019,232
경기,양주시,total,2020,236
경기,양주시,total,2021,246
경기,양주시,total,2022,258
경기,양주시,total,2023,264
경기,양주시,total,2024,271
경기,양주시,total,2025,284
경기,양주시,레지던트,2007,0
경기,양주시,레지던트,2008,0
경기,양주시,레지던트,2009,0
경기,양주시,레지던트,2010,0
경기,양주시,레지던트,2011,0
경기,양주시,레지던트,2012,0
경기,양주시,레지던트,2013,0
경기,양주시,레지던트,2014,0
경기,양주시,레지던트,2015,0
경기,양주시,레지던트,2016,0
경기,양주시,레지던트,2017,0
경기,양주시,레지던트,2018,0
경기,양주시,레지던트,2019,0
경기,양주시,레지던트,2020,0
경기,양주시,레지던트,2021,0
경기,양주시,레지던트,2022,0
경기,양주시,레지던트,2023,0
경기,양주시,레지던트,2024,0
경기,양주시,레지던트,2025,0
경기,양주시,인턴,2007,0
경기,양주시,인턴,2008,0
경기,양주시,인턴,2009,0
경기,양주시,인턴,2010,0
경기,양주시,인턴,2011,0
경기,양주시,인턴,2012,0
경기,양주시,인턴,2013,0
경기,양주시,인턴,2014,0
경기,양주시,인턴,2015,0
경기,양주시,인턴,2016,0
경기,양주시,인턴,2017,0
경기,양주시,인턴,2018,0
경기,양주시,인턴,2019,0
경기,양주시,인턴,2020,0
경기,양주시,인턴,2021,0
경기,양주시,인턴,2022,0
경기,양주시,인턴,2023,0
경기,양주시,인턴,2024,0
경기,양주시,인턴,2025,0
경기,양주시,일반의,2007,14
경기,양주시,일반의,2008,10
경기,양주시,일반의,2009,11
경기,양주시,일반의,2010,12
경기,양주시,일반의,2011,10
경기,양주시,일반의,2012,13
경기,양주시,일반의,2013,10
경기,양주시,일반의,2014,9
경기,양주시,일반의,2015,6
경기,양주시,일반의,2016,6
경기,양주시,일반의,2017,9
경기,양주시,일반의,2018,10
경기,양주시,일반의,2019,14
경기,양주시,일반의,2020,17
경기,양주시,일반의,2021,13
경기,양주시,일반의,2022,10
경기,양주시,일반의,2023,8
경기,양주시,일반의,2024,8
경기,양주시,일반의,2025,26
경기,양주시,전문의,2007,98
경기,양주시,전문의,2008,108
경기,양주시,전문의,2009,112
경기,양주시,전문의,2010,129
경기,양주시,전문의,2011,139
경기,양주시,전문의,2012,148
경기,양주시,전문의,2013,161
경기,양주시,전문의,2014,162
경기,양주시,전문의,2015,164
경기,양주시,전문의,2016,167
경기,양주시,전문의,2017,172
경기,양주시,전문의,2018,186
경기,양주시,전문의,2019,218
경기,양주시,전문의,2020,219
경기,양주시,전문의,2021,233
경기,양주시,전문의,2022,248
경기,양주시,전문의,2023,256
경기,양주시,전문의,2024,263
경기,양주시,전문의,2025,258
경기,양평군,total,2007,66
경기,양평군,total,2008,66
경기,양평군,total,2009,66
경기,양평군,total,2010,64
경기,양평군,total,2011,74
경기,양평군,total,2012,82
경기,양평군,total,2013,79
경기,양평군,total,2014,82
경기,양평군,total,2015,96
경기,양평군,total,2016,100
경기,양평군,total,2017,103
경기,양평군,total,2018,99
경기,양평군,total,2019,98
경기,양평군,total,2020,108
경기,양평군,total,2021,114
경기,양평군,total,2022,120
경기,양평군,total,2023,114
경기,양평군,total,2024,111
경기,양평군,total,2025,113
경기,양평군,레지던트,2007,0
경기,양평군,레지던트,2008,0
경기,양평군,레지던트,2009,0
경기,양평군,레지던트,2010,0
경기,양평군,레지던트,2011,0
경기,양평군,레지던트,2012,0
경기,양평군,레지던트,2013,0
경기,양평군,레지던트,2014,0
경기,양평군,레지던트,2015,0
경기,양평군,레지던트,2016,1
경기,양평군,레지던트,2017,0
경기,양평군,레지던트,2018,0
경기,양평군,레지던트,2019,0
경기,양평군,레지던트,2020,0
경기,양평군,레지던트,2021,1
경기,양평군,레지던트,2022,2
경기,양평군,레지던트,2023,2
경기,양평군,레지던트,2024,2
경기,양평군,레지던트,2025,0
경기,양평군,인턴,2007,0
경기,양평군,인턴,2008,0
경기,양평군,인턴,2009,0
경기,양평군,인턴,2010,0
경기,양평군,인턴,2011,0
경기,양평군,인턴,2012,0
경기,양평군,인턴,2013,0
경기,양평군,인턴,2014,0
경기,양평군,인턴,2015,0
경기,양평군,인턴,2016,0
경기,양평군,인턴,2017,0
경기,양평군,인턴,2018,0
경기,양평군,인턴,2019,0
경기,양평군,인턴,2020,2
경기,양평군,인턴,2021,0
경기,양평군,인턴,2022,0
경기,양평군,인턴,2023,0
경기,양평군,인턴,2024,0
경기,양평군,인턴,2025,0
경기,양평군,일반의,2007,13
경기,양평군,일반의,2008,9
경기,양평군,일반의,2009,8
경기,양평군,일반의,2010,7
경기,양평군,일반의,2011,12
경기,양평군,일반의,2012,15
경기,양평군,일반의,2013,9
경기,양평군,일반의,2014,12
경기,양평군,일반의,2015,12
경기,양평군,일반의,2016,16
경기,양평군,일반의,2017,12
경기,양평군,일반의,2018,7
경기,양평군,일반의,2019,9
경기,양평군,일반의,2020,14
경기,양평군,일반의,2021,17
경기,양평군,일반의,2022,19
경기,양평군,일반의,2023,10
경기,양평군,일반의,2024,11
경기,양평군,일반의,2025,10
경기,양평군,전문의,2007,53
경기,양평군,전문의,2008,57
경기,양평군,전문의,2009,58
경기,양평군,전문의,2010,57
경기,양평군,전문의,2011,62
경기,양평군,전문의,2012,67
경기,양평군,전문의,2013,70
경기,양평군,전문의,2014,70
경기,양평군,전문의,2015,84
경기,양평군,전문의,2016,83
경기,양평군,전문의,2017,91
경기,양평군,전문의,2018,92
경기,양평군,전문의,2019,89
경기,양평군,전문의,2020,92
경기,양평군,전문의,2021,96
경기,양평군,전문의,2022,99
경기,양평군,전문의,2023,102
경기,양평군,전문의,2024,98
경기,양평군,전문의,2025,103
경기,여주시,total,2007,93
경기,여주시,total,2008,94
경기,여주시,total,2009,93
경기,여주시,total,2010,101
경기,여주시,total,2011,96
경기,여주시,total,2012,97
경기,여주시,total,2013,105
경기,여주시,total,2014,112
경기,여주시,total,2015,112
경기,여주시,total,2016,118
경기,여주시,total,2017,123
경기,여주시,total,2018,121
경기,여주시,total,2019,120
경기,여주시,total,2020,133
경기,여주시,total,2021,135
경기,여주시,total,2022,139
경기,여주시,total,2023,138
경기,여주시,total,2024,130
경기,여주시,total,2025,132
경기,여주시,레지던트,2007,0
경기,여주시,레지던트,2008,0
경기,여주시,레지던트,2009,0
경기,여주시,레지던트,2010,1
경기,여주시,레지던트,2011,0
경기,여주시,레지던트,2012,0
경기,여주시,레지던트,2013,0
경기,여주시,레지던트,2014,0
경기,여주시,레지던트,2015,0
경기,여주시,레지던트,2016,0
경기,여주시,레지던트,2017,0
경기,여주시,레지던트,2018,0
경기,여주시,레지던트,2019,0
경기,여주시,레지던트,2020,0
경기,여주시,레지던트,2021,0
경기,여주시,레지던트,2022,0
경기,여주시,레지던트,2023,0
경기,여주시,레지던트,2024,0
경기,여주시,레지던트,2025,0
경기,여주시,인턴,2007,0
경기,여주시,인턴,2008,0
경기,여주시,인턴,2009,0
경기,여주시,인턴,2010,0
경기,여주시,인턴,2011,0
경기,여주시,인턴,2012,0
경기,여주시,인턴,2013,0
경기,여주시,인턴,2014,0
경기,여주시,인턴,2015,0
경기,여주시,인턴,2016,0
경기,여주시,인턴,2017,0
경기,여주시,인턴,2018,0
경기,여주시,인턴,2019,0
경기,여주시,인턴,2020,2
경기,여주시,인턴,2021,4
경기,여주시,인턴,2022,1
경기,여주시,인턴,2023,0
경기,여주시,인턴,2024,0
경기,여주시,인턴,2025,0
경기,여주시,일반의,2007,12
경기,여주시,일반의,2008,12
경기,여주시,일반의,2009,12
경기,여주시,일반의,2010,15
경기,여주시,일반의,2011,10
경기,여주시,일반의,2012,12
경기,여주시,일반의,2013,12
경기,여주시,일반의,2014,11
경기,여주시,일반의,2015,9
경기,여주시,일반의,2016,8
경기,여주시,일반의,2017,7
경기,여주시,일반의,2018,6
경기,여주시,일반의,2019,8
경기,여주시,일반의,2020,13
경기,여주시,일반의,2021,13
경기,여주시,일반의,2022,16
경기,여주시,일반의,2023,19
경기,여주시,일반의,2024,12
경기,여주시,일반의,2025,13
경기,여주시,전문의,2007,81
경기,여주시,전문의,2008,82
경기,여주시,전문의,2009,81
경기,여주시,전문의,2010,85
경기,여주시,전문의,2011,86
경기,여주시,전문의,2012,85
경기,여주시,전문의,2013,93
경기,여주시,전문의,2014,101
경기,여주시,전문의,2015,103
경기,여주시,전문의,2016,110
경기,여주시,전문의,2017,116
경기,여주시,전문의,2018,115
경기,여주시,전문의,2019,112
경기,여주시,전문의,2020,118
경기,여주시,전문의,2021,118
경기,여주시,전문의,2022,122
경기,여주시,전문의,2023,119
경기,여주시,전문의,2024,118
경기,여주시,전문의,2025,119
경기,연천군,total,2007,41
경기,연천군,total,2008,41
경기,연천군,total,2009,46
경기,연천군,total,2010,48
경기,연천군,total,2011,41
경기,연천군,total,2012,43
경기,연천군,total,2013,42
경기,연천군,total,2014,43
경기,연천군,total,2015,45
경기,연천군,total,2016,40
경기,연천군,total,2017,37
경기,연천군,total,2018,40
경기,연천군,total,2019,36
경기,연천군,total,2020,40
경기,연천군,total,2021,42
경기,연천군,total,2022,40
경기,연천군,total,2023,35
경기,연천군,total,2024,40
경기,연천군,total,2025,41
경기,연천군,레지던트,2007,0
경기,연천군,레지던트,2008,0
경기,연천군,레지던트,2009,0
경기,연천군,레지던트,2010,0
경기,연천군,레지던트,2011,0
경기,연천군,레지던트,2012,0
경기,연천군,레지던트,2013,0
경기,연천군,레지던트,2014,0
경기,연천군,레지던트,2015,0
경기,연천군,레지던트,2016,0
경기,연천군,레지던트,2017,0
경기,연천군,레지던트,2018,0
경기,연천군,레지던트,2019,0
경기,연천군,레지던트,2020,0
경기,연천군,레지던트,2021,0
경기,연천군,레지던트,2022,0
경기,연천군,레지던트,2023,0
경기,연천군,레지던트,2024,0
경기,연천군,레지던트,2025,0
경기,연천군,인턴,2007,0
경기,연천군,인턴,2008,0
경기,연천군,인턴,2009,0
경기,연천군,인턴,2010,0
경기,연천군,인턴,2011,0
경기,연천군,인턴,2012,0
경기,연천군,인턴,2013,0
경기,연천군,인턴,2014,0
경기,연천군,인턴,2015,0
경기,연천군,인턴,2016,0
경기,연천군,인턴,2017,0
경기,연천군,인턴,2018,0
경기,연천군,인턴,2019,0
경기,연천군,인턴,2020,0
경기,연천군,인턴,2021,0
경기,연천군,인턴,2022,0
경기,연천군,인턴,2023,2
경기,연천군,인턴,2024,0
경기,연천군,인턴,2025,0
경기,연천군,일반의,2007,12
경기,연천군,일반의,2008,14
경기,연천군,일반의,2009,16
경기,연천군,일반의,2010,15
경기,연천군,일반의,2011,12
경기,연천군,일반의,2012,16
경기,연천군,일반의,2013,11
경기,연천군,일반의,2014,9
경기,연천군,일반의,2015,11
경기,연천군,일반의,2016,7
경기,연천군,일반의,2017,6
경기,연천군,일반의,2018,7
경기,연천군,일반의,2019,7
경기,연천군,일반의,2020,9
경기,연천군,일반의,2021,9
경기,연천군,일반의,2022,7
경기,연천군,일반의,2023,6
경기,연천군,일반의,2024,8
경기,연천군,일반의,2025,5
경기,연천군,전문의,2007,29
경기,연천군,전문의,2008,27
경기,연천군,전문의,2009,30
경기,연천군,전문의,2010,33
경기,연천군,전문의,2011,29
경기,연천군,전문의,2012,27
경기,연천군,전문의,2013,31
경기,연천군,전문의,2014,34
경기,연천군,전문의,2015,34
경기,연천군,전문의,2016,33
경기,연천군,전문의,2017,31
경기,연천군,전문의,2018,33
경기,연천군,전문의,2019,29
경기,연천군,전문의,2020,31
경기,연천군,전문의,2021,33
경기,연천군,전문의,2022,33
경기,연천군,전문의,2023,27
경기,연천군,전문의,2024,32
경기,연천군,전문의,2025,36
경기,오산시,total,2007,129
경기,오산시,total,2008,131
경기,오산시,total,2009,156
경기,오산시,total,2010,169
경기,오산시,total,2011,195
경기,오산시,total,2012,193
경기,오산시,total,2013,202
경기,오산시,total,2014,204
경기,오산시,total,2015,217
경기,오산시,total,2016,224
경기,오산시,total,2017,231
경기,오산시,total,2018,266
경기,오산시,total,2019,289
경기,오산시,total,2020,278
경기,오산시,total,2021,292
경기,오산시,total,2022,301
경기,오산시,total,2023,285
경기,오산시,total,2024,284
경기,오산시,total,2025,301
경기,오산시,레지던트,2007,0
경기,오산시,레지던트,2008,0
경기,오산시,레지던트,2009,0
경기,오산시,레지던트,2010,0
경기,오산시,레지던트,2011,0
경기,오산시,레지던트,2012,1
경기,오산시,레지던트,2013,3
경기,오산시,레지던트,2014,5
경기,오산시,레지던트,2015,7
경기,오산시,레지던트,2016,7
경기,오산시,레지던트,2017,5
경기,오산시,레지던트,2018,5
경기,오산시,레지던트,2019,4
경기,오산시,레지던트,2020,3
경기,오산시,레지던트,2021,3
경기,오산시,레지던트,2022,2
경기,오산시,레지던트,2023,2
경기,오산시,레지던트,2024,0
경기,오산시,레지던트,2025,0
경기,오산시,인턴,2007,0
경기,오산시,인턴,2008,0
경기,오산시,인턴,2009,0
경기,오산시,인턴,2010,0
경기,오산시,인턴,2011,3
경기,오산시,인턴,2012,2
경기,오산시,인턴,2013,3
경기,오산시,인턴,2014,3
경기,오산시,인턴,2015,3
경기,오산시,인턴,2016,0
경기,오산시,인턴,2017,0
경기,오산시,인턴,2018,1
경기,오산시,인턴,2019,2
경기,오산시,인턴,2020,0
경기,오산시,인턴,2021,2
경기,오산시,인턴,2022,4
경기,오산시,인턴,2023,4
경기,오산시,인턴,2024,0
경기,오산시,인턴,2025,0
경기,오산시,일반의,2007,10
경기,오산시,일반의,2008,10
경기,오산시,일반의,2009,10
경기,오산시,일반의,2010,5
경기,오산시,일반의,2011,8
경기,오산시,일반의,2012,10
경기,오산시,일반의,2013,7
경기,오산시,일반의,2014,10
경기,오산시,일반의,2015,8
경기,오산시,일반의,2016,12
경기,오산시,일반의,2017,10
경기,오산시,일반의,2018,10
경기,오산시,일반의,2019,11
경기,오산시,일반의,2020,15
경기,오산시,일반의,2021,15
경기,오산시,일반의,2022,17
경기,오산시,일반의,2023,9
경기,오산시,일반의,2024,9
경기,오산시,일반의,2025,33
경기,오산시,전문의,2007,119
경기,오산시,전문의,2008,121
경기,오산시,전문의,2009,146
경기,오산시,전문의,2010,164
경기,오산시,전문의,2011,184
경기,오산시,전문의,2012,180
경기,오산시,전문의,2013,189
경기,오산시,전문의,2014,186
경기,오산시,전문의,2015,199
경기,오산시,전문의,2016,205
경기,오산시,전문의,2017,216
경기,오산시,전문의,2018,250
경기,오산시,전문의,2019,272
경기,오산시,전문의,2020,260
경기,오산시,전문의,2021,272
경기,오산시,전문의,2022,278
경기,오산시,전문의,2023,270
경기,오산시,전문의,2024,275
경기,오산시,전문의,2025,268
경기,용인시 기흥구,total,2007,219
경기,용인시 기흥구,total,2008,246
경기,용인시 기흥구,total,2009,286
경기,용인시 기흥구,total,2010,304
경기,용인시 기흥구,total,2011,319
경기,용인시 기흥구,total,2012,355
경기,용인시 기흥구,total,2013,363
경기,용인시 기흥구,total,2014,401
경기,용인시 기흥구,total,2015,415
경기,용인시 기흥구,total,2016,433
경기,용인시 기흥구,total,2017,448
경기,용인시 기흥구,total,2018,469
경기,용인시 기흥구,total,2019,516
경기,용인시 기흥구,total,2020,701
경기,용인시 기흥구,total,2021,751
경기,용인시 기흥구,total,2022,770
경기,용인시 기흥구,total,2023,777
경기,용인시 기흥구,total,2024,811
경기,용인시 기흥구,total,2025,853
경기,용인시 기흥구,레지던트,2007,12
경기,용인시 기흥구,레지던트,2008,12
경기,용인시 기흥구,레지던트,2009,12
경기,용인시 기흥구,레지던트,2010,13
경기,용인시 기흥구,레지던트,2011,11
경기,용인시 기흥구,레지던트,2012,11
경기,용인시 기흥구,레지던트,2013,10
경기,용인시 기흥구,레지던트,2014,9
경기,용인시 기흥구,레지던트,2015,7
경기,용인시 기흥구,레지던트,2016,6
경기,용인시 기흥구,레지던트,2017,4
경기,용인시 기흥구,레지던트,2018,4
경기,용인시 기흥구,레지던트,2019,4
경기,용인시 기흥구,레지던트,2020,4
경기,용인시 기흥구,레지던트,2021,4
경기,용인시 기흥구,레지던트,2022,4
경기,용인시 기흥구,레지던트,2023,7
경기,용인시 기흥구,레지던트,2024,3
경기,용인시 기흥구,레지던트,2025,2
경기,용인시 기흥구,인턴,2007,0
경기,용인시 기흥구,인턴,2008,0
경기,용인시 기흥구,인턴,2009,0
경기,용인시 기흥구,인턴,2010,0
경기,용인시 기흥구,인턴,2011,0
경기,용인시 기흥구,인턴,2012,0
경기,용인시 기흥구,인턴,2013,0
경기,용인시 기흥구,인턴,2014,0
경기,용인시 기흥구,인턴,2015,0
경기,용인시 기흥구,인턴,2016,2
경기,용인시 기흥구,인턴,2017,0
경기,용인시 기흥구,인턴,2018,0
경기,용인시 기흥구,인턴,2019,0
경기,용인시 기흥구,인턴,2020,0
경기,용인시 기흥구,인턴,2021,0
경기,용인시 기흥구,인턴,2022,0
경기,용인시 기흥구,인턴,2023,0
경기,용인시 기흥구,인턴,2024,0
경기,용인시 기흥구,인턴,2025,0
경기,용인시 기흥구,일반의,2007,16
경기,용인시 기흥구,일반의,2008,18
경기,용인시 기흥구,일반의,2009,15
경기,용인시 기흥구,일반의,2010,19
경기,용인시 기흥구,일반의,2011,21
경기,용인시 기흥구,일반의,2012,25
경기,용인시 기흥구,일반의,2013,22
경기,용인시 기흥구,일반의,2014,20
경기,용인시 기흥구,일반의,2015,25
경기,용인시 기흥구,일반의,2016,23
경기,용인시 기흥구,일반의,2017,19
경기,용인시 기흥구,일반의,2018,29
경기,용인시 기흥구,일반의,2019,27
경기,용인시 기흥구,일반의,2020,36
경기,용인시 기흥구,일반의,2021,36
경기,용인시 기흥구,일반의,2022,47
경기,용인시 기흥구,일반의,2023,38
경기,용인시 기흥구,일반의,2024,39
경기,용인시 기흥구,일반의,2025,71
경기,용인시 기흥구,전문의,2007,191
경기,용인시 기흥구,전문의,2008,216
경기,용인시 기흥구,전문의,2009,259
경기,용인시 기흥구,전문의,2010,272
경기,용인시 기흥구,전문의,2011,287
경기,용인시 기흥구,전문의,2012,319
경기,용인시 기흥구,전문의,2013,331
경기,용인시 기흥구,전문의,2014,372
경기,용인시 기흥구,전문의,2015,383
경기,용인시 기흥구,전문의,2016,402
경기,용인시 기흥구,전문의,2017,425
경기,용인시 기흥구,전문의,2018,436
경기,용인시 기흥구,전문의,2019,485
경기,용인시 기흥구,전문의,2020,661
경기,용인시 기흥구,전문의,2021,711
경기,용인시 기흥구,전문의,2022,719
경기,용인시 기흥구,전문의,2023,732
경기,용인시 기흥구,전문의,2024,769
경기,용인시 기흥구,전문의,2025,780
경기,용인시 수지구,total,2007,162
경기,용인시 수지구,total,2008,171
경기,용인시 수지구,total,2009,179
경기,용인시 수지구,total,2010,185
경기,용인시 수지구,total,2011,186
경기,용인시 수지구,total,2012,197
경기,용인시 수지구,total,2013,207
경기,용인시 수지구,total,2014,225
경기,용인시 수지구,total,2015,248
경기,용인시 수지구,total,2016,252
경기,용인시 수지구,total,2017,275
경기,용인시 수지구,total,2018,283
경기,용인시 수지구,total,2019,301
경기,용인시 수지구,total,2020,312
경기,용인시 수지구,total,2021,312
경기,용인시 수지구,total,2022,324
경기,용인시 수지구,total,2023,343
경기,용인시 수지구,total,2024,351
경기,용인시 수지구,total,2025,388
경기,용인시 수지구,레지던트,2007,0
경기,용인시 수지구,레지던트,2008,0
경기,용인시 수지구,레지던트,2009,0
경기,용인시 수지구,레지던트,2010,0
경기,용인시 수지구,레지던트,2011,0
경기,용인시 수지구,레지던트,2012,0
경기,용인시 수지구,레지던트,2013,0
경기,용인시 수지구,레지던트,2014,0
경기,용인시 수지구,레지던트,2015,0
경기,용인시 수지구,레지던트,2016,0
경기,용인시 수지구,레지던트,2017,0
경기,용인시 수지구,레지던트,2018,0
경기,용인시 수지구,레지던트,2019,0
경기,용인시 수지구,레지던트,2020,0
경기,용인시 수지구,레지던트,2021,0
경기,용인시 수지구,레지던트,2022,0
경기,용인시 수지구,레지던트,2023,0
경기,용인시 수지구,레지던트,2024,0
경기,용인시 수지구,레지던트,2025,0
경기,용인시 수지구,인턴,2007,0
경기,용인시 수지구,인턴,2008,0
경기,용인시 수지구,인턴,2009,0
경기,용인시 수지구,인턴,2010,0
경기,용인시 수지구,인턴,2011,0
경기,용인시 수지구,인턴,2012,0
경기,용인시 수지구,인턴,2013,0
경기,용인시 수지구,인턴,2014,0
경기,용인시 수지구,인턴,2015,0
경기,용인시 수지구,인턴,2016,0
경기,용인시 수지구,인턴,2017,0
경기,용인시 수지구,인턴,2018,0
경기,용인시 수지구,인턴,2019,0
경기,용인시 수지구,인턴,2020,0
경기,용인시 수지구,인턴,2021,0
경기,용인시 수지구,인턴,2022,0
경기,용인시 수지구,인턴,2023,0
경기,용인시 수지구,인턴,2024,0
경기,용인시 수지구,인턴,2025,0
경기,용인시 수지구,일반의,2007,12
경기,용인시 수지구,일반의,2008,13
경기,용인시 수지구,일반의,2009,10
경기,용인시 수지구,일반의,2010,9
경기,용인시 수지구,일반의,2011,10
경기,용인시 수지구,일반의,2012,9
경기,용인시 수지구,일반의,2013,9
경기,용인시 수지구,일반의,2014,13
경기,용인시 수지구,일반의,2015,17
경기,용인시 수지구,일반의,2016,13
경기,용인시 수지구,일반의,2017,16
경기,용인시 수지구,일반의,2018,14
경기,용인시 수지구,일반의,2019,15
경기,용인시 수지구,일반의,2020,16
경기,용인시 수지구,일반의,2021,11
경기,용인시 수지구,일반의,2022,13
경기,용인시 수지구,일반의,2023,14
경기,용인시 수지구,일반의,2024,14
경기,용인시 수지구,일반의,2025,31
경기,용인시 수지구,전문의,2007,150
경기,용인시 수지구,전문의,2008,158
경기,용인시 수지구,전문의,2009,169
경기,용인시 수지구,전문의,2010,176
경기,용인시 수지구,전문의,2011,176
경기,용인시 수지구,전문의,2012,188
경기,용인시 수지구,전문의,2013,198
경기,용인시 수지구,전문의,2014,212
경기,용인시 수지구,전문의,2015,231
경기,용인시 수지구,전문의,2016,239
경기,용인시 수지구,전문의,2017,259
경기,용인시 수지구,전문의,2018,269
경기,용인시 수지구,전문의,2019,286
경기,용인시 수지구,전문의,2020,296
경기,용인시 수지구,전문의,2021,301
경기,용인시 수지구,전문의,2022,311
경기,용인시 수지구,전문의,2023,329
경기,용인시 수지구,전문의,2024,337
경기,용인시 수지구,전문의,2025,357
경기,용인시 처인구,total,2007,140
경기,용인시 처인구,total,2008,147
경기,용인시 처인구,total,2009,167
경기,용인시 처인구,total,2010,171
경기,용인시 처인구,total,2011,177
경기,용인시 처인구,total,2012,186
경기,용인시 처인구,total,2013,199
경기,용인시 처인구,total,2014,205
경기,용인시 처인구,total,2015,213
경기,용인시 처인구,total,2016,219
경기,용인시 처인구,total,2017,214
경기,용인시 처인구,total,2018,224
경기,용인시 처인구,total,2019,235
경기,용인시 처인구,total,2020,231
경기,용인시 처인구,total,2021,232
경기,용인시 처인구,total,2022,224
경기,용인시 처인구,total,2023,284
경기,용인시 처인구,total,2024,292
경기,용인시 처인구,total,2025,293
경기,용인시 처인구,레지던트,2007,0
경기,용인시 처인구,레지던트,2008,0
경기,용인시 처인구,레지던트,2009,0
경기,용인시 처인구,레지던트,2010,0
경기,용인시 처인구,레지던트,2011,0
경기,용인시 처인구,레지던트,2012,0
경기,용인시 처인구,레지던트,2013,0
경기,용인시 처인구,레지던트,2014,0
경기,용인시 처인구,레지던트,2015,0
경기,용인시 처인구,레지던트,2016,0
경기,용인시 처인구,레지던트,2017,0
경기,용인시 처인구,레지던트,2018,0
경기,용인시 처인구,레지던트,2019,0
경기,용인시 처인구,레지던트,2020,0
경기,용인시 처인구,레지던트,2021,0
경기,용인시 처인구,레지던트,2022,0
경기,용인시 처인구,레지던트,2023,0
경기,용인시 처인구,레지던트,2024,0
경기,용인시 처인구,레지던트,2025,0
경기,용인시 처인구,인턴,2007,1
경기,용인시 처인구,인턴,2008,1
경기,용인시 처인구,인턴,2009,1
경기,용인시 처인구,인턴,2010,0
경기,용인시 처인구,인턴,2011,0
경기,용인시 처인구,인턴,2012,0
경기,용인시 처인구,인턴,2013,0
경기,용인시 처인구,인턴,2014,0
경기,용인시 처인구,인턴,2015,0
경기,용인시 처인구,인턴,2016,0
경기,용인시 처인구,인턴,2017,0
경기,용인시 처인구,인턴,2018,0
경기,용인시 처인구,인턴,2019,0
경기,용인시 처인구,인턴,2020,0
경기,용인시 처인구,인턴,2021,0
경기,용인시 처인구,인턴,2022,0
경기,용인시 처인구,인턴,2023,0
경기,용인시 처인구,인턴,2024,0
경기,용인시 처인구,인턴,2025,0
경기,용인시 처인구,일반의,2007,21
경기,용인시 처인구,일반의,2008,16
경기,용인시 처인구,일반의,2009,19
경기,용인시 처인구,일반의,2010,16
경기,용인시 처인구,일반의,2011,19
경기,용인시 처인구,일반의,2012,21
경기,용인시 처인구,일반의,2013,23
경기,용인시 처인구,일반의,2014,20
경기,용인시 처인구,일반의,2015,17
경기,용인시 처인구,일반의,2016,12
경기,용인시 처인구,일반의,2017,12
경기,용인시 처인구,일반의,2018,14
경기,용인시 처인구,일반의,2019,13
경기,용인시 처인구,일반의,2020,22
경기,용인시 처인구,일반의,2021,22
경기,용인시 처인구,일반의,2022,19
경기,용인시 처인구,일반의,2023,20
경기,용인시 처인구,일반의,2024,20
경기,용인시 처인구,일반의,2025,48
경기,용인시 처인구,전문의,2007,118
경기,용인시 처인구,전문의,2008,130
경기,용인시 처인구,전문의,2009,147
경기,용인시 처인구,전문의,2010,155
경기,용인시 처인구,전문의,2011,158
경기,용인시 처인구,전문의,2012,165
경기,용인시 처인구,전문의,2013,176
경기,용인시 처인구,전문의,2014,185
경기,용인시 처인구,전문의,2015,196
경기,용인시 처인구,전문의,2016,207
경기,용인시 처인구,전문의,2017,202
경기,용인시 처인구,전문의,2018,210
경기,용인시 처인구,전문의,2019,222
경기,용인시 처인구,전문의,2020,209
경기,용인시 처인구,전문의,2021,210
경기,용인시 처인구,전문의,2022,205
경기,용인시 처인구,전문의,2023,264
경기,용인시 처인구,전문의,2024,272
경기,용인시 처인구,전문의,2025,245
경기,의왕시,total,2007,99
경기,의왕시,total,2008,99
경기,의왕시,total,2009,109
경기,의왕시,total,2010,107
경기,의왕시,total,2011,112
경기,의왕시,total,2012,106
경기,의왕시,total,2013,114
경기,의왕시,total,2014,121
경기,의왕시,total,2015,124
경기,의왕시,total,2016,122
경기,의왕시,total,2017,121
경기,의왕시,total,2018,129
경기,의왕시,total,2019,129
경기,의왕시,total,2020,126
경기,의왕시,total,2021,129
경기,의왕시,total,2022,137
경기,의왕시,total,2023,137
경기,의왕시,total,2024,137
경기,의왕시,total,2025,129
경기,의왕시,레지던트,2007,5
경기,의왕시,레지던트,2008,5
경기,의왕시,레지던트,2009,5
경기,의왕시,레지던트,2010,5
경기,의왕시,레지던트,2011,6
경기,의왕시,레지던트,2012,6
경기,의왕시,레지던트,2013,6
경기,의왕시,레지던트,2014,5
경기,의왕시,레지던트,2015,6
경기,의왕시,레지던트,2016,5
경기,의왕시,레지던트,2017,4
경기,의왕시,레지던트,2018,5
경기,의왕시,레지던트,2019,4
경기,의왕시,레지던트,2020,4
경기,의왕시,레지던트,2021,4
경기,의왕시,레지던트,2022,4
경기,의왕시,레지던트,2023,3
경기,의왕시,레지던트,2024,4
경기,의왕시,레지던트,2025,0
경기,의왕시,인턴,2007,0
경기,의왕시,인턴,2008,0
경기,의왕시,인턴,2009,0
경기,의왕시,인턴,2010,0
경기,의왕시,인턴,2011,0
경기,의왕시,인턴,2012,0
경기,의왕시,인턴,2013,0
경기,의왕시,인턴,2014,0
경기,의왕시,인턴,2015,0
경기,의왕시,인턴,2016,0
경기,의왕시,인턴,2017,0
경기,의왕시,인턴,2018,0
경기,의왕시,인턴,2019,0
경기,의왕시,인턴,2020,0
경기,의왕시,인턴,2021,0
경기,의왕시,인턴,2022,0
경기,의왕시,인턴,2023,0
경기,의왕시,인턴,2024,0
경기,의왕시,인턴,2025,0
경기,의왕시,일반의,2007,7
경기,의왕시,일반의,2008,8
경기,의왕시,일반의,2009,10
경기,의왕시,일반의,2010,8
경기,의왕시,일반의,2011,10
경기,의왕시,일반의,2012,5
경기,의왕시,일반의,2013,5
경기,의왕시,일반의,2014,4
경기,의왕시,일반의,2015,6
경기,의왕시,일반의,2016,6
경기,의왕시,일반의,2017,4
경기,의왕시,일반의,2018,7
경기,의왕시,일반의,2019,7
경기,의왕시,일반의,2020,7
경기,의왕시,일반의,2021,7
경기,의왕시,일반의,2022,8
경기,의왕시,일반의,2023,7
경기,의왕시,일반의,2024,8
경기,의왕시,일반의,2025,13
경기,의왕시,전문의,2007,87
경기,의왕시,전문의,2008,86
경기,의왕시,전문의,2009,94
경기,의왕시,전문의,2010,94
경기,의왕시,전문의,2011,96
경기,의왕시,전문의,2012,95
경기,의왕시,전문의,2013,103
경기,의왕시,전문의,2014,112
경기,의왕시,전문의,2015,112
경기,의왕시,전문의,2016,111
경기,의왕시,전문의,2017,113
경기,의왕시,전문의,2018,117
경기,의왕시,전문의,2019,118
경기,의왕시,전문의,2020,115
경기,의왕시,전문의,2021,118
경기,의왕시,전문의,2022,125
경기,의왕시,전문의,2023,127
경기,의왕시,전문의,2024,125
경기,의왕시,전문의,2025,116
경기,의정부시,total,2007,526
경기,의정부시,total,2008,560
경기,의정부시,total,2009,574
경기,의정부시,total,2010,630
경기,의정부시,total,2011,614
경기,의정부시,total,2012,661
경기,의정부시,total,2013,698
경기,의정부시,total,2014,737
경기,의정부시,total,2015,760
경기,의정부시,total,2016,799
경기,의정부시,total,2017,808
경기,의정부시,total,2018,858
경기,의정부시,total,2019,875
경기,의정부시,total,2020,889
경기,의정부시,total,2021,1023
경기,의정부시,total,2022,1042
경기,의정부시,total,2023,1054
경기,의정부시,total,2024,1029
경기,의정부시,total,2025,1053
경기,의정부시,레지던트,2007,66
경기,의정부시,레지던트,2008,73
경기,의정부시,레지던트,2009,85
경기,의정부시,레지던트,2010,94
경기,의정부시,레지던트,2011,90
경기,의정부시,레지던트,2012,98
경기,의정부시,레지던트,2013,92
경기,의정부시,레지던트,2014,107
경기,의정부시,레지던트,2015,109
경기,의정부시,레지던트,2016,116
경기,의정부시,레지던트,2017,107
경기,의정부시,레지던트,2018,103
경기,의정부시,레지던트,2019,97
경기,의정부시,레지던트,2020,91
경기,의정부시,레지던트,2021,80
경기,의정부시,레지던트,2022,74
경기,의정부시,레지던트,2023,67
경기,의정부시,레지던트,2024,65
경기,의정부시,레지던트,2025,9
경기,의정부시,인턴,2007,35
경기,의정부시,인턴,2008,30
경기,의정부시,인턴,2009,0
경기,의정부시,인턴,2010,0
경기,의정부시,인턴,2011,0
경기,의정부시,인턴,2012,0
경기,의정부시,인턴,2013,33
경기,의정부시,인턴,2014,34
경기,의정부시,인턴,2015,32
경기,의정부시,인턴,2016,34
경기,의정부시,인턴,2017,32
경기,의정부시,인턴,2018,30
경기,의정부시,인턴,2019,33
경기,의정부시,인턴,2020,31
경기,의정부시,인턴,2021,28
경기,의정부시,인턴,2022,31
경기,의정부시,인턴,2023,30
경기,의정부시,인턴,2024,1
경기,의정부시,인턴,2025,1
경기,의정부시,일반의,2007,30
경기,의정부시,일반의,2008,31
경기,의정부시,일반의,2009,37
경기,의정부시,일반의,2010,41
경기,의정부시,일반의,2011,44
경기,의정부시,일반의,2012,44
경기,의정부시,일반의,2013,31
경기,의정부시,일반의,2014,33
경기,의정부시,일반의,2015,37
경기,의정부시,일반의,2016,41
경기,의정부시,일반의,2017,38
경기,의정부시,일반의,2018,45
경기,의정부시,일반의,2019,47
경기,의정부시,일반의,2020,48
경기,의정부시,일반의,2021,47
경기,의정부시,일반의,2022,48
경기,의정부시,일반의,2023,48
경기,의정부시,일반의,2024,56
경기,의정부시,일반의,2025,122
경기,의정부시,전문의,2007,395
경기,의정부시,전문의,2008,426
경기,의정부시,전문의,2009,452
경기,의정부시,전문의,2010,495
경기,의정부시,전문의,2011,480
경기,의정부시,전문의,2012,519
경기,의정부시,전문의,2013,542
경기,의정부시,전문의,2014,563
경기,의정부시,전문의,2015,582
경기,의정부시,전문의,2016,608
경기,의정부시,전문의,2017,631
경기,의정부시,전문의,2018,680
경기,의정부시,전문의,2019,698
경기,의정부시,전문의,2020,719
경기,의정부시,전문의,2021,868
경기,의정부시,전문의,2022,889
경기,의정부시,전문의,2023,909
경기,의정부시,전문의,2024,907
경기,의정부시,전문의,2025,921
경기,이천시,total,2007,178
경기,이천시,total,2008,183
경기,이천시,total,2009,175
경기,이천시,total,2010,175
경기,이천시,total,2011,178
경기,이천시,total,2012,194
경기,이천시,total,2013,191
경기,이천시,total,2014,201
경기,이천시,total,2015,207
경기,이천시,total,2016,219
경기,이천시,total,2017,225
경기,이천시,total,2018,239
경기,이천시,total,2019,247
경기,이천시,total,2020,259
경기,이천시,total,2021,257
경기,이천시,total,2022,256
경기,이천시,total,2023,263
경기,이천시,total,2024,262
경기,이천시,total,2025,275
경기,이천시,레지던트,2007,8
경기,이천시,레지던트,2008,8
경기,이천시,레지던트,2009,0
경기,이천시,레지던트,2010,8
경기,이천시,레지던트,2011,0
경기,이천시,레지던트,2012,7
경기,이천시,레지던트,2013,0
경기,이천시,레지던트,2014,0
경기,이천시,레지던트,2015,0
경기,이천시,레지던트,2016,0
경기,이천시,레지던트,2017,0
경기,이천시,레지던트,2018,0
경기,이천시,레지던트,2019,0
경기,이천시,레지던트,2020,0
경기,이천시,레지던트,2021,0
경기,이천시,레지던트,2022,0
경기,이천시,레지던트,2023,0
경기,이천시,레지던트,2024,0
경기,이천시,레지던트,2025,0
경기,이천시,인턴,2007,0
경기,이천시,인턴,2008,0
경기,이천시,인턴,2009,0
경기,이천시,인턴,2010,0
경기,이천시,인턴,2011,0
경기,이천시,인턴,2012,0
경기,이천시,인턴,2013,0
경기,이천시,인턴,2014,0
경기,이천시,인턴,2015,0
경기,이천시,인턴,2016,0
경기,이천시,인턴,2017,0
경기,이천시,인턴,2018,0
경기,이천시,인턴,2019,0
경기,이천시,인턴,2020,1
경기,이천시,인턴,2021,1
경기,이천시,인턴,2022,1
경기,이천시,인턴,2023,0
경기,이천시,인턴,2024,0
경기,이천시,인턴,2025,0
경기,이천시,일반의,2007,27
경기,이천시,일반의,2008,22
경기,이천시,일반의,2009,26
경기,이천시,일반의,2010,21
경기,이천시,일반의,2011,26
경기,이천시,일반의,2012,24
경기,이천시,일반의,2013,16
경기,이천시,일반의,2014,18
경기,이천시,일반의,2015,20
경기,이천시,일반의,2016,19
경기,이천시,일반의,2017,18
경기,이천시,일반의,2018,18
경기,이천시,일반의,2019,18
경기,이천시,일반의,2020,21
경기,이천시,일반의,2021,22
경기,이천시,일반의,2022,25
경기,이천시,일반의,2023,21
경기,이천시,일반의,2024,23
경기,이천시,일반의,2025,31
경기,이천시,전문의,2007,143
경기,이천시,전문의,2008,153
경기,이천시,전문의,2009,149
경기,이천시,전문의,2010,146
경기,이천시,전문의,2011,152
경기,이천시,전문의,2012,163
경기,이천시,전문의,2013,175
경기,이천시,전문의,2014,183
경기,이천시,전문의,2015,187
경기,이천시,전문의,2016,200
경기,이천시,전문의,2017,207
경기,이천시,전문의,2018,221
경기,이천시,전문의,2019,229
경기,이천시,전문의,2020,237
경기,이천시,전문의,2021,234
경기,이천시,전문의,2022,230
경기,이천시,전문의,2023,242
경기,이천시,전문의,2024,239
경기,이천시,전문의,2025,244
경기,파주시,total,2007,184
경기,파주시,total,2008,200
경기,파주시,total,2009,207
경기,파주시,total,2010,216
경기,파주시,total,2011,246
경기,파주시,total,2012,271
경기,파주시,total,2013,277
경기,파주시,total,2014,299
경기,파주시,total,2015,323
경기,파주시,total,2016,337
경기,파주시,total,2017,372
경기,파주시,total,2018,380
경기,파주시,total,2019,409
경기,파주시,total,2020,432
경기,파주시,total,2021,451
경기,파주시,total,2022,456
경기,파주시,total,2023,517
경기,파주시,total,2024,521
경기,파주시,total,2025,565
경기,파주시,레지던트,2007,0
경기,파주시,레지던트,2008,0
경기,파주시,레지던트,2009,0
경기,파주시,레지던트,2010,0
경기,파주시,레지던트,2011,0
경기,파주시,레지던트,2012,0
경기,파주시,레지던트,2013,0
경기,파주시,레지던트,2014,0
경기,파주시,레지던트,2015,0
경기,파주시,레지던트,2016,0
경기,파주시,레지던트,2017,0
경기,파주시,레지던트,2018,0
경기,파주시,레지던트,2019,0
경기,파주시,레지던트,2020,1
경기,파주시,레지던트,2021,0
경기,파주시,레지던트,2022,0
경기,파주시,레지던트,2023,0
경기,파주시,레지던트,2024,0
경기,파주시,레지던트,2025,0
경기,파주시,인턴,2007,0
경기,파주시,인턴,2008,0
경기,파주시,인턴,2009,0
경기,파주시,인턴,2010,0
경기,파주시,인턴,2011,0
경기,파주시,인턴,2012,0
경기,파주시,인턴,2013,0
경기,파주시,인턴,2014,0
경기,파주시,인턴,2015,0
경기,파주시,인턴,2016,0
경기,파주시,인턴,2017,0
경기,파주시,인턴,2018,0
경기,파주시,인턴,2019,0
경기,파주시,인턴,2020,0
경기,파주시,인턴,2021,1
경기,파주시,인턴,2022,0
경기,파주시,인턴,2023,0
경기,파주시,인턴,2024,0
경기,파주시,인턴,2025,0
경기,파주시,일반의,2007,25
경기,파주시,일반의,2008,28
경기,파주시,일반의,2009,23
경기,파주시,일반의,2010,24
경기,파주시,일반의,2011,29
경기,파주시,일반의,2012,33
경기,파주시,일반의,2013,26
경기,파주시,일반의,2014,24
경기,파주시,일반의,2015,30
경기,파주시,일반의,2016,29
경기,파주시,일반의,2017,34
경기,파주시,일반의,2018,27
경기,파주시,일반의,2019,36
경기,파주시,일반의,2020,30
경기,파주시,일반의,2021,39
경기,파주시,일반의,2022,39
경기,파주시,일반의,2023,42
경기,파주시,일반의,2024,42
경기,파주시,일반의,2025,69
경기,파주시,전문의,2007,159
경기,파주시,전문의,2008,172
경기,파주시,전문의,2009,184
경기,파주시,전문의,2010,192
경기,파주시,전문의,2011,217
경기,파주시,전문의,2012,238
경기,파주시,전문의,2013,251
경기,파주시,전문의,2014,275
경기,파주시,전문의,2015,293
경기,파주시,전문의,2016,308
경기,파주시,전문의,2017,338
경기,파주시,전문의,2018,353
경기,파주시,전문의,2019,373
경기,파주시,전문의,2020,401
경기,파주시,전문의,2021,411
경기,파주시,전문의,2022,417
경기,파주시,전문의,2023,475
경기,파주시,전문의,2024,479
경기,파주시,전문의,2025,496
경기,평택시,total,2007,365
경기,평택시,total,2008,359
경기,평택시,total,2009,385
경기,평택시,total,2010,401
경기,평택시,total,2011,410
경기,평택시,total,2012,427
경기,평택시,total,2013,438
경기,평택시,total,2014,469
경기,평택시,total,2015,512
경기,평택시,total,2016,491
경기,평택시,total,2017,537
경기,평택시,total,2018,576
경기,평택시,total,2019,597
경기,평택시,total,2020,629
경기,평택시,total,2021,680
경기,평택시,total,2022,691
경기,평택시,total,2023,745
경기,평택시,total,2024,778
경기,평택시,total,2025,843
경기,평택시,레지던트,2007,0
경기,평택시,레지던트,2008,0
경기,평택시,레지던트,2009,0
경기,평택시,레지던트,2010,0
경기,평택시,레지던트,2011,0
경기,평택시,레지던트,2012,0
경기,평택시,레지던트,2013,0
경기,평택시,레지던트,2014,0
경기,평택시,레지던트,2015,0
경기,평택시,레지던트,2016,0
경기,평택시,레지던트,2017,0
경기,평택시,레지던트,2018,0
경기,평택시,레지던트,2019,0
경기,평택시,레지던트,2020,0
경기,평택시,레지던트,2021,0
경기,평택시,레지던트,2022,0
경기,평택시,레지던트,2023,0
경기,평택시,레지던트,2024,0
경기,평택시,레지던트,2025,0
경기,평택시,인턴,2007,0
경기,평택시,인턴,2008,0
경기,평택시,인턴,2009,0
경기,평택시,인턴,2010,0
경기,평택시,인턴,2011,0
경기,평택시,인턴,2012,0
경기,평택시,인턴,2013,0
경기,평택시,인턴,2014,0
경기,평택시,인턴,2015,0
경기,평택시,인턴,2016,0
경기,평택시,인턴,2017,0
경기,평택시,인턴,2018,0
경기,평택시,인턴,2019,0
경기,평택시,인턴,2020,0
경기,평택시,인턴,2021,0
경기,평택시,인턴,2022,2
경기,평택시,인턴,2023,0
경기,평택시,인턴,2024,0
경기,평택시,인턴,2025,0
경기,평택시,일반의,2007,34
경기,평택시,일반의,2008,33
경기,평택시,일반의,2009,37
경기,평택시,일반의,2010,39
경기,평택시,일반의,2011,34
경기,평택시,일반의,2012,32
경기,평택시,일반의,2013,22
경기,평택시,일반의,2014,17
경기,평택시,일반의,2015,20
경기,평택시,일반의,2016,17
경기,평택시,일반의,2017,23
경기,평택시,일반의,2018,23
경기,평택시,일반의,2019,24
경기,평택시,일반의,2020,26
경기,평택시,일반의,2021,35
경기,평택시,일반의,2022,38
경기,평택시,일반의,2023,33
경기,평택시,일반의,2024,40
경기,평택시,일반의,2025,103
경기,평택시,전문의,2007,331
경기,평택시,전문의,2008,326
경기,평택시,전문의,2009,348
경기,평택시,전문의,2010,362
경기,평택시,전문의,2011,376
경기,평택시,전문의,2012,395
경기,평택시,전문의,2013,416
경기,평택시,전문의,2014,452
경기,평택시,전문의,2015,492
경기,평택시,전문의,2016,474
경기,평택시,전문의,2017,514
경기,평택시,전문의,2018,553
경기,평택시,전문의,2019,573
경기,평택시,전문의,2020,603
경기,평택시,전문의,2021,645
경기,평택시,전문의,2022,651
경기,평택시,전문의,2023,712
경기,평택시,전문의,2024,738
경기,평택시,전문의,2025,740
경기,포천시,total,2007,133
경기,포천시,total,2008,143
경기,포천시,total,2009,150
경기,포천시,total,2010,151
경기,포천시,total,2011,148
경기,포천시,total,2012,150
경기,포천시,total,2013,150
경기,포천시,total,2014,156
경기,포천시,total,2015,168
경기,포천시,total,2016,169
경기,포천시,total,2017,174
경기,포천시,total,2018,180
경기,포천시,total,2019,186
경기,포천시,total,2020,190
경기,포천시,total,2021,195
경기,포천시,total,2022,189
경기,포천시,total,2023,191
경기,포천시,total,2024,202
경기,포천시,total,2025,207
경기,포천시,레지던트,2007,0
경기,포천시,레지던트,2008,0
경기,포천시,레지던트,2009,0
경기,포천시,레지던트,2010,0
경기,포천시,레지던트,2011,0
경기,포천시,레지던트,2012,1
경기,포천시,레지던트,2013,1
경기,포천시,레지던트,2014,0
경기,포천시,레지던트,2015,0
경기,포천시,레지던트,2016,0
경기,포천시,레지던트,2017,0
경기,포천시,레지던트,2018,0
경기,포천시,레지던트,2019,0
경기,포천시,레지던트,2020,0
경기,포천시,레지던트,2021,0
경기,포천시,레지던트,2022,0
경기,포천시,레지던트,2023,0
경기,포천시,레지던트,2024,0
경기,포천시,레지던트,2025,0
경기,포천시,인턴,2007,0
경기,포천시,인턴,2008,0
경기,포천시,인턴,2009,0
경기,포천시,인턴,2010,0
경기,포천시,인턴,2011,0
경기,포천시,인턴,2012,0
경기,포천시,인턴,2013,0
경기,포천시,인턴,2014,0
경기,포천시,인턴,2015,0
경기,포천시,인턴,2016,0
경기,포천시,인턴,2017,0
경기,포천시,인턴,2018,0
경기,포천시,인턴,2019,1
경기,포천시,인턴,2020,1
경기,포천시,인턴,2021,0
경기,포천시,인턴,2022,0
경기,포천시,인턴,2023,0
경기,포천시,인턴,2024,0
경기,포천시,인턴,2025,0
경기,포천시,일반의,2007,17
경기,포천시,일반의,2008,17
경기,포천시,일반의,2009,25
경기,포천시,일반의,2010,25
경기,포천시,일반의,2011,22
경기,포천시,일반의,2012,16
경기,포천시,일반의,2013,12
경기,포천시,일반의,2014,13
경기,포천시,일반의,2015,16
경기,포천시,일반의,2016,15
경기,포천시,일반의,2017,16
경기,포천시,일반의,2018,18
경기,포천시,일반의,2019,12
경기,포천시,일반의,2020,14
경기,포천시,일반의,2021,15
경기,포천시,일반의,2022,9
경기,포천시,일반의,2023,5
경기,포천시,일반의,2024,5
경기,포천시,일반의,2025,13
경기,포천시,전문의,2007,116
경기,포천시,전문의,2008,126
경기,포천시,전문의,2009,125
경기,포천시,전문의,2010,126
경기,포천시,전문의,2011,126
경기,포천시,전문의,2012,133
경기,포천시,전문의,2013,137
경기,포천시,전문의,2014,143
경기,포천시,전문의,2015,152
경기,포천시,전문의,2016,154
경기,포천시,전문의,2017,158
경기,포천시,전문의,2018,162
경기,포천시,전문의,2019,173
경기,포천시,전문의,2020,175
경기,포천시,전문의,2021,180
경기,포천시,전문의,2022,180
경기,포천시,전문의,2023,186
경기,포천시,전문의,2024,197
경기,포천시,전문의,2025,194
경기,하남시,total,2007,89
경기,하남시,total,2008,96
경기,하남시,total,2009,101
경기,하남시,total,2010,110
경기,하남시,total,2011,107
경기,하남시,total,2012,107
경기,하남시,total,2013,108
경기,하남시,total,2014,107
경기,하남시,total,2015,110
경기,하남시,total,2016,112
경기,하남시,total,2017,151
경기,하남시,total,2018,178
경기,하남시,total,2019,203
경기,하남시,total,2020,248
경기,하남시,total,2021,289
경기,하남시,total,2022,359
경기,하남시,total,2023,396
경기,하남시,total,2024,405
경기,하남시,total,2025,446
경기,하남시,레지던트,2007,0
경기,하남시,레지던트,2008,0
경기,하남시,레지던트,2009,0
경기,하남시,레지던트,2010,0
경기,하남시,레지던트,2011,0
경기,하남시,레지던트,2012,0
경기,하남시,레지던트,2013,0
경기,하남시,레지던트,2014,0
경기,하남시,레지던트,2015,0
경기,하남시,레지던트,2016,0
경기,하남시,레지던트,2017,0
경기,하남시,레지던트,2018,0
경기,하남시,레지던트,2019,0
경기,하남시,레지던트,2020,0
경기,하남시,레지던트,2021,0
경기,하남시,레지던트,2022,0
경기,하남시,레지던트,2023,0
경기,하남시,레지던트,2024,0
경기,하남시,레지던트,2025,0
경기,하남시,인턴,2007,0
경기,하남시,인턴,2008,0
경기,하남시,인턴,2009,0
경기,하남시,인턴,2010,0
경기,하남시,인턴,2011,0
경기,하남시,인턴,2012,0
경기,하남시,인턴,2013,0
경기,하남시,인턴,2014,0
경기,하남시,인턴,2015,0
경기,하남시,인턴,2016,0
경기,하남시,인턴,2017,0
경기,하남시,인턴,2018,0
경기,하남시,인턴,2019,0
경기,하남시,인턴,2020,0
경기,하남시,인턴,2021,0
경기,하남시,인턴,2022,0
경기,하남시,인턴,2023,0
경기,하남시,인턴,2024,0
경기,하남시,인턴,2025,0
경기,하남시,일반의,2007,6
경기,하남시,일반의,2008,7
경기,하남시,일반의,2009,7
경기,하남시,일반의,2010,7
경기,하남시,일반의,2011,7
경기,하남시,일반의,2012,8
경기,하남시,일반의,2013,6
경기,하남시,일반의,2014,5
경기,하남시,일반의,2015,6
경기,하남시,일반의,2016,9
경기,하남시,일반의,2017,13
경기,하남시,일반의,2018,15
경기,하남시,일반의,2019,10
경기,하남시,일반의,2020,10
경기,하남시,일반의,2021,12
경기,하남시,일반의,2022,14
경기,하남시,일반의,2023,20
경기,하남시,일반의,2024,19
경기,하남시,일반의,2025,44
경기,하남시,전문의,2007,83
경기,하남시,전문의,2008,89
경기,하남시,전문의,2009,94
경기,하남시,전문의,2010,103
경기,하남시,전문의,2011,100
경기,하남시,전문의,2012,99
경기,하남시,전문의,2013,102
경기,하남시,전문의,2014,102
경기,하남시,전문의,2015,104
경기,하남시,전문의,2016,103
경기,하남시,전문의,2017,138
경기,하남시,전문의,2018,163
경기,하남시,전문의,2019,193
경기,하남시,전문의,2020,238
경기,하남시,전문의,2021,277
경기,하남시,전문의,2022,345
경기,하남시,전문의,2023,376
경기,하남시,전문의,2024,386
경기,하남시,전문의,2025,402
경기,화성시,total,2007,173
경기,화성시,total,2008,201
경기,화성시,total,2009,276
경기,화성시,total,2010,309
경기,화성시,total,2011,347
경기,화성시,total,2012,389
경기,화성시,total,2013,534
경기,화성시,total,2014,588
경기,화성시,total,2015,624
경기,화성시,total,2016,671
경기,화성시,total,2017,742
경기,화성시,total,2018,803
경기,화성시,total,2019,896
경기,화성시,total,2020,978
경기,화성시,total,2021,1048
경기,화성시,total,2022,1144
경기,화성시,total,2023,1169
경기,화성시,total,2024,1232
경기,화성시,total,2025,1327
경기,화성시,레지던트,2007,0
경기,화성시,레지던트,2008,0
경기,화성시,레지던트,2009,0
경기,화성시,레지던트,2010,0
경기,화성시,레지던트,2011,0
경기,화성시,레지던트,2012,0
경기,화성시,레지던트,2013,41
경기,화성시,레지던트,2014,36
경기,화성시,레지던트,2015,40
경기,화성시,레지던트,2016,42
경기,화성시,레지던트,2017,53
경기,화성시,레지던트,2018,43
경기,화성시,레지던트,2019,62
경기,화성시,레지던트,2020,67
경기,화성시,레지던트,2021,63
경기,화성시,레지던트,2022,70
경기,화성시,레지던트,2023,64
경기,화성시,레지던트,2024,52
경기,화성시,레지던트,2025,8
경기,화성시,인턴,2007,0
경기,화성시,인턴,2008,0
경기,화성시,인턴,2009,0
경기,화성시,인턴,2010,0
경기,화성시,인턴,2011,0
경기,화성시,인턴,2012,0
경기,화성시,인턴,2013,0
경기,화성시,인턴,2014,18
경기,화성시,인턴,2015,19
경기,화성시,인턴,2016,22
경기,화성시,인턴,2017,24
경기,화성시,인턴,2018,37
경기,화성시,인턴,2019,24
경기,화성시,인턴,2020,27
경기,화성시,인턴,2021,22
경기,화성시,인턴,2022,27
경기,화성시,인턴,2023,24
경기,화성시,인턴,2024,13
경기,화성시,인턴,2025,0
경기,화성시,일반의,2007,29
경기,화성시,일반의,2008,27
경기,화성시,일반의,2009,33
경기,화성시,일반의,2010,41
경기,화성시,일반의,2011,49
경기,화성시,일반의,2012,49
경기,화성시,일반의,2013,39
경기,화성시,일반의,2014,39
경기,화성시,일반의,2015,36
경기,화성시,일반의,2016,34
경기,화성시,일반의,2017,36
경기,화성시,일반의,2018,39
경기,화성시,일반의,2019,44
경기,화성시,일반의,2020,46
경기,화성시,일반의,2021,48
경기,화성시,일반의,2022,55
경기,화성시,일반의,2023,57
경기,화성시,일반의,2024,61
경기,화성시,일반의,2025,142
경기,화성시,전문의,2007,144
경기,화성시,전문의,2008,174
경기,화성시,전문의,2009,243
경기,화성시,전문의,2010,268
경기,화성시,전문의,2011,298
경기,화성시,전문의,2012,340
경기,화성시,전문의,2013,454
경기,화성시,전문의,2014,495
경기,화성시,전문의,2015,529
경기,화성시,전문의,2016,573
경기,화성시,전문의,2017,629
경기,화성시,전문의,2018,684
경기,화성시,전문의,2019,766
경기,화성시,전문의,2020,838
경기,화성시,전문의,2021,915
경기,화성시,전문의,2022,992
경기,화성시,전문의,2023,1024
경기,화성시,전문의,2024,1106
경기,화성시,전문의,2025,1177
경남,거제시,total,2007,168
경남,거제시,total,2008,180
경남,거제시,total,2009,190
경남,거제시,total,2010,199
경남,거제시,total,2011,203
경남,거제시,total,2012,211
경남,거제시,total,2013,214
경남,거제시,total,2014,236
경남,거제시,total,2015,239
경남,거제시,total,2016,253
경남,거제시,total,2017,256
경남,거제시,total,2018,238
경남,거제시,total,2019,242
경남,거제시,total,2020,241
경남,거제시,total,2021,230
경남,거제시,total,2022,239
경남,거제시,total,2023,230
경남,거제시,total,2024,244
경남,거제시,total,2025,249
경남,거제시,레지던트,2007,0
경남,거제시,레지던트,2008,0
경남,거제시,레지던트,2009,0
경남,거제시,레지던트,2010,0
경남,거제시,레지던트,2011,0
경남,거제시,레지던트,2012,0
경남,거제시,레지던트,2013,0
경남,거제시,레지던트,2014,0
경남,거제시,레지던트,2015,0
경남,거제시,레지던트,2016,0
경남,거제시,레지던트,2017,0
경남,거제시,레지던트,2018,0
경남,거제시,레지던트,2019,0
경남,거제시,레지던트,2020,0
경남,거제시,레지던트,2021,0
경남,거제시,레지던트,2022,0
경남,거제시,레지던트,2023,0
경남,거제시,레지던트,2024,0
경남,거제시,레지던트,2025,0
경남,거제시,인턴,2007,0
경남,거제시,인턴,2008,0
경남,거제시,인턴,2009,0
경남,거제시,인턴,2010,0
경남,거제시,인턴,2011,0
경남,거제시,인턴,2012,0
경남,거제시,인턴,2013,0
경남,거제시,인턴,2014,0
경남,거제시,인턴,2015,0
경남,거제시,인턴,2016,0
경남,거제시,인턴,2017,1
경남,거제시,인턴,2018,0
경남,거제시,인턴,2019,0
경남,거제시,인턴,2020,0
경남,거제시,인턴,2021,0
경남,거제시,인턴,2022,0
경남,거제시,인턴,2023,0
경남,거제시,인턴,2024,0
경남,거제시,인턴,2025,0
경남,거제시,일반의,2007,29
경남,거제시,일반의,2008,28
경남,거제시,일반의,2009,25
경남,거제시,일반의,2010,31
경남,거제시,일반의,2011,32
경남,거제시,일반의,2012,31
경남,거제시,일반의,2013,27
경남,거제시,일반의,2014,27
경남,거제시,일반의,2015,27
경남,거제시,일반의,2016,31
경남,거제시,일반의,2017,33
경남,거제시,일반의,2018,25
경남,거제시,일반의,2019,24
경남,거제시,일반의,2020,27
경남,거제시,일반의,2021,28
경남,거제시,일반의,2022,26
경남,거제시,일반의,2023,23
경남,거제시,일반의,2024,23
경남,거제시,일반의,2025,40
경남,거제시,전문의,2007,139
경남,거제시,전문의,2008,152
경남,거제시,전문의,2009,165
경남,거제시,전문의,2010,168
경남,거제시,전문의,2011,171
경남,거제시,전문의,2012,180
경남,거제시,전문의,2013,187
경남,거제시,전문의,2014,209
경남,거제시,전문의,2015,212
경남,거제시,전문의,2016,222
경남,거제시,전문의,2017,222
경남,거제시,전문의,2018,213
경남,거제시,전문의,2019,218
경남,거제시,전문의,2020,214
경남,거제시,전문의,2021,202
경남,거제시,전문의,2022,213
경남,거제시,전문의,2023,207
경남,거제시,전문의,2024,221
경남,거제시,전문의,2025,209
경남,거창군,total,2007,60
경남,거창군,total,2008,60
경남,거창군,total,2009,64
경남,거창군,total,2010,69
경남,거창군,total,2011,68
경남,거창군,total,2012,64
경남,거창군,total,2013,62
경남,거창군,total,2014,63
경남,거창군,total,2015,64
경남,거창군,total,2016,69
경남,거창군,total,2017,70
경남,거창군,total,2018,75
경남,거창군,total,2019,76
경남,거창군,total,2020,77
경남,거창군,total,2021,89
경남,거창군,total,2022,82
경남,거창군,total,2023,74
경남,거창군,total,2024,71
경남,거창군,total,2025,75
경남,거창군,레지던트,2007,0
경남,거창군,레지던트,2008,0
경남,거창군,레지던트,2009,0
경남,거창군,레지던트,2010,0
경남,거창군,레지던트,2011,0
경남,거창군,레지던트,2012,0
경남,거창군,레지던트,2013,0
경남,거창군,레지던트,2014,0
경남,거창군,레지던트,2015,0
경남,거창군,레지던트,2016,0
경남,거창군,레지던트,2017,0
경남,거창군,레지던트,2018,0
경남,거창군,레지던트,2019,0
경남,거창군,레지던트,2020,0
경남,거창군,레지던트,2021,0
경남,거창군,레지던트,2022,0
경남,거창군,레지던트,2023,0
경남,거창군,레지던트,2024,0
경남,거창군,레지던트,2025,0
경남,거창군,인턴,2007,0
경남,거창군,인턴,2008,0
경남,거창군,인턴,2009,0
경남,거창군,인턴,2010,0
경남,거창군,인턴,2011,0
경남,거창군,인턴,2012,0
경남,거창군,인턴,2013,0
경남,거창군,인턴,2014,0
경남,거창군,인턴,2015,0
경남,거창군,인턴,2016,0
경남,거창군,인턴,2017,0
경남,거창군,인턴,2018,0
경남,거창군,인턴,2019,0
경남,거창군,인턴,2020,0
경남,거창군,인턴,2021,0
경남,거창군,인턴,2022,1
경남,거창군,인턴,2023,0
경남,거창군,인턴,2024,0
경남,거창군,인턴,2025,0
경남,거창군,일반의,2007,18
경남,거창군,일반의,2008,16
경남,거창군,일반의,2009,15
경남,거창군,일반의,2010,15
경남,거창군,일반의,2011,14
경남,거창군,일반의,2012,11
경남,거창군,일반의,2013,10
경남,거창군,일반의,2014,10
경남,거창군,일반의,2015,10
경남,거창군,일반의,2016,9
경남,거창군,일반의,2017,9
경남,거창군,일반의,2018,12
경남,거창군,일반의,2019,15
경남,거창군,일반의,2020,22
경남,거창군,일반의,2021,20
경남,거창군,일반의,2022,14
경남,거창군,일반의,2023,8
경남,거창군,일반의,2024,10
경남,거창군,일반의,2025,14
경남,거창군,전문의,2007,42
경남,거창군,전문의,2008,44
경남,거창군,전문의,2009,49
경남,거창군,전문의,2010,54
경남,거창군,전문의,2011,54
경남,거창군,전문의,2012,53
경남,거창군,전문의,2013,52
경남,거창군,전문의,2014,53
경남,거창군,전문의,2015,54
경남,거창군,전문의,2016,60
경남,거창군,전문의,2017,61
경남,거창군,전문의,2018,63
경남,거창군,전문의,2019,61
경남,거창군,전문의,2020,55
경남,거창군,전문의,2021,69
경남,거창군,전문의,2022,67
경남,거창군,전문의,2023,66
경남,거창군,전문의,2024,61
경남,거창군,전문의,2025,61
경남,고성군,total,2007,53
경남,고성군,total,2008,53
경남,고성군,total,2009,59
경남,고성군,total,2010,55
경남,고성군,total,2011,60
경남,고성군,total,2012,57
경남,고성군,total,2013,59
경남,고성군,total,2014,63
경남,고성군,total,2015,64
경남,고성군,total,2016,63
경남,고성군,total,2017,66
경남,고성군,total,2018,64
경남,고성군,total,2019,61
경남,고성군,total,2020,62
경남,고성군,total,2021,64
경남,고성군,total,2022,57
경남,고성군,total,2023,51
경남,고성군,total,2024,52
경남,고성군,total,2025,57
경남,고성군,레지던트,2007,0
경남,고성군,레지던트,2008,0
경남,고성군,레지던트,2009,0
경남,고성군,레지던트,2010,0
경남,고성군,레지던트,2011,0
경남,고성군,레지던트,2012,0
경남,고성군,레지던트,2013,0
경남,고성군,레지던트,2014,0
경남,고성군,레지던트,2015,0
경남,고성군,레지던트,2016,0
경남,고성군,레지던트,2017,0
경남,고성군,레지던트,2018,0
경남,고성군,레지던트,2019,0
경남,고성군,레지던트,2020,0
경남,고성군,레지던트,2021,1
경남,고성군,레지던트,2022,1
경남,고성군,레지던트,2023,0
경남,고성군,레지던트,2024,0
경남,고성군,레지던트,2025,0
경남,고성군,인턴,2007,0
경남,고성군,인턴,2008,0
경남,고성군,인턴,2009,0
경남,고성군,인턴,2010,0
경남,고성군,인턴,2011,0
경남,고성군,인턴,2012,0
경남,고성군,인턴,2013,0
경남,고성군,인턴,2014,0
경남,고성군,인턴,2015,0
경남,고성군,인턴,2016,0
경남,고성군,인턴,2017,0
경남,고성군,인턴,2018,0
경남,고성군,인턴,2019,0
경남,고성군,인턴,2020,0
경남,고성군,인턴,2021,0
경남,고성군,인턴,2022,0
경남,고성군,인턴,2023,0
경남,고성군,인턴,2024,0
경남,고성군,인턴,2025,0
경남,고성군,일반의,2007,20
경남,고성군,일반의,2008,19
경남,고성군,일반의,2009,22
경남,고성군,일반의,2010,22
경남,고성군,일반의,2011,20
경남,고성군,일반의,2012,17
경남,고성군,일반의,2013,15
경남,고성군,일반의,2014,16
경남,고성군,일반의,2015,17
경남,고성군,일반의,2016,17
경남,고성군,일반의,2017,15
경남,고성군,일반의,2018,14
경남,고성군,일반의,2019,16
경남,고성군,일반의,2020,19
경남,고성군,일반의,2021,18
경남,고성군,일반의,2022,14
경남,고성군,일반의,2023,8
경남,고성군,일반의,2024,11
경남,고성군,일반의,2025,12
경남,고성군,전문의,2007,33
경남,고성군,전문의,2008,34
경남,고성군,전문의,2009,37
경남,고성군,전문의,2010,33
경남,고성군,전문의,2011,40
경남,고성군,전문의,2012,40
경남,고성군,전문의,2013,44
경남,고성군,전문의,2014,47
경남,고성군,전문의,2015,47
경남,고성군,전문의,2016,46
경남,고성군,전문의,2017,51
경남,고성군,전문의,2018,50
경남,고성군,전문의,2019,45
경남,고성군,전문의,2020,43
경남,고성군,전문의,2021,45
경남,고성군,전문의,2022,42
경남,고성군,전문의,2023,43
경남,고성군,전문의,2024,41
경남,고성군,전문의,2025,45
경남,김해시,total,2007,404
경남,김해시,total,2008,426
경남,김해시,total,2009,454
경남,김해시,total,2010,502
경남,김해시,total,2011,488
경남,김해시,total,2012,522
경남,김해시,total,2013,529
경남,김해시,total,2014,555
경남,김해시,total,2015,585
경남,김해시,total,2016,592
경남,김해시,total,2017,626
경남,김해시,total,2018,666
경남,김해시,total,2019,658
경남,김해시,total,2020,685
경남,김해시,total,2021,699
경남,김해시,total,2022,713
경남,김해시,total,2023,718
경남,김해시,total,2024,687
경남,김해시,total,2025,719
경남,김해시,레지던트,2007,0
경남,김해시,레지던트,2008,1
경남,김해시,레지던트,2009,0
경남,김해시,레지던트,2010,0
경남,김해시,레지던트,2011,0
경남,김해시,레지던트,2012,0
경남,김해시,레지던트,2013,0
경남,김해시,레지던트,2014,0
경남,김해시,레지던트,2015,0
경남,김해시,레지던트,2016,0
경남,김해시,레지던트,2017,0
경남,김해시,레지던트,2018,0
경남,김해시,레지던트,2019,0
경남,김해시,레지던트,2020,0
경남,김해시,레지던트,2021,0
경남,김해시,레지던트,2022,0
경남,김해시,레지던트,2023,0
경남,김해시,레지던트,2024,0
경남,김해시,레지던트,2025,0
경남,김해시,인턴,2007,0
경남,김해시,인턴,2008,0
경남,김해시,인턴,2009,0
경남,김해시,인턴,2010,0
경남,김해시,인턴,2011,0
경남,김해시,인턴,2012,0
경남,김해시,인턴,2013,0
경남,김해시,인턴,2014,0
경남,김해시,인턴,2015,0
경남,김해시,인턴,2016,0
경남,김해시,인턴,2017,0
경남,김해시,인턴,2018,3
경남,김해시,인턴,2019,1
경남,김해시,인턴,2020,0
경남,김해시,인턴,2021,1
경남,김해시,인턴,2022,0
경남,김해시,인턴,2023,0
경남,김해시,인턴,2024,0
경남,김해시,인턴,2025,0
경남,김해시,일반의,2007,25
경남,김해시,일반의,2008,35
경남,김해시,일반의,2009,37
경남,김해시,일반의,2010,40
경남,김해시,일반의,2011,48
경남,김해시,일반의,2012,47
경남,김해시,일반의,2013,39
경남,김해시,일반의,2014,45
경남,김해시,일반의,2015,43
경남,김해시,일반의,2016,47
경남,김해시,일반의,2017,43
경남,김해시,일반의,2018,44
경남,김해시,일반의,2019,35
경남,김해시,일반의,2020,34
경남,김해시,일반의,2021,40
경남,김해시,일반의,2022,38
경남,김해시,일반의,2023,41
경남,김해시,일반의,2024,41
경남,김해시,일반의,2025,74
경남,김해시,전문의,2007,379
경남,김해시,전문의,2008,390
경남,김해시,전문의,2009,417
경남,김해시,전문의,2010,462
경남,김해시,전문의,2011,440
경남,김해시,전문의,2012,475
경남,김해시,전문의,2013,490
경남,김해시,전문의,2014,510
경남,김해시,전문의,2015,542
경남,김해시,전문의,2016,545
경남,김해시,전문의,2017,583
경남,김해시,전문의,2018,619
경남,김해시,전문의,2019,622
경남,김해시,전문의,2020,651
경남,김해시,전문의,2021,658
경남,김해시,전문의,2022,675
경남,김해시,전문의,2023,677
경남,김해시,전문의,2024,646
경남,김해시,전문의,2025,645
경남,남해군,total,2007,48
경남,남해군,total,2008,47
경남,남해군,total,2009,53
경남,남해군,total,2010,52
경남,남해군,total,2011,54
경남,남해군,total,2012,53
경남,남해군,total,2013,49
경남,남해군,total,2014,48
경남,남해군,total,2015,49
경남,남해군,total,2016,49
경남,남해군,total,2017,51
경남,남해군,total,2018,50
경남,남해군,total,2019,47
경남,남해군,total,2020,45
경남,남해군,total,2021,46
경남,남해군,total,2022,44
경남,남해군,total,2023,41
경남,남해군,total,2024,38
경남,남해군,total,2025,39
경남,남해군,레지던트,2007,0
경남,남해군,레지던트,2008,0
경남,남해군,레지던트,2009,0
경남,남해군,레지던트,2010,0
경남,남해군,레지던트,2011,0
경남,남해군,레지던트,2012,0
경남,남해군,레지던트,2013,0
경남,남해군,레지던트,2014,0
경남,남해군,레지던트,2015,0
경남,남해군,레지던트,2016,0
경남,남해군,레지던트,2017,0
경남,남해군,레지던트,2018,0
경남,남해군,레지던트,2019,0
경남,남해군,레지던트,2020,0
경남,남해군,레지던트,2021,0
경남,남해군,레지던트,2022,0
경남,남해군,레지던트,2023,0
경남,남해군,레지던트,2024,0
경남,남해군,레지던트,2025,0
경남,남해군,인턴,2007,0
경남,남해군,인턴,2008,0
경남,남해군,인턴,2009,0
경남,남해군,인턴,2010,0
경남,남해군,인턴,2011,0
경남,남해군,인턴,2012,0
경남,남해군,인턴,2013,0
경남,남해군,인턴,2014,0
경남,남해군,인턴,2015,0
경남,남해군,인턴,2016,0
경남,남해군,인턴,2017,0
경남,남해군,인턴,2018,0
경남,남해군,인턴,2019,0
경남,남해군,인턴,2020,0
경남,남해군,인턴,2021,0
경남,남해군,인턴,2022,0
경남,남해군,인턴,2023,0
경남,남해군,인턴,2024,0
경남,남해군,인턴,2025,0
경남,남해군,일반의,2007,22
경남,남해군,일반의,2008,20
경남,남해군,일반의,2009,19
경남,남해군,일반의,2010,20
경남,남해군,일반의,2011,21
경남,남해군,일반의,2012,18
경남,남해군,일반의,2013,15
경남,남해군,일반의,2014,16
경남,남해군,일반의,2015,13
경남,남해군,일반의,2016,14
경남,남해군,일반의,2017,16
경남,남해군,일반의,2018,17
경남,남해군,일반의,2019,15
경남,남해군,일반의,2020,16
경남,남해군,일반의,2021,16
경남,남해군,일반의,2022,13
경남,남해군,일반의,2023,11
경남,남해군,일반의,2024,10
경남,남해군,일반의,2025,12
경남,남해군,전문의,2007,26
경남,남해군,전문의,2008,27
경남,남해군,전문의,2009,34
경남,남해군,전문의,2010,32
경남,남해군,전문의,2011,33
경남,남해군,전문의,2012,35
경남,남해군,전문의,2013,34
경남,남해군,전문의,2014,32
경남,남해군,전문의,2015,36
경남,남해군,전문의,2016,35
경남,남해군,전문의,2017,35
경남,남해군,전문의,2018,33
경남,남해군,전문의,2019,32
경남,남해군,전문의,2020,29
경남,남해군,전문의,2021,30
경남,남해군,전문의,2022,31
경남,남해군,전문의,2023,30
경남,남해군,전문의,2024,28
경남,남해군,전문의,2025,27
경남,밀양시,total,2007,112
경남,밀양시,total,2008,108
경남,밀양시,total,2009,133
경남,밀양시,total,2010,133
경남,밀양시,total,2011,120
경남,밀양시,total,2012,115
경남,밀양시,total,2013,120
경남,밀양시,total,2014,128
경남,밀양시,total,2015,121
경남,밀양시,total,2016,114
경남,밀양시,total,2017,122
경남,밀양시,total,2018,126
경남,밀양시,total,2019,126
경남,밀양시,total,2020,116
경남,밀양시,total,2021,119
경남,밀양시,total,2022,122
경남,밀양시,total,2023,124
경남,밀양시,total,2024,118
경남,밀양시,total,2025,116
경남,밀양시,레지던트,2007,0
경남,밀양시,레지던트,2008,0
경남,밀양시,레지던트,2009,0
경남,밀양시,레지던트,2010,0
경남,밀양시,레지던트,2011,0
경남,밀양시,레지던트,2012,0
경남,밀양시,레지던트,2013,0
경남,밀양시,레지던트,2014,0
경남,밀양시,레지던트,2015,0
경남,밀양시,레지던트,2016,0
경남,밀양시,레지던트,2017,0
경남,밀양시,레지던트,2018,0
경남,밀양시,레지던트,2019,0
경남,밀양시,레지던트,2020,0
경남,밀양시,레지던트,2021,0
경남,밀양시,레지던트,2022,0
경남,밀양시,레지던트,2023,0
경남,밀양시,레지던트,2024,0
경남,밀양시,레지던트,2025,0
경남,밀양시,인턴,2007,0
경남,밀양시,인턴,2008,0
경남,밀양시,인턴,2009,0
경남,밀양시,인턴,2010,0
경남,밀양시,인턴,2011,0
경남,밀양시,인턴,2012,0
경남,밀양시,인턴,2013,0
경남,밀양시,인턴,2014,0
경남,밀양시,인턴,2015,0
경남,밀양시,인턴,2016,0
경남,밀양시,인턴,2017,0
경남,밀양시,인턴,2018,0
경남,밀양시,인턴,2019,0
경남,밀양시,인턴,2020,1
경남,밀양시,인턴,2021,1
경남,밀양시,인턴,2022,0
경남,밀양시,인턴,2023,0
경남,밀양시,인턴,2024,0
경남,밀양시,인턴,2025,0
경남,밀양시,일반의,2007,27
경남,밀양시,일반의,2008,21
경남,밀양시,일반의,2009,27
경남,밀양시,일반의,2010,32
경남,밀양시,일반의,2011,27
경남,밀양시,일반의,2012,17
경남,밀양시,일반의,2013,14
경남,밀양시,일반의,2014,13
경남,밀양시,일반의,2015,11
경남,밀양시,일반의,2016,10
경남,밀양시,일반의,2017,12
경남,밀양시,일반의,2018,15
경남,밀양시,일반의,2019,16
경남,밀양시,일반의,2020,17
경남,밀양시,일반의,2021,15
경남,밀양시,일반의,2022,14
경남,밀양시,일반의,2023,13
경남,밀양시,일반의,2024,10
경남,밀양시,일반의,2025,15
경남,밀양시,전문의,2007,85
경남,밀양시,전문의,2008,87
경남,밀양시,전문의,2009,106
경남,밀양시,전문의,2010,101
경남,밀양시,전문의,2011,93
경남,밀양시,전문의,2012,98
경남,밀양시,전문의,2013,106
경남,밀양시,전문의,2014,115
경남,밀양시,전문의,2015,110
경남,밀양시,전문의,2016,104
경남,밀양시,전문의,2017,110
경남,밀양시,전문의,2018,111
경남,밀양시,전문의,2019,110
경남,밀양시,전문의,2020,98
경남,밀양시,전문의,2021,103
경남,밀양시,전문의,2022,108
경남,밀양시,전문의,2023,111
경남,밀양시,전문의,2024,108
경남,밀양시,전문의,2025,101
경남,사천시,total,2007,110
경남,사천시,total,2008,116
경남,사천시,total,2009,126
경남,사천시,total,2010,137
경남,사천시,total,2011,137
경남,사천시,total,2012,124
경남,사천시,total,2013,124
경남,사천시,total,2014,125
경남,사천시,total,2015,128
경남,사천시,total,2016,137
경남,사천시,total,2017,138
경남,사천시,total,2018,141
경남,사천시,total,2019,136
경남,사천시,total,2020,139
경남,사천시,total,2021,144
경남,사천시,total,2022,146
경남,사천시,total,2023,141
경남,사천시,total,2024,142
경남,사천시,total,2025,151
경남,사천시,레지던트,2007,0
경남,사천시,레지던트,2008,0
경남,사천시,레지던트,2009,0
경남,사천시,레지던트,2010,0
경남,사천시,레지던트,2011,0
경남,사천시,레지던트,2012,0
경남,사천시,레지던트,2013,0
경남,사천시,레지던트,2014,0
경남,사천시,레지던트,2015,0
경남,사천시,레지던트,2016,0
경남,사천시,레지던트,2017,0
경남,사천시,레지던트,2018,0
경남,사천시,레지던트,2019,0
경남,사천시,레지던트,2020,0
경남,사천시,레지던트,2021,0
경남,사천시,레지던트,2022,0
경남,사천시,레지던트,2023,0
경남,사천시,레지던트,2024,0
경남,사천시,레지던트,2025,0
경남,사천시,인턴,2007,0
경남,사천시,인턴,2008,0
경남,사천시,인턴,2009,0
경남,사천시,인턴,2010,0
경남,사천시,인턴,2011,0
경남,사천시,인턴,2012,0
경남,사천시,인턴,2013,0
경남,사천시,인턴,2014,0
경남,사천시,인턴,2015,0
경남,사천시,인턴,2016,0
경남,사천시,인턴,2017,0
경남,사천시,인턴,2018,0
경남,사천시,인턴,2019,0
경남,사천시,인턴,2020,0
경남,사천시,인턴,2021,0
경남,사천시,인턴,2022,0
경남,사천시,인턴,2023,1
경남,사천시,인턴,2024,0
경남,사천시,인턴,2025,0
경남,사천시,일반의,2007,17
경남,사천시,일반의,2008,22
경남,사천시,일반의,2009,23
경남,사천시,일반의,2010,26
경남,사천시,일반의,2011,22
경남,사천시,일반의,2012,20
경남,사천시,일반의,2013,16
경남,사천시,일반의,2014,14
경남,사천시,일반의,2015,16
경남,사천시,일반의,2016,21
경남,사천시,일반의,2017,24
경남,사천시,일반의,2018,24
경남,사천시,일반의,2019,20
경남,사천시,일반의,2020,19
경남,사천시,일반의,2021,19
경남,사천시,일반의,2022,18
경남,사천시,일반의,2023,15
경남,사천시,일반의,2024,15
경남,사천시,일반의,2025,26
경남,사천시,전문의,2007,93
경남,사천시,전문의,2008,94
경남,사천시,전문의,2009,103
경남,사천시,전문의,2010,111
경남,사천시,전문의,2011,115
경남,사천시,전문의,2012,104
경남,사천시,전문의,2013,108
경남,사천시,전문의,2014,111
경남,사천시,전문의,2015,112
경남,사천시,전문의,2016,116
경남,사천시,전문의,2017,114
경남,사천시,전문의,2018,117
경남,사천시,전문의,2019,116
경남,사천시,전문의,2020,120
경남,사천시,전문의,2021,125
경남,사천시,전문의,2022,128
경남,사천시,전문의,2023,125
경남,사천시,전문의,2024,127
경남,사천시,전문의,2025,125
경남,산청군,total,2007,27
경남,산청군,total,2008,31
경남,산청군,total,2009,32
경남,산청군,total,2010,31
경남,산청군,total,2011,31
경남,산청군,total,2012,30
경남,산청군,total,2013,31
경남,산청군,total,2014,28
경남,산청군,total,2015,29
경남,산청군,total,2016,31
경남,산청군,total,2017,32
경남,산청군,total,2018,32
경남,산청군,total,2019,32
경남,산청군,total,2020,33
경남,산청군,total,2021,33
경남,산청군,total,2022,34
경남,산청군,total,2023,28
경남,산청군,total,2024,28
경남,산청군,total,2025,30
경남,산청군,레지던트,2007,0
경남,산청군,레지던트,2008,0
경남,산청군,레지던트,2009,0
경남,산청군,레지던트,2010,0
경남,산청군,레지던트,2011,0
경남,산청군,레지던트,2012,0
경남,산청군,레지던트,2013,0
경남,산청군,레지던트,2014,0
경남,산청군,레지던트,2015,0
경남,산청군,레지던트,2016,0
경남,산청군,레지던트,2017,0
경남,산청군,레지던트,2018,0
경남,산청군,레지던트,2019,0
경남,산청군,레지던트,2020,0
경남,산청군,레지던트,2021,0
경남,산청군,레지던트,2022,0
경남,산청군,레지던트,2023,0
경남,산청군,레지던트,2024,0
경남,산청군,레지던트,2025,0
경남,산청군,인턴,2007,0
경남,산청군,인턴,2008,0
경남,산청군,인턴,2009,0
경남,산청군,인턴,2010,0
경남,산청군,인턴,2011,0
경남,산청군,인턴,2012,0
경남,산청군,인턴,2013,0
경남,산청군,인턴,2014,0
경남,산청군,인턴,2015,0
경남,산청군,인턴,2016,0
경남,산청군,인턴,2017,0
경남,산청군,인턴,2018,0
경남,산청군,인턴,2019,0
경남,산청군,인턴,2020,0
경남,산청군,인턴,2021,1
경남,산청군,인턴,2022,0
경남,산청군,인턴,2023,0
경남,산청군,인턴,2024,0
경남,산청군,인턴,2025,0
경남,산청군,일반의,2007,15
경남,산청군,일반의,2008,14
경남,산청군,일반의,2009,19
경남,산청군,일반의,2010,19
경남,산청군,일반의,2011,19
경남,산청군,일반의,2012,11
경남,산청군,일반의,2013,13
경남,산청군,일반의,2014,11
경남,산청군,일반의,2015,10
경남,산청군,일반의,2016,11
경남,산청군,일반의,2017,11
경남,산청군,일반의,2018,9
경남,산청군,일반의,2019,10
경남,산청군,일반의,2020,13
경남,산청군,일반의,2021,14
경남,산청군,일반의,2022,14
경남,산청군,일반의,2023,9
경남,산청군,일반의,2024,12
경남,산청군,일반의,2025,13
경남,산청군,전문의,2007,12
경남,산청군,전문의,2008,17
경남,산청군,전문의,2009,13
경남,산청군,전문의,2010,12
경남,산청군,전문의,2011,12
경남,산청군,전문의,2012,19
경남,산청군,전문의,2013,18
경남,산청군,전문의,2014,17
경남,산청군,전문의,2015,19
경남,산청군,전문의,2016,20
경남,산청군,전문의,2017,21
경남,산청군,전문의,2018,23
경남,산청군,전문의,2019,22
경남,산청군,전문의,2020,20
경남,산청군,전문의,2021,18
경남,산청군,전문의,2022,20
경남,산청군,전문의,2023,19
경남,산청군,전문의,2024,16
경남,산청군,전문의,2025,17
경남,양산시,total,2007,207
경남,양산시,total,2008,212
경남,양산시,total,2009,322
경남,양산시,total,2010,399
경남,양산시,total,2011,488
경남,양산시,total,2012,479
경남,양산시,total,2013,568
경남,양산시,total,2014,570
경남,양산시,total,2015,661
경남,양산시,total,2016,720
경남,양산시,total,2017,762
경남,양산시,total,2018,789
경남,양산시,total,2019,831
경남,양산시,total,2020,836
경남,양산시,total,2021,868
경남,양산시,total,2022,881
경남,양산시,total,2023,887
경남,양산시,total,2024,835
경남,양산시,total,2025,735
경남,양산시,레지던트,2007,7
경남,양산시,레지던트,2008,8
경남,양산시,레지던트,2009,13
경남,양산시,레지던트,2010,31
경남,양산시,레지던트,2011,76
경남,양산시,레지던트,2012,70
경남,양산시,레지던트,2013,100
경남,양산시,레지던트,2014,108
경남,양산시,레지던트,2015,114
경남,양산시,레지던트,2016,119
경남,양산시,레지던트,2017,121
경남,양산시,레지던트,2018,126
경남,양산시,레지던트,2019,122
경남,양산시,레지던트,2020,115
경남,양산시,레지던트,2021,104
경남,양산시,레지던트,2022,113
경남,양산시,레지던트,2023,127
경남,양산시,레지던트,2024,97
경남,양산시,레지던트,2025,9
경남,양산시,인턴,2007,0
경남,양산시,인턴,2008,0
경남,양산시,인턴,2009,0
경남,양산시,인턴,2010,0
경남,양산시,인턴,2011,15
경남,양산시,인턴,2012,0
경남,양산시,인턴,2013,26
경남,양산시,인턴,2014,24
경남,양산시,인턴,2015,24
경남,양산시,인턴,2016,24
경남,양산시,인턴,2017,23
경남,양산시,인턴,2018,24
경남,양산시,인턴,2019,29
경남,양산시,인턴,2020,28
경남,양산시,인턴,2021,44
경남,양산시,인턴,2022,44
경남,양산시,인턴,2023,38
경남,양산시,인턴,2024,34
경남,양산시,인턴,2025,0
경남,양산시,일반의,2007,26
경남,양산시,일반의,2008,25
경남,양산시,일반의,2009,30
경남,양산시,일반의,2010,39
경남,양산시,일반의,2011,33
경남,양산시,일반의,2012,36
경남,양산시,일반의,2013,31
경남,양산시,일반의,2014,28
경남,양산시,일반의,2015,30
경남,양산시,일반의,2016,31
경남,양산시,일반의,2017,25
경남,양산시,일반의,2018,32
경남,양산시,일반의,2019,32
경남,양산시,일반의,2020,33
경남,양산시,일반의,2021,32
경남,양산시,일반의,2022,37
경남,양산시,일반의,2023,38
경남,양산시,일반의,2024,36
경남,양산시,일반의,2025,63
경남,양산시,전문의,2007,174
경남,양산시,전문의,2008,179
경남,양산시,전문의,2009,279
경남,양산시,전문의,2010,329
경남,양산시,전문의,2011,364
경남,양산시,전문의,2012,373
경남,양산시,전문의,2013,411
경남,양산시,전문의,2014,410
경남,양산시,전문의,2015,493
경남,양산시,전문의,2016,546
경남,양산시,전문의,2017,593
경남,양산시,전문의,2018,607
경남,양산시,전문의,2019,648
경남,양산시,전문의,2020,660
경남,양산시,전문의,2021,688
경남,양산시,전문의,2022,687
경남,양산시,전문의,2023,684
경남,양산시,전문의,2024,668
경남,양산시,전문의,2025,663
경남,의령군,total,2007,28
경남,의령군,total,2008,28
경남,의령군,total,2009,34
경남,의령군,total,2010,35
경남,의령군,total,2011,31
경남,의령군,total,2012,32
경남,의령군,total,2013,36
경남,의령군,total,2014,40
경남,의령군,total,2015,37
경남,의령군,total,2016,37
경남,의령군,total,2017,38
경남,의령군,total,2018,37
경남,의령군,total,2019,29
경남,의령군,total,2020,28
경남,의령군,total,2021,28
경남,의령군,total,2022,24
경남,의령군,total,2023,21
경남,의령군,total,2024,24
경남,의령군,total,2025,22
경남,의령군,레지던트,2007,0
경남,의령군,레지던트,2008,0
경남,의령군,레지던트,2009,0
경남,의령군,레지던트,2010,0
경남,의령군,레지던트,2011,0
경남,의령군,레지던트,2012,0
경남,의령군,레지던트,2013,0
경남,의령군,레지던트,2014,0
경남,의령군,레지던트,2015,0
경남,의령군,레지던트,2016,0
경남,의령군,레지던트,2017,0
경남,의령군,레지던트,2018,0
경남,의령군,레지던트,2019,0
경남,의령군,레지던트,2020,0
경남,의령군,레지던트,2021,0
경남,의령군,레지던트,2022,0
경남,의령군,레지던트,2023,0
경남,의령군,레지던트,2024,0
경남,의령군,레지던트,2025,0
경남,의령군,인턴,2007,0
경남,의령군,인턴,2008,0
경남,의령군,인턴,2009,0
경남,의령군,인턴,2010,0
경남,의령군,인턴,2011,0
경남,의령군,인턴,2012,0
경남,의령군,인턴,2013,0
경남,의령군,인턴,2014,0
경남,의령군,인턴,2015,0
경남,의령군,인턴,2016,0
경남,의령군,인턴,2017,0
경남,의령군,인턴,2018,0
경남,의령군,인턴,2019,0
경남,의령군,인턴,2020,0
경남,의령군,인턴,2021,0
경남,의령군,인턴,2022,0
경남,의령군,인턴,2023,0
경남,의령군,인턴,2024,0
경남,의령군,인턴,2025,0
경남,의령군,일반의,2007,16
경남,의령군,일반의,2008,18
경남,의령군,일반의,2009,18
경남,의령군,일반의,2010,17
경남,의령군,일반의,2011,17
경남,의령군,일반의,2012,13
경남,의령군,일반의,2013,11
경남,의령군,일반의,2014,9
경남,의령군,일반의,2015,13
경남,의령군,일반의,2016,14
경남,의령군,일반의,2017,13
경남,의령군,일반의,2018,13
경남,의령군,일반의,2019,8
경남,의령군,일반의,2020,10
경남,의령군,일반의,2021,10
경남,의령군,일반의,2022,7
경남,의령군,일반의,2023,7
경남,의령군,일반의,2024,8
경남,의령군,일반의,2025,6
경남,의령군,전문의,2007,12
경남,의령군,전문의,2008,10
경남,의령군,전문의,2009,16
경남,의령군,전문의,2010,18
경남,의령군,전문의,2011,14
경남,의령군,전문의,2012,19
경남,의령군,전문의,2013,25
경남,의령군,전문의,2014,31
경남,의령군,전문의,2015,24
경남,의령군,전문의,2016,23
경남,의령군,전문의,2017,25
경남,의령군,전문의,2018,24
경남,의령군,전문의,2019,21
경남,의령군,전문의,2020,18
경남,의령군,전문의,2021,18
경남,의령군,전문의,2022,17
경남,의령군,전문의,2023,14
경남,의령군,전문의,2024,16
경남,의령군,전문의,2025,16
경남,진주시,total,2007,641
경남,진주시,total,2008,685
경남,진주시,total,2009,661
경남,진주시,total,2010,721
경남,진주시,total,2011,739
경남,진주시,total,2012,741
경남,진주시,total,2013,766
경남,진주시,total,2014,776
경남,진주시,total,2015,817
경남,진주시,total,2016,806
경남,진주시,total,2017,815
경남,진주시,total,2018,856
경남,진주시,total,2019,876
경남,진주시,total,2020,875
경남,진주시,total,2021,900
경남,진주시,total,2022,887
경남,진주시,total,2023,916
경남,진주시,total,2024,877
경남,진주시,total,2025,824
경남,진주시,레지던트,2007,141
경남,진주시,레지던트,2008,147
경남,진주시,레지던트,2009,144
경남,진주시,레지던트,2010,144
경남,진주시,레지던트,2011,144
경남,진주시,레지던트,2012,133
경남,진주시,레지던트,2013,142
경남,진주시,레지던트,2014,131
경남,진주시,레지던트,2015,126
경남,진주시,레지던트,2016,128
경남,진주시,레지던트,2017,123
경남,진주시,레지던트,2018,117
경남,진주시,레지던트,2019,115
경남,진주시,레지던트,2020,98
경남,진주시,레지던트,2021,103
경남,진주시,레지던트,2022,107
경남,진주시,레지던트,2023,112
경남,진주시,레지던트,2024,111
경남,진주시,레지던트,2025,13
경남,진주시,인턴,2007,36
경남,진주시,인턴,2008,33
경남,진주시,인턴,2009,6
경남,진주시,인턴,2010,33
경남,진주시,인턴,2011,21
경남,진주시,인턴,2012,30
경남,진주시,인턴,2013,30
경남,진주시,인턴,2014,29
경남,진주시,인턴,2015,36
경남,진주시,인턴,2016,35
경남,진주시,인턴,2017,19
경남,진주시,인턴,2018,28
경남,진주시,인턴,2019,33
경남,진주시,인턴,2020,30
경남,진주시,인턴,2021,30
경남,진주시,인턴,2022,34
경남,진주시,인턴,2023,31
경남,진주시,인턴,2024,0
경남,진주시,인턴,2025,1
경남,진주시,일반의,2007,51
경남,진주시,일반의,2008,57
경남,진주시,일반의,2009,46
경남,진주시,일반의,2010,50
경남,진주시,일반의,2011,58
경남,진주시,일반의,2012,38
경남,진주시,일반의,2013,32
경남,진주시,일반의,2014,36
경남,진주시,일반의,2015,36
경남,진주시,일반의,2016,47
경남,진주시,일반의,2017,36
경남,진주시,일반의,2018,38
경남,진주시,일반의,2019,42
경남,진주시,일반의,2020,46
경남,진주시,일반의,2021,38
경남,진주시,일반의,2022,31
경남,진주시,일반의,2023,29
경남,진주시,일반의,2024,31
경남,진주시,일반의,2025,83
경남,진주시,전문의,2007,413
경남,진주시,전문의,2008,448
경남,진주시,전문의,2009,465
경남,진주시,전문의,2010,494
경남,진주시,전문의,2011,516
경남,진주시,전문의,2012,540
경남,진주시,전문의,2013,562
경남,진주시,전문의,2014,580
경남,진주시,전문의,2015,619
경남,진주시,전문의,2016,596
경남,진주시,전문의,2017,637
경남,진주시,전문의,2018,673
경남,진주시,전문의,2019,686
경남,진주시,전문의,2020,701
경남,진주시,전문의,2021,729
경남,진주시,전문의,2022,715
경남,진주시,전문의,2023,744
경남,진주시,전문의,2024,735
경남,진주시,전문의,2025,727
경남,창녕군,total,2007,85
경남,창녕군,total,2008,93
경남,창녕군,total,2009,76
경남,창녕군,total,2010,88
경남,창녕군,total,2011,93
경남,창녕군,total,2012,91
경남,창녕군,total,2013,85
경남,창녕군,total,2014,92
경남,창녕군,total,2015,93
경남,창녕군,total,2016,96
경남,창녕군,total,2017,99
경남,창녕군,total,2018,103
경남,창녕군,total,2019,95
경남,창녕군,total,2020,95
경남,창녕군,total,2021,92
경남,창녕군,total,2022,84
경남,창녕군,total,2023,71
경남,창녕군,total,2024,73
경남,창녕군,total,2025,74
경남,창녕군,레지던트,2007,7
경남,창녕군,레지던트,2008,9
경남,창녕군,레지던트,2009,10
경남,창녕군,레지던트,2010,10
경남,창녕군,레지던트,2011,11
경남,창녕군,레지던트,2012,12
경남,창녕군,레지던트,2013,10
경남,창녕군,레지던트,2014,9
경남,창녕군,레지던트,2015,7
경남,창녕군,레지던트,2016,6
경남,창녕군,레지던트,2017,4
경남,창녕군,레지던트,2018,3
경남,창녕군,레지던트,2019,5
경남,창녕군,레지던트,2020,5
경남,창녕군,레지던트,2021,6
경남,창녕군,레지던트,2022,5
경남,창녕군,레지던트,2023,3
경남,창녕군,레지던트,2024,3
경남,창녕군,레지던트,2025,5
경남,창녕군,인턴,2007,0
경남,창녕군,인턴,2008,0
경남,창녕군,인턴,2009,0
경남,창녕군,인턴,2010,0
경남,창녕군,인턴,2011,0
경남,창녕군,인턴,2012,0
경남,창녕군,인턴,2013,0
경남,창녕군,인턴,2014,0
경남,창녕군,인턴,2015,0
경남,창녕군,인턴,2016,0
경남,창녕군,인턴,2017,0
경남,창녕군,인턴,2018,0
경남,창녕군,인턴,2019,0
경남,창녕군,인턴,2020,1
경남,창녕군,인턴,2021,1
경남,창녕군,인턴,2022,0
경남,창녕군,인턴,2023,0
경남,창녕군,인턴,2024,0
경남,창녕군,인턴,2025,0
경남,창녕군,일반의,2007,16
경남,창녕군,일반의,2008,20
경남,창녕군,일반의,2009,18
경남,창녕군,일반의,2010,21
경남,창녕군,일반의,2011,19
경남,창녕군,일반의,2012,17
경남,창녕군,일반의,2013,17
경남,창녕군,일반의,2014,18
경남,창녕군,일반의,2015,13
경남,창녕군,일반의,2016,13
경남,창녕군,일반의,2017,16
경남,창녕군,일반의,2018,14
경남,창녕군,일반의,2019,11
경남,창녕군,일반의,2020,11
경남,창녕군,일반의,2021,17
경남,창녕군,일반의,2022,14
경남,창녕군,일반의,2023,8
경남,창녕군,일반의,2024,10
경남,창녕군,일반의,2025,11
경남,창녕군,전문의,2007,62
경남,창녕군,전문의,2008,64
경남,창녕군,전문의,2009,48
경남,창녕군,전문의,2010,57
경남,창녕군,전문의,2011,63
경남,창녕군,전문의,2012,62
경남,창녕군,전문의,2013,58
경남,창녕군,전문의,2014,65
경남,창녕군,전문의,2015,73
경남,창녕군,전문의,2016,77
경남,창녕군,전문의,2017,79
경남,창녕군,전문의,2018,86
경남,창녕군,전문의,2019,79
경남,창녕군,전문의,2020,78
경남,창녕군,전문의,2021,68
경남,창녕군,전문의,2022,65
경남,창녕군,전문의,2023,60
경남,창녕군,전문의,2024,60
경남,창녕군,전문의,2025,58
경남,창원시,total,2007,1185
경남,창원시,total,2008,1291
경남,창원시,total,2009,1362
경남,창원시,total,2010,1389
경남,창원시,total,2011,1433
경남,창원시,total,2012,1476
경남,창원시,total,2013,1503
경남,창원시,total,2014,1588
경남,창원시,total,2015,1616
경남,창원시,total,2016,1768
경남,창원시,total,2017,1833
경남,창원시,total,2018,1859
경남,창원시,total,2019,1885
경남,창원시,total,2020,1937
경남,창원시,total,2021,2015
경남,창원시,total,2022,2045
경남,창원시,total,2023,2079
경남,창원시,total,2024,2042
경남,창원시,total,2025,2038
경남,창원시,레지던트,2007,5
경남,창원시,레지던트,2008,70
경남,창원시,레지던트,2009,64
경남,창원시,레지던트,2010,62
경남,창원시,레지던트,2011,55
경남,창원시,레지던트,2012,58
경남,창원시,레지던트,2013,58
경남,창원시,레지던트,2014,72
경남,창원시,레지던트,2015,74
경남,창원시,레지던트,2016,81
경남,창원시,레지던트,2017,83
경남,창원시,레지던트,2018,84
경남,창원시,레지던트,2019,85
경남,창원시,레지던트,2020,78
경남,창원시,레지던트,2021,77
경남,창원시,레지던트,2022,94
경남,창원시,레지던트,2023,100
경남,창원시,레지던트,2024,86
경남,창원시,레지던트,2025,14
경남,창원시,인턴,2007,40
경남,창원시,인턴,2008,23
경남,창원시,인턴,2009,30
경남,창원시,인턴,2010,2
경남,창원시,인턴,2011,10
경남,창원시,인턴,2012,10
경남,창원시,인턴,2013,10
경남,창원시,인턴,2014,16
경남,창원시,인턴,2015,8
경남,창원시,인턴,2016,22
경남,창원시,인턴,2017,25
경남,창원시,인턴,2018,26
경남,창원시,인턴,2019,26
경남,창원시,인턴,2020,49
경남,창원시,인턴,2021,36
경남,창원시,인턴,2022,23
경남,창원시,인턴,2023,25
경남,창원시,인턴,2024,16
경남,창원시,인턴,2025,1
경남,창원시,일반의,2007,79
경남,창원시,일반의,2008,89
경남,창원시,일반의,2009,95
경남,창원시,일반의,2010,101
경남,창원시,일반의,2011,102
경남,창원시,일반의,2012,95
경남,창원시,일반의,2013,83
경남,창원시,일반의,2014,88
경남,창원시,일반의,2015,94
경남,창원시,일반의,2016,97
경남,창원시,일반의,2017,97
경남,창원시,일반의,2018,98
경남,창원시,일반의,2019,95
경남,창원시,일반의,2020,99
경남,창원시,일반의,2021,103
경남,창원시,일반의,2022,99
경남,창원시,일반의,2023,108
경남,창원시,일반의,2024,108
경남,창원시,일반의,2025,207
경남,창원시,전문의,2007,1061
경남,창원시,전문의,2008,1109
경남,창원시,전문의,2009,1173
경남,창원시,전문의,2010,1224
경남,창원시,전문의,2011,1266
경남,창원시,전문의,2012,1313
경남,창원시,전문의,2013,1352
경남,창원시,전문의,2014,1412
경남,창원시,전문의,2015,1440
경남,창원시,전문의,2016,1568
경남,창원시,전문의,2017,1628
경남,창원시,전문의,2018,1651
경남,창원시,전문의,2019,1679
경남,창원시,전문의,2020,1711
경남,창원시,전문의,2021,1799
경남,창원시,전문의,2022,1829
경남,창원시,전문의,2023,1846
경남,창원시,전문의,2024,1832
경남,창원시,전문의,2025,1816
경남,통영시,total,2007,94
경남,통영시,total,2008,101
경남,통영시,total,2009,123
경남,통영시,total,2010,132
경남,통영시,total,2011,155
경남,통영시,total,2012,156
경남,통영시,total,2013,164
경남,통영시,total,2014,170
경남,통영시,total,2015,183
경남,통영시,total,2016,180
경남,통영시,total,2017,186
경남,통영시,total,2018,178
경남,통영시,total,2019,146
경남,통영시,total,2020,165
경남,통영시,total,2021,167
경남,통영시,total,2022,163
경남,통영시,total,2023,158
경남,통영시,total,2024,155
경남,통영시,total,2025,158
경남,통영시,레지던트,2007,0
경남,통영시,레지던트,2008,0
경남,통영시,레지던트,2009,0
경남,통영시,레지던트,2010,0
경남,통영시,레지던트,2011,0
경남,통영시,레지던트,2012,0
경남,통영시,레지던트,2013,0
경남,통영시,레지던트,2014,0
경남,통영시,레지던트,2015,0
경남,통영시,레지던트,2016,0
경남,통영시,레지던트,2017,0
경남,통영시,레지던트,2018,0
경남,통영시,레지던트,2019,0
경남,통영시,레지던트,2020,0
경남,통영시,레지던트,2021,0
경남,통영시,레지던트,2022,0
경남,통영시,레지던트,2023,0
경남,통영시,레지던트,2024,0
경남,통영시,레지던트,2025,0
경남,통영시,인턴,2007,0
경남,통영시,인턴,2008,0
경남,통영시,인턴,2009,0
경남,통영시,인턴,2010,0
경남,통영시,인턴,2011,0
경남,통영시,인턴,2012,0
경남,통영시,인턴,2013,0
경남,통영시,인턴,2014,0
경남,통영시,인턴,2015,0
경남,통영시,인턴,2016,0
경남,통영시,인턴,2017,0
경남,통영시,인턴,2018,0
경남,통영시,인턴,2019,2
경남,통영시,인턴,2020,0
경남,통영시,인턴,2021,2
경남,통영시,인턴,2022,0
경남,통영시,인턴,2023,0
경남,통영시,인턴,2024,0
경남,통영시,인턴,2025,0
경남,통영시,일반의,2007,10
경남,통영시,일반의,2008,11
경남,통영시,일반의,2009,17
경남,통영시,일반의,2010,14
경남,통영시,일반의,2011,14
경남,통영시,일반의,2012,16
경남,통영시,일반의,2013,16
경남,통영시,일반의,2014,17
경남,통영시,일반의,2015,15
경남,통영시,일반의,2016,15
경남,통영시,일반의,2017,19
경남,통영시,일반의,2018,23
경남,통영시,일반의,2019,19
경남,통영시,일반의,2020,24
경남,통영시,일반의,2021,22
경남,통영시,일반의,2022,23
경남,통영시,일반의,2023,17
경남,통영시,일반의,2024,15
경남,통영시,일반의,2025,21
경남,통영시,전문의,2007,84
경남,통영시,전문의,2008,90
경남,통영시,전문의,2009,106
경남,통영시,전문의,2010,118
경남,통영시,전문의,2011,141
경남,통영시,전문의,2012,140
경남,통영시,전문의,2013,148
경남,통영시,전문의,2014,153
경남,통영시,전문의,2015,168
경남,통영시,전문의,2016,165
경남,통영시,전문의,2017,167
경남,통영시,전문의,2018,155
경남,통영시,전문의,2019,125
경남,통영시,전문의,2020,141
경남,통영시,전문의,2021,143
경남,통영시,전문의,2022,140
경남,통영시,전문의,2023,141
경남,통영시,전문의,2024,140
경남,통영시,전문의,2025,137
경남,하동군,total,2007,42
경남,하동군,total,2008,45
경남,하동군,total,2009,50
경남,하동군,total,2010,51
경남,하동군,total,2011,46
경남,하동군,total,2012,53
경남,하동군,total,2013,49
경남,하동군,total,2014,48
경남,하동군,total,2015,48
경남,하동군,total,2016,47
경남,하동군,total,2017,50
경남,하동군,total,2018,51
경남,하동군,total,2019,40
경남,하동군,total,2020,46
경남,하동군,total,2021,49
경남,하동군,total,2022,42
경남,하동군,total,2023,37
경남,하동군,total,2024,36
경남,하동군,total,2025,38
경남,하동군,레지던트,2007,0
경남,하동군,레지던트,2008,0
경남,하동군,레지던트,2009,0
경남,하동군,레지던트,2010,0
경남,하동군,레지던트,2011,0
경남,하동군,레지던트,2012,0
경남,하동군,레지던트,2013,0
경남,하동군,레지던트,2014,0
경남,하동군,레지던트,2015,0
경남,하동군,레지던트,2016,0
경남,하동군,레지던트,2017,0
경남,하동군,레지던트,2018,0
경남,하동군,레지던트,2019,0
경남,하동군,레지던트,2020,0
경남,하동군,레지던트,2021,0
경남,하동군,레지던트,2022,0
경남,하동군,레지던트,2023,0
경남,하동군,레지던트,2024,0
경남,하동군,레지던트,2025,0
경남,하동군,인턴,2007,0
경남,하동군,인턴,2008,0
경남,하동군,인턴,2009,0
경남,하동군,인턴,2010,0
경남,하동군,인턴,2011,0
경남,하동군,인턴,2012,0
경남,하동군,인턴,2013,0
경남,하동군,인턴,2014,0
경남,하동군,인턴,2015,0
경남,하동군,인턴,2016,0
경남,하동군,인턴,2017,0
경남,하동군,인턴,2018,0
경남,하동군,인턴,2019,0
경남,하동군,인턴,2020,0
경남,하동군,인턴,2021,0
경남,하동군,인턴,2022,0
경남,하동군,인턴,2023,0
경남,하동군,인턴,2024,0
경남,하동군,인턴,2025,0
경남,하동군,일반의,2007,14
경남,하동군,일반의,2008,14
경남,하동군,일반의,2009,18
경남,하동군,일반의,2010,23
경남,하동군,일반의,2011,19
경남,하동군,일반의,2012,21
경남,하동군,일반의,2013,16
경남,하동군,일반의,2014,15
경남,하동군,일반의,2015,16
경남,하동군,일반의,2016,13
경남,하동군,일반의,2017,12
경남,하동군,일반의,2018,13
경남,하동군,일반의,2019,9
경남,하동군,일반의,2020,17
경남,하동군,일반의,2021,18
경남,하동군,일반의,2022,13
경남,하동군,일반의,2023,11
경남,하동군,일반의,2024,10
경남,하동군,일반의,2025,13
경남,하동군,전문의,2007,28
경남,하동군,전문의,2008,31
경남,하동군,전문의,2009,32
경남,하동군,전문의,2010,28
경남,하동군,전문의,2011,27
경남,하동군,전문의,2012,32
경남,하동군,전문의,2013,33
경남,하동군,전문의,2014,33
경남,하동군,전문의,2015,32
경남,하동군,전문의,2016,34
경남,하동군,전문의,2017,38
경남,하동군,전문의,2018,38
경남,하동군,전문의,2019,31
경남,하동군,전문의,2020,29
경남,하동군,전문의,2021,31
경남,하동군,전문의,2022,29
경남,하동군,전문의,2023,26
경남,하동군,전문의,2024,26
경남,하동군,전문의,2025,25
경남,함안군,total,2007,47
경남,함안군,total,2008,59
경남,함안군,total,2009,51
경남,함안군,total,2010,58
경남,함안군,total,2011,65
경남,함안군,total,2012,51
경남,함안군,total,2013,50
경남,함안군,total,2014,55
경남,함안군,total,2015,59
경남,함안군,total,2016,55
경남,함안군,total,2017,56
경남,함안군,total,2018,58
경남,함안군,total,2019,61
경남,함안군,total,2020,63
경남,함안군,total,2021,65
경남,함안군,total,2022,64
경남,함안군,total,2023,62
경남,함안군,total,2024,54
경남,함안군,total,2025,58
경남,함안군,레지던트,2007,0
경남,함안군,레지던트,2008,0
경남,함안군,레지던트,2009,0
경남,함안군,레지던트,2010,0
경남,함안군,레지던트,2011,0
경남,함안군,레지던트,2012,0
경남,함안군,레지던트,2013,0
경남,함안군,레지던트,2014,0
경남,함안군,레지던트,2015,0
경남,함안군,레지던트,2016,0
경남,함안군,레지던트,2017,0
경남,함안군,레지던트,2018,0
경남,함안군,레지던트,2019,0
경남,함안군,레지던트,2020,0
경남,함안군,레지던트,2021,0
경남,함안군,레지던트,2022,0
경남,함안군,레지던트,2023,0
경남,함안군,레지던트,2024,0
경남,함안군,레지던트,2025,0
경남,함안군,인턴,2007,0
경남,함안군,인턴,2008,0
경남,함안군,인턴,2009,0
경남,함안군,인턴,2010,0
경남,함안군,인턴,2011,0
경남,함안군,인턴,2012,0
경남,함안군,인턴,2013,0
경남,함안군,인턴,2014,0
경남,함안군,인턴,2015,0
경남,함안군,인턴,2016,0
경남,함안군,인턴,2017,0
경남,함안군,인턴,2018,0
경남,함안군,인턴,2019,0
경남,함안군,인턴,2020,0
경남,함안군,인턴,2021,0
경남,함안군,인턴,2022,0
경남,함안군,인턴,2023,1
경남,함안군,인턴,2024,0
경남,함안군,인턴,2025,0
경남,함안군,일반의,2007,12
경남,함안군,일반의,2008,16
경남,함안군,일반의,2009,15
경남,함안군,일반의,2010,15
경남,함안군,일반의,2011,14
경남,함안군,일반의,2012,7
경남,함안군,일반의,2013,8
경남,함안군,일반의,2014,13
경남,함안군,일반의,2015,13
경남,함안군,일반의,2016,12
경남,함안군,일반의,2017,13
경남,함안군,일반의,2018,13
경남,함안군,일반의,2019,15
경남,함안군,일반의,2020,14
경남,함안군,일반의,2021,15
경남,함안군,일반의,2022,14
경남,함안군,일반의,2023,12
경남,함안군,일반의,2024,9
경남,함안군,일반의,2025,10
경남,함안군,전문의,2007,35
경남,함안군,전문의,2008,43
경남,함안군,전문의,2009,36
경남,함안군,전문의,2010,43
경남,함안군,전문의,2011,51
경남,함안군,전문의,2012,44
경남,함안군,전문의,2013,42
경남,함안군,전문의,2014,42
경남,함안군,전문의,2015,46
경남,함안군,전문의,2016,43
경남,함안군,전문의,2017,43
경남,함안군,전문의,2018,45
경남,함안군,전문의,2019,46
경남,함안군,전문의,2020,49
경남,함안군,전문의,2021,50
경남,함안군,전문의,2022,50
경남,함안군,전문의,2023,49
경남,함안군,전문의,2024,45
경남,함안군,전문의,2025,48
경남,함양군,total,2007,39
경남,함양군,total,2008,40
경남,함양군,total,2009,43
경남,함양군,total,2010,43
경남,함양군,total,2011,42
경남,함양군,total,2012,43
경남,함양군,total,2013,42
경남,함양군,total,2014,44
경남,함양군,total,2015,41
경남,함양군,total,2016,42
경남,함양군,total,2017,42
경남,함양군,total,2018,42
경남,함양군,total,2019,44
경남,함양군,total,2020,44
경남,함양군,total,2021,47
경남,함양군,total,2022,44
경남,함양군,total,2023,36
경남,함양군,total,2024,40
경남,함양군,total,2025,42
경남,함양군,레지던트,2007,0
경남,함양군,레지던트,2008,0
경남,함양군,레지던트,2009,0
경남,함양군,레지던트,2010,0
경남,함양군,레지던트,2011,0
경남,함양군,레지던트,2012,0
경남,함양군,레지던트,2013,0
경남,함양군,레지던트,2014,0
경남,함양군,레지던트,2015,0
경남,함양군,레지던트,2016,0
경남,함양군,레지던트,2017,0
경남,함양군,레지던트,2018,0
경남,함양군,레지던트,2019,0
경남,함양군,레지던트,2020,0
경남,함양군,레지던트,2021,0
경남,함양군,레지던트,2022,0
경남,함양군,레지던트,2023,0
경남,함양군,레지던트,2024,0
경남,함양군,레지던트,2025,0
경남,함양군,인턴,2007,0
경남,함양군,인턴,2008,0
경남,함양군,인턴,2009,0
경남,함양군,인턴,2010,0
경남,함양군,인턴,2011,0
경남,함양군,인턴,2012,1
경남,함양군,인턴,2013,0
경남,함양군,인턴,2014,0
경남,함양군,인턴,2015,0
경남,함양군,인턴,2016,0
경남,함양군,인턴,2017,0
경남,함양군,인턴,2018,0
경남,함양군,인턴,2019,0
경남,함양군,인턴,2020,0
경남,함양군,인턴,2021,0
경남,함양군,인턴,2022,0
경남,함양군,인턴,2023,0
경남,함양군,인턴,2024,1
경남,함양군,인턴,2025,0
경남,함양군,일반의,2007,16
경남,함양군,일반의,2008,19
경남,함양군,일반의,2009,21
경남,함양군,일반의,2010,21
경남,함양군,일반의,2011,19
경남,함양군,일반의,2012,16
경남,함양군,일반의,2013,15
경남,함양군,일반의,2014,14
경남,함양군,일반의,2015,12
경남,함양군,일반의,2016,12
경남,함양군,일반의,2017,13
경남,함양군,일반의,2018,17
경남,함양군,일반의,2019,18
경남,함양군,일반의,2020,16
경남,함양군,일반의,2021,18
경남,함양군,일반의,2022,14
경남,함양군,일반의,2023,9
경남,함양군,일반의,2024,11
경남,함양군,일반의,2025,11
경남,함양군,전문의,2007,23
경남,함양군,전문의,2008,21
경남,함양군,전문의,2009,22
경남,함양군,전문의,2010,22
경남,함양군,전문의,2011,23
경남,함양군,전문의,2012,26
경남,함양군,전문의,2013,27
경남,함양군,전문의,2014,30
경남,함양군,전문의,2015,29
경남,함양군,전문의,2016,30
경남,함양군,전문의,2017,29
경남,함양군,전문의,2018,25
경남,함양군,전문의,2019,26
경남,함양군,전문의,2020,28
경남,함양군,전문의,2021,29
경남,함양군,전문의,2022,30
경남,함양군,전문의,2023,27
경남,함양군,전문의,2024,28
경남,함양군,전문의,2025,31
경남,합천군,total,2007,49
경남,합천군,total,2008,54
경남,합천군,total,2009,57
경남,합천군,total,2010,59
경남,합천군,total,2011,53
경남,합천군,total,2012,53
경남,합천군,total,2013,56
경남,합천군,total,2014,54
경남,합천군,total,2015,55
경남,합천군,total,2016,57
경남,합천군,total,2017,60
경남,합천군,total,2018,56
경남,합천군,total,2019,50
경남,합천군,total,2020,48
경남,합천군,total,2021,55
경남,합천군,total,2022,56
경남,합천군,total,2023,46
경남,합천군,total,2024,46
경남,합천군,total,2025,47
경남,합천군,레지던트,2007,0
경남,합천군,레지던트,2008,0
경남,합천군,레지던트,2009,0
경남,합천군,레지던트,2010,0
경남,합천군,레지던트,2011,0
경남,합천군,레지던트,2012,0
경남,합천군,레지던트,2013,0
경남,합천군,레지던트,2014,0
경남,합천군,레지던트,2015,0
경남,합천군,레지던트,2016,0
경남,합천군,레지던트,2017,0
경남,합천군,레지던트,2018,0
경남,합천군,레지던트,2019,0
경남,합천군,레지던트,2020,0
경남,합천군,레지던트,2021,0
경남,합천군,레지던트,2022,0
경남,합천군,레지던트,2023,0
경남,합천군,레지던트,2024,0
경남,합천군,레지던트,2025,0
경남,합천군,인턴,2007,0
경남,합천군,인턴,2008,0
경남,합천군,인턴,2009,0
경남,합천군,인턴,2010,0
경남,합천군,인턴,2011,0
경남,합천군,인턴,2012,0
경남,합천군,인턴,2013,0
경남,합천군,인턴,2014,0
경남,합천군,인턴,2015,0
경남,합천군,인턴,2016,0
경남,합천군,인턴,2017,0
경남,합천군,인턴,2018,0
경남,합천군,인턴,2019,0
경남,합천군,인턴,2020,0
경남,합천군,인턴,2021,1
경남,합천군,인턴,2022,0
경남,합천군,인턴,2023,0
경남,합천군,인턴,2024,0
경남,합천군,인턴,2025,0
경남,합천군,일반의,2007,21
경남,합천군,일반의,2008,22
경남,합천군,일반의,2009,23
경남,합천군,일반의,2010,27
경남,합천군,일반의,2011,20
경남,합천군,일반의,2012,18
경남,합천군,일반의,2013,17
경남,합천군,일반의,2014,16
경남,합천군,일반의,2015,15
경남,합천군,일반의,2016,11
경남,합천군,일반의,2017,12
경남,합천군,일반의,2018,18
경남,합천군,일반의,2019,15
경남,합천군,일반의,2020,14
경남,합천군,일반의,2021,18
경남,합천군,일반의,2022,16
경남,합천군,일반의,2023,13
경남,합천군,일반의,2024,12
경남,합천군,일반의,2025,14
경남,합천군,전문의,2007,28
경남,합천군,전문의,2008,32
경남,합천군,전문의,2009,34
경남,합천군,전문의,2010,32
경남,합천군,전문의,2011,33
경남,합천군,전문의,2012,35
경남,합천군,전문의,2013,39
경남,합천군,전문의,2014,38
경남,합천군,전문의,2015,40
경남,합천군,전문의,2016,46
경남,합천군,전문의,2017,48
경남,합천군,전문의,2018,38
경남,합천군,전문의,2019,35
경남,합천군,전문의,2020,34
경남,합천군,전문의,2021,36
경남,합천군,전문의,2022,40
경남,합천군,전문의,2023,33
경남,합천군,전문의,2024,34
경남,합천군,전문의,2025,33
경북,경산시,total,2007,244
경북,경산시,total,2008,250
경북,경산시,total,2009,264
경북,경산시,total,2010,273
경북,경산시,total,2011,278
경북,경산시,total,2012,295
경북,경산시,total,2013,308
경북,경산시,total,2014,299
경북,경산시,total,2015,327
경북,경산시,total,2016,331
경북,경산시,total,2017,335
경북,경산시,total,2018,335
경북,경산시,total,2019,348
경북,경산시,total,2020,345
경북,경산시,total,2021,337
경북,경산시,total,2022,343
경북,경산시,total,2023,358
경북,경산시,total,2024,356
경북,경산시,total,2025,375
경북,경산시,레지던트,2007,0
경북,경산시,레지던트,2008,0
경북,경산시,레지던트,2009,0
경북,경산시,레지던트,2010,0
경북,경산시,레지던트,2011,0
경북,경산시,레지던트,2012,0
경북,경산시,레지던트,2013,0
경북,경산시,레지던트,2014,0
경북,경산시,레지던트,2015,0
경북,경산시,레지던트,2016,0
경북,경산시,레지던트,2017,0
경북,경산시,레지던트,2018,0
경북,경산시,레지던트,2019,0
경북,경산시,레지던트,2020,0
경북,경산시,레지던트,2021,0
경북,경산시,레지던트,2022,0
경북,경산시,레지던트,2023,0
경북,경산시,레지던트,2024,0
경북,경산시,레지던트,2025,0
경북,경산시,인턴,2007,0
경북,경산시,인턴,2008,0
경북,경산시,인턴,2009,0
경북,경산시,인턴,2010,0
경북,경산시,인턴,2011,0
경북,경산시,인턴,2012,0
경북,경산시,인턴,2013,0
경북,경산시,인턴,2014,0
경북,경산시,인턴,2015,0
경북,경산시,인턴,2016,0
경북,경산시,인턴,2017,0
경북,경산시,인턴,2018,0
경북,경산시,인턴,2019,0
경북,경산시,인턴,2020,0
경북,경산시,인턴,2021,0
경북,경산시,인턴,2022,0
경북,경산시,인턴,2023,0
경북,경산시,인턴,2024,0
경북,경산시,인턴,2025,0
경북,경산시,일반의,2007,21
경북,경산시,일반의,2008,18
경북,경산시,일반의,2009,17
경북,경산시,일반의,2010,27
경북,경산시,일반의,2011,24
경북,경산시,일반의,2012,26
경북,경산시,일반의,2013,23
경북,경산시,일반의,2014,22
경북,경산시,일반의,2015,21
경북,경산시,일반의,2016,20
경북,경산시,일반의,2017,19
경북,경산시,일반의,2018,19
경북,경산시,일반의,2019,21
경북,경산시,일반의,2020,24
경북,경산시,일반의,2021,23
경북,경산시,일반의,2022,28
경북,경산시,일반의,2023,25
경북,경산시,일반의,2024,19
경북,경산시,일반의,2025,33
경북,경산시,전문의,2007,223
경북,경산시,전문의,2008,232
경북,경산시,전문의,2009,247
경북,경산시,전문의,2010,246
경북,경산시,전문의,2011,254
경북,경산시,전문의,2012,269
경북,경산시,전문의,2013,285
경북,경산시,전문의,2014,277
경북,경산시,전문의,2015,306
경북,경산시,전문의,2016,311
경북,경산시,전문의,2017,316
경북,경산시,전문의,2018,316
경북,경산시,전문의,2019,327
경북,경산시,전문의,2020,321
경북,경산시,전문의,2021,314
경북,경산시,전문의,2022,315
경북,경산시,전문의,2023,333
경북,경산시,전문의,2024,337
경북,경산시,전문의,2025,342
경북,경주시,total,2007,318
경북,경주시,total,2008,315
경북,경주시,total,2009,316
경북,경주시,total,2010,332
경북,경주시,total,2011,344
경북,경주시,total,2012,348
경북,경주시,total,2013,354
경북,경주시,total,2014,353
경북,경주시,total,2015,363
경북,경주시,total,2016,361
경북,경주시,total,2017,348
경북,경주시,total,2018,355
경북,경주시,total,2019,353
경북,경주시,total,2020,349
경북,경주시,total,2021,346
경북,경주시,total,2022,350
경북,경주시,total,2023,352
경북,경주시,total,2024,330
경북,경주시,total,2025,338
경북,경주시,레지던트,2007,69
경북,경주시,레지던트,2008,58
경북,경주시,레지던트,2009,38
경북,경주시,레지던트,2010,44
경북,경주시,레지던트,2011,50
경북,경주시,레지던트,2012,53
경북,경주시,레지던트,2013,50
경북,경주시,레지던트,2014,43
경북,경주시,레지던트,2015,42
경북,경주시,레지던트,2016,34
경북,경주시,레지던트,2017,26
경북,경주시,레지던트,2018,21
경북,경주시,레지던트,2019,24
경북,경주시,레지던트,2020,25
경북,경주시,레지던트,2021,27
경북,경주시,레지던트,2022,28
경북,경주시,레지던트,2023,28
경북,경주시,레지던트,2024,20
경북,경주시,레지던트,2025,8
경북,경주시,인턴,2007,8
경북,경주시,인턴,2008,6
경북,경주시,인턴,2009,0
경북,경주시,인턴,2010,0
경북,경주시,인턴,2011,0
경북,경주시,인턴,2012,0
경북,경주시,인턴,2013,0
경북,경주시,인턴,2014,0
경북,경주시,인턴,2015,0
경북,경주시,인턴,2016,0
경북,경주시,인턴,2017,0
경북,경주시,인턴,2018,0
경북,경주시,인턴,2019,0
경북,경주시,인턴,2020,0
경북,경주시,인턴,2021,0
경북,경주시,인턴,2022,0
경북,경주시,인턴,2023,0
경북,경주시,인턴,2024,0
경북,경주시,인턴,2025,0
경북,경주시,일반의,2007,25
경북,경주시,일반의,2008,30
경북,경주시,일반의,2009,41
경북,경주시,일반의,2010,43
경북,경주시,일반의,2011,35
경북,경주시,일반의,2012,37
경북,경주시,일반의,2013,33
경북,경주시,일반의,2014,35
경북,경주시,일반의,2015,36
경북,경주시,일반의,2016,37
경북,경주시,일반의,2017,37
경북,경주시,일반의,2018,41
경북,경주시,일반의,2019,45
경북,경주시,일반의,2020,42
경북,경주시,일반의,2021,38
경북,경주시,일반의,2022,41
경북,경주시,일반의,2023,37
경북,경주시,일반의,2024,29
경북,경주시,일반의,2025,44
경북,경주시,전문의,2007,216
경북,경주시,전문의,2008,221
경북,경주시,전문의,2009,237
경북,경주시,전문의,2010,245
경북,경주시,전문의,2011,259
경북,경주시,전문의,2012,258
경북,경주시,전문의,2013,271
경북,경주시,전문의,2014,275
경북,경주시,전문의,2015,285
경북,경주시,전문의,2016,290
경북,경주시,전문의,2017,285
경북,경주시,전문의,2018,293
경북,경주시,전문의,2019,284
경북,경주시,전문의,2020,282
경북,경주시,전문의,2021,281
경북,경주시,전문의,2022,281
경북,경주시,전문의,2023,287
경북,경주시,전문의,2024,281
경북,경주시,전문의,2025,286
경북,고령군,total,2007,25
경북,고령군,total,2008,22
경북,고령군,total,2009,25
경북,고령군,total,2010,29
경북,고령군,total,2011,28
경북,고령군,total,2012,33
경북,고령군,total,2013,30
경북,고령군,total,2014,31
경북,고령군,total,2015,32
경북,고령군,total,2016,31
경북,고령군,total,2017,32
경북,고령군,total,2018,31
경북,고령군,total,2019,31
경북,고령군,total,2020,28
경북,고령군,total,2021,30
경북,고령군,total,2022,26
경북,고령군,total,2023,24
경북,고령군,total,2024,27
경북,고령군,total,2025,26
경북,고령군,레지던트,2007,0
경북,고령군,레지던트,2008,0
경북,고령군,레지던트,2009,0
경북,고령군,레지던트,2010,0
경북,고령군,레지던트,2011,0
경북,고령군,레지던트,2012,0
경북,고령군,레지던트,2013,0
경북,고령군,레지던트,2014,0
경북,고령군,레지던트,2015,0
경북,고령군,레지던트,2016,0
경북,고령군,레지던트,2017,0
경북,고령군,레지던트,2018,0
경북,고령군,레지던트,2019,0
경북,고령군,레지던트,2020,0
경북,고령군,레지던트,2021,0
경북,고령군,레지던트,2022,0
경북,고령군,레지던트,2023,0
경북,고령군,레지던트,2024,0
경북,고령군,레지던트,2025,0
경북,고령군,인턴,2007,0
경북,고령군,인턴,2008,0
경북,고령군,인턴,2009,0
경북,고령군,인턴,2010,0
경북,고령군,인턴,2011,0
경북,고령군,인턴,2012,0
경북,고령군,인턴,2013,0
경북,고령군,인턴,2014,0
경북,고령군,인턴,2015,0
경북,고령군,인턴,2016,0
경북,고령군,인턴,2017,0
경북,고령군,인턴,2018,0
경북,고령군,인턴,2019,0
경북,고령군,인턴,2020,0
경북,고령군,인턴,2021,0
경북,고령군,인턴,2022,0
경북,고령군,인턴,2023,0
경북,고령군,인턴,2024,0
경북,고령군,인턴,2025,0
경북,고령군,일반의,2007,10
경북,고령군,일반의,2008,7
경북,고령군,일반의,2009,8
경북,고령군,일반의,2010,11
경북,고령군,일반의,2011,11
경북,고령군,일반의,2012,11
경북,고령군,일반의,2013,5
경북,고령군,일반의,2014,5
경북,고령군,일반의,2015,5
경북,고령군,일반의,2016,3
경북,고령군,일반의,2017,6
경북,고령군,일반의,2018,6
경북,고령군,일반의,2019,7
경북,고령군,일반의,2020,8
경북,고령군,일반의,2021,10
경북,고령군,일반의,2022,9
경북,고령군,일반의,2023,8
경북,고령군,일반의,2024,9
경북,고령군,일반의,2025,8
경북,고령군,전문의,2007,15
경북,고령군,전문의,2008,15
경북,고령군,전문의,2009,17
경북,고령군,전문의,2010,18
경북,고령군,전문의,2011,17
경북,고령군,전문의,2012,22
경북,고령군,전문의,2013,25
경북,고령군,전문의,2014,26
경북,고령군,전문의,2015,27
경북,고령군,전문의,2016,28
경북,고령군,전문의,2017,26
경북,고령군,전문의,2018,25
경북,고령군,전문의,2019,24
경북,고령군,전문의,2020,20
경북,고령군,전문의,2021,20
경북,고령군,전문의,2022,17
경북,고령군,전문의,2023,16
경북,고령군,전문의,2024,18
경북,고령군,전문의,2025,18
경북,구미시,total,2007,374
경북,구미시,total,2008,381
경북,구미시,total,2009,417
경북,구미시,total,2010,431
경북,구미시,total,2011,444
경북,구미시,total,2012,461
경북,구미시,total,2013,478
경북,구미시,total,2014,523
경북,구미시,total,2015,534
경북,구미시,total,2016,540
경북,구미시,total,2017,530
경북,구미시,total,2018,543
경북,구미시,total,2019,560
경북,구미시,total,2020,549
경북,구미시,total,2021,552
경북,구미시,total,2022,531
경북,구미시,total,2023,535
경북,구미시,total,2024,565
경북,구미시,total,2025,567
경북,구미시,레지던트,2007,2
경북,구미시,레지던트,2008,2
경북,구미시,레지던트,2009,2
경북,구미시,레지던트,2010,1
경북,구미시,레지던트,2011,1
경북,구미시,레지던트,2012,1
경북,구미시,레지던트,2013,2
경북,구미시,레지던트,2014,22
경북,구미시,레지던트,2015,11
경북,구미시,레지던트,2016,10
경북,구미시,레지던트,2017,7
경북,구미시,레지던트,2018,5
경북,구미시,레지던트,2019,10
경북,구미시,레지던트,2020,15
경북,구미시,레지던트,2021,14
경북,구미시,레지던트,2022,5
경북,구미시,레지던트,2023,7
경북,구미시,레지던트,2024,8
경북,구미시,레지던트,2025,4
경북,구미시,인턴,2007,0
경북,구미시,인턴,2008,0
경북,구미시,인턴,2009,2
경북,구미시,인턴,2010,2
경북,구미시,인턴,2011,2
경북,구미시,인턴,2012,2
경북,구미시,인턴,2013,2
경북,구미시,인턴,2014,13
경북,구미시,인턴,2015,0
경북,구미시,인턴,2016,0
경북,구미시,인턴,2017,0
경북,구미시,인턴,2018,0
경북,구미시,인턴,2019,0
경북,구미시,인턴,2020,0
경북,구미시,인턴,2021,0
경북,구미시,인턴,2022,0
경북,구미시,인턴,2023,1
경북,구미시,인턴,2024,0
경북,구미시,인턴,2025,0
경북,구미시,일반의,2007,27
경북,구미시,일반의,2008,25
경북,구미시,일반의,2009,30
경북,구미시,일반의,2010,32
경북,구미시,일반의,2011,33
경북,구미시,일반의,2012,31
경북,구미시,일반의,2013,24
경북,구미시,일반의,2014,25
경북,구미시,일반의,2015,25
경북,구미시,일반의,2016,31
경북,구미시,일반의,2017,29
경북,구미시,일반의,2018,29
경북,구미시,일반의,2019,26
경북,구미시,일반의,2020,25
경북,구미시,일반의,2021,23
경북,구미시,일반의,2022,24
경북,구미시,일반의,2023,24
경북,구미시,일반의,2024,25
경북,구미시,일반의,2025,39
경북,구미시,전문의,2007,345
경북,구미시,전문의,2008,354
경북,구미시,전문의,2009,383
경북,구미시,전문의,2010,396
경북,구미시,전문의,2011,408
경북,구미시,전문의,2012,427
경북,구미시,전문의,2013,450
경북,구미시,전문의,2014,463
경북,구미시,전문의,2015,498
경북,구미시,전문의,2016,499
경북,구미시,전문의,2017,494
경북,구미시,전문의,2018,509
경북,구미시,전문의,2019,524
경북,구미시,전문의,2020,509
경북,구미시,전문의,2021,515
경북,구미시,전문의,2022,502
경북,구미시,전문의,2023,503
경북,구미시,전문의,2024,532
경북,구미시,전문의,2025,524
경북,군위군,total,2007,19
경북,군위군,total,2008,19
경북,군위군,total,2009,19
경북,군위군,total,2010,19
경북,군위군,total,2011,20
경북,군위군,total,2012,18
경북,군위군,total,2013,18
경북,군위군,total,2014,22
경북,군위군,total,2015,18
경북,군위군,total,2016,18
경북,군위군,total,2017,17
경북,군위군,total,2018,20
경북,군위군,total,2019,19
경북,군위군,total,2020,16
경북,군위군,total,2021,17
경북,군위군,total,2022,16
경북,군위군,total,2023,16
경북,군위군,total,2024,17
경북,군위군,total,2025,16
경북,군위군,레지던트,2007,0
경북,군위군,레지던트,2008,0
경북,군위군,레지던트,2009,0
경북,군위군,레지던트,2010,0
경북,군위군,레지던트,2011,0
경북,군위군,레지던트,2012,0
경북,군위군,레지던트,2013,0
경북,군위군,레지던트,2014,0
경북,군위군,레지던트,2015,0
경북,군위군,레지던트,2016,0
경북,군위군,레지던트,2017,0
경북,군위군,레지던트,2018,0
경북,군위군,레지던트,2019,0
경북,군위군,레지던트,2020,0
경북,군위군,레지던트,2021,0
경북,군위군,레지던트,2022,0
경북,군위군,레지던트,2023,0
경북,군위군,레지던트,2024,0
경북,군위군,레지던트,2025,0
경북,군위군,인턴,2007,0
경북,군위군,인턴,2008,0
경북,군위군,인턴,2009,0
경북,군위군,인턴,2010,0
경북,군위군,인턴,2011,0
경북,군위군,인턴,2012,0
경북,군위군,인턴,2013,0
경북,군위군,인턴,2014,0
경북,군위군,인턴,2015,0
경북,군위군,인턴,2016,0
경북,군위군,인턴,2017,0
경북,군위군,인턴,2018,0
경북,군위군,인턴,2019,0
경북,군위군,인턴,2020,1
경북,군위군,인턴,2021,1
경북,군위군,인턴,2022,0
경북,군위군,인턴,2023,1
경북,군위군,인턴,2024,0
경북,군위군,인턴,2025,0
경북,군위군,일반의,2007,7
경북,군위군,일반의,2008,7
경북,군위군,일반의,2009,9
경북,군위군,일반의,2010,11
경북,군위군,일반의,2011,10
경북,군위군,일반의,2012,10
경북,군위군,일반의,2013,7
경북,군위군,일반의,2014,8
경북,군위군,일반의,2015,9
경북,군위군,일반의,2016,8
경북,군위군,일반의,2017,7
경북,군위군,일반의,2018,6
경북,군위군,일반의,2019,7
경북,군위군,일반의,2020,6
경북,군위군,일반의,2021,8
경북,군위군,일반의,2022,8
경북,군위군,일반의,2023,8
경북,군위군,일반의,2024,10
경북,군위군,일반의,2025,10
경북,군위군,전문의,2007,12
경북,군위군,전문의,2008,12
경북,군위군,전문의,2009,10
경북,군위군,전문의,2010,8
경북,군위군,전문의,2011,10
경북,군위군,전문의,2012,8
경북,군위군,전문의,2013,11
경북,군위군,전문의,2014,14
경북,군위군,전문의,2015,9
경북,군위군,전문의,2016,10
경북,군위군,전문의,2017,10
경북,군위군,전문의,2018,14
경북,군위군,전문의,2019,12
경북,군위군,전문의,2020,9
경북,군위군,전문의,2021,8
경북,군위군,전문의,2022,8
경북,군위군,전문의,2023,7
경북,군위군,전문의,2024,7
경북,군위군,전문의,2025,6
경북,김천시,total,2007,139
경북,김천시,total,2008,144
경북,김천시,total,2009,142
경북,김천시,total,2010,146
경북,김천시,total,2011,154
경북,김천시,total,2012,159
경북,김천시,total,2013,155
경북,김천시,total,2014,155
경북,김천시,total,2015,162
경북,김천시,total,2016,170
경북,김천시,total,2017,175
경북,김천시,total,2018,182
경북,김천시,total,2019,178
경북,김천시,total,2020,179
경북,김천시,total,2021,187
경북,김천시,total,2022,183
경북,김천시,total,2023,181
경북,김천시,total,2024,180
경북,김천시,total,2025,187
경북,김천시,레지던트,2007,0
경북,김천시,레지던트,2008,0
경북,김천시,레지던트,2009,0
경북,김천시,레지던트,2010,0
경북,김천시,레지던트,2011,0
경북,김천시,레지던트,2012,0
경북,김천시,레지던트,2013,0
경북,김천시,레지던트,2014,0
경북,김천시,레지던트,2015,0
경북,김천시,레지던트,2016,0
경북,김천시,레지던트,2017,0
경북,김천시,레지던트,2018,0
경북,김천시,레지던트,2019,0
경북,김천시,레지던트,2020,0
경북,김천시,레지던트,2021,0
경북,김천시,레지던트,2022,0
경북,김천시,레지던트,2023,0
경북,김천시,레지던트,2024,0
경북,김천시,레지던트,2025,0
경북,김천시,인턴,2007,0
경북,김천시,인턴,2008,0
경북,김천시,인턴,2009,0
경북,김천시,인턴,2010,0
경북,김천시,인턴,2011,0
경북,김천시,인턴,2012,0
경북,김천시,인턴,2013,0
경북,김천시,인턴,2014,0
경북,김천시,인턴,2015,0
경북,김천시,인턴,2016,0
경북,김천시,인턴,2017,0
경북,김천시,인턴,2018,0
경북,김천시,인턴,2019,0
경북,김천시,인턴,2020,1
경북,김천시,인턴,2021,0
경북,김천시,인턴,2022,0
경북,김천시,인턴,2023,1
경북,김천시,인턴,2024,0
경북,김천시,인턴,2025,0
경북,김천시,일반의,2007,15
경북,김천시,일반의,2008,17
경북,김천시,일반의,2009,10
경북,김천시,일반의,2010,14
경북,김천시,일반의,2011,14
경북,김천시,일반의,2012,18
경북,김천시,일반의,2013,17
경북,김천시,일반의,2014,13
경북,김천시,일반의,2015,9
경북,김천시,일반의,2016,12
경북,김천시,일반의,2017,9
경북,김천시,일반의,2018,13
경북,김천시,일반의,2019,16
경북,김천시,일반의,2020,21
경북,김천시,일반의,2021,20
경북,김천시,일반의,2022,19
경북,김천시,일반의,2023,15
경북,김천시,일반의,2024,14
경북,김천시,일반의,2025,17
경북,김천시,전문의,2007,124
경북,김천시,전문의,2008,127
경북,김천시,전문의,2009,132
경북,김천시,전문의,2010,132
경북,김천시,전문의,2011,140
경북,김천시,전문의,2012,141
경북,김천시,전문의,2013,138
경북,김천시,전문의,2014,142
경북,김천시,전문의,2015,153
경북,김천시,전문의,2016,158
경북,김천시,전문의,2017,166
경북,김천시,전문의,2018,169
경북,김천시,전문의,2019,162
경북,김천시,전문의,2020,157
경북,김천시,전문의,2021,167
경북,김천시,전문의,2022,164
경북,김천시,전문의,2023,165
경북,김천시,전문의,2024,166
경북,김천시,전문의,2025,170
경북,문경시,total,2007,78
경북,문경시,total,2008,85
경북,문경시,total,2009,91
경북,문경시,total,2010,98
경북,문경시,total,2011,100
경북,문경시,total,2012,103
경북,문경시,total,2013,103
경북,문경시,total,2014,101
경북,문경시,total,2015,104
경북,문경시,total,2016,108
경북,문경시,total,2017,107
경북,문경시,total,2018,104
경북,문경시,total,2019,103
경북,문경시,total,2020,102
경북,문경시,total,2021,103
경북,문경시,total,2022,101
경북,문경시,total,2023,96
경북,문경시,total,2024,95
경북,문경시,total,2025,95
경북,문경시,레지던트,2007,0
경북,문경시,레지던트,2008,0
경북,문경시,레지던트,2009,0
경북,문경시,레지던트,2010,0
경북,문경시,레지던트,2011,0
경북,문경시,레지던트,2012,0
경북,문경시,레지던트,2013,0
경북,문경시,레지던트,2014,0
경북,문경시,레지던트,2015,0
경북,문경시,레지던트,2016,0
경북,문경시,레지던트,2017,0
경북,문경시,레지던트,2018,0
경북,문경시,레지던트,2019,0
경북,문경시,레지던트,2020,0
경북,문경시,레지던트,2021,0
경북,문경시,레지던트,2022,0
경북,문경시,레지던트,2023,0
경북,문경시,레지던트,2024,0
경북,문경시,레지던트,2025,0
경북,문경시,인턴,2007,0
경북,문경시,인턴,2008,0
경북,문경시,인턴,2009,0
경북,문경시,인턴,2010,0
경북,문경시,인턴,2011,0
경북,문경시,인턴,2012,0
경북,문경시,인턴,2013,0
경북,문경시,인턴,2014,0
경북,문경시,인턴,2015,0
경북,문경시,인턴,2016,0
경북,문경시,인턴,2017,0
경북,문경시,인턴,2018,0
경북,문경시,인턴,2019,0
경북,문경시,인턴,2020,0
경북,문경시,인턴,2021,0
경북,문경시,인턴,2022,0
경북,문경시,인턴,2023,0
경북,문경시,인턴,2024,0
경북,문경시,인턴,2025,0
경북,문경시,일반의,2007,16
경북,문경시,일반의,2008,13
경북,문경시,일반의,2009,12
경북,문경시,일반의,2010,12
경북,문경시,일반의,2011,17
경북,문경시,일반의,2012,18
경북,문경시,일반의,2013,16
경북,문경시,일반의,2014,18
경북,문경시,일반의,2015,20
경북,문경시,일반의,2016,18
경북,문경시,일반의,2017,17
경북,문경시,일반의,2018,17
경북,문경시,일반의,2019,19
경북,문경시,일반의,2020,20
경북,문경시,일반의,2021,21
경북,문경시,일반의,2022,18
경북,문경시,일반의,2023,15
경북,문경시,일반의,2024,16
경북,문경시,일반의,2025,12
경북,문경시,전문의,2007,62
경북,문경시,전문의,2008,72
경북,문경시,전문의,2009,79
경북,문경시,전문의,2010,86
경북,문경시,전문의,2011,83
경북,문경시,전문의,2012,85
경북,문경시,전문의,2013,87
경북,문경시,전문의,2014,83
경북,문경시,전문의,2015,84
경북,문경시,전문의,2016,90
경북,문경시,전문의,2017,90
경북,문경시,전문의,2018,87
경북,문경시,전문의,2019,84
경북,문경시,전문의,2020,82
경북,문경시,전문의,2021,82
경북,문경시,전문의,2022,83
경북,문경시,전문의,2023,81
경북,문경시,전문의,2024,79
경북,문경시,전문의,2025,83
경북,봉화군,total,2007,24
경북,봉화군,total,2008,26
경북,봉화군,total,2009,27
경북,봉화군,total,2010,26
경북,봉화군,total,2011,29
경북,봉화군,total,2012,18
경북,봉화군,total,2013,25
경북,봉화군,total,2014,26
경북,봉화군,total,2015,25
경북,봉화군,total,2016,25
경북,봉화군,total,2017,26
경북,봉화군,total,2018,25
경북,봉화군,total,2019,25
경북,봉화군,total,2020,24
경북,봉화군,total,2021,26
경북,봉화군,total,2022,25
경북,봉화군,total,2023,22
경북,봉화군,total,2024,23
경북,봉화군,total,2025,22
경북,봉화군,레지던트,2007,0
경북,봉화군,레지던트,2008,0
경북,봉화군,레지던트,2009,0
경북,봉화군,레지던트,2010,0
경북,봉화군,레지던트,2011,0
경북,봉화군,레지던트,2012,0
경북,봉화군,레지던트,2013,0
경북,봉화군,레지던트,2014,0
경북,봉화군,레지던트,2015,0
경북,봉화군,레지던트,2016,0
경북,봉화군,레지던트,2017,0
경북,봉화군,레지던트,2018,0
경북,봉화군,레지던트,2019,0
경북,봉화군,레지던트,2020,0
경북,봉화군,레지던트,2021,0
경북,봉화군,레지던트,2022,0
경북,봉화군,레지던트,2023,0
경북,봉화군,레지던트,2024,0
경북,봉화군,레지던트,2025,0
경북,봉화군,인턴,2007,0
경북,봉화군,인턴,2008,0
경북,봉화군,인턴,2009,0
경북,봉화군,인턴,2010,0
경북,봉화군,인턴,2011,0
경북,봉화군,인턴,2012,0
경북,봉화군,인턴,2013,0
경북,봉화군,인턴,2014,0
경북,봉화군,인턴,2015,0
경북,봉화군,인턴,2016,0
경북,봉화군,인턴,2017,0
경북,봉화군,인턴,2018,0
경북,봉화군,인턴,2019,0
경북,봉화군,인턴,2020,0
경북,봉화군,인턴,2021,0
경북,봉화군,인턴,2022,0
경북,봉화군,인턴,2023,0
경북,봉화군,인턴,2024,0
경북,봉화군,인턴,2025,0
경북,봉화군,일반의,2007,12
경북,봉화군,일반의,2008,12
경북,봉화군,일반의,2009,14
경북,봉화군,일반의,2010,16
경북,봉화군,일반의,2011,16
경북,봉화군,일반의,2012,8
경북,봉화군,일반의,2013,11
경북,봉화군,일반의,2014,11
경북,봉화군,일반의,2015,9
경북,봉화군,일반의,2016,9
경북,봉화군,일반의,2017,13
경북,봉화군,일반의,2018,15
경북,봉화군,일반의,2019,14
경북,봉화군,일반의,2020,14
경북,봉화군,일반의,2021,15
경북,봉화군,일반의,2022,14
경북,봉화군,일반의,2023,12
경북,봉화군,일반의,2024,13
경북,봉화군,일반의,2025,11
경북,봉화군,전문의,2007,12
경북,봉화군,전문의,2008,14
경북,봉화군,전문의,2009,13
경북,봉화군,전문의,2010,10
경북,봉화군,전문의,2011,13
경북,봉화군,전문의,2012,10
경북,봉화군,전문의,2013,14
경북,봉화군,전문의,2014,15
경북,봉화군,전문의,2015,16
경북,봉화군,전문의,2016,16
경북,봉화군,전문의,2017,13
경북,봉화군,전문의,2018,10
경북,봉화군,전문의,2019,11
경북,봉화군,전문의,2020,10
경북,봉화군,전문의,2021,11
경북,봉화군,전문의,2022,11
경북,봉화군,전문의,2023,10
경북,봉화군,전문의,2024,10
경북,봉화군,전문의,2025,11
경북,상주시,total,2007,99
경북,상주시,total,2008,100
경북,상주시,total,2009,107
경북,상주시,total,2010,116
경북,상주시,total,2011,115
경북,상주시,total,2012,112
경북,상주시,total,2013,109
경북,상주시,total,2014,115
경북,상주시,total,2015,120
경북,상주시,total,2016,123
경북,상주시,total,2017,124
경북,상주시,total,2018,127
경북,상주시,total,2019,131
경북,상주시,total,2020,121
경북,상주시,total,2021,120
경북,상주시,total,2022,125
경북,상주시,total,2023,110
경북,상주시,total,2024,114
경북,상주시,total,2025,113
경북,상주시,레지던트,2007,0
경북,상주시,레지던트,2008,0
경북,상주시,레지던트,2009,0
경북,상주시,레지던트,2010,0
경북,상주시,레지던트,2011,0
경북,상주시,레지던트,2012,0
경북,상주시,레지던트,2013,0
경북,상주시,레지던트,2014,0
경북,상주시,레지던트,2015,0
경북,상주시,레지던트,2016,0
경북,상주시,레지던트,2017,0
경북,상주시,레지던트,2018,0
경북,상주시,레지던트,2019,0
경북,상주시,레지던트,2020,0
경북,상주시,레지던트,2021,0
경북,상주시,레지던트,2022,0
경북,상주시,레지던트,2023,0
경북,상주시,레지던트,2024,0
경북,상주시,레지던트,2025,0
경북,상주시,인턴,2007,0
경북,상주시,인턴,2008,0
경북,상주시,인턴,2009,0
경북,상주시,인턴,2010,0
경북,상주시,인턴,2011,0
경북,상주시,인턴,2012,0
경북,상주시,인턴,2013,0
경북,상주시,인턴,2014,0
경북,상주시,인턴,2015,0
경북,상주시,인턴,2016,0
경북,상주시,인턴,2017,0
경북,상주시,인턴,2018,0
경북,상주시,인턴,2019,0
경북,상주시,인턴,2020,2
경북,상주시,인턴,2021,2
경북,상주시,인턴,2022,3
경북,상주시,인턴,2023,1
경북,상주시,인턴,2024,0
경북,상주시,인턴,2025,0
경북,상주시,일반의,2007,19
경북,상주시,일반의,2008,20
경북,상주시,일반의,2009,20
경북,상주시,일반의,2010,22
경북,상주시,일반의,2011,26
경북,상주시,일반의,2012,22
경북,상주시,일반의,2013,18
경북,상주시,일반의,2014,12
경북,상주시,일반의,2015,14
경북,상주시,일반의,2016,18
경북,상주시,일반의,2017,18
경북,상주시,일반의,2018,17
경북,상주시,일반의,2019,15
경북,상주시,일반의,2020,18
경북,상주시,일반의,2021,19
경북,상주시,일반의,2022,18
경북,상주시,일반의,2023,13
경북,상주시,일반의,2024,13
경북,상주시,일반의,2025,15
경북,상주시,전문의,2007,80
경북,상주시,전문의,2008,80
경북,상주시,전문의,2009,87
경북,상주시,전문의,2010,94
경북,상주시,전문의,2011,89
경북,상주시,전문의,2012,90
경북,상주시,전문의,2013,91
경북,상주시,전문의,2014,103
경북,상주시,전문의,2015,106
경북,상주시,전문의,2016,105
경북,상주시,전문의,2017,106
경북,상주시,전문의,2018,110
경북,상주시,전문의,2019,116
경북,상주시,전문의,2020,101
경북,상주시,전문의,2021,99
경북,상주시,전문의,2022,104
경북,상주시,전문의,2023,96
경북,상주시,전문의,2024,101
경북,상주시,전문의,2025,98
경북,성주군,total,2007,33
경북,성주군,total,2008,36
경북,성주군,total,2009,36
경북,성주군,total,2010,38
경북,성주군,total,2011,43
경북,성주군,total,2012,45
경북,성주군,total,2013,41
경북,성주군,total,2014,49
경북,성주군,total,2015,52
경북,성주군,total,2016,46
경북,성주군,total,2017,50
경북,성주군,total,2018,55
경북,성주군,total,2019,54
경북,성주군,total,2020,51
경북,성주군,total,2021,51
경북,성주군,total,2022,49
경북,성주군,total,2023,41
경북,성주군,total,2024,39
경북,성주군,total,2025,36
경북,성주군,레지던트,2007,0
경북,성주군,레지던트,2008,0
경북,성주군,레지던트,2009,0
경북,성주군,레지던트,2010,0
경북,성주군,레지던트,2011,0
경북,성주군,레지던트,2012,0
경북,성주군,레지던트,2013,0
경북,성주군,레지던트,2014,0
경북,성주군,레지던트,2015,0
경북,성주군,레지던트,2016,0
경북,성주군,레지던트,2017,0
경북,성주군,레지던트,2018,0
경북,성주군,레지던트,2019,0
경북,성주군,레지던트,2020,0
경북,성주군,레지던트,2021,0
경북,성주군,레지던트,2022,0
경북,성주군,레지던트,2023,0
경북,성주군,레지던트,2024,0
경북,성주군,레지던트,2025,0
경북,성주군,인턴,2007,0
경북,성주군,인턴,2008,0
경북,성주군,인턴,2009,0
경북,성주군,인턴,2010,0
경북,성주군,인턴,2011,0
경북,성주군,인턴,2012,0
경북,성주군,인턴,2013,0
경북,성주군,인턴,2014,0
경북,성주군,인턴,2015,0
경북,성주군,인턴,2016,0
경북,성주군,인턴,2017,0
경북,성주군,인턴,2018,0
경북,성주군,인턴,2019,0
경북,성주군,인턴,2020,0
경북,성주군,인턴,2021,3
경북,성주군,인턴,2022,1
경북,성주군,인턴,2023,0
경북,성주군,인턴,2024,0
경북,성주군,인턴,2025,0
경북,성주군,일반의,2007,10
경북,성주군,일반의,2008,10
경북,성주군,일반의,2009,14
경북,성주군,일반의,2010,15
경북,성주군,일반의,2011,17
경북,성주군,일반의,2012,12
경북,성주군,일반의,2013,9
경북,성주군,일반의,2014,10
경북,성주군,일반의,2015,8
경북,성주군,일반의,2016,7
경북,성주군,일반의,2017,10
경북,성주군,일반의,2018,12
경북,성주군,일반의,2019,13
경북,성주군,일반의,2020,13
경북,성주군,일반의,2021,13
경북,성주군,일반의,2022,14
경북,성주군,일반의,2023,12
경북,성주군,일반의,2024,10
경북,성주군,일반의,2025,12
경북,성주군,전문의,2007,23
경북,성주군,전문의,2008,26
경북,성주군,전문의,2009,22
경북,성주군,전문의,2010,23
경북,성주군,전문의,2011,26
경북,성주군,전문의,2012,33
경북,성주군,전문의,2013,32
경북,성주군,전문의,2014,39
경북,성주군,전문의,2015,44
경북,성주군,전문의,2016,39
경북,성주군,전문의,2017,40
경북,성주군,전문의,2018,43
경북,성주군,전문의,2019,41
경북,성주군,전문의,2020,38
경북,성주군,전문의,2021,35
경북,성주군,전문의,2022,34
경북,성주군,전문의,2023,29
경북,성주군,전문의,2024,29
경북,성주군,전문의,2025,24
경북,안동시,total,2007,226
경북,안동시,total,2008,229
경북,안동시,total,2009,239
경북,안동시,total,2010,268
경북,안동시,total,2011,280
경북,안동시,total,2012,310
경북,안동시,total,2013,302
경북,안동시,total,2014,311
경북,안동시,total,2015,323
경북,안동시,total,2016,332
경북,안동시,total,2017,327
경북,안동시,total,2018,331
경북,안동시,total,2019,334
경북,안동시,total,2020,335
경북,안동시,total,2021,339
경북,안동시,total,2022,317
경북,안동시,total,2023,309
경북,안동시,total,2024,321
경북,안동시,total,2025,327
경북,안동시,레지던트,2007,1
경북,안동시,레지던트,2008,0
경북,안동시,레지던트,2009,0
경북,안동시,레지던트,2010,0
경북,안동시,레지던트,2011,0
경북,안동시,레지던트,2012,0
경북,안동시,레지던트,2013,0
경북,안동시,레지던트,2014,0
경북,안동시,레지던트,2015,0
경북,안동시,레지던트,2016,0
경북,안동시,레지던트,2017,0
경북,안동시,레지던트,2018,0
경북,안동시,레지던트,2019,0
경북,안동시,레지던트,2020,0
경북,안동시,레지던트,2021,0
경북,안동시,레지던트,2022,0
경북,안동시,레지던트,2023,0
경북,안동시,레지던트,2024,0
경북,안동시,레지던트,2025,0
경북,안동시,인턴,2007,0
경북,안동시,인턴,2008,0
경북,안동시,인턴,2009,0
경북,안동시,인턴,2010,0
경북,안동시,인턴,2011,0
경북,안동시,인턴,2012,7
경북,안동시,인턴,2013,0
경북,안동시,인턴,2014,0
경북,안동시,인턴,2015,0
경북,안동시,인턴,2016,0
경북,안동시,인턴,2017,0
경북,안동시,인턴,2018,0
경북,안동시,인턴,2019,0
경북,안동시,인턴,2020,0
경북,안동시,인턴,2021,1
경북,안동시,인턴,2022,0
경북,안동시,인턴,2023,1
경북,안동시,인턴,2024,0
경북,안동시,인턴,2025,0
경북,안동시,일반의,2007,29
경북,안동시,일반의,2008,29
경북,안동시,일반의,2009,23
경북,안동시,일반의,2010,29
경북,안동시,일반의,2011,26
경북,안동시,일반의,2012,27
경북,안동시,일반의,2013,19
경북,안동시,일반의,2014,17
경북,안동시,일반의,2015,23
경북,안동시,일반의,2016,21
경북,안동시,일반의,2017,22
경북,안동시,일반의,2018,23
경북,안동시,일반의,2019,21
경북,안동시,일반의,2020,24
경북,안동시,일반의,2021,21
경북,안동시,일반의,2022,18
경북,안동시,일반의,2023,20
경북,안동시,일반의,2024,19
경북,안동시,일반의,2025,21
경북,안동시,전문의,2007,196
경북,안동시,전문의,2008,200
경북,안동시,전문의,2009,216
경북,안동시,전문의,2010,239
경북,안동시,전문의,2011,254
경북,안동시,전문의,2012,276
경북,안동시,전문의,2013,283
경북,안동시,전문의,2014,294
경북,안동시,전문의,2015,300
경북,안동시,전문의,2016,311
경북,안동시,전문의,2017,305
경북,안동시,전문의,2018,308
경북,안동시,전문의,2019,313
경북,안동시,전문의,2020,311
경북,안동시,전문의,2021,317
경북,안동시,전문의,2022,299
경북,안동시,전문의,2023,288
경북,안동시,전문의,2024,302
경북,안동시,전문의,2025,306
경북,영덕군,total,2007,37
경북,영덕군,total,2008,37
경북,영덕군,total,2009,42
경북,영덕군,total,2010,41
경북,영덕군,total,2011,43
경북,영덕군,total,2012,38
경북,영덕군,total,2013,39
경북,영덕군,total,2014,39
경북,영덕군,total,2015,37
경북,영덕군,total,2016,37
경북,영덕군,total,2017,36
경북,영덕군,total,2018,41
경북,영덕군,total,2019,40
경북,영덕군,total,2020,40
경북,영덕군,total,2021,41
경북,영덕군,total,2022,43
경북,영덕군,total,2023,41
경북,영덕군,total,2024,40
경북,영덕군,total,2025,40
경북,영덕군,레지던트,2007,0
경북,영덕군,레지던트,2008,0
경북,영덕군,레지던트,2009,0
경북,영덕군,레지던트,2010,0
경북,영덕군,레지던트,2011,0
경북,영덕군,레지던트,2012,0
경북,영덕군,레지던트,2013,0
경북,영덕군,레지던트,2014,0
경북,영덕군,레지던트,2015,0
경북,영덕군,레지던트,2016,0
경북,영덕군,레지던트,2017,0
경북,영덕군,레지던트,2018,0
경북,영덕군,레지던트,2019,0
경북,영덕군,레지던트,2020,0
경북,영덕군,레지던트,2021,0
경북,영덕군,레지던트,2022,0
경북,영덕군,레지던트,2023,0
경북,영덕군,레지던트,2024,0
경북,영덕군,레지던트,2025,0
경북,영덕군,인턴,2007,0
경북,영덕군,인턴,2008,0
경북,영덕군,인턴,2009,0
경북,영덕군,인턴,2010,0
경북,영덕군,인턴,2011,0
경북,영덕군,인턴,2012,0
경북,영덕군,인턴,2013,0
경북,영덕군,인턴,2014,0
경북,영덕군,인턴,2015,0
경북,영덕군,인턴,2016,0
경북,영덕군,인턴,2017,0
경북,영덕군,인턴,2018,0
경북,영덕군,인턴,2019,0
경북,영덕군,인턴,2020,0
경북,영덕군,인턴,2021,2
경북,영덕군,인턴,2022,1
경북,영덕군,인턴,2023,0
경북,영덕군,인턴,2024,0
경북,영덕군,인턴,2025,0
경북,영덕군,일반의,2007,9
경북,영덕군,일반의,2008,9
경북,영덕군,일반의,2009,12
경북,영덕군,일반의,2010,13
경북,영덕군,일반의,2011,12
경북,영덕군,일반의,2012,6
경북,영덕군,일반의,2013,7
경북,영덕군,일반의,2014,6
경북,영덕군,일반의,2015,7
경북,영덕군,일반의,2016,5
경북,영덕군,일반의,2017,7
경북,영덕군,일반의,2018,9
경북,영덕군,일반의,2019,9
경북,영덕군,일반의,2020,10
경북,영덕군,일반의,2021,10
경북,영덕군,일반의,2022,11
경북,영덕군,일반의,2023,10
경북,영덕군,일반의,2024,9
경북,영덕군,일반의,2025,10
경북,영덕군,전문의,2007,28
경북,영덕군,전문의,2008,28
경북,영덕군,전문의,2009,30
경북,영덕군,전문의,2010,28
경북,영덕군,전문의,2011,31
경북,영덕군,전문의,2012,32
경북,영덕군,전문의,2013,32
경북,영덕군,전문의,2014,33
경북,영덕군,전문의,2015,30
경북,영덕군,전문의,2016,32
경북,영덕군,전문의,2017,29
경북,영덕군,전문의,2018,32
경북,영덕군,전문의,2019,31
경북,영덕군,전문의,2020,30
경북,영덕군,전문의,2021,29
경북,영덕군,전문의,2022,31
경북,영덕군,전문의,2023,31
경북,영덕군,전문의,2024,31
경북,영덕군,전문의,2025,30
경북,영양군,total,2007,12
경북,영양군,total,2008,12
경북,영양군,total,2009,12
경북,영양군,total,2010,13
경북,영양군,total,2011,15
경북,영양군,total,2012,14
경북,영양군,total,2013,13
경북,영양군,total,2014,12
경북,영양군,total,2015,12
경북,영양군,total,2016,11
경북,영양군,total,2017,8
경북,영양군,total,2018,11
경북,영양군,total,2019,10
경북,영양군,total,2020,10
경북,영양군,total,2021,12
경북,영양군,total,2022,13
경북,영양군,total,2023,9
경북,영양군,total,2024,8
경북,영양군,total,2025,8
경북,영양군,레지던트,2007,0
경북,영양군,레지던트,2008,0
경북,영양군,레지던트,2009,0
경북,영양군,레지던트,2010,0
경북,영양군,레지던트,2011,0
경북,영양군,레지던트,2012,0
경북,영양군,레지던트,2013,0
경북,영양군,레지던트,2014,0
경북,영양군,레지던트,2015,0
경북,영양군,레지던트,2016,0
경북,영양군,레지던트,2017,0
경북,영양군,레지던트,2018,0
경북,영양군,레지던트,2019,0
경북,영양군,레지던트,2020,0
경북,영양군,레지던트,2021,0
경북,영양군,레지던트,2022,0
경북,영양군,레지던트,2023,0
경북,영양군,레지던트,2024,0
경북,영양군,레지던트,2025,0
경북,영양군,인턴,2007,0
경북,영양군,인턴,2008,0
경북,영양군,인턴,2009,0
경북,영양군,인턴,2010,0
경북,영양군,인턴,2011,0
경북,영양군,인턴,2012,0
경북,영양군,인턴,2013,0
경북,영양군,인턴,2014,0
경북,영양군,인턴,2015,0
경북,영양군,인턴,2016,0
경북,영양군,인턴,2017,0
경북,영양군,인턴,2018,0
경북,영양군,인턴,2019,0
경북,영양군,인턴,2020,1
경북,영양군,인턴,2021,0
경북,영양군,인턴,2022,0
경북,영양군,인턴,2023,1
경북,영양군,인턴,2024,2
경북,영양군,인턴,2025,0
경북,영양군,일반의,2007,9
경북,영양군,일반의,2008,8
경북,영양군,일반의,2009,7
경북,영양군,일반의,2010,4
경북,영양군,일반의,2011,7
경북,영양군,일반의,2012,4
경북,영양군,일반의,2013,6
경북,영양군,일반의,2014,5
경북,영양군,일반의,2015,6
경북,영양군,일반의,2016,4
경북,영양군,일반의,2017,2
경북,영양군,일반의,2018,3
경북,영양군,일반의,2019,5
경북,영양군,일반의,2020,6
경북,영양군,일반의,2021,7
경북,영양군,일반의,2022,8
경북,영양군,일반의,2023,4
경북,영양군,일반의,2024,4
경북,영양군,일반의,2025,6
경북,영양군,전문의,2007,3
경북,영양군,전문의,2008,4
경북,영양군,전문의,2009,5
경북,영양군,전문의,2010,9
경북,영양군,전문의,2011,8
경북,영양군,전문의,2012,10
경북,영양군,전문의,2013,7
경북,영양군,전문의,2014,7
경북,영양군,전문의,2015,6
경북,영양군,전문의,2016,7
경북,영양군,전문의,2017,6
경북,영양군,전문의,2018,8
경북,영양군,전문의,2019,5
경북,영양군,전문의,2020,3
경북,영양군,전문의,2021,5
경북,영양군,전문의,2022,5
경북,영양군,전문의,2023,4
경북,영양군,전문의,2024,2
경북,영양군,전문의,2025,2
경북,영주시,total,2007,88
경북,영주시,total,2008,87
경북,영주시,total,2009,95
경북,영주시,total,2010,97
경북,영주시,total,2011,106
경북,영주시,total,2012,104
경북,영주시,total,2013,110
경북,영주시,total,2014,117
경북,영주시,total,2015,125
경북,영주시,total,2016,129
경북,영주시,total,2017,130
경북,영주시,total,2018,129
경북,영주시,total,2019,129
경북,영주시,total,2020,142
경북,영주시,total,2021,149
경북,영주시,total,2022,147
경북,영주시,total,2023,140
경북,영주시,total,2024,135
경북,영주시,total,2025,126
경북,영주시,레지던트,2007,0
경북,영주시,레지던트,2008,0
경북,영주시,레지던트,2009,0
경북,영주시,레지던트,2010,0
경북,영주시,레지던트,2011,0
경북,영주시,레지던트,2012,0
경북,영주시,레지던트,2013,0
경북,영주시,레지던트,2014,0
경북,영주시,레지던트,2015,0
경북,영주시,레지던트,2016,0
경북,영주시,레지던트,2017,0
경북,영주시,레지던트,2018,0
경북,영주시,레지던트,2019,0
경북,영주시,레지던트,2020,0
경북,영주시,레지던트,2021,0
경북,영주시,레지던트,2022,0
경북,영주시,레지던트,2023,0
경북,영주시,레지던트,2024,0
경북,영주시,레지던트,2025,0
경북,영주시,인턴,2007,0
경북,영주시,인턴,2008,0
경북,영주시,인턴,2009,0
경북,영주시,인턴,2010,0
경북,영주시,인턴,2011,0
경북,영주시,인턴,2012,0
경북,영주시,인턴,2013,0
경북,영주시,인턴,2014,0
경북,영주시,인턴,2015,0
경북,영주시,인턴,2016,0
경북,영주시,인턴,2017,0
경북,영주시,인턴,2018,0
경북,영주시,인턴,2019,0
경북,영주시,인턴,2020,0
경북,영주시,인턴,2021,0
경북,영주시,인턴,2022,0
경북,영주시,인턴,2023,0
경북,영주시,인턴,2024,0
경북,영주시,인턴,2025,0
경북,영주시,일반의,2007,17
경북,영주시,일반의,2008,16
경북,영주시,일반의,2009,12
경북,영주시,일반의,2010,12
경북,영주시,일반의,2011,18
경북,영주시,일반의,2012,19
경북,영주시,일반의,2013,18
경북,영주시,일반의,2014,18
경북,영주시,일반의,2015,17
경북,영주시,일반의,2016,15
경북,영주시,일반의,2017,18
경북,영주시,일반의,2018,19
경북,영주시,일반의,2019,21
경북,영주시,일반의,2020,21
경북,영주시,일반의,2021,26
경북,영주시,일반의,2022,24
경북,영주시,일반의,2023,18
경북,영주시,일반의,2024,15
경북,영주시,일반의,2025,15
경북,영주시,전문의,2007,71
경북,영주시,전문의,2008,71
경북,영주시,전문의,2009,83
경북,영주시,전문의,2010,85
경북,영주시,전문의,2011,88
경북,영주시,전문의,2012,85
경북,영주시,전문의,2013,92
경북,영주시,전문의,2014,99
경북,영주시,전문의,2015,108
경북,영주시,전문의,2016,114
경북,영주시,전문의,2017,112
경북,영주시,전문의,2018,110
경북,영주시,전문의,2019,108
경북,영주시,전문의,2020,121
경북,영주시,전문의,2021,123
경북,영주시,전문의,2022,123
경북,영주시,전문의,2023,122
경북,영주시,전문의,2024,120
경북,영주시,전문의,2025,111
경북,영천시,total,2007,110
경북,영천시,total,2008,118
경북,영천시,total,2009,131
경북,영천시,total,2010,126
경북,영천시,total,2011,134
경북,영천시,total,2012,129
경북,영천시,total,2013,126
경북,영천시,total,2014,131
경북,영천시,total,2015,127
경북,영천시,total,2016,127
경북,영천시,total,2017,136
경북,영천시,total,2018,132
경북,영천시,total,2019,130
경북,영천시,total,2020,129
경북,영천시,total,2021,131
경북,영천시,total,2022,128
경북,영천시,total,2023,131
경북,영천시,total,2024,135
경북,영천시,total,2025,139
경북,영천시,레지던트,2007,0
경북,영천시,레지던트,2008,0
경북,영천시,레지던트,2009,0
경북,영천시,레지던트,2010,0
경북,영천시,레지던트,2011,0
경북,영천시,레지던트,2012,0
경북,영천시,레지던트,2013,0
경북,영천시,레지던트,2014,0
경북,영천시,레지던트,2015,0
경북,영천시,레지던트,2016,0
경북,영천시,레지던트,2017,0
경북,영천시,레지던트,2018,0
경북,영천시,레지던트,2019,0
경북,영천시,레지던트,2020,0
경북,영천시,레지던트,2021,0
경북,영천시,레지던트,2022,0
경북,영천시,레지던트,2023,0
경북,영천시,레지던트,2024,0
경북,영천시,레지던트,2025,0
경북,영천시,인턴,2007,0
경북,영천시,인턴,2008,0
경북,영천시,인턴,2009,0
경북,영천시,인턴,2010,0
경북,영천시,인턴,2011,0
경북,영천시,인턴,2012,0
경북,영천시,인턴,2013,3
경북,영천시,인턴,2014,3
경북,영천시,인턴,2015,0
경북,영천시,인턴,2016,0
경북,영천시,인턴,2017,0
경북,영천시,인턴,2018,0
경북,영천시,인턴,2019,0
경북,영천시,인턴,2020,0
경북,영천시,인턴,2021,0
경북,영천시,인턴,2022,0
경북,영천시,인턴,2023,0
경북,영천시,인턴,2024,0
경북,영천시,인턴,2025,0
경북,영천시,일반의,2007,14
경북,영천시,일반의,2008,11
경북,영천시,일반의,2009,15
경북,영천시,일반의,2010,10
경북,영천시,일반의,2011,19
경북,영천시,일반의,2012,12
경북,영천시,일반의,2013,8
경북,영천시,일반의,2014,7
경북,영천시,일반의,2015,6
경북,영천시,일반의,2016,6
경북,영천시,일반의,2017,8
경북,영천시,일반의,2018,14
경북,영천시,일반의,2019,15
경북,영천시,일반의,2020,16
경북,영천시,일반의,2021,17
경북,영천시,일반의,2022,16
경북,영천시,일반의,2023,13
경북,영천시,일반의,2024,14
경북,영천시,일반의,2025,17
경북,영천시,전문의,2007,96
경북,영천시,전문의,2008,107
경북,영천시,전문의,2009,116
경북,영천시,전문의,2010,116
경북,영천시,전문의,2011,115
경북,영천시,전문의,2012,117
경북,영천시,전문의,2013,115
경북,영천시,전문의,2014,121
경북,영천시,전문의,2015,121
경북,영천시,전문의,2016,121
경북,영천시,전문의,2017,128
경북,영천시,전문의,2018,118
경북,영천시,전문의,2019,115
경북,영천시,전문의,2020,113
경북,영천시,전문의,2021,114
경북,영천시,전문의,2022,112
경북,영천시,전문의,2023,118
경북,영천시,전문의,2024,121
경북,영천시,전문의,2025,122
경북,예천군,total,2007,41
경북,예천군,total,2008,37
경북,예천군,total,2009,40
경북,예천군,total,2010,37
경북,예천군,total,2011,36
경북,예천군,total,2012,37
경북,예천군,total,2013,41
경북,예천군,total,2014,43
경북,예천군,total,2015,44
경북,예천군,total,2016,44
경북,예천군,total,2017,48
경북,예천군,total,2018,51
경북,예천군,total,2019,51
경북,예천군,total,2020,56
경북,예천군,total,2021,56
경북,예천군,total,2022,55
경북,예천군,total,2023,51
경북,예천군,total,2024,50
경북,예천군,total,2025,50
경북,예천군,레지던트,2007,0
경북,예천군,레지던트,2008,0
경북,예천군,레지던트,2009,0
경북,예천군,레지던트,2010,0
경북,예천군,레지던트,2011,0
경북,예천군,레지던트,2012,0
경북,예천군,레지던트,2013,0
경북,예천군,레지던트,2014,0
경북,예천군,레지던트,2015,0
경북,예천군,레지던트,2016,0
경북,예천군,레지던트,2017,0
경북,예천군,레지던트,2018,0
경북,예천군,레지던트,2019,0
경북,예천군,레지던트,2020,0
경북,예천군,레지던트,2021,0
경북,예천군,레지던트,2022,0
경북,예천군,레지던트,2023,0
경북,예천군,레지던트,2024,0
경북,예천군,레지던트,2025,0
경북,예천군,인턴,2007,0
경북,예천군,인턴,2008,0
경북,예천군,인턴,2009,0
경북,예천군,인턴,2010,0
경북,예천군,인턴,2011,0
경북,예천군,인턴,2012,0
경북,예천군,인턴,2013,0
경북,예천군,인턴,2014,0
경북,예천군,인턴,2015,0
경북,예천군,인턴,2016,0
경북,예천군,인턴,2017,0
경북,예천군,인턴,2018,0
경북,예천군,인턴,2019,0
경북,예천군,인턴,2020,0
경북,예천군,인턴,2021,0
경북,예천군,인턴,2022,0
경북,예천군,인턴,2023,0
경북,예천군,인턴,2024,0
경북,예천군,인턴,2025,0
경북,예천군,일반의,2007,14
경북,예천군,일반의,2008,12
경북,예천군,일반의,2009,17
경북,예천군,일반의,2010,14
경북,예천군,일반의,2011,14
경북,예천군,일반의,2012,7
경북,예천군,일반의,2013,8
경북,예천군,일반의,2014,9
경북,예천군,일반의,2015,10
경북,예천군,일반의,2016,13
경북,예천군,일반의,2017,11
경북,예천군,일반의,2018,11
경북,예천군,일반의,2019,12
경북,예천군,일반의,2020,16
경북,예천군,일반의,2021,19
경북,예천군,일반의,2022,20
경북,예천군,일반의,2023,13
경북,예천군,일반의,2024,14
경북,예천군,일반의,2025,14
경북,예천군,전문의,2007,27
경북,예천군,전문의,2008,25
경북,예천군,전문의,2009,23
경북,예천군,전문의,2010,23
경북,예천군,전문의,2011,22
경북,예천군,전문의,2012,30
경북,예천군,전문의,2013,33
경북,예천군,전문의,2014,34
경북,예천군,전문의,2015,34
경북,예천군,전문의,2016,31
경북,예천군,전문의,2017,37
경북,예천군,전문의,2018,40
경북,예천군,전문의,2019,39
경북,예천군,전문의,2020,40
경북,예천군,전문의,2021,37
경북,예천군,전문의,2022,35
경북,예천군,전문의,2023,38
경북,예천군,전문의,2024,36
경북,예천군,전문의,2025,36
경북,울릉군,total,2007,13
경북,울릉군,total,2008,13
경북,울릉군,total,2009,14
경북,울릉군,total,2010,17
경북,울릉군,total,2011,17
경북,울릉군,total,2012,17
경북,울릉군,total,2013,17
경북,울릉군,total,2014,17
경북,울릉군,total,2015,18
경북,울릉군,total,2016,18
경북,울릉군,total,2017,17
경북,울릉군,total,2018,18
경북,울릉군,total,2019,17
경북,울릉군,total,2020,18
경북,울릉군,total,2021,14
경북,울릉군,total,2022,14
경북,울릉군,total,2023,16
경북,울릉군,total,2024,15
경북,울릉군,total,2025,17
경북,울릉군,레지던트,2007,0
경북,울릉군,레지던트,2008,0
경북,울릉군,레지던트,2009,0
경북,울릉군,레지던트,2010,0
경북,울릉군,레지던트,2011,0
경북,울릉군,레지던트,2012,0
경북,울릉군,레지던트,2013,0
경북,울릉군,레지던트,2014,0
경북,울릉군,레지던트,2015,0
경북,울릉군,레지던트,2016,0
경북,울릉군,레지던트,2017,0
경북,울릉군,레지던트,2018,0
경북,울릉군,레지던트,2019,0
경북,울릉군,레지던트,2020,0
경북,울릉군,레지던트,2021,0
경북,울릉군,레지던트,2022,0
경북,울릉군,레지던트,2023,0
경북,울릉군,레지던트,2024,0
경북,울릉군,레지던트,2025,0
경북,울릉군,인턴,2007,0
경북,울릉군,인턴,2008,0
경북,울릉군,인턴,2009,0
경북,울릉군,인턴,2010,0
경북,울릉군,인턴,2011,0
경북,울릉군,인턴,2012,0
경북,울릉군,인턴,2013,0
경북,울릉군,인턴,2014,0
경북,울릉군,인턴,2015,0
경북,울릉군,인턴,2016,0
경북,울릉군,인턴,2017,0
경북,울릉군,인턴,2018,0
경북,울릉군,인턴,2019,0
경북,울릉군,인턴,2020,0
경북,울릉군,인턴,2021,0
경북,울릉군,인턴,2022,0
경북,울릉군,인턴,2023,1
경북,울릉군,인턴,2024,2
경북,울릉군,인턴,2025,0
경북,울릉군,일반의,2007,3
경북,울릉군,일반의,2008,3
경북,울릉군,일반의,2009,2
경북,울릉군,일반의,2010,4
경북,울릉군,일반의,2011,5
경북,울릉군,일반의,2012,4
경북,울릉군,일반의,2013,1
경북,울릉군,일반의,2014,0
경북,울릉군,일반의,2015,0
경북,울릉군,일반의,2016,0
경북,울릉군,일반의,2017,0
경북,울릉군,일반의,2018,0
경북,울릉군,일반의,2019,8
경북,울릉군,일반의,2020,6
경북,울릉군,일반의,2021,3
경북,울릉군,일반의,2022,3
경북,울릉군,일반의,2023,2
경북,울릉군,일반의,2024,1
경북,울릉군,일반의,2025,8
경북,울릉군,전문의,2007,10
경북,울릉군,전문의,2008,10
경북,울릉군,전문의,2009,12
경북,울릉군,전문의,2010,13
경북,울릉군,전문의,2011,12
경북,울릉군,전문의,2012,13
경북,울릉군,전문의,2013,16
경북,울릉군,전문의,2014,17
경북,울릉군,전문의,2015,18
경북,울릉군,전문의,2016,18
경북,울릉군,전문의,2017,17
경북,울릉군,전문의,2018,18
경북,울릉군,전문의,2019,9
경북,울릉군,전문의,2020,12
경북,울릉군,전문의,2021,11
경북,울릉군,전문의,2022,11
경북,울릉군,전문의,2023,13
경북,울릉군,전문의,2024,12
경북,울릉군,전문의,2025,9
경북,울진군,total,2007,44
경북,울진군,total,2008,40
경북,울진군,total,2009,39
경북,울진군,total,2010,42
경북,울진군,total,2011,44
경북,울진군,total,2012,40
경북,울진군,total,2013,40
경북,울진군,total,2014,47
경북,울진군,total,2015,49
경북,울진군,total,2016,50
경북,울진군,total,2017,52
경북,울진군,total,2018,56
경북,울진군,total,2019,54
경북,울진군,total,2020,51
경북,울진군,total,2021,56
경북,울진군,total,2022,53
경북,울진군,total,2023,53
경북,울진군,total,2024,49
경북,울진군,total,2025,51
경북,울진군,레지던트,2007,0
경북,울진군,레지던트,2008,0
경북,울진군,레지던트,2009,0
경북,울진군,레지던트,2010,0
경북,울진군,레지던트,2011,0
경북,울진군,레지던트,2012,0
경북,울진군,레지던트,2013,0
경북,울진군,레지던트,2014,0
경북,울진군,레지던트,2015,0
경북,울진군,레지던트,2016,0
경북,울진군,레지던트,2017,0
경북,울진군,레지던트,2018,0
경북,울진군,레지던트,2019,0
경북,울진군,레지던트,2020,0
경북,울진군,레지던트,2021,0
경북,울진군,레지던트,2022,0
경북,울진군,레지던트,2023,0
경북,울진군,레지던트,2024,0
경북,울진군,레지던트,2025,0
경북,울진군,인턴,2007,0
경북,울진군,인턴,2008,0
경북,울진군,인턴,2009,0
경북,울진군,인턴,2010,0
경북,울진군,인턴,2011,0
경북,울진군,인턴,2012,0
경북,울진군,인턴,2013,0
경북,울진군,인턴,2014,0
경북,울진군,인턴,2015,0
경북,울진군,인턴,2016,0
경북,울진군,인턴,2017,0
경북,울진군,인턴,2018,0
경북,울진군,인턴,2019,0
경북,울진군,인턴,2020,0
경북,울진군,인턴,2021,0
경북,울진군,인턴,2022,0
경북,울진군,인턴,2023,1
경북,울진군,인턴,2024,0
경북,울진군,인턴,2025,0
경북,울진군,일반의,2007,11
경북,울진군,일반의,2008,9
경북,울진군,일반의,2009,6
경북,울진군,일반의,2010,8
경북,울진군,일반의,2011,9
경북,울진군,일반의,2012,6
경북,울진군,일반의,2013,5
경북,울진군,일반의,2014,7
경북,울진군,일반의,2015,6
경북,울진군,일반의,2016,6
경북,울진군,일반의,2017,9
경북,울진군,일반의,2018,10
경북,울진군,일반의,2019,10
경북,울진군,일반의,2020,12
경북,울진군,일반의,2021,11
경북,울진군,일반의,2022,12
경북,울진군,일반의,2023,12
경북,울진군,일반의,2024,9
경북,울진군,일반의,2025,9
경북,울진군,전문의,2007,33
경북,울진군,전문의,2008,31
경북,울진군,전문의,2009,33
경북,울진군,전문의,2010,34
경북,울진군,전문의,2011,35
경북,울진군,전문의,2012,34
경북,울진군,전문의,2013,35
경북,울진군,전문의,2014,40
경북,울진군,전문의,2015,43
경북,울진군,전문의,2016,44
경북,울진군,전문의,2017,43
경북,울진군,전문의,2018,46
경북,울진군,전문의,2019,44
경북,울진군,전문의,2020,39
경북,울진군,전문의,2021,45
경북,울진군,전문의,2022,41
경북,울진군,전문의,2023,40
경북,울진군,전문의,2024,40
경북,울진군,전문의,2025,42
경북,의성군,total,2007,52
경북,의성군,total,2008,55
경북,의성군,total,2009,63
경북,의성군,total,2010,62
경북,의성군,total,2011,61
경북,의성군,total,2012,57
경북,의성군,total,2013,61
경북,의성군,total,2014,61
경북,의성군,total,2015,58
경북,의성군,total,2016,54
경북,의성군,total,2017,59
경북,의성군,total,2018,65
경북,의성군,total,2019,61
경북,의성군,total,2020,67
경북,의성군,total,2021,64
경북,의성군,total,2022,60
경북,의성군,total,2023,56
경북,의성군,total,2024,53
경북,의성군,total,2025,54
경북,의성군,레지던트,2007,0
경북,의성군,레지던트,2008,0
경북,의성군,레지던트,2009,0
경북,의성군,레지던트,2010,0
경북,의성군,레지던트,2011,0
경북,의성군,레지던트,2012,0
경북,의성군,레지던트,2013,0
경북,의성군,레지던트,2014,0
경북,의성군,레지던트,2015,0
경북,의성군,레지던트,2016,0
경북,의성군,레지던트,2017,0
경북,의성군,레지던트,2018,0
경북,의성군,레지던트,2019,0
경북,의성군,레지던트,2020,0
경북,의성군,레지던트,2021,0
경북,의성군,레지던트,2022,0
경북,의성군,레지던트,2023,0
경북,의성군,레지던트,2024,0
경북,의성군,레지던트,2025,0
경북,의성군,인턴,2007,0
경북,의성군,인턴,2008,0
경북,의성군,인턴,2009,0
경북,의성군,인턴,2010,0
경북,의성군,인턴,2011,0
경북,의성군,인턴,2012,0
경북,의성군,인턴,2013,0
경북,의성군,인턴,2014,0
경북,의성군,인턴,2015,0
경북,의성군,인턴,2016,0
경북,의성군,인턴,2017,0
경북,의성군,인턴,2018,0
경북,의성군,인턴,2019,0
경북,의성군,인턴,2020,1
경북,의성군,인턴,2021,1
경북,의성군,인턴,2022,2
경북,의성군,인턴,2023,2
경북,의성군,인턴,2024,2
경북,의성군,인턴,2025,0
경북,의성군,일반의,2007,15
경북,의성군,일반의,2008,19
경북,의성군,일반의,2009,24
경북,의성군,일반의,2010,21
경북,의성군,일반의,2011,22
경북,의성군,일반의,2012,20
경북,의성군,일반의,2013,21
경북,의성군,일반의,2014,16
경북,의성군,일반의,2015,14
경북,의성군,일반의,2016,11
경북,의성군,일반의,2017,13
경북,의성군,일반의,2018,13
경북,의성군,일반의,2019,17
경북,의성군,일반의,2020,23
경북,의성군,일반의,2021,23
경북,의성군,일반의,2022,21
경북,의성군,일반의,2023,19
경북,의성군,일반의,2024,16
경북,의성군,일반의,2025,19
경북,의성군,전문의,2007,37
경북,의성군,전문의,2008,36
경북,의성군,전문의,2009,39
경북,의성군,전문의,2010,41
경북,의성군,전문의,2011,39
경북,의성군,전문의,2012,37
경북,의성군,전문의,2013,40
경북,의성군,전문의,2014,45
경북,의성군,전문의,2015,44
경북,의성군,전문의,2016,43
경북,의성군,전문의,2017,46
경북,의성군,전문의,2018,52
경북,의성군,전문의,2019,44
경북,의성군,전문의,2020,43
경북,의성군,전문의,2021,40
경북,의성군,전문의,2022,37
경북,의성군,전문의,2023,35
경북,의성군,전문의,2024,35
경북,의성군,전문의,2025,35
경북,청도군,total,2007,42
경북,청도군,total,2008,45
경북,청도군,total,2009,48
경북,청도군,total,2010,52
경북,청도군,total,2011,53
경북,청도군,total,2012,54
경북,청도군,total,2013,55
경북,청도군,total,2014,55
경북,청도군,total,2015,60
경북,청도군,total,2016,63
경북,청도군,total,2017,61
경북,청도군,total,2018,60
경북,청도군,total,2019,60
경북,청도군,total,2020,52
경북,청도군,total,2021,47
경북,청도군,total,2022,54
경북,청도군,total,2023,50
경북,청도군,total,2024,51
경북,청도군,total,2025,49
경북,청도군,레지던트,2007,0
경북,청도군,레지던트,2008,0
경북,청도군,레지던트,2009,0
경북,청도군,레지던트,2010,0
경북,청도군,레지던트,2011,0
경북,청도군,레지던트,2012,0
경북,청도군,레지던트,2013,0
경북,청도군,레지던트,2014,0
경북,청도군,레지던트,2015,0
경북,청도군,레지던트,2016,0
경북,청도군,레지던트,2017,0
경북,청도군,레지던트,2018,0
경북,청도군,레지던트,2019,0
경북,청도군,레지던트,2020,0
경북,청도군,레지던트,2021,0
경북,청도군,레지던트,2022,0
경북,청도군,레지던트,2023,0
경북,청도군,레지던트,2024,0
경북,청도군,레지던트,2025,0
경북,청도군,인턴,2007,0
경북,청도군,인턴,2008,0
경북,청도군,인턴,2009,0
경북,청도군,인턴,2010,0
경북,청도군,인턴,2011,0
경북,청도군,인턴,2012,0
경북,청도군,인턴,2013,0
경북,청도군,인턴,2014,0
경북,청도군,인턴,2015,0
경북,청도군,인턴,2016,0
경북,청도군,인턴,2017,0
경북,청도군,인턴,2018,0
경북,청도군,인턴,2019,0
경북,청도군,인턴,2020,0
경북,청도군,인턴,2021,0
경북,청도군,인턴,2022,0
경북,청도군,인턴,2023,0
경북,청도군,인턴,2024,0
경북,청도군,인턴,2025,0
경북,청도군,일반의,2007,10
경북,청도군,일반의,2008,11
경북,청도군,일반의,2009,7
경북,청도군,일반의,2010,9
경북,청도군,일반의,2011,8
경북,청도군,일반의,2012,10
경북,청도군,일반의,2013,10
경북,청도군,일반의,2014,11
경북,청도군,일반의,2015,13
경북,청도군,일반의,2016,11
경북,청도군,일반의,2017,9
경북,청도군,일반의,2018,7
경북,청도군,일반의,2019,10
경북,청도군,일반의,2020,12
경북,청도군,일반의,2021,14
경북,청도군,일반의,2022,14
경북,청도군,일반의,2023,10
경북,청도군,일반의,2024,10
경북,청도군,일반의,2025,11
경북,청도군,전문의,2007,32
경북,청도군,전문의,2008,34
경북,청도군,전문의,2009,41
경북,청도군,전문의,2010,43
경북,청도군,전문의,2011,45
경북,청도군,전문의,2012,44
경북,청도군,전문의,2013,45
경북,청도군,전문의,2014,44
경북,청도군,전문의,2015,47
경북,청도군,전문의,2016,52
경북,청도군,전문의,2017,52
경북,청도군,전문의,2018,53
경북,청도군,전문의,2019,50
경북,청도군,전문의,2020,40
경북,청도군,전문의,2021,33
경북,청도군,전문의,2022,40
경북,청도군,전문의,2023,40
경북,청도군,전문의,2024,41
경북,청도군,전문의,2025,38
경북,청송군,total,2007,26
경북,청송군,total,2008,26
경북,청송군,total,2009,28
경북,청송군,total,2010,31
경북,청송군,total,2011,32
경북,청송군,total,2012,31
경북,청송군,total,2013,28
경북,청송군,total,2014,31
경북,청송군,total,2015,34
경북,청송군,total,2016,33
경북,청송군,total,2017,32
경북,청송군,total,2018,35
경북,청송군,total,2019,33
경북,청송군,total,2020,37
경북,청송군,total,2021,35
경북,청송군,total,2022,34
경북,청송군,total,2023,32
경북,청송군,total,2024,28
경북,청송군,total,2025,28
경북,청송군,레지던트,2007,0
경북,청송군,레지던트,2008,0
경북,청송군,레지던트,2009,0
경북,청송군,레지던트,2010,0
경북,청송군,레지던트,2011,0
경북,청송군,레지던트,2012,0
경북,청송군,레지던트,2013,0
경북,청송군,레지던트,2014,0
경북,청송군,레지던트,2015,0
경북,청송군,레지던트,2016,0
경북,청송군,레지던트,2017,0
경북,청송군,레지던트,2018,0
경북,청송군,레지던트,2019,0
경북,청송군,레지던트,2020,0
경북,청송군,레지던트,2021,0
경북,청송군,레지던트,2022,0
경북,청송군,레지던트,2023,0
경북,청송군,레지던트,2024,0
경북,청송군,레지던트,2025,0
경북,청송군,인턴,2007,0
경북,청송군,인턴,2008,0
경북,청송군,인턴,2009,0
경북,청송군,인턴,2010,0
경북,청송군,인턴,2011,0
경북,청송군,인턴,2012,0
경북,청송군,인턴,2013,0
경북,청송군,인턴,2014,0
경북,청송군,인턴,2015,0
경북,청송군,인턴,2016,0
경북,청송군,인턴,2017,0
경북,청송군,인턴,2018,0
경북,청송군,인턴,2019,0
경북,청송군,인턴,2020,1
경북,청송군,인턴,2021,0
경북,청송군,인턴,2022,0
경북,청송군,인턴,2023,1
경북,청송군,인턴,2024,0
경북,청송군,인턴,2025,0
경북,청송군,일반의,2007,10
경북,청송군,일반의,2008,9
경북,청송군,일반의,2009,9
경북,청송군,일반의,2010,13
경북,청송군,일반의,2011,11
경북,청송군,일반의,2012,9
경북,청송군,일반의,2013,6
경북,청송군,일반의,2014,6
경북,청송군,일반의,2015,6
경북,청송군,일반의,2016,5
경북,청송군,일반의,2017,3
경북,청송군,일반의,2018,6
경북,청송군,일반의,2019,8
경북,청송군,일반의,2020,10
경북,청송군,일반의,2021,10
경북,청송군,일반의,2022,10
경북,청송군,일반의,2023,10
경북,청송군,일반의,2024,7
경북,청송군,일반의,2025,7
경북,청송군,전문의,2007,16
경북,청송군,전문의,2008,17
경북,청송군,전문의,2009,19
경북,청송군,전문의,2010,18
경북,청송군,전문의,2011,21
경북,청송군,전문의,2012,22
경북,청송군,전문의,2013,22
경북,청송군,전문의,2014,25
경북,청송군,전문의,2015,28
경북,청송군,전문의,2016,28
경북,청송군,전문의,2017,29
경북,청송군,전문의,2018,29
경북,청송군,전문의,2019,25
경북,청송군,전문의,2020,26
경북,청송군,전문의,2021,25
경북,청송군,전문의,2022,24
경북,청송군,전문의,2023,21
경북,청송군,전문의,2024,21
경북,청송군,전문의,2025,21
경북,칠곡군,total,2007,79
경북,칠곡군,total,2008,74
경북,칠곡군,total,2009,82
경북,칠곡군,total,2010,84
경북,칠곡군,total,2011,92
경북,칠곡군,total,2012,92
경북,칠곡군,total,2013,93
경북,칠곡군,total,2014,94
경북,칠곡군,total,2015,91
경북,칠곡군,total,2016,95
경북,칠곡군,total,2017,93
경북,칠곡군,total,2018,95
경북,칠곡군,total,2019,93
경북,칠곡군,total,2020,95
경북,칠곡군,total,2021,94
경북,칠곡군,total,2022,97
경북,칠곡군,total,2023,94
경북,칠곡군,total,2024,91
경북,칠곡군,total,2025,97
경북,칠곡군,레지던트,2007,0
경북,칠곡군,레지던트,2008,0
경북,칠곡군,레지던트,2009,0
경북,칠곡군,레지던트,2010,0
경북,칠곡군,레지던트,2011,0
경북,칠곡군,레지던트,2012,0
경북,칠곡군,레지던트,2013,0
경북,칠곡군,레지던트,2014,0
경북,칠곡군,레지던트,2015,0
경북,칠곡군,레지던트,2016,0
경북,칠곡군,레지던트,2017,0
경북,칠곡군,레지던트,2018,0
경북,칠곡군,레지던트,2019,0
경북,칠곡군,레지던트,2020,0
경북,칠곡군,레지던트,2021,0
경북,칠곡군,레지던트,2022,0
경북,칠곡군,레지던트,2023,0
경북,칠곡군,레지던트,2024,0
경북,칠곡군,레지던트,2025,0
경북,칠곡군,인턴,2007,0
경북,칠곡군,인턴,2008,0
경북,칠곡군,인턴,2009,0
경북,칠곡군,인턴,2010,0
경북,칠곡군,인턴,2011,0
경북,칠곡군,인턴,2012,0
경북,칠곡군,인턴,2013,0
경북,칠곡군,인턴,2014,0
경북,칠곡군,인턴,2015,0
경북,칠곡군,인턴,2016,0
경북,칠곡군,인턴,2017,0
경북,칠곡군,인턴,2018,0
경북,칠곡군,인턴,2019,0
경북,칠곡군,인턴,2020,0
경북,칠곡군,인턴,2021,0
경북,칠곡군,인턴,2022,0
경북,칠곡군,인턴,2023,0
경북,칠곡군,인턴,2024,0
경북,칠곡군,인턴,2025,0
경북,칠곡군,일반의,2007,13
경북,칠곡군,일반의,2008,7
경북,칠곡군,일반의,2009,9
경북,칠곡군,일반의,2010,11
경북,칠곡군,일반의,2011,9
경북,칠곡군,일반의,2012,11
경북,칠곡군,일반의,2013,8
경북,칠곡군,일반의,2014,11
경북,칠곡군,일반의,2015,8
경북,칠곡군,일반의,2016,6
경북,칠곡군,일반의,2017,8
경북,칠곡군,일반의,2018,8
경북,칠곡군,일반의,2019,13
경북,칠곡군,일반의,2020,14
경북,칠곡군,일반의,2021,15
경북,칠곡군,일반의,2022,13
경북,칠곡군,일반의,2023,9
경북,칠곡군,일반의,2024,8
경북,칠곡군,일반의,2025,15
경북,칠곡군,전문의,2007,66
경북,칠곡군,전문의,2008,67
경북,칠곡군,전문의,2009,73
경북,칠곡군,전문의,2010,73
경북,칠곡군,전문의,2011,83
경북,칠곡군,전문의,2012,81
경북,칠곡군,전문의,2013,85
경북,칠곡군,전문의,2014,83
경북,칠곡군,전문의,2015,83
경북,칠곡군,전문의,2016,89
경북,칠곡군,전문의,2017,85
경북,칠곡군,전문의,2018,87
경북,칠곡군,전문의,2019,80
경북,칠곡군,전문의,2020,81
경북,칠곡군,전문의,2021,79
경북,칠곡군,전문의,2022,84
경북,칠곡군,전문의,2023,85
경북,칠곡군,전문의,2024,83
경북,칠곡군,전문의,2025,82
경북,포항시 남구,total,2007,227
경북,포항시 남구,total,2008,239
경북,포항시 남구,total,2009,261
경북,포항시 남구,total,2010,265
경북,포항시 남구,total,2011,280
경북,포항시 남구,total,2012,283
경북,포항시 남구,total,2013,288
경북,포항시 남구,total,2014,315
경북,포항시 남구,total,2015,325
경북,포항시 남구,total,2016,335
경북,포항시 남구,total,2017,381
경북,포항시 남구,total,2018,401
경북,포항시 남구,total,2019,411
경북,포항시 남구,total,2020,426
경북,포항시 남구,total,2021,436
경북,포항시 남구,total,2022,438
경북,포항시 남구,total,2023,451
경북,포항시 남구,total,2024,471
경북,포항시 남구,total,2025,484
경북,포항시 남구,레지던트,2007,15
경북,포항시 남구,레지던트,2008,14
경북,포항시 남구,레지던트,2009,15
경북,포항시 남구,레지던트,2010,13
경북,포항시 남구,레지던트,2011,12
경북,포항시 남구,레지던트,2012,12
경북,포항시 남구,레지던트,2013,10
경북,포항시 남구,레지던트,2014,12
경북,포항시 남구,레지던트,2015,11
경북,포항시 남구,레지던트,2016,9
경북,포항시 남구,레지던트,2017,12
경북,포항시 남구,레지던트,2018,8
경북,포항시 남구,레지던트,2019,9
경북,포항시 남구,레지던트,2020,7
경북,포항시 남구,레지던트,2021,6
경북,포항시 남구,레지던트,2022,6
경북,포항시 남구,레지던트,2023,7
경북,포항시 남구,레지던트,2024,6
경북,포항시 남구,레지던트,2025,4
경북,포항시 남구,인턴,2007,2
경북,포항시 남구,인턴,2008,0
경북,포항시 남구,인턴,2009,0
경북,포항시 남구,인턴,2010,0
경북,포항시 남구,인턴,2011,0
경북,포항시 남구,인턴,2012,0
경북,포항시 남구,인턴,2013,0
경북,포항시 남구,인턴,2014,0
경북,포항시 남구,인턴,2015,0
경북,포항시 남구,인턴,2016,0
경북,포항시 남구,인턴,2017,0
경북,포항시 남구,인턴,2018,0
경북,포항시 남구,인턴,2019,3
경북,포항시 남구,인턴,2020,0
경북,포항시 남구,인턴,2021,3
경북,포항시 남구,인턴,2022,4
경북,포항시 남구,인턴,2023,1
경북,포항시 남구,인턴,2024,1
경북,포항시 남구,인턴,2025,3
경북,포항시 남구,일반의,2007,23
경북,포항시 남구,일반의,2008,19
경북,포항시 남구,일반의,2009,21
경북,포항시 남구,일반의,2010,26
경북,포항시 남구,일반의,2011,23
경북,포항시 남구,일반의,2012,18
경북,포항시 남구,일반의,2013,17
경북,포항시 남구,일반의,2014,16
경북,포항시 남구,일반의,2015,15
경북,포항시 남구,일반의,2016,16
경북,포항시 남구,일반의,2017,12
경북,포항시 남구,일반의,2018,13
경북,포항시 남구,일반의,2019,15
경북,포항시 남구,일반의,2020,17
경북,포항시 남구,일반의,2021,15
경북,포항시 남구,일반의,2022,15
경북,포항시 남구,일반의,2023,15
경북,포항시 남구,일반의,2024,15
경북,포항시 남구,일반의,2025,23
경북,포항시 남구,전문의,2007,187
경북,포항시 남구,전문의,2008,206
경북,포항시 남구,전문의,2009,225
경북,포항시 남구,전문의,2010,226
경북,포항시 남구,전문의,2011,245
경북,포항시 남구,전문의,2012,253
경북,포항시 남구,전문의,2013,261
경북,포항시 남구,전문의,2014,287
경북,포항시 남구,전문의,2015,299
경북,포항시 남구,전문의,2016,310
경북,포항시 남구,전문의,2017,357
경북,포항시 남구,전문의,2018,380
경북,포항시 남구,전문의,2019,384
경북,포항시 남구,전문의,2020,402
경북,포항시 남구,전문의,2021,412
경북,포항시 남구,전문의,2022,413
경북,포항시 남구,전문의,2023,428
경북,포항시 남구,전문의,2024,449
경북,포항시 남구,전문의,2025,454
경북,포항시 북구,total,2007,362
경북,포항시 북구,total,2008,387
경북,포항시 북구,total,2009,377
경북,포항시 북구,total,2010,402
경북,포항시 북구,total,2011,422
경북,포항시 북구,total,2012,432
경북,포항시 북구,total,2013,439
경북,포항시 북구,total,2014,460
경북,포항시 북구,total,2015,455
경북,포항시 북구,total,2016,396
경북,포항시 북구,total,2017,401
경북,포항시 북구,total,2018,423
경북,포항시 북구,total,2019,428
경북,포항시 북구,total,2020,422
경북,포항시 북구,total,2021,422
경북,포항시 북구,total,2022,428
경북,포항시 북구,total,2023,420
경북,포항시 북구,total,2024,415
경북,포항시 북구,total,2025,433
경북,포항시 북구,레지던트,2007,22
경북,포항시 북구,레지던트,2008,29
경북,포항시 북구,레지던트,2009,23
경북,포항시 북구,레지던트,2010,25
경북,포항시 북구,레지던트,2011,23
경북,포항시 북구,레지던트,2012,19
경북,포항시 북구,레지던트,2013,18
경북,포항시 북구,레지던트,2014,14
경북,포항시 북구,레지던트,2015,12
경북,포항시 북구,레지던트,2016,0
경북,포항시 북구,레지던트,2017,0
경북,포항시 북구,레지던트,2018,0
경북,포항시 북구,레지던트,2019,0
경북,포항시 북구,레지던트,2020,0
경북,포항시 북구,레지던트,2021,0
경북,포항시 북구,레지던트,2022,0
경북,포항시 북구,레지던트,2023,0
경북,포항시 북구,레지던트,2024,0
경북,포항시 북구,레지던트,2025,0
경북,포항시 북구,인턴,2007,5
경북,포항시 북구,인턴,2008,2
경북,포항시 북구,인턴,2009,0
경북,포항시 북구,인턴,2010,0
경북,포항시 북구,인턴,2011,0
경북,포항시 북구,인턴,2012,0
경북,포항시 북구,인턴,2013,0
경북,포항시 북구,인턴,2014,0
경북,포항시 북구,인턴,2015,0
경북,포항시 북구,인턴,2016,0
경북,포항시 북구,인턴,2017,0
경북,포항시 북구,인턴,2018,0
경북,포항시 북구,인턴,2019,0
경북,포항시 북구,인턴,2020,0
경북,포항시 북구,인턴,2021,0
경북,포항시 북구,인턴,2022,1
경북,포항시 북구,인턴,2023,1
경북,포항시 북구,인턴,2024,0
경북,포항시 북구,인턴,2025,0
경북,포항시 북구,일반의,2007,23
경북,포항시 북구,일반의,2008,29
경북,포항시 북구,일반의,2009,25
경북,포항시 북구,일반의,2010,28
경북,포항시 북구,일반의,2011,28
경북,포항시 북구,일반의,2012,27
경북,포항시 북구,일반의,2013,21
경북,포항시 북구,일반의,2014,24
경북,포항시 북구,일반의,2015,27
경북,포항시 북구,일반의,2016,24
경북,포항시 북구,일반의,2017,31
경북,포항시 북구,일반의,2018,29
경북,포항시 북구,일반의,2019,25
경북,포항시 북구,일반의,2020,25
경북,포항시 북구,일반의,2021,29
경북,포항시 북구,일반의,2022,29
경북,포항시 북구,일반의,2023,26
경북,포항시 북구,일반의,2024,28
경북,포항시 북구,일반의,2025,41
경북,포항시 북구,전문의,2007,312
경북,포항시 북구,전문의,2008,327
경북,포항시 북구,전문의,2009,329
경북,포항시 북구,전문의,2010,349
경북,포항시 북구,전문의,2011,371
경북,포항시 북구,전문의,2012,386
경북,포항시 북구,전문의,2013,400
경북,포항시 북구,전문의,2014,422
경북,포항시 북구,전문의,2015,416
경북,포항시 북구,전문의,2016,372
경북,포항시 북구,전문의,2017,370
경북,포항시 북구,전문의,2018,394
경북,포항시 북구,전문의,2019,403
경북,포항시 북구,전문의,2020,397
경북,포항시 북구,전문의,2021,393
경북,포항시 북구,전문의,2022,398
경북,포항시 북구,전문의,2023,393
경북,포항시 북구,전문의,2024,387
경북,포항시 북구,전문의,2025,392
광주,광산구,total,2007,376
광주,광산구,total,2008,415
광주,광산구,total,2009,437
광주,광산구,total,2010,445
광주,광산구,total,2011,518
광주,광산구,total,2012,567
광주,광산구,total,2013,585
광주,광산구,total,2014,597
광주,광산구,total,2015,623
광주,광산구,total,2016,651
광주,광산구,total,2017,648
광주,광산구,total,2018,685
광주,광산구,total,2019,714
광주,광산구,total,2020,722
광주,광산구,total,2021,718
광주,광산구,total,2022,713
광주,광산구,total,2023,730
광주,광산구,total,2024,737
광주,광산구,total,2025,771
광주,광산구,레지던트,2007,22
광주,광산구,레지던트,2008,23
광주,광산구,레지던트,2009,30
광주,광산구,레지던트,2010,30
광주,광산구,레지던트,2011,26
광주,광산구,레지던트,2012,25
광주,광산구,레지던트,2013,31
광주,광산구,레지던트,2014,28
광주,광산구,레지던트,2015,29
광주,광산구,레지던트,2016,30
광주,광산구,레지던트,2017,21
광주,광산구,레지던트,2018,28
광주,광산구,레지던트,2019,24
광주,광산구,레지던트,2020,22
광주,광산구,레지던트,2021,18
광주,광산구,레지던트,2022,14
광주,광산구,레지던트,2023,6
광주,광산구,레지던트,2024,4
광주,광산구,레지던트,2025,2
광주,광산구,인턴,2007,0
광주,광산구,인턴,2008,9
광주,광산구,인턴,2009,8
광주,광산구,인턴,2010,6
광주,광산구,인턴,2011,13
광주,광산구,인턴,2012,14
광주,광산구,인턴,2013,9
광주,광산구,인턴,2014,11
광주,광산구,인턴,2015,0
광주,광산구,인턴,2016,6
광주,광산구,인턴,2017,4
광주,광산구,인턴,2018,1
광주,광산구,인턴,2019,9
광주,광산구,인턴,2020,7
광주,광산구,인턴,2021,3
광주,광산구,인턴,2022,6
광주,광산구,인턴,2023,3
광주,광산구,인턴,2024,2
광주,광산구,인턴,2025,2
광주,광산구,일반의,2007,16
광주,광산구,일반의,2008,17
광주,광산구,일반의,2009,26
광주,광산구,일반의,2010,29
광주,광산구,일반의,2011,38
광주,광산구,일반의,2012,47
광주,광산구,일반의,2013,34
광주,광산구,일반의,2014,31
광주,광산구,일반의,2015,36
광주,광산구,일반의,2016,42
광주,광산구,일반의,2017,34
광주,광산구,일반의,2018,31
광주,광산구,일반의,2019,31
광주,광산구,일반의,2020,35
광주,광산구,일반의,2021,35
광주,광산구,일반의,2022,32
광주,광산구,일반의,2023,32
광주,광산구,일반의,2024,35
광주,광산구,일반의,2025,69
광주,광산구,전문의,2007,338
광주,광산구,전문의,2008,366
광주,광산구,전문의,2009,373
광주,광산구,전문의,2010,380
광주,광산구,전문의,2011,441
광주,광산구,전문의,2012,481
광주,광산구,전문의,2013,511
광주,광산구,전문의,2014,527
광주,광산구,전문의,2015,558
광주,광산구,전문의,2016,573
광주,광산구,전문의,2017,589
광주,광산구,전문의,2018,625
광주,광산구,전문의,2019,650
광주,광산구,전문의,2020,658
광주,광산구,전문의,2021,662
광주,광산구,전문의,2022,661
광주,광산구,전문의,2023,689
광주,광산구,전문의,2024,696
광주,광산구,전문의,2025,698
광주,남구,total,2007,344
광주,남구,total,2008,370
광주,남구,total,2009,346
광주,남구,total,2010,343
광주,남구,total,2011,342
광주,남구,total,2012,362
광주,남구,total,2013,388
광주,남구,total,2014,419
광주,남구,total,2015,443
광주,남구,total,2016,459
광주,남구,total,2017,469
광주,남구,total,2018,472
광주,남구,total,2019,483
광주,남구,total,2020,495
광주,남구,total,2021,495
광주,남구,total,2022,506
광주,남구,total,2023,519
광주,남구,total,2024,504
광주,남구,total,2025,519
광주,남구,레지던트,2007,61
광주,남구,레지던트,2008,61
광주,남구,레지던트,2009,63
광주,남구,레지던트,2010,46
광주,남구,레지던트,2011,43
광주,남구,레지던트,2012,43
광주,남구,레지던트,2013,49
광주,남구,레지던트,2014,45
광주,남구,레지던트,2015,48
광주,남구,레지던트,2016,50
광주,남구,레지던트,2017,42
광주,남구,레지던트,2018,37
광주,남구,레지던트,2019,33
광주,남구,레지던트,2020,29
광주,남구,레지던트,2021,26
광주,남구,레지던트,2022,25
광주,남구,레지던트,2023,24
광주,남구,레지던트,2024,18
광주,남구,레지던트,2025,9
광주,남구,인턴,2007,22
광주,남구,인턴,2008,24
광주,남구,인턴,2009,0
광주,남구,인턴,2010,0
광주,남구,인턴,2011,0
광주,남구,인턴,2012,7
광주,남구,인턴,2013,10
광주,남구,인턴,2014,11
광주,남구,인턴,2015,0
광주,남구,인턴,2016,10
광주,남구,인턴,2017,9
광주,남구,인턴,2018,6
광주,남구,인턴,2019,10
광주,남구,인턴,2020,13
광주,남구,인턴,2021,9
광주,남구,인턴,2022,9
광주,남구,인턴,2023,13
광주,남구,인턴,2024,5
광주,남구,인턴,2025,1
광주,남구,일반의,2007,8
광주,남구,일반의,2008,15
광주,남구,일반의,2009,16
광주,남구,일반의,2010,15
광주,남구,일반의,2011,22
광주,남구,일반의,2012,22
광주,남구,일반의,2013,17
광주,남구,일반의,2014,17
광주,남구,일반의,2015,16
광주,남구,일반의,2016,17
광주,남구,일반의,2017,27
광주,남구,일반의,2018,27
광주,남구,일반의,2019,19
광주,남구,일반의,2020,23
광주,남구,일반의,2021,23
광주,남구,일반의,2022,18
광주,남구,일반의,2023,17
광주,남구,일반의,2024,18
광주,남구,일반의,2025,40
광주,남구,전문의,2007,253
광주,남구,전문의,2008,270
광주,남구,전문의,2009,267
광주,남구,전문의,2010,282
광주,남구,전문의,2011,277
광주,남구,전문의,2012,290
광주,남구,전문의,2013,312
광주,남구,전문의,2014,346
광주,남구,전문의,2015,379
광주,남구,전문의,2016,382
광주,남구,전문의,2017,391
광주,남구,전문의,2018,402
광주,남구,전문의,2019,421
광주,남구,전문의,2020,430
광주,남구,전문의,2021,437
광주,남구,전문의,2022,454
광주,남구,전문의,2023,465
광주,남구,전문의,2024,463
광주,남구,전문의,2025,469
광주,동구,total,2007,928
광주,동구,total,2008,954
광주,동구,total,2009,860
광주,동구,total,2010,898
광주,동구,total,2011,894
광주,동구,total,2012,958
광주,동구,total,2013,943
광주,동구,total,2014,938
광주,동구,total,2015,926
광주,동구,total,2016,931
광주,동구,total,2017,982
광주,동구,total,2018,917
광주,동구,total,2019,981
광주,동구,total,2020,974
광주,동구,total,2021,995
광주,동구,total,2022,1011
광주,동구,total,2023,1041
광주,동구,total,2024,962
광주,동구,total,2025,662
광주,동구,레지던트,2007,359
광주,동구,레지던트,2008,372
광주,동구,레지던트,2009,308
광주,동구,레지던트,2010,360
광주,동구,레지던트,2011,333
광주,동구,레지던트,2012,371
광주,동구,레지던트,2013,316
광주,동구,레지던트,2014,353
광주,동구,레지던트,2015,354
광주,동구,레지던트,2016,328
광주,동구,레지던트,2017,314
광주,동구,레지던트,2018,258
광주,동구,레지던트,2019,293
광주,동구,레지던트,2020,285
광주,동구,레지던트,2021,282
광주,동구,레지던트,2022,273
광주,동구,레지던트,2023,276
광주,동구,레지던트,2024,242
광주,동구,레지던트,2025,19
광주,동구,인턴,2007,86
광주,동구,인턴,2008,88
광주,동구,인턴,2009,82
광주,동구,인턴,2010,80
광주,동구,인턴,2011,78
광주,동구,인턴,2012,85
광주,동구,인턴,2013,59
광주,동구,인턴,2014,23
광주,동구,인턴,2015,23
광주,동구,인턴,2016,32
광주,동구,인턴,2017,78
광주,동구,인턴,2018,65
광주,동구,인턴,2019,77
광주,동구,인턴,2020,75
광주,동구,인턴,2021,71
광주,동구,인턴,2022,79
광주,동구,인턴,2023,84
광주,동구,인턴,2024,60
광주,동구,인턴,2025,5
광주,동구,일반의,2007,18
광주,동구,일반의,2008,17
광주,동구,일반의,2009,14
광주,동구,일반의,2010,27
광주,동구,일반의,2011,18
광주,동구,일반의,2012,16
광주,동구,일반의,2013,9
광주,동구,일반의,2014,10
광주,동구,일반의,2015,14
광주,동구,일반의,2016,19
광주,동구,일반의,2017,12
광주,동구,일반의,2018,16
광주,동구,일반의,2019,17
광주,동구,일반의,2020,16
광주,동구,일반의,2021,16
광주,동구,일반의,2022,14
광주,동구,일반의,2023,18
광주,동구,일반의,2024,18
광주,동구,일반의,2025,31
광주,동구,전문의,2007,465
광주,동구,전문의,2008,477
광주,동구,전문의,2009,456
광주,동구,전문의,2010,431
광주,동구,전문의,2011,465
광주,동구,전문의,2012,486
광주,동구,전문의,2013,559
광주,동구,전문의,2014,552
광주,동구,전문의,2015,535
광주,동구,전문의,2016,552
광주,동구,전문의,2017,578
광주,동구,전문의,2018,578
광주,동구,전문의,2019,594
광주,동구,전문의,2020,598
광주,동구,전문의,2021,626
광주,동구,전문의,2022,645
광주,동구,전문의,2023,663
광주,동구,전문의,2024,642
광주,동구,전문의,2025,607
광주,북구,total,2007,422
광주,북구,total,2008,465
광주,북구,total,2009,497
광주,북구,total,2010,520
광주,북구,total,2011,555
광주,북구,total,2012,563
광주,북구,total,2013,578
광주,북구,total,2014,607
광주,북구,total,2015,645
광주,북구,total,2016,684
광주,북구,total,2017,711
광주,북구,total,2018,716
광주,북구,total,2019,739
광주,북구,total,2020,770
광주,북구,total,2021,778
광주,북구,total,2022,794
광주,북구,total,2023,792
광주,북구,total,2024,784
광주,북구,total,2025,838
광주,북구,레지던트,2007,0
광주,북구,레지던트,2008,0
광주,북구,레지던트,2009,0
광주,북구,레지던트,2010,0
광주,북구,레지던트,2011,0
광주,북구,레지던트,2012,0
광주,북구,레지던트,2013,0
광주,북구,레지던트,2014,0
광주,북구,레지던트,2015,0
광주,북구,레지던트,2016,0
광주,북구,레지던트,2017,0
광주,북구,레지던트,2018,0
광주,북구,레지던트,2019,0
광주,북구,레지던트,2020,0
광주,북구,레지던트,2021,0
광주,북구,레지던트,2022,0
광주,북구,레지던트,2023,0
광주,북구,레지던트,2024,0
광주,북구,레지던트,2025,0
광주,북구,인턴,2007,0
광주,북구,인턴,2008,0
광주,북구,인턴,2009,0
광주,북구,인턴,2010,0
광주,북구,인턴,2011,0
광주,북구,인턴,2012,0
광주,북구,인턴,2013,0
광주,북구,인턴,2014,0
광주,북구,인턴,2015,0
광주,북구,인턴,2016,0
광주,북구,인턴,2017,0
광주,북구,인턴,2018,0
광주,북구,인턴,2019,0
광주,북구,인턴,2020,0
광주,북구,인턴,2021,0
광주,북구,인턴,2022,0
광주,북구,인턴,2023,0
광주,북구,인턴,2024,0
광주,북구,인턴,2025,0
광주,북구,일반의,2007,17
광주,북구,일반의,2008,25
광주,북구,일반의,2009,16
광주,북구,일반의,2010,21
광주,북구,일반의,2011,20
광주,북구,일반의,2012,22
광주,북구,일반의,2013,22
광주,북구,일반의,2014,27
광주,북구,일반의,2015,33
광주,북구,일반의,2016,39
광주,북구,일반의,2017,42
광주,북구,일반의,2018,45
광주,북구,일반의,2019,36
광주,북구,일반의,2020,41
광주,북구,일반의,2021,40
광주,북구,일반의,2022,38
광주,북구,일반의,2023,43
광주,북구,일반의,2024,34
광주,북구,일반의,2025,64
광주,북구,전문의,2007,405
광주,북구,전문의,2008,440
광주,북구,전문의,2009,481
광주,북구,전문의,2010,499
광주,북구,전문의,2011,535
광주,북구,전문의,2012,541
광주,북구,전문의,2013,556
광주,북구,전문의,2014,580
광주,북구,전문의,2015,612
광주,북구,전문의,2016,645
광주,북구,전문의,2017,669
광주,북구,전문의,2018,671
광주,북구,전문의,2019,703
광주,북구,전문의,2020,729
광주,북구,전문의,2021,738
광주,북구,전문의,2022,756
광주,북구,전문의,2023,749
광주,북구,전문의,2024,750
광주,북구,전문의,2025,774
광주,서구,total,2007,407
광주,서구,total,2008,402
광주,서구,total,2009,435
광주,서구,total,2010,453
광주,서구,total,2011,477
광주,서구,total,2012,524
광주,서구,total,2013,515
광주,서구,total,2014,517
광주,서구,total,2015,550
광주,서구,total,2016,611
광주,서구,total,2017,642
광주,서구,total,2018,668
광주,서구,total,2019,670
광주,서구,total,2020,687
광주,서구,total,2021,700
광주,서구,total,2022,709
광주,서구,total,2023,722
광주,서구,total,2024,740
광주,서구,total,2025,779
광주,서구,레지던트,2007,18
광주,서구,레지던트,2008,19
광주,서구,레지던트,2009,17
광주,서구,레지던트,2010,13
광주,서구,레지던트,2011,11
광주,서구,레지던트,2012,10
광주,서구,레지던트,2013,0
광주,서구,레지던트,2014,0
광주,서구,레지던트,2015,0
광주,서구,레지던트,2016,0
광주,서구,레지던트,2017,0
광주,서구,레지던트,2018,0
광주,서구,레지던트,2019,0
광주,서구,레지던트,2020,0
광주,서구,레지던트,2021,0
광주,서구,레지던트,2022,0
광주,서구,레지던트,2023,0
광주,서구,레지던트,2024,0
광주,서구,레지던트,2025,1
광주,서구,인턴,2007,5
광주,서구,인턴,2008,3
광주,서구,인턴,2009,1
광주,서구,인턴,2010,2
광주,서구,인턴,2011,1
광주,서구,인턴,2012,0
광주,서구,인턴,2013,0
광주,서구,인턴,2014,0
광주,서구,인턴,2015,0
광주,서구,인턴,2016,0
광주,서구,인턴,2017,0
광주,서구,인턴,2018,0
광주,서구,인턴,2019,0
광주,서구,인턴,2020,0
광주,서구,인턴,2021,0
광주,서구,인턴,2022,0
광주,서구,인턴,2023,0
광주,서구,인턴,2024,0
광주,서구,인턴,2025,0
광주,서구,일반의,2007,21
광주,서구,일반의,2008,21
광주,서구,일반의,2009,26
광주,서구,일반의,2010,21
광주,서구,일반의,2011,24
광주,서구,일반의,2012,30
광주,서구,일반의,2013,25
광주,서구,일반의,2014,27
광주,서구,일반의,2015,29
광주,서구,일반의,2016,29
광주,서구,일반의,2017,31
광주,서구,일반의,2018,41
광주,서구,일반의,2019,39
광주,서구,일반의,2020,34
광주,서구,일반의,2021,39
광주,서구,일반의,2022,43
광주,서구,일반의,2023,44
광주,서구,일반의,2024,46
광주,서구,일반의,2025,95
광주,서구,전문의,2007,363
광주,서구,전문의,2008,359
광주,서구,전문의,2009,391
광주,서구,전문의,2010,417
광주,서구,전문의,2011,441
광주,서구,전문의,2012,484
광주,서구,전문의,2013,490
광주,서구,전문의,2014,490
광주,서구,전문의,2015,521
광주,서구,전문의,2016,582
광주,서구,전문의,2017,611
광주,서구,전문의,2018,627
광주,서구,전문의,2019,631
광주,서구,전문의,2020,653
광주,서구,전문의,2021,661
광주,서구,전문의,2022,666
광주,서구,전문의,2023,678
광주,서구,전문의,2024,694
광주,서구,전문의,2025,683
대구,남구,total,2007,636
대구,남구,total,2008,866
대구,남구,total,2009,799
대구,남구,total,2010,857
대구,남구,total,2011,900
대구,남구,total,2012,899
대구,남구,total,2013,902
대구,남구,total,2014,940
대구,남구,total,2015,934
대구,남구,total,2016,958
대구,남구,total,2017,935
대구,남구,total,2018,900
대구,남구,total,2019,947
대구,남구,total,2020,948
대구,남구,total,2021,938
대구,남구,total,2022,963
대구,남구,total,2023,952
대구,남구,total,2024,936
대구,남구,total,2025,688
대구,남구,레지던트,2007,83
대구,남구,레지던트,2008,308
대구,남구,레지던트,2009,326
대구,남구,레지던트,2010,337
대구,남구,레지던트,2011,320
대구,남구,레지던트,2012,310
대구,남구,레지던트,2013,303
대구,남구,레지던트,2014,298
대구,남구,레지던트,2015,287
대구,남구,레지던트,2016,295
대구,남구,레지던트,2017,255
대구,남구,레지던트,2018,262
대구,남구,레지던트,2019,264
대구,남구,레지던트,2020,235
대구,남구,레지던트,2021,230
대구,남구,레지던트,2022,219
대구,남구,레지던트,2023,212
대구,남구,레지던트,2024,167
대구,남구,레지던트,2025,13
대구,남구,인턴,2007,158
대구,남구,인턴,2008,87
대구,남구,인턴,2009,14
대구,남구,인턴,2010,48
대구,남구,인턴,2011,75
대구,남구,인턴,2012,68
대구,남구,인턴,2013,65
대구,남구,인턴,2014,62
대구,남구,인턴,2015,63
대구,남구,인턴,2016,74
대구,남구,인턴,2017,82
대구,남구,인턴,2018,42
대구,남구,인턴,2019,65
대구,남구,인턴,2020,67
대구,남구,인턴,2021,54
대구,남구,인턴,2022,58
대구,남구,인턴,2023,64
대구,남구,인턴,2024,92
대구,남구,인턴,2025,3
대구,남구,일반의,2007,8
대구,남구,일반의,2008,5
대구,남구,일반의,2009,13
대구,남구,일반의,2010,13
대구,남구,일반의,2011,17
대구,남구,일반의,2012,11
대구,남구,일반의,2013,8
대구,남구,일반의,2014,7
대구,남구,일반의,2015,6
대구,남구,일반의,2016,7
대구,남구,일반의,2017,6
대구,남구,일반의,2018,6
대구,남구,일반의,2019,5
대구,남구,일반의,2020,7
대구,남구,일반의,2021,11
대구,남구,일반의,2022,10
대구,남구,일반의,2023,7
대구,남구,일반의,2024,12
대구,남구,일반의,2025,21
대구,남구,전문의,2007,387
대구,남구,전문의,2008,466
대구,남구,전문의,2009,446
대구,남구,전문의,2010,459
대구,남구,전문의,2011,488
대구,남구,전문의,2012,510
대구,남구,전문의,2013,526
대구,남구,전문의,2014,573
대구,남구,전문의,2015,578
대구,남구,전문의,2016,582
대구,남구,전문의,2017,592
대구,남구,전문의,2018,590
대구,남구,전문의,2019,613
대구,남구,전문의,2020,639
대구,남구,전문의,2021,643
대구,남구,전문의,2022,676
대구,남구,전문의,2023,669
대구,남구,전문의,2024,665
대구,남구,전문의,2025,651
대구,달서구,total,2007,581
대구,달서구,total,2008,620
대구,달서구,total,2009,677
대구,달서구,total,2010,701
대구,달서구,total,2011,729
대구,달서구,total,2012,754
대구,달서구,total,2013,762
대구,달서구,total,2014,761
대구,달서구,total,2015,777
대구,달서구,total,2016,820
대구,달서구,total,2017,853
대구,달서구,total,2018,875
대구,달서구,total,2019,890
대구,달서구,total,2020,1334
대구,달서구,total,2021,1366
대구,달서구,total,2022,1391
대구,달서구,total,2023,1394
대구,달서구,total,2024,1362
대구,달서구,total,2025,1321
대구,달서구,레지던트,2007,0
대구,달서구,레지던트,2008,0
대구,달서구,레지던트,2009,0
대구,달서구,레지던트,2010,0
대구,달서구,레지던트,2011,0
대구,달서구,레지던트,2012,0
대구,달서구,레지던트,2013,0
대구,달서구,레지던트,2014,0
대구,달서구,레지던트,2015,0
대구,달서구,레지던트,2016,3
대구,달서구,레지던트,2017,6
대구,달서구,레지던트,2018,9
대구,달서구,레지던트,2019,9
대구,달서구,레지던트,2020,152
대구,달서구,레지던트,2021,143
대구,달서구,레지던트,2022,135
대구,달서구,레지던트,2023,135
대구,달서구,레지던트,2024,103
대구,달서구,레지던트,2025,7
대구,달서구,인턴,2007,0
대구,달서구,인턴,2008,0
대구,달서구,인턴,2009,0
대구,달서구,인턴,2010,0
대구,달서구,인턴,2011,0
대구,달서구,인턴,2012,0
대구,달서구,인턴,2013,0
대구,달서구,인턴,2014,0
대구,달서구,인턴,2015,0
대구,달서구,인턴,2016,0
대구,달서구,인턴,2017,0
대구,달서구,인턴,2018,0
대구,달서구,인턴,2019,0
대구,달서구,인턴,2020,37
대구,달서구,인턴,2021,28
대구,달서구,인턴,2022,43
대구,달서구,인턴,2023,43
대구,달서구,인턴,2024,28
대구,달서구,인턴,2025,0
대구,달서구,일반의,2007,23
대구,달서구,일반의,2008,26
대구,달서구,일반의,2009,27
대구,달서구,일반의,2010,27
대구,달서구,일반의,2011,30
대구,달서구,일반의,2012,29
대구,달서구,일반의,2013,23
대구,달서구,일반의,2014,21
대구,달서구,일반의,2015,21
대구,달서구,일반의,2016,27
대구,달서구,일반의,2017,33
대구,달서구,일반의,2018,34
대구,달서구,일반의,2019,29
대구,달서구,일반의,2020,25
대구,달서구,일반의,2021,31
대구,달서구,일반의,2022,34
대구,달서구,일반의,2023,30
대구,달서구,일반의,2024,39
대구,달서구,일반의,2025,81
대구,달서구,전문의,2007,558
대구,달서구,전문의,2008,594
대구,달서구,전문의,2009,650
대구,달서구,전문의,2010,674
대구,달서구,전문의,2011,699
대구,달서구,전문의,2012,725
대구,달서구,전문의,2013,739
대구,달서구,전문의,2014,740
대구,달서구,전문의,2015,756
대구,달서구,전문의,2016,790
대구,달서구,전문의,2017,814
대구,달서구,전문의,2018,832
대구,달서구,전문의,2019,852
대구,달서구,전문의,2020,1120
대구,달서구,전문의,2021,1164
대구,달서구,전문의,2022,1179
대구,달서구,전문의,2023,1186
대구,달서구,전문의,2024,1192
대구,달서구,전문의,2025,1233
대구,달성군,total,2007,87
대구,달성군,total,2008,97
대구,달성군,total,2009,107
대구,달성군,total,2010,132
대구,달성군,total,2011,140
대구,달성군,total,2012,143
대구,달성군,total,2013,162
대구,달성군,total,2014,160
대구,달성군,total,2015,166
대구,달성군,total,2016,166
대구,달성군,total,2017,189
대구,달성군,total,2018,203
대구,달성군,total,2019,219
대구,달성군,total,2020,221
대구,달성군,total,2021,223
대구,달성군,total,2022,231
대구,달성군,total,2023,226
대구,달성군,total,2024,239
대구,달성군,total,2025,235
대구,달성군,레지던트,2007,0
대구,달성군,레지던트,2008,0
대구,달성군,레지던트,2009,0
대구,달성군,레지던트,2010,0
대구,달성군,레지던트,2011,0
대구,달성군,레지던트,2012,0
대구,달성군,레지던트,2013,0
대구,달성군,레지던트,2014,0
대구,달성군,레지던트,2015,0
대구,달성군,레지던트,2016,0
대구,달성군,레지던트,2017,0
대구,달성군,레지던트,2018,0
대구,달성군,레지던트,2019,0
대구,달성군,레지던트,2020,0
대구,달성군,레지던트,2021,0
대구,달성군,레지던트,2022,0
대구,달성군,레지던트,2023,0
대구,달성군,레지던트,2024,0
대구,달성군,레지던트,2025,0
대구,달성군,인턴,2007,0
대구,달성군,인턴,2008,0
대구,달성군,인턴,2009,0
대구,달성군,인턴,2010,0
대구,달성군,인턴,2011,0
대구,달성군,인턴,2012,0
대구,달성군,인턴,2013,0
대구,달성군,인턴,2014,0
대구,달성군,인턴,2015,0
대구,달성군,인턴,2016,0
대구,달성군,인턴,2017,0
대구,달성군,인턴,2018,0
대구,달성군,인턴,2019,0
대구,달성군,인턴,2020,0
대구,달성군,인턴,2021,0
대구,달성군,인턴,2022,0
대구,달성군,인턴,2023,0
대구,달성군,인턴,2024,0
대구,달성군,인턴,2025,0
대구,달성군,일반의,2007,10
대구,달성군,일반의,2008,7
대구,달성군,일반의,2009,8
대구,달성군,일반의,2010,11
대구,달성군,일반의,2011,12
대구,달성군,일반의,2012,9
대구,달성군,일반의,2013,11
대구,달성군,일반의,2014,15
대구,달성군,일반의,2015,15
대구,달성군,일반의,2016,16
대구,달성군,일반의,2017,15
대구,달성군,일반의,2018,16
대구,달성군,일반의,2019,13
대구,달성군,일반의,2020,14
대구,달성군,일반의,2021,10
대구,달성군,일반의,2022,15
대구,달성군,일반의,2023,16
대구,달성군,일반의,2024,17
대구,달성군,일반의,2025,24
대구,달성군,전문의,2007,77
대구,달성군,전문의,2008,90
대구,달성군,전문의,2009,99
대구,달성군,전문의,2010,121
대구,달성군,전문의,2011,128
대구,달성군,전문의,2012,134
대구,달성군,전문의,2013,151
대구,달성군,전문의,2014,145
대구,달성군,전문의,2015,151
대구,달성군,전문의,2016,150
대구,달성군,전문의,2017,174
대구,달성군,전문의,2018,187
대구,달성군,전문의,2019,206
대구,달성군,전문의,2020,207
대구,달성군,전문의,2021,213
대구,달성군,전문의,2022,216
대구,달성군,전문의,2023,210
대구,달성군,전문의,2024,222
대구,달성군,전문의,2025,211
대구,동구,total,2007,501
대구,동구,total,2008,500
대구,동구,total,2009,482
대구,동구,total,2010,495
대구,동구,total,2011,506
대구,동구,total,2012,517
대구,동구,total,2013,503
대구,동구,total,2014,535
대구,동구,total,2015,555
대구,동구,total,2016,573
대구,동구,total,2017,582
대구,동구,total,2018,600
대구,동구,total,2019,606
대구,동구,total,2020,614
대구,동구,total,2021,613
대구,동구,total,2022,651
대구,동구,total,2023,645
대구,동구,total,2024,633
대구,동구,total,2025,622
대구,동구,레지던트,2007,112
대구,동구,레지던트,2008,106
대구,동구,레지던트,2009,102
대구,동구,레지던트,2010,91
대구,동구,레지던트,2011,82
대구,동구,레지던트,2012,81
대구,동구,레지던트,2013,79
대구,동구,레지던트,2014,75
대구,동구,레지던트,2015,69
대구,동구,레지던트,2016,64
대구,동구,레지던트,2017,61
대구,동구,레지던트,2018,65
대구,동구,레지던트,2019,65
대구,동구,레지던트,2020,62
대구,동구,레지던트,2021,57
대구,동구,레지던트,2022,60
대구,동구,레지던트,2023,55
대구,동구,레지던트,2024,43
대구,동구,레지던트,2025,8
대구,동구,인턴,2007,26
대구,동구,인턴,2008,24
대구,동구,인턴,2009,0
대구,동구,인턴,2010,1
대구,동구,인턴,2011,12
대구,동구,인턴,2012,17
대구,동구,인턴,2013,8
대구,동구,인턴,2014,10
대구,동구,인턴,2015,16
대구,동구,인턴,2016,13
대구,동구,인턴,2017,12
대구,동구,인턴,2018,14
대구,동구,인턴,2019,15
대구,동구,인턴,2020,18
대구,동구,인턴,2021,13
대구,동구,인턴,2022,15
대구,동구,인턴,2023,16
대구,동구,인턴,2024,13
대구,동구,인턴,2025,1
대구,동구,일반의,2007,25
대구,동구,일반의,2008,22
대구,동구,일반의,2009,20
대구,동구,일반의,2010,20
대구,동구,일반의,2011,20
대구,동구,일반의,2012,19
대구,동구,일반의,2013,15
대구,동구,일반의,2014,20
대구,동구,일반의,2015,19
대구,동구,일반의,2016,16
대구,동구,일반의,2017,14
대구,동구,일반의,2018,14
대구,동구,일반의,2019,14
대구,동구,일반의,2020,13
대구,동구,일반의,2021,14
대구,동구,일반의,2022,15
대구,동구,일반의,2023,12
대구,동구,일반의,2024,16
대구,동구,일반의,2025,27
대구,동구,전문의,2007,338
대구,동구,전문의,2008,348
대구,동구,전문의,2009,360
대구,동구,전문의,2010,383
대구,동구,전문의,2011,392
대구,동구,전문의,2012,400
대구,동구,전문의,2013,401
대구,동구,전문의,2014,430
대구,동구,전문의,2015,451
대구,동구,전문의,2016,480
대구,동구,전문의,2017,495
대구,동구,전문의,2018,507
대구,동구,전문의,2019,512
대구,동구,전문의,2020,521
대구,동구,전문의,2021,529
대구,동구,전문의,2022,561
대구,동구,전문의,2023,562
대구,동구,전문의,2024,561
대구,동구,전문의,2025,586
대구,북구,total,2007,378
대구,북구,total,2008,402
대구,북구,total,2009,402
대구,북구,total,2010,408
대구,북구,total,2011,467
대구,북구,total,2012,497
대구,북구,total,2013,522
대구,북구,total,2014,548
대구,북구,total,2015,577
대구,북구,total,2016,593
대구,북구,total,2017,652
대구,북구,total,2018,661
대구,북구,total,2019,692
대구,북구,total,2020,713
대구,북구,total,2021,775
대구,북구,total,2022,778
대구,북구,total,2023,795
대구,북구,total,2024,804
대구,북구,total,2025,819
대구,북구,레지던트,2007,0
대구,북구,레지던트,2008,0
대구,북구,레지던트,2009,0
대구,북구,레지던트,2010,0
대구,북구,레지던트,2011,0
대구,북구,레지던트,2012,0
대구,북구,레지던트,2013,0
대구,북구,레지던트,2014,0
대구,북구,레지던트,2015,0
대구,북구,레지던트,2016,0
대구,북구,레지던트,2017,0
대구,북구,레지던트,2018,3
대구,북구,레지던트,2019,8
대구,북구,레지던트,2020,16
대구,북구,레지던트,2021,21
대구,북구,레지던트,2022,20
대구,북구,레지던트,2023,18
대구,북구,레지던트,2024,26
대구,북구,레지던트,2025,5
대구,북구,인턴,2007,0
대구,북구,인턴,2008,0
대구,북구,인턴,2009,0
대구,북구,인턴,2010,0
대구,북구,인턴,2011,4
대구,북구,인턴,2012,0
대구,북구,인턴,2013,0
대구,북구,인턴,2014,0
대구,북구,인턴,2015,0
대구,북구,인턴,2016,0
대구,북구,인턴,2017,0
대구,북구,인턴,2018,0
대구,북구,인턴,2019,0
대구,북구,인턴,2020,0
대구,북구,인턴,2021,0
대구,북구,인턴,2022,0
대구,북구,인턴,2023,0
대구,북구,인턴,2024,0
대구,북구,인턴,2025,0
대구,북구,일반의,2007,22
대구,북구,일반의,2008,26
대구,북구,일반의,2009,21
대구,북구,일반의,2010,23
대구,북구,일반의,2011,31
대구,북구,일반의,2012,24
대구,북구,일반의,2013,20
대구,북구,일반의,2014,22
대구,북구,일반의,2015,21
대구,북구,일반의,2016,23
대구,북구,일반의,2017,20
대구,북구,일반의,2018,19
대구,북구,일반의,2019,18
대구,북구,일반의,2020,18
대구,북구,일반의,2021,18
대구,북구,일반의,2022,17
대구,북구,일반의,2023,17
대구,북구,일반의,2024,22
대구,북구,일반의,2025,64
대구,북구,전문의,2007,356
대구,북구,전문의,2008,376
대구,북구,전문의,2009,381
대구,북구,전문의,2010,385
대구,북구,전문의,2011,432
대구,북구,전문의,2012,473
대구,북구,전문의,2013,502
대구,북구,전문의,2014,526
대구,북구,전문의,2015,556
대구,북구,전문의,2016,570
대구,북구,전문의,2017,632
대구,북구,전문의,2018,639
대구,북구,전문의,2019,666
대구,북구,전문의,2020,679
대구,북구,전문의,2021,736
대구,북구,전문의,2022,741
대구,북구,전문의,2023,760
대구,북구,전문의,2024,756
대구,북구,전문의,2025,750
대구,서구,total,2007,236
대구,서구,total,2008,239
대구,서구,total,2009,259
대구,서구,total,2010,273
대구,서구,total,2011,261
대구,서구,total,2012,265
대구,서구,total,2013,280
대구,서구,total,2014,281
대구,서구,total,2015,277
대구,서구,total,2016,284
대구,서구,total,2017,283
대구,서구,total,2018,284
대구,서구,total,2019,280
대구,서구,total,2020,268
대구,서구,total,2021,272
대구,서구,total,2022,265
대구,서구,total,2023,301
대구,서구,total,2024,293
대구,서구,total,2025,302
대구,서구,레지던트,2007,17
대구,서구,레지던트,2008,14
대구,서구,레지던트,2009,20
대구,서구,레지던트,2010,21
대구,서구,레지던트,2011,19
대구,서구,레지던트,2012,20
대구,서구,레지던트,2013,19
대구,서구,레지던트,2014,18
대구,서구,레지던트,2015,16
대구,서구,레지던트,2016,15
대구,서구,레지던트,2017,16
대구,서구,레지던트,2018,18
대구,서구,레지던트,2019,15
대구,서구,레지던트,2020,16
대구,서구,레지던트,2021,12
대구,서구,레지던트,2022,8
대구,서구,레지던트,2023,4
대구,서구,레지던트,2024,3
대구,서구,레지던트,2025,0
대구,서구,인턴,2007,4
대구,서구,인턴,2008,0
대구,서구,인턴,2009,2
대구,서구,인턴,2010,5
대구,서구,인턴,2011,3
대구,서구,인턴,2012,3
대구,서구,인턴,2013,3
대구,서구,인턴,2014,5
대구,서구,인턴,2015,5
대구,서구,인턴,2016,5
대구,서구,인턴,2017,2
대구,서구,인턴,2018,5
대구,서구,인턴,2019,4
대구,서구,인턴,2020,0
대구,서구,인턴,2021,5
대구,서구,인턴,2022,0
대구,서구,인턴,2023,2
대구,서구,인턴,2024,1
대구,서구,인턴,2025,0
대구,서구,일반의,2007,13
대구,서구,일반의,2008,14
대구,서구,일반의,2009,11
대구,서구,일반의,2010,9
대구,서구,일반의,2011,9
대구,서구,일반의,2012,12
대구,서구,일반의,2013,8
대구,서구,일반의,2014,6
대구,서구,일반의,2015,6
대구,서구,일반의,2016,5
대구,서구,일반의,2017,7
대구,서구,일반의,2018,6
대구,서구,일반의,2019,10
대구,서구,일반의,2020,10
대구,서구,일반의,2021,12
대구,서구,일반의,2022,10
대구,서구,일반의,2023,11
대구,서구,일반의,2024,12
대구,서구,일반의,2025,20
대구,서구,전문의,2007,202
대구,서구,전문의,2008,211
대구,서구,전문의,2009,226
대구,서구,전문의,2010,238
대구,서구,전문의,2011,230
대구,서구,전문의,2012,230
대구,서구,전문의,2013,250
대구,서구,전문의,2014,252
대구,서구,전문의,2015,250
대구,서구,전문의,2016,259
대구,서구,전문의,2017,258
대구,서구,전문의,2018,255
대구,서구,전문의,2019,251
대구,서구,전문의,2020,242
대구,서구,전문의,2021,243
대구,서구,전문의,2022,247
대구,서구,전문의,2023,284
대구,서구,전문의,2024,277
대구,서구,전문의,2025,282
대구,수성구,total,2007,420
대구,수성구,total,2008,426
대구,수성구,total,2009,442
대구,수성구,total,2010,469
대구,수성구,total,2011,501
대구,수성구,total,2012,528
대구,수성구,total,2013,552
대구,수성구,total,2014,572
대구,수성구,total,2015,574
대구,수성구,total,2016,593
대구,수성구,total,2017,607
대구,수성구,total,2018,610
대구,수성구,total,2019,634
대구,수성구,total,2020,665
대구,수성구,total,2021,685
대구,수성구,total,2022,728
대구,수성구,total,2023,751
대구,수성구,total,2024,791
대구,수성구,total,2025,881
대구,수성구,레지던트,2007,0
대구,수성구,레지던트,2008,0
대구,수성구,레지던트,2009,0
대구,수성구,레지던트,2010,0
대구,수성구,레지던트,2011,0
대구,수성구,레지던트,2012,0
대구,수성구,레지던트,2013,0
대구,수성구,레지던트,2014,0
대구,수성구,레지던트,2015,0
대구,수성구,레지던트,2016,0
대구,수성구,레지던트,2017,0
대구,수성구,레지던트,2018,0
대구,수성구,레지던트,2019,0
대구,수성구,레지던트,2020,0
대구,수성구,레지던트,2021,0
대구,수성구,레지던트,2022,0
대구,수성구,레지던트,2023,0
대구,수성구,레지던트,2024,0
대구,수성구,레지던트,2025,0
대구,수성구,인턴,2007,0
대구,수성구,인턴,2008,0
대구,수성구,인턴,2009,0
대구,수성구,인턴,2010,0
대구,수성구,인턴,2011,0
대구,수성구,인턴,2012,0
대구,수성구,인턴,2013,0
대구,수성구,인턴,2014,0
대구,수성구,인턴,2015,0
대구,수성구,인턴,2016,0
대구,수성구,인턴,2017,0
대구,수성구,인턴,2018,0
대구,수성구,인턴,2019,0
대구,수성구,인턴,2020,0
대구,수성구,인턴,2021,0
대구,수성구,인턴,2022,0
대구,수성구,인턴,2023,0
대구,수성구,인턴,2024,0
대구,수성구,인턴,2025,0
대구,수성구,일반의,2007,18
대구,수성구,일반의,2008,19
대구,수성구,일반의,2009,18
대구,수성구,일반의,2010,20
대구,수성구,일반의,2011,19
대구,수성구,일반의,2012,19
대구,수성구,일반의,2013,21
대구,수성구,일반의,2014,19
대구,수성구,일반의,2015,18
대구,수성구,일반의,2016,18
대구,수성구,일반의,2017,22
대구,수성구,일반의,2018,19
대구,수성구,일반의,2019,19
대구,수성구,일반의,2020,19
대구,수성구,일반의,2021,22
대구,수성구,일반의,2022,23
대구,수성구,일반의,2023,22
대구,수성구,일반의,2024,21
대구,수성구,일반의,2025,65
대구,수성구,전문의,2007,402
대구,수성구,전문의,2008,407
대구,수성구,전문의,2009,424
대구,수성구,전문의,2010,449
대구,수성구,전문의,2011,482
대구,수성구,전문의,2012,509
대구,수성구,전문의,2013,531
대구,수성구,전문의,2014,553
대구,수성구,전문의,2015,556
대구,수성구,전문의,2016,575
대구,수성구,전문의,2017,585
대구,수성구,전문의,2018,591
대구,수성구,전문의,2019,615
대구,수성구,전문의,2020,646
대구,수성구,전문의,2021,663
대구,수성구,전문의,2022,705
대구,수성구,전문의,2023,729
대구,수성구,전문의,2024,770
대구,수성구,전문의,2025,816
대구,중구,total,2007,1084
대구,중구,total,2008,1116
대구,중구,total,2009,1131
대구,중구,total,2010,1154
대구,중구,total,2011,1171
대구,중구,total,2012,1271
대구,중구,total,2013,1321
대구,중구,total,2014,1358
대구,중구,total,2015,1388
대구,중구,total,2016,1404
대구,중구,total,2017,1401
대구,중구,total,2018,1455
대구,중구,total,2019,1488
대구,중구,total,2020,1096
대구,중구,total,2021,1110
대구,중구,total,2022,1134
대구,중구,total,2023,1169
대구,중구,total,2024,1212
대구,중구,total,2025,982
대구,중구,레지던트,2007,328
대구,중구,레지던트,2008,355
대구,중구,레지던트,2009,344
대구,중구,레지던트,2010,388
대구,중구,레지던트,2011,406
대구,중구,레지던트,2012,435
대구,중구,레지던트,2013,433
대구,중구,레지던트,2014,433
대구,중구,레지던트,2015,427
대구,중구,레지던트,2016,415
대구,중구,레지던트,2017,390
대구,중구,레지던트,2018,364
대구,중구,레지던트,2019,355
대구,중구,레지던트,2020,203
대구,중구,레지던트,2021,193
대구,중구,레지던트,2022,195
대구,중구,레지던트,2023,190
대구,중구,레지던트,2024,199
대구,중구,레지던트,2025,18
대구,중구,인턴,2007,176
대구,중구,인턴,2008,173
대구,중구,인턴,2009,112
대구,중구,인턴,2010,54
대구,중구,인턴,2011,121
대구,중구,인턴,2012,99
대구,중구,인턴,2013,116
대구,중구,인턴,2014,125
대구,중구,인턴,2015,125
대구,중구,인턴,2016,121
대구,중구,인턴,2017,115
대구,중구,인턴,2018,115
대구,중구,인턴,2019,111
대구,중구,인턴,2020,75
대구,중구,인턴,2021,60
대구,중구,인턴,2022,54
대구,중구,인턴,2023,74
대구,중구,인턴,2024,68
대구,중구,인턴,2025,0
대구,중구,일반의,2007,15
대구,중구,일반의,2008,13
대구,중구,일반의,2009,31
대구,중구,일반의,2010,30
대구,중구,일반의,2011,27
대구,중구,일반의,2012,26
대구,중구,일반의,2013,24
대구,중구,일반의,2014,22
대구,중구,일반의,2015,30
대구,중구,일반의,2016,32
대구,중구,일반의,2017,30
대구,중구,일반의,2018,46
대구,중구,일반의,2019,49
대구,중구,일반의,2020,50
대구,중구,일반의,2021,51
대구,중구,일반의,2022,56
대구,중구,일반의,2023,62
대구,중구,일반의,2024,77
대구,중구,일반의,2025,126
대구,중구,전문의,2007,565
대구,중구,전문의,2008,575
대구,중구,전문의,2009,644
대구,중구,전문의,2010,682
대구,중구,전문의,2011,617
대구,중구,전문의,2012,711
대구,중구,전문의,2013,748
대구,중구,전문의,2014,778
대구,중구,전문의,2015,806
대구,중구,전문의,2016,836
대구,중구,전문의,2017,866
대구,중구,전문의,2018,930
대구,중구,전문의,2019,973
대구,중구,전문의,2020,768
대구,중구,전문의,2021,806
대구,중구,전문의,2022,829
대구,중구,전문의,2023,843
대구,중구,전문의,2024,868
대구,중구,전문의,2025,838
대전,대덕구,total,2007,248
대전,대덕구,total,2008,244
대전,대덕구,total,2009,241
대전,대덕구,total,2010,250
대전,대덕구,total,2011,241
대전,대덕구,total,2012,251
대전,대덕구,total,2013,243
대전,대덕구,total,2014,250
대전,대덕구,total,2015,263
대전,대덕구,total,2016,266
대전,대덕구,total,2017,269
대전,대덕구,total,2018,271
대전,대덕구,total,2019,273
대전,대덕구,total,2020,267
대전,대덕구,total,2021,280
대전,대덕구,total,2022,265
대전,대덕구,total,2023,267
대전,대덕구,total,2024,262
대전,대덕구,total,2025,259
대전,대덕구,레지던트,2007,5
대전,대덕구,레지던트,2008,8
대전,대덕구,레지던트,2009,8
대전,대덕구,레지던트,2010,9
대전,대덕구,레지던트,2011,9
대전,대덕구,레지던트,2012,9
대전,대덕구,레지던트,2013,8
대전,대덕구,레지던트,2014,6
대전,대덕구,레지던트,2015,6
대전,대덕구,레지던트,2016,7
대전,대덕구,레지던트,2017,7
대전,대덕구,레지던트,2018,7
대전,대덕구,레지던트,2019,6
대전,대덕구,레지던트,2020,5
대전,대덕구,레지던트,2021,6
대전,대덕구,레지던트,2022,6
대전,대덕구,레지던트,2023,6
대전,대덕구,레지던트,2024,5
대전,대덕구,레지던트,2025,0
대전,대덕구,인턴,2007,0
대전,대덕구,인턴,2008,0
대전,대덕구,인턴,2009,0
대전,대덕구,인턴,2010,0
대전,대덕구,인턴,2011,0
대전,대덕구,인턴,2012,0
대전,대덕구,인턴,2013,0
대전,대덕구,인턴,2014,0
대전,대덕구,인턴,2015,0
대전,대덕구,인턴,2016,0
대전,대덕구,인턴,2017,0
대전,대덕구,인턴,2018,0
대전,대덕구,인턴,2019,0
대전,대덕구,인턴,2020,0
대전,대덕구,인턴,2021,0
대전,대덕구,인턴,2022,0
대전,대덕구,인턴,2023,0
대전,대덕구,인턴,2024,0
대전,대덕구,인턴,2025,0
대전,대덕구,일반의,2007,29
대전,대덕구,일반의,2008,28
대전,대덕구,일반의,2009,35
대전,대덕구,일반의,2010,36
대전,대덕구,일반의,2011,31
대전,대덕구,일반의,2012,31
대전,대덕구,일반의,2013,26
대전,대덕구,일반의,2014,25
대전,대덕구,일반의,2015,30
대전,대덕구,일반의,2016,32
대전,대덕구,일반의,2017,24
대전,대덕구,일반의,2018,27
대전,대덕구,일반의,2019,24
대전,대덕구,일반의,2020,22
대전,대덕구,일반의,2021,21
대전,대덕구,일반의,2022,20
대전,대덕구,일반의,2023,19
대전,대덕구,일반의,2024,19
대전,대덕구,일반의,2025,25
대전,대덕구,전문의,2007,214
대전,대덕구,전문의,2008,208
대전,대덕구,전문의,2009,198
대전,대덕구,전문의,2010,205
대전,대덕구,전문의,2011,201
대전,대덕구,전문의,2012,211
대전,대덕구,전문의,2013,209
대전,대덕구,전문의,2014,219
대전,대덕구,전문의,2015,227
대전,대덕구,전문의,2016,227
대전,대덕구,전문의,2017,238
대전,대덕구,전문의,2018,237
대전,대덕구,전문의,2019,243
대전,대덕구,전문의,2020,240
대전,대덕구,전문의,2021,253
대전,대덕구,전문의,2022,239
대전,대덕구,전문의,2023,242
대전,대덕구,전문의,2024,238
대전,대덕구,전문의,2025,234
대전,동구,total,2007,195
대전,동구,total,2008,197
대전,동구,total,2009,207
대전,동구,total,2010,224
대전,동구,total,2011,220
대전,동구,total,2012,223
대전,동구,total,2013,243
대전,동구,total,2014,250
대전,동구,total,2015,256
대전,동구,total,2016,263
대전,동구,total,2017,264
대전,동구,total,2018,288
대전,동구,total,2019,301
대전,동구,total,2020,292
대전,동구,total,2021,305
대전,동구,total,2022,317
대전,동구,total,2023,315
대전,동구,total,2024,313
대전,동구,total,2025,348
대전,동구,레지던트,2007,0
대전,동구,레지던트,2008,0
대전,동구,레지던트,2009,0
대전,동구,레지던트,2010,1
대전,동구,레지던트,2011,0
대전,동구,레지던트,2012,0
대전,동구,레지던트,2013,0
대전,동구,레지던트,2014,0
대전,동구,레지던트,2015,0
대전,동구,레지던트,2016,0
대전,동구,레지던트,2017,0
대전,동구,레지던트,2018,0
대전,동구,레지던트,2019,0
대전,동구,레지던트,2020,0
대전,동구,레지던트,2021,0
대전,동구,레지던트,2022,0
대전,동구,레지던트,2023,0
대전,동구,레지던트,2024,0
대전,동구,레지던트,2025,0
대전,동구,인턴,2007,0
대전,동구,인턴,2008,0
대전,동구,인턴,2009,0
대전,동구,인턴,2010,0
대전,동구,인턴,2011,0
대전,동구,인턴,2012,0
대전,동구,인턴,2013,1
대전,동구,인턴,2014,1
대전,동구,인턴,2015,0
대전,동구,인턴,2016,0
대전,동구,인턴,2017,0
대전,동구,인턴,2018,0
대전,동구,인턴,2019,0
대전,동구,인턴,2020,0
대전,동구,인턴,2021,0
대전,동구,인턴,2022,0
대전,동구,인턴,2023,0
대전,동구,인턴,2024,0
대전,동구,인턴,2025,0
대전,동구,일반의,2007,23
대전,동구,일반의,2008,20
대전,동구,일반의,2009,19
대전,동구,일반의,2010,20
대전,동구,일반의,2011,17
대전,동구,일반의,2012,21
대전,동구,일반의,2013,22
대전,동구,일반의,2014,19
대전,동구,일반의,2015,20
대전,동구,일반의,2016,21
대전,동구,일반의,2017,20
대전,동구,일반의,2018,18
대전,동구,일반의,2019,21
대전,동구,일반의,2020,15
대전,동구,일반의,2021,21
대전,동구,일반의,2022,22
대전,동구,일반의,2023,18
대전,동구,일반의,2024,21
대전,동구,일반의,2025,43
대전,동구,전문의,2007,172
대전,동구,전문의,2008,177
대전,동구,전문의,2009,188
대전,동구,전문의,2010,203
대전,동구,전문의,2011,203
대전,동구,전문의,2012,202
대전,동구,전문의,2013,220
대전,동구,전문의,2014,230
대전,동구,전문의,2015,236
대전,동구,전문의,2016,242
대전,동구,전문의,2017,244
대전,동구,전문의,2018,270
대전,동구,전문의,2019,280
대전,동구,전문의,2020,277
대전,동구,전문의,2021,284
대전,동구,전문의,2022,295
대전,동구,전문의,2023,297
대전,동구,전문의,2024,292
대전,동구,전문의,2025,305
대전,서구,total,2007,1072
대전,서구,total,2008,1121
대전,서구,total,2009,1172
대전,서구,total,2010,1158
대전,서구,total,2011,1221
대전,서구,total,2012,1234
대전,서구,total,2013,1244
대전,서구,total,2014,1289
대전,서구,total,2015,1370
대전,서구,total,2016,1384
대전,서구,total,2017,1377
대전,서구,total,2018,1435
대전,서구,total,2019,1476
대전,서구,total,2020,1474
대전,서구,total,2021,1512
대전,서구,total,2022,1514
대전,서구,total,2023,1528
대전,서구,total,2024,1499
대전,서구,total,2025,1460
대전,서구,레지던트,2007,154
대전,서구,레지던트,2008,203
대전,서구,레지던트,2009,215
대전,서구,레지던트,2010,218
대전,서구,레지던트,2011,216
대전,서구,레지던트,2012,215
대전,서구,레지던트,2013,201
대전,서구,레지던트,2014,196
대전,서구,레지던트,2015,190
대전,서구,레지던트,2016,187
대전,서구,레지던트,2017,172
대전,서구,레지던트,2018,176
대전,서구,레지던트,2019,175
대전,서구,레지던트,2020,161
대전,서구,레지던트,2021,141
대전,서구,레지던트,2022,160
대전,서구,레지던트,2023,170
대전,서구,레지던트,2024,128
대전,서구,레지던트,2025,20
대전,서구,인턴,2007,99
대전,서구,인턴,2008,49
대전,서구,인턴,2009,59
대전,서구,인턴,2010,16
대전,서구,인턴,2011,44
대전,서구,인턴,2012,37
대전,서구,인턴,2013,16
대전,서구,인턴,2014,17
대전,서구,인턴,2015,54
대전,서구,인턴,2016,53
대전,서구,인턴,2017,25
대전,서구,인턴,2018,45
대전,서구,인턴,2019,54
대전,서구,인턴,2020,48
대전,서구,인턴,2021,69
대전,서구,인턴,2022,53
대전,서구,인턴,2023,48
대전,서구,인턴,2024,36
대전,서구,인턴,2025,4
대전,서구,일반의,2007,66
대전,서구,일반의,2008,52
대전,서구,일반의,2009,53
대전,서구,일반의,2010,61
대전,서구,일반의,2011,65
대전,서구,일반의,2012,53
대전,서구,일반의,2013,44
대전,서구,일반의,2014,49
대전,서구,일반의,2015,48
대전,서구,일반의,2016,51
대전,서구,일반의,2017,56
대전,서구,일반의,2018,53
대전,서구,일반의,2019,63
대전,서구,일반의,2020,71
대전,서구,일반의,2021,80
대전,서구,일반의,2022,83
대전,서구,일반의,2023,89
대전,서구,일반의,2024,92
대전,서구,일반의,2025,191
대전,서구,전문의,2007,753
대전,서구,전문의,2008,817
대전,서구,전문의,2009,845
대전,서구,전문의,2010,863
대전,서구,전문의,2011,896
대전,서구,전문의,2012,929
대전,서구,전문의,2013,983
대전,서구,전문의,2014,1027
대전,서구,전문의,2015,1078
대전,서구,전문의,2016,1093
대전,서구,전문의,2017,1124
대전,서구,전문의,2018,1161
대전,서구,전문의,2019,1184
대전,서구,전문의,2020,1194
대전,서구,전문의,2021,1222
대전,서구,전문의,2022,1218
대전,서구,전문의,2023,1221
대전,서구,전문의,2024,1243
대전,서구,전문의,2025,1245
대전,유성구,total,2007,210
대전,유성구,total,2008,241
대전,유성구,total,2009,262
대전,유성구,total,2010,268
대전,유성구,total,2011,296
대전,유성구,total,2012,326
대전,유성구,total,2013,351
대전,유성구,total,2014,371
대전,유성구,total,2015,387
대전,유성구,total,2016,406
대전,유성구,total,2017,432
대전,유성구,total,2018,482
대전,유성구,total,2019,499
대전,유성구,total,2020,513
대전,유성구,total,2021,525
대전,유성구,total,2022,588
대전,유성구,total,2023,596
대전,유성구,total,2024,581
대전,유성구,total,2025,605
대전,유성구,레지던트,2007,0
대전,유성구,레지던트,2008,0
대전,유성구,레지던트,2009,0
대전,유성구,레지던트,2010,0
대전,유성구,레지던트,2011,0
대전,유성구,레지던트,2012,0
대전,유성구,레지던트,2013,0
대전,유성구,레지던트,2014,0
대전,유성구,레지던트,2015,0
대전,유성구,레지던트,2016,0
대전,유성구,레지던트,2017,0
대전,유성구,레지던트,2018,0
대전,유성구,레지던트,2019,0
대전,유성구,레지던트,2020,0
대전,유성구,레지던트,2021,1
대전,유성구,레지던트,2022,3
대전,유성구,레지던트,2023,2
대전,유성구,레지던트,2024,2
대전,유성구,레지던트,2025,2
대전,유성구,인턴,2007,0
대전,유성구,인턴,2008,0
대전,유성구,인턴,2009,0
대전,유성구,인턴,2010,0
대전,유성구,인턴,2011,0
대전,유성구,인턴,2012,0
대전,유성구,인턴,2013,0
대전,유성구,인턴,2014,0
대전,유성구,인턴,2015,0
대전,유성구,인턴,2016,0
대전,유성구,인턴,2017,0
대전,유성구,인턴,2018,0
대전,유성구,인턴,2019,0
대전,유성구,인턴,2020,0
대전,유성구,인턴,2021,2
대전,유성구,인턴,2022,4
대전,유성구,인턴,2023,4
대전,유성구,인턴,2024,0
대전,유성구,인턴,2025,1
대전,유성구,일반의,2007,15
대전,유성구,일반의,2008,17
대전,유성구,일반의,2009,19
대전,유성구,일반의,2010,20
대전,유성구,일반의,2011,24
대전,유성구,일반의,2012,29
대전,유성구,일반의,2013,30
대전,유성구,일반의,2014,24
대전,유성구,일반의,2015,21
대전,유성구,일반의,2016,32
대전,유성구,일반의,2017,28
대전,유성구,일반의,2018,29
대전,유성구,일반의,2019,26
대전,유성구,일반의,2020,33
대전,유성구,일반의,2021,35
대전,유성구,일반의,2022,38
대전,유성구,일반의,2023,37
대전,유성구,일반의,2024,38
대전,유성구,일반의,2025,63
대전,유성구,전문의,2007,195
대전,유성구,전문의,2008,224
대전,유성구,전문의,2009,243
대전,유성구,전문의,2010,248
대전,유성구,전문의,2011,272
대전,유성구,전문의,2012,297
대전,유성구,전문의,2013,321
대전,유성구,전문의,2014,347
대전,유성구,전문의,2015,366
대전,유성구,전문의,2016,374
대전,유성구,전문의,2017,404
대전,유성구,전문의,2018,453
대전,유성구,전문의,2019,473
대전,유성구,전문의,2020,480
대전,유성구,전문의,2021,487
대전,유성구,전문의,2022,543
대전,유성구,전문의,2023,553
대전,유성구,전문의,2024,541
대전,유성구,전문의,2025,539
대전,중구,total,2007,878
대전,중구,total,2008,890
대전,중구,total,2009,989
대전,중구,total,2010,969
대전,중구,total,2011,989
대전,중구,total,2012,1042
대전,중구,total,2013,1045
대전,중구,total,2014,1066
대전,중구,total,2015,1080
대전,중구,total,2016,1067
대전,중구,total,2017,1095
대전,중구,total,2018,1122
대전,중구,total,2019,1145
대전,중구,total,2020,1142
대전,중구,total,2021,1076
대전,중구,total,2022,1096
대전,중구,total,2023,1097
대전,중구,total,2024,1020
대전,중구,total,2025,787
대전,중구,레지던트,2007,169
대전,중구,레지던트,2008,244
대전,중구,레지던트,2009,294
대전,중구,레지던트,2010,273
대전,중구,레지던트,2011,272
대전,중구,레지던트,2012,273
대전,중구,레지던트,2013,273
대전,중구,레지던트,2014,263
대전,중구,레지던트,2015,267
대전,중구,레지던트,2016,253
대전,중구,레지던트,2017,251
대전,중구,레지던트,2018,253
대전,중구,레지던트,2019,251
대전,중구,레지던트,2020,233
대전,중구,레지던트,2021,221
대전,중구,레지던트,2022,220
대전,중구,레지던트,2023,220
대전,중구,레지던트,2024,238
대전,중구,레지던트,2025,10
대전,중구,인턴,2007,139
대전,중구,인턴,2008,50
대전,중구,인턴,2009,73
대전,중구,인턴,2010,52
대전,중구,인턴,2011,61
대전,중구,인턴,2012,71
대전,중구,인턴,2013,53
대전,중구,인턴,2014,71
대전,중구,인턴,2015,75
대전,중구,인턴,2016,68
대전,중구,인턴,2017,78
대전,중구,인턴,2018,76
대전,중구,인턴,2019,83
대전,중구,인턴,2020,69
대전,중구,인턴,2021,73
대전,중구,인턴,2022,82
대전,중구,인턴,2023,89
대전,중구,인턴,2024,5
대전,중구,인턴,2025,4
대전,중구,일반의,2007,36
대전,중구,일반의,2008,33
대전,중구,일반의,2009,54
대전,중구,일반의,2010,48
대전,중구,일반의,2011,44
대전,중구,일반의,2012,32
대전,중구,일반의,2013,25
대전,중구,일반의,2014,29
대전,중구,일반의,2015,28
대전,중구,일반의,2016,25
대전,중구,일반의,2017,26
대전,중구,일반의,2018,29
대전,중구,일반의,2019,27
대전,중구,일반의,2020,24
대전,중구,일반의,2021,20
대전,중구,일반의,2022,18
대전,중구,일반의,2023,18
대전,중구,일반의,2024,20
대전,중구,일반의,2025,43
대전,중구,전문의,2007,534
대전,중구,전문의,2008,563
대전,중구,전문의,2009,568
대전,중구,전문의,2010,596
대전,중구,전문의,2011,612
대전,중구,전문의,2012,666
대전,중구,전문의,2013,694
대전,중구,전문의,2014,703
대전,중구,전문의,2015,710
대전,중구,전문의,2016,721
대전,중구,전문의,2017,740
대전,중구,전문의,2018,764
대전,중구,전문의,2019,784
대전,중구,전문의,2020,816
대전,중구,전문의,2021,762
대전,중구,전문의,2022,776
대전,중구,전문의,2023,770
대전,중구,전문의,2024,757
대전,중구,전문의,2025,730
부산,강서구,total,2007,15
부산,강서구,total,2008,15
부산,강서구,total,2009,22
부산,강서구,total,2010,26
부산,강서구,total,2011,26
부산,강서구,total,2012,27
부산,강서구,total,2013,31
부산,강서구,total,2014,37
부산,강서구,total,2015,39
부산,강서구,total,2016,45
부산,강서구,total,2017,57
부산,강서구,total,2018,71
부산,강서구,total,2019,83
부산,강서구,total,2020,89
부산,강서구,total,2021,99
부산,강서구,total,2022,109
부산,강서구,total,2023,120
부산,강서구,total,2024,123
부산,강서구,total,2025,122
부산,강서구,레지던트,2007,0
부산,강서구,레지던트,2008,0
부산,강서구,레지던트,2009,0
부산,강서구,레지던트,2010,0
부산,강서구,레지던트,2011,0
부산,강서구,레지던트,2012,0
부산,강서구,레지던트,2013,0
부산,강서구,레지던트,2014,0
부산,강서구,레지던트,2015,0
부산,강서구,레지던트,2016,0
부산,강서구,레지던트,2017,0
부산,강서구,레지던트,2018,0
부산,강서구,레지던트,2019,0
부산,강서구,레지던트,2020,0
부산,강서구,레지던트,2021,0
부산,강서구,레지던트,2022,0
부산,강서구,레지던트,2023,0
부산,강서구,레지던트,2024,0
부산,강서구,레지던트,2025,0
부산,강서구,인턴,2007,0
부산,강서구,인턴,2008,0
부산,강서구,인턴,2009,0
부산,강서구,인턴,2010,0
부산,강서구,인턴,2011,0
부산,강서구,인턴,2012,0
부산,강서구,인턴,2013,0
부산,강서구,인턴,2014,0
부산,강서구,인턴,2015,0
부산,강서구,인턴,2016,0
부산,강서구,인턴,2017,0
부산,강서구,인턴,2018,0
부산,강서구,인턴,2019,0
부산,강서구,인턴,2020,0
부산,강서구,인턴,2021,0
부산,강서구,인턴,2022,0
부산,강서구,인턴,2023,0
부산,강서구,인턴,2024,0
부산,강서구,인턴,2025,0
부산,강서구,일반의,2007,2
부산,강서구,일반의,2008,3
부산,강서구,일반의,2009,4
부산,강서구,일반의,2010,3
부산,강서구,일반의,2011,2
부산,강서구,일반의,2012,6
부산,강서구,일반의,2013,2
부산,강서구,일반의,2014,3
부산,강서구,일반의,2015,2
부산,강서구,일반의,2016,2
부산,강서구,일반의,2017,2
부산,강서구,일반의,2018,3
부산,강서구,일반의,2019,4
부산,강서구,일반의,2020,5
부산,강서구,일반의,2021,3
부산,강서구,일반의,2022,4
부산,강서구,일반의,2023,5
부산,강서구,일반의,2024,7
부산,강서구,일반의,2025,11
부산,강서구,전문의,2007,13
부산,강서구,전문의,2008,12
부산,강서구,전문의,2009,18
부산,강서구,전문의,2010,23
부산,강서구,전문의,2011,24
부산,강서구,전문의,2012,21
부산,강서구,전문의,2013,29
부산,강서구,전문의,2014,34
부산,강서구,전문의,2015,37
부산,강서구,전문의,2016,43
부산,강서구,전문의,2017,55
부산,강서구,전문의,2018,68
부산,강서구,전문의,2019,79
부산,강서구,전문의,2020,84
부산,강서구,전문의,2021,96
부산,강서구,전문의,2022,105
부산,강서구,전문의,2023,115
부산,강서구,전문의,2024,116
부산,강서구,전문의,2025,111
부산,금정구,total,2007,369
부산,금정구,total,2008,370
부산,금정구,total,2009,375
부산,금정구,total,2010,357
부산,금정구,total,2011,357
부산,금정구,total,2012,353
부산,금정구,total,2013,368
부산,금정구,total,2014,378
부산,금정구,total,2015,364
부산,금정구,total,2016,349
부산,금정구,total,2017,313
부산,금정구,total,2018,313
부산,금정구,total,2019,325
부산,금정구,total,2020,325
부산,금정구,total,2021,323
부산,금정구,total,2022,337
부산,금정구,total,2023,329
부산,금정구,total,2024,332
부산,금정구,total,2025,352
부산,금정구,레지던트,2007,46
부산,금정구,레지던트,2008,44
부산,금정구,레지던트,2009,57
부산,금정구,레지던트,2010,51
부산,금정구,레지던트,2011,46
부산,금정구,레지던트,2012,31
부산,금정구,레지던트,2013,28
부산,금정구,레지던트,2014,23
부산,금정구,레지던트,2015,14
부산,금정구,레지던트,2016,5
부산,금정구,레지던트,2017,0
부산,금정구,레지던트,2018,0
부산,금정구,레지던트,2019,0
부산,금정구,레지던트,2020,0
부산,금정구,레지던트,2021,0
부산,금정구,레지던트,2022,0
부산,금정구,레지던트,2023,0
부산,금정구,레지던트,2024,0
부산,금정구,레지던트,2025,0
부산,금정구,인턴,2007,14
부산,금정구,인턴,2008,13
부산,금정구,인턴,2009,10
부산,금정구,인턴,2010,4
부산,금정구,인턴,2011,3
부산,금정구,인턴,2012,1
부산,금정구,인턴,2013,1
부산,금정구,인턴,2014,4
부산,금정구,인턴,2015,5
부산,금정구,인턴,2016,2
부산,금정구,인턴,2017,1
부산,금정구,인턴,2018,0
부산,금정구,인턴,2019,0
부산,금정구,인턴,2020,0
부산,금정구,인턴,2021,0
부산,금정구,인턴,2022,0
부산,금정구,인턴,2023,0
부산,금정구,인턴,2024,0
부산,금정구,인턴,2025,0
부산,금정구,일반의,2007,40
부산,금정구,일반의,2008,34
부산,금정구,일반의,2009,21
부산,금정구,일반의,2010,23
부산,금정구,일반의,2011,24
부산,금정구,일반의,2012,25
부산,금정구,일반의,2013,23
부산,금정구,일반의,2014,28
부산,금정구,일반의,2015,28
부산,금정구,일반의,2016,23
부산,금정구,일반의,2017,26
부산,금정구,일반의,2018,25
부산,금정구,일반의,2019,25
부산,금정구,일반의,2020,29
부산,금정구,일반의,2021,26
부산,금정구,일반의,2022,22
부산,금정구,일반의,2023,22
부산,금정구,일반의,2024,23
부산,금정구,일반의,2025,36
부산,금정구,전문의,2007,269
부산,금정구,전문의,2008,279
부산,금정구,전문의,2009,287
부산,금정구,전문의,2010,279
부산,금정구,전문의,2011,284
부산,금정구,전문의,2012,296
부산,금정구,전문의,2013,316
부산,금정구,전문의,2014,323
부산,금정구,전문의,2015,317
부산,금정구,전문의,2016,319
부산,금정구,전문의,2017,286
부산,금정구,전문의,2018,288
부산,금정구,전문의,2019,300
부산,금정구,전문의,2020,296
부산,금정구,전문의,2021,297
부산,금정구,전문의,2022,315
부산,금정구,전문의,2023,307
부산,금정구,전문의,2024,309
부산,금정구,전문의,2025,316
부산,기장군,total,2007,64
부산,기장군,total,2008,64
부산,기장군,total,2009,70
부산,기장군,total,2010,77
부산,기장군,total,2011,132
부산,기장군,total,2012,146
부산,기장군,total,2013,160
부산,기장군,total,2014,170
부산,기장군,total,2015,186
부산,기장군,total,2016,191
부산,기장군,total,2017,188
부산,기장군,total,2018,203
부산,기장군,total,2019,201
부산,기장군,total,2020,210
부산,기장군,total,2021,216
부산,기장군,total,2022,223
부산,기장군,total,2023,235
부산,기장군,total,2024,239
부산,기장군,total,2025,261
부산,기장군,레지던트,2007,0
부산,기장군,레지던트,2008,0
부산,기장군,레지던트,2009,0
부산,기장군,레지던트,2010,0
부산,기장군,레지던트,2011,0
부산,기장군,레지던트,2012,0
부산,기장군,레지던트,2013,0
부산,기장군,레지던트,2014,0
부산,기장군,레지던트,2015,0
부산,기장군,레지던트,2016,0
부산,기장군,레지던트,2017,0
부산,기장군,레지던트,2018,0
부산,기장군,레지던트,2019,0
부산,기장군,레지던트,2020,0
부산,기장군,레지던트,2021,0
부산,기장군,레지던트,2022,0
부산,기장군,레지던트,2023,0
부산,기장군,레지던트,2024,0
부산,기장군,레지던트,2025,0
부산,기장군,인턴,2007,0
부산,기장군,인턴,2008,0
부산,기장군,인턴,2009,0
부산,기장군,인턴,2010,0
부산,기장군,인턴,2011,0
부산,기장군,인턴,2012,0
부산,기장군,인턴,2013,0
부산,기장군,인턴,2014,0
부산,기장군,인턴,2015,0
부산,기장군,인턴,2016,0
부산,기장군,인턴,2017,0
부산,기장군,인턴,2018,0
부산,기장군,인턴,2019,0
부산,기장군,인턴,2020,0
부산,기장군,인턴,2021,0
부산,기장군,인턴,2022,0
부산,기장군,인턴,2023,0
부산,기장군,인턴,2024,0
부산,기장군,인턴,2025,0
부산,기장군,일반의,2007,13
부산,기장군,일반의,2008,10
부산,기장군,일반의,2009,12
부산,기장군,일반의,2010,13
부산,기장군,일반의,2011,17
부산,기장군,일반의,2012,17
부산,기장군,일반의,2013,13
부산,기장군,일반의,2014,14
부산,기장군,일반의,2015,13
부산,기장군,일반의,2016,14
부산,기장군,일반의,2017,11
부산,기장군,일반의,2018,9
부산,기장군,일반의,2019,7
부산,기장군,일반의,2020,7
부산,기장군,일반의,2021,9
부산,기장군,일반의,2022,9
부산,기장군,일반의,2023,8
부산,기장군,일반의,2024,8
부산,기장군,일반의,2025,23
부산,기장군,전문의,2007,51
부산,기장군,전문의,2008,54
부산,기장군,전문의,2009,58
부산,기장군,전문의,2010,64
부산,기장군,전문의,2011,115
부산,기장군,전문의,2012,129
부산,기장군,전문의,2013,147
부산,기장군,전문의,2014,156
부산,기장군,전문의,2015,173
부산,기장군,전문의,2016,177
부산,기장군,전문의,2017,177
부산,기장군,전문의,2018,194
부산,기장군,전문의,2019,194
부산,기장군,전문의,2020,203
부산,기장군,전문의,2021,207
부산,기장군,전문의,2022,214
부산,기장군,전문의,2023,227
부산,기장군,전문의,2024,231
부산,기장군,전문의,2025,238
부산,남구,total,2007,268
부산,남구,total,2008,278
부산,남구,total,2009,293
부산,남구,total,2010,299
부산,남구,total,2011,324
부산,남구,total,2012,336
부산,남구,total,2013,337
부산,남구,total,2014,344
부산,남구,total,2015,341
부산,남구,total,2016,346
부산,남구,total,2017,362
부산,남구,total,2018,364
부산,남구,total,2019,358
부산,남구,total,2020,355
부산,남구,total,2021,356
부산,남구,total,2022,370
부산,남구,total,2023,386
부산,남구,total,2024,400
부산,남구,total,2025,414
부산,남구,레지던트,2007,1
부산,남구,레지던트,2008,27
부산,남구,레지던트,2009,29
부산,남구,레지던트,2010,28
부산,남구,레지던트,2011,29
부산,남구,레지던트,2012,32
부산,남구,레지던트,2013,29
부산,남구,레지던트,2014,28
부산,남구,레지던트,2015,24
부산,남구,레지던트,2016,24
부산,남구,레지던트,2017,24
부산,남구,레지던트,2018,24
부산,남구,레지던트,2019,23
부산,남구,레지던트,2020,19
부산,남구,레지던트,2021,13
부산,남구,레지던트,2022,13
부산,남구,레지던트,2023,12
부산,남구,레지던트,2024,11
부산,남구,레지던트,2025,9
부산,남구,인턴,2007,0
부산,남구,인턴,2008,0
부산,남구,인턴,2009,5
부산,남구,인턴,2010,3
부산,남구,인턴,2011,4
부산,남구,인턴,2012,5
부산,남구,인턴,2013,6
부산,남구,인턴,2014,4
부산,남구,인턴,2015,2
부산,남구,인턴,2016,5
부산,남구,인턴,2017,6
부산,남구,인턴,2018,6
부산,남구,인턴,2019,3
부산,남구,인턴,2020,1
부산,남구,인턴,2021,2
부산,남구,인턴,2022,1
부산,남구,인턴,2023,0
부산,남구,인턴,2024,2
부산,남구,인턴,2025,3
부산,남구,일반의,2007,40
부산,남구,일반의,2008,12
부산,남구,일반의,2009,18
부산,남구,일반의,2010,17
부산,남구,일반의,2011,19
부산,남구,일반의,2012,19
부산,남구,일반의,2013,18
부산,남구,일반의,2014,17
부산,남구,일반의,2015,16
부산,남구,일반의,2016,14
부산,남구,일반의,2017,19
부산,남구,일반의,2018,20
부산,남구,일반의,2019,19
부산,남구,일반의,2020,21
부산,남구,일반의,2021,18
부산,남구,일반의,2022,19
부산,남구,일반의,2023,19
부산,남구,일반의,2024,22
부산,남구,일반의,2025,35
부산,남구,전문의,2007,227
부산,남구,전문의,2008,239
부산,남구,전문의,2009,241
부산,남구,전문의,2010,251
부산,남구,전문의,2011,272
부산,남구,전문의,2012,280
부산,남구,전문의,2013,284
부산,남구,전문의,2014,295
부산,남구,전문의,2015,299
부산,남구,전문의,2016,303
부산,남구,전문의,2017,313
부산,남구,전문의,2018,314
부산,남구,전문의,2019,313
부산,남구,전문의,2020,314
부산,남구,전문의,2021,323
부산,남구,전문의,2022,337
부산,남구,전문의,2023,355
부산,남구,전문의,2024,365
부산,남구,전문의,2025,367
부산,동구,total,2007,290
부산,동구,total,2008,302
부산,동구,total,2009,304
부산,동구,total,2010,304
부산,동구,total,2011,309
부산,동구,total,2012,314
부산,동구,total,2013,320
부산,동구,total,2014,324
부산,동구,total,2015,351
부산,동구,total,2016,358
부산,동구,total,2017,343
부산,동구,total,2018,349
부산,동구,total,2019,352
부산,동구,total,2020,366
부산,동구,total,2021,362
부산,동구,total,2022,359
부산,동구,total,2023,365
부산,동구,total,2024,358
부산,동구,total,2025,373
부산,동구,레지던트,2007,35
부산,동구,레지던트,2008,33
부산,동구,레지던트,2009,25
부산,동구,레지던트,2010,21
부산,동구,레지던트,2011,22
부산,동구,레지던트,2012,29
부산,동구,레지던트,2013,28
부산,동구,레지던트,2014,22
부산,동구,레지던트,2015,21
부산,동구,레지던트,2016,18
부산,동구,레지던트,2017,11
부산,동구,레지던트,2018,12
부산,동구,레지던트,2019,8
부산,동구,레지던트,2020,8
부산,동구,레지던트,2021,5
부산,동구,레지던트,2022,7
부산,동구,레지던트,2023,7
부산,동구,레지던트,2024,7
부산,동구,레지던트,2025,6
부산,동구,인턴,2007,3
부산,동구,인턴,2008,5
부산,동구,인턴,2009,5
부산,동구,인턴,2010,6
부산,동구,인턴,2011,3
부산,동구,인턴,2012,3
부산,동구,인턴,2013,6
부산,동구,인턴,2014,9
부산,동구,인턴,2015,9
부산,동구,인턴,2016,2
부산,동구,인턴,2017,3
부산,동구,인턴,2018,0
부산,동구,인턴,2019,1
부산,동구,인턴,2020,0
부산,동구,인턴,2021,1
부산,동구,인턴,2022,4
부산,동구,인턴,2023,7
부산,동구,인턴,2024,3
부산,동구,인턴,2025,2
부산,동구,일반의,2007,25
부산,동구,일반의,2008,26
부산,동구,일반의,2009,32
부산,동구,일반의,2010,33
부산,동구,일반의,2011,29
부산,동구,일반의,2012,20
부산,동구,일반의,2013,16
부산,동구,일반의,2014,18
부산,동구,일반의,2015,20
부산,동구,일반의,2016,22
부산,동구,일반의,2017,18
부산,동구,일반의,2018,16
부산,동구,일반의,2019,15
부산,동구,일반의,2020,24
부산,동구,일반의,2021,14
부산,동구,일반의,2022,14
부산,동구,일반의,2023,14
부산,동구,일반의,2024,16
부산,동구,일반의,2025,29
부산,동구,전문의,2007,227
부산,동구,전문의,2008,238
부산,동구,전문의,2009,242
부산,동구,전문의,2010,244
부산,동구,전문의,2011,255
부산,동구,전문의,2012,262
부산,동구,전문의,2013,270
부산,동구,전문의,2014,275
부산,동구,전문의,2015,301
부산,동구,전문의,2016,316
부산,동구,전문의,2017,311
부산,동구,전문의,2018,321
부산,동구,전문의,2019,328
부산,동구,전문의,2020,334
부산,동구,전문의,2021,342
부산,동구,전문의,2022,334
부산,동구,전문의,2023,337
부산,동구,전문의,2024,332
부산,동구,전문의,2025,336
부산,동래구,total,2007,383
부산,동래구,total,2008,414
부산,동래구,total,2009,420
부산,동래구,total,2010,423
부산,동래구,total,2011,463
부산,동래구,total,2012,476
부산,동래구,total,2013,490
부산,동래구,total,2014,509
부산,동래구,total,2015,528
부산,동래구,total,2016,533
부산,동래구,total,2017,530
부산,동래구,total,2018,564
부산,동래구,total,2019,589
부산,동래구,total,2020,590
부산,동래구,total,2021,584
부산,동래구,total,2022,604
부산,동래구,total,2023,632
부산,동래구,total,2024,643
부산,동래구,total,2025,675
부산,동래구,레지던트,2007,13
부산,동래구,레지던트,2008,9
부산,동래구,레지던트,2009,8
부산,동래구,레지던트,2010,7
부산,동래구,레지던트,2011,10
부산,동래구,레지던트,2012,13
부산,동래구,레지던트,2013,19
부산,동래구,레지던트,2014,17
부산,동래구,레지던트,2015,16
부산,동래구,레지던트,2016,16
부산,동래구,레지던트,2017,14
부산,동래구,레지던트,2018,16
부산,동래구,레지던트,2019,13
부산,동래구,레지던트,2020,6
부산,동래구,레지던트,2021,2
부산,동래구,레지던트,2022,2
부산,동래구,레지던트,2023,0
부산,동래구,레지던트,2024,0
부산,동래구,레지던트,2025,0
부산,동래구,인턴,2007,3
부산,동래구,인턴,2008,10
부산,동래구,인턴,2009,15
부산,동래구,인턴,2010,14
부산,동래구,인턴,2011,18
부산,동래구,인턴,2012,7
부산,동래구,인턴,2013,8
부산,동래구,인턴,2014,12
부산,동래구,인턴,2015,12
부산,동래구,인턴,2016,12
부산,동래구,인턴,2017,3
부산,동래구,인턴,2018,3
부산,동래구,인턴,2019,1
부산,동래구,인턴,2020,4
부산,동래구,인턴,2021,3
부산,동래구,인턴,2022,5
부산,동래구,인턴,2023,4
부산,동래구,인턴,2024,0
부산,동래구,인턴,2025,0
부산,동래구,일반의,2007,25
부산,동래구,일반의,2008,33
부산,동래구,일반의,2009,25
부산,동래구,일반의,2010,29
부산,동래구,일반의,2011,31
부산,동래구,일반의,2012,30
부산,동래구,일반의,2013,24
부산,동래구,일반의,2014,28
부산,동래구,일반의,2015,26
부산,동래구,일반의,2016,26
부산,동래구,일반의,2017,27
부산,동래구,일반의,2018,30
부산,동래구,일반의,2019,33
부산,동래구,일반의,2020,30
부산,동래구,일반의,2021,32
부산,동래구,일반의,2022,30
부산,동래구,일반의,2023,26
부산,동래구,일반의,2024,23
부산,동래구,일반의,2025,51
부산,동래구,전문의,2007,342
부산,동래구,전문의,2008,362
부산,동래구,전문의,2009,372
부산,동래구,전문의,2010,373
부산,동래구,전문의,2011,404
부산,동래구,전문의,2012,426
부산,동래구,전문의,2013,439
부산,동래구,전문의,2014,452
부산,동래구,전문의,2015,474
부산,동래구,전문의,2016,479
부산,동래구,전문의,2017,486
부산,동래구,전문의,2018,515
부산,동래구,전문의,2019,542
부산,동래구,전문의,2020,550
부산,동래구,전문의,2021,547
부산,동래구,전문의,2022,567
부산,동래구,전문의,2023,602
부산,동래구,전문의,2024,620
부산,동래구,전문의,2025,624
부산,부산진구,total,2007,993
부산,부산진구,total,2008,1008
부산,부산진구,total,2009,981
부산,부산진구,total,2010,1027
부산,부산진구,total,2011,1010
부산,부산진구,total,2012,1132
부산,부산진구,total,2013,1162
부산,부산진구,total,2014,1210
부산,부산진구,total,2015,1199
부산,부산진구,total,2016,1247
부산,부산진구,total,2017,1245
부산,부산진구,total,2018,1288
부산,부산진구,total,2019,1322
부산,부산진구,total,2020,1345
부산,부산진구,total,2021,1384
부산,부산진구,total,2022,1421
부산,부산진구,total,2023,1428
부산,부산진구,total,2024,1415
부산,부산진구,total,2025,1398
부산,부산진구,레지던트,2007,204
부산,부산진구,레지던트,2008,203
부산,부산진구,레지던트,2009,194
부산,부산진구,레지던트,2010,198
부산,부산진구,레지던트,2011,161
부산,부산진구,레지던트,2012,205
부산,부산진구,레지던트,2013,215
부산,부산진구,레지던트,2014,192
부산,부산진구,레지던트,2015,183
부산,부산진구,레지던트,2016,179
부산,부산진구,레지던트,2017,177
부산,부산진구,레지던트,2018,170
부산,부산진구,레지던트,2019,157
부산,부산진구,레지던트,2020,138
부산,부산진구,레지던트,2021,133
부산,부산진구,레지던트,2022,129
부산,부산진구,레지던트,2023,126
부산,부산진구,레지던트,2024,99
부산,부산진구,레지던트,2025,12
부산,부산진구,인턴,2007,55
부산,부산진구,인턴,2008,57
부산,부산진구,인턴,2009,10
부산,부산진구,인턴,2010,47
부산,부산진구,인턴,2011,40
부산,부산진구,인턴,2012,29
부산,부산진구,인턴,2013,35
부산,부산진구,인턴,2014,40
부산,부산진구,인턴,2015,42
부산,부산진구,인턴,2016,42
부산,부산진구,인턴,2017,39
부산,부산진구,인턴,2018,35
부산,부산진구,인턴,2019,34
부산,부산진구,인턴,2020,35
부산,부산진구,인턴,2021,38
부산,부산진구,인턴,2022,36
부산,부산진구,인턴,2023,39
부산,부산진구,인턴,2024,33
부산,부산진구,인턴,2025,2
부산,부산진구,일반의,2007,41
부산,부산진구,일반의,2008,43
부산,부산진구,일반의,2009,39
부산,부산진구,일반의,2010,35
부산,부산진구,일반의,2011,39
부산,부산진구,일반의,2012,57
부산,부산진구,일반의,2013,46
부산,부산진구,일반의,2014,47
부산,부산진구,일반의,2015,48
부산,부산진구,일반의,2016,54
부산,부산진구,일반의,2017,53
부산,부산진구,일반의,2018,58
부산,부산진구,일반의,2019,62
부산,부산진구,일반의,2020,74
부산,부산진구,일반의,2021,73
부산,부산진구,일반의,2022,86
부산,부산진구,일반의,2023,99
부산,부산진구,일반의,2024,104
부산,부산진구,일반의,2025,196
부산,부산진구,전문의,2007,693
부산,부산진구,전문의,2008,705
부산,부산진구,전문의,2009,738
부산,부산진구,전문의,2010,747
부산,부산진구,전문의,2011,770
부산,부산진구,전문의,2012,841
부산,부산진구,전문의,2013,866
부산,부산진구,전문의,2014,931
부산,부산진구,전문의,2015,926
부산,부산진구,전문의,2016,972
부산,부산진구,전문의,2017,976
부산,부산진구,전문의,2018,1025
부산,부산진구,전문의,2019,1069
부산,부산진구,전문의,2020,1098
부산,부산진구,전문의,2021,1140
부산,부산진구,전문의,2022,1170
부산,부산진구,전문의,2023,1164
부산,부산진구,전문의,2024,1179
부산,부산진구,전문의,2025,1188
부산,북구,total,2007,279
부산,북구,total,2008,279
부산,북구,total,2009,305
부산,북구,total,2010,317
부산,북구,total,2011,342
부산,북구,total,2012,348
부산,북구,total,2013,359
부산,북구,total,2014,371
부산,북구,total,2015,391
부산,북구,total,2016,407
부산,북구,total,2017,420
부산,북구,total,2018,422
부산,북구,total,2019,444
부산,북구,total,2020,454
부산,북구,total,2021,458
부산,북구,total,2022,445
부산,북구,total,2023,455
부산,북구,total,2024,455
부산,북구,total,2025,485
부산,북구,레지던트,2007,0
부산,북구,레지던트,2008,0
부산,북구,레지던트,2009,0
부산,북구,레지던트,2010,0
부산,북구,레지던트,2011,0
부산,북구,레지던트,2012,1
부산,북구,레지던트,2013,2
부산,북구,레지던트,2014,3
부산,북구,레지던트,2015,4
부산,북구,레지던트,2016,4
부산,북구,레지던트,2017,3
부산,북구,레지던트,2018,4
부산,북구,레지던트,2019,4
부산,북구,레지던트,2020,4
부산,북구,레지던트,2021,4
부산,북구,레지던트,2022,3
부산,북구,레지던트,2023,4
부산,북구,레지던트,2024,3
부산,북구,레지던트,2025,0
부산,북구,인턴,2007,0
부산,북구,인턴,2008,0
부산,북구,인턴,2009,0
부산,북구,인턴,2010,0
부산,북구,인턴,2011,0
부산,북구,인턴,2012,0
부산,북구,인턴,2013,2
부산,북구,인턴,2014,0
부산,북구,인턴,2015,0
부산,북구,인턴,2016,1
부산,북구,인턴,2017,1
부산,북구,인턴,2018,2
부산,북구,인턴,2019,1
부산,북구,인턴,2020,1
부산,북구,인턴,2021,1
부산,북구,인턴,2022,2
부산,북구,인턴,2023,1
부산,북구,인턴,2024,3
부산,북구,인턴,2025,0
부산,북구,일반의,2007,18
부산,북구,일반의,2008,19
부산,북구,일반의,2009,22
부산,북구,일반의,2010,22
부산,북구,일반의,2011,26
부산,북구,일반의,2012,30
부산,북구,일반의,2013,25
부산,북구,일반의,2014,21
부산,북구,일반의,2015,22
부산,북구,일반의,2016,27
부산,북구,일반의,2017,27
부산,북구,일반의,2018,23
부산,북구,일반의,2019,24
부산,북구,일반의,2020,21
부산,북구,일반의,2021,26
부산,북구,일반의,2022,25
부산,북구,일반의,2023,22
부산,북구,일반의,2024,21
부산,북구,일반의,2025,44
부산,북구,전문의,2007,261
부산,북구,전문의,2008,260
부산,북구,전문의,2009,283
부산,북구,전문의,2010,295
부산,북구,전문의,2011,316
부산,북구,전문의,2012,317
부산,북구,전문의,2013,330
부산,북구,전문의,2014,347
부산,북구,전문의,2015,365
부산,북구,전문의,2016,375
부산,북구,전문의,2017,389
부산,북구,전문의,2018,393
부산,북구,전문의,2019,415
부산,북구,전문의,2020,428
부산,북구,전문의,2021,427
부산,북구,전문의,2022,415
부산,북구,전문의,2023,428
부산,북구,전문의,2024,428
부산,북구,전문의,2025,441
부산,사상구,total,2007,278
부산,사상구,total,2008,304
부산,사상구,total,2009,318
부산,사상구,total,2010,322
부산,사상구,total,2011,338
부산,사상구,total,2012,351
부산,사상구,total,2013,369
부산,사상구,total,2014,379
부산,사상구,total,2015,381
부산,사상구,total,2016,379
부산,사상구,total,2017,371
부산,사상구,total,2018,378
부산,사상구,total,2019,392
부산,사상구,total,2020,394
부산,사상구,total,2021,397
부산,사상구,total,2022,389
부산,사상구,total,2023,397
부산,사상구,total,2024,390
부산,사상구,total,2025,414
부산,사상구,레지던트,2007,25
부산,사상구,레지던트,2008,26
부산,사상구,레지던트,2009,29
부산,사상구,레지던트,2010,32
부산,사상구,레지던트,2011,29
부산,사상구,레지던트,2012,31
부산,사상구,레지던트,2013,36
부산,사상구,레지던트,2014,38
부산,사상구,레지던트,2015,31
부산,사상구,레지던트,2016,29
부산,사상구,레지던트,2017,26
부산,사상구,레지던트,2018,25
부산,사상구,레지던트,2019,28
부산,사상구,레지던트,2020,25
부산,사상구,레지던트,2021,23
부산,사상구,레지던트,2022,18
부산,사상구,레지던트,2023,13
부산,사상구,레지던트,2024,11
부산,사상구,레지던트,2025,7
부산,사상구,인턴,2007,12
부산,사상구,인턴,2008,13
부산,사상구,인턴,2009,4
부산,사상구,인턴,2010,11
부산,사상구,인턴,2011,4
부산,사상구,인턴,2012,3
부산,사상구,인턴,2013,9
부산,사상구,인턴,2014,10
부산,사상구,인턴,2015,12
부산,사상구,인턴,2016,12
부산,사상구,인턴,2017,10
부산,사상구,인턴,2018,9
부산,사상구,인턴,2019,9
부산,사상구,인턴,2020,8
부산,사상구,인턴,2021,9
부산,사상구,인턴,2022,9
부산,사상구,인턴,2023,10
부산,사상구,인턴,2024,5
부산,사상구,인턴,2025,4
부산,사상구,일반의,2007,24
부산,사상구,일반의,2008,23
부산,사상구,일반의,2009,17
부산,사상구,일반의,2010,17
부산,사상구,일반의,2011,21
부산,사상구,일반의,2012,20
부산,사상구,일반의,2013,20
부산,사상구,일반의,2014,17
부산,사상구,일반의,2015,15
부산,사상구,일반의,2016,18
부산,사상구,일반의,2017,15
부산,사상구,일반의,2018,13
부산,사상구,일반의,2019,14
부산,사상구,일반의,2020,14
부산,사상구,일반의,2021,11
부산,사상구,일반의,2022,12
부산,사상구,일반의,2023,19
부산,사상구,일반의,2024,12
부산,사상구,일반의,2025,25
부산,사상구,전문의,2007,217
부산,사상구,전문의,2008,242
부산,사상구,전문의,2009,268
부산,사상구,전문의,2010,262
부산,사상구,전문의,2011,284
부산,사상구,전문의,2012,297
부산,사상구,전문의,2013,304
부산,사상구,전문의,2014,314
부산,사상구,전문의,2015,323
부산,사상구,전문의,2016,320
부산,사상구,전문의,2017,320
부산,사상구,전문의,2018,331
부산,사상구,전문의,2019,341
부산,사상구,전문의,2020,347
부산,사상구,전문의,2021,354
부산,사상구,전문의,2022,350
부산,사상구,전문의,2023,355
부산,사상구,전문의,2024,362
부산,사상구,전문의,2025,378
부산,사하구,total,2007,299
부산,사하구,total,2008,319
부산,사하구,total,2009,351
부산,사하구,total,2010,360
부산,사하구,total,2011,364
부산,사하구,total,2012,374
부산,사하구,total,2013,379
부산,사하구,total,2014,394
부산,사하구,total,2015,405
부산,사하구,total,2016,419
부산,사하구,total,2017,426
부산,사하구,total,2018,438
부산,사하구,total,2019,441
부산,사하구,total,2020,450
부산,사하구,total,2021,437
부산,사하구,total,2022,452
부산,사하구,total,2023,462
부산,사하구,total,2024,462
부산,사하구,total,2025,492
부산,사하구,레지던트,2007,0
부산,사하구,레지던트,2008,0
부산,사하구,레지던트,2009,0
부산,사하구,레지던트,2010,0
부산,사하구,레지던트,2011,0
부산,사하구,레지던트,2012,0
부산,사하구,레지던트,2013,0
부산,사하구,레지던트,2014,0
부산,사하구,레지던트,2015,0
부산,사하구,레지던트,2016,0
부산,사하구,레지던트,2017,0
부산,사하구,레지던트,2018,0
부산,사하구,레지던트,2019,0
부산,사하구,레지던트,2020,0
부산,사하구,레지던트,2021,0
부산,사하구,레지던트,2022,0
부산,사하구,레지던트,2023,0
부산,사하구,레지던트,2024,0
부산,사하구,레지던트,2025,0
부산,사하구,인턴,2007,0
부산,사하구,인턴,2008,0
부산,사하구,인턴,2009,0
부산,사하구,인턴,2010,0
부산,사하구,인턴,2011,0
부산,사하구,인턴,2012,0
부산,사하구,인턴,2013,0
부산,사하구,인턴,2014,0
부산,사하구,인턴,2015,0
부산,사하구,인턴,2016,0
부산,사하구,인턴,2017,0
부산,사하구,인턴,2018,0
부산,사하구,인턴,2019,0
부산,사하구,인턴,2020,0
부산,사하구,인턴,2021,0
부산,사하구,인턴,2022,0
부산,사하구,인턴,2023,0
부산,사하구,인턴,2024,0
부산,사하구,인턴,2025,0
부산,사하구,일반의,2007,21
부산,사하구,일반의,2008,23
부산,사하구,일반의,2009,19
부산,사하구,일반의,2010,21
부산,사하구,일반의,2011,23
부산,사하구,일반의,2012,22
부산,사하구,일반의,2013,20
부산,사하구,일반의,2014,20
부산,사하구,일반의,2015,24
부산,사하구,일반의,2016,25
부산,사하구,일반의,2017,18
부산,사하구,일반의,2018,24
부산,사하구,일반의,2019,26
부산,사하구,일반의,2020,23
부산,사하구,일반의,2021,21
부산,사하구,일반의,2022,26
부산,사하구,일반의,2023,24
부산,사하구,일반의,2024,25
부산,사하구,일반의,2025,43
부산,사하구,전문의,2007,278
부산,사하구,전문의,2008,296
부산,사하구,전문의,2009,332
부산,사하구,전문의,2010,339
부산,사하구,전문의,2011,341
부산,사하구,전문의,2012,352
부산,사하구,전문의,2013,359
부산,사하구,전문의,2014,374
부산,사하구,전문의,2015,381
부산,사하구,전문의,2016,394
부산,사하구,전문의,2017,408
부산,사하구,전문의,2018,414
부산,사하구,전문의,2019,415
부산,사하구,전문의,2020,427
부산,사하구,전문의,2021,416
부산,사하구,전문의,2022,426
부산,사하구,전문의,2023,438
부산,사하구,전문의,2024,437
부산,사하구,전문의,2025,449
부산,서구,total,2007,1095
부산,서구,total,2008,1152
부산,서구,total,2009,1183
부산,서구,total,2010,1163
부산,서구,total,2011,1142
부산,서구,total,2012,1182
부산,서구,total,2013,1251
부산,서구,total,2014,1265
부산,서구,total,2015,1298
부산,서구,total,2016,1343
부산,서구,total,2017,1362
부산,서구,total,2018,1330
부산,서구,total,2019,1326
부산,서구,total,2020,1354
부산,서구,total,2021,1367
부산,서구,total,2022,1329
부산,서구,total,2023,1356
부산,서구,total,2024,1224
부산,서구,total,2025,840
부산,서구,레지던트,2007,316
부산,서구,레지던트,2008,360
부산,서구,레지던트,2009,493
부산,서구,레지던트,2010,505
부산,서구,레지던트,2011,472
부산,서구,레지던트,2012,454
부산,서구,레지던트,2013,424
부산,서구,레지던트,2014,422
부산,서구,레지던트,2015,421
부산,서구,레지던트,2016,421
부산,서구,레지던트,2017,424
부산,서구,레지던트,2018,413
부산,서구,레지던트,2019,400
부산,서구,레지던트,2020,370
부산,서구,레지던트,2021,363
부산,서구,레지던트,2022,372
부산,서구,레지던트,2023,375
부산,서구,레지던트,2024,287
부산,서구,레지던트,2025,21
부산,서구,인턴,2007,253
부산,서구,인턴,2008,260
부산,서구,인턴,2009,124
부산,서구,인턴,2010,88
부산,서구,인턴,2011,93
부산,서구,인턴,2012,58
부산,서구,인턴,2013,124
부산,서구,인턴,2014,120
부산,서구,인턴,2015,115
부산,서구,인턴,2016,106
부산,서구,인턴,2017,101
부산,서구,인턴,2018,101
부산,서구,인턴,2019,106
부산,서구,인턴,2020,112
부산,서구,인턴,2021,112
부산,서구,인턴,2022,98
부산,서구,인턴,2023,103
부산,서구,인턴,2024,82
부산,서구,인턴,2025,5
부산,서구,일반의,2007,25
부산,서구,일반의,2008,25
부산,서구,일반의,2009,29
부산,서구,일반의,2010,25
부산,서구,일반의,2011,27
부산,서구,일반의,2012,36
부산,서구,일반의,2013,25
부산,서구,일반의,2014,24
부산,서구,일반의,2015,27
부산,서구,일반의,2016,18
부산,서구,일반의,2017,18
부산,서구,일반의,2018,11
부산,서구,일반의,2019,14
부산,서구,일반의,2020,22
부산,서구,일반의,2021,12
부산,서구,일반의,2022,11
부산,서구,일반의,2023,12
부산,서구,일반의,2024,17
부산,서구,일반의,2025,23
부산,서구,전문의,2007,501
부산,서구,전문의,2008,507
부산,서구,전문의,2009,537
부산,서구,전문의,2010,545
부산,서구,전문의,2011,550
부산,서구,전문의,2012,634
부산,서구,전문의,2013,678
부산,서구,전문의,2014,699
부산,서구,전문의,2015,735
부산,서구,전문의,2016,798
부산,서구,전문의,2017,819
부산,서구,전문의,2018,805
부산,서구,전문의,2019,806
부산,서구,전문의,2020,850
부산,서구,전문의,2021,880
부산,서구,전문의,2022,848
부산,서구,전문의,2023,866
부산,서구,전문의,2024,838
부산,서구,전문의,2025,791
부산,수영구,total,2007,235
부산,수영구,total,2008,247
부산,수영구,total,2009,273
부산,수영구,total,2010,284
부산,수영구,total,2011,300
부산,수영구,total,2012,328
부산,수영구,total,2013,333
부산,수영구,total,2014,342
부산,수영구,total,2015,342
부산,수영구,total,2016,355
부산,수영구,total,2017,380
부산,수영구,total,2018,396
부산,수영구,total,2019,384
부산,수영구,total,2020,413
부산,수영구,total,2021,415
부산,수영구,total,2022,421
부산,수영구,total,2023,413
부산,수영구,total,2024,452
부산,수영구,total,2025,486
부산,수영구,레지던트,2007,2
부산,수영구,레지던트,2008,6
부산,수영구,레지던트,2009,15
부산,수영구,레지던트,2010,18
부산,수영구,레지던트,2011,20
부산,수영구,레지던트,2012,22
부산,수영구,레지던트,2013,21
부산,수영구,레지던트,2014,20
부산,수영구,레지던트,2015,20
부산,수영구,레지던트,2016,20
부산,수영구,레지던트,2017,19
부산,수영구,레지던트,2018,19
부산,수영구,레지던트,2019,16
부산,수영구,레지던트,2020,12
부산,수영구,레지던트,2021,9
부산,수영구,레지던트,2022,5
부산,수영구,레지던트,2023,3
부산,수영구,레지던트,2024,5
부산,수영구,레지던트,2025,5
부산,수영구,인턴,2007,2
부산,수영구,인턴,2008,0
부산,수영구,인턴,2009,4
부산,수영구,인턴,2010,4
부산,수영구,인턴,2011,3
부산,수영구,인턴,2012,0
부산,수영구,인턴,2013,5
부산,수영구,인턴,2014,7
부산,수영구,인턴,2015,6
부산,수영구,인턴,2016,4
부산,수영구,인턴,2017,4
부산,수영구,인턴,2018,5
부산,수영구,인턴,2019,2
부산,수영구,인턴,2020,5
부산,수영구,인턴,2021,5
부산,수영구,인턴,2022,4
부산,수영구,인턴,2023,3
부산,수영구,인턴,2024,0
부산,수영구,인턴,2025,1
부산,수영구,일반의,2007,18
부산,수영구,일반의,2008,23
부산,수영구,일반의,2009,20
부산,수영구,일반의,2010,19
부산,수영구,일반의,2011,18
부산,수영구,일반의,2012,17
부산,수영구,일반의,2013,15
부산,수영구,일반의,2014,16
부산,수영구,일반의,2015,14
부산,수영구,일반의,2016,21
부산,수영구,일반의,2017,18
부산,수영구,일반의,2018,19
부산,수영구,일반의,2019,17
부산,수영구,일반의,2020,17
부산,수영구,일반의,2021,16
부산,수영구,일반의,2022,19
부산,수영구,일반의,2023,15
부산,수영구,일반의,2024,17
부산,수영구,일반의,2025,39
부산,수영구,전문의,2007,213
부산,수영구,전문의,2008,218
부산,수영구,전문의,2009,234
부산,수영구,전문의,2010,243
부산,수영구,전문의,2011,259
부산,수영구,전문의,2012,289
부산,수영구,전문의,2013,292
부산,수영구,전문의,2014,299
부산,수영구,전문의,2015,302
부산,수영구,전문의,2016,310
부산,수영구,전문의,2017,339
부산,수영구,전문의,2018,353
부산,수영구,전문의,2019,349
부산,수영구,전문의,2020,379
부산,수영구,전문의,2021,385
부산,수영구,전문의,2022,393
부산,수영구,전문의,2023,392
부산,수영구,전문의,2024,430
부산,수영구,전문의,2025,441
부산,연제구,total,2007,277
부산,연제구,total,2008,299
부산,연제구,total,2009,315
부산,연제구,total,2010,332
부산,연제구,total,2011,328
부산,연제구,total,2012,323
부산,연제구,total,2013,345
부산,연제구,total,2014,367
부산,연제구,total,2015,383
부산,연제구,total,2016,399
부산,연제구,total,2017,415
부산,연제구,total,2018,422
부산,연제구,total,2019,412
부산,연제구,total,2020,407
부산,연제구,total,2021,414
부산,연제구,total,2022,413
부산,연제구,total,2023,430
부산,연제구,total,2024,439
부산,연제구,total,2025,444
부산,연제구,레지던트,2007,25
부산,연제구,레지던트,2008,27
부산,연제구,레지던트,2009,33
부산,연제구,레지던트,2010,34
부산,연제구,레지던트,2011,24
부산,연제구,레지던트,2012,25
부산,연제구,레지던트,2013,31
부산,연제구,레지던트,2014,32
부산,연제구,레지던트,2015,31
부산,연제구,레지던트,2016,31
부산,연제구,레지던트,2017,28
부산,연제구,레지던트,2018,25
부산,연제구,레지던트,2019,22
부산,연제구,레지던트,2020,18
부산,연제구,레지던트,2021,12
부산,연제구,레지던트,2022,6
부산,연제구,레지던트,2023,14
부산,연제구,레지던트,2024,10
부산,연제구,레지던트,2025,7
부산,연제구,인턴,2007,0
부산,연제구,인턴,2008,7
부산,연제구,인턴,2009,8
부산,연제구,인턴,2010,6
부산,연제구,인턴,2011,7
부산,연제구,인턴,2012,5
부산,연제구,인턴,2013,5
부산,연제구,인턴,2014,9
부산,연제구,인턴,2015,8
부산,연제구,인턴,2016,5
부산,연제구,인턴,2017,6
부산,연제구,인턴,2018,6
부산,연제구,인턴,2019,5
부산,연제구,인턴,2020,7
부산,연제구,인턴,2021,11
부산,연제구,인턴,2022,13
부산,연제구,인턴,2023,5
부산,연제구,인턴,2024,2
부산,연제구,인턴,2025,3
부산,연제구,일반의,2007,22
부산,연제구,일반의,2008,27
부산,연제구,일반의,2009,18
부산,연제구,일반의,2010,20
부산,연제구,일반의,2011,21
부산,연제구,일반의,2012,21
부산,연제구,일반의,2013,20
부산,연제구,일반의,2014,17
부산,연제구,일반의,2015,23
부산,연제구,일반의,2016,22
부산,연제구,일반의,2017,20
부산,연제구,일반의,2018,18
부산,연제구,일반의,2019,18
부산,연제구,일반의,2020,18
부산,연제구,일반의,2021,16
부산,연제구,일반의,2022,15
부산,연제구,일반의,2023,17
부산,연제구,일반의,2024,16
부산,연제구,일반의,2025,28
부산,연제구,전문의,2007,230
부산,연제구,전문의,2008,238
부산,연제구,전문의,2009,256
부산,연제구,전문의,2010,272
부산,연제구,전문의,2011,276
부산,연제구,전문의,2012,272
부산,연제구,전문의,2013,289
부산,연제구,전문의,2014,309
부산,연제구,전문의,2015,321
부산,연제구,전문의,2016,341
부산,연제구,전문의,2017,361
부산,연제구,전문의,2018,373
부산,연제구,전문의,2019,367
부산,연제구,전문의,2020,364
부산,연제구,전문의,2021,375
부산,연제구,전문의,2022,379
부산,연제구,전문의,2023,394
부산,연제구,전문의,2024,411
부산,연제구,전문의,2025,406
부산,영도구,total,2007,158
부산,영도구,total,2008,158
부산,영도구,total,2009,172
부산,영도구,total,2010,171
부산,영도구,total,2011,157
부산,영도구,total,2012,154
부산,영도구,total,2013,158
부산,영도구,total,2014,159
부산,영도구,total,2015,162
부산,영도구,total,2016,165
부산,영도구,total,2017,171
부산,영도구,total,2018,171
부산,영도구,total,2019,172
부산,영도구,total,2020,188
부산,영도구,total,2021,183
부산,영도구,total,2022,178
부산,영도구,total,2023,173
부산,영도구,total,2024,174
부산,영도구,total,2025,172
부산,영도구,레지던트,2007,12
부산,영도구,레지던트,2008,13
부산,영도구,레지던트,2009,15
부산,영도구,레지던트,2010,15
부산,영도구,레지던트,2011,13
부산,영도구,레지던트,2012,9
부산,영도구,레지던트,2013,4
부산,영도구,레지던트,2014,2
부산,영도구,레지던트,2015,2
부산,영도구,레지던트,2016,1
부산,영도구,레지던트,2017,0
부산,영도구,레지던트,2018,1
부산,영도구,레지던트,2019,1
부산,영도구,레지던트,2020,2
부산,영도구,레지던트,2021,1
부산,영도구,레지던트,2022,1
부산,영도구,레지던트,2023,2
부산,영도구,레지던트,2024,1
부산,영도구,레지던트,2025,0
부산,영도구,인턴,2007,0
부산,영도구,인턴,2008,1
부산,영도구,인턴,2009,2
부산,영도구,인턴,2010,1
부산,영도구,인턴,2011,2
부산,영도구,인턴,2012,1
부산,영도구,인턴,2013,2
부산,영도구,인턴,2014,1
부산,영도구,인턴,2015,2
부산,영도구,인턴,2016,1
부산,영도구,인턴,2017,1
부산,영도구,인턴,2018,1
부산,영도구,인턴,2019,2
부산,영도구,인턴,2020,1
부산,영도구,인턴,2021,1
부산,영도구,인턴,2022,3
부산,영도구,인턴,2023,2
부산,영도구,인턴,2024,1
부산,영도구,인턴,2025,0
부산,영도구,일반의,2007,26
부산,영도구,일반의,2008,22
부산,영도구,일반의,2009,23
부산,영도구,일반의,2010,19
부산,영도구,일반의,2011,18
부산,영도구,일반의,2012,15
부산,영도구,일반의,2013,16
부산,영도구,일반의,2014,18
부산,영도구,일반의,2015,18
부산,영도구,일반의,2016,15
부산,영도구,일반의,2017,16
부산,영도구,일반의,2018,17
부산,영도구,일반의,2019,14
부산,영도구,일반의,2020,14
부산,영도구,일반의,2021,14
부산,영도구,일반의,2022,13
부산,영도구,일반의,2023,12
부산,영도구,일반의,2024,11
부산,영도구,일반의,2025,17
부산,영도구,전문의,2007,120
부산,영도구,전문의,2008,122
부산,영도구,전문의,2009,132
부산,영도구,전문의,2010,136
부산,영도구,전문의,2011,124
부산,영도구,전문의,2012,129
부산,영도구,전문의,2013,136
부산,영도구,전문의,2014,138
부산,영도구,전문의,2015,140
부산,영도구,전문의,2016,148
부산,영도구,전문의,2017,154
부산,영도구,전문의,2018,152
부산,영도구,전문의,2019,155
부산,영도구,전문의,2020,171
부산,영도구,전문의,2021,167
부산,영도구,전문의,2022,161
부산,영도구,전문의,2023,157
부산,영도구,전문의,2024,161
부산,영도구,전문의,2025,155
부산,중구,total,2007,263
부산,중구,total,2008,251
부산,중구,total,2009,240
부산,중구,total,2010,231
부산,중구,total,2011,220
부산,중구,total,2012,217
부산,중구,total,2013,221
부산,중구,total,2014,220
부산,중구,total,2015,225
부산,중구,total,2016,212
부산,중구,total,2017,211
부산,중구,total,2018,201
부산,중구,total,2019,198
부산,중구,total,2020,198
부산,중구,total,2021,200
부산,중구,total,2022,201
부산,중구,total,2023,208
부산,중구,total,2024,203
부산,중구,total,2025,199
부산,중구,레지던트,2007,61
부산,중구,레지던트,2008,60
부산,중구,레지던트,2009,59
부산,중구,레지던트,2010,54
부산,중구,레지던트,2011,53
부산,중구,레지던트,2012,43
부산,중구,레지던트,2013,44
부산,중구,레지던트,2014,39
부산,중구,레지던트,2015,38
부산,중구,레지던트,2016,32
부산,중구,레지던트,2017,25
부산,중구,레지던트,2018,25
부산,중구,레지던트,2019,22
부산,중구,레지던트,2020,21
부산,중구,레지던트,2021,14
부산,중구,레지던트,2022,15
부산,중구,레지던트,2023,19
부산,중구,레지던트,2024,19
부산,중구,레지던트,2025,1
부산,중구,인턴,2007,20
부산,중구,인턴,2008,11
부산,중구,인턴,2009,5
부산,중구,인턴,2010,6
부산,중구,인턴,2011,6
부산,중구,인턴,2012,1
부산,중구,인턴,2013,7
부산,중구,인턴,2014,5
부산,중구,인턴,2015,6
부산,중구,인턴,2016,1
부산,중구,인턴,2017,7
부산,중구,인턴,2018,3
부산,중구,인턴,2019,1
부산,중구,인턴,2020,2
부산,중구,인턴,2021,2
부산,중구,인턴,2022,2
부산,중구,인턴,2023,4
부산,중구,인턴,2024,0
부산,중구,인턴,2025,3
부산,중구,일반의,2007,15
부산,중구,일반의,2008,15
부산,중구,일반의,2009,15
부산,중구,일반의,2010,16
부산,중구,일반의,2011,15
부산,중구,일반의,2012,14
부산,중구,일반의,2013,12
부산,중구,일반의,2014,12
부산,중구,일반의,2015,12
부산,중구,일반의,2016,15
부산,중구,일반의,2017,11
부산,중구,일반의,2018,11
부산,중구,일반의,2019,10
부산,중구,일반의,2020,8
부산,중구,일반의,2021,12
부산,중구,일반의,2022,8
부산,중구,일반의,2023,8
부산,중구,일반의,2024,11
부산,중구,일반의,2025,24
부산,중구,전문의,2007,167
부산,중구,전문의,2008,165
부산,중구,전문의,2009,161
부산,중구,전문의,2010,155
부산,중구,전문의,2011,146
부산,중구,전문의,2012,159
부산,중구,전문의,2013,158
부산,중구,전문의,2014,164
부산,중구,전문의,2015,169
부산,중구,전문의,2016,164
부산,중구,전문의,2017,168
부산,중구,전문의,2018,162
부산,중구,전문의,2019,165
부산,중구,전문의,2020,167
부산,중구,전문의,2021,172
부산,중구,전문의,2022,176
부산,중구,전문의,2023,177
부산,중구,전문의,2024,173
부산,중구,전문의,2025,171
부산,해운대구,total,2007,302
부산,해운대구,total,2008,336
부산,해운대구,total,2009,372
부산,해운대구,total,2010,525
부산,해운대구,total,2011,608
부산,해운대구,total,2012,676
부산,해운대구,total,2013,714
부산,해운대구,total,2014,770
부산,해운대구,total,2015,795
부산,해운대구,total,2016,843
부산,해운대구,total,2017,865
부산,해운대구,total,2018,869
부산,해운대구,total,2019,898
부산,해운대구,total,2020,941
부산,해운대구,total,2021,935
부산,해운대구,total,2022,968
부산,해운대구,total,2023,995
부산,해운대구,total,2024,992
부산,해운대구,total,2025,956
부산,해운대구,레지던트,2007,0
부산,해운대구,레지던트,2008,1
부산,해운대구,레지던트,2009,2
부산,해운대구,레지던트,2010,7
부산,해운대구,레지던트,2011,21
부산,해운대구,레지던트,2012,43
부산,해운대구,레지던트,2013,67
부산,해운대구,레지던트,2014,86
부산,해운대구,레지던트,2015,92
부산,해운대구,레지던트,2016,97
부산,해운대구,레지던트,2017,96
부산,해운대구,레지던트,2018,95
부산,해운대구,레지던트,2019,91
부산,해운대구,레지던트,2020,86
부산,해운대구,레지던트,2021,80
부산,해운대구,레지던트,2022,84
부산,해운대구,레지던트,2023,88
부산,해운대구,레지던트,2024,68
부산,해운대구,레지던트,2025,13
부산,해운대구,인턴,2007,0
부산,해운대구,인턴,2008,0
부산,해운대구,인턴,2009,0
부산,해운대구,인턴,2010,12
부산,해운대구,인턴,2011,17
부산,해운대구,인턴,2012,24
부산,해운대구,인턴,2013,14
부산,해운대구,인턴,2014,22
부산,해운대구,인턴,2015,23
부산,해운대구,인턴,2016,22
부산,해운대구,인턴,2017,21
부산,해운대구,인턴,2018,22
부산,해운대구,인턴,2019,19
부산,해운대구,인턴,2020,22
부산,해운대구,인턴,2021,24
부산,해운대구,인턴,2022,23
부산,해운대구,인턴,2023,24
부산,해운대구,인턴,2024,18
부산,해운대구,인턴,2025,0
부산,해운대구,일반의,2007,30
부산,해운대구,일반의,2008,29
부산,해운대구,일반의,2009,32
부산,해운대구,일반의,2010,34
부산,해운대구,일반의,2011,36
부산,해운대구,일반의,2012,38
부산,해운대구,일반의,2013,36
부산,해운대구,일반의,2014,44
부산,해운대구,일반의,2015,46
부산,해운대구,일반의,2016,49
부산,해운대구,일반의,2017,50
부산,해운대구,일반의,2018,52
부산,해운대구,일반의,2019,53
부산,해운대구,일반의,2020,52
부산,해운대구,일반의,2021,56
부산,해운대구,일반의,2022,56
부산,해운대구,일반의,2023,57
부산,해운대구,일반의,2024,55
부산,해운대구,일반의,2025,78
부산,해운대구,전문의,2007,272
부산,해운대구,전문의,2008,306
부산,해운대구,전문의,2009,338
부산,해운대구,전문의,2010,472
부산,해운대구,전문의,2011,534
부산,해운대구,전문의,2012,571
부산,해운대구,전문의,2013,597
부산,해운대구,전문의,2014,618
부산,해운대구,전문의,2015,634
부산,해운대구,전문의,2016,675
부산,해운대구,전문의,2017,698
부산,해운대구,전문의,2018,700
부산,해운대구,전문의,2019,735
부산,해운대구,전문의,2020,781
부산,해운대구,전문의,2021,775
부산,해운대구,전문의,2022,805
부산,해운대구,전문의,2023,826
부산,해운대구,전문의,2024,851
부산,해운대구,전문의,2025,865
서울,강남구,total,2007,2844
서울,강남구,total,2008,3037
서울,강남구,total,2009,3194
서울,강남구,total,2010,3657
서울,강남구,total,2011,3743
서울,강남구,total,2012,3950
서울,강남구,total,2013,4063
서울,강남구,total,2014,4235
서울,강남구,total,2015,4360
서울,강남구,total,2016,4434
서울,강남구,total,2017,4559
서울,강남구,total,2018,4769
서울,강남구,total,2019,4926
서울,강남구,total,2020,5315
서울,강남구,total,2021,5312
서울,강남구,total,2022,5513
서울,강남구,total,2023,5696
서울,강남구,total,2024,5695
서울,강남구,total,2025,5701
서울,강남구,레지던트,2007,486
서울,강남구,레지던트,2008,513
서울,강남구,레지던트,2009,560
서울,강남구,레지던트,2010,664
서울,강남구,레지던트,2011,584
서울,강남구,레지던트,2012,733
서울,강남구,레지던트,2013,666
서울,강남구,레지던트,2014,688
서울,강남구,레지던트,2015,671
서울,강남구,레지던트,2016,647
서울,강남구,레지던트,2017,626
서울,강남구,레지던트,2018,647
서울,강남구,레지던트,2019,625
서울,강남구,레지던트,2020,636
서울,강남구,레지던트,2021,602
서울,강남구,레지던트,2022,562
서울,강남구,레지던트,2023,599
서울,강남구,레지던트,2024,499
서울,강남구,레지던트,2025,60
서울,강남구,인턴,2007,170
서울,강남구,인턴,2008,156
서울,강남구,인턴,2009,32
서울,강남구,인턴,2010,92
서울,강남구,인턴,2011,92
서울,강남구,인턴,2012,99
서울,강남구,인턴,2013,101
서울,강남구,인턴,2014,104
서울,강남구,인턴,2015,103
서울,강남구,인턴,2016,87
서울,강남구,인턴,2017,86
서울,강남구,인턴,2018,85
서울,강남구,인턴,2019,86
서울,강남구,인턴,2020,131
서울,강남구,인턴,2021,137
서울,강남구,인턴,2022,155
서울,강남구,인턴,2023,146
서울,강남구,인턴,2024,99
서울,강남구,인턴,2025,26
서울,강남구,일반의,2007,95
서울,강남구,일반의,2008,110
서울,강남구,일반의,2009,138
서울,강남구,일반의,2010,206
서울,강남구,일반의,2011,277
서울,강남구,일반의,2012,268
서울,강남구,일반의,2013,174
서울,강남구,일반의,2014,190
서울,강남구,일반의,2015,183
서울,강남구,일반의,2016,177
서울,강남구,일반의,2017,203
서울,강남구,일반의,2018,274
서울,강남구,일반의,2019,318
서울,강남구,일반의,2020,336
서울,강남구,일반의,2021,318
서울,강남구,일반의,2022,364
서울,강남구,일반의,2023,388
서울,강남구,일반의,2024,418
서울,강남구,일반의,2025,741
서울,강남구,전문의,2007,2093
서울,강남구,전문의,2008,2258
서울,강남구,전문의,2009,2464
서울,강남구,전문의,2010,2695
서울,강남구,전문의,2011,2790
서울,강남구,전문의,2012,2850
서울,강남구,전문의,2013,3122
서울,강남구,전문의,2014,3253
서울,강남구,전문의,2015,3403
서울,강남구,전문의,2016,3523
서울,강남구,전문의,2017,3644
서울,강남구,전문의,2018,3763
서울,강남구,전문의,2019,3897
서울,강남구,전문의,2020,4212
서울,강남구,전문의,2021,4255
서울,강남구,전문의,2022,4432
서울,강남구,전문의,2023,4563
서울,강남구,전문의,2024,4679
서울,강남구,전문의,2025,4874
서울,강동구,total,2007,905
서울,강동구,total,2008,941
서울,강동구,total,2009,1050
서울,강동구,total,2010,1068
서울,강동구,total,2011,1048
서울,강동구,total,2012,1045
서울,강동구,total,2013,1144
서울,강동구,total,2014,1212
서울,강동구,total,2015,1250
서울,강동구,total,2016,1273
서울,강동구,total,2017,1315
서울,강동구,total,2018,1331
서울,강동구,total,2019,1361
서울,강동구,total,2020,1423
서울,강동구,total,2021,1485
서울,강동구,total,2022,1491
서울,강동구,total,2023,1565
서울,강동구,total,2024,1500
서울,강동구,total,2025,1422
서울,강동구,레지던트,2007,163
서울,강동구,레지던트,2008,161
서울,강동구,레지던트,2009,268
서울,강동구,레지던트,2010,271
서울,강동구,레지던트,2011,235
서울,강동구,레지던트,2012,205
서울,강동구,레지던트,2013,221
서울,강동구,레지던트,2014,258
서울,강동구,레지던트,2015,218
서울,강동구,레지던트,2016,259
서울,강동구,레지던트,2017,266
서울,강동구,레지던트,2018,259
서울,강동구,레지던트,2019,257
서울,강동구,레지던트,2020,246
서울,강동구,레지던트,2021,242
서울,강동구,레지던트,2022,238
서울,강동구,레지던트,2023,237
서울,강동구,레지던트,2024,178
서울,강동구,레지던트,2025,32
서울,강동구,인턴,2007,60
서울,강동구,인턴,2008,66
서울,강동구,인턴,2009,26
서울,강동구,인턴,2010,4
서울,강동구,인턴,2011,15
서울,강동구,인턴,2012,0
서울,강동구,인턴,2013,30
서울,강동구,인턴,2014,38
서울,강동구,인턴,2015,68
서울,강동구,인턴,2016,40
서울,강동구,인턴,2017,42
서울,강동구,인턴,2018,50
서울,강동구,인턴,2019,50
서울,강동구,인턴,2020,38
서울,강동구,인턴,2021,60
서울,강동구,인턴,2022,47
서울,강동구,인턴,2023,67
서울,강동구,인턴,2024,37
서울,강동구,인턴,2025,2
서울,강동구,일반의,2007,28
서울,강동구,일반의,2008,22
서울,강동구,일반의,2009,25
서울,강동구,일반의,2010,28
서울,강동구,일반의,2011,33
서울,강동구,일반의,2012,32
서울,강동구,일반의,2013,31
서울,강동구,일반의,2014,32
서울,강동구,일반의,2015,31
서울,강동구,일반의,2016,30
서울,강동구,일반의,2017,26
서울,강동구,일반의,2018,34
서울,강동구,일반의,2019,31
서울,강동구,일반의,2020,33
서울,강동구,일반의,2021,36
서울,강동구,일반의,2022,37
서울,강동구,일반의,2023,49
서울,강동구,일반의,2024,48
서울,강동구,일반의,2025,108
서울,강동구,전문의,2007,654
서울,강동구,전문의,2008,692
서울,강동구,전문의,2009,731
서울,강동구,전문의,2010,765
서울,강동구,전문의,2011,765
서울,강동구,전문의,2012,808
서울,강동구,전문의,2013,862
서울,강동구,전문의,2014,884
서울,강동구,전문의,2015,933
서울,강동구,전문의,2016,944
서울,강동구,전문의,2017,981
서울,강동구,전문의,2018,988
서울,강동구,전문의,2019,1023
서울,강동구,전문의,2020,1106
서울,강동구,전문의,2021,1147
서울,강동구,전문의,2022,1169
서울,강동구,전문의,2023,1212
서울,강동구,전문의,2024,1237
서울,강동구,전문의,2025,1280
서울,강북구,total,2007,321
서울,강북구,total,2008,332
서울,강북구,total,2009,340
서울,강북구,total,2010,354
서울,강북구,total,2011,356
서울,강북구,total,2012,370
서울,강북구,total,2013,375
서울,강북구,total,2014,374
서울,강북구,total,2015,371
서울,강북구,total,2016,382
서울,강북구,total,2017,398
서울,강북구,total,2018,401
서울,강북구,total,2019,412
서울,강북구,total,2020,430
서울,강북구,total,2021,440
서울,강북구,total,2022,436
서울,강북구,total,2023,450
서울,강북구,total,2024,463
서울,강북구,total,2025,499
서울,강북구,레지던트,2007,12
서울,강북구,레지던트,2008,13
서울,강북구,레지던트,2009,16
서울,강북구,레지던트,2010,17
서울,강북구,레지던트,2011,16
서울,강북구,레지던트,2012,16
서울,강북구,레지던트,2013,15
서울,강북구,레지던트,2014,15
서울,강북구,레지던트,2015,16
서울,강북구,레지던트,2016,15
서울,강북구,레지던트,2017,17
서울,강북구,레지던트,2018,17
서울,강북구,레지던트,2019,12
서울,강북구,레지던트,2020,15
서울,강북구,레지던트,2021,14
서울,강북구,레지던트,2022,13
서울,강북구,레지던트,2023,12
서울,강북구,레지던트,2024,12
서울,강북구,레지던트,2025,0
서울,강북구,인턴,2007,0
서울,강북구,인턴,2008,0
서울,강북구,인턴,2009,0
서울,강북구,인턴,2010,0
서울,강북구,인턴,2011,0
서울,강북구,인턴,2012,0
서울,강북구,인턴,2013,0
서울,강북구,인턴,2014,0
서울,강북구,인턴,2015,0
서울,강북구,인턴,2016,0
서울,강북구,인턴,2017,0
서울,강북구,인턴,2018,0
서울,강북구,인턴,2019,0
서울,강북구,인턴,2020,0
서울,강북구,인턴,2021,0
서울,강북구,인턴,2022,0
서울,강북구,인턴,2023,0
서울,강북구,인턴,2024,0
서울,강북구,인턴,2025,0
서울,강북구,일반의,2007,24
서울,강북구,일반의,2008,23
서울,강북구,일반의,2009,19
서울,강북구,일반의,2010,21
서울,강북구,일반의,2011,22
서울,강북구,일반의,2012,15
서울,강북구,일반의,2013,13
서울,강북구,일반의,2014,13
서울,강북구,일반의,2015,12
서울,강북구,일반의,2016,9
서울,강북구,일반의,2017,12
서울,강북구,일반의,2018,15
서울,강북구,일반의,2019,15
서울,강북구,일반의,2020,18
서울,강북구,일반의,2021,18
서울,강북구,일반의,2022,18
서울,강북구,일반의,2023,16
서울,강북구,일반의,2024,19
서울,강북구,일반의,2025,52
서울,강북구,전문의,2007,285
서울,강북구,전문의,2008,296
서울,강북구,전문의,2009,305
서울,강북구,전문의,2010,316
서울,강북구,전문의,2011,318
서울,강북구,전문의,2012,339
서울,강북구,전문의,2013,347
서울,강북구,전문의,2014,346
서울,강북구,전문의,2015,343
서울,강북구,전문의,2016,358
서울,강북구,전문의,2017,369
서울,강북구,전문의,2018,369
서울,강북구,전문의,2019,385
서울,강북구,전문의,2020,397
서울,강북구,전문의,2021,408
서울,강북구,전문의,2022,405
서울,강북구,전문의,2023,422
서울,강북구,전문의,2024,432
서울,강북구,전문의,2025,447
서울,강서구,total,2007,472
서울,강서구,total,2008,506
서울,강서구,total,2009,553
서울,강서구,total,2010,573
서울,강서구,total,2011,605
서울,강서구,total,2012,637
서울,강서구,total,2013,671
서울,강서구,total,2014,681
서울,강서구,total,2015,685
서울,강서구,total,2016,686
서울,강서구,total,2017,736
서울,강서구,total,2018,750
서울,강서구,total,2019,892
서울,강서구,total,2020,996
서울,강서구,total,2021,1055
서울,강서구,total,2022,1132
서울,강서구,total,2023,1210
서울,강서구,total,2024,1244
서울,강서구,total,2025,1345
서울,강서구,레지던트,2007,0
서울,강서구,레지던트,2008,0
서울,강서구,레지던트,2009,0
서울,강서구,레지던트,2010,0
서울,강서구,레지던트,2011,0
서울,강서구,레지던트,2012,0
서울,강서구,레지던트,2013,0
서울,강서구,레지던트,2014,2
서울,강서구,레지던트,2015,2
서울,강서구,레지던트,2016,3
서울,강서구,레지던트,2017,3
서울,강서구,레지던트,2018,1
서울,강서구,레지던트,2019,0
서울,강서구,레지던트,2020,0
서울,강서구,레지던트,2021,0
서울,강서구,레지던트,2022,1
서울,강서구,레지던트,2023,3
서울,강서구,레지던트,2024,7
서울,강서구,레지던트,2025,4
서울,강서구,인턴,2007,0
서울,강서구,인턴,2008,0
서울,강서구,인턴,2009,0
서울,강서구,인턴,2010,0
서울,강서구,인턴,2011,0
서울,강서구,인턴,2012,0
서울,강서구,인턴,2013,0
서울,강서구,인턴,2014,1
서울,강서구,인턴,2015,0
서울,강서구,인턴,2016,0
서울,강서구,인턴,2017,0
서울,강서구,인턴,2018,0
서울,강서구,인턴,2019,0
서울,강서구,인턴,2020,0
서울,강서구,인턴,2021,0
서울,강서구,인턴,2022,0
서울,강서구,인턴,2023,1
서울,강서구,인턴,2024,2
서울,강서구,인턴,2025,1
서울,강서구,일반의,2007,33
서울,강서구,일반의,2008,28
서울,강서구,일반의,2009,32
서울,강서구,일반의,2010,35
서울,강서구,일반의,2011,42
서울,강서구,일반의,2012,39
서울,강서구,일반의,2013,32
서울,강서구,일반의,2014,31
서울,강서구,일반의,2015,37
서울,강서구,일반의,2016,37
서울,강서구,일반의,2017,42
서울,강서구,일반의,2018,51
서울,강서구,일반의,2019,42
서울,강서구,일반의,2020,51
서울,강서구,일반의,2021,54
서울,강서구,일반의,2022,67
서울,강서구,일반의,2023,69
서울,강서구,일반의,2024,82
서울,강서구,일반의,2025,150
서울,강서구,전문의,2007,439
서울,강서구,전문의,2008,478
서울,강서구,전문의,2009,521
서울,강서구,전문의,2010,538
서울,강서구,전문의,2011,563
서울,강서구,전문의,2012,598
서울,강서구,전문의,2013,639
서울,강서구,전문의,2014,647
서울,강서구,전문의,2015,646
서울,강서구,전문의,2016,646
서울,강서구,전문의,2017,691
서울,강서구,전문의,2018,698
서울,강서구,전문의,2019,850
서울,강서구,전문의,2020,945
서울,강서구,전문의,2021,1001
서울,강서구,전문의,2022,1064
서울,강서구,전문의,2023,1137
서울,강서구,전문의,2024,1153
서울,강서구,전문의,2025,1190
서울,관악구,total,2007,386
서울,관악구,total,2008,392
서울,관악구,total,2009,404
서울,관악구,total,2010,419
서울,관악구,total,2011,433
서울,관악구,total,2012,436
서울,관악구,total,2013,450
서울,관악구,total,2014,463
서울,관악구,total,2015,480
서울,관악구,total,2016,489
서울,관악구,total,2017,498
서울,관악구,total,2018,527
서울,관악구,total,2019,558
서울,관악구,total,2020,569
서울,관악구,total,2021,597
서울,관악구,total,2022,633
서울,관악구,total,2023,657
서울,관악구,total,2024,693
서울,관악구,total,2025,724
서울,관악구,레지던트,2007,0
서울,관악구,레지던트,2008,0
서울,관악구,레지던트,2009,0
서울,관악구,레지던트,2010,0
서울,관악구,레지던트,2011,0
서울,관악구,레지던트,2012,0
서울,관악구,레지던트,2013,0
서울,관악구,레지던트,2014,0
서울,관악구,레지던트,2015,0
서울,관악구,레지던트,2016,0
서울,관악구,레지던트,2017,0
서울,관악구,레지던트,2018,0
서울,관악구,레지던트,2019,1
서울,관악구,레지던트,2020,3
서울,관악구,레지던트,2021,8
서울,관악구,레지던트,2022,12
서울,관악구,레지던트,2023,10
서울,관악구,레지던트,2024,10
서울,관악구,레지던트,2025,5
서울,관악구,인턴,2007,0
서울,관악구,인턴,2008,0
서울,관악구,인턴,2009,0
서울,관악구,인턴,2010,0
서울,관악구,인턴,2011,0
서울,관악구,인턴,2012,0
서울,관악구,인턴,2013,0
서울,관악구,인턴,2014,0
서울,관악구,인턴,2015,0
서울,관악구,인턴,2016,0
서울,관악구,인턴,2017,0
서울,관악구,인턴,2018,0
서울,관악구,인턴,2019,2
서울,관악구,인턴,2020,2
서울,관악구,인턴,2021,5
서울,관악구,인턴,2022,4
서울,관악구,인턴,2023,8
서울,관악구,인턴,2024,5
서울,관악구,인턴,2025,2
서울,관악구,일반의,2007,27
서울,관악구,일반의,2008,26
서울,관악구,일반의,2009,28
서울,관악구,일반의,2010,30
서울,관악구,일반의,2011,31
서울,관악구,일반의,2012,30
서울,관악구,일반의,2013,28
서울,관악구,일반의,2014,30
서울,관악구,일반의,2015,27
서울,관악구,일반의,2016,23
서울,관악구,일반의,2017,25
서울,관악구,일반의,2018,23
서울,관악구,일반의,2019,32
서울,관악구,일반의,2020,35
서울,관악구,일반의,2021,33
서울,관악구,일반의,2022,40
서울,관악구,일반의,2023,39
서울,관악구,일반의,2024,47
서울,관악구,일반의,2025,88
서울,관악구,전문의,2007,359
서울,관악구,전문의,2008,366
서울,관악구,전문의,2009,376
서울,관악구,전문의,2010,389
서울,관악구,전문의,2011,402
서울,관악구,전문의,2012,406
서울,관악구,전문의,2013,422
서울,관악구,전문의,2014,433
서울,관악구,전문의,2015,453
서울,관악구,전문의,2016,466
서울,관악구,전문의,2017,473
서울,관악구,전문의,2018,504
서울,관악구,전문의,2019,523
서울,관악구,전문의,2020,529
서울,관악구,전문의,2021,551
서울,관악구,전문의,2022,577
서울,관악구,전문의,2023,600
서울,관악구,전문의,2024,631
서울,관악구,전문의,2025,629
서울,광진구,total,2007,578
서울,광진구,total,2008,599
서울,광진구,total,2009,695
서울,광진구,total,2010,763
서울,광진구,total,2011,735
서울,광진구,total,2012,818
서울,광진구,total,2013,848
서울,광진구,total,2014,865
서울,광진구,total,2015,884
서울,광진구,total,2016,887
서울,광진구,total,2017,900
서울,광진구,total,2018,916
서울,광진구,total,2019,919
서울,광진구,total,2020,916
서울,광진구,total,2021,930
서울,광진구,total,2022,930
서울,광진구,total,2023,922
서울,광진구,total,2024,890
서울,광진구,total,2025,837
서울,광진구,레지던트,2007,90
서울,광진구,레지던트,2008,84
서울,광진구,레지던트,2009,151
서울,광진구,레지던트,2010,169
서울,광진구,레지던트,2011,137
서울,광진구,레지던트,2012,187
서울,광진구,레지던트,2013,202
서울,광진구,레지던트,2014,193
서울,광진구,레지던트,2015,201
서울,광진구,레지던트,2016,192
서울,광진구,레지던트,2017,193
서울,광진구,레지던트,2018,188
서울,광진구,레지던트,2019,184
서울,광진구,레지던트,2020,175
서울,광진구,레지던트,2021,174
서울,광진구,레지던트,2022,166
서울,광진구,레지던트,2023,155
서울,광진구,레지던트,2024,116
서울,광진구,레지던트,2025,37
서울,광진구,인턴,2007,24
서울,광진구,인턴,2008,34
서울,광진구,인턴,2009,37
서울,광진구,인턴,2010,38
서울,광진구,인턴,2011,31
서울,광진구,인턴,2012,35
서울,광진구,인턴,2013,37
서울,광진구,인턴,2014,38
서울,광진구,인턴,2015,36
서울,광진구,인턴,2016,39
서울,광진구,인턴,2017,38
서울,광진구,인턴,2018,36
서울,광진구,인턴,2019,35
서울,광진구,인턴,2020,32
서울,광진구,인턴,2021,31
서울,광진구,인턴,2022,35
서울,광진구,인턴,2023,34
서울,광진구,인턴,2024,22
서울,광진구,인턴,2025,0
서울,광진구,일반의,2007,32
서울,광진구,일반의,2008,29
서울,광진구,일반의,2009,23
서울,광진구,일반의,2010,33
서울,광진구,일반의,2011,37
서울,광진구,일반의,2012,22
서울,광진구,일반의,2013,18
서울,광진구,일반의,2014,24
서울,광진구,일반의,2015,24
서울,광진구,일반의,2016,24
서울,광진구,일반의,2017,22
서울,광진구,일반의,2018,27
서울,광진구,일반의,2019,29
서울,광진구,일반의,2020,25
서울,광진구,일반의,2021,30
서울,광진구,일반의,2022,29
서울,광진구,일반의,2023,27
서울,광진구,일반의,2024,28
서울,광진구,일반의,2025,53
서울,광진구,전문의,2007,432
서울,광진구,전문의,2008,452
서울,광진구,전문의,2009,484
서울,광진구,전문의,2010,523
서울,광진구,전문의,2011,530
서울,광진구,전문의,2012,574
서울,광진구,전문의,2013,591
서울,광진구,전문의,2014,610
서울,광진구,전문의,2015,623
서울,광진구,전문의,2016,632
서울,광진구,전문의,2017,647
서울,광진구,전문의,2018,665
서울,광진구,전문의,2019,671
서울,광진구,전문의,2020,684
서울,광진구,전문의,2021,695
서울,광진구,전문의,2022,700
서울,광진구,전문의,2023,706
서울,광진구,전문의,2024,724
서울,광진구,전문의,2025,747
서울,구로구,total,2007,529
서울,구로구,total,2008,549
서울,구로구,total,2009,599
서울,구로구,total,2010,679
서울,구로구,total,2011,694
서울,구로구,total,2012,727
서울,구로구,total,2013,750
서울,구로구,total,2014,816
서울,구로구,total,2015,895
서울,구로구,total,2016,907
서울,구로구,total,2017,953
서울,구로구,total,2018,973
서울,구로구,total,2019,986
서울,구로구,total,2020,1043
서울,구로구,total,2021,1043
서울,구로구,total,2022,1074
서울,구로구,total,2023,1109
서울,구로구,total,2024,1060
서울,구로구,total,2025,991
서울,구로구,레지던트,2007,97
서울,구로구,레지던트,2008,104
서울,구로구,레지던트,2009,102
서울,구로구,레지던트,2010,159
서울,구로구,레지던트,2011,154
서울,구로구,레지던트,2012,166
서울,구로구,레지던트,2013,169
서울,구로구,레지던트,2014,169
서울,구로구,레지던트,2015,176
서울,구로구,레지던트,2016,160
서울,구로구,레지던트,2017,169
서울,구로구,레지던트,2018,164
서울,구로구,레지던트,2019,164
서울,구로구,레지던트,2020,167
서울,구로구,레지던트,2021,161
서울,구로구,레지던트,2022,161
서울,구로구,레지던트,2023,162
서울,구로구,레지던트,2024,114
서울,구로구,레지던트,2025,18
서울,구로구,인턴,2007,0
서울,구로구,인턴,2008,0
서울,구로구,인턴,2009,0
서울,구로구,인턴,2010,0
서울,구로구,인턴,2011,0
서울,구로구,인턴,2012,0
서울,구로구,인턴,2013,0
서울,구로구,인턴,2014,0
서울,구로구,인턴,2015,31
서울,구로구,인턴,2016,30
서울,구로구,인턴,2017,39
서울,구로구,인턴,2018,40
서울,구로구,인턴,2019,31
서울,구로구,인턴,2020,32
서울,구로구,인턴,2021,27
서울,구로구,인턴,2022,35
서울,구로구,인턴,2023,35
서울,구로구,인턴,2024,18
서울,구로구,인턴,2025,3
서울,구로구,일반의,2007,25
서울,구로구,일반의,2008,27
서울,구로구,일반의,2009,38
서울,구로구,일반의,2010,36
서울,구로구,일반의,2011,35
서울,구로구,일반의,2012,36
서울,구로구,일반의,2013,30
서울,구로구,일반의,2014,30
서울,구로구,일반의,2015,26
서울,구로구,일반의,2016,25
서울,구로구,일반의,2017,26
서울,구로구,일반의,2018,27
서울,구로구,일반의,2019,26
서울,구로구,일반의,2020,32
서울,구로구,일반의,2021,27
서울,구로구,일반의,2022,36
서울,구로구,일반의,2023,34
서울,구로구,일반의,2024,37
서울,구로구,일반의,2025,65
서울,구로구,전문의,2007,407
서울,구로구,전문의,2008,418
서울,구로구,전문의,2009,459
서울,구로구,전문의,2010,484
서울,구로구,전문의,2011,505
서울,구로구,전문의,2012,525
서울,구로구,전문의,2013,551
서울,구로구,전문의,2014,617
서울,구로구,전문의,2015,662
서울,구로구,전문의,2016,692
서울,구로구,전문의,2017,719
서울,구로구,전문의,2018,742
서울,구로구,전문의,2019,765
서울,구로구,전문의,2020,812
서울,구로구,전문의,2021,828
서울,구로구,전문의,2022,842
서울,구로구,전문의,2023,878
서울,구로구,전문의,2024,891
서울,구로구,전문의,2025,905
서울,금천구,total,2007,156
서울,금천구,total,2008,174
서울,금천구,total,2009,183
서울,금천구,total,2010,186
서울,금천구,total,2011,206
서울,금천구,total,2012,216
서울,금천구,total,2013,224
서울,금천구,total,2014,241
서울,금천구,total,2015,247
서울,금천구,total,2016,271
서울,금천구,total,2017,280
서울,금천구,total,2018,287
서울,금천구,total,2019,308
서울,금천구,total,2020,333
서울,금천구,total,2021,335
서울,금천구,total,2022,334
서울,금천구,total,2023,350
서울,금천구,total,2024,347
서울,금천구,total,2025,367
서울,금천구,레지던트,2007,0
서울,금천구,레지던트,2008,0
서울,금천구,레지던트,2009,0
서울,금천구,레지던트,2010,0
서울,금천구,레지던트,2011,0
서울,금천구,레지던트,2012,0
서울,금천구,레지던트,2013,0
서울,금천구,레지던트,2014,0
서울,금천구,레지던트,2015,0
서울,금천구,레지던트,2016,0
서울,금천구,레지던트,2017,0
서울,금천구,레지던트,2018,0
서울,금천구,레지던트,2019,0
서울,금천구,레지던트,2020,1
서울,금천구,레지던트,2021,0
서울,금천구,레지던트,2022,0
서울,금천구,레지던트,2023,0
서울,금천구,레지던트,2024,0
서울,금천구,레지던트,2025,0
서울,금천구,인턴,2007,0
서울,금천구,인턴,2008,0
서울,금천구,인턴,2009,0
서울,금천구,인턴,2010,0
서울,금천구,인턴,2011,0
서울,금천구,인턴,2012,0
서울,금천구,인턴,2013,0
서울,금천구,인턴,2014,0
서울,금천구,인턴,2015,0
서울,금천구,인턴,2016,0
서울,금천구,인턴,2017,0
서울,금천구,인턴,2018,0
서울,금천구,인턴,2019,0
서울,금천구,인턴,2020,0
서울,금천구,인턴,2021,0
서울,금천구,인턴,2022,0
서울,금천구,인턴,2023,0
서울,금천구,인턴,2024,0
서울,금천구,인턴,2025,0
서울,금천구,일반의,2007,8
서울,금천구,일반의,2008,10
서울,금천구,일반의,2009,13
서울,금천구,일반의,2010,13
서울,금천구,일반의,2011,17
서울,금천구,일반의,2012,14
서울,금천구,일반의,2013,7
서울,금천구,일반의,2014,10
서울,금천구,일반의,2015,12
서울,금천구,일반의,2016,11
서울,금천구,일반의,2017,12
서울,금천구,일반의,2018,14
서울,금천구,일반의,2019,11
서울,금천구,일반의,2020,17
서울,금천구,일반의,2021,19
서울,금천구,일반의,2022,13
서울,금천구,일반의,2023,10
서울,금천구,일반의,2024,10
서울,금천구,일반의,2025,23
서울,금천구,전문의,2007,148
서울,금천구,전문의,2008,164
서울,금천구,전문의,2009,170
서울,금천구,전문의,2010,173
서울,금천구,전문의,2011,189
서울,금천구,전문의,2012,202
서울,금천구,전문의,2013,217
서울,금천구,전문의,2014,231
서울,금천구,전문의,2015,235
서울,금천구,전문의,2016,260
서울,금천구,전문의,2017,268
서울,금천구,전문의,2018,273
서울,금천구,전문의,2019,297
서울,금천구,전문의,2020,315
서울,금천구,전문의,2021,316
서울,금천구,전문의,2022,321
서울,금천구,전문의,2023,340
서울,금천구,전문의,2024,337
서울,금천구,전문의,2025,344
서울,노원구,total,2007,1097
서울,노원구,total,2008,1108
서울,노원구,total,2009,1090
서울,노원구,total,2010,1144
서울,노원구,total,2011,1159
서울,노원구,total,2012,1198
서울,노원구,total,2013,1132
서울,노원구,total,2014,1231
서울,노원구,total,2015,1217
서울,노원구,total,2016,1238
서울,노원구,total,2017,1247
서울,노원구,total,2018,1242
서울,노원구,total,2019,1242
서울,노원구,total,2020,1242
서울,노원구,total,2021,1255
서울,노원구,total,2022,1195
서울,노원구,total,2023,1261
서울,노원구,total,2024,1180
서울,노원구,total,2025,1098
서울,노원구,레지던트,2007,257
서울,노원구,레지던트,2008,270
서울,노원구,레지던트,2009,282
서울,노원구,레지던트,2010,293
서울,노원구,레지던트,2011,284
서울,노원구,레지던트,2012,267
서울,노원구,레지던트,2013,253
서울,노원구,레지던트,2014,263
서울,노원구,레지던트,2015,262
서울,노원구,레지던트,2016,277
서울,노원구,레지던트,2017,246
서울,노원구,레지던트,2018,271
서울,노원구,레지던트,2019,254
서울,노원구,레지던트,2020,233
서울,노원구,레지던트,2021,212
서울,노원구,레지던트,2022,172
서울,노원구,레지던트,2023,154
서울,노원구,레지던트,2024,115
서울,노원구,레지던트,2025,24
서울,노원구,인턴,2007,109
서울,노원구,인턴,2008,69
서울,노원구,인턴,2009,20
서울,노원구,인턴,2010,37
서울,노원구,인턴,2011,67
서울,노원구,인턴,2012,107
서울,노원구,인턴,2013,39
서울,노원구,인턴,2014,96
서울,노원구,인턴,2015,82
서울,노원구,인턴,2016,70
서울,노원구,인턴,2017,94
서울,노원구,인턴,2018,49
서울,노원구,인턴,2019,58
서울,노원구,인턴,2020,70
서울,노원구,인턴,2021,74
서울,노원구,인턴,2022,39
서울,노원구,인턴,2023,102
서울,노원구,인턴,2024,45
서울,노원구,인턴,2025,7
서울,노원구,일반의,2007,30
서울,노원구,일반의,2008,44
서울,노원구,일반의,2009,31
서울,노원구,일반의,2010,33
서울,노원구,일반의,2011,38
서울,노원구,일반의,2012,37
서울,노원구,일반의,2013,25
서울,노원구,일반의,2014,30
서울,노원구,일반의,2015,29
서울,노원구,일반의,2016,39
서울,노원구,일반의,2017,45
서울,노원구,일반의,2018,38
서울,노원구,일반의,2019,42
서울,노원구,일반의,2020,40
서울,노원구,일반의,2021,51
서울,노원구,일반의,2022,43
서울,노원구,일반의,2023,50
서울,노원구,일반의,2024,58
서울,노원구,일반의,2025,105
서울,노원구,전문의,2007,701
서울,노원구,전문의,2008,725
서울,노원구,전문의,2009,757
서울,노원구,전문의,2010,781
서울,노원구,전문의,2011,770
서울,노원구,전문의,2012,787
서울,노원구,전문의,2013,815
서울,노원구,전문의,2014,842
서울,노원구,전문의,2015,844
서울,노원구,전문의,2016,852
서울,노원구,전문의,2017,862
서울,노원구,전문의,2018,884
서울,노원구,전문의,2019,888
서울,노원구,전문의,2020,899
서울,노원구,전문의,2021,918
서울,노원구,전문의,2022,941
서울,노원구,전문의,2023,955
서울,노원구,전문의,2024,962
서울,노원구,전문의,2025,962
서울,도봉구,total,2007,315
서울,도봉구,total,2008,325
서울,도봉구,total,2009,352
서울,도봉구,total,2010,369
서울,도봉구,total,2011,368
서울,도봉구,total,2012,376
서울,도봉구,total,2013,372
서울,도봉구,total,2014,384
서울,도봉구,total,2015,372
서울,도봉구,total,2016,391
서울,도봉구,total,2017,401
서울,도봉구,total,2018,400
서울,도봉구,total,2019,383
서울,도봉구,total,2020,397
서울,도봉구,total,2021,409
서울,도봉구,total,2022,418
서울,도봉구,total,2023,420
서울,도봉구,total,2024,419
서울,도봉구,total,2025,429
서울,도봉구,레지던트,2007,40
서울,도봉구,레지던트,2008,39
서울,도봉구,레지던트,2009,38
서울,도봉구,레지던트,2010,42
서울,도봉구,레지던트,2011,33
서울,도봉구,레지던트,2012,39
서울,도봉구,레지던트,2013,39
서울,도봉구,레지던트,2014,33
서울,도봉구,레지던트,2015,37
서울,도봉구,레지던트,2016,35
서울,도봉구,레지던트,2017,38
서울,도봉구,레지던트,2018,34
서울,도봉구,레지던트,2019,31
서울,도봉구,레지던트,2020,30
서울,도봉구,레지던트,2021,25
서울,도봉구,레지던트,2022,30
서울,도봉구,레지던트,2023,26
서울,도봉구,레지던트,2024,22
서울,도봉구,레지던트,2025,8
서울,도봉구,인턴,2007,21
서울,도봉구,인턴,2008,9
서울,도봉구,인턴,2009,11
서울,도봉구,인턴,2010,6
서울,도봉구,인턴,2011,12
서울,도봉구,인턴,2012,4
서울,도봉구,인턴,2013,4
서울,도봉구,인턴,2014,10
서울,도봉구,인턴,2015,8
서울,도봉구,인턴,2016,7
서울,도봉구,인턴,2017,8
서울,도봉구,인턴,2018,8
서울,도봉구,인턴,2019,3
서울,도봉구,인턴,2020,4
서울,도봉구,인턴,2021,8
서울,도봉구,인턴,2022,8
서울,도봉구,인턴,2023,6
서울,도봉구,인턴,2024,0
서울,도봉구,인턴,2025,0
서울,도봉구,일반의,2007,17
서울,도봉구,일반의,2008,21
서울,도봉구,일반의,2009,24
서울,도봉구,일반의,2010,23
서울,도봉구,일반의,2011,23
서울,도봉구,일반의,2012,28
서울,도봉구,일반의,2013,21
서울,도봉구,일반의,2014,22
서울,도봉구,일반의,2015,18
서울,도봉구,일반의,2016,22
서울,도봉구,일반의,2017,22
서울,도봉구,일반의,2018,17
서울,도봉구,일반의,2019,17
서울,도봉구,일반의,2020,19
서울,도봉구,일반의,2021,19
서울,도봉구,일반의,2022,15
서울,도봉구,일반의,2023,16
서울,도봉구,일반의,2024,14
서울,도봉구,일반의,2025,27
서울,도봉구,전문의,2007,237
서울,도봉구,전문의,2008,256
서울,도봉구,전문의,2009,279
서울,도봉구,전문의,2010,298
서울,도봉구,전문의,2011,300
서울,도봉구,전문의,2012,305
서울,도봉구,전문의,2013,308
서울,도봉구,전문의,2014,319
서울,도봉구,전문의,2015,309
서울,도봉구,전문의,2016,327
서울,도봉구,전문의,2017,333
서울,도봉구,전문의,2018,341
서울,도봉구,전문의,2019,332
서울,도봉구,전문의,2020,344
서울,도봉구,전문의,2021,357
서울,도봉구,전문의,2022,365
서울,도봉구,전문의,2023,372
서울,도봉구,전문의,2024,383
서울,도봉구,전문의,2025,394
서울,동대문구,total,2007,1062
서울,동대문구,total,2008,1123
서울,동대문구,total,2009,1124
서울,동대문구,total,2010,1081
서울,동대문구,total,2011,1173
서울,동대문구,total,2012,1237
서울,동대문구,total,2013,1257
서울,동대문구,total,2014,1041
서울,동대문구,total,2015,1035
서울,동대문구,total,2016,1112
서울,동대문구,total,2017,1136
서울,동대문구,total,2018,1190
서울,동대문구,total,2019,1106
서울,동대문구,total,2020,1107
서울,동대문구,total,2021,1115
서울,동대문구,total,2022,1056
서울,동대문구,total,2023,1154
서울,동대문구,total,2024,1097
서울,동대문구,total,2025,983
서울,동대문구,레지던트,2007,313
서울,동대문구,레지던트,2008,307
서울,동대문구,레지던트,2009,316
서울,동대문구,레지던트,2010,342
서울,동대문구,레지던트,2011,345
서울,동대문구,레지던트,2012,355
서울,동대문구,레지던트,2013,369
서울,동대문구,레지던트,2014,226
서울,동대문구,레지던트,2015,179
서울,동대문구,레지던트,2016,150
서울,동대문구,레지던트,2017,164
서울,동대문구,레지던트,2018,196
서울,동대문구,레지던트,2019,198
서울,동대문구,레지던트,2020,210
서울,동대문구,레지던트,2021,188
서울,동대문구,레지던트,2022,176
서울,동대문구,레지던트,2023,194
서울,동대문구,레지던트,2024,150
서울,동대문구,레지던트,2025,22
서울,동대문구,인턴,2007,98
서울,동대문구,인턴,2008,124
서울,동대문구,인턴,2009,91
서울,동대문구,인턴,2010,12
서울,동대문구,인턴,2011,61
서울,동대문구,인턴,2012,102
서울,동대문구,인턴,2013,87
서울,동대문구,인턴,2014,20
서울,동대문구,인턴,2015,80
서울,동대문구,인턴,2016,130
서울,동대문구,인턴,2017,121
서울,동대문구,인턴,2018,116
서울,동대문구,인턴,2019,91
서울,동대문구,인턴,2020,58
서울,동대문구,인턴,2021,63
서울,동대문구,인턴,2022,11
서울,동대문구,인턴,2023,63
서울,동대문구,인턴,2024,37
서울,동대문구,인턴,2025,4
서울,동대문구,일반의,2007,49
서울,동대문구,일반의,2008,52
서울,동대문구,일반의,2009,57
서울,동대문구,일반의,2010,57
서울,동대문구,일반의,2011,50
서울,동대문구,일반의,2012,54
서울,동대문구,일반의,2013,45
서울,동대문구,일반의,2014,43
서울,동대문구,일반의,2015,34
서울,동대문구,일반의,2016,38
서울,동대문구,일반의,2017,27
서울,동대문구,일반의,2018,32
서울,동대문구,일반의,2019,31
서울,동대문구,일반의,2020,36
서울,동대문구,일반의,2021,37
서울,동대문구,일반의,2022,42
서울,동대문구,일반의,2023,33
서울,동대문구,일반의,2024,46
서울,동대문구,일반의,2025,74
서울,동대문구,전문의,2007,602
서울,동대문구,전문의,2008,640
서울,동대문구,전문의,2009,660
서울,동대문구,전문의,2010,670
서울,동대문구,전문의,2011,717
서울,동대문구,전문의,2012,726
서울,동대문구,전문의,2013,756
서울,동대문구,전문의,2014,752
서울,동대문구,전문의,2015,742
서울,동대문구,전문의,2016,794
서울,동대문구,전문의,2017,824
서울,동대문구,전문의,2018,846
서울,동대문구,전문의,2019,786
서울,동대문구,전문의,2020,803
서울,동대문구,전문의,2021,827
서울,동대문구,전문의,2022,827
서울,동대문구,전문의,2023,864
서울,동대문구,전문의,2024,864
서울,동대문구,전문의,2025,883
서울,동작구,total,2007,565
서울,동작구,total,2008,606
서울,동작구,total,2009,622
서울,동작구,total,2010,626
서울,동작구,total,2011,707
서울,동작구,total,2012,885
서울,동작구,total,2013,923
서울,동작구,total,2014,921
서울,동작구,total,2015,928
서울,동작구,total,2016,942
서울,동작구,total,2017,973
서울,동작구,total,2018,985
서울,동작구,total,2019,967
서울,동작구,total,2020,982
서울,동작구,total,2021,1041
서울,동작구,total,2022,1043
서울,동작구,total,2023,1039
서울,동작구,total,2024,1044
서울,동작구,total,2025,942
서울,동작구,레지던트,2007,55
서울,동작구,레지던트,2008,62
서울,동작구,레지던트,2009,66
서울,동작구,레지던트,2010,78
서울,동작구,레지던트,2011,108
서울,동작구,레지던트,2012,176
서울,동작구,레지던트,2013,180
서울,동작구,레지던트,2014,160
서울,동작구,레지던트,2015,163
서울,동작구,레지던트,2016,167
서울,동작구,레지던트,2017,157
서울,동작구,레지던트,2018,155
서울,동작구,레지던트,2019,150
서울,동작구,레지던트,2020,146
서울,동작구,레지던트,2021,141
서울,동작구,레지던트,2022,152
서울,동작구,레지던트,2023,144
서울,동작구,레지던트,2024,143
서울,동작구,레지던트,2025,6
서울,동작구,인턴,2007,26
서울,동작구,인턴,2008,29
서울,동작구,인턴,2009,6
서울,동작구,인턴,2010,4
서울,동작구,인턴,2011,25
서울,동작구,인턴,2012,41
서울,동작구,인턴,2013,41
서울,동작구,인턴,2014,41
서울,동작구,인턴,2015,38
서울,동작구,인턴,2016,32
서울,동작구,인턴,2017,38
서울,동작구,인턴,2018,40
서울,동작구,인턴,2019,40
서울,동작구,인턴,2020,40
서울,동작구,인턴,2021,39
서울,동작구,인턴,2022,42
서울,동작구,인턴,2023,41
서울,동작구,인턴,2024,41
서울,동작구,인턴,2025,1
서울,동작구,일반의,2007,20
서울,동작구,일반의,2008,18
서울,동작구,일반의,2009,25
서울,동작구,일반의,2010,25
서울,동작구,일반의,2011,30
서울,동작구,일반의,2012,23
서울,동작구,일반의,2013,19
서울,동작구,일반의,2014,22
서울,동작구,일반의,2015,18
서울,동작구,일반의,2016,17
서울,동작구,일반의,2017,17
서울,동작구,일반의,2018,19
서울,동작구,일반의,2019,17
서울,동작구,일반의,2020,24
서울,동작구,일반의,2021,27
서울,동작구,일반의,2022,22
서울,동작구,일반의,2023,16
서울,동작구,일반의,2024,16
서울,동작구,일반의,2025,44
서울,동작구,전문의,2007,464
서울,동작구,전문의,2008,497
서울,동작구,전문의,2009,525
서울,동작구,전문의,2010,519
서울,동작구,전문의,2011,544
서울,동작구,전문의,2012,645
서울,동작구,전문의,2013,683
서울,동작구,전문의,2014,698
서울,동작구,전문의,2015,709
서울,동작구,전문의,2016,726
서울,동작구,전문의,2017,761
서울,동작구,전문의,2018,771
서울,동작구,전문의,2019,760
서울,동작구,전문의,2020,772
서울,동작구,전문의,2021,834
서울,동작구,전문의,2022,827
서울,동작구,전문의,2023,838
서울,동작구,전문의,2024,844
서울,동작구,전문의,2025,891
서울,마포구,total,2007,338
서울,마포구,total,2008,341
서울,마포구,total,2009,360
서울,마포구,total,2010,365
서울,마포구,total,2011,373
서울,마포구,total,2012,381
서울,마포구,total,2013,392
서울,마포구,total,2014,421
서울,마포구,total,2015,438
서울,마포구,total,2016,460
서울,마포구,total,2017,477
서울,마포구,total,2018,512
서울,마포구,total,2019,544
서울,마포구,total,2020,558
서울,마포구,total,2021,582
서울,마포구,total,2022,603
서울,마포구,total,2023,638
서울,마포구,total,2024,678
서울,마포구,total,2025,794
서울,마포구,레지던트,2007,0
서울,마포구,레지던트,2008,0
서울,마포구,레지던트,2009,0
서울,마포구,레지던트,2010,0
서울,마포구,레지던트,2011,0
서울,마포구,레지던트,2012,0
서울,마포구,레지던트,2013,0
서울,마포구,레지던트,2014,0
서울,마포구,레지던트,2015,0
서울,마포구,레지던트,2016,0
서울,마포구,레지던트,2017,0
서울,마포구,레지던트,2018,0
서울,마포구,레지던트,2019,0
서울,마포구,레지던트,2020,0
서울,마포구,레지던트,2021,0
서울,마포구,레지던트,2022,0
서울,마포구,레지던트,2023,0
서울,마포구,레지던트,2024,0
서울,마포구,레지던트,2025,0
서울,마포구,인턴,2007,0
서울,마포구,인턴,2008,0
서울,마포구,인턴,2009,0
서울,마포구,인턴,2010,0
서울,마포구,인턴,2011,0
서울,마포구,인턴,2012,0
서울,마포구,인턴,2013,0
서울,마포구,인턴,2014,0
서울,마포구,인턴,2015,0
서울,마포구,인턴,2016,0
서울,마포구,인턴,2017,0
서울,마포구,인턴,2018,0
서울,마포구,인턴,2019,0
서울,마포구,인턴,2020,0
서울,마포구,인턴,2021,0
서울,마포구,인턴,2022,0
서울,마포구,인턴,2023,0
서울,마포구,인턴,2024,0
서울,마포구,인턴,2025,0
서울,마포구,일반의,2007,26
서울,마포구,일반의,2008,28
서울,마포구,일반의,2009,33
서울,마포구,일반의,2010,32
서울,마포구,일반의,2011,26
서울,마포구,일반의,2012,30
서울,마포구,일반의,2013,31
서울,마포구,일반의,2014,33
서울,마포구,일반의,2015,37
서울,마포구,일반의,2016,40
서울,마포구,일반의,2017,38
서울,마포구,일반의,2018,47
서울,마포구,일반의,2019,51
서울,마포구,일반의,2020,57
서울,마포구,일반의,2021,70
서울,마포구,일반의,2022,68
서울,마포구,일반의,2023,66
서울,마포구,일반의,2024,107
서울,마포구,일반의,2025,194
서울,마포구,전문의,2007,312
서울,마포구,전문의,2008,313
서울,마포구,전문의,2009,327
서울,마포구,전문의,2010,333
서울,마포구,전문의,2011,347
서울,마포구,전문의,2012,351
서울,마포구,전문의,2013,361
서울,마포구,전문의,2014,388
서울,마포구,전문의,2015,401
서울,마포구,전문의,2016,420
서울,마포구,전문의,2017,439
서울,마포구,전문의,2018,465
서울,마포구,전문의,2019,493
서울,마포구,전문의,2020,501
서울,마포구,전문의,2021,512
서울,마포구,전문의,2022,535
서울,마포구,전문의,2023,572
서울,마포구,전문의,2024,571
서울,마포구,전문의,2025,600
서울,서대문구,total,2007,877
서울,서대문구,total,2008,725
서울,서대문구,total,2009,1052
서울,서대문구,total,2010,966
서울,서대문구,total,2011,1200
서울,서대문구,total,2012,1153
서울,서대문구,total,2013,1274
서울,서대문구,total,2014,1511
서울,서대문구,total,2015,1440
서울,서대문구,total,2016,1438
서울,서대문구,total,2017,1372
서울,서대문구,total,2018,1299
서울,서대문구,total,2019,1350
서울,서대문구,total,2020,1469
서울,서대문구,total,2021,1428
서울,서대문구,total,2022,1497
서울,서대문구,total,2023,1424
서울,서대문구,total,2024,1638
서울,서대문구,total,2025,1300
서울,서대문구,레지던트,2007,300
서울,서대문구,레지던트,2008,153
서울,서대문구,레지던트,2009,368
서울,서대문구,레지던트,2010,262
서울,서대문구,레지던트,2011,310
서울,서대문구,레지던트,2012,181
서울,서대문구,레지던트,2013,303
서울,서대문구,레지던트,2014,552
서울,서대문구,레지던트,2015,454
서울,서대문구,레지던트,2016,404
서울,서대문구,레지던트,2017,371
서울,서대문구,레지던트,2018,259
서울,서대문구,레지던트,2019,250
서울,서대문구,레지던트,2020,220
서울,서대문구,레지던트,2021,264
서울,서대문구,레지던트,2022,242
서울,서대문구,레지던트,2023,236
서울,서대문구,레지던트,2024,316
서울,서대문구,레지던트,2025,55
서울,서대문구,인턴,2007,68
서울,서대문구,인턴,2008,68
서울,서대문구,인턴,2009,16
서울,서대문구,인턴,2010,12
서울,서대문구,인턴,2011,131
서울,서대문구,인턴,2012,81
서울,서대문구,인턴,2013,148
서울,서대문구,인턴,2014,1
서울,서대문구,인턴,2015,0
서울,서대문구,인턴,2016,27
서울,서대문구,인턴,2017,2
서울,서대문구,인턴,2018,3
서울,서대문구,인턴,2019,1
서울,서대문구,인턴,2020,132
서울,서대문구,인턴,2021,2
서울,서대문구,인턴,2022,73
서울,서대문구,인턴,2023,16
서울,서대문구,인턴,2024,91
서울,서대문구,인턴,2025,11
서울,서대문구,일반의,2007,14
서울,서대문구,일반의,2008,12
서울,서대문구,일반의,2009,18
서울,서대문구,일반의,2010,22
서울,서대문구,일반의,2011,28
서울,서대문구,일반의,2012,29
서울,서대문구,일반의,2013,20
서울,서대문구,일반의,2014,21
서울,서대문구,일반의,2015,17
서울,서대문구,일반의,2016,22
서울,서대문구,일반의,2017,25
서울,서대문구,일반의,2018,24
서울,서대문구,일반의,2019,32
서울,서대문구,일반의,2020,33
서울,서대문구,일반의,2021,24
서울,서대문구,일반의,2022,28
서울,서대문구,일반의,2023,23
서울,서대문구,일반의,2024,47
서울,서대문구,일반의,2025,57
서울,서대문구,전문의,2007,495
서울,서대문구,전문의,2008,492
서울,서대문구,전문의,2009,650
서울,서대문구,전문의,2010,670
서울,서대문구,전문의,2011,731
서울,서대문구,전문의,2012,862
서울,서대문구,전문의,2013,803
서울,서대문구,전문의,2014,937
서울,서대문구,전문의,2015,969
서울,서대문구,전문의,2016,985
서울,서대문구,전문의,2017,974
서울,서대문구,전문의,2018,1013
서울,서대문구,전문의,2019,1067
서울,서대문구,전문의,2020,1084
서울,서대문구,전문의,2021,1138
서울,서대문구,전문의,2022,1154
서울,서대문구,전문의,2023,1149
서울,서대문구,전문의,2024,1184
서울,서대문구,전문의,2025,1177
서울,서초구,total,2007,767
서울,서초구,total,2008,798
서울,서초구,total,2009,967
서울,서초구,total,2010,1014
서울,서초구,total,2011,1121
서울,서초구,total,2012,1142
서울,서초구,total,2013,1467
서울,서초구,total,2014,1650
서울,서초구,total,2015,1714
서울,서초구,total,2016,1749
서울,서초구,total,2017,1809
서울,서초구,total,2018,1889
서울,서초구,total,2019,1947
서울,서초구,total,2020,1988
서울,서초구,total,2021,2140
서울,서초구,total,2022,2339
서울,서초구,total,2023,2425
서울,서초구,total,2024,2469
서울,서초구,total,2025,2683
서울,서초구,레지던트,2007,14
서울,서초구,레지던트,2008,4
서울,서초구,레지던트,2009,13
서울,서초구,레지던트,2010,18
서울,서초구,레지던트,2011,18
서울,서초구,레지던트,2012,23
서울,서초구,레지던트,2013,275
서울,서초구,레지던트,2014,280
서울,서초구,레지던트,2015,283
서울,서초구,레지던트,2016,274
서울,서초구,레지던트,2017,266
서울,서초구,레지던트,2018,255
서울,서초구,레지던트,2019,249
서울,서초구,레지던트,2020,242
서울,서초구,레지던트,2021,224
서울,서초구,레지던트,2022,231
서울,서초구,레지던트,2023,225
서울,서초구,레지던트,2024,224
서울,서초구,레지던트,2025,45
서울,서초구,인턴,2007,9
서울,서초구,인턴,2008,6
서울,서초구,인턴,2009,0
서울,서초구,인턴,2010,0
서울,서초구,인턴,2011,1
서울,서초구,인턴,2012,1
서울,서초구,인턴,2013,33
서울,서초구,인턴,2014,54
서울,서초구,인턴,2015,50
서울,서초구,인턴,2016,57
서울,서초구,인턴,2017,56
서울,서초구,인턴,2018,57
서울,서초구,인턴,2019,55
서울,서초구,인턴,2020,54
서울,서초구,인턴,2021,52
서울,서초구,인턴,2022,58
서울,서초구,인턴,2023,54
서울,서초구,인턴,2024,1
서울,서초구,인턴,2025,1
서울,서초구,일반의,2007,36
서울,서초구,일반의,2008,37
서울,서초구,일반의,2009,51
서울,서초구,일반의,2010,54
서울,서초구,일반의,2011,98
서울,서초구,일반의,2012,92
서울,서초구,일반의,2013,57
서울,서초구,일반의,2014,57
서울,서초구,일반의,2015,61
서울,서초구,일반의,2016,67
서울,서초구,일반의,2017,87
서울,서초구,일반의,2018,86
서울,서초구,일반의,2019,87
서울,서초구,일반의,2020,87
서울,서초구,일반의,2021,106
서울,서초구,일반의,2022,124
서울,서초구,일반의,2023,167
서울,서초구,일반의,2024,210
서울,서초구,일반의,2025,453
서울,서초구,전문의,2007,708
서울,서초구,전문의,2008,751
서울,서초구,전문의,2009,903
서울,서초구,전문의,2010,942
서울,서초구,전문의,2011,1004
서울,서초구,전문의,2012,1026
서울,서초구,전문의,2013,1102
서울,서초구,전문의,2014,1259
서울,서초구,전문의,2015,1320
서울,서초구,전문의,2016,1351
서울,서초구,전문의,2017,1400
서울,서초구,전문의,2018,1491
서울,서초구,전문의,2019,1556
서울,서초구,전문의,2020,1605
서울,서초구,전문의,2021,1758
서울,서초구,전문의,2022,1926
서울,서초구,전문의,2023,1979
서울,서초구,전문의,2024,2034
서울,서초구,전문의,2025,2184
서울,성동구,total,2007,701
서울,성동구,total,2008,726
서울,성동구,total,2009,602
서울,성동구,total,2010,604
서울,성동구,total,2011,697
서울,성동구,total,2012,703
서울,성동구,total,2013,697
서울,성동구,total,2014,657
서울,성동구,total,2015,714
서울,성동구,total,2016,666
서울,성동구,total,2017,667
서울,성동구,total,2018,697
서울,성동구,total,2019,672
서울,성동구,total,2020,725
서울,성동구,total,2021,747
서울,성동구,total,2022,762
서울,성동구,total,2023,772
서울,성동구,total,2024,754
서울,성동구,total,2025,675
서울,성동구,레지던트,2007,220
서울,성동구,레지던트,2008,236
서울,성동구,레지던트,2009,203
서울,성동구,레지던트,2010,184
서울,성동구,레지던트,2011,202
서울,성동구,레지던트,2012,192
서울,성동구,레지던트,2013,198
서울,성동구,레지던트,2014,221
서울,성동구,레지던트,2015,204
서울,성동구,레지던트,2016,170
서울,성동구,레지던트,2017,167
서울,성동구,레지던트,2018,161
서울,성동구,레지던트,2019,142
서울,성동구,레지던트,2020,144
서울,성동구,레지던트,2021,139
서울,성동구,레지던트,2022,137
서울,성동구,레지던트,2023,119
서울,성동구,레지던트,2024,89
서울,성동구,레지던트,2025,11
서울,성동구,인턴,2007,83
서울,성동구,인턴,2008,88
서울,성동구,인턴,2009,0
서울,성동구,인턴,2010,4
서울,성동구,인턴,2011,69
서울,성동구,인턴,2012,81
서울,성동구,인턴,2013,71
서울,성동구,인턴,2014,0
서울,성동구,인턴,2015,63
서울,성동구,인턴,2016,49
서울,성동구,인턴,2017,39
서울,성동구,인턴,2018,44
서울,성동구,인턴,2019,30
서울,성동구,인턴,2020,47
서울,성동구,인턴,2021,47
서울,성동구,인턴,2022,47
서울,성동구,인턴,2023,50
서울,성동구,인턴,2024,26
서울,성동구,인턴,2025,0
서울,성동구,일반의,2007,25
서울,성동구,일반의,2008,29
서울,성동구,일반의,2009,28
서울,성동구,일반의,2010,39
서울,성동구,일반의,2011,20
서울,성동구,일반의,2012,17
서울,성동구,일반의,2013,19
서울,성동구,일반의,2014,19
서울,성동구,일반의,2015,19
서울,성동구,일반의,2016,16
서울,성동구,일반의,2017,19
서울,성동구,일반의,2018,17
서울,성동구,일반의,2019,18
서울,성동구,일반의,2020,17
서울,성동구,일반의,2021,20
서울,성동구,일반의,2022,21
서울,성동구,일반의,2023,27
서울,성동구,일반의,2024,27
서울,성동구,일반의,2025,51
서울,성동구,전문의,2007,373
서울,성동구,전문의,2008,373
서울,성동구,전문의,2009,371
서울,성동구,전문의,2010,377
서울,성동구,전문의,2011,406
서울,성동구,전문의,2012,413
서울,성동구,전문의,2013,409
서울,성동구,전문의,2014,417
서울,성동구,전문의,2015,428
서울,성동구,전문의,2016,431
서울,성동구,전문의,2017,442
서울,성동구,전문의,2018,475
서울,성동구,전문의,2019,482
서울,성동구,전문의,2020,517
서울,성동구,전문의,2021,541
서울,성동구,전문의,2022,557
서울,성동구,전문의,2023,576
서울,성동구,전문의,2024,612
서울,성동구,전문의,2025,613
서울,성북구,total,2007,793
서울,성북구,total,2008,745
서울,성북구,total,2009,849
서울,성북구,total,2010,740
서울,성북구,total,2011,819
서울,성북구,total,2012,719
서울,성북구,total,2013,717
서울,성북구,total,2014,918
서울,성북구,total,2015,899
서울,성북구,total,2016,876
서울,성북구,total,2017,897
서울,성북구,total,2018,932
서울,성북구,total,2019,945
서울,성북구,total,2020,957
서울,성북구,total,2021,966
서울,성북구,total,2022,978
서울,성북구,total,2023,999
서울,성북구,total,2024,1013
서울,성북구,total,2025,884
서울,성북구,레지던트,2007,196
서울,성북구,레지던트,2008,200
서울,성북구,레지던트,2009,206
서울,성북구,레지던트,2010,171
서울,성북구,레지던트,2011,212
서울,성북구,레지던트,2012,58
서울,성북구,레지던트,2013,64
서울,성북구,레지던트,2014,175
서울,성북구,레지던트,2015,182
서울,성북구,레지던트,2016,187
서울,성북구,레지던트,2017,187
서울,성북구,레지던트,2018,188
서울,성북구,레지던트,2019,177
서울,성북구,레지던트,2020,162
서울,성북구,레지던트,2021,166
서울,성북구,레지던트,2022,162
서울,성북구,레지던트,2023,163
서울,성북구,레지던트,2024,167
서울,성북구,레지던트,2025,15
서울,성북구,인턴,2007,78
서울,성북구,인턴,2008,0
서울,성북구,인턴,2009,79
서울,성북구,인턴,2010,0
서울,성북구,인턴,2011,4
서울,성북구,인턴,2012,5
서울,성북구,인턴,2013,3
서울,성북구,인턴,2014,75
서울,성북구,인턴,2015,58
서울,성북구,인턴,2016,36
서울,성북구,인턴,2017,36
서울,성북구,인턴,2018,41
서울,성북구,인턴,2019,37
서울,성북구,인턴,2020,37
서울,성북구,인턴,2021,30
서울,성북구,인턴,2022,40
서울,성북구,인턴,2023,37
서울,성북구,인턴,2024,0
서울,성북구,인턴,2025,2
서울,성북구,일반의,2007,30
서울,성북구,일반의,2008,37
서울,성북구,일반의,2009,35
서울,성북구,일반의,2010,37
서울,성북구,일반의,2011,38
서울,성북구,일반의,2012,36
서울,성북구,일반의,2013,36
서울,성북구,일반의,2014,33
서울,성북구,일반의,2015,34
서울,성북구,일반의,2016,31
서울,성북구,일반의,2017,30
서울,성북구,일반의,2018,30
서울,성북구,일반의,2019,31
서울,성북구,일반의,2020,35
서울,성북구,일반의,2021,31
서울,성북구,일반의,2022,31
서울,성북구,일반의,2023,34
서울,성북구,일반의,2024,37
서울,성북구,일반의,2025,61
서울,성북구,전문의,2007,489
서울,성북구,전문의,2008,508
서울,성북구,전문의,2009,529
서울,성북구,전문의,2010,532
서울,성북구,전문의,2011,565
서울,성북구,전문의,2012,620
서울,성북구,전문의,2013,614
서울,성북구,전문의,2014,635
서울,성북구,전문의,2015,625
서울,성북구,전문의,2016,622
서울,성북구,전문의,2017,644
서울,성북구,전문의,2018,673
서울,성북구,전문의,2019,700
서울,성북구,전문의,2020,723
서울,성북구,전문의,2021,739
서울,성북구,전문의,2022,745
서울,성북구,전문의,2023,765
서울,성북구,전문의,2024,809
서울,성북구,전문의,2025,806
서울,송파구,total,2007,1601
서울,송파구,total,2008,1419
서울,송파구,total,2009,1494
서울,송파구,total,2010,1954
서울,송파구,total,2011,2093
서울,송파구,total,2012,2037
서울,송파구,total,2013,2104
서울,송파구,total,2014,2262
서울,송파구,total,2015,2239
서울,송파구,total,2016,2321
서울,송파구,total,2017,2348
서울,송파구,total,2018,2505
서울,송파구,total,2019,2593
서울,송파구,total,2020,2654
서울,송파구,total,2021,2737
서울,송파구,total,2022,2800
서울,송파구,total,2023,2882
서울,송파구,total,2024,2595
서울,송파구,total,2025,2353
서울,송파구,레지던트,2007,412
서울,송파구,레지던트,2008,338
서울,송파구,레지던트,2009,380
서울,송파구,레지던트,2010,539
서울,송파구,레지던트,2011,562
서울,송파구,레지던트,2012,542
서울,송파구,레지던트,2013,525
서울,송파구,레지던트,2014,548
서울,송파구,레지던트,2015,534
서울,송파구,레지던트,2016,519
서울,송파구,레지던트,2017,503
서울,송파구,레지던트,2018,490
서울,송파구,레지던트,2019,499
서울,송파구,레지던트,2020,471
서울,송파구,레지던트,2021,480
서울,송파구,레지던트,2022,472
서울,송파구,레지던트,2023,486
서울,송파구,레지던트,2024,468
서울,송파구,레지던트,2025,41
서울,송파구,인턴,2007,161
서울,송파구,인턴,2008,24
서울,송파구,인턴,2009,13
서울,송파구,인턴,2010,104
서울,송파구,인턴,2011,128
서울,송파구,인턴,2012,148
서울,송파구,인턴,2013,154
서울,송파구,인턴,2014,146
서울,송파구,인턴,2015,106
서울,송파구,인턴,2016,149
서울,송파구,인턴,2017,131
서울,송파구,인턴,2018,135
서울,송파구,인턴,2019,139
서울,송파구,인턴,2020,133
서울,송파구,인턴,2021,134
서울,송파구,인턴,2022,142
서울,송파구,인턴,2023,142
서울,송파구,인턴,2024,2
서울,송파구,인턴,2025,13
서울,송파구,일반의,2007,37
서울,송파구,일반의,2008,38
서울,송파구,일반의,2009,41
서울,송파구,일반의,2010,41
서울,송파구,일반의,2011,59
서울,송파구,일반의,2012,55
서울,송파구,일반의,2013,40
서울,송파구,일반의,2014,40
서울,송파구,일반의,2015,43
서울,송파구,일반의,2016,63
서울,송파구,일반의,2017,61
서울,송파구,일반의,2018,70
서울,송파구,일반의,2019,69
서울,송파구,일반의,2020,73
서울,송파구,일반의,2021,83
서울,송파구,일반의,2022,78
서울,송파구,일반의,2023,73
서울,송파구,일반의,2024,91
서울,송파구,일반의,2025,143
서울,송파구,전문의,2007,991
서울,송파구,전문의,2008,1019
서울,송파구,전문의,2009,1060
서울,송파구,전문의,2010,1270
서울,송파구,전문의,2011,1344
서울,송파구,전문의,2012,1292
서울,송파구,전문의,2013,1385
서울,송파구,전문의,2014,1528
서울,송파구,전문의,2015,1556
서울,송파구,전문의,2016,1590
서울,송파구,전문의,2017,1653
서울,송파구,전문의,2018,1810
서울,송파구,전문의,2019,1886
서울,송파구,전문의,2020,1977
서울,송파구,전문의,2021,2040
서울,송파구,전문의,2022,2108
서울,송파구,전문의,2023,2181
서울,송파구,전문의,2024,2034
서울,송파구,전문의,2025,2156
서울,양천구,total,2007,734
서울,양천구,total,2008,771
서울,양천구,total,2009,810
서울,양천구,total,2010,843
서울,양천구,total,2011,808
서울,양천구,total,2012,837
서울,양천구,total,2013,861
서울,양천구,total,2014,854
서울,양천구,total,2015,909
서울,양천구,total,2016,913
서울,양천구,total,2017,949
서울,양천구,total,2018,966
서울,양천구,total,2019,845
서울,양천구,total,2020,914
서울,양천구,total,2021,904
서울,양천구,total,2022,899
서울,양천구,total,2023,964
서울,양천구,total,2024,943
서울,양천구,total,2025,860
서울,양천구,레지던트,2007,166
서울,양천구,레지던트,2008,195
서울,양천구,레지던트,2009,231
서울,양천구,레지던트,2010,221
서울,양천구,레지던트,2011,191
서울,양천구,레지던트,2012,186
서울,양천구,레지던트,2013,173
서울,양천구,레지던트,2014,180
서울,양천구,레지던트,2015,181
서울,양천구,레지던트,2016,180
서울,양천구,레지던트,2017,185
서울,양천구,레지던트,2018,173
서울,양천구,레지던트,2019,164
서울,양천구,레지던트,2020,150
서울,양천구,레지던트,2021,140
서울,양천구,레지던트,2022,130
서울,양천구,레지던트,2023,125
서울,양천구,레지던트,2024,125
서울,양천구,레지던트,2025,22
서울,양천구,인턴,2007,46
서울,양천구,인턴,2008,50
서울,양천구,인턴,2009,0
서울,양천구,인턴,2010,29
서울,양천구,인턴,2011,10
서울,양천구,인턴,2012,5
서울,양천구,인턴,2013,30
서울,양천구,인턴,2014,0
서울,양천구,인턴,2015,24
서울,양천구,인턴,2016,31
서울,양천구,인턴,2017,38
서울,양천구,인턴,2018,38
서울,양천구,인턴,2019,29
서울,양천구,인턴,2020,34
서울,양천구,인턴,2021,30
서울,양천구,인턴,2022,40
서울,양천구,인턴,2023,43
서울,양천구,인턴,2024,2
서울,양천구,인턴,2025,1
서울,양천구,일반의,2007,23
서울,양천구,일반의,2008,36
서울,양천구,일반의,2009,56
서울,양천구,일반의,2010,55
서울,양천구,일반의,2011,32
서울,양천구,일반의,2012,29
서울,양천구,일반의,2013,24
서울,양천구,일반의,2014,23
서울,양천구,일반의,2015,26
서울,양천구,일반의,2016,22
서울,양천구,일반의,2017,24
서울,양천구,일반의,2018,27
서울,양천구,일반의,2019,28
서울,양천구,일반의,2020,29
서울,양천구,일반의,2021,34
서울,양천구,일반의,2022,33
서울,양천구,일반의,2023,41
서울,양천구,일반의,2024,41
서울,양천구,일반의,2025,60
서울,양천구,전문의,2007,499
서울,양천구,전문의,2008,490
서울,양천구,전문의,2009,523
서울,양천구,전문의,2010,538
서울,양천구,전문의,2011,575
서울,양천구,전문의,2012,617
서울,양천구,전문의,2013,634
서울,양천구,전문의,2014,651
서울,양천구,전문의,2015,678
서울,양천구,전문의,2016,680
서울,양천구,전문의,2017,702
서울,양천구,전문의,2018,728
서울,양천구,전문의,2019,624
서울,양천구,전문의,2020,701
서울,양천구,전문의,2021,700
서울,양천구,전문의,2022,696
서울,양천구,전문의,2023,755
서울,양천구,전문의,2024,775
서울,양천구,전문의,2025,777
서울,영등포구,total,2007,1299
서울,영등포구,total,2008,1306
서울,영등포구,total,2009,1285
서울,영등포구,total,2010,1342
서울,영등포구,total,2011,1335
서울,영등포구,total,2012,1370
서울,영등포구,total,2013,1214
서울,영등포구,total,2014,1267
서울,영등포구,total,2015,1287
서울,영등포구,total,2016,1308
서울,영등포구,total,2017,1350
서울,영등포구,total,2018,1373
서울,영등포구,total,2019,1415
서울,영등포구,total,2020,1376
서울,영등포구,total,2021,1405
서울,영등포구,total,2022,1449
서울,영등포구,total,2023,1456
서울,영등포구,total,2024,1399
서울,영등포구,total,2025,1339
서울,영등포구,레지던트,2007,351
서울,영등포구,레지던트,2008,363
서울,영등포구,레지던트,2009,337
서울,영등포구,레지던트,2010,381
서울,영등포구,레지던트,2011,334
서울,영등포구,레지던트,2012,347
서울,영등포구,레지던트,2013,262
서울,영등포구,레지던트,2014,258
서울,영등포구,레지던트,2015,247
서울,영등포구,레지던트,2016,241
서울,영등포구,레지던트,2017,230
서울,영등포구,레지던트,2018,218
서울,영등포구,레지던트,2019,208
서울,영등포구,레지던트,2020,195
서울,영등포구,레지던트,2021,186
서울,영등포구,레지던트,2022,183
서울,영등포구,레지던트,2023,181
서울,영등포구,레지던트,2024,147
서울,영등포구,레지던트,2025,22
서울,영등포구,인턴,2007,74
서울,영등포구,인턴,2008,63
서울,영등포구,인턴,2009,50
서울,영등포구,인턴,2010,34
서울,영등포구,인턴,2011,52
서울,영등포구,인턴,2012,61
서울,영등포구,인턴,2013,43
서울,영등포구,인턴,2014,61
서울,영등포구,인턴,2015,75
서울,영등포구,인턴,2016,52
서울,영등포구,인턴,2017,58
서울,영등포구,인턴,2018,53
서울,영등포구,인턴,2019,49
서울,영등포구,인턴,2020,46
서울,영등포구,인턴,2021,44
서울,영등포구,인턴,2022,53
서울,영등포구,인턴,2023,48
서울,영등포구,인턴,2024,14
서울,영등포구,인턴,2025,3
서울,영등포구,일반의,2007,38
서울,영등포구,일반의,2008,43
서울,영등포구,일반의,2009,39
서울,영등포구,일반의,2010,58
서울,영등포구,일반의,2011,63
서울,영등포구,일반의,2012,43
서울,영등포구,일반의,2013,30
서울,영등포구,일반의,2014,31
서울,영등포구,일반의,2015,28
서울,영등포구,일반의,2016,31
서울,영등포구,일반의,2017,34
서울,영등포구,일반의,2018,29
서울,영등포구,일반의,2019,33
서울,영등포구,일반의,2020,34
서울,영등포구,일반의,2021,35
서울,영등포구,일반의,2022,43
서울,영등포구,일반의,2023,53
서울,영등포구,일반의,2024,54
서울,영등포구,일반의,2025,97
서울,영등포구,전문의,2007,836
서울,영등포구,전문의,2008,837
서울,영등포구,전문의,2009,859
서울,영등포구,전문의,2010,869
서울,영등포구,전문의,2011,886
서울,영등포구,전문의,2012,919
서울,영등포구,전문의,2013,879
서울,영등포구,전문의,2014,917
서울,영등포구,전문의,2015,937
서울,영등포구,전문의,2016,984
서울,영등포구,전문의,2017,1028
서울,영등포구,전문의,2018,1073
서울,영등포구,전문의,2019,1125
서울,영등포구,전문의,2020,1101
서울,영등포구,전문의,2021,1140
서울,영등포구,전문의,2022,1170
서울,영등포구,전문의,2023,1174
서울,영등포구,전문의,2024,1184
서울,영등포구,전문의,2025,1217
서울,용산구,total,2007,598
서울,용산구,total,2008,601
서울,용산구,total,2009,655
서울,용산구,total,2010,608
서울,용산구,total,2011,480
서울,용산구,total,2012,498
서울,용산구,total,2013,461
서울,용산구,total,2014,504
서울,용산구,total,2015,514
서울,용산구,total,2016,532
서울,용산구,total,2017,527
서울,용산구,total,2018,549
서울,용산구,total,2019,553
서울,용산구,total,2020,570
서울,용산구,total,2021,573
서울,용산구,total,2022,601
서울,용산구,total,2023,609
서울,용산구,total,2024,560
서울,용산구,total,2025,478
서울,용산구,레지던트,2007,167
서울,용산구,레지던트,2008,200
서울,용산구,레지던트,2009,204
서울,용산구,레지던트,2010,200
서울,용산구,레지던트,2011,141
서울,용산구,레지던트,2012,138
서울,용산구,레지던트,2013,133
서울,용산구,레지던트,2014,133
서울,용산구,레지던트,2015,135
서울,용산구,레지던트,2016,139
서울,용산구,레지던트,2017,130
서울,용산구,레지던트,2018,137
서울,용산구,레지던트,2019,129
서울,용산구,레지던트,2020,125
서울,용산구,레지던트,2021,120
서울,용산구,레지던트,2022,126
서울,용산구,레지던트,2023,117
서울,용산구,레지던트,2024,83
서울,용산구,레지던트,2025,6
서울,용산구,인턴,2007,98
서울,용산구,인턴,2008,50
서울,용산구,인턴,2009,71
서울,용산구,인턴,2010,33
서울,용산구,인턴,2011,22
서울,용산구,인턴,2012,35
서울,용산구,인턴,2013,5
서울,용산구,인턴,2014,27
서울,용산구,인턴,2015,35
서울,용산구,인턴,2016,37
서울,용산구,인턴,2017,38
서울,용산구,인턴,2018,38
서울,용산구,인턴,2019,37
서울,용산구,인턴,2020,36
서울,용산구,인턴,2021,35
서울,용산구,인턴,2022,35
서울,용산구,인턴,2023,36
서울,용산구,인턴,2024,24
서울,용산구,인턴,2025,0
서울,용산구,일반의,2007,20
서울,용산구,일반의,2008,12
서울,용산구,일반의,2009,16
서울,용산구,일반의,2010,13
서울,용산구,일반의,2011,21
서울,용산구,일반의,2012,13
서울,용산구,일반의,2013,11
서울,용산구,일반의,2014,12
서울,용산구,일반의,2015,12
서울,용산구,일반의,2016,14
서울,용산구,일반의,2017,12
서울,용산구,일반의,2018,14
서울,용산구,일반의,2019,13
서울,용산구,일반의,2020,9
서울,용산구,일반의,2021,12
서울,용산구,일반의,2022,15
서울,용산구,일반의,2023,13
서울,용산구,일반의,2024,19
서울,용산구,일반의,2025,29
서울,용산구,전문의,2007,313
서울,용산구,전문의,2008,339
서울,용산구,전문의,2009,364
서울,용산구,전문의,2010,362
서울,용산구,전문의,2011,296
서울,용산구,전문의,2012,312
서울,용산구,전문의,2013,312
서울,용산구,전문의,2014,332
서울,용산구,전문의,2015,332
서울,용산구,전문의,2016,342
서울,용산구,전문의,2017,347
서울,용산구,전문의,2018,360
서울,용산구,전문의,2019,374
서울,용산구,전문의,2020,400
서울,용산구,전문의,2021,406
서울,용산구,전문의,2022,425
서울,용산구,전문의,2023,443
서울,용산구,전문의,2024,434
서울,용산구,전문의,2025,443
서울,은평구,total,2007,394
서울,은평구,total,2008,407
서울,은평구,total,2009,417
서울,은평구,total,2010,429
서울,은평구,total,2011,443
서울,은평구,total,2012,465
서울,은평구,total,2013,503
서울,은평구,total,2014,505
서울,은평구,total,2015,513
서울,은평구,total,2016,549
서울,은평구,total,2017,546
서울,은평구,total,2018,553
서울,은평구,total,2019,718
서울,은평구,total,2020,809
서울,은평구,total,2021,841
서울,은평구,total,2022,859
서울,은평구,total,2023,882
서울,은평구,total,2024,878
서울,은평구,total,2025,875
서울,은평구,레지던트,2007,2
서울,은평구,레지던트,2008,4
서울,은평구,레지던트,2009,7
서울,은평구,레지던트,2010,6
서울,은평구,레지던트,2011,5
서울,은평구,레지던트,2012,7
서울,은평구,레지던트,2013,7
서울,은평구,레지던트,2014,7
서울,은평구,레지던트,2015,8
서울,은평구,레지던트,2016,6
서울,은평구,레지던트,2017,6
서울,은평구,레지던트,2018,6
서울,은평구,레지던트,2019,37
서울,은평구,레지던트,2020,45
서울,은평구,레지던트,2021,52
서울,은평구,레지던트,2022,52
서울,은평구,레지던트,2023,59
서울,은평구,레지던트,2024,62
서울,은평구,레지던트,2025,5
서울,은평구,인턴,2007,0
서울,은평구,인턴,2008,0
서울,은평구,인턴,2009,0
서울,은평구,인턴,2010,0
서울,은평구,인턴,2011,0
서울,은평구,인턴,2012,0
서울,은평구,인턴,2013,0
서울,은평구,인턴,2014,0
서울,은평구,인턴,2015,0
서울,은평구,인턴,2016,0
서울,은평구,인턴,2017,0
서울,은평구,인턴,2018,0
서울,은평구,인턴,2019,12
서울,은평구,인턴,2020,14
서울,은평구,인턴,2021,12
서울,은평구,인턴,2022,15
서울,은평구,인턴,2023,15
서울,은평구,인턴,2024,2
서울,은평구,인턴,2025,1
서울,은평구,일반의,2007,24
서울,은평구,일반의,2008,26
서울,은평구,일반의,2009,22
서울,은평구,일반의,2010,21
서울,은평구,일반의,2011,27
서울,은평구,일반의,2012,21
서울,은평구,일반의,2013,17
서울,은평구,일반의,2014,16
서울,은평구,일반의,2015,22
서울,은평구,일반의,2016,26
서울,은평구,일반의,2017,31
서울,은평구,일반의,2018,33
서울,은평구,일반의,2019,26
서울,은평구,일반의,2020,33
서울,은평구,일반의,2021,21
서울,은평구,일반의,2022,30
서울,은평구,일반의,2023,29
서울,은평구,일반의,2024,33
서울,은평구,일반의,2025,73
서울,은평구,전문의,2007,368
서울,은평구,전문의,2008,377
서울,은평구,전문의,2009,388
서울,은평구,전문의,2010,402
서울,은평구,전문의,2011,411
서울,은평구,전문의,2012,437
서울,은평구,전문의,2013,479
서울,은평구,전문의,2014,482
서울,은평구,전문의,2015,483
서울,은평구,전문의,2016,517
서울,은평구,전문의,2017,509
서울,은평구,전문의,2018,514
서울,은평구,전문의,2019,643
서울,은평구,전문의,2020,717
서울,은평구,전문의,2021,756
서울,은평구,전문의,2022,762
서울,은평구,전문의,2023,779
서울,은평구,전문의,2024,781
서울,은평구,전문의,2025,796
서울,종로구,total,2007,1688
서울,종로구,total,2008,1711
서울,종로구,total,2009,1686
서울,종로구,total,2010,1877
서울,종로구,total,2011,1752
서울,종로구,total,2012,1569
서울,종로구,total,2013,1881
서울,종로구,total,2014,2336
서울,종로구,total,2015,2274
서울,종로구,total,2016,2248
서울,종로구,total,2017,2231
서울,종로구,total,2018,2227
서울,종로구,total,2019,2271
서울,종로구,total,2020,2346
서울,종로구,total,2021,2438
서울,종로구,total,2022,2454
서울,종로구,total,2023,2496
서울,종로구,total,2024,2148
서울,종로구,total,2025,1747
서울,종로구,레지던트,2007,709
서울,종로구,레지던트,2008,707
서울,종로구,레지던트,2009,736
서울,종로구,레지던트,2010,843
서울,종로구,레지던트,2011,656
서울,종로구,레지던트,2012,529
서울,종로구,레지던트,2013,497
서울,종로구,레지던트,2014,875
서울,종로구,레지던트,2015,850
서울,종로구,레지던트,2016,770
서울,종로구,레지던트,2017,760
서울,종로구,레지던트,2018,724
서울,종로구,레지던트,2019,723
서울,종로구,레지던트,2020,717
서울,종로구,레지던트,2021,721
서울,종로구,레지던트,2022,710
서울,종로구,레지던트,2023,718
서울,종로구,레지던트,2024,520
서울,종로구,레지던트,2025,104
서울,종로구,인턴,2007,55
서울,종로구,인턴,2008,33
서울,종로구,인턴,2009,38
서울,종로구,인턴,2010,11
서울,종로구,인턴,2011,13
서울,종로구,인턴,2012,22
서울,종로구,인턴,2013,193
서울,종로구,인턴,2014,207
서울,종로구,인턴,2015,212
서울,종로구,인턴,2016,214
서울,종로구,인턴,2017,213
서울,종로구,인턴,2018,201
서울,종로구,인턴,2019,202
서울,종로구,인턴,2020,208
서울,종로구,인턴,2021,195
서울,종로구,인턴,2022,205
서울,종로구,인턴,2023,212
서울,종로구,인턴,2024,118
서울,종로구,인턴,2025,20
서울,종로구,일반의,2007,39
서울,종로구,일반의,2008,34
서울,종로구,일반의,2009,37
서울,종로구,일반의,2010,129
서울,종로구,일반의,2011,81
서울,종로구,일반의,2012,44
서울,종로구,일반의,2013,29
서울,종로구,일반의,2014,32
서울,종로구,일반의,2015,24
서울,종로구,일반의,2016,33
서울,종로구,일반의,2017,28
서울,종로구,일반의,2018,31
서울,종로구,일반의,2019,31
서울,종로구,일반의,2020,39
서울,종로구,일반의,2021,39
서울,종로구,일반의,2022,46
서울,종로구,일반의,2023,41
서울,종로구,일반의,2024,44
서울,종로구,일반의,2025,71
서울,종로구,전문의,2007,885
서울,종로구,전문의,2008,937
서울,종로구,전문의,2009,875
서울,종로구,전문의,2010,894
서울,종로구,전문의,2011,1002
서울,종로구,전문의,2012,974
서울,종로구,전문의,2013,1162
서울,종로구,전문의,2014,1222
서울,종로구,전문의,2015,1188
서울,종로구,전문의,2016,1231
서울,종로구,전문의,2017,1230
서울,종로구,전문의,2018,1271
서울,종로구,전문의,2019,1315
서울,종로구,전문의,2020,1382
서울,종로구,전문의,2021,1483
서울,종로구,전문의,2022,1493
서울,종로구,전문의,2023,1525
서울,종로구,전문의,2024,1466
서울,종로구,전문의,2025,1552
서울,중구,total,2007,554
서울,중구,total,2008,619
서울,중구,total,2009,691
서울,중구,total,2010,711
서울,중구,total,2011,841
서울,중구,total,2012,869
서울,중구,total,2013,952
서울,중구,total,2014,899
서울,중구,total,2015,898
서울,중구,total,2016,899
서울,중구,total,2017,897
서울,중구,total,2018,920
서울,중구,total,2019,809
서울,중구,total,2020,824
서울,중구,total,2021,843
서울,중구,total,2022,818
서울,중구,total,2023,837
서울,중구,total,2024,823
서울,중구,total,2025,899
서울,중구,레지던트,2007,30
서울,중구,레지던트,2008,82
서울,중구,레지던트,2009,121
서울,중구,레지던트,2010,121
서울,중구,레지던트,2011,212
서울,중구,레지던트,2012,199
서울,중구,레지던트,2013,206
서울,중구,레지던트,2014,184
서울,중구,레지던트,2015,159
서울,중구,레지던트,2016,154
서울,중구,레지던트,2017,129
서울,중구,레지던트,2018,134
서울,중구,레지던트,2019,84
서울,중구,레지던트,2020,83
서울,중구,레지던트,2021,65
서울,중구,레지던트,2022,75
서울,중구,레지던트,2023,75
서울,중구,레지던트,2024,69
서울,중구,레지던트,2025,29
서울,중구,인턴,2007,18
서울,중구,인턴,2008,20
서울,중구,인턴,2009,4
서울,중구,인턴,2010,2
서울,중구,인턴,2011,35
서울,중구,인턴,2012,28
서울,중구,인턴,2013,44
서울,중구,인턴,2014,28
서울,중구,인턴,2015,50
서울,중구,인턴,2016,47
서울,중구,인턴,2017,54
서울,중구,인턴,2018,36
서울,중구,인턴,2019,30
서울,중구,인턴,2020,31
서울,중구,인턴,2021,50
서울,중구,인턴,2022,33
서울,중구,인턴,2023,29
서울,중구,인턴,2024,3
서울,중구,인턴,2025,5
서울,중구,일반의,2007,28
서울,중구,일반의,2008,33
서울,중구,일반의,2009,35
서울,중구,일반의,2010,35
서울,중구,일반의,2011,35
서울,중구,일반의,2012,37
서울,중구,일반의,2013,37
서울,중구,일반의,2014,34
서울,중구,일반의,2015,29
서울,중구,일반의,2016,30
서울,중구,일반의,2017,33
서울,중구,일반의,2018,37
서울,중구,일반의,2019,39
서울,중구,일반의,2020,38
서울,중구,일반의,2021,42
서울,중구,일반의,2022,36
서울,중구,일반의,2023,44
서울,중구,일반의,2024,66
서울,중구,일반의,2025,174
서울,중구,전문의,2007,478
서울,중구,전문의,2008,484
서울,중구,전문의,2009,531
서울,중구,전문의,2010,553
서울,중구,전문의,2011,559
서울,중구,전문의,2012,605
서울,중구,전문의,2013,665
서울,중구,전문의,2014,653
서울,중구,전문의,2015,660
서울,중구,전문의,2016,668
서울,중구,전문의,2017,681
서울,중구,전문의,2018,713
서울,중구,전문의,2019,656
서울,중구,전문의,2020,672
서울,중구,전문의,2021,686
서울,중구,전문의,2022,674
서울,중구,전문의,2023,689
서울,중구,전문의,2024,685
서울,중구,전문의,2025,691
서울,중랑구,total,2007,314
서울,중랑구,total,2008,334
서울,중랑구,total,2009,358
서울,중랑구,total,2010,368
서울,중랑구,total,2011,531
서울,중랑구,total,2012,513
서울,중랑구,total,2013,536
서울,중랑구,total,2014,558
서울,중랑구,total,2015,557
서울,중랑구,total,2016,599
서울,중랑구,total,2017,639
서울,중랑구,total,2018,633
서울,중랑구,total,2019,642
서울,중랑구,total,2020,665
서울,중랑구,total,2021,683
서울,중랑구,total,2022,713
서울,중랑구,total,2023,728
서울,중랑구,total,2024,717
서울,중랑구,total,2025,724
서울,중랑구,레지던트,2007,0
서울,중랑구,레지던트,2008,0
서울,중랑구,레지던트,2009,6
서울,중랑구,레지던트,2010,6
서울,중랑구,레지던트,2011,66
서울,중랑구,레지던트,2012,60
서울,중랑구,레지던트,2013,80
서울,중랑구,레지던트,2014,68
서울,중랑구,레지던트,2015,69
서울,중랑구,레지던트,2016,83
서울,중랑구,레지던트,2017,82
서울,중랑구,레지던트,2018,86
서울,중랑구,레지던트,2019,77
서울,중랑구,레지던트,2020,72
서울,중랑구,레지던트,2021,65
서울,중랑구,레지던트,2022,61
서울,중랑구,레지던트,2023,56
서울,중랑구,레지던트,2024,43
서울,중랑구,레지던트,2025,9
서울,중랑구,인턴,2007,0
서울,중랑구,인턴,2008,0
서울,중랑구,인턴,2009,0
서울,중랑구,인턴,2010,0
서울,중랑구,인턴,2011,13
서울,중랑구,인턴,2012,0
서울,중랑구,인턴,2013,0
서울,중랑구,인턴,2014,15
서울,중랑구,인턴,2015,10
서울,중랑구,인턴,2016,26
서울,중랑구,인턴,2017,26
서울,중랑구,인턴,2018,24
서울,중랑구,인턴,2019,24
서울,중랑구,인턴,2020,23
서울,중랑구,인턴,2021,24
서울,중랑구,인턴,2022,24
서울,중랑구,인턴,2023,18
서울,중랑구,인턴,2024,0
서울,중랑구,인턴,2025,0
서울,중랑구,일반의,2007,21
서울,중랑구,일반의,2008,23
서울,중랑구,일반의,2009,27
서울,중랑구,일반의,2010,20
서울,중랑구,일반의,2011,28
서울,중랑구,일반의,2012,21
서울,중랑구,일반의,2013,16
서울,중랑구,일반의,2014,23
서울,중랑구,일반의,2015,20
서울,중랑구,일반의,2016,23
서울,중랑구,일반의,2017,25
서울,중랑구,일반의,2018,25
서울,중랑구,일반의,2019,22
서울,중랑구,일반의,2020,19
서울,중랑구,일반의,2021,23
서울,중랑구,일반의,2022,26
서울,중랑구,일반의,2023,21
서울,중랑구,일반의,2024,23
서울,중랑구,일반의,2025,58
서울,중랑구,전문의,2007,293
서울,중랑구,전문의,2008,311
서울,중랑구,전문의,2009,325
서울,중랑구,전문의,2010,342
서울,중랑구,전문의,2011,424
서울,중랑구,전문의,2012,432
서울,중랑구,전문의,2013,440
서울,중랑구,전문의,2014,452
서울,중랑구,전문의,2015,458
서울,중랑구,전문의,2016,467
서울,중랑구,전문의,2017,506
서울,중랑구,전문의,2018,498
서울,중랑구,전문의,2019,519
서울,중랑구,전문의,2020,551
서울,중랑구,전문의,2021,571
서울,중랑구,전문의,2022,602
서울,중랑구,전문의,2023,633
서울,중랑구,전문의,2024,651
서울,중랑구,전문의,2025,657
울산,남구,total,2007,431
울산,남구,total,2008,449
울산,남구,total,2009,472
울산,남구,total,2010,501
울산,남구,total,2011,519
울산,남구,total,2012,544
울산,남구,total,2013,540
울산,남구,total,2014,571
울산,남구,total,2015,602
울산,남구,total,2016,638
울산,남구,total,2017,655
울산,남구,total,2018,661
울산,남구,total,2019,670
울산,남구,total,2020,668
울산,남구,total,2021,674
울산,남구,total,2022,696
울산,남구,total,2023,710
울산,남구,total,2024,722
울산,남구,total,2025,792
울산,남구,레지던트,2007,0
울산,남구,레지던트,2008,0
울산,남구,레지던트,2009,0
울산,남구,레지던트,2010,0
울산,남구,레지던트,2011,0
울산,남구,레지던트,2012,0
울산,남구,레지던트,2013,0
울산,남구,레지던트,2014,0
울산,남구,레지던트,2015,0
울산,남구,레지던트,2016,0
울산,남구,레지던트,2017,0
울산,남구,레지던트,2018,0
울산,남구,레지던트,2019,0
울산,남구,레지던트,2020,0
울산,남구,레지던트,2021,0
울산,남구,레지던트,2022,0
울산,남구,레지던트,2023,0
울산,남구,레지던트,2024,0
울산,남구,레지던트,2025,0
울산,남구,인턴,2007,0
울산,남구,인턴,2008,0
울산,남구,인턴,2009,0
울산,남구,인턴,2010,0
울산,남구,인턴,2011,0
울산,남구,인턴,2012,0
울산,남구,인턴,2013,0
울산,남구,인턴,2014,0
울산,남구,인턴,2015,0
울산,남구,인턴,2016,0
울산,남구,인턴,2017,0
울산,남구,인턴,2018,0
울산,남구,인턴,2019,0
울산,남구,인턴,2020,0
울산,남구,인턴,2021,0
울산,남구,인턴,2022,0
울산,남구,인턴,2023,0
울산,남구,인턴,2024,0
울산,남구,인턴,2025,0
울산,남구,일반의,2007,37
울산,남구,일반의,2008,41
울산,남구,일반의,2009,47
울산,남구,일반의,2010,47
울산,남구,일반의,2011,49
울산,남구,일반의,2012,44
울산,남구,일반의,2013,35
울산,남구,일반의,2014,44
울산,남구,일반의,2015,50
울산,남구,일반의,2016,55
울산,남구,일반의,2017,46
울산,남구,일반의,2018,44
울산,남구,일반의,2019,46
울산,남구,일반의,2020,41
울산,남구,일반의,2021,45
울산,남구,일반의,2022,45
울산,남구,일반의,2023,47
울산,남구,일반의,2024,58
울산,남구,일반의,2025,114
울산,남구,전문의,2007,394
울산,남구,전문의,2008,408
울산,남구,전문의,2009,425
울산,남구,전문의,2010,454
울산,남구,전문의,2011,470
울산,남구,전문의,2012,500
울산,남구,전문의,2013,505
울산,남구,전문의,2014,527
울산,남구,전문의,2015,552
울산,남구,전문의,2016,583
울산,남구,전문의,2017,609
울산,남구,전문의,2018,617
울산,남구,전문의,2019,624
울산,남구,전문의,2020,627
울산,남구,전문의,2021,629
울산,남구,전문의,2022,651
울산,남구,전문의,2023,663
울산,남구,전문의,2024,664
울산,남구,전문의,2025,678
울산,동구,total,2007,294
울산,동구,total,2008,317
울산,동구,total,2009,325
울산,동구,total,2010,309
울산,동구,total,2011,307
울산,동구,total,2012,380
울산,동구,total,2013,391
울산,동구,total,2014,399
울산,동구,total,2015,421
울산,동구,total,2016,452
울산,동구,total,2017,459
울산,동구,total,2018,456
울산,동구,total,2019,446
울산,동구,total,2020,447
울산,동구,total,2021,461
울산,동구,total,2022,470
울산,동구,total,2023,480
울산,동구,total,2024,462
울산,동구,total,2025,382
울산,동구,레지던트,2007,60
울산,동구,레지던트,2008,65
울산,동구,레지던트,2009,84
울산,동구,레지던트,2010,65
울산,동구,레지던트,2011,56
울산,동구,레지던트,2012,101
울산,동구,레지던트,2013,111
울산,동구,레지던트,2014,114
울산,동구,레지던트,2015,122
울산,동구,레지던트,2016,113
울산,동구,레지던트,2017,109
울산,동구,레지던트,2018,106
울산,동구,레지던트,2019,99
울산,동구,레지던트,2020,88
울산,동구,레지던트,2021,88
울산,동구,레지던트,2022,88
울산,동구,레지던트,2023,96
울산,동구,레지던트,2024,106
울산,동구,레지던트,2025,19
울산,동구,인턴,2007,25
울산,동구,인턴,2008,20
울산,동구,인턴,2009,0
울산,동구,인턴,2010,4
울산,동구,인턴,2011,8
울산,동구,인턴,2012,25
울산,동구,인턴,2013,21
울산,동구,인턴,2014,2
울산,동구,인턴,2015,0
울산,동구,인턴,2016,23
울산,동구,인턴,2017,20
울산,동구,인턴,2018,22
울산,동구,인턴,2019,15
울산,동구,인턴,2020,20
울산,동구,인턴,2021,23
울산,동구,인턴,2022,26
울산,동구,인턴,2023,26
울산,동구,인턴,2024,0
울산,동구,인턴,2025,5
울산,동구,일반의,2007,13
울산,동구,일반의,2008,14
울산,동구,일반의,2009,16
울산,동구,일반의,2010,14
울산,동구,일반의,2011,17
울산,동구,일반의,2012,17
울산,동구,일반의,2013,11
울산,동구,일반의,2014,12
울산,동구,일반의,2015,10
울산,동구,일반의,2016,16
울산,동구,일반의,2017,12
울산,동구,일반의,2018,13
울산,동구,일반의,2019,15
울산,동구,일반의,2020,15
울산,동구,일반의,2021,14
울산,동구,일반의,2022,13
울산,동구,일반의,2023,9
울산,동구,일반의,2024,10
울산,동구,일반의,2025,18
울산,동구,전문의,2007,196
울산,동구,전문의,2008,218
울산,동구,전문의,2009,225
울산,동구,전문의,2010,226
울산,동구,전문의,2011,226
울산,동구,전문의,2012,237
울산,동구,전문의,2013,248
울산,동구,전문의,2014,271
울산,동구,전문의,2015,289
울산,동구,전문의,2016,300
울산,동구,전문의,2017,318
울산,동구,전문의,2018,315
울산,동구,전문의,2019,317
울산,동구,전문의,2020,324
울산,동구,전문의,2021,336
울산,동구,전문의,2022,343
울산,동구,전문의,2023,349
울산,동구,전문의,2024,346
울산,동구,전문의,2025,340
울산,북구,total,2007,82
울산,북구,total,2008,87
울산,북구,total,2009,90
울산,북구,total,2010,93
울산,북구,total,2011,98
울산,북구,total,2012,103
울산,북구,total,2013,112
울산,북구,total,2014,116
울산,북구,total,2015,127
울산,북구,total,2016,126
울산,북구,total,2017,139
울산,북구,total,2018,144
울산,북구,total,2019,143
울산,북구,total,2020,148
울산,북구,total,2021,155
울산,북구,total,2022,160
울산,북구,total,2023,167
울산,북구,total,2024,186
울산,북구,total,2025,196
울산,북구,레지던트,2007,0
울산,북구,레지던트,2008,0
울산,북구,레지던트,2009,0
울산,북구,레지던트,2010,0
울산,북구,레지던트,2011,0
울산,북구,레지던트,2012,0
울산,북구,레지던트,2013,0
울산,북구,레지던트,2014,0
울산,북구,레지던트,2015,0
울산,북구,레지던트,2016,0
울산,북구,레지던트,2017,0
울산,북구,레지던트,2018,0
울산,북구,레지던트,2019,0
울산,북구,레지던트,2020,0
울산,북구,레지던트,2021,0
울산,북구,레지던트,2022,0
울산,북구,레지던트,2023,0
울산,북구,레지던트,2024,0
울산,북구,레지던트,2025,0
울산,북구,인턴,2007,0
울산,북구,인턴,2008,0
울산,북구,인턴,2009,0
울산,북구,인턴,2010,0
울산,북구,인턴,2011,0
울산,북구,인턴,2012,0
울산,북구,인턴,2013,0
울산,북구,인턴,2014,0
울산,북구,인턴,2015,0
울산,북구,인턴,2016,0
울산,북구,인턴,2017,0
울산,북구,인턴,2018,0
울산,북구,인턴,2019,0
울산,북구,인턴,2020,0
울산,북구,인턴,2021,0
울산,북구,인턴,2022,0
울산,북구,인턴,2023,0
울산,북구,인턴,2024,0
울산,북구,인턴,2025,0
울산,북구,일반의,2007,8
울산,북구,일반의,2008,9
울산,북구,일반의,2009,9
울산,북구,일반의,2010,8
울산,북구,일반의,2011,9
울산,북구,일반의,2012,9
울산,북구,일반의,2013,10
울산,북구,일반의,2014,11
울산,북구,일반의,2015,12
울산,북구,일반의,2016,14
울산,북구,일반의,2017,12
울산,북구,일반의,2018,14
울산,북구,일반의,2019,12
울산,북구,일반의,2020,9
울산,북구,일반의,2021,10
울산,북구,일반의,2022,10
울산,북구,일반의,2023,10
울산,북구,일반의,2024,11
울산,북구,일반의,2025,13
울산,북구,전문의,2007,74
울산,북구,전문의,2008,78
울산,북구,전문의,2009,81
울산,북구,전문의,2010,85
울산,북구,전문의,2011,89
울산,북구,전문의,2012,94
울산,북구,전문의,2013,102
울산,북구,전문의,2014,105
울산,북구,전문의,2015,115
울산,북구,전문의,2016,112
울산,북구,전문의,2017,127
울산,북구,전문의,2018,130
울산,북구,전문의,2019,131
울산,북구,전문의,2020,139
울산,북구,전문의,2021,145
울산,북구,전문의,2022,150
울산,북구,전문의,2023,157
울산,북구,전문의,2024,175
울산,북구,전문의,2025,183
울산,울주군,total,2007,134
울산,울주군,total,2008,139
울산,울주군,total,2009,144
울산,울주군,total,2010,158
울산,울주군,total,2011,157
울산,울주군,total,2012,156
울산,울주군,total,2013,153
울산,울주군,total,2014,158
울산,울주군,total,2015,165
울산,울주군,total,2016,170
울산,울주군,total,2017,169
울산,울주군,total,2018,173
울산,울주군,total,2019,175
울산,울주군,total,2020,173
울산,울주군,total,2021,172
울산,울주군,total,2022,172
울산,울주군,total,2023,175
울산,울주군,total,2024,173
울산,울주군,total,2025,180
울산,울주군,레지던트,2007,0
울산,울주군,레지던트,2008,0
울산,울주군,레지던트,2009,0
울산,울주군,레지던트,2010,0
울산,울주군,레지던트,2011,0
울산,울주군,레지던트,2012,0
울산,울주군,레지던트,2013,0
울산,울주군,레지던트,2014,0
울산,울주군,레지던트,2015,0
울산,울주군,레지던트,2016,0
울산,울주군,레지던트,2017,0
울산,울주군,레지던트,2018,0
울산,울주군,레지던트,2019,0
울산,울주군,레지던트,2020,0
울산,울주군,레지던트,2021,0
울산,울주군,레지던트,2022,0
울산,울주군,레지던트,2023,0
울산,울주군,레지던트,2024,0
울산,울주군,레지던트,2025,0
울산,울주군,인턴,2007,0
울산,울주군,인턴,2008,1
울산,울주군,인턴,2009,0
울산,울주군,인턴,2010,0
울산,울주군,인턴,2011,0
울산,울주군,인턴,2012,0
울산,울주군,인턴,2013,0
울산,울주군,인턴,2014,0
울산,울주군,인턴,2015,0
울산,울주군,인턴,2016,0
울산,울주군,인턴,2017,0
울산,울주군,인턴,2018,0
울산,울주군,인턴,2019,0
울산,울주군,인턴,2020,0
울산,울주군,인턴,2021,0
울산,울주군,인턴,2022,0
울산,울주군,인턴,2023,0
울산,울주군,인턴,2024,0
울산,울주군,인턴,2025,0
울산,울주군,일반의,2007,20
울산,울주군,일반의,2008,19
울산,울주군,일반의,2009,17
울산,울주군,일반의,2010,23
울산,울주군,일반의,2011,19
울산,울주군,일반의,2012,18
울산,울주군,일반의,2013,13
울산,울주군,일반의,2014,14
울산,울주군,일반의,2015,16
울산,울주군,일반의,2016,18
울산,울주군,일반의,2017,18
울산,울주군,일반의,2018,18
울산,울주군,일반의,2019,14
울산,울주군,일반의,2020,15
울산,울주군,일반의,2021,14
울산,울주군,일반의,2022,13
울산,울주군,일반의,2023,15
울산,울주군,일반의,2024,13
울산,울주군,일반의,2025,21
울산,울주군,전문의,2007,114
울산,울주군,전문의,2008,119
울산,울주군,전문의,2009,127
울산,울주군,전문의,2010,135
울산,울주군,전문의,2011,138
울산,울주군,전문의,2012,138
울산,울주군,전문의,2013,140
울산,울주군,전문의,2014,144
울산,울주군,전문의,2015,149
울산,울주군,전문의,2016,152
울산,울주군,전문의,2017,151
울산,울주군,전문의,2018,155
울산,울주군,전문의,2019,161
울산,울주군,전문의,2020,158
울산,울주군,전문의,2021,158
울산,울주군,전문의,2022,159
울산,울주군,전문의,2023,160
울산,울주군,전문의,2024,160
울산,울주군,전문의,2025,159
울산,중구,total,2007,217
울산,중구,total,2008,220
울산,중구,total,2009,236
울산,중구,total,2010,248
울산,중구,total,2011,251
울산,중구,total,2012,258
울산,중구,total,2013,269
울산,중구,total,2014,262
울산,중구,total,2015,271
울산,중구,total,2016,270
울산,중구,total,2017,297
울산,중구,total,2018,288
울산,중구,total,2019,296
울산,중구,total,2020,297
울산,중구,total,2021,300
울산,중구,total,2022,300
울산,중구,total,2023,292
울산,중구,total,2024,281
울산,중구,total,2025,304
울산,중구,레지던트,2007,26
울산,중구,레지던트,2008,22
울산,중구,레지던트,2009,16
울산,중구,레지던트,2010,14
울산,중구,레지던트,2011,14
울산,중구,레지던트,2012,15
울산,중구,레지던트,2013,11
울산,중구,레지던트,2014,11
울산,중구,레지던트,2015,11
울산,중구,레지던트,2016,11
울산,중구,레지던트,2017,7
울산,중구,레지던트,2018,7
울산,중구,레지던트,2019,6
울산,중구,레지던트,2020,4
울산,중구,레지던트,2021,4
울산,중구,레지던트,2022,2
울산,중구,레지던트,2023,0
울산,중구,레지던트,2024,0
울산,중구,레지던트,2025,0
울산,중구,인턴,2007,5
울산,중구,인턴,2008,7
울산,중구,인턴,2009,3
울산,중구,인턴,2010,3
울산,중구,인턴,2011,3
울산,중구,인턴,2012,1
울산,중구,인턴,2013,2
울산,중구,인턴,2014,1
울산,중구,인턴,2015,6
울산,중구,인턴,2016,0
울산,중구,인턴,2017,3
울산,중구,인턴,2018,1
울산,중구,인턴,2019,0
울산,중구,인턴,2020,0
울산,중구,인턴,2021,2
울산,중구,인턴,2022,0
울산,중구,인턴,2023,0
울산,중구,인턴,2024,0
울산,중구,인턴,2025,0
울산,중구,일반의,2007,22
울산,중구,일반의,2008,24
울산,중구,일반의,2009,22
울산,중구,일반의,2010,28
울산,중구,일반의,2011,30
울산,중구,일반의,2012,28
울산,중구,일반의,2013,23
울산,중구,일반의,2014,20
울산,중구,일반의,2015,19
울산,중구,일반의,2016,18
울산,중구,일반의,2017,18
울산,중구,일반의,2018,14
울산,중구,일반의,2019,18
울산,중구,일반의,2020,20
울산,중구,일반의,2021,20
울산,중구,일반의,2022,17
울산,중구,일반의,2023,14
울산,중구,일반의,2024,15
울산,중구,일반의,2025,27
울산,중구,전문의,2007,164
울산,중구,전문의,2008,167
울산,중구,전문의,2009,195
울산,중구,전문의,2010,203
울산,중구,전문의,2011,204
울산,중구,전문의,2012,214
울산,중구,전문의,2013,233
울산,중구,전문의,2014,230
울산,중구,전문의,2015,235
울산,중구,전문의,2016,241
울산,중구,전문의,2017,269
울산,중구,전문의,2018,266
울산,중구,전문의,2019,272
울산,중구,전문의,2020,273
울산,중구,전문의,2021,274
울산,중구,전문의,2022,281
울산,중구,전문의,2023,278
울산,중구,전문의,2024,266
울산,중구,전문의,2025,277
인천,강화군,total,2007,61
인천,강화군,total,2008,61
인천,강화군,total,2009,67
인천,강화군,total,2010,69
인천,강화군,total,2011,70
인천,강화군,total,2012,68
인천,강화군,total,2013,65
인천,강화군,total,2014,71
인천,강화군,total,2015,69
인천,강화군,total,2016,68
인천,강화군,total,2017,70
인천,강화군,total,2018,67
인천,강화군,total,2019,84
인천,강화군,total,2020,78
인천,강화군,total,2021,76
인천,강화군,total,2022,78
인천,강화군,total,2023,69
인천,강화군,total,2024,70
인천,강화군,total,2025,65
인천,강화군,레지던트,2007,0
인천,강화군,레지던트,2008,0
인천,강화군,레지던트,2009,0
인천,강화군,레지던트,2010,0
인천,강화군,레지던트,2011,0
인천,강화군,레지던트,2012,0
인천,강화군,레지던트,2013,0
인천,강화군,레지던트,2014,0
인천,강화군,레지던트,2015,0
인천,강화군,레지던트,2016,0
인천,강화군,레지던트,2017,0
인천,강화군,레지던트,2018,0
인천,강화군,레지던트,2019,0
인천,강화군,레지던트,2020,0
인천,강화군,레지던트,2021,0
인천,강화군,레지던트,2022,0
인천,강화군,레지던트,2023,0
인천,강화군,레지던트,2024,0
인천,강화군,레지던트,2025,0
인천,강화군,인턴,2007,0
인천,강화군,인턴,2008,0
인천,강화군,인턴,2009,0
인천,강화군,인턴,2010,0
인천,강화군,인턴,2011,0
인천,강화군,인턴,2012,0
인천,강화군,인턴,2013,0
인천,강화군,인턴,2014,0
인천,강화군,인턴,2015,0
인천,강화군,인턴,2016,0
인천,강화군,인턴,2017,0
인천,강화군,인턴,2018,0
인천,강화군,인턴,2019,0
인천,강화군,인턴,2020,0
인천,강화군,인턴,2021,0
인천,강화군,인턴,2022,1
인천,강화군,인턴,2023,0
인천,강화군,인턴,2024,0
인천,강화군,인턴,2025,0
인천,강화군,일반의,2007,25
인천,강화군,일반의,2008,19
인천,강화군,일반의,2009,22
인천,강화군,일반의,2010,22
인천,강화군,일반의,2011,22
인천,강화군,일반의,2012,22
인천,강화군,일반의,2013,19
인천,강화군,일반의,2014,19
인천,강화군,일반의,2015,17
인천,강화군,일반의,2016,15
인천,강화군,일반의,2017,16
인천,강화군,일반의,2018,13
인천,강화군,일반의,2019,17
인천,강화군,일반의,2020,16
인천,강화군,일반의,2021,20
인천,강화군,일반의,2022,17
인천,강화군,일반의,2023,10
인천,강화군,일반의,2024,13
인천,강화군,일반의,2025,12
인천,강화군,전문의,2007,36
인천,강화군,전문의,2008,42
인천,강화군,전문의,2009,45
인천,강화군,전문의,2010,47
인천,강화군,전문의,2011,48
인천,강화군,전문의,2012,46
인천,강화군,전문의,2013,46
인천,강화군,전문의,2014,52
인천,강화군,전문의,2015,52
인천,강화군,전문의,2016,53
인천,강화군,전문의,2017,54
인천,강화군,전문의,2018,54
인천,강화군,전문의,2019,67
인천,강화군,전문의,2020,62
인천,강화군,전문의,2021,56
인천,강화군,전문의,2022,60
인천,강화군,전문의,2023,59
인천,강화군,전문의,2024,57
인천,강화군,전문의,2025,53
인천,계양구,total,2007,229
인천,계양구,total,2008,240
인천,계양구,total,2009,251
인천,계양구,total,2010,264
인천,계양구,total,2011,294
인천,계양구,total,2012,304
인천,계양구,total,2013,311
인천,계양구,total,2014,327
인천,계양구,total,2015,342
인천,계양구,total,2016,349
인천,계양구,total,2017,410
인천,계양구,total,2018,430
인천,계양구,total,2019,448
인천,계양구,total,2020,459
인천,계양구,total,2021,465
인천,계양구,total,2022,468
인천,계양구,total,2023,485
인천,계양구,total,2024,494
인천,계양구,total,2025,517
인천,계양구,레지던트,2007,0
인천,계양구,레지던트,2008,0
인천,계양구,레지던트,2009,0
인천,계양구,레지던트,2010,0
인천,계양구,레지던트,2011,0
인천,계양구,레지던트,2012,0
인천,계양구,레지던트,2013,2
인천,계양구,레지던트,2014,1
인천,계양구,레지던트,2015,4
인천,계양구,레지던트,2016,2
인천,계양구,레지던트,2017,1
인천,계양구,레지던트,2018,1
인천,계양구,레지던트,2019,2
인천,계양구,레지던트,2020,0
인천,계양구,레지던트,2021,0
인천,계양구,레지던트,2022,0
인천,계양구,레지던트,2023,1
인천,계양구,레지던트,2024,1
인천,계양구,레지던트,2025,0
인천,계양구,인턴,2007,0
인천,계양구,인턴,2008,0
인천,계양구,인턴,2009,0
인천,계양구,인턴,2010,0
인천,계양구,인턴,2011,0
인천,계양구,인턴,2012,2
인천,계양구,인턴,2013,2
인천,계양구,인턴,2014,4
인천,계양구,인턴,2015,3
인천,계양구,인턴,2016,2
인천,계양구,인턴,2017,2
인천,계양구,인턴,2018,2
인천,계양구,인턴,2019,1
인천,계양구,인턴,2020,0
인천,계양구,인턴,2021,3
인천,계양구,인턴,2022,5
인천,계양구,인턴,2023,5
인천,계양구,인턴,2024,1
인천,계양구,인턴,2025,0
인천,계양구,일반의,2007,15
인천,계양구,일반의,2008,17
인천,계양구,일반의,2009,19
인천,계양구,일반의,2010,20
인천,계양구,일반의,2011,31
인천,계양구,일반의,2012,24
인천,계양구,일반의,2013,26
인천,계양구,일반의,2014,22
인천,계양구,일반의,2015,21
인천,계양구,일반의,2016,22
인천,계양구,일반의,2017,21
인천,계양구,일반의,2018,23
인천,계양구,일반의,2019,23
인천,계양구,일반의,2020,21
인천,계양구,일반의,2021,15
인천,계양구,일반의,2022,19
인천,계양구,일반의,2023,14
인천,계양구,일반의,2024,15
인천,계양구,일반의,2025,29
인천,계양구,전문의,2007,214
인천,계양구,전문의,2008,223
인천,계양구,전문의,2009,232
인천,계양구,전문의,2010,244
인천,계양구,전문의,2011,263
인천,계양구,전문의,2012,278
인천,계양구,전문의,2013,281
인천,계양구,전문의,2014,300
인천,계양구,전문의,2015,314
인천,계양구,전문의,2016,323
인천,계양구,전문의,2017,386
인천,계양구,전문의,2018,404
인천,계양구,전문의,2019,422
인천,계양구,전문의,2020,438
인천,계양구,전문의,2021,447
인천,계양구,전문의,2022,444
인천,계양구,전문의,2023,465
인천,계양구,전문의,2024,477
인천,계양구,전문의,2025,488
인천,남구,total,2007,328
인천,남구,total,2008,356
인천,남구,total,2009,395
인천,남구,total,2010,422
인천,남구,total,2011,430
인천,남구,total,2012,440
인천,남구,total,2013,444
인천,남구,total,2014,475
인천,남구,total,2015,475
인천,남구,total,2016,511
인천,남구,total,2017,531
인천,남구,total,2018,556
인천,남구,total,2019,603
인천,남구,total,2020,605
인천,남구,total,2021,608
인천,남구,total,2022,602
인천,남구,total,2023,628
인천,남구,total,2024,665
인천,남구,total,2025,755
인천,남구,레지던트,2007,1
인천,남구,레지던트,2008,1
인천,남구,레지던트,2009,0
인천,남구,레지던트,2010,1
인천,남구,레지던트,2011,3
인천,남구,레지던트,2012,5
인천,남구,레지던트,2013,5
인천,남구,레지던트,2014,6
인천,남구,레지던트,2015,5
인천,남구,레지던트,2016,6
인천,남구,레지던트,2017,6
인천,남구,레지던트,2018,6
인천,남구,레지던트,2019,7
인천,남구,레지던트,2020,6
인천,남구,레지던트,2021,6
인천,남구,레지던트,2022,6
인천,남구,레지던트,2023,6
인천,남구,레지던트,2024,4
인천,남구,레지던트,2025,6
인천,남구,인턴,2007,0
인천,남구,인턴,2008,0
인천,남구,인턴,2009,0
인천,남구,인턴,2010,0
인천,남구,인턴,2011,0
인천,남구,인턴,2012,0
인천,남구,인턴,2013,0
인천,남구,인턴,2014,0
인천,남구,인턴,2015,0
인천,남구,인턴,2016,0
인천,남구,인턴,2017,0
인천,남구,인턴,2018,0
인천,남구,인턴,2019,0
인천,남구,인턴,2020,0
인천,남구,인턴,2021,0
인천,남구,인턴,2022,0
인천,남구,인턴,2023,0
인천,남구,인턴,2024,0
인천,남구,인턴,2025,0
인천,남구,일반의,2007,30
인천,남구,일반의,2008,34
인천,남구,일반의,2009,35
인천,남구,일반의,2010,33
인천,남구,일반의,2011,43
인천,남구,일반의,2012,40
인천,남구,일반의,2013,27
인천,남구,일반의,2014,30
인천,남구,일반의,2015,25
인천,남구,일반의,2016,24
인천,남구,일반의,2017,23
인천,남구,일반의,2018,22
인천,남구,일반의,2019,23
인천,남구,일반의,2020,31
인천,남구,일반의,2021,29
인천,남구,일반의,2022,27
인천,남구,일반의,2023,25
인천,남구,일반의,2024,34
인천,남구,일반의,2025,82
인천,남구,전문의,2007,297
인천,남구,전문의,2008,321
인천,남구,전문의,2009,360
인천,남구,전문의,2010,388
인천,남구,전문의,2011,384
인천,남구,전문의,2012,395
인천,남구,전문의,2013,412
인천,남구,전문의,2014,439
인천,남구,전문의,2015,445
인천,남구,전문의,2016,481
인천,남구,전문의,2017,502
인천,남구,전문의,2018,528
인천,남구,전문의,2019,573
인천,남구,전문의,2020,568
인천,남구,전문의,2021,573
인천,남구,전문의,2022,569
인천,남구,전문의,2023,597
인천,남구,전문의,2024,627
인천,남구,전문의,2025,667
인천,남동구,total,2007,684
인천,남동구,total,2008,724
인천,남동구,total,2009,685
인천,남동구,total,2010,756
인천,남동구,total,2011,737
인천,남동구,total,2012,895
인천,남동구,total,2013,910
인천,남동구,total,2014,983
인천,남동구,total,2015,1030
인천,남동구,total,2016,1062
인천,남동구,total,2017,1081
인천,남동구,total,2018,1095
인천,남동구,total,2019,1168
인천,남동구,total,2020,1157
인천,남동구,total,2021,1234
인천,남동구,total,2022,1231
인천,남동구,total,2023,1260
인천,남동구,total,2024,1237
인천,남동구,total,2025,1122
인천,남동구,레지던트,2007,150
인천,남동구,레지던트,2008,184
인천,남동구,레지던트,2009,144
인천,남동구,레지던트,2010,188
인천,남동구,레지던트,2011,145
인천,남동구,레지던트,2012,156
인천,남동구,레지던트,2013,201
인천,남동구,레지던트,2014,205
인천,남동구,레지던트,2015,191
인천,남동구,레지던트,2016,191
인천,남동구,레지던트,2017,196
인천,남동구,레지던트,2018,184
인천,남동구,레지던트,2019,184
인천,남동구,레지던트,2020,161
인천,남동구,레지던트,2021,150
인천,남동구,레지던트,2022,150
인천,남동구,레지던트,2023,112
인천,남동구,레지던트,2024,113
인천,남동구,레지던트,2025,15
인천,남동구,인턴,2007,60
인천,남동구,인턴,2008,49
인천,남동구,인턴,2009,0
인천,남동구,인턴,2010,0
인천,남동구,인턴,2011,3
인천,남동구,인턴,2012,81
인천,남동구,인턴,2013,0
인천,남동구,인턴,2014,31
인천,남동구,인턴,2015,53
인천,남동구,인턴,2016,50
인천,남동구,인턴,2017,41
인천,남동구,인턴,2018,6
인천,남동구,인턴,2019,45
인천,남동구,인턴,2020,46
인천,남동구,인턴,2021,45
인천,남동구,인턴,2022,51
인천,남동구,인턴,2023,83
인천,남동구,인턴,2024,37
인천,남동구,인턴,2025,0
인천,남동구,일반의,2007,35
인천,남동구,일반의,2008,35
인천,남동구,일반의,2009,38
인천,남동구,일반의,2010,30
인천,남동구,일반의,2011,29
인천,남동구,일반의,2012,37
인천,남동구,일반의,2013,37
인천,남동구,일반의,2014,40
인천,남동구,일반의,2015,44
인천,남동구,일반의,2016,39
인천,남동구,일반의,2017,42
인천,남동구,일반의,2018,50
인천,남동구,일반의,2019,50
인천,남동구,일반의,2020,51
인천,남동구,일반의,2021,66
인천,남동구,일반의,2022,66
인천,남동구,일반의,2023,83
인천,남동구,일반의,2024,84
인천,남동구,일반의,2025,136
인천,남동구,전문의,2007,439
인천,남동구,전문의,2008,456
인천,남동구,전문의,2009,503
인천,남동구,전문의,2010,538
인천,남동구,전문의,2011,560
인천,남동구,전문의,2012,621
인천,남동구,전문의,2013,672
인천,남동구,전문의,2014,707
인천,남동구,전문의,2015,742
인천,남동구,전문의,2016,782
인천,남동구,전문의,2017,802
인천,남동구,전문의,2018,855
인천,남동구,전문의,2019,889
인천,남동구,전문의,2020,899
인천,남동구,전문의,2021,973
인천,남동구,전문의,2022,964
인천,남동구,전문의,2023,982
인천,남동구,전문의,2024,1003
인천,남동구,전문의,2025,971
인천,동구,total,2007,82
인천,동구,total,2008,78
인천,동구,total,2009,86
인천,동구,total,2010,91
인천,동구,total,2011,88
인천,동구,total,2012,94
인천,동구,total,2013,100
인천,동구,total,2014,104
인천,동구,total,2015,108
인천,동구,total,2016,109
인천,동구,total,2017,113
인천,동구,total,2018,116
인천,동구,total,2019,115
인천,동구,total,2020,121
인천,동구,total,2021,111
인천,동구,total,2022,113
인천,동구,total,2023,115
인천,동구,total,2024,124
인천,동구,total,2025,125
인천,동구,레지던트,2007,0
인천,동구,레지던트,2008,0
인천,동구,레지던트,2009,0
인천,동구,레지던트,2010,0
인천,동구,레지던트,2011,0
인천,동구,레지던트,2012,0
인천,동구,레지던트,2013,0
인천,동구,레지던트,2014,0
인천,동구,레지던트,2015,0
인천,동구,레지던트,2016,0
인천,동구,레지던트,2017,0
인천,동구,레지던트,2018,0
인천,동구,레지던트,2019,0
인천,동구,레지던트,2020,0
인천,동구,레지던트,2021,0
인천,동구,레지던트,2022,0
인천,동구,레지던트,2023,0
인천,동구,레지던트,2024,0
인천,동구,레지던트,2025,0
인천,동구,인턴,2007,0
인천,동구,인턴,2008,0
인천,동구,인턴,2009,0
인천,동구,인턴,2010,0
인천,동구,인턴,2011,0
인천,동구,인턴,2012,0
인천,동구,인턴,2013,0
인천,동구,인턴,2014,0
인천,동구,인턴,2015,0
인천,동구,인턴,2016,0
인천,동구,인턴,2017,0
인천,동구,인턴,2018,0
인천,동구,인턴,2019,0
인천,동구,인턴,2020,0
인천,동구,인턴,2021,0
인천,동구,인턴,2022,0
인천,동구,인턴,2023,0
인천,동구,인턴,2024,0
인천,동구,인턴,2025,0
인천,동구,일반의,2007,7
인천,동구,일반의,2008,5
인천,동구,일반의,2009,6
인천,동구,일반의,2010,8
인천,동구,일반의,2011,8
인천,동구,일반의,2012,10
인천,동구,일반의,2013,5
인천,동구,일반의,2014,3
인천,동구,일반의,2015,2
인천,동구,일반의,2016,4
인천,동구,일반의,2017,5
인천,동구,일반의,2018,4
인천,동구,일반의,2019,3
인천,동구,일반의,2020,4
인천,동구,일반의,2021,5
인천,동구,일반의,2022,4
인천,동구,일반의,2023,5
인천,동구,일반의,2024,7
인천,동구,일반의,2025,10
인천,동구,전문의,2007,75
인천,동구,전문의,2008,73
인천,동구,전문의,2009,80
인천,동구,전문의,2010,83
인천,동구,전문의,2011,80
인천,동구,전문의,2012,84
인천,동구,전문의,2013,95
인천,동구,전문의,2014,101
인천,동구,전문의,2015,106
인천,동구,전문의,2016,105
인천,동구,전문의,2017,108
인천,동구,전문의,2018,112
인천,동구,전문의,2019,112
인천,동구,전문의,2020,117
인천,동구,전문의,2021,106
인천,동구,전문의,2022,109
인천,동구,전문의,2023,110
인천,동구,전문의,2024,117
인천,동구,전문의,2025,115
인천,부평구,total,2007,589
인천,부평구,total,2008,606
인천,부평구,total,2009,649
인천,부평구,total,2010,681
인천,부평구,total,2011,719
인천,부평구,total,2012,745
인천,부평구,total,2013,770
인천,부평구,total,2014,784
인천,부평구,total,2015,817
인천,부평구,total,2016,837
인천,부평구,total,2017,858
인천,부평구,total,2018,874
인천,부평구,total,2019,906
인천,부평구,total,2020,913
인천,부평구,total,2021,936
인천,부평구,total,2022,958
인천,부평구,total,2023,992
인천,부평구,total,2024,975
인천,부평구,total,2025,1006
인천,부평구,레지던트,2007,58
인천,부평구,레지던트,2008,63
인천,부평구,레지던트,2009,49
인천,부평구,레지던트,2010,61
인천,부평구,레지던트,2011,60
인천,부평구,레지던트,2012,67
인천,부평구,레지던트,2013,74
인천,부평구,레지던트,2014,78
인천,부평구,레지던트,2015,92
인천,부평구,레지던트,2016,92
인천,부평구,레지던트,2017,98
인천,부평구,레지던트,2018,88
인천,부평구,레지던트,2019,86
인천,부평구,레지던트,2020,80
인천,부평구,레지던트,2021,84
인천,부평구,레지던트,2022,87
인천,부평구,레지던트,2023,77
인천,부평구,레지던트,2024,74
인천,부평구,레지던트,2025,12
인천,부평구,인턴,2007,23
인천,부평구,인턴,2008,23
인천,부평구,인턴,2009,24
인천,부평구,인턴,2010,24
인천,부평구,인턴,2011,21
인천,부평구,인턴,2012,23
인천,부평구,인턴,2013,25
인천,부평구,인턴,2014,25
인천,부평구,인턴,2015,24
인천,부평구,인턴,2016,23
인천,부평구,인턴,2017,25
인천,부평구,인턴,2018,22
인천,부평구,인턴,2019,23
인천,부평구,인턴,2020,23
인천,부평구,인턴,2021,21
인천,부평구,인턴,2022,26
인천,부평구,인턴,2023,26
인천,부평구,인턴,2024,3
인천,부평구,인턴,2025,1
인천,부평구,일반의,2007,44
인천,부평구,일반의,2008,37
인천,부평구,일반의,2009,39
인천,부평구,일반의,2010,35
인천,부평구,일반의,2011,48
인천,부평구,일반의,2012,35
인천,부평구,일반의,2013,27
인천,부평구,일반의,2014,31
인천,부평구,일반의,2015,29
인천,부평구,일반의,2016,34
인천,부평구,일반의,2017,30
인천,부평구,일반의,2018,33
인천,부평구,일반의,2019,36
인천,부평구,일반의,2020,39
인천,부평구,일반의,2021,43
인천,부평구,일반의,2022,47
인천,부평구,일반의,2023,47
인천,부평구,일반의,2024,50
인천,부평구,일반의,2025,120
인천,부평구,전문의,2007,464
인천,부평구,전문의,2008,483
인천,부평구,전문의,2009,537
인천,부평구,전문의,2010,561
인천,부평구,전문의,2011,590
인천,부평구,전문의,2012,620
인천,부평구,전문의,2013,644
인천,부평구,전문의,2014,650
인천,부평구,전문의,2015,672
인천,부평구,전문의,2016,688
인천,부평구,전문의,2017,705
인천,부평구,전문의,2018,731
인천,부평구,전문의,2019,761
인천,부평구,전문의,2020,771
인천,부평구,전문의,2021,788
인천,부평구,전문의,2022,798
인천,부평구,전문의,2023,842
인천,부평구,전문의,2024,848
인천,부평구,전문의,2025,873
인천,서구,total,2007,254
인천,서구,total,2008,283
인천,서구,total,2009,322
인천,서구,total,2010,337
인천,서구,total,2011,342
인천,서구,total,2012,369
인천,서구,total,2013,392
인천,서구,total,2014,511
인천,서구,total,2015,606
인천,서구,total,2016,614
인천,서구,total,2017,680
인천,서구,total,2018,712
인천,서구,total,2019,741
인천,서구,total,2020,757
인천,서구,total,2021,804
인천,서구,total,2022,815
인천,서구,total,2023,872
인천,서구,total,2024,927
인천,서구,total,2025,990
인천,서구,레지던트,2007,0
인천,서구,레지던트,2008,0
인천,서구,레지던트,2009,0
인천,서구,레지던트,2010,0
인천,서구,레지던트,2011,0
인천,서구,레지던트,2012,0
인천,서구,레지던트,2013,0
인천,서구,레지던트,2014,0
인천,서구,레지던트,2015,4
인천,서구,레지던트,2016,6
인천,서구,레지던트,2017,9
인천,서구,레지던트,2018,15
인천,서구,레지던트,2019,17
인천,서구,레지던트,2020,20
인천,서구,레지던트,2021,27
인천,서구,레지던트,2022,29
인천,서구,레지던트,2023,32
인천,서구,레지던트,2024,25
인천,서구,레지던트,2025,5
인천,서구,인턴,2007,0
인천,서구,인턴,2008,0
인천,서구,인턴,2009,0
인천,서구,인턴,2010,0
인천,서구,인턴,2011,0
인천,서구,인턴,2012,0
인천,서구,인턴,2013,0
인천,서구,인턴,2014,0
인천,서구,인턴,2015,14
인천,서구,인턴,2016,0
인천,서구,인턴,2017,10
인천,서구,인턴,2018,4
인천,서구,인턴,2019,14
인천,서구,인턴,2020,11
인천,서구,인턴,2021,11
인천,서구,인턴,2022,15
인천,서구,인턴,2023,19
인천,서구,인턴,2024,12
인천,서구,인턴,2025,0
인천,서구,일반의,2007,23
인천,서구,일반의,2008,26
인천,서구,일반의,2009,28
인천,서구,일반의,2010,32
인천,서구,일반의,2011,28
인천,서구,일반의,2012,33
인천,서구,일반의,2013,29
인천,서구,일반의,2014,27
인천,서구,일반의,2015,28
인천,서구,일반의,2016,29
인천,서구,일반의,2017,33
인천,서구,일반의,2018,33
인천,서구,일반의,2019,37
인천,서구,일반의,2020,35
인천,서구,일반의,2021,36
인천,서구,일반의,2022,42
인천,서구,일반의,2023,40
인천,서구,일반의,2024,45
인천,서구,일반의,2025,108
인천,서구,전문의,2007,231
인천,서구,전문의,2008,257
인천,서구,전문의,2009,294
인천,서구,전문의,2010,305
인천,서구,전문의,2011,314
인천,서구,전문의,2012,336
인천,서구,전문의,2013,363
인천,서구,전문의,2014,484
인천,서구,전문의,2015,560
인천,서구,전문의,2016,579
인천,서구,전문의,2017,628
인천,서구,전문의,2018,660
인천,서구,전문의,2019,673
인천,서구,전문의,2020,691
인천,서구,전문의,2021,730
인천,서구,전문의,2022,729
인천,서구,전문의,2023,781
인천,서구,전문의,2024,845
인천,서구,전문의,2025,877
인천,연수구,total,2007,166
인천,연수구,total,2008,174
인천,연수구,total,2009,180
인천,연수구,total,2010,205
인천,연수구,total,2011,225
인천,연수구,total,2012,231
인천,연수구,total,2013,262
인천,연수구,total,2014,266
인천,연수구,total,2015,279
인천,연수구,total,2016,300
인천,연수구,total,2017,331
인천,연수구,total,2018,356
인천,연수구,total,2019,366
인천,연수구,total,2020,398
인천,연수구,total,2021,426
인천,연수구,total,2022,463
인천,연수구,total,2023,513
인천,연수구,total,2024,533
인천,연수구,total,2025,607
인천,연수구,레지던트,2007,0
인천,연수구,레지던트,2008,0
인천,연수구,레지던트,2009,0
인천,연수구,레지던트,2010,0
인천,연수구,레지던트,2011,0
인천,연수구,레지던트,2012,0
인천,연수구,레지던트,2013,0
인천,연수구,레지던트,2014,0
인천,연수구,레지던트,2015,0
인천,연수구,레지던트,2016,0
인천,연수구,레지던트,2017,0
인천,연수구,레지던트,2018,0
인천,연수구,레지던트,2019,0
인천,연수구,레지던트,2020,0
인천,연수구,레지던트,2021,0
인천,연수구,레지던트,2022,0
인천,연수구,레지던트,2023,0
인천,연수구,레지던트,2024,0
인천,연수구,레지던트,2025,0
인천,연수구,인턴,2007,0
인천,연수구,인턴,2008,0
인천,연수구,인턴,2009,0
인천,연수구,인턴,2010,0
인천,연수구,인턴,2011,0
인천,연수구,인턴,2012,0
인천,연수구,인턴,2013,0
인천,연수구,인턴,2014,0
인천,연수구,인턴,2015,0
인천,연수구,인턴,2016,0
인천,연수구,인턴,2017,0
인천,연수구,인턴,2018,0
인천,연수구,인턴,2019,0
인천,연수구,인턴,2020,0
인천,연수구,인턴,2021,0
인천,연수구,인턴,2022,0
인천,연수구,인턴,2023,0
인천,연수구,인턴,2024,0
인천,연수구,인턴,2025,0
인천,연수구,일반의,2007,13
인천,연수구,일반의,2008,12
인천,연수구,일반의,2009,12
인천,연수구,일반의,2010,16
인천,연수구,일반의,2011,19
인천,연수구,일반의,2012,17
인천,연수구,일반의,2013,16
인천,연수구,일반의,2014,17
인천,연수구,일반의,2015,14
인천,연수구,일반의,2016,20
인천,연수구,일반의,2017,17
인천,연수구,일반의,2018,20
인천,연수구,일반의,2019,20
인천,연수구,일반의,2020,24
인천,연수구,일반의,2021,26
인천,연수구,일반의,2022,28
인천,연수구,일반의,2023,31
인천,연수구,일반의,2024,31
인천,연수구,일반의,2025,89
인천,연수구,전문의,2007,153
인천,연수구,전문의,2008,162
인천,연수구,전문의,2009,168
인천,연수구,전문의,2010,189
인천,연수구,전문의,2011,206
인천,연수구,전문의,2012,214
인천,연수구,전문의,2013,246
인천,연수구,전문의,2014,249
인천,연수구,전문의,2015,265
인천,연수구,전문의,2016,280
인천,연수구,전문의,2017,314
인천,연수구,전문의,2018,336
인천,연수구,전문의,2019,346
인천,연수구,전문의,2020,374
인천,연수구,전문의,2021,400
인천,연수구,전문의,2022,435
인천,연수구,전문의,2023,482
인천,연수구,전문의,2024,502
인천,연수구,전문의,2025,518
인천,옹진군,total,2007,20
인천,옹진군,total,2008,18
인천,옹진군,total,2009,18
인천,옹진군,total,2010,29
인천,옹진군,total,2011,22
인천,옹진군,total,2012,23
인천,옹진군,total,2013,25
인천,옹진군,total,2014,25
인천,옹진군,total,2015,26
인천,옹진군,total,2016,24
인천,옹진군,total,2017,30
인천,옹진군,total,2018,40
인천,옹진군,total,2019,35
인천,옹진군,total,2020,34
인천,옹진군,total,2021,35
인천,옹진군,total,2022,36
인천,옹진군,total,2023,36
인천,옹진군,total,2024,37
인천,옹진군,total,2025,39
인천,옹진군,레지던트,2007,0
인천,옹진군,레지던트,2008,0
인천,옹진군,레지던트,2009,0
인천,옹진군,레지던트,2010,0
인천,옹진군,레지던트,2011,0
인천,옹진군,레지던트,2012,0
인천,옹진군,레지던트,2013,0
인천,옹진군,레지던트,2014,0
인천,옹진군,레지던트,2015,0
인천,옹진군,레지던트,2016,0
인천,옹진군,레지던트,2017,0
인천,옹진군,레지던트,2018,0
인천,옹진군,레지던트,2019,0
인천,옹진군,레지던트,2020,0
인천,옹진군,레지던트,2021,0
인천,옹진군,레지던트,2022,0
인천,옹진군,레지던트,2023,0
인천,옹진군,레지던트,2024,0
인천,옹진군,레지던트,2025,0
인천,옹진군,인턴,2007,0
인천,옹진군,인턴,2008,0
인천,옹진군,인턴,2009,0
인천,옹진군,인턴,2010,0
인천,옹진군,인턴,2011,0
인천,옹진군,인턴,2012,0
인천,옹진군,인턴,2013,0
인천,옹진군,인턴,2014,0
인천,옹진군,인턴,2015,0
인천,옹진군,인턴,2016,0
인천,옹진군,인턴,2017,0
인천,옹진군,인턴,2018,0
인천,옹진군,인턴,2019,1
인천,옹진군,인턴,2020,0
인천,옹진군,인턴,2021,3
인천,옹진군,인턴,2022,3
인천,옹진군,인턴,2023,7
인천,옹진군,인턴,2024,1
인천,옹진군,인턴,2025,0
인천,옹진군,일반의,2007,9
인천,옹진군,일반의,2008,12
인천,옹진군,일반의,2009,12
인천,옹진군,일반의,2010,16
인천,옹진군,일반의,2011,10
인천,옹진군,일반의,2012,9
인천,옹진군,일반의,2013,10
인천,옹진군,일반의,2014,7
인천,옹진군,일반의,2015,9
인천,옹진군,일반의,2016,7
인천,옹진군,일반의,2017,6
인천,옹진군,일반의,2018,8
인천,옹진군,일반의,2019,15
인천,옹진군,일반의,2020,12
인천,옹진군,일반의,2021,9
인천,옹진군,일반의,2022,11
인천,옹진군,일반의,2023,8
인천,옹진군,일반의,2024,12
인천,옹진군,일반의,2025,18
인천,옹진군,전문의,2007,11
인천,옹진군,전문의,2008,6
인천,옹진군,전문의,2009,6
인천,옹진군,전문의,2010,13
인천,옹진군,전문의,2011,12
인천,옹진군,전문의,2012,14
인천,옹진군,전문의,2013,15
인천,옹진군,전문의,2014,18
인천,옹진군,전문의,2015,17
인천,옹진군,전문의,2016,17
인천,옹진군,전문의,2017,24
인천,옹진군,전문의,2018,32
인천,옹진군,전문의,2019,19
인천,옹진군,전문의,2020,22
인천,옹진군,전문의,2021,23
인천,옹진군,전문의,2022,22
인천,옹진군,전문의,2023,21
인천,옹진군,전문의,2024,24
인천,옹진군,전문의,2025,21
인천,중구,total,2007,516
인천,중구,total,2008,521
인천,중구,total,2009,392
인천,중구,total,2010,435
인천,중구,total,2011,499
인천,중구,total,2012,509
인천,중구,total,2013,515
인천,중구,total,2014,513
인천,중구,total,2015,524
인천,중구,total,2016,513
인천,중구,total,2017,507
인천,중구,total,2018,523
인천,중구,total,2019,528
인천,중구,total,2020,552
인천,중구,total,2021,516
인천,중구,total,2022,520
인천,중구,total,2023,562
인천,중구,total,2024,535
인천,중구,total,2025,439
인천,중구,레지던트,2007,207
인천,중구,레지던트,2008,204
인천,중구,레지던트,2009,141
인천,중구,레지던트,2010,181
인천,중구,레지던트,2011,190
인천,중구,레지던트,2012,188
인천,중구,레지던트,2013,183
인천,중구,레지던트,2014,185
인천,중구,레지던트,2015,178
인천,중구,레지던트,2016,173
인천,중구,레지던트,2017,170
인천,중구,레지던트,2018,158
인천,중구,레지던트,2019,155
인천,중구,레지던트,2020,146
인천,중구,레지던트,2021,131
인천,중구,레지던트,2022,125
인천,중구,레지던트,2023,123
인천,중구,레지던트,2024,90
인천,중구,레지던트,2025,25
인천,중구,인턴,2007,51
인천,중구,인턴,2008,44
인천,중구,인턴,2009,5
인천,중구,인턴,2010,4
인천,중구,인턴,2011,37
인천,중구,인턴,2012,39
인천,중구,인턴,2013,40
인천,중구,인턴,2014,42
인천,중구,인턴,2015,38
인천,중구,인턴,2016,36
인천,중구,인턴,2017,32
인천,중구,인턴,2018,37
인천,중구,인턴,2019,39
인천,중구,인턴,2020,35
인천,중구,인턴,2021,34
인천,중구,인턴,2022,38
인천,중구,인턴,2023,39
인천,중구,인턴,2024,37
인천,중구,인턴,2025,2
인천,중구,일반의,2007,14
인천,중구,일반의,2008,14
인천,중구,일반의,2009,10
인천,중구,일반의,2010,13
인천,중구,일반의,2011,11
인천,중구,일반의,2012,8
인천,중구,일반의,2013,12
인천,중구,일반의,2014,9
인천,중구,일반의,2015,9
인천,중구,일반의,2016,11
인천,중구,일반의,2017,14
인천,중구,일반의,2018,13
인천,중구,일반의,2019,5
인천,중구,일반의,2020,7
인천,중구,일반의,2021,9
인천,중구,일반의,2022,11
인천,중구,일반의,2023,10
인천,중구,일반의,2024,14
인천,중구,일반의,2025,19
인천,중구,전문의,2007,244
인천,중구,전문의,2008,259
인천,중구,전문의,2009,236
인천,중구,전문의,2010,237
인천,중구,전문의,2011,261
인천,중구,전문의,2012,274
인천,중구,전문의,2013,280
인천,중구,전문의,2014,277
인천,중구,전문의,2015,299
인천,중구,전문의,2016,293
인천,중구,전문의,2017,291
인천,중구,전문의,2018,315
인천,중구,전문의,2019,329
인천,중구,전문의,2020,364
인천,중구,전문의,2021,342
인천,중구,전문의,2022,346
인천,중구,전문의,2023,390
인천,중구,전문의,2024,394
인천,중구,전문의,2025,393
전남,강진군,total,2007,49
전남,강진군,total,2008,48
전남,강진군,total,2009,44
전남,강진군,total,2010,47
전남,강진군,total,2011,48
전남,강진군,total,2012,50
전남,강진군,total,2013,54
전남,강진군,total,2014,54
전남,강진군,total,2015,55
전남,강진군,total,2016,57
전남,강진군,total,2017,63
전남,강진군,total,2018,61
전남,강진군,total,2019,56
전남,강진군,total,2020,55
전남,강진군,total,2021,57
전남,강진군,total,2022,60
전남,강진군,total,2023,47
전남,강진군,total,2024,49
전남,강진군,total,2025,50
전남,강진군,레지던트,2007,0
전남,강진군,레지던트,2008,0
전남,강진군,레지던트,2009,0
전남,강진군,레지던트,2010,0
전남,강진군,레지던트,2011,0
전남,강진군,레지던트,2012,0
전남,강진군,레지던트,2013,0
전남,강진군,레지던트,2014,0
전남,강진군,레지던트,2015,0
전남,강진군,레지던트,2016,0
전남,강진군,레지던트,2017,0
전남,강진군,레지던트,2018,0
전남,강진군,레지던트,2019,0
전남,강진군,레지던트,2020,0
전남,강진군,레지던트,2021,0
전남,강진군,레지던트,2022,0
전남,강진군,레지던트,2023,0
전남,강진군,레지던트,2024,0
전남,강진군,레지던트,2025,0
전남,강진군,인턴,2007,0
전남,강진군,인턴,2008,0
전남,강진군,인턴,2009,0
전남,강진군,인턴,2010,1
전남,강진군,인턴,2011,0
전남,강진군,인턴,2012,0
전남,강진군,인턴,2013,0
전남,강진군,인턴,2014,0
전남,강진군,인턴,2015,0
전남,강진군,인턴,2016,0
전남,강진군,인턴,2017,0
전남,강진군,인턴,2018,0
전남,강진군,인턴,2019,0
전남,강진군,인턴,2020,0
전남,강진군,인턴,2021,0
전남,강진군,인턴,2022,0
전남,강진군,인턴,2023,0
전남,강진군,인턴,2024,0
전남,강진군,인턴,2025,0
전남,강진군,일반의,2007,16
전남,강진군,일반의,2008,15
전남,강진군,일반의,2009,17
전남,강진군,일반의,2010,17
전남,강진군,일반의,2011,20
전남,강진군,일반의,2012,19
전남,강진군,일반의,2013,19
전남,강진군,일반의,2014,16
전남,강진군,일반의,2015,16
전남,강진군,일반의,2016,16
전남,강진군,일반의,2017,13
전남,강진군,일반의,2018,15
전남,강진군,일반의,2019,17
전남,강진군,일반의,2020,17
전남,강진군,일반의,2021,19
전남,강진군,일반의,2022,21
전남,강진군,일반의,2023,14
전남,강진군,일반의,2024,15
전남,강진군,일반의,2025,17
전남,강진군,전문의,2007,33
전남,강진군,전문의,2008,33
전남,강진군,전문의,2009,27
전남,강진군,전문의,2010,29
전남,강진군,전문의,2011,28
전남,강진군,전문의,2012,31
전남,강진군,전문의,2013,35
전남,강진군,전문의,2014,38
전남,강진군,전문의,2015,39
전남,강진군,전문의,2016,41
전남,강진군,전문의,2017,50
전남,강진군,전문의,2018,46
전남,강진군,전문의,2019,39
전남,강진군,전문의,2020,38
전남,강진군,전문의,2021,38
전남,강진군,전문의,2022,39
전남,강진군,전문의,2023,33
전남,강진군,전문의,2024,34
전남,강진군,전문의,2025,33
전남,고흥군,total,2007,89
전남,고흥군,total,2008,93
전남,고흥군,total,2009,95
전남,고흥군,total,2010,96
전남,고흥군,total,2011,97
전남,고흥군,total,2012,96
전남,고흥군,total,2013,90
전남,고흥군,total,2014,97
전남,고흥군,total,2015,98
전남,고흥군,total,2016,96
전남,고흥군,total,2017,98
전남,고흥군,total,2018,100
전남,고흥군,total,2019,93
전남,고흥군,total,2020,91
전남,고흥군,total,2021,91
전남,고흥군,total,2022,92
전남,고흥군,total,2023,80
전남,고흥군,total,2024,80
전남,고흥군,total,2025,78
전남,고흥군,레지던트,2007,0
전남,고흥군,레지던트,2008,0
전남,고흥군,레지던트,2009,0
전남,고흥군,레지던트,2010,0
전남,고흥군,레지던트,2011,0
전남,고흥군,레지던트,2012,0
전남,고흥군,레지던트,2013,0
전남,고흥군,레지던트,2014,0
전남,고흥군,레지던트,2015,0
전남,고흥군,레지던트,2016,0
전남,고흥군,레지던트,2017,0
전남,고흥군,레지던트,2018,0
전남,고흥군,레지던트,2019,0
전남,고흥군,레지던트,2020,0
전남,고흥군,레지던트,2021,0
전남,고흥군,레지던트,2022,0
전남,고흥군,레지던트,2023,0
전남,고흥군,레지던트,2024,0
전남,고흥군,레지던트,2025,0
전남,고흥군,인턴,2007,2
전남,고흥군,인턴,2008,1
전남,고흥군,인턴,2009,0
전남,고흥군,인턴,2010,0
전남,고흥군,인턴,2011,0
전남,고흥군,인턴,2012,0
전남,고흥군,인턴,2013,0
전남,고흥군,인턴,2014,0
전남,고흥군,인턴,2015,0
전남,고흥군,인턴,2016,0
전남,고흥군,인턴,2017,0
전남,고흥군,인턴,2018,0
전남,고흥군,인턴,2019,0
전남,고흥군,인턴,2020,1
전남,고흥군,인턴,2021,1
전남,고흥군,인턴,2022,0
전남,고흥군,인턴,2023,0
전남,고흥군,인턴,2024,0
전남,고흥군,인턴,2025,1
전남,고흥군,일반의,2007,24
전남,고흥군,일반의,2008,25
전남,고흥군,일반의,2009,24
전남,고흥군,일반의,2010,28
전남,고흥군,일반의,2011,27
전남,고흥군,일반의,2012,24
전남,고흥군,일반의,2013,21
전남,고흥군,일반의,2014,25
전남,고흥군,일반의,2015,25
전남,고흥군,일반의,2016,24
전남,고흥군,일반의,2017,25
전남,고흥군,일반의,2018,23
전남,고흥군,일반의,2019,24
전남,고흥군,일반의,2020,25
전남,고흥군,일반의,2021,26
전남,고흥군,일반의,2022,26
전남,고흥군,일반의,2023,17
전남,고흥군,일반의,2024,21
전남,고흥군,일반의,2025,19
전남,고흥군,전문의,2007,63
전남,고흥군,전문의,2008,67
전남,고흥군,전문의,2009,71
전남,고흥군,전문의,2010,68
전남,고흥군,전문의,2011,70
전남,고흥군,전문의,2012,72
전남,고흥군,전문의,2013,69
전남,고흥군,전문의,2014,72
전남,고흥군,전문의,2015,73
전남,고흥군,전문의,2016,72
전남,고흥군,전문의,2017,73
전남,고흥군,전문의,2018,77
전남,고흥군,전문의,2019,69
전남,고흥군,전문의,2020,65
전남,고흥군,전문의,2021,64
전남,고흥군,전문의,2022,66
전남,고흥군,전문의,2023,63
전남,고흥군,전문의,2024,59
전남,고흥군,전문의,2025,58
전남,곡성군,total,2007,38
전남,곡성군,total,2008,34
전남,곡성군,total,2009,34
전남,곡성군,total,2010,37
전남,곡성군,total,2011,39
전남,곡성군,total,2012,38
전남,곡성군,total,2013,37
전남,곡성군,total,2014,40
전남,곡성군,total,2015,38
전남,곡성군,total,2016,38
전남,곡성군,total,2017,39
전남,곡성군,total,2018,38
전남,곡성군,total,2019,38
전남,곡성군,total,2020,39
전남,곡성군,total,2021,38
전남,곡성군,total,2022,39
전남,곡성군,total,2023,36
전남,곡성군,total,2024,36
전남,곡성군,total,2025,34
전남,곡성군,레지던트,2007,0
전남,곡성군,레지던트,2008,0
전남,곡성군,레지던트,2009,0
전남,곡성군,레지던트,2010,0
전남,곡성군,레지던트,2011,0
전남,곡성군,레지던트,2012,0
전남,곡성군,레지던트,2013,0
전남,곡성군,레지던트,2014,0
전남,곡성군,레지던트,2015,0
전남,곡성군,레지던트,2016,0
전남,곡성군,레지던트,2017,0
전남,곡성군,레지던트,2018,0
전남,곡성군,레지던트,2019,0
전남,곡성군,레지던트,2020,0
전남,곡성군,레지던트,2021,0
전남,곡성군,레지던트,2022,0
전남,곡성군,레지던트,2023,0
전남,곡성군,레지던트,2024,0
전남,곡성군,레지던트,2025,0
전남,곡성군,인턴,2007,0
전남,곡성군,인턴,2008,0
전남,곡성군,인턴,2009,0
전남,곡성군,인턴,2010,0
전남,곡성군,인턴,2011,0
전남,곡성군,인턴,2012,0
전남,곡성군,인턴,2013,0
전남,곡성군,인턴,2014,0
전남,곡성군,인턴,2015,0
전남,곡성군,인턴,2016,0
전남,곡성군,인턴,2017,0
전남,곡성군,인턴,2018,0
전남,곡성군,인턴,2019,0
전남,곡성군,인턴,2020,0
전남,곡성군,인턴,2021,0
전남,곡성군,인턴,2022,0
전남,곡성군,인턴,2023,0
전남,곡성군,인턴,2024,0
전남,곡성군,인턴,2025,0
전남,곡성군,일반의,2007,15
전남,곡성군,일반의,2008,10
전남,곡성군,일반의,2009,10
전남,곡성군,일반의,2010,14
전남,곡성군,일반의,2011,15
전남,곡성군,일반의,2012,14
전남,곡성군,일반의,2013,8
전남,곡성군,일반의,2014,8
전남,곡성군,일반의,2015,7
전남,곡성군,일반의,2016,7
전남,곡성군,일반의,2017,9
전남,곡성군,일반의,2018,10
전남,곡성군,일반의,2019,13
전남,곡성군,일반의,2020,15
전남,곡성군,일반의,2021,15
전남,곡성군,일반의,2022,15
전남,곡성군,일반의,2023,13
전남,곡성군,일반의,2024,11
전남,곡성군,일반의,2025,8
전남,곡성군,전문의,2007,23
전남,곡성군,전문의,2008,24
전남,곡성군,전문의,2009,24
전남,곡성군,전문의,2010,23
전남,곡성군,전문의,2011,24
전남,곡성군,전문의,2012,24
전남,곡성군,전문의,2013,29
전남,곡성군,전문의,2014,32
전남,곡성군,전문의,2015,31
전남,곡성군,전문의,2016,31
전남,곡성군,전문의,2017,30
전남,곡성군,전문의,2018,28
전남,곡성군,전문의,2019,25
전남,곡성군,전문의,2020,24
전남,곡성군,전문의,2021,23
전남,곡성군,전문의,2022,24
전남,곡성군,전문의,2023,23
전남,곡성군,전문의,2024,25
전남,곡성군,전문의,2025,26
전남,광양시,total,2007,83
전남,광양시,total,2008,93
전남,광양시,total,2009,89
전남,광양시,total,2010,88
전남,광양시,total,2011,94
전남,광양시,total,2012,99
전남,광양시,total,2013,116
전남,광양시,total,2014,118
전남,광양시,total,2015,122
전남,광양시,total,2016,123
전남,광양시,total,2017,124
전남,광양시,total,2018,125
전남,광양시,total,2019,121
전남,광양시,total,2020,135
전남,광양시,total,2021,130
전남,광양시,total,2022,132
전남,광양시,total,2023,129
전남,광양시,total,2024,127
전남,광양시,total,2025,142
전남,광양시,레지던트,2007,0
전남,광양시,레지던트,2008,0
전남,광양시,레지던트,2009,0
전남,광양시,레지던트,2010,0
전남,광양시,레지던트,2011,0
전남,광양시,레지던트,2012,0
전남,광양시,레지던트,2013,0
전남,광양시,레지던트,2014,0
전남,광양시,레지던트,2015,0
전남,광양시,레지던트,2016,0
전남,광양시,레지던트,2017,0
전남,광양시,레지던트,2018,0
전남,광양시,레지던트,2019,0
전남,광양시,레지던트,2020,0
전남,광양시,레지던트,2021,0
전남,광양시,레지던트,2022,0
전남,광양시,레지던트,2023,0
전남,광양시,레지던트,2024,0
전남,광양시,레지던트,2025,0
전남,광양시,인턴,2007,0
전남,광양시,인턴,2008,0
전남,광양시,인턴,2009,0
전남,광양시,인턴,2010,0
전남,광양시,인턴,2011,0
전남,광양시,인턴,2012,0
전남,광양시,인턴,2013,0
전남,광양시,인턴,2014,0
전남,광양시,인턴,2015,0
전남,광양시,인턴,2016,0
전남,광양시,인턴,2017,0
전남,광양시,인턴,2018,0
전남,광양시,인턴,2019,0
전남,광양시,인턴,2020,0
전남,광양시,인턴,2021,0
전남,광양시,인턴,2022,0
전남,광양시,인턴,2023,0
전남,광양시,인턴,2024,1
전남,광양시,인턴,2025,0
전남,광양시,일반의,2007,15
전남,광양시,일반의,2008,15
전남,광양시,일반의,2009,14
전남,광양시,일반의,2010,14
전남,광양시,일반의,2011,13
전남,광양시,일반의,2012,10
전남,광양시,일반의,2013,9
전남,광양시,일반의,2014,11
전남,광양시,일반의,2015,8
전남,광양시,일반의,2016,7
전남,광양시,일반의,2017,9
전남,광양시,일반의,2018,10
전남,광양시,일반의,2019,11
전남,광양시,일반의,2020,12
전남,광양시,일반의,2021,11
전남,광양시,일반의,2022,12
전남,광양시,일반의,2023,9
전남,광양시,일반의,2024,9
전남,광양시,일반의,2025,25
전남,광양시,전문의,2007,68
전남,광양시,전문의,2008,78
전남,광양시,전문의,2009,75
전남,광양시,전문의,2010,74
전남,광양시,전문의,2011,81
전남,광양시,전문의,2012,89
전남,광양시,전문의,2013,107
전남,광양시,전문의,2014,107
전남,광양시,전문의,2015,114
전남,광양시,전문의,2016,116
전남,광양시,전문의,2017,115
전남,광양시,전문의,2018,115
전남,광양시,전문의,2019,110
전남,광양시,전문의,2020,123
전남,광양시,전문의,2021,119
전남,광양시,전문의,2022,120
전남,광양시,전문의,2023,120
전남,광양시,전문의,2024,117
전남,광양시,전문의,2025,117
전남,구례군,total,2007,29
전남,구례군,total,2008,27
전남,구례군,total,2009,28
전남,구례군,total,2010,34
전남,구례군,total,2011,33
전남,구례군,total,2012,36
전남,구례군,total,2013,35
전남,구례군,total,2014,37
전남,구례군,total,2015,36
전남,구례군,total,2016,38
전남,구례군,total,2017,38
전남,구례군,total,2018,39
전남,구례군,total,2019,39
전남,구례군,total,2020,38
전남,구례군,total,2021,40
전남,구례군,total,2022,38
전남,구례군,total,2023,32
전남,구례군,total,2024,30
전남,구례군,total,2025,30
전남,구례군,레지던트,2007,0
전남,구례군,레지던트,2008,0
전남,구례군,레지던트,2009,0
전남,구례군,레지던트,2010,0
전남,구례군,레지던트,2011,0
전남,구례군,레지던트,2012,0
전남,구례군,레지던트,2013,0
전남,구례군,레지던트,2014,0
전남,구례군,레지던트,2015,0
전남,구례군,레지던트,2016,0
전남,구례군,레지던트,2017,0
전남,구례군,레지던트,2018,0
전남,구례군,레지던트,2019,0
전남,구례군,레지던트,2020,0
전남,구례군,레지던트,2021,0
전남,구례군,레지던트,2022,0
전남,구례군,레지던트,2023,0
전남,구례군,레지던트,2024,0
전남,구례군,레지던트,2025,0
전남,구례군,인턴,2007,0
전남,구례군,인턴,2008,0
전남,구례군,인턴,2009,0
전남,구례군,인턴,2010,0
전남,구례군,인턴,2011,0
전남,구례군,인턴,2012,0
전남,구례군,인턴,2013,0
전남,구례군,인턴,2014,0
전남,구례군,인턴,2015,0
전남,구례군,인턴,2016,0
전남,구례군,인턴,2017,0
전남,구례군,인턴,2018,0
전남,구례군,인턴,2019,1
전남,구례군,인턴,2020,1
전남,구례군,인턴,2021,0
전남,구례군,인턴,2022,0
전남,구례군,인턴,2023,0
전남,구례군,인턴,2024,1
전남,구례군,인턴,2025,0
전남,구례군,일반의,2007,8
전남,구례군,일반의,2008,8
전남,구례군,일반의,2009,5
전남,구례군,일반의,2010,8
전남,구례군,일반의,2011,10
전남,구례군,일반의,2012,8
전남,구례군,일반의,2013,6
전남,구례군,일반의,2014,8
전남,구례군,일반의,2015,9
전남,구례군,일반의,2016,8
전남,구례군,일반의,2017,6
전남,구례군,일반의,2018,8
전남,구례군,일반의,2019,9
전남,구례군,일반의,2020,11
전남,구례군,일반의,2021,11
전남,구례군,일반의,2022,9
전남,구례군,일반의,2023,5
전남,구례군,일반의,2024,4
전남,구례군,일반의,2025,7
전남,구례군,전문의,2007,21
전남,구례군,전문의,2008,19
전남,구례군,전문의,2009,23
전남,구례군,전문의,2010,26
전남,구례군,전문의,2011,23
전남,구례군,전문의,2012,28
전남,구례군,전문의,2013,29
전남,구례군,전문의,2014,29
전남,구례군,전문의,2015,27
전남,구례군,전문의,2016,30
전남,구례군,전문의,2017,32
전남,구례군,전문의,2018,31
전남,구례군,전문의,2019,29
전남,구례군,전문의,2020,26
전남,구례군,전문의,2021,29
전남,구례군,전문의,2022,29
전남,구례군,전문의,2023,27
전남,구례군,전문의,2024,25
전남,구례군,전문의,2025,23
전남,나주시,total,2007,133
전남,나주시,total,2008,138
전남,나주시,total,2009,145
전남,나주시,total,2010,144
전남,나주시,total,2011,156
전남,나주시,total,2012,165
전남,나주시,total,2013,174
전남,나주시,total,2014,177
전남,나주시,total,2015,177
전남,나주시,total,2016,187
전남,나주시,total,2017,192
전남,나주시,total,2018,200
전남,나주시,total,2019,197
전남,나주시,total,2020,193
전남,나주시,total,2021,210
전남,나주시,total,2022,212
전남,나주시,total,2023,210
전남,나주시,total,2024,207
전남,나주시,total,2025,207
전남,나주시,레지던트,2007,0
전남,나주시,레지던트,2008,0
전남,나주시,레지던트,2009,11
전남,나주시,레지던트,2010,12
전남,나주시,레지던트,2011,12
전남,나주시,레지던트,2012,14
전남,나주시,레지던트,2013,14
전남,나주시,레지던트,2014,11
전남,나주시,레지던트,2015,12
전남,나주시,레지던트,2016,11
전남,나주시,레지던트,2017,12
전남,나주시,레지던트,2018,10
전남,나주시,레지던트,2019,10
전남,나주시,레지던트,2020,9
전남,나주시,레지던트,2021,10
전남,나주시,레지던트,2022,10
전남,나주시,레지던트,2023,14
전남,나주시,레지던트,2024,13
전남,나주시,레지던트,2025,11
전남,나주시,인턴,2007,1
전남,나주시,인턴,2008,2
전남,나주시,인턴,2009,0
전남,나주시,인턴,2010,0
전남,나주시,인턴,2011,0
전남,나주시,인턴,2012,0
전남,나주시,인턴,2013,0
전남,나주시,인턴,2014,0
전남,나주시,인턴,2015,0
전남,나주시,인턴,2016,0
전남,나주시,인턴,2017,0
전남,나주시,인턴,2018,0
전남,나주시,인턴,2019,0
전남,나주시,인턴,2020,0
전남,나주시,인턴,2021,0
전남,나주시,인턴,2022,0
전남,나주시,인턴,2023,2
전남,나주시,인턴,2024,0
전남,나주시,인턴,2025,0
전남,나주시,일반의,2007,28
전남,나주시,일반의,2008,31
전남,나주시,일반의,2009,25
전남,나주시,일반의,2010,22
전남,나주시,일반의,2011,22
전남,나주시,일반의,2012,21
전남,나주시,일반의,2013,18
전남,나주시,일반의,2014,17
전남,나주시,일반의,2015,17
전남,나주시,일반의,2016,21
전남,나주시,일반의,2017,21
전남,나주시,일반의,2018,22
전남,나주시,일반의,2019,23
전남,나주시,일반의,2020,24
전남,나주시,일반의,2021,24
전남,나주시,일반의,2022,25
전남,나주시,일반의,2023,21
전남,나주시,일반의,2024,21
전남,나주시,일반의,2025,24
전남,나주시,전문의,2007,104
전남,나주시,전문의,2008,105
전남,나주시,전문의,2009,109
전남,나주시,전문의,2010,110
전남,나주시,전문의,2011,122
전남,나주시,전문의,2012,130
전남,나주시,전문의,2013,142
전남,나주시,전문의,2014,149
전남,나주시,전문의,2015,148
전남,나주시,전문의,2016,155
전남,나주시,전문의,2017,159
전남,나주시,전문의,2018,168
전남,나주시,전문의,2019,164
전남,나주시,전문의,2020,160
전남,나주시,전문의,2021,176
전남,나주시,전문의,2022,177
전남,나주시,전문의,2023,173
전남,나주시,전문의,2024,173
전남,나주시,전문의,2025,172
전남,담양군,total,2007,62
전남,담양군,total,2008,63
전남,담양군,total,2009,72
전남,담양군,total,2010,74
전남,담양군,total,2011,74
전남,담양군,total,2012,68
전남,담양군,total,2013,69
전남,담양군,total,2014,71
전남,담양군,total,2015,73
전남,담양군,total,2016,68
전남,담양군,total,2017,65
전남,담양군,total,2018,70
전남,담양군,total,2019,65
전남,담양군,total,2020,68
전남,담양군,total,2021,66
전남,담양군,total,2022,70
전남,담양군,total,2023,62
전남,담양군,total,2024,64
전남,담양군,total,2025,66
전남,담양군,레지던트,2007,0
전남,담양군,레지던트,2008,0
전남,담양군,레지던트,2009,0
전남,담양군,레지던트,2010,0
전남,담양군,레지던트,2011,0
전남,담양군,레지던트,2012,0
전남,담양군,레지던트,2013,0
전남,담양군,레지던트,2014,0
전남,담양군,레지던트,2015,0
전남,담양군,레지던트,2016,0
전남,담양군,레지던트,2017,0
전남,담양군,레지던트,2018,0
전남,담양군,레지던트,2019,0
전남,담양군,레지던트,2020,0
전남,담양군,레지던트,2021,0
전남,담양군,레지던트,2022,0
전남,담양군,레지던트,2023,0
전남,담양군,레지던트,2024,0
전남,담양군,레지던트,2025,0
전남,담양군,인턴,2007,0
전남,담양군,인턴,2008,0
전남,담양군,인턴,2009,0
전남,담양군,인턴,2010,0
전남,담양군,인턴,2011,0
전남,담양군,인턴,2012,0
전남,담양군,인턴,2013,0
전남,담양군,인턴,2014,0
전남,담양군,인턴,2015,0
전남,담양군,인턴,2016,0
전남,담양군,인턴,2017,0
전남,담양군,인턴,2018,0
전남,담양군,인턴,2019,0
전남,담양군,인턴,2020,1
전남,담양군,인턴,2021,0
전남,담양군,인턴,2022,0
전남,담양군,인턴,2023,0
전남,담양군,인턴,2024,0
전남,담양군,인턴,2025,0
전남,담양군,일반의,2007,15
전남,담양군,일반의,2008,12
전남,담양군,일반의,2009,15
전남,담양군,일반의,2010,20
전남,담양군,일반의,2011,21
전남,담양군,일반의,2012,14
전남,담양군,일반의,2013,17
전남,담양군,일반의,2014,13
전남,담양군,일반의,2015,14
전남,담양군,일반의,2016,14
전남,담양군,일반의,2017,14
전남,담양군,일반의,2018,16
전남,담양군,일반의,2019,16
전남,담양군,일반의,2020,15
전남,담양군,일반의,2021,15
전남,담양군,일반의,2022,17
전남,담양군,일반의,2023,15
전남,담양군,일반의,2024,13
전남,담양군,일반의,2025,16
전남,담양군,전문의,2007,47
전남,담양군,전문의,2008,51
전남,담양군,전문의,2009,57
전남,담양군,전문의,2010,54
전남,담양군,전문의,2011,53
전남,담양군,전문의,2012,54
전남,담양군,전문의,2013,52
전남,담양군,전문의,2014,58
전남,담양군,전문의,2015,59
전남,담양군,전문의,2016,54
전남,담양군,전문의,2017,51
전남,담양군,전문의,2018,54
전남,담양군,전문의,2019,49
전남,담양군,전문의,2020,52
전남,담양군,전문의,2021,51
전남,담양군,전문의,2022,53
전남,담양군,전문의,2023,47
전남,담양군,전문의,2024,51
전남,담양군,전문의,2025,50
전남,목포시,total,2007,349
전남,목포시,total,2008,358
전남,목포시,total,2009,408
전남,목포시,total,2010,421
전남,목포시,total,2011,445
전남,목포시,total,2012,443
전남,목포시,total,2013,445
전남,목포시,total,2014,450
전남,목포시,total,2015,469
전남,목포시,total,2016,465
전남,목포시,total,2017,481
전남,목포시,total,2018,480
전남,목포시,total,2019,487
전남,목포시,total,2020,493
전남,목포시,total,2021,488
전남,목포시,total,2022,485
전남,목포시,total,2023,487
전남,목포시,total,2024,496
전남,목포시,total,2025,527
전남,목포시,레지던트,2007,0
전남,목포시,레지던트,2008,0
전남,목포시,레지던트,2009,2
전남,목포시,레지던트,2010,2
전남,목포시,레지던트,2011,3
전남,목포시,레지던트,2012,4
전남,목포시,레지던트,2013,3
전남,목포시,레지던트,2014,4
전남,목포시,레지던트,2015,2
전남,목포시,레지던트,2016,0
전남,목포시,레지던트,2017,0
전남,목포시,레지던트,2018,0
전남,목포시,레지던트,2019,0
전남,목포시,레지던트,2020,0
전남,목포시,레지던트,2021,0
전남,목포시,레지던트,2022,0
전남,목포시,레지던트,2023,0
전남,목포시,레지던트,2024,0
전남,목포시,레지던트,2025,1
전남,목포시,인턴,2007,4
전남,목포시,인턴,2008,1
전남,목포시,인턴,2009,1
전남,목포시,인턴,2010,1
전남,목포시,인턴,2011,1
전남,목포시,인턴,2012,1
전남,목포시,인턴,2013,0
전남,목포시,인턴,2014,1
전남,목포시,인턴,2015,0
전남,목포시,인턴,2016,0
전남,목포시,인턴,2017,0
전남,목포시,인턴,2018,0
전남,목포시,인턴,2019,2
전남,목포시,인턴,2020,3
전남,목포시,인턴,2021,3
전남,목포시,인턴,2022,1
전남,목포시,인턴,2023,1
전남,목포시,인턴,2024,0
전남,목포시,인턴,2025,0
전남,목포시,일반의,2007,27
전남,목포시,일반의,2008,32
전남,목포시,일반의,2009,26
전남,목포시,일반의,2010,28
전남,목포시,일반의,2011,24
전남,목포시,일반의,2012,17
전남,목포시,일반의,2013,17
전남,목포시,일반의,2014,18
전남,목포시,일반의,2015,21
전남,목포시,일반의,2016,16
전남,목포시,일반의,2017,20
전남,목포시,일반의,2018,21
전남,목포시,일반의,2019,22
전남,목포시,일반의,2020,20
전남,목포시,일반의,2021,20
전남,목포시,일반의,2022,23
전남,목포시,일반의,2023,24
전남,목포시,일반의,2024,25
전남,목포시,일반의,2025,53
전남,목포시,전문의,2007,318
전남,목포시,전문의,2008,325
전남,목포시,전문의,2009,379
전남,목포시,전문의,2010,390
전남,목포시,전문의,2011,417
전남,목포시,전문의,2012,421
전남,목포시,전문의,2013,425
전남,목포시,전문의,2014,427
전남,목포시,전문의,2015,446
전남,목포시,전문의,2016,449
전남,목포시,전문의,2017,461
전남,목포시,전문의,2018,459
전남,목포시,전문의,2019,463
전남,목포시,전문의,2020,470
전남,목포시,전문의,2021,465
전남,목포시,전문의,2022,461
전남,목포시,전문의,2023,462
전남,목포시,전문의,2024,471
전남,목포시,전문의,2025,473
전남,무안군,total,2007,62
전남,무안군,total,2008,61
전남,무안군,total,2009,62
전남,무안군,total,2010,62
전남,무안군,total,2011,63
전남,무안군,total,2012,65
전남,무안군,total,2013,73
전남,무안군,total,2014,83
전남,무안군,total,2015,83
전남,무안군,total,2016,88
전남,무안군,total,2017,89
전남,무안군,total,2018,98
전남,무안군,total,2019,102
전남,무안군,total,2020,108
전남,무안군,total,2021,106
전남,무안군,total,2022,113
전남,무안군,total,2023,115
전남,무안군,total,2024,112
전남,무안군,total,2025,113
전남,무안군,레지던트,2007,0
전남,무안군,레지던트,2008,0
전남,무안군,레지던트,2009,0
전남,무안군,레지던트,2010,0
전남,무안군,레지던트,2011,0
전남,무안군,레지던트,2012,0
전남,무안군,레지던트,2013,0
전남,무안군,레지던트,2014,0
전남,무안군,레지던트,2015,0
전남,무안군,레지던트,2016,0
전남,무안군,레지던트,2017,0
전남,무안군,레지던트,2018,0
전남,무안군,레지던트,2019,0
전남,무안군,레지던트,2020,0
전남,무안군,레지던트,2021,0
전남,무안군,레지던트,2022,0
전남,무안군,레지던트,2023,0
전남,무안군,레지던트,2024,0
전남,무안군,레지던트,2025,0
전남,무안군,인턴,2007,0
전남,무안군,인턴,2008,0
전남,무안군,인턴,2009,0
전남,무안군,인턴,2010,0
전남,무안군,인턴,2011,0
전남,무안군,인턴,2012,0
전남,무안군,인턴,2013,0
전남,무안군,인턴,2014,0
전남,무안군,인턴,2015,0
전남,무안군,인턴,2016,0
전남,무안군,인턴,2017,0
전남,무안군,인턴,2018,0
전남,무안군,인턴,2019,0
전남,무안군,인턴,2020,1
전남,무안군,인턴,2021,0
전남,무안군,인턴,2022,0
전남,무안군,인턴,2023,0
전남,무안군,인턴,2024,0
전남,무안군,인턴,2025,0
전남,무안군,일반의,2007,15
전남,무안군,일반의,2008,18
전남,무안군,일반의,2009,22
전남,무안군,일반의,2010,19
전남,무안군,일반의,2011,19
전남,무안군,일반의,2012,18
전남,무안군,일반의,2013,17
전남,무안군,일반의,2014,18
전남,무안군,일반의,2015,16
전남,무안군,일반의,2016,16
전남,무안군,일반의,2017,17
전남,무안군,일반의,2018,20
전남,무안군,일반의,2019,23
전남,무안군,일반의,2020,22
전남,무안군,일반의,2021,23
전남,무안군,일반의,2022,24
전남,무안군,일반의,2023,22
전남,무안군,일반의,2024,26
전남,무안군,일반의,2025,31
전남,무안군,전문의,2007,47
전남,무안군,전문의,2008,43
전남,무안군,전문의,2009,40
전남,무안군,전문의,2010,43
전남,무안군,전문의,2011,44
전남,무안군,전문의,2012,47
전남,무안군,전문의,2013,56
전남,무안군,전문의,2014,65
전남,무안군,전문의,2015,67
전남,무안군,전문의,2016,72
전남,무안군,전문의,2017,72
전남,무안군,전문의,2018,78
전남,무안군,전문의,2019,79
전남,무안군,전문의,2020,85
전남,무안군,전문의,2021,83
전남,무안군,전문의,2022,89
전남,무안군,전문의,2023,93
전남,무안군,전문의,2024,86
전남,무안군,전문의,2025,82
전남,보성군,total,2007,58
전남,보성군,total,2008,59
전남,보성군,total,2009,57
전남,보성군,total,2010,54
전남,보성군,total,2011,56
전남,보성군,total,2012,50
전남,보성군,total,2013,55
전남,보성군,total,2014,61
전남,보성군,total,2015,60
전남,보성군,total,2016,65
전남,보성군,total,2017,66
전남,보성군,total,2018,69
전남,보성군,total,2019,66
전남,보성군,total,2020,65
전남,보성군,total,2021,66
전남,보성군,total,2022,66
전남,보성군,total,2023,57
전남,보성군,total,2024,55
전남,보성군,total,2025,51
전남,보성군,레지던트,2007,0
전남,보성군,레지던트,2008,0
전남,보성군,레지던트,2009,0
전남,보성군,레지던트,2010,0
전남,보성군,레지던트,2011,0
전남,보성군,레지던트,2012,0
전남,보성군,레지던트,2013,0
전남,보성군,레지던트,2014,0
전남,보성군,레지던트,2015,0
전남,보성군,레지던트,2016,0
전남,보성군,레지던트,2017,0
전남,보성군,레지던트,2018,0
전남,보성군,레지던트,2019,0
전남,보성군,레지던트,2020,0
전남,보성군,레지던트,2021,0
전남,보성군,레지던트,2022,0
전남,보성군,레지던트,2023,0
전남,보성군,레지던트,2024,0
전남,보성군,레지던트,2025,0
전남,보성군,인턴,2007,0
전남,보성군,인턴,2008,0
전남,보성군,인턴,2009,0
전남,보성군,인턴,2010,0
전남,보성군,인턴,2011,0
전남,보성군,인턴,2012,0
전남,보성군,인턴,2013,0
전남,보성군,인턴,2014,0
전남,보성군,인턴,2015,0
전남,보성군,인턴,2016,0
전남,보성군,인턴,2017,0
전남,보성군,인턴,2018,0
전남,보성군,인턴,2019,0
전남,보성군,인턴,2020,1
전남,보성군,인턴,2021,1
전남,보성군,인턴,2022,0
전남,보성군,인턴,2023,0
전남,보성군,인턴,2024,1
전남,보성군,인턴,2025,0
전남,보성군,일반의,2007,14
전남,보성군,일반의,2008,14
전남,보성군,일반의,2009,10
전남,보성군,일반의,2010,10
전남,보성군,일반의,2011,12
전남,보성군,일반의,2012,12
전남,보성군,일반의,2013,11
전남,보성군,일반의,2014,13
전남,보성군,일반의,2015,11
전남,보성군,일반의,2016,12
전남,보성군,일반의,2017,15
전남,보성군,일반의,2018,14
전남,보성군,일반의,2019,13
전남,보성군,일반의,2020,14
전남,보성군,일반의,2021,15
전남,보성군,일반의,2022,17
전남,보성군,일반의,2023,10
전남,보성군,일반의,2024,7
전남,보성군,일반의,2025,7
전남,보성군,전문의,2007,44
전남,보성군,전문의,2008,45
전남,보성군,전문의,2009,47
전남,보성군,전문의,2010,44
전남,보성군,전문의,2011,44
전남,보성군,전문의,2012,38
전남,보성군,전문의,2013,44
전남,보성군,전문의,2014,48
전남,보성군,전문의,2015,49
전남,보성군,전문의,2016,53
전남,보성군,전문의,2017,51
전남,보성군,전문의,2018,55
전남,보성군,전문의,2019,53
전남,보성군,전문의,2020,50
전남,보성군,전문의,2021,50
전남,보성군,전문의,2022,49
전남,보성군,전문의,2023,47
전남,보성군,전문의,2024,47
전남,보성군,전문의,2025,44
전남,순천시,total,2007,325
전남,순천시,total,2008,342
전남,순천시,total,2009,376
전남,순천시,total,2010,374
전남,순천시,total,2011,423
전남,순천시,total,2012,429
전남,순천시,total,2013,439
전남,순천시,total,2014,451
전남,순천시,total,2015,482
전남,순천시,total,2016,484
전남,순천시,total,2017,495
전남,순천시,total,2018,500
전남,순천시,total,2019,519
전남,순천시,total,2020,514
전남,순천시,total,2021,538
전남,순천시,total,2022,546
전남,순천시,total,2023,528
전남,순천시,total,2024,545
전남,순천시,total,2025,566
전남,순천시,레지던트,2007,13
전남,순천시,레지던트,2008,13
전남,순천시,레지던트,2009,10
전남,순천시,레지던트,2010,15
전남,순천시,레지던트,2011,18
전남,순천시,레지던트,2012,19
전남,순천시,레지던트,2013,18
전남,순천시,레지던트,2014,14
전남,순천시,레지던트,2015,16
전남,순천시,레지던트,2016,14
전남,순천시,레지던트,2017,11
전남,순천시,레지던트,2018,10
전남,순천시,레지던트,2019,7
전남,순천시,레지던트,2020,5
전남,순천시,레지던트,2021,4
전남,순천시,레지던트,2022,6
전남,순천시,레지던트,2023,7
전남,순천시,레지던트,2024,7
전남,순천시,레지던트,2025,4
전남,순천시,인턴,2007,2
전남,순천시,인턴,2008,2
전남,순천시,인턴,2009,0
전남,순천시,인턴,2010,0
전남,순천시,인턴,2011,1
전남,순천시,인턴,2012,1
전남,순천시,인턴,2013,0
전남,순천시,인턴,2014,1
전남,순천시,인턴,2015,0
전남,순천시,인턴,2016,0
전남,순천시,인턴,2017,0
전남,순천시,인턴,2018,0
전남,순천시,인턴,2019,0
전남,순천시,인턴,2020,1
전남,순천시,인턴,2021,0
전남,순천시,인턴,2022,0
전남,순천시,인턴,2023,2
전남,순천시,인턴,2024,0
전남,순천시,인턴,2025,0
전남,순천시,일반의,2007,19
전남,순천시,일반의,2008,20
전남,순천시,일반의,2009,25
전남,순천시,일반의,2010,27
전남,순천시,일반의,2011,29
전남,순천시,일반의,2012,27
전남,순천시,일반의,2013,23
전남,순천시,일반의,2014,23
전남,순천시,일반의,2015,26
전남,순천시,일반의,2016,23
전남,순천시,일반의,2017,23
전남,순천시,일반의,2018,27
전남,순천시,일반의,2019,33
전남,순천시,일반의,2020,35
전남,순천시,일반의,2021,40
전남,순천시,일반의,2022,36
전남,순천시,일반의,2023,30
전남,순천시,일반의,2024,28
전남,순천시,일반의,2025,47
전남,순천시,전문의,2007,291
전남,순천시,전문의,2008,307
전남,순천시,전문의,2009,341
전남,순천시,전문의,2010,332
전남,순천시,전문의,2011,375
전남,순천시,전문의,2012,382
전남,순천시,전문의,2013,398
전남,순천시,전문의,2014,413
전남,순천시,전문의,2015,440
전남,순천시,전문의,2016,447
전남,순천시,전문의,2017,461
전남,순천시,전문의,2018,463
전남,순천시,전문의,2019,479
전남,순천시,전문의,2020,473
전남,순천시,전문의,2021,494
전남,순천시,전문의,2022,504
전남,순천시,전문의,2023,489
전남,순천시,전문의,2024,510
전남,순천시,전문의,2025,515
전남,신안군,total,2007,30
전남,신안군,total,2008,22
전남,신안군,total,2009,36
전남,신안군,total,2010,36
전남,신안군,total,2011,39
전남,신안군,total,2012,40
전남,신안군,total,2013,42
전남,신안군,total,2014,46
전남,신안군,total,2015,46
전남,신안군,total,2016,46
전남,신안군,total,2017,47
전남,신안군,total,2018,48
전남,신안군,total,2019,47
전남,신안군,total,2020,48
전남,신안군,total,2021,48
전남,신안군,total,2022,49
전남,신안군,total,2023,42
전남,신안군,total,2024,44
전남,신안군,total,2025,46
전남,신안군,레지던트,2007,0
전남,신안군,레지던트,2008,0
전남,신안군,레지던트,2009,0
전남,신안군,레지던트,2010,0
전남,신안군,레지던트,2011,0
전남,신안군,레지던트,2012,0
전남,신안군,레지던트,2013,0
전남,신안군,레지던트,2014,0
전남,신안군,레지던트,2015,0
전남,신안군,레지던트,2016,0
전남,신안군,레지던트,2017,0
전남,신안군,레지던트,2018,0
전남,신안군,레지던트,2019,0
전남,신안군,레지던트,2020,0
전남,신안군,레지던트,2021,0
전남,신안군,레지던트,2022,0
전남,신안군,레지던트,2023,0
전남,신안군,레지던트,2024,0
전남,신안군,레지던트,2025,0
전남,신안군,인턴,2007,0
전남,신안군,인턴,2008,0
전남,신안군,인턴,2009,0
전남,신안군,인턴,2010,0
전남,신안군,인턴,2011,0
전남,신안군,인턴,2012,0
전남,신안군,인턴,2013,0
전남,신안군,인턴,2014,0
전남,신안군,인턴,2015,0
전남,신안군,인턴,2016,0
전남,신안군,인턴,2017,0
전남,신안군,인턴,2018,0
전남,신안군,인턴,2019,8
전남,신안군,인턴,2020,5
전남,신안군,인턴,2021,5
전남,신안군,인턴,2022,1
전남,신안군,인턴,2023,3
전남,신안군,인턴,2024,4
전남,신안군,인턴,2025,1
전남,신안군,일반의,2007,20
전남,신안군,일반의,2008,14
전남,신안군,일반의,2009,25
전남,신안군,일반의,2010,25
전남,신안군,일반의,2011,15
전남,신안군,일반의,2012,19
전남,신안군,일반의,2013,15
전남,신안군,일반의,2014,13
전남,신안군,일반의,2015,15
전남,신안군,일반의,2016,13
전남,신안군,일반의,2017,24
전남,신안군,일반의,2018,21
전남,신안군,일반의,2019,20
전남,신안군,일반의,2020,25
전남,신안군,일반의,2021,26
전남,신안군,일반의,2022,30
전남,신안군,일반의,2023,20
전남,신안군,일반의,2024,23
전남,신안군,일반의,2025,29
전남,신안군,전문의,2007,10
전남,신안군,전문의,2008,8
전남,신안군,전문의,2009,11
전남,신안군,전문의,2010,11
전남,신안군,전문의,2011,24
전남,신안군,전문의,2012,21
전남,신안군,전문의,2013,27
전남,신안군,전문의,2014,33
전남,신안군,전문의,2015,31
전남,신안군,전문의,2016,33
전남,신안군,전문의,2017,23
전남,신안군,전문의,2018,27
전남,신안군,전문의,2019,19
전남,신안군,전문의,2020,18
전남,신안군,전문의,2021,17
전남,신안군,전문의,2022,18
전남,신안군,전문의,2023,19
전남,신안군,전문의,2024,17
전남,신안군,전문의,2025,16
전남,여수시,total,2007,284
전남,여수시,total,2008,287
전남,여수시,total,2009,309
전남,여수시,total,2010,329
전남,여수시,total,2011,345
전남,여수시,total,2012,351
전남,여수시,total,2013,338
전남,여수시,total,2014,384
전남,여수시,total,2015,381
전남,여수시,total,2016,380
전남,여수시,total,2017,400
전남,여수시,total,2018,388
전남,여수시,total,2019,391
전남,여수시,total,2020,408
전남,여수시,total,2021,414
전남,여수시,total,2022,431
전남,여수시,total,2023,432
전남,여수시,total,2024,434
전남,여수시,total,2025,467
전남,여수시,레지던트,2007,15
전남,여수시,레지던트,2008,16
전남,여수시,레지던트,2009,17
전남,여수시,레지던트,2010,17
전남,여수시,레지던트,2011,20
전남,여수시,레지던트,2012,15
전남,여수시,레지던트,2013,14
전남,여수시,레지던트,2014,24
전남,여수시,레지던트,2015,16
전남,여수시,레지던트,2016,9
전남,여수시,레지던트,2017,9
전남,여수시,레지던트,2018,5
전남,여수시,레지던트,2019,3
전남,여수시,레지던트,2020,3
전남,여수시,레지던트,2021,4
전남,여수시,레지던트,2022,5
전남,여수시,레지던트,2023,6
전남,여수시,레지던트,2024,4
전남,여수시,레지던트,2025,5
전남,여수시,인턴,2007,0
전남,여수시,인턴,2008,0
전남,여수시,인턴,2009,1
전남,여수시,인턴,2010,0
전남,여수시,인턴,2011,0
전남,여수시,인턴,2012,0
전남,여수시,인턴,2013,0
전남,여수시,인턴,2014,0
전남,여수시,인턴,2015,0
전남,여수시,인턴,2016,0
전남,여수시,인턴,2017,0
전남,여수시,인턴,2018,0
전남,여수시,인턴,2019,3
전남,여수시,인턴,2020,5
전남,여수시,인턴,2021,5
전남,여수시,인턴,2022,0
전남,여수시,인턴,2023,2
전남,여수시,인턴,2024,4
전남,여수시,인턴,2025,0
전남,여수시,일반의,2007,44
전남,여수시,일반의,2008,37
전남,여수시,일반의,2009,40
전남,여수시,일반의,2010,42
전남,여수시,일반의,2011,42
전남,여수시,일반의,2012,44
전남,여수시,일반의,2013,43
전남,여수시,일반의,2014,44
전남,여수시,일반의,2015,39
전남,여수시,일반의,2016,40
전남,여수시,일반의,2017,48
전남,여수시,일반의,2018,44
전남,여수시,일반의,2019,45
전남,여수시,일반의,2020,40
전남,여수시,일반의,2021,42
전남,여수시,일반의,2022,44
전남,여수시,일반의,2023,41
전남,여수시,일반의,2024,39
전남,여수시,일반의,2025,58
전남,여수시,전문의,2007,225
전남,여수시,전문의,2008,234
전남,여수시,전문의,2009,251
전남,여수시,전문의,2010,270
전남,여수시,전문의,2011,283
전남,여수시,전문의,2012,292
전남,여수시,전문의,2013,281
전남,여수시,전문의,2014,316
전남,여수시,전문의,2015,326
전남,여수시,전문의,2016,331
전남,여수시,전문의,2017,343
전남,여수시,전문의,2018,339
전남,여수시,전문의,2019,340
전남,여수시,전문의,2020,360
전남,여수시,전문의,2021,363
전남,여수시,전문의,2022,382
전남,여수시,전문의,2023,383
전남,여수시,전문의,2024,387
전남,여수시,전문의,2025,404
전남,영광군,total,2007,93
전남,영광군,total,2008,89
전남,영광군,total,2009,86
전남,영광군,total,2010,90
전남,영광군,total,2011,89
전남,영광군,total,2012,89
전남,영광군,total,2013,91
전남,영광군,total,2014,87
전남,영광군,total,2015,94
전남,영광군,total,2016,94
전남,영광군,total,2017,96
전남,영광군,total,2018,96
전남,영광군,total,2019,97
전남,영광군,total,2020,94
전남,영광군,total,2021,98
전남,영광군,total,2022,96
전남,영광군,total,2023,93
전남,영광군,total,2024,93
전남,영광군,total,2025,92
전남,영광군,레지던트,2007,0
전남,영광군,레지던트,2008,0
전남,영광군,레지던트,2009,0
전남,영광군,레지던트,2010,0
전남,영광군,레지던트,2011,0
전남,영광군,레지던트,2012,0
전남,영광군,레지던트,2013,0
전남,영광군,레지던트,2014,0
전남,영광군,레지던트,2015,0
전남,영광군,레지던트,2016,0
전남,영광군,레지던트,2017,0
전남,영광군,레지던트,2018,0
전남,영광군,레지던트,2019,0
전남,영광군,레지던트,2020,0
전남,영광군,레지던트,2021,0
전남,영광군,레지던트,2022,0
전남,영광군,레지던트,2023,0
전남,영광군,레지던트,2024,0
전남,영광군,레지던트,2025,0
전남,영광군,인턴,2007,2
전남,영광군,인턴,2008,2
전남,영광군,인턴,2009,0
전남,영광군,인턴,2010,1
전남,영광군,인턴,2011,0
전남,영광군,인턴,2012,0
전남,영광군,인턴,2013,0
전남,영광군,인턴,2014,0
전남,영광군,인턴,2015,0
전남,영광군,인턴,2016,0
전남,영광군,인턴,2017,0
전남,영광군,인턴,2018,0
전남,영광군,인턴,2019,0
전남,영광군,인턴,2020,0
전남,영광군,인턴,2021,0
전남,영광군,인턴,2022,0
전남,영광군,인턴,2023,0
전남,영광군,인턴,2024,0
전남,영광군,인턴,2025,0
전남,영광군,일반의,2007,14
전남,영광군,일반의,2008,12
전남,영광군,일반의,2009,15
전남,영광군,일반의,2010,18
전남,영광군,일반의,2011,14
전남,영광군,일반의,2012,9
전남,영광군,일반의,2013,9
전남,영광군,일반의,2014,8
전남,영광군,일반의,2015,8
전남,영광군,일반의,2016,9
전남,영광군,일반의,2017,10
전남,영광군,일반의,2018,11
전남,영광군,일반의,2019,11
전남,영광군,일반의,2020,8
전남,영광군,일반의,2021,12
전남,영광군,일반의,2022,14
전남,영광군,일반의,2023,9
전남,영광군,일반의,2024,10
전남,영광군,일반의,2025,11
전남,영광군,전문의,2007,77
전남,영광군,전문의,2008,75
전남,영광군,전문의,2009,71
전남,영광군,전문의,2010,71
전남,영광군,전문의,2011,75
전남,영광군,전문의,2012,80
전남,영광군,전문의,2013,82
전남,영광군,전문의,2014,79
전남,영광군,전문의,2015,86
전남,영광군,전문의,2016,85
전남,영광군,전문의,2017,86
전남,영광군,전문의,2018,85
전남,영광군,전문의,2019,86
전남,영광군,전문의,2020,86
전남,영광군,전문의,2021,86
전남,영광군,전문의,2022,82
전남,영광군,전문의,2023,84
전남,영광군,전문의,2024,83
전남,영광군,전문의,2025,81
전남,영암군,total,2007,48
전남,영암군,total,2008,49
전남,영암군,total,2009,55
전남,영암군,total,2010,58
전남,영암군,total,2011,56
전남,영암군,total,2012,57
전남,영암군,total,2013,58
전남,영암군,total,2014,56
전남,영암군,total,2015,53
전남,영암군,total,2016,52
전남,영암군,total,2017,51
전남,영암군,total,2018,49
전남,영암군,total,2019,47
전남,영암군,total,2020,47
전남,영암군,total,2021,51
전남,영암군,total,2022,49
전남,영암군,total,2023,49
전남,영암군,total,2024,49
전남,영암군,total,2025,49
전남,영암군,레지던트,2007,0
전남,영암군,레지던트,2008,0
전남,영암군,레지던트,2009,0
전남,영암군,레지던트,2010,0
전남,영암군,레지던트,2011,0
전남,영암군,레지던트,2012,0
전남,영암군,레지던트,2013,0
전남,영암군,레지던트,2014,0
전남,영암군,레지던트,2015,0
전남,영암군,레지던트,2016,0
전남,영암군,레지던트,2017,0
전남,영암군,레지던트,2018,0
전남,영암군,레지던트,2019,0
전남,영암군,레지던트,2020,0
전남,영암군,레지던트,2021,0
전남,영암군,레지던트,2022,0
전남,영암군,레지던트,2023,0
전남,영암군,레지던트,2024,0
전남,영암군,레지던트,2025,0
전남,영암군,인턴,2007,0
전남,영암군,인턴,2008,0
전남,영암군,인턴,2009,0
전남,영암군,인턴,2010,0
전남,영암군,인턴,2011,0
전남,영암군,인턴,2012,0
전남,영암군,인턴,2013,0
전남,영암군,인턴,2014,0
전남,영암군,인턴,2015,0
전남,영암군,인턴,2016,0
전남,영암군,인턴,2017,0
전남,영암군,인턴,2018,0
전남,영암군,인턴,2019,0
전남,영암군,인턴,2020,1
전남,영암군,인턴,2021,0
전남,영암군,인턴,2022,0
전남,영암군,인턴,2023,0
전남,영암군,인턴,2024,0
전남,영암군,인턴,2025,0
전남,영암군,일반의,2007,16
전남,영암군,일반의,2008,19
전남,영암군,일반의,2009,21
전남,영암군,일반의,2010,21
전남,영암군,일반의,2011,19
전남,영암군,일반의,2012,19
전남,영암군,일반의,2013,17
전남,영암군,일반의,2014,16
전남,영암군,일반의,2015,14
전남,영암군,일반의,2016,16
전남,영암군,일반의,2017,15
전남,영암군,일반의,2018,13
전남,영암군,일반의,2019,17
전남,영암군,일반의,2020,16
전남,영암군,일반의,2021,18
전남,영암군,일반의,2022,18
전남,영암군,일반의,2023,18
전남,영암군,일반의,2024,17
전남,영암군,일반의,2025,14
전남,영암군,전문의,2007,32
전남,영암군,전문의,2008,30
전남,영암군,전문의,2009,34
전남,영암군,전문의,2010,37
전남,영암군,전문의,2011,37
전남,영암군,전문의,2012,38
전남,영암군,전문의,2013,41
전남,영암군,전문의,2014,40
전남,영암군,전문의,2015,39
전남,영암군,전문의,2016,36
전남,영암군,전문의,2017,36
전남,영암군,전문의,2018,36
전남,영암군,전문의,2019,30
전남,영암군,전문의,2020,30
전남,영암군,전문의,2021,33
전남,영암군,전문의,2022,31
전남,영암군,전문의,2023,31
전남,영암군,전문의,2024,32
전남,영암군,전문의,2025,35
전남,완도군,total,2007,47
전남,완도군,total,2008,47
전남,완도군,total,2009,47
전남,완도군,total,2010,52
전남,완도군,total,2011,54
전남,완도군,total,2012,50
전남,완도군,total,2013,54
전남,완도군,total,2014,55
전남,완도군,total,2015,60
전남,완도군,total,2016,56
전남,완도군,total,2017,57
전남,완도군,total,2018,59
전남,완도군,total,2019,61
전남,완도군,total,2020,52
전남,완도군,total,2021,58
전남,완도군,total,2022,56
전남,완도군,total,2023,56
전남,완도군,total,2024,53
전남,완도군,total,2025,49
전남,완도군,레지던트,2007,0
전남,완도군,레지던트,2008,0
전남,완도군,레지던트,2009,0
전남,완도군,레지던트,2010,0
전남,완도군,레지던트,2011,0
전남,완도군,레지던트,2012,0
전남,완도군,레지던트,2013,0
전남,완도군,레지던트,2014,0
전남,완도군,레지던트,2015,0
전남,완도군,레지던트,2016,0
전남,완도군,레지던트,2017,0
전남,완도군,레지던트,2018,0
전남,완도군,레지던트,2019,0
전남,완도군,레지던트,2020,0
전남,완도군,레지던트,2021,0
전남,완도군,레지던트,2022,0
전남,완도군,레지던트,2023,1
전남,완도군,레지던트,2024,0
전남,완도군,레지던트,2025,0
전남,완도군,인턴,2007,0
전남,완도군,인턴,2008,0
전남,완도군,인턴,2009,0
전남,완도군,인턴,2010,0
전남,완도군,인턴,2011,0
전남,완도군,인턴,2012,0
전남,완도군,인턴,2013,0
전남,완도군,인턴,2014,0
전남,완도군,인턴,2015,0
전남,완도군,인턴,2016,0
전남,완도군,인턴,2017,0
전남,완도군,인턴,2018,0
전남,완도군,인턴,2019,2
전남,완도군,인턴,2020,0
전남,완도군,인턴,2021,3
전남,완도군,인턴,2022,0
전남,완도군,인턴,2023,2
전남,완도군,인턴,2024,8
전남,완도군,인턴,2025,0
전남,완도군,일반의,2007,14
전남,완도군,일반의,2008,14
전남,완도군,일반의,2009,14
전남,완도군,일반의,2010,21
전남,완도군,일반의,2011,21
전남,완도군,일반의,2012,15
전남,완도군,일반의,2013,22
전남,완도군,일반의,2014,21
전남,완도군,일반의,2015,20
전남,완도군,일반의,2016,17
전남,완도군,일반의,2017,24
전남,완도군,일반의,2018,24
전남,완도군,일반의,2019,30
전남,완도군,일반의,2020,30
전남,완도군,일반의,2021,28
전남,완도군,일반의,2022,31
전남,완도군,일반의,2023,27
전남,완도군,일반의,2024,19
전남,완도군,일반의,2025,25
전남,완도군,전문의,2007,33
전남,완도군,전문의,2008,33
전남,완도군,전문의,2009,33
전남,완도군,전문의,2010,31
전남,완도군,전문의,2011,33
전남,완도군,전문의,2012,35
전남,완도군,전문의,2013,32
전남,완도군,전문의,2014,34
전남,완도군,전문의,2015,40
전남,완도군,전문의,2016,39
전남,완도군,전문의,2017,33
전남,완도군,전문의,2018,35
전남,완도군,전문의,2019,29
전남,완도군,전문의,2020,22
전남,완도군,전문의,2021,27
전남,완도군,전문의,2022,25
전남,완도군,전문의,2023,26
전남,완도군,전문의,2024,26
전남,완도군,전문의,2025,24
전남,장성군,total,2007,39
전남,장성군,total,2008,46
전남,장성군,total,2009,51
전남,장성군,total,2010,59
전남,장성군,total,2011,55
전남,장성군,total,2012,53
전남,장성군,total,2013,52
전남,장성군,total,2014,57
전남,장성군,total,2015,51
전남,장성군,total,2016,46
전남,장성군,total,2017,42
전남,장성군,total,2018,45
전남,장성군,total,2019,48
전남,장성군,total,2020,45
전남,장성군,total,2021,47
전남,장성군,total,2022,48
전남,장성군,total,2023,43
전남,장성군,total,2024,44
전남,장성군,total,2025,45
전남,장성군,레지던트,2007,0
전남,장성군,레지던트,2008,0
전남,장성군,레지던트,2009,0
전남,장성군,레지던트,2010,0
전남,장성군,레지던트,2011,0
전남,장성군,레지던트,2012,0
전남,장성군,레지던트,2013,0
전남,장성군,레지던트,2014,0
전남,장성군,레지던트,2015,0
전남,장성군,레지던트,2016,0
전남,장성군,레지던트,2017,0
전남,장성군,레지던트,2018,0
전남,장성군,레지던트,2019,0
전남,장성군,레지던트,2020,0
전남,장성군,레지던트,2021,0
전남,장성군,레지던트,2022,0
전남,장성군,레지던트,2023,0
전남,장성군,레지던트,2024,0
전남,장성군,레지던트,2025,0
전남,장성군,인턴,2007,0
전남,장성군,인턴,2008,0
전남,장성군,인턴,2009,0
전남,장성군,인턴,2010,0
전남,장성군,인턴,2011,0
전남,장성군,인턴,2012,0
전남,장성군,인턴,2013,0
전남,장성군,인턴,2014,0
전남,장성군,인턴,2015,0
전남,장성군,인턴,2016,0
전남,장성군,인턴,2017,0
전남,장성군,인턴,2018,0
전남,장성군,인턴,2019,0
전남,장성군,인턴,2020,0
전남,장성군,인턴,2021,0
전남,장성군,인턴,2022,0
전남,장성군,인턴,2023,0
전남,장성군,인턴,2024,0
전남,장성군,인턴,2025,0
전남,장성군,일반의,2007,11
전남,장성군,일반의,2008,10
전남,장성군,일반의,2009,8
전남,장성군,일반의,2010,18
전남,장성군,일반의,2011,17
전남,장성군,일반의,2012,15
전남,장성군,일반의,2013,13
전남,장성군,일반의,2014,11
전남,장성군,일반의,2015,7
전남,장성군,일반의,2016,6
전남,장성군,일반의,2017,5
전남,장성군,일반의,2018,7
전남,장성군,일반의,2019,10
전남,장성군,일반의,2020,12
전남,장성군,일반의,2021,13
전남,장성군,일반의,2022,14
전남,장성군,일반의,2023,9
전남,장성군,일반의,2024,10
전남,장성군,일반의,2025,9
전남,장성군,전문의,2007,28
전남,장성군,전문의,2008,36
전남,장성군,전문의,2009,43
전남,장성군,전문의,2010,41
전남,장성군,전문의,2011,38
전남,장성군,전문의,2012,38
전남,장성군,전문의,2013,39
전남,장성군,전문의,2014,46
전남,장성군,전문의,2015,44
전남,장성군,전문의,2016,40
전남,장성군,전문의,2017,37
전남,장성군,전문의,2018,38
전남,장성군,전문의,2019,38
전남,장성군,전문의,2020,33
전남,장성군,전문의,2021,34
전남,장성군,전문의,2022,34
전남,장성군,전문의,2023,34
전남,장성군,전문의,2024,34
전남,장성군,전문의,2025,36
전남,장흥군,total,2007,53
전남,장흥군,total,2008,54
전남,장흥군,total,2009,56
전남,장흥군,total,2010,56
전남,장흥군,total,2011,55
전남,장흥군,total,2012,50
전남,장흥군,total,2013,49
전남,장흥군,total,2014,56
전남,장흥군,total,2015,55
전남,장흥군,total,2016,52
전남,장흥군,total,2017,53
전남,장흥군,total,2018,57
전남,장흥군,total,2019,58
전남,장흥군,total,2020,52
전남,장흥군,total,2021,56
전남,장흥군,total,2022,58
전남,장흥군,total,2023,50
전남,장흥군,total,2024,49
전남,장흥군,total,2025,54
전남,장흥군,레지던트,2007,0
전남,장흥군,레지던트,2008,0
전남,장흥군,레지던트,2009,0
전남,장흥군,레지던트,2010,0
전남,장흥군,레지던트,2011,0
전남,장흥군,레지던트,2012,0
전남,장흥군,레지던트,2013,0
전남,장흥군,레지던트,2014,0
전남,장흥군,레지던트,2015,0
전남,장흥군,레지던트,2016,0
전남,장흥군,레지던트,2017,0
전남,장흥군,레지던트,2018,0
전남,장흥군,레지던트,2019,0
전남,장흥군,레지던트,2020,0
전남,장흥군,레지던트,2021,0
전남,장흥군,레지던트,2022,0
전남,장흥군,레지던트,2023,0
전남,장흥군,레지던트,2024,0
전남,장흥군,레지던트,2025,0
전남,장흥군,인턴,2007,0
전남,장흥군,인턴,2008,0
전남,장흥군,인턴,2009,0
전남,장흥군,인턴,2010,0
전남,장흥군,인턴,2011,0
전남,장흥군,인턴,2012,0
전남,장흥군,인턴,2013,0
전남,장흥군,인턴,2014,0
전남,장흥군,인턴,2015,0
전남,장흥군,인턴,2016,0
전남,장흥군,인턴,2017,0
전남,장흥군,인턴,2018,0
전남,장흥군,인턴,2019,0
전남,장흥군,인턴,2020,1
전남,장흥군,인턴,2021,0
전남,장흥군,인턴,2022,0
전남,장흥군,인턴,2023,0
전남,장흥군,인턴,2024,0
전남,장흥군,인턴,2025,0
전남,장흥군,일반의,2007,15
전남,장흥군,일반의,2008,17
전남,장흥군,일반의,2009,21
전남,장흥군,일반의,2010,21
전남,장흥군,일반의,2011,18
전남,장흥군,일반의,2012,15
전남,장흥군,일반의,2013,13
전남,장흥군,일반의,2014,16
전남,장흥군,일반의,2015,15
전남,장흥군,일반의,2016,11
전남,장흥군,일반의,2017,13
전남,장흥군,일반의,2018,12
전남,장흥군,일반의,2019,14
전남,장흥군,일반의,2020,14
전남,장흥군,일반의,2021,16
전남,장흥군,일반의,2022,17
전남,장흥군,일반의,2023,12
전남,장흥군,일반의,2024,12
전남,장흥군,일반의,2025,15
전남,장흥군,전문의,2007,38
전남,장흥군,전문의,2008,37
전남,장흥군,전문의,2009,35
전남,장흥군,전문의,2010,35
전남,장흥군,전문의,2011,37
전남,장흥군,전문의,2012,35
전남,장흥군,전문의,2013,36
전남,장흥군,전문의,2014,40
전남,장흥군,전문의,2015,40
전남,장흥군,전문의,2016,41
전남,장흥군,전문의,2017,40
전남,장흥군,전문의,2018,45
전남,장흥군,전문의,2019,44
전남,장흥군,전문의,2020,37
전남,장흥군,전문의,2021,40
전남,장흥군,전문의,2022,41
전남,장흥군,전문의,2023,38
전남,장흥군,전문의,2024,37
전남,장흥군,전문의,2025,39
전남,진도군,total,2007,28
전남,진도군,total,2008,29
전남,진도군,total,2009,29
전남,진도군,total,2010,28
전남,진도군,total,2011,31
전남,진도군,total,2012,36
전남,진도군,total,2013,33
전남,진도군,total,2014,33
전남,진도군,total,2015,33
전남,진도군,total,2016,33
전남,진도군,total,2017,33
전남,진도군,total,2018,33
전남,진도군,total,2019,36
전남,진도군,total,2020,35
전남,진도군,total,2021,36
전남,진도군,total,2022,37
전남,진도군,total,2023,33
전남,진도군,total,2024,30
전남,진도군,total,2025,33
전남,진도군,레지던트,2007,0
전남,진도군,레지던트,2008,0
전남,진도군,레지던트,2009,0
전남,진도군,레지던트,2010,0
전남,진도군,레지던트,2011,0
전남,진도군,레지던트,2012,0
전남,진도군,레지던트,2013,0
전남,진도군,레지던트,2014,0
전남,진도군,레지던트,2015,0
전남,진도군,레지던트,2016,0
전남,진도군,레지던트,2017,0
전남,진도군,레지던트,2018,0
전남,진도군,레지던트,2019,0
전남,진도군,레지던트,2020,0
전남,진도군,레지던트,2021,0
전남,진도군,레지던트,2022,0
전남,진도군,레지던트,2023,0
전남,진도군,레지던트,2024,0
전남,진도군,레지던트,2025,0
전남,진도군,인턴,2007,0
전남,진도군,인턴,2008,0
전남,진도군,인턴,2009,0
전남,진도군,인턴,2010,0
전남,진도군,인턴,2011,0
전남,진도군,인턴,2012,0
전남,진도군,인턴,2013,0
전남,진도군,인턴,2014,0
전남,진도군,인턴,2015,0
전남,진도군,인턴,2016,0
전남,진도군,인턴,2017,0
전남,진도군,인턴,2018,0
전남,진도군,인턴,2019,2
전남,진도군,인턴,2020,0
전남,진도군,인턴,2021,3
전남,진도군,인턴,2022,0
전남,진도군,인턴,2023,3
전남,진도군,인턴,2024,3
전남,진도군,인턴,2025,0
전남,진도군,일반의,2007,12
전남,진도군,일반의,2008,15
전남,진도군,일반의,2009,18
전남,진도군,일반의,2010,17
전남,진도군,일반의,2011,17
전남,진도군,일반의,2012,20
전남,진도군,일반의,2013,18
전남,진도군,일반의,2014,15
전남,진도군,일반의,2015,14
전남,진도군,일반의,2016,13
전남,진도군,일반의,2017,13
전남,진도군,일반의,2018,14
전남,진도군,일반의,2019,16
전남,진도군,일반의,2020,17
전남,진도군,일반의,2021,16
전남,진도군,일반의,2022,18
전남,진도군,일반의,2023,11
전남,진도군,일반의,2024,9
전남,진도군,일반의,2025,16
전남,진도군,전문의,2007,16
전남,진도군,전문의,2008,14
전남,진도군,전문의,2009,11
전남,진도군,전문의,2010,11
전남,진도군,전문의,2011,14
전남,진도군,전문의,2012,16
전남,진도군,전문의,2013,15
전남,진도군,전문의,2014,18
전남,진도군,전문의,2015,19
전남,진도군,전문의,2016,20
전남,진도군,전문의,2017,20
전남,진도군,전문의,2018,19
전남,진도군,전문의,2019,18
전남,진도군,전문의,2020,18
전남,진도군,전문의,2021,17
전남,진도군,전문의,2022,19
전남,진도군,전문의,2023,19
전남,진도군,전문의,2024,18
전남,진도군,전문의,2025,17
전남,함평군,total,2007,31
전남,함평군,total,2008,51
전남,함평군,total,2009,58
전남,함평군,total,2010,63
전남,함평군,total,2011,58
전남,함평군,total,2012,62
전남,함평군,total,2013,58
전남,함평군,total,2014,64
전남,함평군,total,2015,63
전남,함평군,total,2016,62
전남,함평군,total,2017,63
전남,함평군,total,2018,62
전남,함평군,total,2019,58
전남,함평군,total,2020,54
전남,함평군,total,2021,47
전남,함평군,total,2022,48
전남,함평군,total,2023,44
전남,함평군,total,2024,44
전남,함평군,total,2025,33
전남,함평군,레지던트,2007,0
전남,함평군,레지던트,2008,0
전남,함평군,레지던트,2009,0
전남,함평군,레지던트,2010,0
전남,함평군,레지던트,2011,0
전남,함평군,레지던트,2012,0
전남,함평군,레지던트,2013,0
전남,함평군,레지던트,2014,0
전남,함평군,레지던트,2015,0
전남,함평군,레지던트,2016,0
전남,함평군,레지던트,2017,0
전남,함평군,레지던트,2018,0
전남,함평군,레지던트,2019,0
전남,함평군,레지던트,2020,0
전남,함평군,레지던트,2021,0
전남,함평군,레지던트,2022,0
전남,함평군,레지던트,2023,0
전남,함평군,레지던트,2024,0
전남,함평군,레지던트,2025,0
전남,함평군,인턴,2007,0
전남,함평군,인턴,2008,0
전남,함평군,인턴,2009,0
전남,함평군,인턴,2010,0
전남,함평군,인턴,2011,0
전남,함평군,인턴,2012,0
전남,함평군,인턴,2013,0
전남,함평군,인턴,2014,0
전남,함평군,인턴,2015,0
전남,함평군,인턴,2016,0
전남,함평군,인턴,2017,0
전남,함평군,인턴,2018,0
전남,함평군,인턴,2019,0
전남,함평군,인턴,2020,0
전남,함평군,인턴,2021,0
전남,함평군,인턴,2022,1
전남,함평군,인턴,2023,0
전남,함평군,인턴,2024,1
전남,함평군,인턴,2025,1
전남,함평군,일반의,2007,17
전남,함평군,일반의,2008,18
전남,함평군,일반의,2009,19
전남,함평군,일반의,2010,19
전남,함평군,일반의,2011,18
전남,함평군,일반의,2012,16
전남,함평군,일반의,2013,15
전남,함평군,일반의,2014,14
전남,함평군,일반의,2015,13
전남,함평군,일반의,2016,14
전남,함평군,일반의,2017,12
전남,함평군,일반의,2018,14
전남,함평군,일반의,2019,13
전남,함평군,일반의,2020,15
전남,함평군,일반의,2021,15
전남,함평군,일반의,2022,15
전남,함평군,일반의,2023,13
전남,함평군,일반의,2024,13
전남,함평군,일반의,2025,8
전남,함평군,전문의,2007,14
전남,함평군,전문의,2008,33
전남,함평군,전문의,2009,39
전남,함평군,전문의,2010,44
전남,함평군,전문의,2011,40
전남,함평군,전문의,2012,46
전남,함평군,전문의,2013,43
전남,함평군,전문의,2014,50
전남,함평군,전문의,2015,50
전남,함평군,전문의,2016,48
전남,함평군,전문의,2017,51
전남,함평군,전문의,2018,48
전남,함평군,전문의,2019,45
전남,함평군,전문의,2020,39
전남,함평군,전문의,2021,32
전남,함평군,전문의,2022,32
전남,함평군,전문의,2023,31
전남,함평군,전문의,2024,30
전남,함평군,전문의,2025,24
전남,해남군,total,2007,92
전남,해남군,total,2008,97
전남,해남군,total,2009,105
전남,해남군,total,2010,111
전남,해남군,total,2011,109
전남,해남군,total,2012,109
전남,해남군,total,2013,106
전남,해남군,total,2014,106
전남,해남군,total,2015,113
전남,해남군,total,2016,117
전남,해남군,total,2017,122
전남,해남군,total,2018,120
전남,해남군,total,2019,117
전남,해남군,total,2020,113
전남,해남군,total,2021,119
전남,해남군,total,2022,118
전남,해남군,total,2023,115
전남,해남군,total,2024,114
전남,해남군,total,2025,112
전남,해남군,레지던트,2007,0
전남,해남군,레지던트,2008,0
전남,해남군,레지던트,2009,7
전남,해남군,레지던트,2010,7
전남,해남군,레지던트,2011,7
전남,해남군,레지던트,2012,7
전남,해남군,레지던트,2013,4
전남,해남군,레지던트,2014,2
전남,해남군,레지던트,2015,0
전남,해남군,레지던트,2016,0
전남,해남군,레지던트,2017,0
전남,해남군,레지던트,2018,0
전남,해남군,레지던트,2019,0
전남,해남군,레지던트,2020,0
전남,해남군,레지던트,2021,0
전남,해남군,레지던트,2022,0
전남,해남군,레지던트,2023,0
전남,해남군,레지던트,2024,0
전남,해남군,레지던트,2025,0
전남,해남군,인턴,2007,0
전남,해남군,인턴,2008,0
전남,해남군,인턴,2009,0
전남,해남군,인턴,2010,0
전남,해남군,인턴,2011,0
전남,해남군,인턴,2012,0
전남,해남군,인턴,2013,0
전남,해남군,인턴,2014,0
전남,해남군,인턴,2015,0
전남,해남군,인턴,2016,0
전남,해남군,인턴,2017,0
전남,해남군,인턴,2018,0
전남,해남군,인턴,2019,0
전남,해남군,인턴,2020,2
전남,해남군,인턴,2021,2
전남,해남군,인턴,2022,0
전남,해남군,인턴,2023,0
전남,해남군,인턴,2024,0
전남,해남군,인턴,2025,0
전남,해남군,일반의,2007,25
전남,해남군,일반의,2008,21
전남,해남군,일반의,2009,21
전남,해남군,일반의,2010,22
전남,해남군,일반의,2011,17
전남,해남군,일반의,2012,19
전남,해남군,일반의,2013,16
전남,해남군,일반의,2014,15
전남,해남군,일반의,2015,16
전남,해남군,일반의,2016,14
전남,해남군,일반의,2017,18
전남,해남군,일반의,2018,16
전남,해남군,일반의,2019,17
전남,해남군,일반의,2020,20
전남,해남군,일반의,2021,19
전남,해남군,일반의,2022,21
전남,해남군,일반의,2023,19
전남,해남군,일반의,2024,18
전남,해남군,일반의,2025,18
전남,해남군,전문의,2007,67
전남,해남군,전문의,2008,76
전남,해남군,전문의,2009,77
전남,해남군,전문의,2010,82
전남,해남군,전문의,2011,85
전남,해남군,전문의,2012,83
전남,해남군,전문의,2013,86
전남,해남군,전문의,2014,89
전남,해남군,전문의,2015,97
전남,해남군,전문의,2016,103
전남,해남군,전문의,2017,104
전남,해남군,전문의,2018,104
전남,해남군,전문의,2019,100
전남,해남군,전문의,2020,91
전남,해남군,전문의,2021,98
전남,해남군,전문의,2022,97
전남,해남군,전문의,2023,96
전남,해남군,전문의,2024,96
전남,해남군,전문의,2025,94
전남,화순군,total,2007,165
전남,화순군,total,2008,214
전남,화순군,total,2009,257
전남,화순군,total,2010,285
전남,화순군,total,2011,274
전남,화순군,total,2012,310
전남,화순군,total,2013,371
전남,화순군,total,2014,292
전남,화순군,total,2015,294
전남,화순군,total,2016,329
전남,화순군,total,2017,354
전남,화순군,total,2018,359
전남,화순군,total,2019,368
전남,화순군,total,2020,365
전남,화순군,total,2021,374
전남,화순군,total,2022,378
전남,화순군,total,2023,377
전남,화순군,total,2024,338
전남,화순군,total,2025,268
전남,화순군,레지던트,2007,30
전남,화순군,레지던트,2008,38
전남,화순군,레지던트,2009,44
전남,화순군,레지던트,2010,54
전남,화순군,레지던트,2011,44
전남,화순군,레지던트,2012,51
전남,화순군,레지던트,2013,77
전남,화순군,레지던트,2014,50
전남,화순군,레지던트,2015,65
전남,화순군,레지던트,2016,73
전남,화순군,레지던트,2017,78
전남,화순군,레지던트,2018,71
전남,화순군,레지던트,2019,75
전남,화순군,레지던트,2020,72
전남,화순군,레지던트,2021,73
전남,화순군,레지던트,2022,67
전남,화순군,레지던트,2023,64
전남,화순군,레지던트,2024,65
전남,화순군,레지던트,2025,7
전남,화순군,인턴,2007,4
전남,화순군,인턴,2008,25
전남,화순군,인턴,2009,26
전남,화순군,인턴,2010,26
전남,화순군,인턴,2011,27
전남,화순군,인턴,2012,43
전남,화순군,인턴,2013,46
전남,화순군,인턴,2014,0
전남,화순군,인턴,2015,0
전남,화순군,인턴,2016,0
전남,화순군,인턴,2017,22
전남,화순군,인턴,2018,26
전남,화순군,인턴,2019,22
전남,화순군,인턴,2020,20
전남,화순군,인턴,2021,27
전남,화순군,인턴,2022,25
전남,화순군,인턴,2023,27
전남,화순군,인턴,2024,0
전남,화순군,인턴,2025,0
전남,화순군,일반의,2007,14
전남,화순군,일반의,2008,18
전남,화순군,일반의,2009,17
전남,화순군,일반의,2010,15
전남,화순군,일반의,2011,16
전남,화순군,일반의,2012,14
전남,화순군,일반의,2013,14
전남,화순군,일반의,2014,18
전남,화순군,일반의,2015,17
전남,화순군,일반의,2016,16
전남,화순군,일반의,2017,14
전남,화순군,일반의,2018,16
전남,화순군,일반의,2019,19
전남,화순군,일반의,2020,20
전남,화순군,일반의,2021,19
전남,화순군,일반의,2022,21
전남,화순군,일반의,2023,15
전남,화순군,일반의,2024,15
전남,화순군,일반의,2025,16
전남,화순군,전문의,2007,117
전남,화순군,전문의,2008,133
전남,화순군,전문의,2009,170
전남,화순군,전문의,2010,190
전남,화순군,전문의,2011,187
전남,화순군,전문의,2012,202
전남,화순군,전문의,2013,234
전남,화순군,전문의,2014,224
전남,화순군,전문의,2015,212
전남,화순군,전문의,2016,240
전남,화순군,전문의,2017,240
전남,화순군,전문의,2018,246
전남,화순군,전문의,2019,252
전남,화순군,전문의,2020,253
전남,화순군,전문의,2021,255
전남,화순군,전문의,2022,265
전남,화순군,전문의,2023,271
전남,화순군,전문의,2024,258
전남,화순군,전문의,2025,245
전북,고창군,total,2007,67
전북,고창군,total,2008,68
전북,고창군,total,2009,61
전북,고창군,total,2010,69
전북,고창군,total,2011,70
전북,고창군,total,2012,72
전북,고창군,total,2013,68
전북,고창군,total,2014,72
전북,고창군,total,2015,76
전북,고창군,total,2016,86
전북,고창군,total,2017,83
전북,고창군,total,2018,84
전북,고창군,total,2019,75
전북,고창군,total,2020,82
전북,고창군,total,2021,80
전북,고창군,total,2022,76
전북,고창군,total,2023,77
전북,고창군,total,2024,76
전북,고창군,total,2025,78
전북,고창군,레지던트,2007,0
전북,고창군,레지던트,2008,0
전북,고창군,레지던트,2009,0
전북,고창군,레지던트,2010,0
전북,고창군,레지던트,2011,0
전북,고창군,레지던트,2012,0
전북,고창군,레지던트,2013,0
전북,고창군,레지던트,2014,0
전북,고창군,레지던트,2015,0
전북,고창군,레지던트,2016,0
전북,고창군,레지던트,2017,0
전북,고창군,레지던트,2018,0
전북,고창군,레지던트,2019,0
전북,고창군,레지던트,2020,0
전북,고창군,레지던트,2021,0
전북,고창군,레지던트,2022,0
전북,고창군,레지던트,2023,0
전북,고창군,레지던트,2024,0
전북,고창군,레지던트,2025,0
전북,고창군,인턴,2007,0
전북,고창군,인턴,2008,0
전북,고창군,인턴,2009,0
전북,고창군,인턴,2010,0
전북,고창군,인턴,2011,0
전북,고창군,인턴,2012,0
전북,고창군,인턴,2013,0
전북,고창군,인턴,2014,0
전북,고창군,인턴,2015,0
전북,고창군,인턴,2016,0
전북,고창군,인턴,2017,0
전북,고창군,인턴,2018,0
전북,고창군,인턴,2019,0
전북,고창군,인턴,2020,0
전북,고창군,인턴,2021,0
전북,고창군,인턴,2022,0
전북,고창군,인턴,2023,0
전북,고창군,인턴,2024,0
전북,고창군,인턴,2025,0
전북,고창군,일반의,2007,21
전북,고창군,일반의,2008,19
전북,고창군,일반의,2009,12
전북,고창군,일반의,2010,19
전북,고창군,일반의,2011,17
전북,고창군,일반의,2012,18
전북,고창군,일반의,2013,18
전북,고창군,일반의,2014,18
전북,고창군,일반의,2015,18
전북,고창군,일반의,2016,15
전북,고창군,일반의,2017,13
전북,고창군,일반의,2018,16
전북,고창군,일반의,2019,15
전북,고창군,일반의,2020,18
전북,고창군,일반의,2021,19
전북,고창군,일반의,2022,19
전북,고창군,일반의,2023,17
전북,고창군,일반의,2024,13
전북,고창군,일반의,2025,12
전북,고창군,전문의,2007,46
전북,고창군,전문의,2008,49
전북,고창군,전문의,2009,49
전북,고창군,전문의,2010,50
전북,고창군,전문의,2011,53
전북,고창군,전문의,2012,54
전북,고창군,전문의,2013,50
전북,고창군,전문의,2014,54
전북,고창군,전문의,2015,58
전북,고창군,전문의,2016,71
전북,고창군,전문의,2017,70
전북,고창군,전문의,2018,68
전북,고창군,전문의,2019,60
전북,고창군,전문의,2020,64
전북,고창군,전문의,2021,61
전북,고창군,전문의,2022,57
전북,고창군,전문의,2023,60
전북,고창군,전문의,2024,63
전북,고창군,전문의,2025,66
전북,군산시,total,2007,268
전북,군산시,total,2008,267
전북,군산시,total,2009,294
전북,군산시,total,2010,294
전북,군산시,total,2011,320
전북,군산시,total,2012,329
전북,군산시,total,2013,339
전북,군산시,total,2014,333
전북,군산시,total,2015,359
전북,군산시,total,2016,369
전북,군산시,total,2017,387
전북,군산시,total,2018,377
전북,군산시,total,2019,385
전북,군산시,total,2020,404
전북,군산시,total,2021,406
전북,군산시,total,2022,394
전북,군산시,total,2023,392
전북,군산시,total,2024,388
전북,군산시,total,2025,409
전북,군산시,레지던트,2007,7
전북,군산시,레지던트,2008,7
전북,군산시,레지던트,2009,15
전북,군산시,레지던트,2010,11
전북,군산시,레지던트,2011,8
전북,군산시,레지던트,2012,6
전북,군산시,레지던트,2013,4
전북,군산시,레지던트,2014,0
전북,군산시,레지던트,2015,0
전북,군산시,레지던트,2016,1
전북,군산시,레지던트,2017,3
전북,군산시,레지던트,2018,3
전북,군산시,레지던트,2019,4
전북,군산시,레지던트,2020,6
전북,군산시,레지던트,2021,6
전북,군산시,레지던트,2022,5
전북,군산시,레지던트,2023,1
전북,군산시,레지던트,2024,4
전북,군산시,레지던트,2025,4
전북,군산시,인턴,2007,0
전북,군산시,인턴,2008,0
전북,군산시,인턴,2009,5
전북,군산시,인턴,2010,0
전북,군산시,인턴,2011,1
전북,군산시,인턴,2012,0
전북,군산시,인턴,2013,2
전북,군산시,인턴,2014,2
전북,군산시,인턴,2015,1
전북,군산시,인턴,2016,1
전북,군산시,인턴,2017,3
전북,군산시,인턴,2018,1
전북,군산시,인턴,2019,5
전북,군산시,인턴,2020,3
전북,군산시,인턴,2021,1
전북,군산시,인턴,2022,4
전북,군산시,인턴,2023,7
전북,군산시,인턴,2024,5
전북,군산시,인턴,2025,0
전북,군산시,일반의,2007,30
전북,군산시,일반의,2008,22
전북,군산시,일반의,2009,31
전북,군산시,일반의,2010,38
전북,군산시,일반의,2011,47
전북,군산시,일반의,2012,42
전북,군산시,일반의,2013,31
전북,군산시,일반의,2014,25
전북,군산시,일반의,2015,33
전북,군산시,일반의,2016,39
전북,군산시,일반의,2017,40
전북,군산시,일반의,2018,32
전북,군산시,일반의,2019,35
전북,군산시,일반의,2020,42
전북,군산시,일반의,2021,41
전북,군산시,일반의,2022,34
전북,군산시,일반의,2023,30
전북,군산시,일반의,2024,28
전북,군산시,일반의,2025,41
전북,군산시,전문의,2007,231
전북,군산시,전문의,2008,238
전북,군산시,전문의,2009,243
전북,군산시,전문의,2010,245
전북,군산시,전문의,2011,264
전북,군산시,전문의,2012,281
전북,군산시,전문의,2013,302
전북,군산시,전문의,2014,306
전북,군산시,전문의,2015,325
전북,군산시,전문의,2016,328
전북,군산시,전문의,2017,341
전북,군산시,전문의,2018,341
전북,군산시,전문의,2019,341
전북,군산시,전문의,2020,353
전북,군산시,전문의,2021,358
전북,군산시,전문의,2022,351
전북,군산시,전문의,2023,354
전북,군산시,전문의,2024,351
전북,군산시,전문의,2025,364
전북,김제시,total,2007,98
전북,김제시,total,2008,98
전북,김제시,total,2009,116
전북,김제시,total,2010,125
전북,김제시,total,2011,127
전북,김제시,total,2012,126
전북,김제시,total,2013,132
전북,김제시,total,2014,126
전북,김제시,total,2015,135
전북,김제시,total,2016,137
전북,김제시,total,2017,145
전북,김제시,total,2018,140
전북,김제시,total,2019,138
전북,김제시,total,2020,133
전북,김제시,total,2021,143
전북,김제시,total,2022,135
전북,김제시,total,2023,131
전북,김제시,total,2024,126
전북,김제시,total,2025,129
전북,김제시,레지던트,2007,0
전북,김제시,레지던트,2008,0
전북,김제시,레지던트,2009,0
전북,김제시,레지던트,2010,0
전북,김제시,레지던트,2011,0
전북,김제시,레지던트,2012,0
전북,김제시,레지던트,2013,0
전북,김제시,레지던트,2014,0
전북,김제시,레지던트,2015,0
전북,김제시,레지던트,2016,0
전북,김제시,레지던트,2017,0
전북,김제시,레지던트,2018,0
전북,김제시,레지던트,2019,0
전북,김제시,레지던트,2020,0
전북,김제시,레지던트,2021,0
전북,김제시,레지던트,2022,0
전북,김제시,레지던트,2023,0
전북,김제시,레지던트,2024,0
전북,김제시,레지던트,2025,0
전북,김제시,인턴,2007,0
전북,김제시,인턴,2008,0
전북,김제시,인턴,2009,0
전북,김제시,인턴,2010,0
전북,김제시,인턴,2011,0
전북,김제시,인턴,2012,0
전북,김제시,인턴,2013,0
전북,김제시,인턴,2014,0
전북,김제시,인턴,2015,0
전북,김제시,인턴,2016,0
전북,김제시,인턴,2017,0
전북,김제시,인턴,2018,0
전북,김제시,인턴,2019,0
전북,김제시,인턴,2020,0
전북,김제시,인턴,2021,0
전북,김제시,인턴,2022,0
전북,김제시,인턴,2023,0
전북,김제시,인턴,2024,0
전북,김제시,인턴,2025,0
전북,김제시,일반의,2007,14
전북,김제시,일반의,2008,15
전북,김제시,일반의,2009,19
전북,김제시,일반의,2010,22
전북,김제시,일반의,2011,18
전북,김제시,일반의,2012,13
전북,김제시,일반의,2013,21
전북,김제시,일반의,2014,21
전북,김제시,일반의,2015,18
전북,김제시,일반의,2016,19
전북,김제시,일반의,2017,19
전북,김제시,일반의,2018,15
전북,김제시,일반의,2019,17
전북,김제시,일반의,2020,18
전북,김제시,일반의,2021,21
전북,김제시,일반의,2022,19
전북,김제시,일반의,2023,15
전북,김제시,일반의,2024,13
전북,김제시,일반의,2025,14
전북,김제시,전문의,2007,84
전북,김제시,전문의,2008,83
전북,김제시,전문의,2009,97
전북,김제시,전문의,2010,103
전북,김제시,전문의,2011,109
전북,김제시,전문의,2012,113
전북,김제시,전문의,2013,111
전북,김제시,전문의,2014,105
전북,김제시,전문의,2015,117
전북,김제시,전문의,2016,118
전북,김제시,전문의,2017,126
전북,김제시,전문의,2018,125
전북,김제시,전문의,2019,121
전북,김제시,전문의,2020,115
전북,김제시,전문의,2021,122
전북,김제시,전문의,2022,116
전북,김제시,전문의,2023,116
전북,김제시,전문의,2024,113
전북,김제시,전문의,2025,115
전북,남원시,total,2007,127
전북,남원시,total,2008,130
전북,남원시,total,2009,146
전북,남원시,total,2010,142
전북,남원시,total,2011,144
전북,남원시,total,2012,134
전북,남원시,total,2013,129
전북,남원시,total,2014,139
전북,남원시,total,2015,133
전북,남원시,total,2016,138
전북,남원시,total,2017,141
전북,남원시,total,2018,142
전북,남원시,total,2019,143
전북,남원시,total,2020,138
전북,남원시,total,2021,136
전북,남원시,total,2022,132
전북,남원시,total,2023,121
전북,남원시,total,2024,118
전북,남원시,total,2025,123
전북,남원시,레지던트,2007,12
전북,남원시,레지던트,2008,13
전북,남원시,레지던트,2009,15
전북,남원시,레지던트,2010,12
전북,남원시,레지던트,2011,7
전북,남원시,레지던트,2012,9
전북,남원시,레지던트,2013,7
전북,남원시,레지던트,2014,10
전북,남원시,레지던트,2015,4
전북,남원시,레지던트,2016,3
전북,남원시,레지던트,2017,4
전북,남원시,레지던트,2018,4
전북,남원시,레지던트,2019,6
전북,남원시,레지던트,2020,3
전북,남원시,레지던트,2021,0
전북,남원시,레지던트,2022,0
전북,남원시,레지던트,2023,0
전북,남원시,레지던트,2024,0
전북,남원시,레지던트,2025,0
전북,남원시,인턴,2007,0
전북,남원시,인턴,2008,0
전북,남원시,인턴,2009,0
전북,남원시,인턴,2010,0
전북,남원시,인턴,2011,0
전북,남원시,인턴,2012,0
전북,남원시,인턴,2013,0
전북,남원시,인턴,2014,0
전북,남원시,인턴,2015,0
전북,남원시,인턴,2016,0
전북,남원시,인턴,2017,0
전북,남원시,인턴,2018,0
전북,남원시,인턴,2019,0
전북,남원시,인턴,2020,0
전북,남원시,인턴,2021,0
전북,남원시,인턴,2022,1
전북,남원시,인턴,2023,0
전북,남원시,인턴,2024,0
전북,남원시,인턴,2025,0
전북,남원시,일반의,2007,15
전북,남원시,일반의,2008,16
전북,남원시,일반의,2009,20
전북,남원시,일반의,2010,22
전북,남원시,일반의,2011,20
전북,남원시,일반의,2012,13
전북,남원시,일반의,2013,9
전북,남원시,일반의,2014,9
전북,남원시,일반의,2015,7
전북,남원시,일반의,2016,10
전북,남원시,일반의,2017,14
전북,남원시,일반의,2018,17
전북,남원시,일반의,2019,14
전북,남원시,일반의,2020,19
전북,남원시,일반의,2021,21
전북,남원시,일반의,2022,22
전북,남원시,일반의,2023,17
전북,남원시,일반의,2024,12
전북,남원시,일반의,2025,12
전북,남원시,전문의,2007,100
전북,남원시,전문의,2008,101
전북,남원시,전문의,2009,111
전북,남원시,전문의,2010,108
전북,남원시,전문의,2011,117
전북,남원시,전문의,2012,112
전북,남원시,전문의,2013,113
전북,남원시,전문의,2014,120
전북,남원시,전문의,2015,122
전북,남원시,전문의,2016,125
전북,남원시,전문의,2017,123
전북,남원시,전문의,2018,121
전북,남원시,전문의,2019,123
전북,남원시,전문의,2020,116
전북,남원시,전문의,2021,115
전북,남원시,전문의,2022,109
전북,남원시,전문의,2023,104
전북,남원시,전문의,2024,106
전북,남원시,전문의,2025,111
전북,무주군,total,2007,25
전북,무주군,total,2008,20
전북,무주군,total,2009,28
전북,무주군,total,2010,31
전북,무주군,total,2011,31
전북,무주군,total,2012,31
전북,무주군,total,2013,30
전북,무주군,total,2014,30
전북,무주군,total,2015,31
전북,무주군,total,2016,29
전북,무주군,total,2017,30
전북,무주군,total,2018,29
전북,무주군,total,2019,27
전북,무주군,total,2020,28
전북,무주군,total,2021,27
전북,무주군,total,2022,27
전북,무주군,total,2023,24
전북,무주군,total,2024,24
전북,무주군,total,2025,20
전북,무주군,레지던트,2007,0
전북,무주군,레지던트,2008,0
전북,무주군,레지던트,2009,0
전북,무주군,레지던트,2010,0
전북,무주군,레지던트,2011,0
전북,무주군,레지던트,2012,0
전북,무주군,레지던트,2013,0
전북,무주군,레지던트,2014,0
전북,무주군,레지던트,2015,0
전북,무주군,레지던트,2016,0
전북,무주군,레지던트,2017,0
전북,무주군,레지던트,2018,0
전북,무주군,레지던트,2019,0
전북,무주군,레지던트,2020,0
전북,무주군,레지던트,2021,0
전북,무주군,레지던트,2022,0
전북,무주군,레지던트,2023,0
전북,무주군,레지던트,2024,0
전북,무주군,레지던트,2025,0
전북,무주군,인턴,2007,0
전북,무주군,인턴,2008,0
전북,무주군,인턴,2009,0
전북,무주군,인턴,2010,0
전북,무주군,인턴,2011,0
전북,무주군,인턴,2012,0
전북,무주군,인턴,2013,0
전북,무주군,인턴,2014,0
전북,무주군,인턴,2015,0
전북,무주군,인턴,2016,0
전북,무주군,인턴,2017,0
전북,무주군,인턴,2018,0
전북,무주군,인턴,2019,0
전북,무주군,인턴,2020,2
전북,무주군,인턴,2021,0
전북,무주군,인턴,2022,0
전북,무주군,인턴,2023,0
전북,무주군,인턴,2024,0
전북,무주군,인턴,2025,0
전북,무주군,일반의,2007,8
전북,무주군,일반의,2008,5
전북,무주군,일반의,2009,8
전북,무주군,일반의,2010,9
전북,무주군,일반의,2011,8
전북,무주군,일반의,2012,8
전북,무주군,일반의,2013,7
전북,무주군,일반의,2014,6
전북,무주군,일반의,2015,8
전북,무주군,일반의,2016,7
전북,무주군,일반의,2017,8
전북,무주군,일반의,2018,9
전북,무주군,일반의,2019,13
전북,무주군,일반의,2020,11
전북,무주군,일반의,2021,12
전북,무주군,일반의,2022,11
전북,무주군,일반의,2023,11
전북,무주군,일반의,2024,9
전북,무주군,일반의,2025,6
전북,무주군,전문의,2007,17
전북,무주군,전문의,2008,15
전북,무주군,전문의,2009,20
전북,무주군,전문의,2010,22
전북,무주군,전문의,2011,23
전북,무주군,전문의,2012,23
전북,무주군,전문의,2013,23
전북,무주군,전문의,2014,24
전북,무주군,전문의,2015,23
전북,무주군,전문의,2016,22
전북,무주군,전문의,2017,22
전북,무주군,전문의,2018,20
전북,무주군,전문의,2019,14
전북,무주군,전문의,2020,15
전북,무주군,전문의,2021,15
전북,무주군,전문의,2022,16
전북,무주군,전문의,2023,13
전북,무주군,전문의,2024,15
전북,무주군,전문의,2025,14
전북,부안군,total,2007,71
전북,부안군,total,2008,73
전북,부안군,total,2009,76
전북,부안군,total,2010,77
전북,부안군,total,2011,76
전북,부안군,total,2012,77
전북,부안군,total,2013,72
전북,부안군,total,2014,74
전북,부안군,total,2015,82
전북,부안군,total,2016,81
전북,부안군,total,2017,80
전북,부안군,total,2018,84
전북,부안군,total,2019,79
전북,부안군,total,2020,78
전북,부안군,total,2021,71
전북,부안군,total,2022,75
전북,부안군,total,2023,64
전북,부안군,total,2024,67
전북,부안군,total,2025,67
전북,부안군,레지던트,2007,0
전북,부안군,레지던트,2008,0
전북,부안군,레지던트,2009,0
전북,부안군,레지던트,2010,0
전북,부안군,레지던트,2011,0
전북,부안군,레지던트,2012,0
전북,부안군,레지던트,2013,0
전북,부안군,레지던트,2014,0
전북,부안군,레지던트,2015,0
전북,부안군,레지던트,2016,0
전북,부안군,레지던트,2017,0
전북,부안군,레지던트,2018,0
전북,부안군,레지던트,2019,0
전북,부안군,레지던트,2020,0
전북,부안군,레지던트,2021,0
전북,부안군,레지던트,2022,0
전북,부안군,레지던트,2023,0
전북,부안군,레지던트,2024,0
전북,부안군,레지던트,2025,0
전북,부안군,인턴,2007,0
전북,부안군,인턴,2008,0
전북,부안군,인턴,2009,0
전북,부안군,인턴,2010,0
전북,부안군,인턴,2011,0
전북,부안군,인턴,2012,0
전북,부안군,인턴,2013,0
전북,부안군,인턴,2014,0
전북,부안군,인턴,2015,0
전북,부안군,인턴,2016,0
전북,부안군,인턴,2017,0
전북,부안군,인턴,2018,0
전북,부안군,인턴,2019,0
전북,부안군,인턴,2020,1
전북,부안군,인턴,2021,0
전북,부안군,인턴,2022,0
전북,부안군,인턴,2023,1
전북,부안군,인턴,2024,1
전북,부안군,인턴,2025,0
전북,부안군,일반의,2007,14
전북,부안군,일반의,2008,17
전북,부안군,일반의,2009,20
전북,부안군,일반의,2010,19
전북,부안군,일반의,2011,16
전북,부안군,일반의,2012,13
전북,부안군,일반의,2013,12
전북,부안군,일반의,2014,11
전북,부안군,일반의,2015,11
전북,부안군,일반의,2016,9
전북,부안군,일반의,2017,11
전북,부안군,일반의,2018,11
전북,부안군,일반의,2019,12
전북,부안군,일반의,2020,15
전북,부안군,일반의,2021,17
전북,부안군,일반의,2022,19
전북,부안군,일반의,2023,10
전북,부안군,일반의,2024,12
전북,부안군,일반의,2025,17
전북,부안군,전문의,2007,57
전북,부안군,전문의,2008,56
전북,부안군,전문의,2009,56
전북,부안군,전문의,2010,58
전북,부안군,전문의,2011,60
전북,부안군,전문의,2012,64
전북,부안군,전문의,2013,60
전북,부안군,전문의,2014,63
전북,부안군,전문의,2015,71
전북,부안군,전문의,2016,72
전북,부안군,전문의,2017,69
전북,부안군,전문의,2018,73
전북,부안군,전문의,2019,67
전북,부안군,전문의,2020,62
전북,부안군,전문의,2021,54
전북,부안군,전문의,2022,56
전북,부안군,전문의,2023,53
전북,부안군,전문의,2024,54
전북,부안군,전문의,2025,50
전북,순창군,total,2007,32
전북,순창군,total,2008,31
전북,순창군,total,2009,40
전북,순창군,total,2010,45
전북,순창군,total,2011,46
전북,순창군,total,2012,47
전북,순창군,total,2013,46
전북,순창군,total,2014,48
전북,순창군,total,2015,46
전북,순창군,total,2016,48
전북,순창군,total,2017,47
전북,순창군,total,2018,45
전북,순창군,total,2019,45
전북,순창군,total,2020,38
전북,순창군,total,2021,33
전북,순창군,total,2022,42
전북,순창군,total,2023,29
전북,순창군,total,2024,35
전북,순창군,total,2025,29
전북,순창군,레지던트,2007,0
전북,순창군,레지던트,2008,0
전북,순창군,레지던트,2009,0
전북,순창군,레지던트,2010,0
전북,순창군,레지던트,2011,0
전북,순창군,레지던트,2012,0
전북,순창군,레지던트,2013,0
전북,순창군,레지던트,2014,0
전북,순창군,레지던트,2015,0
전북,순창군,레지던트,2016,0
전북,순창군,레지던트,2017,0
전북,순창군,레지던트,2018,0
전북,순창군,레지던트,2019,0
전북,순창군,레지던트,2020,0
전북,순창군,레지던트,2021,0
전북,순창군,레지던트,2022,0
전북,순창군,레지던트,2023,0
전북,순창군,레지던트,2024,0
전북,순창군,레지던트,2025,0
전북,순창군,인턴,2007,0
전북,순창군,인턴,2008,0
전북,순창군,인턴,2009,0
전북,순창군,인턴,2010,0
전북,순창군,인턴,2011,0
전북,순창군,인턴,2012,0
전북,순창군,인턴,2013,0
전북,순창군,인턴,2014,0
전북,순창군,인턴,2015,0
전북,순창군,인턴,2016,0
전북,순창군,인턴,2017,0
전북,순창군,인턴,2018,0
전북,순창군,인턴,2019,0
전북,순창군,인턴,2020,0
전북,순창군,인턴,2021,0
전북,순창군,인턴,2022,0
전북,순창군,인턴,2023,0
전북,순창군,인턴,2024,0
전북,순창군,인턴,2025,0
전북,순창군,일반의,2007,11
전북,순창군,일반의,2008,9
전북,순창군,일반의,2009,14
전북,순창군,일반의,2010,16
전북,순창군,일반의,2011,15
전북,순창군,일반의,2012,19
전북,순창군,일반의,2013,15
전북,순창군,일반의,2014,18
전북,순창군,일반의,2015,15
전북,순창군,일반의,2016,15
전북,순창군,일반의,2017,15
전북,순창군,일반의,2018,12
전북,순창군,일반의,2019,17
전북,순창군,일반의,2020,13
전북,순창군,일반의,2021,9
전북,순창군,일반의,2022,13
전북,순창군,일반의,2023,7
전북,순창군,일반의,2024,10
전북,순창군,일반의,2025,5
전북,순창군,전문의,2007,21
전북,순창군,전문의,2008,22
전북,순창군,전문의,2009,26
전북,순창군,전문의,2010,29
전북,순창군,전문의,2011,31
전북,순창군,전문의,2012,28
전북,순창군,전문의,2013,31
전북,순창군,전문의,2014,30
전북,순창군,전문의,2015,31
전북,순창군,전문의,2016,33
전북,순창군,전문의,2017,32
전북,순창군,전문의,2018,33
전북,순창군,전문의,2019,28
전북,순창군,전문의,2020,25
전북,순창군,전문의,2021,24
전북,순창군,전문의,2022,29
전북,순창군,전문의,2023,22
전북,순창군,전문의,2024,25
전북,순창군,전문의,2025,24
전북,완주군,total,2007,59
전북,완주군,total,2008,64
전북,완주군,total,2009,80
전북,완주군,total,2010,87
전북,완주군,total,2011,76
전북,완주군,total,2012,86
전북,완주군,total,2013,86
전북,완주군,total,2014,92
전북,완주군,total,2015,99
전북,완주군,total,2016,108
전북,완주군,total,2017,107
전북,완주군,total,2018,119
전북,완주군,total,2019,117
전북,완주군,total,2020,113
전북,완주군,total,2021,113
전북,완주군,total,2022,112
전북,완주군,total,2023,105
전북,완주군,total,2024,109
전북,완주군,total,2025,108
전북,완주군,레지던트,2007,0
전북,완주군,레지던트,2008,0
전북,완주군,레지던트,2009,0
전북,완주군,레지던트,2010,0
전북,완주군,레지던트,2011,0
전북,완주군,레지던트,2012,1
전북,완주군,레지던트,2013,2
전북,완주군,레지던트,2014,3
전북,완주군,레지던트,2015,3
전북,완주군,레지던트,2016,3
전북,완주군,레지던트,2017,3
전북,완주군,레지던트,2018,3
전북,완주군,레지던트,2019,3
전북,완주군,레지던트,2020,2
전북,완주군,레지던트,2021,3
전북,완주군,레지던트,2022,3
전북,완주군,레지던트,2023,2
전북,완주군,레지던트,2024,3
전북,완주군,레지던트,2025,3
전북,완주군,인턴,2007,0
전북,완주군,인턴,2008,0
전북,완주군,인턴,2009,0
전북,완주군,인턴,2010,0
전북,완주군,인턴,2011,0
전북,완주군,인턴,2012,0
전북,완주군,인턴,2013,0
전북,완주군,인턴,2014,0
전북,완주군,인턴,2015,0
전북,완주군,인턴,2016,0
전북,완주군,인턴,2017,0
전북,완주군,인턴,2018,0
전북,완주군,인턴,2019,0
전북,완주군,인턴,2020,0
전북,완주군,인턴,2021,0
전북,완주군,인턴,2022,0
전북,완주군,인턴,2023,0
전북,완주군,인턴,2024,0
전북,완주군,인턴,2025,0
전북,완주군,일반의,2007,13
전북,완주군,일반의,2008,18
전북,완주군,일반의,2009,22
전북,완주군,일반의,2010,23
전북,완주군,일반의,2011,17
전북,완주군,일반의,2012,16
전북,완주군,일반의,2013,17
전북,완주군,일반의,2014,19
전북,완주군,일반의,2015,17
전북,완주군,일반의,2016,17
전북,완주군,일반의,2017,16
전북,완주군,일반의,2018,16
전북,완주군,일반의,2019,16
전북,완주군,일반의,2020,18
전북,완주군,일반의,2021,21
전북,완주군,일반의,2022,21
전북,완주군,일반의,2023,16
전북,완주군,일반의,2024,17
전북,완주군,일반의,2025,16
전북,완주군,전문의,2007,46
전북,완주군,전문의,2008,46
전북,완주군,전문의,2009,58
전북,완주군,전문의,2010,64
전북,완주군,전문의,2011,59
전북,완주군,전문의,2012,69
전북,완주군,전문의,2013,67
전북,완주군,전문의,2014,70
전북,완주군,전문의,2015,79
전북,완주군,전문의,2016,88
전북,완주군,전문의,2017,88
전북,완주군,전문의,2018,100
전북,완주군,전문의,2019,98
전북,완주군,전문의,2020,93
전북,완주군,전문의,2021,89
전북,완주군,전문의,2022,88
전북,완주군,전문의,2023,87
전북,완주군,전문의,2024,89
전북,완주군,전문의,2025,89
전북,익산시,total,2007,507
전북,익산시,total,2008,515
전북,익산시,total,2009,518
전북,익산시,total,2010,535
전북,익산시,total,2011,574
전북,익산시,total,2012,545
전북,익산시,total,2013,572
전북,익산시,total,2014,588
전북,익산시,total,2015,603
전북,익산시,total,2016,607
전북,익산시,total,2017,614
전북,익산시,total,2018,629
전북,익산시,total,2019,632
전북,익산시,total,2020,639
전북,익산시,total,2021,638
전북,익산시,total,2022,652
전북,익산시,total,2023,650
전북,익산시,total,2024,617
전북,익산시,total,2025,527
전북,익산시,레지던트,2007,21
전북,익산시,레지던트,2008,32
전북,익산시,레지던트,2009,131
전북,익산시,레지던트,2010,125
전북,익산시,레지던트,2011,113
전북,익산시,레지던트,2012,120
전북,익산시,레지던트,2013,119
전북,익산시,레지던트,2014,119
전북,익산시,레지던트,2015,111
전북,익산시,레지던트,2016,106
전북,익산시,레지던트,2017,97
전북,익산시,레지던트,2018,98
전북,익산시,레지던트,2019,93
전북,익산시,레지던트,2020,95
전북,익산시,레지던트,2021,91
전북,익산시,레지던트,2022,95
전북,익산시,레지던트,2023,90
전북,익산시,레지던트,2024,71
전북,익산시,레지던트,2025,2
전북,익산시,인턴,2007,123
전북,익산시,인턴,2008,108
전북,익산시,인턴,2009,0
전북,익산시,인턴,2010,0
전북,익산시,인턴,2011,33
전북,익산시,인턴,2012,0
전북,익산시,인턴,2013,17
전북,익산시,인턴,2014,29
전북,익산시,인턴,2015,32
전북,익산시,인턴,2016,30
전북,익산시,인턴,2017,23
전북,익산시,인턴,2018,27
전북,익산시,인턴,2019,28
전북,익산시,인턴,2020,24
전북,익산시,인턴,2021,26
전북,익산시,인턴,2022,32
전북,익산시,인턴,2023,30
전북,익산시,인턴,2024,24
전북,익산시,인턴,2025,1
전북,익산시,일반의,2007,38
전북,익산시,일반의,2008,41
전북,익산시,일반의,2009,40
전북,익산시,일반의,2010,55
전북,익산시,일반의,2011,45
전북,익산시,일반의,2012,45
전북,익산시,일반의,2013,39
전북,익산시,일반의,2014,37
전북,익산시,일반의,2015,40
전북,익산시,일반의,2016,36
전북,익산시,일반의,2017,33
전북,익산시,일반의,2018,36
전북,익산시,일반의,2019,40
전북,익산시,일반의,2020,36
전북,익산시,일반의,2021,42
전북,익산시,일반의,2022,38
전북,익산시,일반의,2023,35
전북,익산시,일반의,2024,37
전북,익산시,일반의,2025,49
전북,익산시,전문의,2007,325
전북,익산시,전문의,2008,334
전북,익산시,전문의,2009,347
전북,익산시,전문의,2010,355
전북,익산시,전문의,2011,383
전북,익산시,전문의,2012,380
전북,익산시,전문의,2013,397
전북,익산시,전문의,2014,403
전북,익산시,전문의,2015,420
전북,익산시,전문의,2016,435
전북,익산시,전문의,2017,461
전북,익산시,전문의,2018,468
전북,익산시,전문의,2019,471
전북,익산시,전문의,2020,484
전북,익산시,전문의,2021,479
전북,익산시,전문의,2022,487
전북,익산시,전문의,2023,495
전북,익산시,전문의,2024,485
전북,익산시,전문의,2025,475
전북,임실군,total,2007,37
전북,임실군,total,2008,39
전북,임실군,total,2009,42
전북,임실군,total,2010,39
전북,임실군,total,2011,39
전북,임실군,total,2012,37
전북,임실군,total,2013,37
전북,임실군,total,2014,39
전북,임실군,total,2015,38
전북,임실군,total,2016,39
전북,임실군,total,2017,39
전북,임실군,total,2018,43
전북,임실군,total,2019,44
전북,임실군,total,2020,40
전북,임실군,total,2021,41
전북,임실군,total,2022,40
전북,임실군,total,2023,31
전북,임실군,total,2024,33
전북,임실군,total,2025,30
전북,임실군,레지던트,2007,0
전북,임실군,레지던트,2008,0
전북,임실군,레지던트,2009,0
전북,임실군,레지던트,2010,0
전북,임실군,레지던트,2011,0
전북,임실군,레지던트,2012,0
전북,임실군,레지던트,2013,0
전북,임실군,레지던트,2014,0
전북,임실군,레지던트,2015,0
전북,임실군,레지던트,2016,0
전북,임실군,레지던트,2017,0
전북,임실군,레지던트,2018,0
전북,임실군,레지던트,2019,0
전북,임실군,레지던트,2020,0
전북,임실군,레지던트,2021,0
전북,임실군,레지던트,2022,0
전북,임실군,레지던트,2023,0
전북,임실군,레지던트,2024,0
전북,임실군,레지던트,2025,0
전북,임실군,인턴,2007,0
전북,임실군,인턴,2008,0
전북,임실군,인턴,2009,0
전북,임실군,인턴,2010,0
전북,임실군,인턴,2011,0
전북,임실군,인턴,2012,0
전북,임실군,인턴,2013,0
전북,임실군,인턴,2014,0
전북,임실군,인턴,2015,0
전북,임실군,인턴,2016,0
전북,임실군,인턴,2017,0
전북,임실군,인턴,2018,0
전북,임실군,인턴,2019,0
전북,임실군,인턴,2020,2
전북,임실군,인턴,2021,1
전북,임실군,인턴,2022,3
전북,임실군,인턴,2023,0
전북,임실군,인턴,2024,0
전북,임실군,인턴,2025,0
전북,임실군,일반의,2007,11
전북,임실군,일반의,2008,11
전북,임실군,일반의,2009,10
전북,임실군,일반의,2010,12
전북,임실군,일반의,2011,11
전북,임실군,일반의,2012,10
전북,임실군,일반의,2013,6
전북,임실군,일반의,2014,6
전북,임실군,일반의,2015,7
전북,임실군,일반의,2016,8
전북,임실군,일반의,2017,7
전북,임실군,일반의,2018,8
전북,임실군,일반의,2019,12
전북,임실군,일반의,2020,9
전북,임실군,일반의,2021,9
전북,임실군,일반의,2022,7
전북,임실군,일반의,2023,6
전북,임실군,일반의,2024,6
전북,임실군,일반의,2025,3
전북,임실군,전문의,2007,26
전북,임실군,전문의,2008,28
전북,임실군,전문의,2009,32
전북,임실군,전문의,2010,27
전북,임실군,전문의,2011,28
전북,임실군,전문의,2012,27
전북,임실군,전문의,2013,31
전북,임실군,전문의,2014,33
전북,임실군,전문의,2015,31
전북,임실군,전문의,2016,31
전북,임실군,전문의,2017,32
전북,임실군,전문의,2018,35
전북,임실군,전문의,2019,32
전북,임실군,전문의,2020,29
전북,임실군,전문의,2021,31
전북,임실군,전문의,2022,30
전북,임실군,전문의,2023,25
전북,임실군,전문의,2024,27
전북,임실군,전문의,2025,27
전북,장수군,total,2007,23
전북,장수군,total,2008,19
전북,장수군,total,2009,22
전북,장수군,total,2010,24
전북,장수군,total,2011,25
전북,장수군,total,2012,24
전북,장수군,total,2013,24
전북,장수군,total,2014,23
전북,장수군,total,2015,23
전북,장수군,total,2016,23
전북,장수군,total,2017,24
전북,장수군,total,2018,24
전북,장수군,total,2019,24
전북,장수군,total,2020,25
전북,장수군,total,2021,21
전북,장수군,total,2022,22
전북,장수군,total,2023,13
전북,장수군,total,2024,18
전북,장수군,total,2025,18
전북,장수군,레지던트,2007,0
전북,장수군,레지던트,2008,0
전북,장수군,레지던트,2009,0
전북,장수군,레지던트,2010,0
전북,장수군,레지던트,2011,0
전북,장수군,레지던트,2012,0
전북,장수군,레지던트,2013,0
전북,장수군,레지던트,2014,0
전북,장수군,레지던트,2015,0
전북,장수군,레지던트,2016,0
전북,장수군,레지던트,2017,0
전북,장수군,레지던트,2018,0
전북,장수군,레지던트,2019,0
전북,장수군,레지던트,2020,0
전북,장수군,레지던트,2021,0
전북,장수군,레지던트,2022,0
전북,장수군,레지던트,2023,0
전북,장수군,레지던트,2024,0
전북,장수군,레지던트,2025,0
전북,장수군,인턴,2007,0
전북,장수군,인턴,2008,0
전북,장수군,인턴,2009,0
전북,장수군,인턴,2010,0
전북,장수군,인턴,2011,0
전북,장수군,인턴,2012,0
전북,장수군,인턴,2013,0
전북,장수군,인턴,2014,0
전북,장수군,인턴,2015,0
전북,장수군,인턴,2016,0
전북,장수군,인턴,2017,0
전북,장수군,인턴,2018,0
전북,장수군,인턴,2019,0
전북,장수군,인턴,2020,0
전북,장수군,인턴,2021,0
전북,장수군,인턴,2022,1
전북,장수군,인턴,2023,0
전북,장수군,인턴,2024,2
전북,장수군,인턴,2025,0
전북,장수군,일반의,2007,9
전북,장수군,일반의,2008,8
전북,장수군,일반의,2009,8
전북,장수군,일반의,2010,7
전북,장수군,일반의,2011,7
전북,장수군,일반의,2012,5
전북,장수군,일반의,2013,5
전북,장수군,일반의,2014,4
전북,장수군,일반의,2015,4
전북,장수군,일반의,2016,5
전북,장수군,일반의,2017,5
전북,장수군,일반의,2018,3
전북,장수군,일반의,2019,7
전북,장수군,일반의,2020,9
전북,장수군,일반의,2021,8
전북,장수군,일반의,2022,6
전북,장수군,일반의,2023,5
전북,장수군,일반의,2024,3
전북,장수군,일반의,2025,3
전북,장수군,전문의,2007,14
전북,장수군,전문의,2008,11
전북,장수군,전문의,2009,14
전북,장수군,전문의,2010,17
전북,장수군,전문의,2011,18
전북,장수군,전문의,2012,19
전북,장수군,전문의,2013,19
전북,장수군,전문의,2014,19
전북,장수군,전문의,2015,19
전북,장수군,전문의,2016,18
전북,장수군,전문의,2017,19
전북,장수군,전문의,2018,21
전북,장수군,전문의,2019,17
전북,장수군,전문의,2020,16
전북,장수군,전문의,2021,13
전북,장수군,전문의,2022,15
전북,장수군,전문의,2023,8
전북,장수군,전문의,2024,13
전북,장수군,전문의,2025,15
전북,전주시 덕진구,total,2007,653
전북,전주시 덕진구,total,2008,643
전북,전주시 덕진구,total,2009,683
전북,전주시 덕진구,total,2010,655
전북,전주시 덕진구,total,2011,706
전북,전주시 덕진구,total,2012,689
전북,전주시 덕진구,total,2013,758
전북,전주시 덕진구,total,2014,778
전북,전주시 덕진구,total,2015,812
전북,전주시 덕진구,total,2016,820
전북,전주시 덕진구,total,2017,866
전북,전주시 덕진구,total,2018,878
전북,전주시 덕진구,total,2019,920
전북,전주시 덕진구,total,2020,922
전북,전주시 덕진구,total,2021,937
전북,전주시 덕진구,total,2022,950
전북,전주시 덕진구,total,2023,980
전북,전주시 덕진구,total,2024,942
전북,전주시 덕진구,total,2025,847
전북,전주시 덕진구,레지던트,2007,181
전북,전주시 덕진구,레지던트,2008,182
전북,전주시 덕진구,레지던트,2009,180
전북,전주시 덕진구,레지던트,2010,178
전북,전주시 덕진구,레지던트,2011,173
전북,전주시 덕진구,레지던트,2012,190
전북,전주시 덕진구,레지던트,2013,190
전북,전주시 덕진구,레지던트,2014,178
전북,전주시 덕진구,레지던트,2015,176
전북,전주시 덕진구,레지던트,2016,166
전북,전주시 덕진구,레지던트,2017,157
전북,전주시 덕진구,레지던트,2018,155
전북,전주시 덕진구,레지던트,2019,153
전북,전주시 덕진구,레지던트,2020,135
전북,전주시 덕진구,레지던트,2021,131
전북,전주시 덕진구,레지던트,2022,134
전북,전주시 덕진구,레지던트,2023,139
전북,전주시 덕진구,레지던트,2024,148
전북,전주시 덕진구,레지던트,2025,8
전북,전주시 덕진구,인턴,2007,50
전북,전주시 덕진구,인턴,2008,32
전북,전주시 덕진구,인턴,2009,46
전북,전주시 덕진구,인턴,2010,1
전북,전주시 덕진구,인턴,2011,45
전북,전주시 덕진구,인턴,2012,1
전북,전주시 덕진구,인턴,2013,31
전북,전주시 덕진구,인턴,2014,40
전북,전주시 덕진구,인턴,2015,48
전북,전주시 덕진구,인턴,2016,40
전북,전주시 덕진구,인턴,2017,44
전북,전주시 덕진구,인턴,2018,41
전북,전주시 덕진구,인턴,2019,37
전북,전주시 덕진구,인턴,2020,45
전북,전주시 덕진구,인턴,2021,47
전북,전주시 덕진구,인턴,2022,43
전북,전주시 덕진구,인턴,2023,47
전북,전주시 덕진구,인턴,2024,1
전북,전주시 덕진구,인턴,2025,2
전북,전주시 덕진구,일반의,2007,13
전북,전주시 덕진구,일반의,2008,12
전북,전주시 덕진구,일반의,2009,24
전북,전주시 덕진구,일반의,2010,26
전북,전주시 덕진구,일반의,2011,27
전북,전주시 덕진구,일반의,2012,25
전북,전주시 덕진구,일반의,2013,25
전북,전주시 덕진구,일반의,2014,18
전북,전주시 덕진구,일반의,2015,12
전북,전주시 덕진구,일반의,2016,18
전북,전주시 덕진구,일반의,2017,21
전북,전주시 덕진구,일반의,2018,21
전북,전주시 덕진구,일반의,2019,21
전북,전주시 덕진구,일반의,2020,19
전북,전주시 덕진구,일반의,2021,19
전북,전주시 덕진구,일반의,2022,22
전북,전주시 덕진구,일반의,2023,24
전북,전주시 덕진구,일반의,2024,22
전북,전주시 덕진구,일반의,2025,58
전북,전주시 덕진구,전문의,2007,409
전북,전주시 덕진구,전문의,2008,417
전북,전주시 덕진구,전문의,2009,433
전북,전주시 덕진구,전문의,2010,450
전북,전주시 덕진구,전문의,2011,461
전북,전주시 덕진구,전문의,2012,473
전북,전주시 덕진구,전문의,2013,512
전북,전주시 덕진구,전문의,2014,542
전북,전주시 덕진구,전문의,2015,576
전북,전주시 덕진구,전문의,2016,596
전북,전주시 덕진구,전문의,2017,644
전북,전주시 덕진구,전문의,2018,661
전북,전주시 덕진구,전문의,2019,709
전북,전주시 덕진구,전문의,2020,723
전북,전주시 덕진구,전문의,2021,740
전북,전주시 덕진구,전문의,2022,751
전북,전주시 덕진구,전문의,2023,770
전북,전주시 덕진구,전문의,2024,771
전북,전주시 덕진구,전문의,2025,779
전북,전주시 완산구,total,2007,588
전북,전주시 완산구,total,2008,590
전북,전주시 완산구,total,2009,611
전북,전주시 완산구,total,2010,634
전북,전주시 완산구,total,2011,641
전북,전주시 완산구,total,2012,667
전북,전주시 완산구,total,2013,703
전북,전주시 완산구,total,2014,760
전북,전주시 완산구,total,2015,799
전북,전주시 완산구,total,2016,807
전북,전주시 완산구,total,2017,816
전북,전주시 완산구,total,2018,819
전북,전주시 완산구,total,2019,808
전북,전주시 완산구,total,2020,810
전북,전주시 완산구,total,2021,830
전북,전주시 완산구,total,2022,855
전북,전주시 완산구,total,2023,875
전북,전주시 완산구,total,2024,881
전북,전주시 완산구,total,2025,867
전북,전주시 완산구,레지던트,2007,85
전북,전주시 완산구,레지던트,2008,84
전북,전주시 완산구,레지던트,2009,85
전북,전주시 완산구,레지던트,2010,77
전북,전주시 완산구,레지던트,2011,69
전북,전주시 완산구,레지던트,2012,61
전북,전주시 완산구,레지던트,2013,59
전북,전주시 완산구,레지던트,2014,69
전북,전주시 완산구,레지던트,2015,68
전북,전주시 완산구,레지던트,2016,75
전북,전주시 완산구,레지던트,2017,74
전북,전주시 완산구,레지던트,2018,64
전북,전주시 완산구,레지던트,2019,66
전북,전주시 완산구,레지던트,2020,53
전북,전주시 완산구,레지던트,2021,56
전북,전주시 완산구,레지던트,2022,45
전북,전주시 완산구,레지던트,2023,58
전북,전주시 완산구,레지던트,2024,59
전북,전주시 완산구,레지던트,2025,21
전북,전주시 완산구,인턴,2007,26
전북,전주시 완산구,인턴,2008,18
전북,전주시 완산구,인턴,2009,13
전북,전주시 완산구,인턴,2010,12
전북,전주시 완산구,인턴,2011,10
전북,전주시 완산구,인턴,2012,15
전북,전주시 완산구,인턴,2013,17
전북,전주시 완산구,인턴,2014,11
전북,전주시 완산구,인턴,2015,17
전북,전주시 완산구,인턴,2016,10
전북,전주시 완산구,인턴,2017,11
전북,전주시 완산구,인턴,2018,11
전북,전주시 완산구,인턴,2019,7
전북,전주시 완산구,인턴,2020,16
전북,전주시 완산구,인턴,2021,8
전북,전주시 완산구,인턴,2022,24
전북,전주시 완산구,인턴,2023,17
전북,전주시 완산구,인턴,2024,19
전북,전주시 완산구,인턴,2025,7
전북,전주시 완산구,일반의,2007,23
전북,전주시 완산구,일반의,2008,25
전북,전주시 완산구,일반의,2009,27
전북,전주시 완산구,일반의,2010,27
전북,전주시 완산구,일반의,2011,31
전북,전주시 완산구,일반의,2012,30
전북,전주시 완산구,일반의,2013,35
전북,전주시 완산구,일반의,2014,41
전북,전주시 완산구,일반의,2015,39
전북,전주시 완산구,일반의,2016,38
전북,전주시 완산구,일반의,2017,42
전북,전주시 완산구,일반의,2018,45
전북,전주시 완산구,일반의,2019,43
전북,전주시 완산구,일반의,2020,36
전북,전주시 완산구,일반의,2021,45
전북,전주시 완산구,일반의,2022,41
전북,전주시 완산구,일반의,2023,44
전북,전주시 완산구,일반의,2024,41
전북,전주시 완산구,일반의,2025,78
전북,전주시 완산구,전문의,2007,454
전북,전주시 완산구,전문의,2008,463
전북,전주시 완산구,전문의,2009,486
전북,전주시 완산구,전문의,2010,518
전북,전주시 완산구,전문의,2011,531
전북,전주시 완산구,전문의,2012,561
전북,전주시 완산구,전문의,2013,592
전북,전주시 완산구,전문의,2014,639
전북,전주시 완산구,전문의,2015,675
전북,전주시 완산구,전문의,2016,684
전북,전주시 완산구,전문의,2017,689
전북,전주시 완산구,전문의,2018,699
전북,전주시 완산구,전문의,2019,692
전북,전주시 완산구,전문의,2020,705
전북,전주시 완산구,전문의,2021,721
전북,전주시 완산구,전문의,2022,745
전북,전주시 완산구,전문의,2023,756
전북,전주시 완산구,전문의,2024,762
전북,전주시 완산구,전문의,2025,761
전북,정읍시,total,2007,149
전북,정읍시,total,2008,157
전북,정읍시,total,2009,161
전북,정읍시,total,2010,162
전북,정읍시,total,2011,169
전북,정읍시,total,2012,158
전북,정읍시,total,2013,157
전북,정읍시,total,2014,156
전북,정읍시,total,2015,156
전북,정읍시,total,2016,161
전북,정읍시,total,2017,163
전북,정읍시,total,2018,172
전북,정읍시,total,2019,158
전북,정읍시,total,2020,159
전북,정읍시,total,2021,162
전북,정읍시,total,2022,157
전북,정읍시,total,2023,165
전북,정읍시,total,2024,165
전북,정읍시,total,2025,167
전북,정읍시,레지던트,2007,6
전북,정읍시,레지던트,2008,11
전북,정읍시,레지던트,2009,15
전북,정읍시,레지던트,2010,15
전북,정읍시,레지던트,2011,14
전북,정읍시,레지던트,2012,11
전북,정읍시,레지던트,2013,7
전북,정읍시,레지던트,2014,5
전북,정읍시,레지던트,2015,0
전북,정읍시,레지던트,2016,0
전북,정읍시,레지던트,2017,0
전북,정읍시,레지던트,2018,0
전북,정읍시,레지던트,2019,0
전북,정읍시,레지던트,2020,0
전북,정읍시,레지던트,2021,0
전북,정읍시,레지던트,2022,0
전북,정읍시,레지던트,2023,0
전북,정읍시,레지던트,2024,0
전북,정읍시,레지던트,2025,0
전북,정읍시,인턴,2007,0
전북,정읍시,인턴,2008,0
전북,정읍시,인턴,2009,0
전북,정읍시,인턴,2010,0
전북,정읍시,인턴,2011,0
전북,정읍시,인턴,2012,0
전북,정읍시,인턴,2013,0
전북,정읍시,인턴,2014,0
전북,정읍시,인턴,2015,0
전북,정읍시,인턴,2016,0
전북,정읍시,인턴,2017,0
전북,정읍시,인턴,2018,0
전북,정읍시,인턴,2019,1
전북,정읍시,인턴,2020,1
전북,정읍시,인턴,2021,0
전북,정읍시,인턴,2022,0
전북,정읍시,인턴,2023,0
전북,정읍시,인턴,2024,0
전북,정읍시,인턴,2025,0
전북,정읍시,일반의,2007,30
전북,정읍시,일반의,2008,25
전북,정읍시,일반의,2009,29
전북,정읍시,일반의,2010,29
전북,정읍시,일반의,2011,35
전북,정읍시,일반의,2012,26
전북,정읍시,일반의,2013,26
전북,정읍시,일반의,2014,24
전북,정읍시,일반의,2015,21
전북,정읍시,일반의,2016,22
전북,정읍시,일반의,2017,22
전북,정읍시,일반의,2018,24
전북,정읍시,일반의,2019,24
전북,정읍시,일반의,2020,24
전북,정읍시,일반의,2021,29
전북,정읍시,일반의,2022,29
전북,정읍시,일반의,2023,21
전북,정읍시,일반의,2024,18
전북,정읍시,일반의,2025,26
전북,정읍시,전문의,2007,113
전북,정읍시,전문의,2008,121
전북,정읍시,전문의,2009,117
전북,정읍시,전문의,2010,118
전북,정읍시,전문의,2011,120
전북,정읍시,전문의,2012,121
전북,정읍시,전문의,2013,124
전북,정읍시,전문의,2014,127
전북,정읍시,전문의,2015,135
전북,정읍시,전문의,2016,139
전북,정읍시,전문의,2017,141
전북,정읍시,전문의,2018,148
전북,정읍시,전문의,2019,133
전북,정읍시,전문의,2020,134
전북,정읍시,전문의,2021,133
전북,정읍시,전문의,2022,128
전북,정읍시,전문의,2023,144
전북,정읍시,전문의,2024,147
전북,정읍시,전문의,2025,141
전북,진안군,total,2007,30
전북,진안군,total,2008,29
전북,진안군,total,2009,33
전북,진안군,total,2010,32
전북,진안군,total,2011,32
전북,진안군,total,2012,29
전북,진안군,total,2013,30
전북,진안군,total,2014,31
전북,진안군,total,2015,34
전북,진안군,total,2016,39
전북,진안군,total,2017,38
전북,진안군,total,2018,37
전북,진안군,total,2019,38
전북,진안군,total,2020,38
전북,진안군,total,2021,37
전북,진안군,total,2022,32
전북,진안군,total,2023,32
전북,진안군,total,2024,32
전북,진안군,total,2025,29
전북,진안군,레지던트,2007,0
전북,진안군,레지던트,2008,0
전북,진안군,레지던트,2009,0
전북,진안군,레지던트,2010,0
전북,진안군,레지던트,2011,0
전북,진안군,레지던트,2012,0
전북,진안군,레지던트,2013,0
전북,진안군,레지던트,2014,0
전북,진안군,레지던트,2015,0
전북,진안군,레지던트,2016,0
전북,진안군,레지던트,2017,0
전북,진안군,레지던트,2018,0
전북,진안군,레지던트,2019,0
전북,진안군,레지던트,2020,0
전북,진안군,레지던트,2021,0
전북,진안군,레지던트,2022,0
전북,진안군,레지던트,2023,0
전북,진안군,레지던트,2024,0
전북,진안군,레지던트,2025,0
전북,진안군,인턴,2007,0
전북,진안군,인턴,2008,0
전북,진안군,인턴,2009,0
전북,진안군,인턴,2010,0
전북,진안군,인턴,2011,0
전북,진안군,인턴,2012,0
전북,진안군,인턴,2013,0
전북,진안군,인턴,2014,0
전북,진안군,인턴,2015,0
전북,진안군,인턴,2016,0
전북,진안군,인턴,2017,0
전북,진안군,인턴,2018,0
전북,진안군,인턴,2019,0
전북,진안군,인턴,2020,0
전북,진안군,인턴,2021,0
전북,진안군,인턴,2022,0
전북,진안군,인턴,2023,0
전북,진안군,인턴,2024,0
전북,진안군,인턴,2025,0
전북,진안군,일반의,2007,7
전북,진안군,일반의,2008,9
전북,진안군,일반의,2009,9
전북,진안군,일반의,2010,10
전북,진안군,일반의,2011,8
전북,진안군,일반의,2012,5
전북,진안군,일반의,2013,5
전북,진안군,일반의,2014,6
전북,진안군,일반의,2015,6
전북,진안군,일반의,2016,5
전북,진안군,일반의,2017,8
전북,진안군,일반의,2018,8
전북,진안군,일반의,2019,10
전북,진안군,일반의,2020,10
전북,진안군,일반의,2021,11
전북,진안군,일반의,2022,8
전북,진안군,일반의,2023,7
전북,진안군,일반의,2024,8
전북,진안군,일반의,2025,5
전북,진안군,전문의,2007,23
전북,진안군,전문의,2008,20
전북,진안군,전문의,2009,24
전북,진안군,전문의,2010,22
전북,진안군,전문의,2011,24
전북,진안군,전문의,2012,24
전북,진안군,전문의,2013,25
전북,진안군,전문의,2014,25
전북,진안군,전문의,2015,28
전북,진안군,전문의,2016,34
전북,진안군,전문의,2017,30
전북,진안군,전문의,2018,29
전북,진안군,전문의,2019,28
전북,진안군,전문의,2020,28
전북,진안군,전문의,2021,26
전북,진안군,전문의,2022,24
전북,진안군,전문의,2023,25
전북,진안군,전문의,2024,24
전북,진안군,전문의,2025,24
제주,서귀포시,total,2007,112
제주,서귀포시,total,2008,119
제주,서귀포시,total,2009,120
제주,서귀포시,total,2010,124
제주,서귀포시,total,2011,129
제주,서귀포시,total,2012,127
제주,서귀포시,total,2013,133
제주,서귀포시,total,2014,142
제주,서귀포시,total,2015,148
제주,서귀포시,total,2016,165
제주,서귀포시,total,2017,163
제주,서귀포시,total,2018,174
제주,서귀포시,total,2019,174
제주,서귀포시,total,2020,182
제주,서귀포시,total,2021,189
제주,서귀포시,total,2022,187
제주,서귀포시,total,2023,194
제주,서귀포시,total,2024,203
제주,서귀포시,total,2025,216
제주,서귀포시,레지던트,2007,0
제주,서귀포시,레지던트,2008,0
제주,서귀포시,레지던트,2009,0
제주,서귀포시,레지던트,2010,0
제주,서귀포시,레지던트,2011,0
제주,서귀포시,레지던트,2012,0
제주,서귀포시,레지던트,2013,0
제주,서귀포시,레지던트,2014,0
제주,서귀포시,레지던트,2015,0
제주,서귀포시,레지던트,2016,0
제주,서귀포시,레지던트,2017,0
제주,서귀포시,레지던트,2018,0
제주,서귀포시,레지던트,2019,0
제주,서귀포시,레지던트,2020,0
제주,서귀포시,레지던트,2021,0
제주,서귀포시,레지던트,2022,0
제주,서귀포시,레지던트,2023,0
제주,서귀포시,레지던트,2024,0
제주,서귀포시,레지던트,2025,0
제주,서귀포시,인턴,2007,0
제주,서귀포시,인턴,2008,0
제주,서귀포시,인턴,2009,0
제주,서귀포시,인턴,2010,0
제주,서귀포시,인턴,2011,0
제주,서귀포시,인턴,2012,0
제주,서귀포시,인턴,2013,0
제주,서귀포시,인턴,2014,0
제주,서귀포시,인턴,2015,0
제주,서귀포시,인턴,2016,0
제주,서귀포시,인턴,2017,0
제주,서귀포시,인턴,2018,0
제주,서귀포시,인턴,2019,0
제주,서귀포시,인턴,2020,0
제주,서귀포시,인턴,2021,0
제주,서귀포시,인턴,2022,1
제주,서귀포시,인턴,2023,1
제주,서귀포시,인턴,2024,1
제주,서귀포시,인턴,2025,0
제주,서귀포시,일반의,2007,20
제주,서귀포시,일반의,2008,19
제주,서귀포시,일반의,2009,29
제주,서귀포시,일반의,2010,25
제주,서귀포시,일반의,2011,28
제주,서귀포시,일반의,2012,29
제주,서귀포시,일반의,2013,28
제주,서귀포시,일반의,2014,26
제주,서귀포시,일반의,2015,23
제주,서귀포시,일반의,2016,24
제주,서귀포시,일반의,2017,19
제주,서귀포시,일반의,2018,24
제주,서귀포시,일반의,2019,23
제주,서귀포시,일반의,2020,22
제주,서귀포시,일반의,2021,22
제주,서귀포시,일반의,2022,22
제주,서귀포시,일반의,2023,22
제주,서귀포시,일반의,2024,21
제주,서귀포시,일반의,2025,23
제주,서귀포시,전문의,2007,92
제주,서귀포시,전문의,2008,100
제주,서귀포시,전문의,2009,91
제주,서귀포시,전문의,2010,99
제주,서귀포시,전문의,2011,101
제주,서귀포시,전문의,2012,98
제주,서귀포시,전문의,2013,105
제주,서귀포시,전문의,2014,116
제주,서귀포시,전문의,2015,125
제주,서귀포시,전문의,2016,141
제주,서귀포시,전문의,2017,144
제주,서귀포시,전문의,2018,150
제주,서귀포시,전문의,2019,151
제주,서귀포시,전문의,2020,160
제주,서귀포시,전문의,2021,167
제주,서귀포시,전문의,2022,164
제주,서귀포시,전문의,2023,171
제주,서귀포시,전문의,2024,181
제주,서귀포시,전문의,2025,193
제주,제주시,total,2007,509
제주,제주시,total,2008,559
제주,제주시,total,2009,593
제주,제주시,total,2010,623
제주,제주시,total,2011,691
제주,제주시,total,2012,707
제주,제주시,total,2013,771
제주,제주시,total,2014,806
제주,제주시,total,2015,836
제주,제주시,total,2016,866
제주,제주시,total,2017,912
제주,제주시,total,2018,965
제주,제주시,total,2019,970
제주,제주시,total,2020,992
제주,제주시,total,2021,1003
제주,제주시,total,2022,996
제주,제주시,total,2023,1018
제주,제주시,total,2024,1021
제주,제주시,total,2025,1037
제주,제주시,레지던트,2007,0
제주,제주시,레지던트,2008,16
제주,제주시,레지던트,2009,31
제주,제주시,레지던트,2010,34
제주,제주시,레지던트,2011,58
제주,제주시,레지던트,2012,53
제주,제주시,레지던트,2013,40
제주,제주시,레지던트,2014,39
제주,제주시,레지던트,2015,56
제주,제주시,레지던트,2016,69
제주,제주시,레지던트,2017,57
제주,제주시,레지던트,2018,48
제주,제주시,레지던트,2019,71
제주,제주시,레지던트,2020,64
제주,제주시,레지던트,2021,58
제주,제주시,레지던트,2022,61
제주,제주시,레지던트,2023,60
제주,제주시,레지던트,2024,76
제주,제주시,레지던트,2025,28
제주,제주시,인턴,2007,0
제주,제주시,인턴,2008,10
제주,제주시,인턴,2009,1
제주,제주시,인턴,2010,8
제주,제주시,인턴,2011,17
제주,제주시,인턴,2012,23
제주,제주시,인턴,2013,20
제주,제주시,인턴,2014,37
제주,제주시,인턴,2015,23
제주,제주시,인턴,2016,14
제주,제주시,인턴,2017,26
제주,제주시,인턴,2018,35
제주,제주시,인턴,2019,20
제주,제주시,인턴,2020,23
제주,제주시,인턴,2021,36
제주,제주시,인턴,2022,11
제주,제주시,인턴,2023,33
제주,제주시,인턴,2024,0
제주,제주시,인턴,2025,1
제주,제주시,일반의,2007,47
제주,제주시,일반의,2008,45
제주,제주시,일반의,2009,54
제주,제주시,일반의,2010,49
제주,제주시,일반의,2011,52
제주,제주시,일반의,2012,49
제주,제주시,일반의,2013,43
제주,제주시,일반의,2014,42
제주,제주시,일반의,2015,46
제주,제주시,일반의,2016,48
제주,제주시,일반의,2017,43
제주,제주시,일반의,2018,55
제주,제주시,일반의,2019,50
제주,제주시,일반의,2020,58
제주,제주시,일반의,2021,49
제주,제주시,일반의,2022,56
제주,제주시,일반의,2023,53
제주,제주시,일반의,2024,51
제주,제주시,일반의,2025,107
제주,제주시,전문의,2007,462
제주,제주시,전문의,2008,488
제주,제주시,전문의,2009,507
제주,제주시,전문의,2010,532
제주,제주시,전문의,2011,564
제주,제주시,전문의,2012,582
제주,제주시,전문의,2013,668
제주,제주시,전문의,2014,688
제주,제주시,전문의,2015,711
제주,제주시,전문의,2016,735
제주,제주시,전문의,2017,786
제주,제주시,전문의,2018,827
제주,제주시,전문의,2019,829
제주,제주시,전문의,2020,847
제주,제주시,전문의,2021,860
제주,제주시,전문의,2022,868
제주,제주시,전문의,2023,872
제주,제주시,전문의,2024,894
제주,제주시,전문의,2025,901
충남,계룡시,total,2007,36
충남,계룡시,total,2008,38
충남,계룡시,total,2009,36
충남,계룡시,total,2010,38
충남,계룡시,total,2011,38
충남,계룡시,total,2012,38
충남,계룡시,total,2013,37
충남,계룡시,total,2014,39
충남,계룡시,total,2015,33
충남,계룡시,total,2016,33
충남,계룡시,total,2017,34
충남,계룡시,total,2018,34
충남,계룡시,total,2019,32
충남,계룡시,total,2020,35
충남,계룡시,total,2021,36
충남,계룡시,total,2022,36
충남,계룡시,total,2023,38
충남,계룡시,total,2024,36
충남,계룡시,total,2025,32
충남,계룡시,레지던트,2007,0
충남,계룡시,레지던트,2008,0
충남,계룡시,레지던트,2009,0
충남,계룡시,레지던트,2010,0
충남,계룡시,레지던트,2011,0
충남,계룡시,레지던트,2012,0
충남,계룡시,레지던트,2013,0
충남,계룡시,레지던트,2014,0
충남,계룡시,레지던트,2015,0
충남,계룡시,레지던트,2016,0
충남,계룡시,레지던트,2017,0
충남,계룡시,레지던트,2018,0
충남,계룡시,레지던트,2019,0
충남,계룡시,레지던트,2020,0
충남,계룡시,레지던트,2021,0
충남,계룡시,레지던트,2022,0
충남,계룡시,레지던트,2023,0
충남,계룡시,레지던트,2024,0
충남,계룡시,레지던트,2025,0
충남,계룡시,인턴,2007,0
충남,계룡시,인턴,2008,0
충남,계룡시,인턴,2009,0
충남,계룡시,인턴,2010,0
충남,계룡시,인턴,2011,0
충남,계룡시,인턴,2012,0
충남,계룡시,인턴,2013,0
충남,계룡시,인턴,2014,0
충남,계룡시,인턴,2015,0
충남,계룡시,인턴,2016,0
충남,계룡시,인턴,2017,0
충남,계룡시,인턴,2018,0
충남,계룡시,인턴,2019,0
충남,계룡시,인턴,2020,1
충남,계룡시,인턴,2021,0
충남,계룡시,인턴,2022,0
충남,계룡시,인턴,2023,0
충남,계룡시,인턴,2024,0
충남,계룡시,인턴,2025,0
충남,계룡시,일반의,2007,6
충남,계룡시,일반의,2008,4
충남,계룡시,일반의,2009,1
충남,계룡시,일반의,2010,5
충남,계룡시,일반의,2011,3
충남,계룡시,일반의,2012,2
충남,계룡시,일반의,2013,5
충남,계룡시,일반의,2014,5
충남,계룡시,일반의,2015,3
충남,계룡시,일반의,2016,1
충남,계룡시,일반의,2017,1
충남,계룡시,일반의,2018,2
충남,계룡시,일반의,2019,3
충남,계룡시,일반의,2020,5
충남,계룡시,일반의,2021,6
충남,계룡시,일반의,2022,5
충남,계룡시,일반의,2023,3
충남,계룡시,일반의,2024,1
충남,계룡시,일반의,2025,2
충남,계룡시,전문의,2007,30
충남,계룡시,전문의,2008,34
충남,계룡시,전문의,2009,35
충남,계룡시,전문의,2010,33
충남,계룡시,전문의,2011,35
충남,계룡시,전문의,2012,36
충남,계룡시,전문의,2013,32
충남,계룡시,전문의,2014,34
충남,계룡시,전문의,2015,30
충남,계룡시,전문의,2016,32
충남,계룡시,전문의,2017,33
충남,계룡시,전문의,2018,32
충남,계룡시,전문의,2019,29
충남,계룡시,전문의,2020,29
충남,계룡시,전문의,2021,30
충남,계룡시,전문의,2022,31
충남,계룡시,전문의,2023,35
충남,계룡시,전문의,2024,35
충남,계룡시,전문의,2025,30
충남,금산군,total,2007,59
충남,금산군,total,2008,59
충남,금산군,total,2009,48
충남,금산군,total,2010,58
충남,금산군,total,2011,65
충남,금산군,total,2012,59
충남,금산군,total,2013,63
충남,금산군,total,2014,66
충남,금산군,total,2015,68
충남,금산군,total,2016,70
충남,금산군,total,2017,69
충남,금산군,total,2018,67
충남,금산군,total,2019,63
충남,금산군,total,2020,66
충남,금산군,total,2021,69
충남,금산군,total,2022,66
충남,금산군,total,2023,57
충남,금산군,total,2024,54
충남,금산군,total,2025,57
충남,금산군,레지던트,2007,0
충남,금산군,레지던트,2008,0
충남,금산군,레지던트,2009,0
충남,금산군,레지던트,2010,0
충남,금산군,레지던트,2011,0
충남,금산군,레지던트,2012,0
충남,금산군,레지던트,2013,0
충남,금산군,레지던트,2014,0
충남,금산군,레지던트,2015,0
충남,금산군,레지던트,2016,0
충남,금산군,레지던트,2017,0
충남,금산군,레지던트,2018,0
충남,금산군,레지던트,2019,0
충남,금산군,레지던트,2020,0
충남,금산군,레지던트,2021,0
충남,금산군,레지던트,2022,0
충남,금산군,레지던트,2023,0
충남,금산군,레지던트,2024,0
충남,금산군,레지던트,2025,0
충남,금산군,인턴,2007,0
충남,금산군,인턴,2008,0
충남,금산군,인턴,2009,0
충남,금산군,인턴,2010,0
충남,금산군,인턴,2011,0
충남,금산군,인턴,2012,0
충남,금산군,인턴,2013,1
충남,금산군,인턴,2014,0
충남,금산군,인턴,2015,0
충남,금산군,인턴,2016,0
충남,금산군,인턴,2017,0
충남,금산군,인턴,2018,0
충남,금산군,인턴,2019,0
충남,금산군,인턴,2020,1
충남,금산군,인턴,2021,0
충남,금산군,인턴,2022,0
충남,금산군,인턴,2023,0
충남,금산군,인턴,2024,0
충남,금산군,인턴,2025,0
충남,금산군,일반의,2007,15
충남,금산군,일반의,2008,14
충남,금산군,일반의,2009,7
충남,금산군,일반의,2010,12
충남,금산군,일반의,2011,17
충남,금산군,일반의,2012,16
충남,금산군,일반의,2013,13
충남,금산군,일반의,2014,12
충남,금산군,일반의,2015,15
충남,금산군,일반의,2016,15
충남,금산군,일반의,2017,15
충남,금산군,일반의,2018,16
충남,금산군,일반의,2019,16
충남,금산군,일반의,2020,17
충남,금산군,일반의,2021,23
충남,금산군,일반의,2022,19
충남,금산군,일반의,2023,13
충남,금산군,일반의,2024,12
충남,금산군,일반의,2025,13
충남,금산군,전문의,2007,44
충남,금산군,전문의,2008,45
충남,금산군,전문의,2009,41
충남,금산군,전문의,2010,46
충남,금산군,전문의,2011,48
충남,금산군,전문의,2012,43
충남,금산군,전문의,2013,49
충남,금산군,전문의,2014,54
충남,금산군,전문의,2015,53
충남,금산군,전문의,2016,55
충남,금산군,전문의,2017,54
충남,금산군,전문의,2018,51
충남,금산군,전문의,2019,47
충남,금산군,전문의,2020,48
충남,금산군,전문의,2021,46
충남,금산군,전문의,2022,47
충남,금산군,전문의,2023,44
충남,금산군,전문의,2024,42
충남,금산군,전문의,2025,44
충남,논산시,total,2007,170
충남,논산시,total,2008,171
충남,논산시,total,2009,186
충남,논산시,total,2010,193
충남,논산시,total,2011,193
충남,논산시,total,2012,199
충남,논산시,total,2013,205
충남,논산시,total,2014,213
충남,논산시,total,2015,210
충남,논산시,total,2016,223
충남,논산시,total,2017,223
충남,논산시,total,2018,217
충남,논산시,total,2019,216
충남,논산시,total,2020,203
충남,논산시,total,2021,212
충남,논산시,total,2022,209
충남,논산시,total,2023,210
충남,논산시,total,2024,203
충남,논산시,total,2025,200
충남,논산시,레지던트,2007,0
충남,논산시,레지던트,2008,2
충남,논산시,레지던트,2009,5
충남,논산시,레지던트,2010,5
충남,논산시,레지던트,2011,5
충남,논산시,레지던트,2012,5
충남,논산시,레지던트,2013,7
충남,논산시,레지던트,2014,5
충남,논산시,레지던트,2015,5
충남,논산시,레지던트,2016,6
충남,논산시,레지던트,2017,4
충남,논산시,레지던트,2018,2
충남,논산시,레지던트,2019,0
충남,논산시,레지던트,2020,0
충남,논산시,레지던트,2021,0
충남,논산시,레지던트,2022,0
충남,논산시,레지던트,2023,0
충남,논산시,레지던트,2024,0
충남,논산시,레지던트,2025,0
충남,논산시,인턴,2007,0
충남,논산시,인턴,2008,0
충남,논산시,인턴,2009,0
충남,논산시,인턴,2010,0
충남,논산시,인턴,2011,0
충남,논산시,인턴,2012,0
충남,논산시,인턴,2013,0
충남,논산시,인턴,2014,0
충남,논산시,인턴,2015,0
충남,논산시,인턴,2016,0
충남,논산시,인턴,2017,0
충남,논산시,인턴,2018,0
충남,논산시,인턴,2019,0
충남,논산시,인턴,2020,0
충남,논산시,인턴,2021,0
충남,논산시,인턴,2022,0
충남,논산시,인턴,2023,0
충남,논산시,인턴,2024,0
충남,논산시,인턴,2025,0
충남,논산시,일반의,2007,32
충남,논산시,일반의,2008,30
충남,논산시,일반의,2009,28
충남,논산시,일반의,2010,29
충남,논산시,일반의,2011,26
충남,논산시,일반의,2012,25
충남,논산시,일반의,2013,22
충남,논산시,일반의,2014,25
충남,논산시,일반의,2015,23
충남,논산시,일반의,2016,23
충남,논산시,일반의,2017,23
충남,논산시,일반의,2018,20
충남,논산시,일반의,2019,24
충남,논산시,일반의,2020,25
충남,논산시,일반의,2021,27
충남,논산시,일반의,2022,24
충남,논산시,일반의,2023,20
충남,논산시,일반의,2024,18
충남,논산시,일반의,2025,22
충남,논산시,전문의,2007,138
충남,논산시,전문의,2008,139
충남,논산시,전문의,2009,153
충남,논산시,전문의,2010,159
충남,논산시,전문의,2011,162
충남,논산시,전문의,2012,169
충남,논산시,전문의,2013,176
충남,논산시,전문의,2014,183
충남,논산시,전문의,2015,182
충남,논산시,전문의,2016,194
충남,논산시,전문의,2017,196
충남,논산시,전문의,2018,195
충남,논산시,전문의,2019,192
충남,논산시,전문의,2020,178
충남,논산시,전문의,2021,185
충남,논산시,전문의,2022,185
충남,논산시,전문의,2023,190
충남,논산시,전문의,2024,185
충남,논산시,전문의,2025,178
충남,당진시,total,2007,86
충남,당진시,total,2008,89
충남,당진시,total,2009,99
충남,당진시,total,2010,104
충남,당진시,total,2011,109
충남,당진시,total,2012,124
충남,당진시,total,2013,132
충남,당진시,total,2014,140
충남,당진시,total,2015,141
충남,당진시,total,2016,151
충남,당진시,total,2017,156
충남,당진시,total,2018,159
충남,당진시,total,2019,160
충남,당진시,total,2020,167
충남,당진시,total,2021,163
충남,당진시,total,2022,166
충남,당진시,total,2023,168
충남,당진시,total,2024,168
충남,당진시,total,2025,176
충남,당진시,레지던트,2007,0
충남,당진시,레지던트,2008,0
충남,당진시,레지던트,2009,0
충남,당진시,레지던트,2010,0
충남,당진시,레지던트,2011,0
충남,당진시,레지던트,2012,0
충남,당진시,레지던트,2013,0
충남,당진시,레지던트,2014,0
충남,당진시,레지던트,2015,0
충남,당진시,레지던트,2016,0
충남,당진시,레지던트,2017,0
충남,당진시,레지던트,2018,0
충남,당진시,레지던트,2019,0
충남,당진시,레지던트,2020,0
충남,당진시,레지던트,2021,0
충남,당진시,레지던트,2022,0
충남,당진시,레지던트,2023,0
충남,당진시,레지던트,2024,0
충남,당진시,레지던트,2025,0
충남,당진시,인턴,2007,0
충남,당진시,인턴,2008,0
충남,당진시,인턴,2009,0
충남,당진시,인턴,2010,0
충남,당진시,인턴,2011,0
충남,당진시,인턴,2012,0
충남,당진시,인턴,2013,0
충남,당진시,인턴,2014,0
충남,당진시,인턴,2015,0
충남,당진시,인턴,2016,0
충남,당진시,인턴,2017,0
충남,당진시,인턴,2018,0
충남,당진시,인턴,2019,1
충남,당진시,인턴,2020,0
충남,당진시,인턴,2021,0
충남,당진시,인턴,2022,0
충남,당진시,인턴,2023,0
충남,당진시,인턴,2024,0
충남,당진시,인턴,2025,0
충남,당진시,일반의,2007,18
충남,당진시,일반의,2008,18
충남,당진시,일반의,2009,18
충남,당진시,일반의,2010,22
충남,당진시,일반의,2011,19
충남,당진시,일반의,2012,21
충남,당진시,일반의,2013,23
충남,당진시,일반의,2014,24
충남,당진시,일반의,2015,26
충남,당진시,일반의,2016,24
충남,당진시,일반의,2017,24
충남,당진시,일반의,2018,24
충남,당진시,일반의,2019,18
충남,당진시,일반의,2020,23
충남,당진시,일반의,2021,22
충남,당진시,일반의,2022,24
충남,당진시,일반의,2023,23
충남,당진시,일반의,2024,18
충남,당진시,일반의,2025,30
충남,당진시,전문의,2007,68
충남,당진시,전문의,2008,71
충남,당진시,전문의,2009,81
충남,당진시,전문의,2010,82
충남,당진시,전문의,2011,90
충남,당진시,전문의,2012,103
충남,당진시,전문의,2013,109
충남,당진시,전문의,2014,116
충남,당진시,전문의,2015,115
충남,당진시,전문의,2016,127
충남,당진시,전문의,2017,132
충남,당진시,전문의,2018,135
충남,당진시,전문의,2019,141
충남,당진시,전문의,2020,144
충남,당진시,전문의,2021,141
충남,당진시,전문의,2022,142
충남,당진시,전문의,2023,145
충남,당진시,전문의,2024,150
충남,당진시,전문의,2025,146
충남,보령시,total,2007,94
충남,보령시,total,2008,97
충남,보령시,total,2009,97
충남,보령시,total,2010,106
충남,보령시,total,2011,108
충남,보령시,total,2012,105
충남,보령시,total,2013,108
충남,보령시,total,2014,108
충남,보령시,total,2015,109
충남,보령시,total,2016,108
충남,보령시,total,2017,108
충남,보령시,total,2018,99
충남,보령시,total,2019,98
충남,보령시,total,2020,104
충남,보령시,total,2021,104
충남,보령시,total,2022,106
충남,보령시,total,2023,101
충남,보령시,total,2024,100
충남,보령시,total,2025,104
충남,보령시,레지던트,2007,0
충남,보령시,레지던트,2008,0
충남,보령시,레지던트,2009,0
충남,보령시,레지던트,2010,0
충남,보령시,레지던트,2011,0
충남,보령시,레지던트,2012,0
충남,보령시,레지던트,2013,0
충남,보령시,레지던트,2014,0
충남,보령시,레지던트,2015,0
충남,보령시,레지던트,2016,0
충남,보령시,레지던트,2017,0
충남,보령시,레지던트,2018,0
충남,보령시,레지던트,2019,0
충남,보령시,레지던트,2020,0
충남,보령시,레지던트,2021,0
충남,보령시,레지던트,2022,0
충남,보령시,레지던트,2023,0
충남,보령시,레지던트,2024,0
충남,보령시,레지던트,2025,0
충남,보령시,인턴,2007,0
충남,보령시,인턴,2008,0
충남,보령시,인턴,2009,0
충남,보령시,인턴,2010,0
충남,보령시,인턴,2011,0
충남,보령시,인턴,2012,0
충남,보령시,인턴,2013,0
충남,보령시,인턴,2014,0
충남,보령시,인턴,2015,0
충남,보령시,인턴,2016,0
충남,보령시,인턴,2017,0
충남,보령시,인턴,2018,0
충남,보령시,인턴,2019,0
충남,보령시,인턴,2020,1
충남,보령시,인턴,2021,1
충남,보령시,인턴,2022,1
충남,보령시,인턴,2023,0
충남,보령시,인턴,2024,0
충남,보령시,인턴,2025,0
충남,보령시,일반의,2007,15
충남,보령시,일반의,2008,17
충남,보령시,일반의,2009,16
충남,보령시,일반의,2010,15
충남,보령시,일반의,2011,12
충남,보령시,일반의,2012,10
충남,보령시,일반의,2013,14
충남,보령시,일반의,2014,15
충남,보령시,일반의,2015,12
충남,보령시,일반의,2016,12
충남,보령시,일반의,2017,9
충남,보령시,일반의,2018,9
충남,보령시,일반의,2019,12
충남,보령시,일반의,2020,14
충남,보령시,일반의,2021,13
충남,보령시,일반의,2022,15
충남,보령시,일반의,2023,13
충남,보령시,일반의,2024,10
충남,보령시,일반의,2025,12
충남,보령시,전문의,2007,79
충남,보령시,전문의,2008,80
충남,보령시,전문의,2009,81
충남,보령시,전문의,2010,91
충남,보령시,전문의,2011,96
충남,보령시,전문의,2012,95
충남,보령시,전문의,2013,94
충남,보령시,전문의,2014,93
충남,보령시,전문의,2015,97
충남,보령시,전문의,2016,96
충남,보령시,전문의,2017,99
충남,보령시,전문의,2018,90
충남,보령시,전문의,2019,86
충남,보령시,전문의,2020,89
충남,보령시,전문의,2021,90
충남,보령시,전문의,2022,90
충남,보령시,전문의,2023,88
충남,보령시,전문의,2024,90
충남,보령시,전문의,2025,92
충남,부여군,total,2007,80
충남,부여군,total,2008,75
충남,부여군,total,2009,80
충남,부여군,total,2010,81
충남,부여군,total,2011,78
충남,부여군,total,2012,80
충남,부여군,total,2013,74
충남,부여군,total,2014,78
충남,부여군,total,2015,79
충남,부여군,total,2016,79
충남,부여군,total,2017,74
충남,부여군,total,2018,74
충남,부여군,total,2019,70
충남,부여군,total,2020,73
충남,부여군,total,2021,72
충남,부여군,total,2022,73
충남,부여군,total,2023,66
충남,부여군,total,2024,64
충남,부여군,total,2025,57
충남,부여군,레지던트,2007,0
충남,부여군,레지던트,2008,0
충남,부여군,레지던트,2009,0
충남,부여군,레지던트,2010,0
충남,부여군,레지던트,2011,0
충남,부여군,레지던트,2012,0
충남,부여군,레지던트,2013,0
충남,부여군,레지던트,2014,0
충남,부여군,레지던트,2015,0
충남,부여군,레지던트,2016,0
충남,부여군,레지던트,2017,0
충남,부여군,레지던트,2018,0
충남,부여군,레지던트,2019,0
충남,부여군,레지던트,2020,0
충남,부여군,레지던트,2021,0
충남,부여군,레지던트,2022,0
충남,부여군,레지던트,2023,0
충남,부여군,레지던트,2024,0
충남,부여군,레지던트,2025,0
충남,부여군,인턴,2007,0
충남,부여군,인턴,2008,0
충남,부여군,인턴,2009,0
충남,부여군,인턴,2010,0
충남,부여군,인턴,2011,0
충남,부여군,인턴,2012,0
충남,부여군,인턴,2013,0
충남,부여군,인턴,2014,0
충남,부여군,인턴,2015,0
충남,부여군,인턴,2016,0
충남,부여군,인턴,2017,0
충남,부여군,인턴,2018,0
충남,부여군,인턴,2019,0
충남,부여군,인턴,2020,1
충남,부여군,인턴,2021,0
충남,부여군,인턴,2022,0
충남,부여군,인턴,2023,0
충남,부여군,인턴,2024,0
충남,부여군,인턴,2025,0
충남,부여군,일반의,2007,23
충남,부여군,일반의,2008,23
충남,부여군,일반의,2009,25
충남,부여군,일반의,2010,24
충남,부여군,일반의,2011,19
충남,부여군,일반의,2012,23
충남,부여군,일반의,2013,21
충남,부여군,일반의,2014,18
충남,부여군,일반의,2015,21
충남,부여군,일반의,2016,20
충남,부여군,일반의,2017,22
충남,부여군,일반의,2018,21
충남,부여군,일반의,2019,19
충남,부여군,일반의,2020,20
충남,부여군,일반의,2021,22
충남,부여군,일반의,2022,21
충남,부여군,일반의,2023,14
충남,부여군,일반의,2024,13
충남,부여군,일반의,2025,6
충남,부여군,전문의,2007,57
충남,부여군,전문의,2008,52
충남,부여군,전문의,2009,55
충남,부여군,전문의,2010,57
충남,부여군,전문의,2011,59
충남,부여군,전문의,2012,57
충남,부여군,전문의,2013,53
충남,부여군,전문의,2014,60
충남,부여군,전문의,2015,58
충남,부여군,전문의,2016,59
충남,부여군,전문의,2017,52
충남,부여군,전문의,2018,53
충남,부여군,전문의,2019,51
충남,부여군,전문의,2020,52
충남,부여군,전문의,2021,50
충남,부여군,전문의,2022,52
충남,부여군,전문의,2023,52
충남,부여군,전문의,2024,51
충남,부여군,전문의,2025,51
충남,서산시,total,2007,134
충남,서산시,total,2008,144
충남,서산시,total,2009,142
충남,서산시,total,2010,148
충남,서산시,total,2011,149
충남,서산시,total,2012,149
충남,서산시,total,2013,148
충남,서산시,total,2014,155
충남,서산시,total,2015,158
충남,서산시,total,2016,154
충남,서산시,total,2017,154
충남,서산시,total,2018,164
충남,서산시,total,2019,167
충남,서산시,total,2020,171
충남,서산시,total,2021,176
충남,서산시,total,2022,174
충남,서산시,total,2023,177
충남,서산시,total,2024,182
충남,서산시,total,2025,199
충남,서산시,레지던트,2007,0
충남,서산시,레지던트,2008,0
충남,서산시,레지던트,2009,0
충남,서산시,레지던트,2010,0
충남,서산시,레지던트,2011,0
충남,서산시,레지던트,2012,0
충남,서산시,레지던트,2013,0
충남,서산시,레지던트,2014,0
충남,서산시,레지던트,2015,0
충남,서산시,레지던트,2016,0
충남,서산시,레지던트,2017,0
충남,서산시,레지던트,2018,0
충남,서산시,레지던트,2019,0
충남,서산시,레지던트,2020,0
충남,서산시,레지던트,2021,0
충남,서산시,레지던트,2022,0
충남,서산시,레지던트,2023,0
충남,서산시,레지던트,2024,0
충남,서산시,레지던트,2025,0
충남,서산시,인턴,2007,0
충남,서산시,인턴,2008,0
충남,서산시,인턴,2009,0
충남,서산시,인턴,2010,0
충남,서산시,인턴,2011,0
충남,서산시,인턴,2012,0
충남,서산시,인턴,2013,0
충남,서산시,인턴,2014,0
충남,서산시,인턴,2015,0
충남,서산시,인턴,2016,0
충남,서산시,인턴,2017,0
충남,서산시,인턴,2018,0
충남,서산시,인턴,2019,1
충남,서산시,인턴,2020,1
충남,서산시,인턴,2021,0
충남,서산시,인턴,2022,0
충남,서산시,인턴,2023,0
충남,서산시,인턴,2024,0
충남,서산시,인턴,2025,0
충남,서산시,일반의,2007,19
충남,서산시,일반의,2008,19
충남,서산시,일반의,2009,17
충남,서산시,일반의,2010,21
충남,서산시,일반의,2011,22
충남,서산시,일반의,2012,15
충남,서산시,일반의,2013,16
충남,서산시,일반의,2014,18
충남,서산시,일반의,2015,19
충남,서산시,일반의,2016,16
충남,서산시,일반의,2017,19
충남,서산시,일반의,2018,21
충남,서산시,일반의,2019,24
충남,서산시,일반의,2020,21
충남,서산시,일반의,2021,20
충남,서산시,일반의,2022,19
충남,서산시,일반의,2023,18
충남,서산시,일반의,2024,18
충남,서산시,일반의,2025,23
충남,서산시,전문의,2007,115
충남,서산시,전문의,2008,125
충남,서산시,전문의,2009,125
충남,서산시,전문의,2010,127
충남,서산시,전문의,2011,127
충남,서산시,전문의,2012,134
충남,서산시,전문의,2013,132
충남,서산시,전문의,2014,137
충남,서산시,전문의,2015,139
충남,서산시,전문의,2016,138
충남,서산시,전문의,2017,135
충남,서산시,전문의,2018,143
충남,서산시,전문의,2019,142
충남,서산시,전문의,2020,149
충남,서산시,전문의,2021,156
충남,서산시,전문의,2022,155
충남,서산시,전문의,2023,159
충남,서산시,전문의,2024,164
충남,서산시,전문의,2025,176
충남,서천군,total,2007,65
충남,서천군,total,2008,59
충남,서천군,total,2009,64
충남,서천군,total,2010,71
충남,서천군,total,2011,72
충남,서천군,total,2012,66
충남,서천군,total,2013,70
충남,서천군,total,2014,72
충남,서천군,total,2015,81
충남,서천군,total,2016,74
충남,서천군,total,2017,69
충남,서천군,total,2018,70
충남,서천군,total,2019,69
충남,서천군,total,2020,63
충남,서천군,total,2021,65
충남,서천군,total,2022,61
충남,서천군,total,2023,55
충남,서천군,total,2024,54
충남,서천군,total,2025,53
충남,서천군,레지던트,2007,0
충남,서천군,레지던트,2008,0
충남,서천군,레지던트,2009,0
충남,서천군,레지던트,2010,0
충남,서천군,레지던트,2011,0
충남,서천군,레지던트,2012,0
충남,서천군,레지던트,2013,0
충남,서천군,레지던트,2014,0
충남,서천군,레지던트,2015,0
충남,서천군,레지던트,2016,0
충남,서천군,레지던트,2017,0
충남,서천군,레지던트,2018,0
충남,서천군,레지던트,2019,0
충남,서천군,레지던트,2020,0
충남,서천군,레지던트,2021,0
충남,서천군,레지던트,2022,0
충남,서천군,레지던트,2023,0
충남,서천군,레지던트,2024,0
충남,서천군,레지던트,2025,0
충남,서천군,인턴,2007,0
충남,서천군,인턴,2008,0
충남,서천군,인턴,2009,0
충남,서천군,인턴,2010,0
충남,서천군,인턴,2011,0
충남,서천군,인턴,2012,0
충남,서천군,인턴,2013,0
충남,서천군,인턴,2014,0
충남,서천군,인턴,2015,0
충남,서천군,인턴,2016,0
충남,서천군,인턴,2017,0
충남,서천군,인턴,2018,0
충남,서천군,인턴,2019,0
충남,서천군,인턴,2020,0
충남,서천군,인턴,2021,0
충남,서천군,인턴,2022,0
충남,서천군,인턴,2023,0
충남,서천군,인턴,2024,0
충남,서천군,인턴,2025,0
충남,서천군,일반의,2007,18
충남,서천군,일반의,2008,16
충남,서천군,일반의,2009,17
충남,서천군,일반의,2010,20
충남,서천군,일반의,2011,19
충남,서천군,일반의,2012,19
충남,서천군,일반의,2013,13
충남,서천군,일반의,2014,14
충남,서천군,일반의,2015,15
충남,서천군,일반의,2016,12
충남,서천군,일반의,2017,14
충남,서천군,일반의,2018,18
충남,서천군,일반의,2019,21
충남,서천군,일반의,2020,21
충남,서천군,일반의,2021,21
충남,서천군,일반의,2022,20
충남,서천군,일반의,2023,16
충남,서천군,일반의,2024,15
충남,서천군,일반의,2025,14
충남,서천군,전문의,2007,47
충남,서천군,전문의,2008,43
충남,서천군,전문의,2009,47
충남,서천군,전문의,2010,51
충남,서천군,전문의,2011,53
충남,서천군,전문의,2012,47
충남,서천군,전문의,2013,57
충남,서천군,전문의,2014,58
충남,서천군,전문의,2015,66
충남,서천군,전문의,2016,62
충남,서천군,전문의,2017,55
충남,서천군,전문의,2018,52
충남,서천군,전문의,2019,48
충남,서천군,전문의,2020,42
충남,서천군,전문의,2021,44
충남,서천군,전문의,2022,41
충남,서천군,전문의,2023,39
충남,서천군,전문의,2024,39
충남,서천군,전문의,2025,39
충남,아산시,total,2007,160
충남,아산시,total,2008,165
충남,아산시,total,2009,195
충남,아산시,total,2010,199
충남,아산시,total,2011,206
충남,아산시,total,2012,212
충남,아산시,total,2013,226
충남,아산시,total,2014,256
충남,아산시,total,2015,293
충남,아산시,total,2016,320
충남,아산시,total,2017,339
충남,아산시,total,2018,335
충남,아산시,total,2019,359
충남,아산시,total,2020,356
충남,아산시,total,2021,368
충남,아산시,total,2022,374
충남,아산시,total,2023,381
충남,아산시,total,2024,394
충남,아산시,total,2025,455
충남,아산시,레지던트,2007,0
충남,아산시,레지던트,2008,0
충남,아산시,레지던트,2009,0
충남,아산시,레지던트,2010,0
충남,아산시,레지던트,2011,0
충남,아산시,레지던트,2012,0
충남,아산시,레지던트,2013,0
충남,아산시,레지던트,2014,0
충남,아산시,레지던트,2015,0
충남,아산시,레지던트,2016,0
충남,아산시,레지던트,2017,0
충남,아산시,레지던트,2018,0
충남,아산시,레지던트,2019,0
충남,아산시,레지던트,2020,0
충남,아산시,레지던트,2021,0
충남,아산시,레지던트,2022,0
충남,아산시,레지던트,2023,0
충남,아산시,레지던트,2024,0
충남,아산시,레지던트,2025,0
충남,아산시,인턴,2007,0
충남,아산시,인턴,2008,0
충남,아산시,인턴,2009,0
충남,아산시,인턴,2010,0
충남,아산시,인턴,2011,0
충남,아산시,인턴,2012,0
충남,아산시,인턴,2013,0
충남,아산시,인턴,2014,0
충남,아산시,인턴,2015,0
충남,아산시,인턴,2016,0
충남,아산시,인턴,2017,0
충남,아산시,인턴,2018,0
충남,아산시,인턴,2019,0
충남,아산시,인턴,2020,0
충남,아산시,인턴,2021,0
충남,아산시,인턴,2022,0
충남,아산시,인턴,2023,2
충남,아산시,인턴,2024,0
충남,아산시,인턴,2025,0
충남,아산시,일반의,2007,27
충남,아산시,일반의,2008,29
충남,아산시,일반의,2009,28
충남,아산시,일반의,2010,29
충남,아산시,일반의,2011,28
충남,아산시,일반의,2012,30
충남,아산시,일반의,2013,33
충남,아산시,일반의,2014,30
충남,아산시,일반의,2015,25
충남,아산시,일반의,2016,26
충남,아산시,일반의,2017,26
충남,아산시,일반의,2018,30
충남,아산시,일반의,2019,33
충남,아산시,일반의,2020,35
충남,아산시,일반의,2021,32
충남,아산시,일반의,2022,30
충남,아산시,일반의,2023,21
충남,아산시,일반의,2024,26
충남,아산시,일반의,2025,54
충남,아산시,전문의,2007,133
충남,아산시,전문의,2008,136
충남,아산시,전문의,2009,167
충남,아산시,전문의,2010,170
충남,아산시,전문의,2011,178
충남,아산시,전문의,2012,182
충남,아산시,전문의,2013,193
충남,아산시,전문의,2014,226
충남,아산시,전문의,2015,268
충남,아산시,전문의,2016,294
충남,아산시,전문의,2017,313
충남,아산시,전문의,2018,305
충남,아산시,전문의,2019,326
충남,아산시,전문의,2020,321
충남,아산시,전문의,2021,336
충남,아산시,전문의,2022,344
충남,아산시,전문의,2023,358
충남,아산시,전문의,2024,368
충남,아산시,전문의,2025,401
충남,예산군,total,2007,70
충남,예산군,total,2008,73
충남,예산군,total,2009,75
충남,예산군,total,2010,76
충남,예산군,total,2011,80
충남,예산군,total,2012,78
충남,예산군,total,2013,80
충남,예산군,total,2014,79
충남,예산군,total,2015,83
충남,예산군,total,2016,79
충남,예산군,total,2017,79
충남,예산군,total,2018,77
충남,예산군,total,2019,75
충남,예산군,total,2020,75
충남,예산군,total,2021,76
충남,예산군,total,2022,80
충남,예산군,total,2023,68
충남,예산군,total,2024,73
충남,예산군,total,2025,77
충남,예산군,레지던트,2007,0
충남,예산군,레지던트,2008,0
충남,예산군,레지던트,2009,0
충남,예산군,레지던트,2010,0
충남,예산군,레지던트,2011,0
충남,예산군,레지던트,2012,0
충남,예산군,레지던트,2013,0
충남,예산군,레지던트,2014,0
충남,예산군,레지던트,2015,0
충남,예산군,레지던트,2016,0
충남,예산군,레지던트,2017,0
충남,예산군,레지던트,2018,0
충남,예산군,레지던트,2019,0
충남,예산군,레지던트,2020,0
충남,예산군,레지던트,2021,0
충남,예산군,레지던트,2022,0
충남,예산군,레지던트,2023,0
충남,예산군,레지던트,2024,0
충남,예산군,레지던트,2025,0
충남,예산군,인턴,2007,0
충남,예산군,인턴,2008,0
충남,예산군,인턴,2009,0
충남,예산군,인턴,2010,0
충남,예산군,인턴,2011,0
충남,예산군,인턴,2012,0
충남,예산군,인턴,2013,1
충남,예산군,인턴,2014,0
충남,예산군,인턴,2015,0
충남,예산군,인턴,2016,0
충남,예산군,인턴,2017,0
충남,예산군,인턴,2018,0
충남,예산군,인턴,2019,0
충남,예산군,인턴,2020,0
충남,예산군,인턴,2021,0
충남,예산군,인턴,2022,0
충남,예산군,인턴,2023,0
충남,예산군,인턴,2024,1
충남,예산군,인턴,2025,0
충남,예산군,일반의,2007,15
충남,예산군,일반의,2008,14
충남,예산군,일반의,2009,12
충남,예산군,일반의,2010,16
충남,예산군,일반의,2011,18
충남,예산군,일반의,2012,17
충남,예산군,일반의,2013,12
충남,예산군,일반의,2014,13
충남,예산군,일반의,2015,15
충남,예산군,일반의,2016,18
충남,예산군,일반의,2017,15
충남,예산군,일반의,2018,17
충남,예산군,일반의,2019,20
충남,예산군,일반의,2020,21
충남,예산군,일반의,2021,23
충남,예산군,일반의,2022,22
충남,예산군,일반의,2023,13
충남,예산군,일반의,2024,15
충남,예산군,일반의,2025,16
충남,예산군,전문의,2007,55
충남,예산군,전문의,2008,59
충남,예산군,전문의,2009,63
충남,예산군,전문의,2010,60
충남,예산군,전문의,2011,62
충남,예산군,전문의,2012,61
충남,예산군,전문의,2013,67
충남,예산군,전문의,2014,66
충남,예산군,전문의,2015,68
충남,예산군,전문의,2016,61
충남,예산군,전문의,2017,64
충남,예산군,전문의,2018,60
충남,예산군,전문의,2019,55
충남,예산군,전문의,2020,54
충남,예산군,전문의,2021,53
충남,예산군,전문의,2022,58
충남,예산군,전문의,2023,55
충남,예산군,전문의,2024,57
충남,예산군,전문의,2025,61
충남,천안시,total,2007,909
충남,천안시,total,2008,970
충남,천안시,total,2009,1064
충남,천안시,total,2010,1068
충남,천안시,total,2011,1130
충남,천안시,total,2012,1187
충남,천안시,total,2013,1224
충남,천안시,total,2014,1230
충남,천안시,total,2015,1304
충남,천안시,total,2016,1315
충남,천안시,total,2017,1397
충남,천안시,total,2018,1409
충남,천안시,total,2019,1462
충남,천안시,total,2020,1497
충남,천안시,total,2021,1518
충남,천안시,total,2022,1534
충남,천안시,total,2023,1551
충남,천안시,total,2024,1544
충남,천안시,total,2025,1452
충남,천안시,레지던트,2007,176
충남,천안시,레지던트,2008,178
충남,천안시,레지던트,2009,236
충남,천안시,레지던트,2010,253
충남,천안시,레지던트,2011,259
충남,천안시,레지던트,2012,228
충남,천안시,레지던트,2013,245
충남,천안시,레지던트,2014,211
충남,천안시,레지던트,2015,229
충남,천안시,레지던트,2016,229
충남,천안시,레지던트,2017,242
충남,천안시,레지던트,2018,227
충남,천안시,레지던트,2019,224
충남,천안시,레지던트,2020,207
충남,천안시,레지던트,2021,197
충남,천안시,레지던트,2022,190
충남,천안시,레지던트,2023,195
충남,천안시,레지던트,2024,148
충남,천안시,레지던트,2025,17
충남,천안시,인턴,2007,58
충남,천안시,인턴,2008,81
충남,천안시,인턴,2009,76
충남,천안시,인턴,2010,27
충남,천안시,인턴,2011,21
충남,천안시,인턴,2012,64
충남,천안시,인턴,2013,46
충남,천안시,인턴,2014,59
충남,천안시,인턴,2015,58
충남,천안시,인턴,2016,50
충남,천안시,인턴,2017,58
충남,천안시,인턴,2018,49
충남,천안시,인턴,2019,51
충남,천안시,인턴,2020,52
충남,천안시,인턴,2021,55
충남,천안시,인턴,2022,55
충남,천안시,인턴,2023,56
충남,천안시,인턴,2024,45
충남,천안시,인턴,2025,2
충남,천안시,일반의,2007,59
충남,천안시,일반의,2008,56
충남,천안시,일반의,2009,70
충남,천안시,일반의,2010,70
충남,천안시,일반의,2011,89
충남,천안시,일반의,2012,72
충남,천안시,일반의,2013,59
충남,천안시,일반의,2014,51
충남,천안시,일반의,2015,56
충남,천안시,일반의,2016,60
충남,천안시,일반의,2017,51
충남,천안시,일반의,2018,66
충남,천안시,일반의,2019,79
충남,천안시,일반의,2020,74
충남,천안시,일반의,2021,82
충남,천안시,일반의,2022,93
충남,천안시,일반의,2023,75
충남,천안시,일반의,2024,100
충남,천안시,일반의,2025,168
충남,천안시,전문의,2007,616
충남,천안시,전문의,2008,655
충남,천안시,전문의,2009,682
충남,천안시,전문의,2010,718
충남,천안시,전문의,2011,761
충남,천안시,전문의,2012,823
충남,천안시,전문의,2013,874
충남,천안시,전문의,2014,909
충남,천안시,전문의,2015,961
충남,천안시,전문의,2016,976
충남,천안시,전문의,2017,1046
충남,천안시,전문의,2018,1067
충남,천안시,전문의,2019,1108
충남,천안시,전문의,2020,1164
충남,천안시,전문의,2021,1184
충남,천안시,전문의,2022,1196
충남,천안시,전문의,2023,1225
충남,천안시,전문의,2024,1251
충남,천안시,전문의,2025,1265
충남,청양군,total,2007,31
충남,청양군,total,2008,32
충남,청양군,total,2009,31
충남,청양군,total,2010,36
충남,청양군,total,2011,34
충남,청양군,total,2012,34
충남,청양군,total,2013,30
충남,청양군,total,2014,32
충남,청양군,total,2015,29
충남,청양군,total,2016,29
충남,청양군,total,2017,29
충남,청양군,total,2018,36
충남,청양군,total,2019,39
충남,청양군,total,2020,39
충남,청양군,total,2021,37
충남,청양군,total,2022,37
충남,청양군,total,2023,35
충남,청양군,total,2024,35
충남,청양군,total,2025,33
충남,청양군,레지던트,2007,0
충남,청양군,레지던트,2008,0
충남,청양군,레지던트,2009,0
충남,청양군,레지던트,2010,0
충남,청양군,레지던트,2011,0
충남,청양군,레지던트,2012,0
충남,청양군,레지던트,2013,0
충남,청양군,레지던트,2014,0
충남,청양군,레지던트,2015,0
충남,청양군,레지던트,2016,0
충남,청양군,레지던트,2017,0
충남,청양군,레지던트,2018,0
충남,청양군,레지던트,2019,0
충남,청양군,레지던트,2020,0
충남,청양군,레지던트,2021,0
충남,청양군,레지던트,2022,0
충남,청양군,레지던트,2023,0
충남,청양군,레지던트,2024,0
충남,청양군,레지던트,2025,0
충남,청양군,인턴,2007,0
충남,청양군,인턴,2008,0
충남,청양군,인턴,2009,0
충남,청양군,인턴,2010,1
충남,청양군,인턴,2011,2
충남,청양군,인턴,2012,1
충남,청양군,인턴,2013,0
충남,청양군,인턴,2014,0
충남,청양군,인턴,2015,0
충남,청양군,인턴,2016,0
충남,청양군,인턴,2017,0
충남,청양군,인턴,2018,0
충남,청양군,인턴,2019,0
충남,청양군,인턴,2020,0
충남,청양군,인턴,2021,0
충남,청양군,인턴,2022,0
충남,청양군,인턴,2023,0
충남,청양군,인턴,2024,0
충남,청양군,인턴,2025,0
충남,청양군,일반의,2007,11
충남,청양군,일반의,2008,11
충남,청양군,일반의,2009,10
충남,청양군,일반의,2010,10
충남,청양군,일반의,2011,9
충남,청양군,일반의,2012,6
충남,청양군,일반의,2013,6
충남,청양군,일반의,2014,7
충남,청양군,일반의,2015,7
충남,청양군,일반의,2016,9
충남,청양군,일반의,2017,6
충남,청양군,일반의,2018,9
충남,청양군,일반의,2019,11
충남,청양군,일반의,2020,11
충남,청양군,일반의,2021,10
충남,청양군,일반의,2022,9
충남,청양군,일반의,2023,7
충남,청양군,일반의,2024,5
충남,청양군,일반의,2025,5
충남,청양군,전문의,2007,20
충남,청양군,전문의,2008,21
충남,청양군,전문의,2009,21
충남,청양군,전문의,2010,25
충남,청양군,전문의,2011,23
충남,청양군,전문의,2012,27
충남,청양군,전문의,2013,24
충남,청양군,전문의,2014,25
충남,청양군,전문의,2015,22
충남,청양군,전문의,2016,20
충남,청양군,전문의,2017,23
충남,청양군,전문의,2018,27
충남,청양군,전문의,2019,28
충남,청양군,전문의,2020,28
충남,청양군,전문의,2021,27
충남,청양군,전문의,2022,28
충남,청양군,전문의,2023,28
충남,청양군,전문의,2024,30
충남,청양군,전문의,2025,28
충남,태안군,total,2007,52
충남,태안군,total,2008,51
충남,태안군,total,2009,59
충남,태안군,total,2010,57
충남,태안군,total,2011,55
충남,태안군,total,2012,58
충남,태안군,total,2013,59
충남,태안군,total,2014,53
충남,태안군,total,2015,56
충남,태안군,total,2016,61
충남,태안군,total,2017,55
충남,태안군,total,2018,63
충남,태안군,total,2019,63
충남,태안군,total,2020,65
충남,태안군,total,2021,63
충남,태안군,total,2022,59
충남,태안군,total,2023,58
충남,태안군,total,2024,53
충남,태안군,total,2025,51
충남,태안군,레지던트,2007,0
충남,태안군,레지던트,2008,0
충남,태안군,레지던트,2009,0
충남,태안군,레지던트,2010,0
충남,태안군,레지던트,2011,0
충남,태안군,레지던트,2012,0
충남,태안군,레지던트,2013,0
충남,태안군,레지던트,2014,0
충남,태안군,레지던트,2015,0
충남,태안군,레지던트,2016,0
충남,태안군,레지던트,2017,0
충남,태안군,레지던트,2018,0
충남,태안군,레지던트,2019,0
충남,태안군,레지던트,2020,0
충남,태안군,레지던트,2021,0
충남,태안군,레지던트,2022,0
충남,태안군,레지던트,2023,0
충남,태안군,레지던트,2024,0
충남,태안군,레지던트,2025,0
충남,태안군,인턴,2007,0
충남,태안군,인턴,2008,0
충남,태안군,인턴,2009,0
충남,태안군,인턴,2010,0
충남,태안군,인턴,2011,0
충남,태안군,인턴,2012,0
충남,태안군,인턴,2013,0
충남,태안군,인턴,2014,0
충남,태안군,인턴,2015,0
충남,태안군,인턴,2016,0
충남,태안군,인턴,2017,0
충남,태안군,인턴,2018,0
충남,태안군,인턴,2019,0
충남,태안군,인턴,2020,0
충남,태안군,인턴,2021,0
충남,태안군,인턴,2022,0
충남,태안군,인턴,2023,0
충남,태안군,인턴,2024,0
충남,태안군,인턴,2025,0
충남,태안군,일반의,2007,17
충남,태안군,일반의,2008,15
충남,태안군,일반의,2009,16
충남,태안군,일반의,2010,18
충남,태안군,일반의,2011,18
충남,태안군,일반의,2012,20
충남,태안군,일반의,2013,20
충남,태안군,일반의,2014,16
충남,태안군,일반의,2015,18
충남,태안군,일반의,2016,16
충남,태안군,일반의,2017,13
충남,태안군,일반의,2018,17
충남,태안군,일반의,2019,21
충남,태안군,일반의,2020,22
충남,태안군,일반의,2021,22
충남,태안군,일반의,2022,19
충남,태안군,일반의,2023,18
충남,태안군,일반의,2024,16
충남,태안군,일반의,2025,13
충남,태안군,전문의,2007,35
충남,태안군,전문의,2008,36
충남,태안군,전문의,2009,43
충남,태안군,전문의,2010,39
충남,태안군,전문의,2011,37
충남,태안군,전문의,2012,38
충남,태안군,전문의,2013,39
충남,태안군,전문의,2014,37
충남,태안군,전문의,2015,38
충남,태안군,전문의,2016,45
충남,태안군,전문의,2017,42
충남,태안군,전문의,2018,46
충남,태안군,전문의,2019,42
충남,태안군,전문의,2020,43
충남,태안군,전문의,2021,41
충남,태안군,전문의,2022,40
충남,태안군,전문의,2023,40
충남,태안군,전문의,2024,37
충남,태안군,전문의,2025,38
충남,홍성군,total,2007,94
충남,홍성군,total,2008,90
충남,홍성군,total,2009,96
충남,홍성군,total,2010,89
충남,홍성군,total,2011,98
충남,홍성군,total,2012,98
충남,홍성군,total,2013,103
충남,홍성군,total,2014,105
충남,홍성군,total,2015,108
충남,홍성군,total,2016,114
충남,홍성군,total,2017,118
충남,홍성군,total,2018,122
충남,홍성군,total,2019,126
충남,홍성군,total,2020,124
충남,홍성군,total,2021,134
충남,홍성군,total,2022,128
충남,홍성군,total,2023,117
충남,홍성군,total,2024,125
충남,홍성군,total,2025,132
충남,홍성군,레지던트,2007,0
충남,홍성군,레지던트,2008,0
충남,홍성군,레지던트,2009,0
충남,홍성군,레지던트,2010,0
충남,홍성군,레지던트,2011,0
충남,홍성군,레지던트,2012,0
충남,홍성군,레지던트,2013,0
충남,홍성군,레지던트,2014,0
충남,홍성군,레지던트,2015,0
충남,홍성군,레지던트,2016,0
충남,홍성군,레지던트,2017,0
충남,홍성군,레지던트,2018,0
충남,홍성군,레지던트,2019,0
충남,홍성군,레지던트,2020,0
충남,홍성군,레지던트,2021,0
충남,홍성군,레지던트,2022,0
충남,홍성군,레지던트,2023,0
충남,홍성군,레지던트,2024,0
충남,홍성군,레지던트,2025,0
충남,홍성군,인턴,2007,0
충남,홍성군,인턴,2008,0
충남,홍성군,인턴,2009,0
충남,홍성군,인턴,2010,0
충남,홍성군,인턴,2011,0
충남,홍성군,인턴,2012,0
충남,홍성군,인턴,2013,0
충남,홍성군,인턴,2014,0
충남,홍성군,인턴,2015,0
충남,홍성군,인턴,2016,0
충남,홍성군,인턴,2017,0
충남,홍성군,인턴,2018,0
충남,홍성군,인턴,2019,0
충남,홍성군,인턴,2020,0
충남,홍성군,인턴,2021,2
충남,홍성군,인턴,2022,0
충남,홍성군,인턴,2023,0
충남,홍성군,인턴,2024,0
충남,홍성군,인턴,2025,0
충남,홍성군,일반의,2007,18
충남,홍성군,일반의,2008,17
충남,홍성군,일반의,2009,17
충남,홍성군,일반의,2010,18
충남,홍성군,일반의,2011,18
충남,홍성군,일반의,2012,19
충남,홍성군,일반의,2013,16
충남,홍성군,일반의,2014,17
충남,홍성군,일반의,2015,12
충남,홍성군,일반의,2016,12
충남,홍성군,일반의,2017,12
충남,홍성군,일반의,2018,16
충남,홍성군,일반의,2019,19
충남,홍성군,일반의,2020,17
충남,홍성군,일반의,2021,17
충남,홍성군,일반의,2022,17
충남,홍성군,일반의,2023,10
충남,홍성군,일반의,2024,10
충남,홍성군,일반의,2025,16
충남,홍성군,전문의,2007,76
충남,홍성군,전문의,2008,73
충남,홍성군,전문의,2009,79
충남,홍성군,전문의,2010,71
충남,홍성군,전문의,2011,80
충남,홍성군,전문의,2012,79
충남,홍성군,전문의,2013,87
충남,홍성군,전문의,2014,88
충남,홍성군,전문의,2015,96
충남,홍성군,전문의,2016,102
충남,홍성군,전문의,2017,106
충남,홍성군,전문의,2018,106
충남,홍성군,전문의,2019,107
충남,홍성군,전문의,2020,107
충남,홍성군,전문의,2021,115
충남,홍성군,전문의,2022,111
충남,홍성군,전문의,2023,107
충남,홍성군,전문의,2024,115
충남,홍성군,전문의,2025,116
충북,괴산군,total,2007,29
충북,괴산군,total,2008,33
충북,괴산군,total,2009,33
충북,괴산군,total,2010,37
충북,괴산군,total,2011,39
충북,괴산군,total,2012,39
충북,괴산군,total,2013,39
충북,괴산군,total,2014,39
충북,괴산군,total,2015,43
충북,괴산군,total,2016,42
충북,괴산군,total,2017,46
충북,괴산군,total,2018,43
충북,괴산군,total,2019,42
충북,괴산군,total,2020,41
충북,괴산군,total,2021,41
충북,괴산군,total,2022,42
충북,괴산군,total,2023,42
충북,괴산군,total,2024,45
충북,괴산군,total,2025,37
충북,괴산군,레지던트,2007,0
충북,괴산군,레지던트,2008,0
충북,괴산군,레지던트,2009,0
충북,괴산군,레지던트,2010,0
충북,괴산군,레지던트,2011,0
충북,괴산군,레지던트,2012,0
충북,괴산군,레지던트,2013,0
충북,괴산군,레지던트,2014,0
충북,괴산군,레지던트,2015,0
충북,괴산군,레지던트,2016,0
충북,괴산군,레지던트,2017,0
충북,괴산군,레지던트,2018,0
충북,괴산군,레지던트,2019,0
충북,괴산군,레지던트,2020,0
충북,괴산군,레지던트,2021,0
충북,괴산군,레지던트,2022,0
충북,괴산군,레지던트,2023,0
충북,괴산군,레지던트,2024,0
충북,괴산군,레지던트,2025,0
충북,괴산군,인턴,2007,0
충북,괴산군,인턴,2008,0
충북,괴산군,인턴,2009,0
충북,괴산군,인턴,2010,0
충북,괴산군,인턴,2011,0
충북,괴산군,인턴,2012,0
충북,괴산군,인턴,2013,0
충북,괴산군,인턴,2014,0
충북,괴산군,인턴,2015,0
충북,괴산군,인턴,2016,0
충북,괴산군,인턴,2017,0
충북,괴산군,인턴,2018,0
충북,괴산군,인턴,2019,0
충북,괴산군,인턴,2020,1
충북,괴산군,인턴,2021,0
충북,괴산군,인턴,2022,0
충북,괴산군,인턴,2023,0
충북,괴산군,인턴,2024,0
충북,괴산군,인턴,2025,0
충북,괴산군,일반의,2007,15
충북,괴산군,일반의,2008,16
충북,괴산군,일반의,2009,15
충북,괴산군,일반의,2010,15
충북,괴산군,일반의,2011,17
충북,괴산군,일반의,2012,12
충북,괴산군,일반의,2013,9
충북,괴산군,일반의,2014,8
충북,괴산군,일반의,2015,13
충북,괴산군,일반의,2016,11
충북,괴산군,일반의,2017,10
충북,괴산군,일반의,2018,11
충북,괴산군,일반의,2019,10
충북,괴산군,일반의,2020,12
충북,괴산군,일반의,2021,14
충북,괴산군,일반의,2022,13
충북,괴산군,일반의,2023,6
충북,괴산군,일반의,2024,5
충북,괴산군,일반의,2025,8
충북,괴산군,전문의,2007,14
충북,괴산군,전문의,2008,17
충북,괴산군,전문의,2009,18
충북,괴산군,전문의,2010,22
충북,괴산군,전문의,2011,22
충북,괴산군,전문의,2012,27
충북,괴산군,전문의,2013,30
충북,괴산군,전문의,2014,31
충북,괴산군,전문의,2015,30
충북,괴산군,전문의,2016,31
충북,괴산군,전문의,2017,36
충북,괴산군,전문의,2018,32
충북,괴산군,전문의,2019,32
충북,괴산군,전문의,2020,28
충북,괴산군,전문의,2021,27
충북,괴산군,전문의,2022,29
충북,괴산군,전문의,2023,36
충북,괴산군,전문의,2024,40
충북,괴산군,전문의,2025,29
충북,단양군,total,2007,25
충북,단양군,total,2008,22
충북,단양군,total,2009,22
충북,단양군,total,2010,23
충북,단양군,total,2011,24
충북,단양군,total,2012,22
충북,단양군,total,2013,20
충북,단양군,total,2014,22
충북,단양군,total,2015,20
충북,단양군,total,2016,17
충북,단양군,total,2017,17
충북,단양군,total,2018,20
충북,단양군,total,2019,19
충북,단양군,total,2020,19
충북,단양군,total,2021,22
충북,단양군,total,2022,19
충북,단양군,total,2023,16
충북,단양군,total,2024,11
충북,단양군,total,2025,16
충북,단양군,레지던트,2007,0
충북,단양군,레지던트,2008,0
충북,단양군,레지던트,2009,0
충북,단양군,레지던트,2010,0
충북,단양군,레지던트,2011,0
충북,단양군,레지던트,2012,0
충북,단양군,레지던트,2013,0
충북,단양군,레지던트,2014,0
충북,단양군,레지던트,2015,0
충북,단양군,레지던트,2016,0
충북,단양군,레지던트,2017,0
충북,단양군,레지던트,2018,0
충북,단양군,레지던트,2019,0
충북,단양군,레지던트,2020,0
충북,단양군,레지던트,2021,0
충북,단양군,레지던트,2022,0
충북,단양군,레지던트,2023,0
충북,단양군,레지던트,2024,0
충북,단양군,레지던트,2025,0
충북,단양군,인턴,2007,0
충북,단양군,인턴,2008,0
충북,단양군,인턴,2009,0
충북,단양군,인턴,2010,0
충북,단양군,인턴,2011,0
충북,단양군,인턴,2012,0
충북,단양군,인턴,2013,0
충북,단양군,인턴,2014,0
충북,단양군,인턴,2015,0
충북,단양군,인턴,2016,0
충북,단양군,인턴,2017,0
충북,단양군,인턴,2018,0
충북,단양군,인턴,2019,0
충북,단양군,인턴,2020,0
충북,단양군,인턴,2021,0
충북,단양군,인턴,2022,0
충북,단양군,인턴,2023,0
충북,단양군,인턴,2024,0
충북,단양군,인턴,2025,0
충북,단양군,일반의,2007,10
충북,단양군,일반의,2008,6
충북,단양군,일반의,2009,5
충북,단양군,일반의,2010,9
충북,단양군,일반의,2011,8
충북,단양군,일반의,2012,8
충북,단양군,일반의,2013,4
충북,단양군,일반의,2014,1
충북,단양군,일반의,2015,2
충북,단양군,일반의,2016,2
충북,단양군,일반의,2017,4
충북,단양군,일반의,2018,3
충북,단양군,일반의,2019,4
충북,단양군,일반의,2020,5
충북,단양군,일반의,2021,10
충북,단양군,일반의,2022,7
충북,단양군,일반의,2023,5
충북,단양군,일반의,2024,2
충북,단양군,일반의,2025,2
충북,단양군,전문의,2007,15
충북,단양군,전문의,2008,16
충북,단양군,전문의,2009,17
충북,단양군,전문의,2010,14
충북,단양군,전문의,2011,16
충북,단양군,전문의,2012,14
충북,단양군,전문의,2013,16
충북,단양군,전문의,2014,21
충북,단양군,전문의,2015,18
충북,단양군,전문의,2016,15
충북,단양군,전문의,2017,13
충북,단양군,전문의,2018,17
충북,단양군,전문의,2019,15
충북,단양군,전문의,2020,14
충북,단양군,전문의,2021,12
충북,단양군,전문의,2022,12
충북,단양군,전문의,2023,11
충북,단양군,전문의,2024,9
충북,단양군,전문의,2025,14
충북,보은군,total,2007,36
충북,보은군,total,2008,36
충북,보은군,total,2009,37
충북,보은군,total,2010,42
충북,보은군,total,2011,41
충북,보은군,total,2012,39
충북,보은군,total,2013,39
충북,보은군,total,2014,39
충북,보은군,total,2015,44
충북,보은군,total,2016,44
충북,보은군,total,2017,43
충북,보은군,total,2018,45
충북,보은군,total,2019,45
충북,보은군,total,2020,44
충북,보은군,total,2021,44
충북,보은군,total,2022,43
충북,보은군,total,2023,34
충북,보은군,total,2024,33
충북,보은군,total,2025,36
충북,보은군,레지던트,2007,0
충북,보은군,레지던트,2008,0
충북,보은군,레지던트,2009,0
충북,보은군,레지던트,2010,0
충북,보은군,레지던트,2011,0
충북,보은군,레지던트,2012,0
충북,보은군,레지던트,2013,0
충북,보은군,레지던트,2014,0
충북,보은군,레지던트,2015,0
충북,보은군,레지던트,2016,0
충북,보은군,레지던트,2017,0
충북,보은군,레지던트,2018,0
충북,보은군,레지던트,2019,0
충북,보은군,레지던트,2020,0
충북,보은군,레지던트,2021,0
충북,보은군,레지던트,2022,0
충북,보은군,레지던트,2023,0
충북,보은군,레지던트,2024,0
충북,보은군,레지던트,2025,0
충북,보은군,인턴,2007,0
충북,보은군,인턴,2008,0
충북,보은군,인턴,2009,0
충북,보은군,인턴,2010,0
충북,보은군,인턴,2011,0
충북,보은군,인턴,2012,0
충북,보은군,인턴,2013,0
충북,보은군,인턴,2014,0
충북,보은군,인턴,2015,0
충북,보은군,인턴,2016,0
충북,보은군,인턴,2017,0
충북,보은군,인턴,2018,0
충북,보은군,인턴,2019,0
충북,보은군,인턴,2020,0
충북,보은군,인턴,2021,0
충북,보은군,인턴,2022,0
충북,보은군,인턴,2023,0
충북,보은군,인턴,2024,0
충북,보은군,인턴,2025,0
충북,보은군,일반의,2007,10
충북,보은군,일반의,2008,14
충북,보은군,일반의,2009,16
충북,보은군,일반의,2010,16
충북,보은군,일반의,2011,10
충북,보은군,일반의,2012,11
충북,보은군,일반의,2013,8
충북,보은군,일반의,2014,10
충북,보은군,일반의,2015,8
충북,보은군,일반의,2016,7
충북,보은군,일반의,2017,7
충북,보은군,일반의,2018,9
충북,보은군,일반의,2019,10
충북,보은군,일반의,2020,10
충북,보은군,일반의,2021,12
충북,보은군,일반의,2022,10
충북,보은군,일반의,2023,7
충북,보은군,일반의,2024,5
충북,보은군,일반의,2025,9
충북,보은군,전문의,2007,26
충북,보은군,전문의,2008,22
충북,보은군,전문의,2009,21
충북,보은군,전문의,2010,26
충북,보은군,전문의,2011,31
충북,보은군,전문의,2012,28
충북,보은군,전문의,2013,31
충북,보은군,전문의,2014,29
충북,보은군,전문의,2015,36
충북,보은군,전문의,2016,37
충북,보은군,전문의,2017,36
충북,보은군,전문의,2018,36
충북,보은군,전문의,2019,35
충북,보은군,전문의,2020,34
충북,보은군,전문의,2021,32
충북,보은군,전문의,2022,33
충북,보은군,전문의,2023,27
충북,보은군,전문의,2024,28
충북,보은군,전문의,2025,27
충북,영동군,total,2007,47
충북,영동군,total,2008,45
충북,영동군,total,2009,49
충북,영동군,total,2010,51
충북,영동군,total,2011,50
충북,영동군,total,2012,53
충북,영동군,total,2013,54
충북,영동군,total,2014,53
충북,영동군,total,2015,55
충북,영동군,total,2016,56
충북,영동군,total,2017,58
충북,영동군,total,2018,60
충북,영동군,total,2019,59
충북,영동군,total,2020,59
충북,영동군,total,2021,61
충북,영동군,total,2022,58
충북,영동군,total,2023,54
충북,영동군,total,2024,53
충북,영동군,total,2025,49
충북,영동군,레지던트,2007,0
충북,영동군,레지던트,2008,0
충북,영동군,레지던트,2009,0
충북,영동군,레지던트,2010,0
충북,영동군,레지던트,2011,0
충북,영동군,레지던트,2012,0
충북,영동군,레지던트,2013,0
충북,영동군,레지던트,2014,0
충북,영동군,레지던트,2015,0
충북,영동군,레지던트,2016,0
충북,영동군,레지던트,2017,0
충북,영동군,레지던트,2018,0
충북,영동군,레지던트,2019,0
충북,영동군,레지던트,2020,0
충북,영동군,레지던트,2021,0
충북,영동군,레지던트,2022,0
충북,영동군,레지던트,2023,0
충북,영동군,레지던트,2024,0
충북,영동군,레지던트,2025,0
충북,영동군,인턴,2007,0
충북,영동군,인턴,2008,0
충북,영동군,인턴,2009,0
충북,영동군,인턴,2010,0
충북,영동군,인턴,2011,0
충북,영동군,인턴,2012,1
충북,영동군,인턴,2013,0
충북,영동군,인턴,2014,0
충북,영동군,인턴,2015,0
충북,영동군,인턴,2016,0
충북,영동군,인턴,2017,0
충북,영동군,인턴,2018,0
충북,영동군,인턴,2019,1
충북,영동군,인턴,2020,0
충북,영동군,인턴,2021,0
충북,영동군,인턴,2022,0
충북,영동군,인턴,2023,0
충북,영동군,인턴,2024,0
충북,영동군,인턴,2025,0
충북,영동군,일반의,2007,14
충북,영동군,일반의,2008,12
충북,영동군,일반의,2009,16
충북,영동군,일반의,2010,17
충북,영동군,일반의,2011,14
충북,영동군,일반의,2012,14
충북,영동군,일반의,2013,11
충북,영동군,일반의,2014,13
충북,영동군,일반의,2015,14
충북,영동군,일반의,2016,13
충북,영동군,일반의,2017,12
충북,영동군,일반의,2018,11
충북,영동군,일반의,2019,11
충북,영동군,일반의,2020,14
충북,영동군,일반의,2021,18
충북,영동군,일반의,2022,18
충북,영동군,일반의,2023,13
충북,영동군,일반의,2024,9
충북,영동군,일반의,2025,6
충북,영동군,전문의,2007,33
충북,영동군,전문의,2008,33
충북,영동군,전문의,2009,33
충북,영동군,전문의,2010,34
충북,영동군,전문의,2011,36
충북,영동군,전문의,2012,38
충북,영동군,전문의,2013,43
충북,영동군,전문의,2014,40
충북,영동군,전문의,2015,41
충북,영동군,전문의,2016,43
충북,영동군,전문의,2017,46
충북,영동군,전문의,2018,49
충북,영동군,전문의,2019,47
충북,영동군,전문의,2020,45
충북,영동군,전문의,2021,43
충북,영동군,전문의,2022,40
충북,영동군,전문의,2023,41
충북,영동군,전문의,2024,44
충북,영동군,전문의,2025,43
충북,옥천군,total,2007,53
충북,옥천군,total,2008,52
충북,옥천군,total,2009,59
충북,옥천군,total,2010,63
충북,옥천군,total,2011,65
충북,옥천군,total,2012,65
충북,옥천군,total,2013,62
충북,옥천군,total,2014,63
충북,옥천군,total,2015,70
충북,옥천군,total,2016,68
충북,옥천군,total,2017,70
충북,옥천군,total,2018,73
충북,옥천군,total,2019,69
충북,옥천군,total,2020,67
충북,옥천군,total,2021,62
충북,옥천군,total,2022,59
충북,옥천군,total,2023,55
충북,옥천군,total,2024,56
충북,옥천군,total,2025,54
충북,옥천군,레지던트,2007,0
충북,옥천군,레지던트,2008,0
충북,옥천군,레지던트,2009,0
충북,옥천군,레지던트,2010,0
충북,옥천군,레지던트,2011,0
충북,옥천군,레지던트,2012,0
충북,옥천군,레지던트,2013,0
충북,옥천군,레지던트,2014,0
충북,옥천군,레지던트,2015,0
충북,옥천군,레지던트,2016,0
충북,옥천군,레지던트,2017,0
충북,옥천군,레지던트,2018,0
충북,옥천군,레지던트,2019,0
충북,옥천군,레지던트,2020,0
충북,옥천군,레지던트,2021,0
충북,옥천군,레지던트,2022,0
충북,옥천군,레지던트,2023,0
충북,옥천군,레지던트,2024,0
충북,옥천군,레지던트,2025,0
충북,옥천군,인턴,2007,0
충북,옥천군,인턴,2008,0
충북,옥천군,인턴,2009,0
충북,옥천군,인턴,2010,0
충북,옥천군,인턴,2011,0
충북,옥천군,인턴,2012,0
충북,옥천군,인턴,2013,0
충북,옥천군,인턴,2014,0
충북,옥천군,인턴,2015,0
충북,옥천군,인턴,2016,0
충북,옥천군,인턴,2017,0
충북,옥천군,인턴,2018,0
충북,옥천군,인턴,2019,0
충북,옥천군,인턴,2020,0
충북,옥천군,인턴,2021,1
충북,옥천군,인턴,2022,0
충북,옥천군,인턴,2023,0
충북,옥천군,인턴,2024,0
충북,옥천군,인턴,2025,0
충북,옥천군,일반의,2007,11
충북,옥천군,일반의,2008,11
충북,옥천군,일반의,2009,13
충북,옥천군,일반의,2010,12
충북,옥천군,일반의,2011,10
충북,옥천군,일반의,2012,7
충북,옥천군,일반의,2013,6
충북,옥천군,일반의,2014,7
충북,옥천군,일반의,2015,9
충북,옥천군,일반의,2016,10
충북,옥천군,일반의,2017,9
충북,옥천군,일반의,2018,10
충북,옥천군,일반의,2019,11
충북,옥천군,일반의,2020,12
충북,옥천군,일반의,2021,10
충북,옥천군,일반의,2022,9
충북,옥천군,일반의,2023,3
충북,옥천군,일반의,2024,7
충북,옥천군,일반의,2025,6
충북,옥천군,전문의,2007,42
충북,옥천군,전문의,2008,41
충북,옥천군,전문의,2009,46
충북,옥천군,전문의,2010,51
충북,옥천군,전문의,2011,55
충북,옥천군,전문의,2012,58
충북,옥천군,전문의,2013,56
충북,옥천군,전문의,2014,56
충북,옥천군,전문의,2015,61
충북,옥천군,전문의,2016,58
충북,옥천군,전문의,2017,61
충북,옥천군,전문의,2018,63
충북,옥천군,전문의,2019,58
충북,옥천군,전문의,2020,55
충북,옥천군,전문의,2021,51
충북,옥천군,전문의,2022,50
충북,옥천군,전문의,2023,52
충북,옥천군,전문의,2024,49
충북,옥천군,전문의,2025,48
충북,음성군,total,2007,109
충북,음성군,total,2008,106
충북,음성군,total,2009,109
충북,음성군,total,2010,102
충북,음성군,total,2011,109
충북,음성군,total,2012,97
충북,음성군,total,2013,86
충북,음성군,total,2014,93
충북,음성군,total,2015,92
충북,음성군,total,2016,95
충북,음성군,total,2017,90
충북,음성군,total,2018,93
충북,음성군,total,2019,92
충북,음성군,total,2020,93
충북,음성군,total,2021,99
충북,음성군,total,2022,92
충북,음성군,total,2023,92
충북,음성군,total,2024,89
충북,음성군,total,2025,88
충북,음성군,레지던트,2007,0
충북,음성군,레지던트,2008,0
충북,음성군,레지던트,2009,0
충북,음성군,레지던트,2010,0
충북,음성군,레지던트,2011,0
충북,음성군,레지던트,2012,0
충북,음성군,레지던트,2013,0
충북,음성군,레지던트,2014,0
충북,음성군,레지던트,2015,0
충북,음성군,레지던트,2016,0
충북,음성군,레지던트,2017,0
충북,음성군,레지던트,2018,0
충북,음성군,레지던트,2019,0
충북,음성군,레지던트,2020,0
충북,음성군,레지던트,2021,0
충북,음성군,레지던트,2022,0
충북,음성군,레지던트,2023,0
충북,음성군,레지던트,2024,0
충북,음성군,레지던트,2025,0
충북,음성군,인턴,2007,0
충북,음성군,인턴,2008,0
충북,음성군,인턴,2009,0
충북,음성군,인턴,2010,0
충북,음성군,인턴,2011,0
충북,음성군,인턴,2012,0
충북,음성군,인턴,2013,0
충북,음성군,인턴,2014,0
충북,음성군,인턴,2015,0
충북,음성군,인턴,2016,0
충북,음성군,인턴,2017,0
충북,음성군,인턴,2018,0
충북,음성군,인턴,2019,0
충북,음성군,인턴,2020,0
충북,음성군,인턴,2021,0
충북,음성군,인턴,2022,0
충북,음성군,인턴,2023,0
충북,음성군,인턴,2024,0
충북,음성군,인턴,2025,0
충북,음성군,일반의,2007,19
충북,음성군,일반의,2008,12
충북,음성군,일반의,2009,17
충북,음성군,일반의,2010,18
충북,음성군,일반의,2011,19
충북,음성군,일반의,2012,16
충북,음성군,일반의,2013,9
충북,음성군,일반의,2014,8
충북,음성군,일반의,2015,7
충북,음성군,일반의,2016,6
충북,음성군,일반의,2017,5
충북,음성군,일반의,2018,9
충북,음성군,일반의,2019,9
충북,음성군,일반의,2020,9
충북,음성군,일반의,2021,8
충북,음성군,일반의,2022,11
충북,음성군,일반의,2023,13
충북,음성군,일반의,2024,8
충북,음성군,일반의,2025,12
충북,음성군,전문의,2007,90
충북,음성군,전문의,2008,94
충북,음성군,전문의,2009,92
충북,음성군,전문의,2010,84
충북,음성군,전문의,2011,90
충북,음성군,전문의,2012,81
충북,음성군,전문의,2013,77
충북,음성군,전문의,2014,85
충북,음성군,전문의,2015,85
충북,음성군,전문의,2016,89
충북,음성군,전문의,2017,85
충북,음성군,전문의,2018,84
충북,음성군,전문의,2019,83
충북,음성군,전문의,2020,84
충북,음성군,전문의,2021,91
충북,음성군,전문의,2022,81
충북,음성군,전문의,2023,79
충북,음성군,전문의,2024,81
충북,음성군,전문의,2025,76
충북,제천시,total,2007,130
충북,제천시,total,2008,125
충북,제천시,total,2009,136
충북,제천시,total,2010,139
충북,제천시,total,2011,156
충북,제천시,total,2012,150
충북,제천시,total,2013,150
충북,제천시,total,2014,167
충북,제천시,total,2015,167
충북,제천시,total,2016,169
충북,제천시,total,2017,172
충북,제천시,total,2018,164
충북,제천시,total,2019,175
충북,제천시,total,2020,178
충북,제천시,total,2021,182
충북,제천시,total,2022,180
충북,제천시,total,2023,176
충북,제천시,total,2024,171
충북,제천시,total,2025,175
충북,제천시,레지던트,2007,4
충북,제천시,레지던트,2008,0
충북,제천시,레지던트,2009,0
충북,제천시,레지던트,2010,0
충북,제천시,레지던트,2011,0
충북,제천시,레지던트,2012,0
충북,제천시,레지던트,2013,0
충북,제천시,레지던트,2014,0
충북,제천시,레지던트,2015,0
충북,제천시,레지던트,2016,0
충북,제천시,레지던트,2017,0
충북,제천시,레지던트,2018,0
충북,제천시,레지던트,2019,0
충북,제천시,레지던트,2020,0
충북,제천시,레지던트,2021,0
충북,제천시,레지던트,2022,0
충북,제천시,레지던트,2023,0
충북,제천시,레지던트,2024,0
충북,제천시,레지던트,2025,0
충북,제천시,인턴,2007,0
충북,제천시,인턴,2008,0
충북,제천시,인턴,2009,0
충북,제천시,인턴,2010,0
충북,제천시,인턴,2011,0
충북,제천시,인턴,2012,0
충북,제천시,인턴,2013,0
충북,제천시,인턴,2014,0
충북,제천시,인턴,2015,0
충북,제천시,인턴,2016,0
충북,제천시,인턴,2017,0
충북,제천시,인턴,2018,0
충북,제천시,인턴,2019,0
충북,제천시,인턴,2020,0
충북,제천시,인턴,2021,0
충북,제천시,인턴,2022,1
충북,제천시,인턴,2023,0
충북,제천시,인턴,2024,0
충북,제천시,인턴,2025,0
충북,제천시,일반의,2007,18
충북,제천시,일반의,2008,17
충북,제천시,일반의,2009,19
충북,제천시,일반의,2010,21
충북,제천시,일반의,2011,22
충북,제천시,일반의,2012,21
충북,제천시,일반의,2013,15
충북,제천시,일반의,2014,20
충북,제천시,일반의,2015,19
충북,제천시,일반의,2016,20
충북,제천시,일반의,2017,16
충북,제천시,일반의,2018,16
충북,제천시,일반의,2019,20
충북,제천시,일반의,2020,20
충북,제천시,일반의,2021,20
충북,제천시,일반의,2022,18
충북,제천시,일반의,2023,14
충북,제천시,일반의,2024,13
충북,제천시,일반의,2025,17
충북,제천시,전문의,2007,108
충북,제천시,전문의,2008,108
충북,제천시,전문의,2009,117
충북,제천시,전문의,2010,118
충북,제천시,전문의,2011,134
충북,제천시,전문의,2012,129
충북,제천시,전문의,2013,135
충북,제천시,전문의,2014,147
충북,제천시,전문의,2015,148
충북,제천시,전문의,2016,149
충북,제천시,전문의,2017,156
충북,제천시,전문의,2018,148
충북,제천시,전문의,2019,155
충북,제천시,전문의,2020,158
충북,제천시,전문의,2021,162
충북,제천시,전문의,2022,161
충북,제천시,전문의,2023,162
충북,제천시,전문의,2024,158
충북,제천시,전문의,2025,158
충북,증평군,total,2007,29
충북,증평군,total,2008,24
충북,증평군,total,2009,28
충북,증평군,total,2010,28
충북,증평군,total,2011,29
충북,증평군,total,2012,30
충북,증평군,total,2013,22
충북,증평군,total,2014,22
충북,증평군,total,2015,27
충북,증평군,total,2016,27
충북,증평군,total,2017,30
충북,증평군,total,2018,28
충북,증평군,total,2019,24
충북,증평군,total,2020,24
충북,증평군,total,2021,26
충북,증평군,total,2022,26
충북,증평군,total,2023,26
충북,증평군,total,2024,26
충북,증평군,total,2025,25
충북,증평군,레지던트,2007,0
충북,증평군,레지던트,2008,0
충북,증평군,레지던트,2009,0
충북,증평군,레지던트,2010,0
충북,증평군,레지던트,2011,0
충북,증평군,레지던트,2012,0
충북,증평군,레지던트,2013,0
충북,증평군,레지던트,2014,0
충북,증평군,레지던트,2015,0
충북,증평군,레지던트,2016,0
충북,증평군,레지던트,2017,0
충북,증평군,레지던트,2018,0
충북,증평군,레지던트,2019,0
충북,증평군,레지던트,2020,0
충북,증평군,레지던트,2021,0
충북,증평군,레지던트,2022,0
충북,증평군,레지던트,2023,0
충북,증평군,레지던트,2024,0
충북,증평군,레지던트,2025,0
충북,증평군,인턴,2007,0
충북,증평군,인턴,2008,0
충북,증평군,인턴,2009,0
충북,증평군,인턴,2010,0
충북,증평군,인턴,2011,0
충북,증평군,인턴,2012,0
충북,증평군,인턴,2013,0
충북,증평군,인턴,2014,0
충북,증평군,인턴,2015,0
충북,증평군,인턴,2016,0
충북,증평군,인턴,2017,0
충북,증평군,인턴,2018,0
충북,증평군,인턴,2019,0
충북,증평군,인턴,2020,0
충북,증평군,인턴,2021,0
충북,증평군,인턴,2022,0
충북,증평군,인턴,2023,0
충북,증평군,인턴,2024,0
충북,증평군,인턴,2025,0
충북,증평군,일반의,2007,2
충북,증평군,일반의,2008,2
충북,증평군,일반의,2009,3
충북,증평군,일반의,2010,3
충북,증평군,일반의,2011,2
충북,증평군,일반의,2012,2
충북,증평군,일반의,2013,1
충북,증평군,일반의,2014,1
충북,증평군,일반의,2015,3
충북,증평군,일반의,2016,4
충북,증평군,일반의,2017,7
충북,증평군,일반의,2018,5
충북,증평군,일반의,2019,4
충북,증평군,일반의,2020,4
충북,증평군,일반의,2021,5
충북,증평군,일반의,2022,5
충북,증평군,일반의,2023,2
충북,증평군,일반의,2024,3
충북,증평군,일반의,2025,4
충북,증평군,전문의,2007,27
충북,증평군,전문의,2008,22
충북,증평군,전문의,2009,25
충북,증평군,전문의,2010,25
충북,증평군,전문의,2011,27
충북,증평군,전문의,2012,28
충북,증평군,전문의,2013,21
충북,증평군,전문의,2014,21
충북,증평군,전문의,2015,24
충북,증평군,전문의,2016,23
충북,증평군,전문의,2017,23
충북,증평군,전문의,2018,23
충북,증평군,전문의,2019,20
충북,증평군,전문의,2020,20
충북,증평군,전문의,2021,21
충북,증평군,전문의,2022,21
충북,증평군,전문의,2023,24
충북,증평군,전문의,2024,23
충북,증평군,전문의,2025,21
충북,진천군,total,2007,53
충북,진천군,total,2008,51
충북,진천군,total,2009,50
충북,진천군,total,2010,56
충북,진천군,total,2011,60
충북,진천군,total,2012,58
충북,진천군,total,2013,59
충북,진천군,total,2014,61
충북,진천군,total,2015,64
충북,진천군,total,2016,67
충북,진천군,total,2017,69
충북,진천군,total,2018,75
충북,진천군,total,2019,78
충북,진천군,total,2020,86
충북,진천군,total,2021,94
충북,진천군,total,2022,91
충북,진천군,total,2023,86
충북,진천군,total,2024,85
충북,진천군,total,2025,91
충북,진천군,레지던트,2007,0
충북,진천군,레지던트,2008,0
충북,진천군,레지던트,2009,0
충북,진천군,레지던트,2010,0
충북,진천군,레지던트,2011,0
충북,진천군,레지던트,2012,0
충북,진천군,레지던트,2013,0
충북,진천군,레지던트,2014,0
충북,진천군,레지던트,2015,0
충북,진천군,레지던트,2016,0
충북,진천군,레지던트,2017,0
충북,진천군,레지던트,2018,0
충북,진천군,레지던트,2019,0
충북,진천군,레지던트,2020,0
충북,진천군,레지던트,2021,0
충북,진천군,레지던트,2022,0
충북,진천군,레지던트,2023,0
충북,진천군,레지던트,2024,0
충북,진천군,레지던트,2025,0
충북,진천군,인턴,2007,0
충북,진천군,인턴,2008,0
충북,진천군,인턴,2009,0
충북,진천군,인턴,2010,0
충북,진천군,인턴,2011,0
충북,진천군,인턴,2012,0
충북,진천군,인턴,2013,0
충북,진천군,인턴,2014,0
충북,진천군,인턴,2015,0
충북,진천군,인턴,2016,0
충북,진천군,인턴,2017,0
충북,진천군,인턴,2018,0
충북,진천군,인턴,2019,0
충북,진천군,인턴,2020,0
충북,진천군,인턴,2021,1
충북,진천군,인턴,2022,0
충북,진천군,인턴,2023,0
충북,진천군,인턴,2024,0
충북,진천군,인턴,2025,0
충북,진천군,일반의,2007,17
충북,진천군,일반의,2008,13
충북,진천군,일반의,2009,13
충북,진천군,일반의,2010,16
충북,진천군,일반의,2011,15
충북,진천군,일반의,2012,12
충북,진천군,일반의,2013,10
충북,진천군,일반의,2014,9
충북,진천군,일반의,2015,11
충북,진천군,일반의,2016,11
충북,진천군,일반의,2017,6
충북,진천군,일반의,2018,8
충북,진천군,일반의,2019,8
충북,진천군,일반의,2020,10
충북,진천군,일반의,2021,10
충북,진천군,일반의,2022,10
충북,진천군,일반의,2023,7
충북,진천군,일반의,2024,8
충북,진천군,일반의,2025,8
충북,진천군,전문의,2007,36
충북,진천군,전문의,2008,38
충북,진천군,전문의,2009,37
충북,진천군,전문의,2010,40
충북,진천군,전문의,2011,45
충북,진천군,전문의,2012,46
충북,진천군,전문의,2013,49
충북,진천군,전문의,2014,52
충북,진천군,전문의,2015,53
충북,진천군,전문의,2016,56
충북,진천군,전문의,2017,63
충북,진천군,전문의,2018,67
충북,진천군,전문의,2019,70
충북,진천군,전문의,2020,76
충북,진천군,전문의,2021,83
충북,진천군,전문의,2022,81
충북,진천군,전문의,2023,79
충북,진천군,전문의,2024,77
충북,진천군,전문의,2025,83
충북,충주시,total,2007,263
충북,충주시,total,2008,259
충북,충주시,total,2009,279
충북,충주시,total,2010,292
충북,충주시,total,2011,291
충북,충주시,total,2012,315
충북,충주시,total,2013,314
충북,충주시,total,2014,325
충북,충주시,total,2015,335
충북,충주시,total,2016,332
충북,충주시,total,2017,341
충북,충주시,total,2018,333
충북,충주시,total,2019,341
충북,충주시,total,2020,328
충북,충주시,total,2021,320
충북,충주시,total,2022,307
충북,충주시,total,2023,298
충북,충주시,total,2024,312
충북,충주시,total,2025,314
충북,충주시,레지던트,2007,14
충북,충주시,레지던트,2008,17
충북,충주시,레지던트,2009,24
충북,충주시,레지던트,2010,34
충북,충주시,레지던트,2011,32
충북,충주시,레지던트,2012,33
충북,충주시,레지던트,2013,37
충북,충주시,레지던트,2014,37
충북,충주시,레지던트,2015,40
충북,충주시,레지던트,2016,31
충북,충주시,레지던트,2017,29
충북,충주시,레지던트,2018,21
충북,충주시,레지던트,2019,18
충북,충주시,레지던트,2020,17
충북,충주시,레지던트,2021,11
충북,충주시,레지던트,2022,7
충북,충주시,레지던트,2023,1
충북,충주시,레지던트,2024,1
충북,충주시,레지던트,2025,0
충북,충주시,인턴,2007,21
충북,충주시,인턴,2008,13
충북,충주시,인턴,2009,6
충북,충주시,인턴,2010,1
충북,충주시,인턴,2011,0
충북,충주시,인턴,2012,0
충북,충주시,인턴,2013,0
충북,충주시,인턴,2014,1
충북,충주시,인턴,2015,2
충북,충주시,인턴,2016,0
충북,충주시,인턴,2017,0
충북,충주시,인턴,2018,0
충북,충주시,인턴,2019,0
충북,충주시,인턴,2020,0
충북,충주시,인턴,2021,0
충북,충주시,인턴,2022,0
충북,충주시,인턴,2023,0
충북,충주시,인턴,2024,0
충북,충주시,인턴,2025,0
충북,충주시,일반의,2007,33
충북,충주시,일반의,2008,31
충북,충주시,일반의,2009,30
충북,충주시,일반의,2010,31
충북,충주시,일반의,2011,38
충북,충주시,일반의,2012,39
충북,충주시,일반의,2013,31
충북,충주시,일반의,2014,32
충북,충주시,일반의,2015,25
충북,충주시,일반의,2016,25
충북,충주시,일반의,2017,26
충북,충주시,일반의,2018,30
충북,충주시,일반의,2019,35
충북,충주시,일반의,2020,33
충북,충주시,일반의,2021,37
충북,충주시,일반의,2022,30
충북,충주시,일반의,2023,23
충북,충주시,일반의,2024,25
충북,충주시,일반의,2025,37
충북,충주시,전문의,2007,195
충북,충주시,전문의,2008,198
충북,충주시,전문의,2009,219
충북,충주시,전문의,2010,226
충북,충주시,전문의,2011,221
충북,충주시,전문의,2012,243
충북,충주시,전문의,2013,246
충북,충주시,전문의,2014,255
충북,충주시,전문의,2015,268
충북,충주시,전문의,2016,276
충북,충주시,전문의,2017,286
충북,충주시,전문의,2018,282
충북,충주시,전문의,2019,288
충북,충주시,전문의,2020,278
충북,충주시,전문의,2021,272
충북,충주시,전문의,2022,270
충북,충주시,전문의,2023,274
충북,충주시,전문의,2024,286
충북,충주시,전문의,2025,277
