region_sido,region_sigungu,year,shock_station,line,distance_to_station,ktx_date,shock_year,ktx_shock_did
강원,강릉시,2007,강릉역,경강선(강릉선),8.379574029951039,2017-12-22,2018,0
강원,강릉시,2008,강릉역,경강선(강릉선),8.379574029951039,2017-12-22,2018,0
강원,강릉시,2009,강릉역,경강선(강릉선),8.379574029951039,2017-12-22,2018,0
강원,강릉시,2010,강릉역,경강선(강릉선),8.379574029951039,2017-12-22,2018,0
강원,강릉시,2011,강릉역,경강선(강릉선),8.379574029951039,2017-12-22,2018,0
강원,강릉시,2012,강릉역,경강선(강릉선),8.379574029951039,2017-12-22,2018,0
강원,강릉시,2013,강릉역,경강선(강릉선),8.379574029951039,2017-12-22,2018,0
강원,강릉시,2014,강릉역,경강선(강릉선),8.379574029951039,2017-12-22,2018,0
강원,강릉시,2015,강릉역,경강선(강릉선),8.379574029951039,2017-12-22,2018,0
강원,강릉시,2016,강릉역,경강선(강릉선),8.379574029951039,2017-12-22,2018,0
강원,강릉시,2017,강릉역,경강선(강릉선),8.379574029951039,2017-12-22,2018,0
강원,강릉시,2018,강릉역,경강선(강릉선),8.379574029951039,2017-12-22,2018,1
강원,강릉시,2019,강릉역,경강선(강릉선),8.379574029951039,2017-12-22,2018,1
강원,강릉시,2020,강릉역,경강선(강릉선),8.379574029951039,2017-12-22,2018,1
강원,강릉시,2021,강릉역,경강선(강릉선),8.379574029951039,2017-12-22,2018,1
강원,강릉시,2022,강릉역,경강선(강릉선),8.379574029951039,2017-12-22,2018,1
강원,강릉시,2023,강릉역,경강선(강릉선),8.379574029951039,2017-12-22,2018,1
강원,강릉시,2024,강릉역,경강선(강릉선),8.379574029951039,2017-12-22,2018,1
강원,강릉시,2025,강릉역,경강선(강릉선),8.379574029951039,2017-12-22,2018,1
강원,고성군,2007,,,,,,0
강원,고성군,2008,,,,,,0
강원,고성군,2009,,,,,,0
강원,고성군,2010,,,,,,0
강원,고성군,2011,,,,,,0
강원,고성군,2012,,,,,,0
강원,고성군,2013,,,,,,0
강원,고성군,2014,,,,,,0
강원,고성군,2015,,,,,,0
강원,고성군,2016,,,,,,0
강원,고성군,2017,,,,,,0
강원,고성군,2018,,,,,,0
강원,고성군,2019,,,,,,0
강원,고성군,2020,,,,,,0
강원,고성군,2021,,,,,,0
강원,고성군,2022,,,,,,0
강원,고성군,2023,,,,,,0
강원,고성군,2024,,,,,,0
강원,고성군,2025,,,,,,0
강원,동해시,2007,강릉역,경강선(강릉선),31.656054729605966,2017-12-22,2018,0
강원,동해시,2008,강릉역,경강선(강릉선),31.656054729605966,2017-12-22,2018,0
강원,동해시,2009,강릉역,경강선(강릉선),31.656054729605966,2017-12-22,2018,0
강원,동해시,2010,강릉역,경강선(강릉선),31.656054729605966,2017-12-22,2018,0
강원,동해시,2011,강릉역,경강선(강릉선),31.656054729605966,2017-12-22,2018,0
강원,동해시,2012,강릉역,경강선(강릉선),31.656054729605966,2017-12-22,2018,0
강원,동해시,2013,강릉역,경강선(강릉선),31.656054729605966,2017-12-22,2018,0
강원,동해시,2014,강릉역,경강선(강릉선),31.656054729605966,2017-12-22,2018,0
강원,동해시,2015,강릉역,경강선(강릉선),31.656054729605966,2017-12-22,2018,0
강원,동해시,2016,강릉역,경강선(강릉선),31.656054729605966,2017-12-22,2018,0
강원,동해시,2017,강릉역,경강선(강릉선),31.656054729605966,2017-12-22,2018,0
강원,동해시,2018,강릉역,경강선(강릉선),31.656054729605966,2017-12-22,2018,1
강원,동해시,2019,강릉역,경강선(강릉선),31.656054729605966,2017-12-22,2018,1
강원,동해시,2020,강릉역,경강선(강릉선),31.656054729605966,2017-12-22,2018,1
강원,동해시,2021,강릉역,경강선(강릉선),31.656054729605966,2017-12-22,2018,1
강원,동해시,2022,강릉역,경강선(강릉선),31.656054729605966,2017-12-22,2018,1
강원,동해시,2023,강릉역,경강선(강릉선),31.656054729605966,2017-12-22,2018,1
강원,동해시,2024,강릉역,경강선(강릉선),31.656054729605966,2017-12-22,2018,1
강원,동해시,2025,강릉역,경강선(강릉선),31.656054729605966,2017-12-22,2018,1
강원,삼척시,2007,동해역,영동선,24.50281444379794,2020-03-02,2020,0
강원,삼척시,2008,동해역,영동선,24.50281444379794,2020-03-02,2020,0
강원,삼척시,2009,동해역,영동선,24.50281444379794,2020-03-02,2020,0
강원,삼척시,2010,동해역,영동선,24.50281444379794,2020-03-02,2020,0
강원,삼척시,2011,동해역,영동선,24.50281444379794,2020-03-02,2020,0
강원,삼척시,2012,동해역,영동선,24.50281444379794,2020-03-02,2020,0
강원,삼척시,2013,동해역,영동선,24.50281444379794,2020-03-02,2020,0
강원,삼척시,2014,동해역,영동선,24.50281444379794,2020-03-02,2020,0
강원,삼척시,2015,동해역,영동선,24.50281444379794,2020-03-02,2020,0
강원,삼척시,2016,동해역,영동선,24.50281444379794,2020-03-02,2020,0
강원,삼척시,2017,동해역,영동선,24.50281444379794,2020-03-02,2020,0
강원,삼척시,2018,동해역,영동선,24.50281444379794,2020-03-02,2020,0
강원,삼척시,2019,동해역,영동선,24.50281444379794,2020-03-02,2020,0
강원,삼척시,2020,동해역,영동선,24.50281444379794,2020-03-02,2020,1
강원,삼척시,2021,동해역,영동선,24.50281444379794,2020-03-02,2020,1
강원,삼척시,2022,동해역,영동선,24.50281444379794,2020-03-02,2020,1
강원,삼척시,2023,동해역,영동선,24.50281444379794,2020-03-02,2020,1
강원,삼척시,2024,동해역,영동선,24.50281444379794,2020-03-02,2020,1
강원,삼척시,2025,동해역,영동선,24.50281444379794,2020-03-02,2020,1
강원,속초시,2007,,,,,,0
강원,속초시,2008,,,,,,0
강원,속초시,2009,,,,,,0
강원,속초시,2010,,,,,,0
강원,속초시,2011,,,,,,0
강원,속초시,2012,,,,,,0
강원,속초시,2013,,,,,,0
강원,속초시,2014,,,,,,0
강원,속초시,2015,,,,,,0
강원,속초시,2016,,,,,,0
강원,속초시,2017,,,,,,0
강원,속초시,2018,,,,,,0
강원,속초시,2019,,,,,,0
강원,속초시,2020,,,,,,0
강원,속초시,2021,,,,,,0
강원,속초시,2022,,,,,,0
강원,속초시,2023,,,,,,0
강원,속초시,2024,,,,,,0
강원,속초시,2025,,,,,,0
강원,양구군,2007,,,,,,0
강원,양구군,2008,,,,,,0
강원,양구군,2009,,,,,,0
강원,양구군,2010,,,,,,0
강원,양구군,2011,,,,,,0
강원,양구군,2012,,,,,,0
강원,양구군,2013,,,,,,0
강원,양구군,2014,,,,,,0
강원,양구군,2015,,,,,,0
강원,양구군,2016,,,,,,0
강원,양구군,2017,,,,,,0
강원,양구군,2018,,,,,,0
강원,양구군,2019,,,,,,0
강원,양구군,2020,,,,,,0
강원,양구군,2021,,,,,,0
강원,양구군,2022,,,,,,0
강원,양구군,2023,,,,,,0
강원,양구군,2024,,,,,,0
강원,양구군,2025,,,,,,0
강원,양양군,2007,강릉역,경강선(강릉선),37.79569078700441,2017-12-22,2018,0
강원,양양군,2008,강릉역,경강선(강릉선),37.79569078700441,2017-12-22,2018,0
강원,양양군,2009,강릉역,경강선(강릉선),37.79569078700441,2017-12-22,2018,0
강원,양양군,2010,강릉역,경강선(강릉선),37.79569078700441,2017-12-22,2018,0
강원,양양군,2011,강릉역,경강선(강릉선),37.79569078700441,2017-12-22,2018,0
강원,양양군,2012,강릉역,경강선(강릉선),37.79569078700441,2017-12-22,2018,0
강원,양양군,2013,강릉역,경강선(강릉선),37.79569078700441,2017-12-22,2018,0
강원,양양군,2014,강릉역,경강선(강릉선),37.79569078700441,2017-12-22,2018,0
강원,양양군,2015,강릉역,경강선(강릉선),37.79569078700441,2017-12-22,2018,0
강원,양양군,2016,강릉역,경강선(강릉선),37.79569078700441,2017-12-22,2018,0
강원,양양군,2017,강릉역,경강선(강릉선),37.79569078700441,2017-12-22,2018,0
강원,양양군,2018,강릉역,경강선(강릉선),37.79569078700441,2017-12-22,2018,1
강원,양양군,2019,강릉역,경강선(강릉선),37.79569078700441,2017-12-22,2018,1
강원,양양군,2020,강릉역,경강선(강릉선),37.79569078700441,2017-12-22,2018,1
강원,양양군,2021,강릉역,경강선(강릉선),37.79569078700441,2017-12-22,2018,1
강원,양양군,2022,강릉역,경강선(강릉선),37.79569078700441,2017-12-22,2018,1
강원,양양군,2023,강릉역,경강선(강릉선),37.79569078700441,2017-12-22,2018,1
강원,양양군,2024,강릉역,경강선(강릉선),37.79569078700441,2017-12-22,2018,1
강원,양양군,2025,강릉역,경강선(강릉선),37.79569078700441,2017-12-22,2018,1
강원,영월군,2007,제천역,중앙선(청량리-도담),27.621876314059527,2021-01-05,2021,0
강원,영월군,2008,제천역,중앙선(청량리-도담),27.621876314059527,2021-01-05,2021,0
강원,영월군,2009,제천역,중앙선(청량리-도담),27.621876314059527,2021-01-05,2021,0
강원,영월군,2010,제천역,중앙선(청량리-도담),27.621876314059527,2021-01-05,2021,0
강원,영월군,2011,제천역,중앙선(청량리-도담),27.621876314059527,2021-01-05,2021,0
강원,영월군,2012,제천역,중앙선(청량리-도담),27.621876314059527,2021-01-05,2021,0
강원,영월군,2013,제천역,중앙선(청량리-도담),27.621876314059527,2021-01-05,2021,0
강원,영월군,2014,제천역,중앙선(청량리-도담),27.621876314059527,2021-01-05,2021,0
강원,영월군,2015,제천역,중앙선(청량리-도담),27.621876314059527,2021-01-05,2021,0
강원,영월군,2016,제천역,중앙선(청량리-도담),27.621876314059527,2021-01-05,2021,0
강원,영월군,2017,제천역,중앙선(청량리-도담),27.621876314059527,2021-01-05,2021,0
강원,영월군,2018,제천역,중앙선(청량리-도담),27.621876314059527,2021-01-05,2021,0
강원,영월군,2019,제천역,중앙선(청량리-도담),27.621876314059527,2021-01-05,2021,0
강원,영월군,2020,제천역,중앙선(청량리-도담),27.621876314059527,2021-01-05,2021,0
강원,영월군,2021,제천역,중앙선(청량리-도담),27.621876314059527,2021-01-05,2021,1
강원,영월군,2022,제천역,중앙선(청량리-도담),27.621876314059527,2021-01-05,2021,1
강원,영월군,2023,제천역,중앙선(청량리-도담),27.621876314059527,2021-01-05,2021,1
강원,영월군,2024,제천역,중앙선(청량리-도담),27.621876314059527,2021-01-05,2021,1
강원,영월군,2025,제천역,중앙선(청량리-도담),27.621876314059527,2021-01-05,2021,1
강원,원주시,2007,만종역,경강선(강릉선),6.075599914585385,2017-12-22,2018,0
강원,원주시,2008,만종역,경강선(강릉선),6.075599914585385,2017-12-22,2018,0
강원,원주시,2009,만종역,경강선(강릉선),6.075599914585385,2017-12-22,2018,0
강원,원주시,2010,만종역,경강선(강릉선),6.075599914585385,2017-12-22,2018,0
강원,원주시,2011,만종역,경강선(강릉선),6.075599914585385,2017-12-22,2018,0
강원,원주시,2012,만종역,경강선(강릉선),6.075599914585385,2017-12-22,2018,0
강원,원주시,2013,만종역,경강선(강릉선),6.075599914585385,2017-12-22,2018,0
강원,원주시,2014,만종역,경강선(강릉선),6.075599914585385,2017-12-22,2018,0
강원,원주시,2015,만종역,경강선(강릉선),6.075599914585385,2017-12-22,2018,0
강원,원주시,2016,만종역,경강선(강릉선),6.075599914585385,2017-12-22,2018,0
강원,원주시,2017,만종역,경강선(강릉선),6.075599914585385,2017-12-22,2018,0
강원,원주시,2018,만종역,경강선(강릉선),6.075599914585385,2017-12-22,2018,1
강원,원주시,2019,만종역,경강선(강릉선),6.075599914585385,2017-12-22,2018,1
강원,원주시,2020,만종역,경강선(강릉선),6.075599914585385,2017-12-22,2018,1
강원,원주시,2021,만종역,경강선(강릉선),6.075599914585385,2017-12-22,2018,1
강원,원주시,2022,만종역,경강선(강릉선),6.075599914585385,2017-12-22,2018,1
강원,원주시,2023,만종역,경강선(강릉선),6.075599914585385,2017-12-22,2018,1
강원,원주시,2024,만종역,경강선(강릉선),6.075599914585385,2017-12-22,2018,1
강원,원주시,2025,만종역,경강선(강릉선),6.075599914585385,2017-12-22,2018,1
강원,인제군,2007,,,,,,0
강원,인제군,2008,,,,,,0
강원,인제군,2009,,,,,,0
강원,인제군,2010,,,,,,0
강원,인제군,2011,,,,,,0
강원,인제군,2012,,,,,,0
강원,인제군,2013,,,,,,0
강원,인제군,2014,,,,,,0
강원,인제군,2015,,,,,,0
강원,인제군,2016,,,,,,0
강원,인제군,2017,,,,,,0
강원,인제군,2018,,,,,,0
강원,인제군,2019,,,,,,0
강원,인제군,2020,,,,,,0
강원,인제군,2021,,,,,,0
강원,인제군,2022,,,,,,0
강원,인제군,2023,,,,,,0
강원,인제군,2024,,,,,,0
강원,인제군,2025,,,,,,0
강원,정선군,2007,강릉역,경강선(강릉선),44.961349539712366,2017-12-22,2018,0
강원,정선군,2008,강릉역,경강선(강릉선),44.961349539712366,2017-12-22,2018,0
강원,정선군,2009,강릉역,경강선(강릉선),44.961349539712366,2017-12-22,2018,0
강원,정선군,2010,강릉역,경강선(강릉선),44.961349539712366,2017-12-22,2018,0
강원,정선군,2011,강릉역,경강선(강릉선),44.961349539712366,2017-12-22,2018,0
강원,정선군,2012,강릉역,경강선(강릉선),44.961349539712366,2017-12-22,2018,0
강원,정선군,2013,강릉역,경강선(강릉선),44.961349539712366,2017-12-22,2018,0
강원,정선군,2014,강릉역,경강선(강릉선),44.961349539712366,2017-12-22,2018,0
강원,정선군,2015,강릉역,경강선(강릉선),44.961349539712366,2017-12-22,2018,0
강원,정선군,2016,강릉역,경강선(강릉선),44.961349539712366,2017-12-22,2018,0
강원,정선군,2017,강릉역,경강선(강릉선),44.961349539712366,2017-12-22,2018,0
강원,정선군,2018,강릉역,경강선(강릉선),44.961349539712366,2017-12-22,2018,1
강원,정선군,2019,강릉역,경강선(강릉선),44.961349539712366,2017-12-22,2018,1
강원,정선군,2020,강릉역,경강선(강릉선),44.961349539712366,2017-12-22,2018,1
강원,정선군,2021,강릉역,경강선(강릉선),44.961349539712366,2017-12-22,2018,1
강원,정선군,2022,강릉역,경강선(강릉선),44.961349539712366,2017-12-22,2018,1
강원,정선군,2023,강릉역,경강선(강릉선),44.961349539712366,2017-12-22,2018,1
강원,정선군,2024,강릉역,경강선(강릉선),44.961349539712366,2017-12-22,2018,1
강원,정선군,2025,강릉역,경강선(강릉선),44.961349539712366,2017-12-22,2018,1
강원,철원군,2007,,,,,,0
강원,철원군,2008,,,,,,0
강원,철원군,2009,,,,,,0
강원,철원군,2010,,,,,,0
강원,철원군,2011,,,,,,0
강원,철원군,2012,,,,,,0
강원,철원군,2013,,,,,,0
강원,철원군,2014,,,,,,0
강원,철원군,2015,,,,,,0
강원,철원군,2016,,,,,,0
강원,철원군,2017,,,,,,0
강원,철원군,2018,,,,,,0
강원,철원군,2019,,,,,,0
강원,철원군,2020,,,,,,0
강원,철원군,2021,,,,,,0
강원,철원군,2022,,,,,,0
강원,철원군,2023,,,,,,0
강원,철원군,2024,,,,,,0
강원,철원군,2025,,,,,,0
강원,춘천시,2007,,,,,,0
강원,춘천시,2008,,,,,,0
강원,춘천시,2009,,,,,,0
강원,춘천시,2010,,,,,,0
강원,춘천시,2011,,,,,,0
강원,춘천시,2012,,,,,,0
강원,춘천시,2013,,,,,,0
강원,춘천시,2014,,,,,,0
강원,춘천시,2015,,,,,,0
강원,춘천시,2016,,,,,,0
강원,춘천시,2017,,,,,,0
강원,춘천시,2018,,,,,,0
강원,춘천시,2019,,,,,,0
강원,춘천시,2020,,,,,,0
강원,춘천시,2021,,,,,,0
강원,춘천시,2022,,,,,,0
강원,춘천시,2023,,,,,,0
강원,춘천시,2024,,,,,,0
강원,춘천시,2025,,,,,,0
강원,태백시,2007,동해역,영동선,38.34618606954649,2020-03-02,2020,0
강원,태백시,2008,동해역,영동선,38.34618606954649,2020-03-02,2020,0
강원,태백시,2009,동해역,영동선,38.34618606954649,2020-03-02,2020,0
강원,태백시,2010,동해역,영동선,38.34618606954649,2020-03-02,2020,0
강원,태백시,2011,동해역,영동선,38.34618606954649,2020-03-02,2020,0
강원,태백시,2012,동해역,영동선,38.34618606954649,2020-03-02,2020,0
강원,태백시,2013,동해역,영동선,38.34618606954649,2020-03-02,2020,0
강원,태백시,2014,동해역,영동선,38.34618606954649,2020-03-02,2020,0
강원,태백시,2015,동해역,영동선,38.34618606954649,2020-03-02,2020,0
강원,태백시,2016,동해역,영동선,38.34618606954649,2020-03-02,2020,0
강원,태백시,2017,동해역,영동선,38.34618606954649,2020-03-02,2020,0
강원,태백시,2018,동해역,영동선,38.34618606954649,2020-03-02,2020,0
강원,태백시,2019,동해역,영동선,38.34618606954649,2020-03-02,2020,0
강원,태백시,2020,동해역,영동선,38.34618606954649,2020-03-02,2020,1
강원,태백시,2021,동해역,영동선,38.34618606954649,2020-03-02,2020,1
강원,태백시,2022,동해역,영동선,38.34618606954649,2020-03-02,2020,1
강원,태백시,2023,동해역,영동선,38.34618606954649,2020-03-02,2020,1
강원,태백시,2024,동해역,영동선,38.34618606954649,2020-03-02,2020,1
강원,태백시,2025,동해역,영동선,38.34618606954649,2020-03-02,2020,1
강원,평창군,2007,강릉역,경강선(강릉선),43.286234077370324,2017-12-22,2018,0
강원,평창군,2008,강릉역,경강선(강릉선),43.286234077370324,2017-12-22,2018,0
강원,평창군,2009,강릉역,경강선(강릉선),43.286234077370324,2017-12-22,2018,0
강원,평창군,2010,강릉역,경강선(강릉선),43.286234077370324,2017-12-22,2018,0
강원,평창군,2011,강릉역,경강선(강릉선),43.286234077370324,2017-12-22,2018,0
강원,평창군,2012,강릉역,경강선(강릉선),43.286234077370324,2017-12-22,2018,0
강원,평창군,2013,강릉역,경강선(강릉선),43.286234077370324,2017-12-22,2018,0
강원,평창군,2014,강릉역,경강선(강릉선),43.286234077370324,2017-12-22,2018,0
강원,평창군,2015,강릉역,경강선(강릉선),43.286234077370324,2017-12-22,2018,0
강원,평창군,2016,강릉역,경강선(강릉선),43.286234077370324,2017-12-22,2018,0
강원,평창군,2017,강릉역,경강선(강릉선),43.286234077370324,2017-12-22,2018,0
강원,평창군,2018,강릉역,경강선(강릉선),43.286234077370324,2017-12-22,2018,1
강원,평창군,2019,강릉역,경강선(강릉선),43.286234077370324,2017-12-22,2018,1
강원,평창군,2020,강릉역,경강선(강릉선),43.286234077370324,2017-12-22,2018,1
강원,평창군,2021,강릉역,경강선(강릉선),43.286234077370324,2017-12-22,2018,1
강원,평창군,2022,강릉역,경강선(강릉선),43.286234077370324,2017-12-22,2018,1
강원,평창군,2023,강릉역,경강선(강릉선),43.286234077370324,2017-12-22,2018,1
강원,평창군,2024,강릉역,경강선(강릉선),43.286234077370324,2017-12-22,2018,1
강원,평창군,2025,강릉역,경강선(강릉선),43.286234077370324,2017-12-22,2018,1
강원,홍천군,2007,만종역,경강선(강릉선),45.87673682233378,2017-12-22,2018,0
강원,홍천군,2008,만종역,경강선(강릉선),45.87673682233378,2017-12-22,2018,0
강원,홍천군,2009,만종역,경강선(강릉선),45.87673682233378,2017-12-22,2018,0
강원,홍천군,2010,만종역,경강선(강릉선),45.87673682233378,2017-12-22,2018,0
강원,홍천군,2011,만종역,경강선(강릉선),45.87673682233378,2017-12-22,2018,0
강원,홍천군,2012,만종역,경강선(강릉선),45.87673682233378,2017-12-22,2018,0
강원,홍천군,2013,만종역,경강선(강릉선),45.87673682233378,2017-12-22,2018,0
강원,홍천군,2014,만종역,경강선(강릉선),45.87673682233378,2017-12-22,2018,0
강원,홍천군,2015,만종역,경강선(강릉선),45.87673682233378,2017-12-22,2018,0
강원,홍천군,2016,만종역,경강선(강릉선),45.87673682233378,2017-12-22,2018,0
강원,홍천군,2017,만종역,경강선(강릉선),45.87673682233378,2017-12-22,2018,0
강원,홍천군,2018,만종역,경강선(강릉선),45.87673682233378,2017-12-22,2018,1
강원,홍천군,2019,만종역,경강선(강릉선),45.87673682233378,2017-12-22,2018,1
강원,홍천군,2020,만종역,경강선(강릉선),45.87673682233378,2017-12-22,2018,1
강원,홍천군,2021,만종역,경강선(강릉선),45.87673682233378,2017-12-22,2018,1
강원,홍천군,2022,만종역,경강선(강릉선),45.87673682233378,2017-12-22,2018,1
강원,홍천군,2023,만종역,경강선(강릉선),45.87673682233378,2017-12-22,2018,1
강원,홍천군,2024,만종역,경강선(강릉선),45.87673682233378,2017-12-22,2018,1
강원,홍천군,2025,만종역,경강선(강릉선),45.87673682233378,2017-12-22,2018,1
강원,화천군,2007,,,,,,0
강원,화천군,2008,,,,,,0
강원,화천군,2009,,,,,,0
강원,화천군,2010,,,,,,0
강원,화천군,2011,,,,,,0
강원,화천군,2012,,,,,,0
강원,화천군,2013,,,,,,0
강원,화천군,2014,,,,,,0
강원,화천군,2015,,,,,,0
강원,화천군,2016,,,,,,0
강원,화천군,2017,,,,,,0
강원,화천군,2018,,,,,,0
강원,화천군,2019,,,,,,0
강원,화천군,2020,,,,,,0
강원,화천군,2021,,,,,,0
강원,화천군,2022,,,,,,0
강원,화천군,2023,,,,,,0
강원,화천군,2024,,,,,,0
강원,화천군,2025,,,,,,0
강원,횡성군,2007,만종역,경강선(강릉선),23.253044617697967,2017-12-22,2018,0
강원,횡성군,2008,만종역,경강선(강릉선),23.253044617697967,2017-12-22,2018,0
강원,횡성군,2009,만종역,경강선(강릉선),23.253044617697967,2017-12-22,2018,0
강원,횡성군,2010,만종역,경강선(강릉선),23.253044617697967,2017-12-22,2018,0
강원,횡성군,2011,만종역,경강선(강릉선),23.253044617697967,2017-12-22,2018,0
강원,횡성군,2012,만종역,경강선(강릉선),23.253044617697967,2017-12-22,2018,0
강원,횡성군,2013,만종역,경강선(강릉선),23.253044617697967,2017-12-22,2018,0
강원,횡성군,2014,만종역,경강선(강릉선),23.253044617697967,2017-12-22,2018,0
강원,횡성군,2015,만종역,경강선(강릉선),23.253044617697967,2017-12-22,2018,0
강원,횡성군,2016,만종역,경강선(강릉선),23.253044617697967,2017-12-22,2018,0
강원,횡성군,2017,만종역,경강선(강릉선),23.253044617697967,2017-12-22,2018,0
강원,횡성군,2018,만종역,경강선(강릉선),23.253044617697967,2017-12-22,2018,1
강원,횡성군,2019,만종역,경강선(강릉선),23.253044617697967,2017-12-22,2018,1
강원,횡성군,2020,만종역,경강선(강릉선),23.253044617697967,2017-12-22,2018,1
강원,횡성군,2021,만종역,경강선(강릉선),23.253044617697967,2017-12-22,2018,1
강원,횡성군,2022,만종역,경강선(강릉선),23.253044617697967,2017-12-22,2018,1
강원,횡성군,2023,만종역,경강선(강릉선),23.253044617697967,2017-12-22,2018,1
강원,횡성군,2024,만종역,경강선(강릉선),23.253044617697967,2017-12-22,2018,1
강원,횡성군,2025,만종역,경강선(강릉선),23.253044617697967,2017-12-22,2018,1
경기,가평군,2007,,,,,,0
경기,가평군,2008,,,,,,0
경기,가평군,2009,,,,,,0
경기,가평군,2010,,,,,,0
경기,가평군,2011,,,,,,0
경기,가평군,2012,,,,,,0
경기,가평군,2013,,,,,,0
경기,가평군,2014,,,,,,0
경기,가평군,2015,,,,,,0
경기,가평군,2016,,,,,,0
경기,가평군,2017,,,,,,0
경기,가평군,2018,,,,,,0
경기,가평군,2019,,,,,,0
경기,가평군,2020,,,,,,0
경기,가평군,2021,,,,,,0
경기,가평군,2022,,,,,,0
경기,가평군,2023,,,,,,0
경기,가평군,2024,,,,,,0
경기,가평군,2025,,,,,,0
경기,고양시 덕양구,2007,,,,,,0
경기,고양시 덕양구,2008,,,,,,0
경기,고양시 덕양구,2009,,,,,,0
경기,고양시 덕양구,2010,,,,,,0
경기,고양시 덕양구,2011,,,,,,0
경기,고양시 덕양구,2012,,,,,,0
경기,고양시 덕양구,2013,,,,,,0
경기,고양시 덕양구,2014,,,,,,0
경기,고양시 덕양구,2015,,,,,,0
경기,고양시 덕양구,2016,,,,,,0
경기,고양시 덕양구,2017,,,,,,0
경기,고양시 덕양구,2018,,,,,,0
경기,고양시 덕양구,2019,,,,,,0
경기,고양시 덕양구,2020,,,,,,0
경기,고양시 덕양구,2021,,,,,,0
경기,고양시 덕양구,2022,,,,,,0
경기,고양시 덕양구,2023,,,,,,0
경기,고양시 덕양구,2024,,,,,,0
경기,고양시 덕양구,2025,,,,,,0
경기,고양시 일산 동구,2007,,,,,,0
경기,고양시 일산 동구,2008,,,,,,0
경기,고양시 일산 동구,2009,,,,,,0
경기,고양시 일산 동구,2010,,,,,,0
경기,고양시 일산 동구,2011,,,,,,0
경기,고양시 일산 동구,2012,,,,,,0
경기,고양시 일산 동구,2013,,,,,,0
경기,고양시 일산 동구,2014,,,,,,0
경기,고양시 일산 동구,2015,,,,,,0
경기,고양시 일산 동구,2016,,,,,,0
경기,고양시 일산 동구,2017,,,,,,0
경기,고양시 일산 동구,2018,,,,,,0
경기,고양시 일산 동구,2019,,,,,,0
경기,고양시 일산 동구,2020,,,,,,0
경기,고양시 일산 동구,2021,,,,,,0
경기,고양시 일산 동구,2022,,,,,,0
경기,고양시 일산 동구,2023,,,,,,0
경기,고양시 일산 동구,2024,,,,,,0
경기,고양시 일산 동구,2025,,,,,,0
경기,고양시 일산 서구,2007,,,,,,0
경기,고양시 일산 서구,2008,,,,,,0
경기,고양시 일산 서구,2009,,,,,,0
경기,고양시 일산 서구,2010,,,,,,0
경기,고양시 일산 서구,2011,,,,,,0
경기,고양시 일산 서구,2012,,,,,,0
경기,고양시 일산 서구,2013,,,,,,0
경기,고양시 일산 서구,2014,,,,,,0
경기,고양시 일산 서구,2015,,,,,,0
경기,고양시 일산 서구,2016,,,,,,0
경기,고양시 일산 서구,2017,,,,,,0
경기,고양시 일산 서구,2018,,,,,,0
경기,고양시 일산 서구,2019,,,,,,0
경기,고양시 일산 서구,2020,,,,,,0
경기,고양시 일산 서구,2021,,,,,,0
경기,고양시 일산 서구,2022,,,,,,0
경기,고양시 일산 서구,2023,,,,,,0
경기,고양시 일산 서구,2024,,,,,,0
경기,고양시 일산 서구,2025,,,,,,0
경기,과천시,2007,,,,,,0
경기,과천시,2008,,,,,,0
경기,과천시,2009,,,,,,0
경기,과천시,2010,,,,,,0
경기,과천시,2011,,,,,,0
경기,과천시,2012,,,,,,0
경기,과천시,2013,,,,,,0
경기,과천시,2014,,,,,,0
경기,과천시,2015,,,,,,0
경기,과천시,2016,,,,,,0
경기,과천시,2017,,,,,,0
경기,과천시,2018,,,,,,0
경기,과천시,2019,,,,,,0
경기,과천시,2020,,,,,,0
경기,과천시,2021,,,,,,0
경기,과천시,2022,,,,,,0
경기,과천시,2023,,,,,,0
경기,과천시,2024,,,,,,0
경기,과천시,2025,,,,,,0
경기,광명시,2007,,,,,,0
경기,광명시,2008,,,,,,0
경기,광명시,2009,,,,,,0
경기,광명시,2010,,,,,,0
경기,광명시,2011,,,,,,0
경기,광명시,2012,,,,,,0
경기,광명시,2013,,,,,,0
경기,광명시,2014,,,,,,0
경기,광명시,2015,,,,,,0
경기,광명시,2016,,,,,,0
경기,광명시,2017,,,,,,0
경기,광명시,2018,,,,,,0
경기,광명시,2019,,,,,,0
경기,광명시,2020,,,,,,0
경기,광명시,2021,,,,,,0
경기,광명시,2022,,,,,,0
경기,광명시,2023,,,,,,0
경기,광명시,2024,,,,,,0
경기,광명시,2025,,,,,,0
경기,광주시,2007,,,,,,0
경기,광주시,2008,,,,,,0
경기,광주시,2009,,,,,,0
경기,광주시,2010,,,,,,0
경기,광주시,2011,,,,,,0
경기,광주시,2012,,,,,,0
경기,광주시,2013,,,,,,0
경기,광주시,2014,,,,,,0
경기,광주시,2015,,,,,,0
경기,광주시,2016,,,,,,0
경기,광주시,2017,,,,,,0
경기,광주시,2018,,,,,,0
경기,광주시,2019,,,,,,0
경기,광주시,2020,,,,,,0
경기,광주시,2021,,,,,,0
경기,광주시,2022,,,,,,0
경기,광주시,2023,,,,,,0
경기,광주시,2024,,,,,,0
경기,광주시,2025,,,,,,0
경기,구리시,2007,,,,,,0
경기,구리시,2008,,,,,,0
경기,구리시,2009,,,,,,0
경기,구리시,2010,,,,,,0
경기,구리시,2011,,,,,,0
경기,구리시,2012,,,,,,0
경기,구리시,2013,,,,,,0
경기,구리시,2014,,,,,,0
경기,구리시,2015,,,,,,0
경기,구리시,2016,,,,,,0
경기,구리시,2017,,,,,,0
경기,구리시,2018,,,,,,0
경기,구리시,2019,,,,,,0
경기,구리시,2020,,,,,,0
경기,구리시,2021,,,,,,0
경기,구리시,2022,,,,,,0
경기,구리시,2023,,,,,,0
경기,구리시,2024,,,,,,0
경기,구리시,2025,,,,,,0
경기,군포시,2007,,,,,,0
경기,군포시,2008,,,,,,0
경기,군포시,2009,,,,,,0
경기,군포시,2010,,,,,,0
경기,군포시,2011,,,,,,0
경기,군포시,2012,,,,,,0
경기,군포시,2013,,,,,,0
경기,군포시,2014,,,,,,0
경기,군포시,2015,,,,,,0
경기,군포시,2016,,,,,,0
경기,군포시,2017,,,,,,0
경기,군포시,2018,,,,,,0
경기,군포시,2019,,,,,,0
경기,군포시,2020,,,,,,0
경기,군포시,2021,,,,,,0
경기,군포시,2022,,,,,,0
경기,군포시,2023,,,,,,0
경기,군포시,2024,,,,,,0
경기,군포시,2025,,,,,,0
경기,김포시,2007,,,,,,0
경기,김포시,2008,,,,,,0
경기,김포시,2009,,,,,,0
경기,김포시,2010,,,,,,0
경기,김포시,2011,,,,,,0
경기,김포시,2012,,,,,,0
경기,김포시,2013,,,,,,0
경기,김포시,2014,,,,,,0
경기,김포시,2015,,,,,,0
경기,김포시,2016,,,,,,0
경기,김포시,2017,,,,,,0
경기,김포시,2018,,,,,,0
경기,김포시,2019,,,,,,0
경기,김포시,2020,,,,,,0
경기,김포시,2021,,,,,,0
경기,김포시,2022,,,,,,0
경기,김포시,2023,,,,,,0
경기,김포시,2024,,,,,,0
경기,김포시,2025,,,,,,0
경기,남양주시,2007,,,,,,0
경기,남양주시,2008,,,,,,0
경기,남양주시,2009,,,,,,0
경기,남양주시,2010,,,,,,0
경기,남양주시,2011,,,,,,0
경기,남양주시,2012,,,,,,0
경기,남양주시,2013,,,,,,0
경기,남양주시,2014,,,,,,0
경기,남양주시,2015,,,,,,0
경기,남양주시,2016,,,,,,0
경기,남양주시,2017,,,,,,0
경기,남양주시,2018,,,,,,0
경기,남양주시,2019,,,,,,0
경기,남양주시,2020,,,,,,0
경기,남양주시,2021,,,,,,0
경기,남양주시,2022,,,,,,0
경기,남양주시,2023,,,,,,0
경기,남양주시,2024,,,,,,0
경기,남양주시,2025,,,,,,0
경기,동두천시,2007,,,,,,0
경기,동두천시,2008,,,,,,0
경기,동두천시,2009,,,,,,0
경기,동두천시,2010,,,,,,0
경기,동두천시,2011,,,,,,0
경기,동두천시,2012,,,,,,0
경기,동두천시,2013,,,,,,0
경기,동두천시,2014,,,,,,0
경기,동두천시,2015,,,,,,0
경기,동두천시,2016,,,,,,0
경기,동두천시,2017,,,,,,0
경기,동두천시,2018,,,,,,0
경기,동두천시,2019,,,,,,0
경기,동두천시,2020,,,,,,0
경기,동두천시,2021,,,,,,0
경기,동두천시,2022,,,,,,0
경기,동두천시,2023,,,,,,0
경기,동두천시,2024,,,,,,0
경기,동두천시,2025,,,,,,0
경기,부천시,2007,,,,,,0
경기,부천시,2008,,,,,,0
경기,부천시,2009,,,,,,0
경기,부천시,2010,,,,,,0
경기,부천시,2011,,,,,,0
경기,부천시,2012,,,,,,0
경기,부천시,2013,,,,,,0
경기,부천시,2014,,,,,,0
경기,부천시,2015,,,,,,0
경기,부천시,2016,,,,,,0
경기,부천시,2017,,,,,,0
경기,부천시,2018,,,,,,0
경기,부천시,2019,,,,,,0
경기,부천시,2020,,,,,,0
경기,부천시,2021,,,,,,0
경기,부천시,2022,,,,,,0
경기,부천시,2023,,,,,,0
경기,부천시,2024,,,,,,0
경기,부천시,2025,,,,,,0
경기,성남시 분당구,2007,,,,,,0
경기,성남시 분당구,2008,,,,,,0
경기,성남시 분당구,2009,,,,,,0
경기,성남시 분당구,2010,,,,,,0
경기,성남시 분당구,2011,,,,,,0
경기,성남시 분당구,2012,,,,,,0
경기,성남시 분당구,2013,,,,,,0
경기,성남시 분당구,2014,,,,,,0
경기,성남시 분당구,2015,,,,,,0
경기,성남시 분당구,2016,,,,,,0
경기,성남시 분당구,2017,,,,,,0
경기,성남시 분당구,2018,,,,,,0
경기,성남시 분당구,2019,,,,,,0
경기,성남시 분당구,2020,,,,,,0
경기,성남시 분당구,2021,,,,,,0
경기,성남시 분당구,2022,,,,,,0
경기,성남시 분당구,2023,,,,,,0
경기,성남시 분당구,2024,,,,,,0
경기,성남시 분당구,2025,,,,,,0
경기,성남시 수정구,2007,,,,,,0
경기,성남시 수정구,2008,,,,,,0
경기,성남시 수정구,2009,,,,,,0
경기,성남시 수정구,2010,,,,,,0
경기,성남시 수정구,2011,,,,,,0
경기,성남시 수정구,2012,,,,,,0
경기,성남시 수정구,2013,,,,,,0
경기,성남시 수정구,2014,,,,,,0
경기,성남시 수정구,2015,,,,,,0
경기,성남시 수정구,2016,,,,,,0
경기,성남시 수정구,2017,,,,,,0
경기,성남시 수정구,2018,,,,,,0
경기,성남시 수정구,2019,,,,,,0
경기,성남시 수정구,2020,,,,,,0
경기,성남시 수정구,2021,,,,,,0
경기,성남시 수정구,2022,,,,,,0
경기,성남시 수정구,2023,,,,,,0
경기,성남시 수정구,2024,,,,,,0
경기,성남시 수정구,2025,,,,,,0
경기,성남시 중원구,2007,,,,,,0
경기,성남시 중원구,2008,,,,,,0
경기,성남시 중원구,2009,,,,,,0
경기,성남시 중원구,2010,,,,,,0
경기,성남시 중원구,2011,,,,,,0
경기,성남시 중원구,2012,,,,,,0
경기,성남시 중원구,2013,,,,,,0
경기,성남시 중원구,2014,,,,,,0
경기,성남시 중원구,2015,,,,,,0
경기,성남시 중원구,2016,,,,,,0
경기,성남시 중원구,2017,,,,,,0
경기,성남시 중원구,2018,,,,,,0
경기,성남시 중원구,2019,,,,,,0
경기,성남시 중원구,2020,,,,,,0
경기,성남시 중원구,2021,,,,,,0
경기,성남시 중원구,2022,,,,,,0
경기,성남시 중원구,2023,,,,,,0
경기,성남시 중원구,2024,,,,,,0
경기,성남시 중원구,2025,,,,,,0
경기,수원시 권선구,2007,,,,,,0
경기,수원시 권선구,2008,,,,,,0
경기,수원시 권선구,2009,,,,,,0
경기,수원시 권선구,2010,,,,,,0
경기,수원시 권선구,2011,,,,,,0
경기,수원시 권선구,2012,,,,,,0
경기,수원시 권선구,2013,,,,,,0
경기,수원시 권선구,2014,,,,,,0
경기,수원시 권선구,2015,,,,,,0
경기,수원시 권선구,2016,,,,,,0
경기,수원시 권선구,2017,,,,,,0
경기,수원시 권선구,2018,,,,,,0
경기,수원시 권선구,2019,,,,,,0
경기,수원시 권선구,2020,,,,,,0
경기,수원시 권선구,2021,,,,,,0
경기,수원시 권선구,2022,,,,,,0
경기,수원시 권선구,2023,,,,,,0
경기,수원시 권선구,2024,,,,,,0
경기,수원시 권선구,2025,,,,,,0
경기,수원시 영통구,2007,,,,,,0
경기,수원시 영통구,2008,,,,,,0
경기,수원시 영통구,2009,,,,,,0
경기,수원시 영통구,2010,,,,,,0
경기,수원시 영통구,2011,,,,,,0
경기,수원시 영통구,2012,,,,,,0
경기,수원시 영통구,2013,,,,,,0
경기,수원시 영통구,2014,,,,,,0
경기,수원시 영통구,2015,,,,,,0
경기,수원시 영통구,2016,,,,,,0
경기,수원시 영통구,2017,,,,,,0
경기,수원시 영통구,2018,,,,,,0
경기,수원시 영통구,2019,,,,,,0
경기,수원시 영통구,2020,,,,,,0
경기,수원시 영통구,2021,,,,,,0
경기,수원시 영통구,2022,,,,,,0
경기,수원시 영통구,2023,,,,,,0
경기,수원시 영통구,2024,,,,,,0
경기,수원시 영통구,2025,,,,,,0
경기,수원시 장안구,2007,,,,,,0
경기,수원시 장안구,2008,,,,,,0
경기,수원시 장안구,2009,,,,,,0
경기,수원시 장안구,2010,,,,,,0
경기,수원시 장안구,2011,,,,,,0
경기,수원시 장안구,2012,,,,,,0
경기,수원시 장안구,2013,,,,,,0
경기,수원시 장안구,2014,,,,,,0
경기,수원시 장안구,2015,,,,,,0
경기,수원시 장안구,2016,,,,,,0
경기,수원시 장안구,2017,,,,,,0
경기,수원시 장안구,2018,,,,,,0
경기,수원시 장안구,2019,,,,,,0
경기,수원시 장안구,2020,,,,,,0
경기,수원시 장안구,2021,,,,,,0
경기,수원시 장안구,2022,,,,,,0
경기,수원시 장안구,2023,,,,,,0
경기,수원시 장안구,2024,,,,,,0
경기,수원시 장안구,2025,,,,,,0
경기,수원시 팔달구,2007,,,,,,0
경기,수원시 팔달구,2008,,,,,,0
경기,수원시 팔달구,2009,,,,,,0
경기,수원시 팔달구,2010,,,,,,0
경기,수원시 팔달구,2011,,,,,,0
경기,수원시 팔달구,2012,,,,,,0
경기,수원시 팔달구,2013,,,,,,0
경기,수원시 팔달구,2014,,,,,,0
경기,수원시 팔달구,2015,,,,,,0
경기,수원시 팔달구,2016,,,,,,0
경기,수원시 팔달구,2017,,,,,,0
경기,수원시 팔달구,2018,,,,,,0
경기,수원시 팔달구,2019,,,,,,0
경기,수원시 팔달구,2020,,,,,,0
경기,수원시 팔달구,2021,,,,,,0
경기,수원시 팔달구,2022,,,,,,0
경기,수원시 팔달구,2023,,,,,,0
경기,수원시 팔달구,2024,,,,,,0
경기,수원시 팔달구,2025,,,,,,0
경기,시흥시,2007,,,,,,0
경기,시흥시,2008,,,,,,0
경기,시흥시,2009,,,,,,0
경기,시흥시,2010,,,,,,0
경기,시흥시,2011,,,,,,0
경기,시흥시,2012,,,,,,0
경기,시흥시,2013,,,,,,0
경기,시흥시,2014,,,,,,0
경기,시흥시,2015,,,,,,0
경기,시흥시,2016,,,,,,0
경기,시흥시,2017,,,,,,0
경기,시흥시,2018,,,,,,0
경기,시흥시,2019,,,,,,0
경기,시흥시,2020,,,,,,0
경기,시흥시,2021,,,,,,0
경기,시흥시,2022,,,,,,0
경기,시흥시,2023,,,,,,0
경기,시흥시,2024,,,,,,0
경기,시흥시,2025,,,,,,0
경기,안산시 단원구,2007,,,,,,0
경기,안산시 단원구,2008,,,,,,0
경기,안산시 단원구,2009,,,,,,0
경기,안산시 단원구,2010,,,,,,0
경기,안산시 단원구,2011,,,,,,0
경기,안산시 단원구,2012,,,,,,0
경기,안산시 단원구,2013,,,,,,0
경기,안산시 단원구,2014,,,,,,0
경기,안산시 단원구,2015,,,,,,0
경기,안산시 단원구,2016,,,,,,0
경기,안산시 단원구,2017,,,,,,0
경기,안산시 단원구,2018,,,,,,0
경기,안산시 단원구,2019,,,,,,0
경기,안산시 단원구,2020,,,,,,0
경기,안산시 단원구,2021,,,,,,0
경기,안산시 단원구,2022,,,,,,0
경기,안산시 단원구,2023,,,,,,0
경기,안산시 단원구,2024,,,,,,0
경기,안산시 단원구,2025,,,,,,0
경기,안산시 상록구,2007,,,,,,0
경기,안산시 상록구,2008,,,,,,0
경기,안산시 상록구,2009,,,,,,0
경기,안산시 상록구,2010,,,,,,0
경기,안산시 상록구,2011,,,,,,0
경기,안산시 상록구,2012,,,,,,0
경기,안산시 상록구,2013,,,,,,0
경기,안산시 상록구,2014,,,,,,0
경기,안산시 상록구,2015,,,,,,0
경기,안산시 상록구,2016,,,,,,0
경기,안산시 상록구,2017,,,,,,0
경기,안산시 상록구,2018,,,,,,0
경기,안산시 상록구,2019,,,,,,0
경기,안산시 상록구,2020,,,,,,0
경기,안산시 상록구,2021,,,,,,0
경기,안산시 상록구,2022,,,,,,0
경기,안산시 상록구,2023,,,,,,0
경기,안산시 상록구,2024,,,,,,0
경기,안산시 상록구,2025,,,,,,0
경기,안성시,2007,천안아산역,경부고속,31.983549987473705,2004-04-01,2004,1
경기,안성시,2008,천안아산역,경부고속,31.983549987473705,2004-04-01,2004,1
경기,안성시,2009,천안아산역,경부고속,31.983549987473705,2004-04-01,2004,1
경기,안성시,2010,천안아산역,경부고속,31.983549987473705,2004-04-01,2004,1
경기,안성시,2011,천안아산역,경부고속,31.983549987473705,2004-04-01,2004,1
경기,안성시,2012,천안아산역,경부고속,31.983549987473705,2004-04-01,2004,1
경기,안성시,2013,천안아산역,경부고속,31.983549987473705,2004-04-01,2004,1
경기,안성시,2014,천안아산역,경부고속,31.983549987473705,2004-04-01,2004,1
경기,안성시,2015,천안아산역,경부고속,31.983549987473705,2004-04-01,2004,1
경기,안성시,2016,천안아산역,경부고속,31.983549987473705,2004-04-01,2004,1
경기,안성시,2017,천안아산역,경부고속,31.983549987473705,2004-04-01,2004,1
경기,안성시,2018,천안아산역,경부고속,31.983549987473705,2004-04-01,2004,1
경기,안성시,2019,천안아산역,경부고속,31.983549987473705,2004-04-01,2004,1
경기,안성시,2020,천안아산역,경부고속,31.983549987473705,2004-04-01,2004,1
경기,안성시,2021,천안아산역,경부고속,31.983549987473705,2004-04-01,2004,1
경기,안성시,2022,천안아산역,경부고속,31.983549987473705,2004-04-01,2004,1
경기,안성시,2023,천안아산역,경부고속,31.983549987473705,2004-04-01,2004,1
경기,안성시,2024,천안아산역,경부고속,31.983549987473705,2004-04-01,2004,1
경기,안성시,2025,천안아산역,경부고속,31.983549987473705,2004-04-01,2004,1
경기,안양시 동안구,2007,,,,,,0
경기,안양시 동안구,2008,,,,,,0
경기,안양시 동안구,2009,,,,,,0
경기,안양시 동안구,2010,,,,,,0
경기,안양시 동안구,2011,,,,,,0
경기,안양시 동안구,2012,,,,,,0
경기,안양시 동안구,2013,,,,,,0
경기,안양시 동안구,2014,,,,,,0
경기,안양시 동안구,2015,,,,,,0
경기,안양시 동안구,2016,,,,,,0
경기,안양시 동안구,2017,,,,,,0
경기,안양시 동안구,2018,,,,,,0
경기,안양시 동안구,2019,,,,,,0
경기,안양시 동안구,2020,,,,,,0
경기,안양시 동안구,2021,,,,,,0
경기,안양시 동안구,2022,,,,,,0
경기,안양시 동안구,2023,,,,,,0
경기,안양시 동안구,2024,,,,,,0
경기,안양시 동안구,2025,,,,,,0
경기,안양시 만안구,2007,,,,,,0
경기,안양시 만안구,2008,,,,,,0
경기,안양시 만안구,2009,,,,,,0
경기,안양시 만안구,2010,,,,,,0
경기,안양시 만안구,2011,,,,,,0
경기,안양시 만안구,2012,,,,,,0
경기,안양시 만안구,2013,,,,,,0
경기,안양시 만안구,2014,,,,,,0
경기,안양시 만안구,2015,,,,,,0
경기,안양시 만안구,2016,,,,,,0
경기,안양시 만안구,2017,,,,,,0
경기,안양시 만안구,2018,,,,,,0
경기,안양시 만안구,2019,,,,,,0
경기,안양시 만안구,2020,,,,,,0
경기,안양시 만안구,2021,,,,,,0
경기,안양시 만안구,2022,,,,,,0
경기,안양시 만안구,2023,,,,,,0
경기,안양시 만안구,2024,,,,,,0
경기,안양시 만안구,2025,,,,,,0
경기,양주시,2007,,,,,,0
경기,양주시,2008,,,,,,0
경기,양주시,2009,,,,,,0
경기,양주시,2010,,,,,,0
경기,양주시,2011,,,,,,0
경기,양주시,2012,,,,,,0
경기,양주시,2013,,,,,,0
경기,양주시,2014,,,,,,0
경기,양주시,2015,,,,,,0
경기,양주시,2016,,,,,,0
경기,양주시,2017,,,,,,0
경기,양주시,2018,,,,,,0
경기,양주시,2019,,,,,,0
경기,양주시,2020,,,,,,0
경기,양주시,2021,,,,,,0
경기,양주시,2022,,,,,,0
경기,양주시,2023,,,,,,0
경기,양주시,2024,,,,,,0
경기,양주시,2025,,,,,,0
경기,양평군,2007,만종역,경강선(강릉선),33.33604985982705,2017-12-22,2018,0
경기,양평군,2008,만종역,경강선(강릉선),33.33604985982705,2017-12-22,2018,0
경기,양평군,2009,만종역,경강선(강릉선),33.33604985982705,2017-12-22,2018,0
경기,양평군,2010,만종역,경강선(강릉선),33.33604985982705,2017-12-22,2018,0
경기,양평군,2011,만종역,경강선(강릉선),33.33604985982705,2017-12-22,2018,0
경기,양평군,2012,만종역,경강선(강릉선),33.33604985982705,2017-12-22,2018,0
경기,양평군,2013,만종역,경강선(강릉선),33.33604985982705,2017-12-22,2018,0
경기,양평군,2014,만종역,경강선(강릉선),33.33604985982705,2017-12-22,2018,0
경기,양평군,2015,만종역,경강선(강릉선),33.33604985982705,2017-12-22,2018,0
경기,양평군,2016,만종역,경강선(강릉선),33.33604985982705,2017-12-22,2018,0
경기,양평군,2017,만종역,경강선(강릉선),33.33604985982705,2017-12-22,2018,0
경기,양평군,2018,만종역,경강선(강릉선),33.33604985982705,2017-12-22,2018,1
경기,양평군,2019,만종역,경강선(강릉선),33.33604985982705,2017-12-22,2018,1
경기,양평군,2020,만종역,경강선(강릉선),33.33604985982705,2017-12-22,2018,1
경기,양평군,2021,만종역,경강선(강릉선),33.33604985982705,2017-12-22,2018,1
경기,양평군,2022,만종역,경강선(강릉선),33.33604985982705,2017-12-22,2018,1
경기,양평군,2023,만종역,경강선(강릉선),33.33604985982705,2017-12-22,2018,1
경기,양평군,2024,만종역,경강선(강릉선),33.33604985982705,2017-12-22,2018,1
경기,양평군,2025,만종역,경강선(강릉선),33.33604985982705,2017-12-22,2018,1
경기,여주시,2007,만종역,경강선(강릉선),25.618568871278057,2017-12-22,2018,0
경기,여주시,2008,만종역,경강선(강릉선),25.618568871278057,2017-12-22,2018,0
경기,여주시,2009,만종역,경강선(강릉선),25.618568871278057,2017-12-22,2018,0
경기,여주시,2010,만종역,경강선(강릉선),25.618568871278057,2017-12-22,2018,0
경기,여주시,2011,만종역,경강선(강릉선),25.618568871278057,2017-12-22,2018,0
경기,여주시,2012,만종역,경강선(강릉선),25.618568871278057,2017-12-22,2018,0
경기,여주시,2013,만종역,경강선(강릉선),25.618568871278057,2017-12-22,2018,0
경기,여주시,2014,만종역,경강선(강릉선),25.618568871278057,2017-12-22,2018,0
경기,여주시,2015,만종역,경강선(강릉선),25.618568871278057,2017-12-22,2018,0
경기,여주시,2016,만종역,경강선(강릉선),25.618568871278057,2017-12-22,2018,0
경기,여주시,2017,만종역,경강선(강릉선),25.618568871278057,2017-12-22,2018,0
경기,여주시,2018,만종역,경강선(강릉선),25.618568871278057,2017-12-22,2018,1
경기,여주시,2019,만종역,경강선(강릉선),25.618568871278057,2017-12-22,2018,1
경기,여주시,2020,만종역,경강선(강릉선),25.618568871278057,2017-12-22,2018,1
경기,여주시,2021,만종역,경강선(강릉선),25.618568871278057,2017-12-22,2018,1
경기,여주시,2022,만종역,경강선(강릉선),25.618568871278057,2017-12-22,2018,1
경기,여주시,2023,만종역,경강선(강릉선),25.618568871278057,2017-12-22,2018,1
경기,여주시,2024,만종역,경강선(강릉선),25.618568871278057,2017-12-22,2018,1
경기,여주시,2025,만종역,경강선(강릉선),25.618568871278057,2017-12-22,2018,1
경기,연천군,2007,,,,,,0
경기,연천군,2008,,,,,,0
경기,연천군,2009,,,,,,0
경기,연천군,2010,,,,,,0
경기,연천군,2011,,,,,,0
경기,연천군,2012,,,,,,0
경기,연천군,2013,,,,,,0
경기,연천군,2014,,,,,,0
경기,연천군,2015,,,,,,0
경기,연천군,2016,,,,,,0
경기,연천군,2017,,,,,,0
경기,연천군,2018,,,,,,0
경기,연천군,2019,,,,,,0
경기,연천군,2020,,,,,,0
경기,연천군,2021,,,,,,0
경기,연천군,2022,,,,,,0
경기,연천군,2023,,,,,,0
경기,연천군,2024,,,,,,0
경기,연천군,2025,,,,,,0
경기,오산시,2007,천안아산역,경부고속,41.17233802279188,2004-04-01,2004,1
경기,오산시,2008,천안아산역,경부고속,41.17233802279188,2004-04-01,2004,1
경기,오산시,2009,천안아산역,경부고속,41.17233802279188,2004-04-01,2004,1
경기,오산시,2010,천안아산역,경부고속,41.17233802279188,2004-04-01,2004,1
경기,오산시,2011,천안아산역,경부고속,41.17233802279188,2004-04-01,2004,1
경기,오산시,2012,천안아산역,경부고속,41.17233802279188,2004-04-01,2004,1
경기,오산시,2013,천안아산역,경부고속,41.17233802279188,2004-04-01,2004,1
경기,오산시,2014,천안아산역,경부고속,41.17233802279188,2004-04-01,2004,1
경기,오산시,2015,천안아산역,경부고속,41.17233802279188,2004-04-01,2004,1
경기,오산시,2016,천안아산역,경부고속,41.17233802279188,2004-04-01,2004,1
경기,오산시,2017,천안아산역,경부고속,41.17233802279188,2004-04-01,2004,1
경기,오산시,2018,천안아산역,경부고속,41.17233802279188,2004-04-01,2004,1
경기,오산시,2019,천안아산역,경부고속,41.17233802279188,2004-04-01,2004,1
경기,오산시,2020,천안아산역,경부고속,41.17233802279188,2004-04-01,2004,1
경기,오산시,2021,천안아산역,경부고속,41.17233802279188,2004-04-01,2004,1
경기,오산시,2022,천안아산역,경부고속,41.17233802279188,2004-04-01,2004,1
경기,오산시,2023,천안아산역,경부고속,41.17233802279188,2004-04-01,2004,1
경기,오산시,2024,천안아산역,경부고속,41.17233802279188,2004-04-01,2004,1
경기,오산시,2025,천안아산역,경부고속,41.17233802279188,2004-04-01,2004,1
경기,용인시 기흥구,2007,,,,,,0
경기,용인시 기흥구,2008,,,,,,0
경기,용인시 기흥구,2009,,,,,,0
경기,용인시 기흥구,2010,,,,,,0
경기,용인시 기흥구,2011,,,,,,0
경기,용인시 기흥구,2012,,,,,,0
경기,용인시 기흥구,2013,,,,,,0
경기,용인시 기흥구,2014,,,,,,0
경기,용인시 기흥구,2015,,,,,,0
경기,용인시 기흥구,2016,,,,,,0
경기,용인시 기흥구,2017,,,,,,0
경기,용인시 기흥구,2018,,,,,,0
경기,용인시 기흥구,2019,,,,,,0
경기,용인시 기흥구,2020,,,,,,0
경기,용인시 기흥구,2021,,,,,,0
경기,용인시 기흥구,2022,,,,,,0
경기,용인시 기흥구,2023,,,,,,0
경기,용인시 기흥구,2024,,,,,,0
경기,용인시 기흥구,2025,,,,,,0
경기,용인시 수지구,2007,,,,,,0
경기,용인시 수지구,2008,,,,,,0
경기,용인시 수지구,2009,,,,,,0
경기,용인시 수지구,2010,,,,,,0
경기,용인시 수지구,2011,,,,,,0
경기,용인시 수지구,2012,,,,,,0
경기,용인시 수지구,2013,,,,,,0
경기,용인시 수지구,2014,,,,,,0
경기,용인시 수지구,2015,,,,,,0
경기,용인시 수지구,2016,,,,,,0
경기,용인시 수지구,2017,,,,,,0
경기,용인시 수지구,2018,,,,,,0
경기,용인시 수지구,2019,,,,,,0
경기,용인시 수지구,2020,,,,,,0
경기,용인시 수지구,2021,,,,,,0
경기,용인시 수지구,2022,,,,,,0
경기,용인시 수지구,2023,,,,,,0
경기,용인시 수지구,2024,,,,,,0
경기,용인시 수지구,2025,,,,,,0
경기,용인시 처인구,2007,천안아산역,경부고속,47.22455754266525,2004-04-01,2004,1
경기,용인시 처인구,2008,천안아산역,경부고속,47.22455754266525,2004-04-01,2004,1
경기,용인시 처인구,2009,천안아산역,경부고속,47.22455754266525,2004-04-01,2004,1
경기,용인시 처인구,2010,천안아산역,경부고속,47.22455754266525,2004-04-01,2004,1
경기,용인시 처인구,2011,천안아산역,경부고속,47.22455754266525,2004-04-01,2004,1
경기,용인시 처인구,2012,천안아산역,경부고속,47.22455754266525,2004-04-01,2004,1
경기,용인시 처인구,2013,천안아산역,경부고속,47.22455754266525,2004-04-01,2004,1
경기,용인시 처인구,2014,천안아산역,경부고속,47.22455754266525,2004-04-01,2004,1
경기,용인시 처인구,2015,천안아산역,경부고속,47.22455754266525,2004-04-01,2004,1
경기,용인시 처인구,2016,천안아산역,경부고속,47.22455754266525,2004-04-01,2004,1
경기,용인시 처인구,2017,천안아산역,경부고속,47.22455754266525,2004-04-01,2004,1
경기,용인시 처인구,2018,천안아산역,경부고속,47.22455754266525,2004-04-01,2004,1
경기,용인시 처인구,2019,천안아산역,경부고속,47.22455754266525,2004-04-01,2004,1
경기,용인시 처인구,2020,천안아산역,경부고속,47.22455754266525,2004-04-01,2004,1
경기,용인시 처인구,2021,천안아산역,경부고속,47.22455754266525,2004-04-01,2004,1
경기,용인시 처인구,2022,천안아산역,경부고속,47.22455754266525,2004-04-01,2004,1
경기,용인시 처인구,2023,천안아산역,경부고속,47.22455754266525,2004-04-01,2004,1
경기,용인시 처인구,2024,천안아산역,경부고속,47.22455754266525,2004-04-01,2004,1
경기,용인시 처인구,2025,천안아산역,경부고속,47.22455754266525,2004-04-01,2004,1
경기,의왕시,2007,,,,,,0
경기,의왕시,2008,,,,,,0
경기,의왕시,2009,,,,,,0
경기,의왕시,2010,,,,,,0
경기,의왕시,2011,,,,,,0
경기,의왕시,2012,,,,,,0
경기,의왕시,2013,,,,,,0
경기,의왕시,2014,,,,,,0
경기,의왕시,2015,,,,,,0
경기,의왕시,2016,,,,,,0
경기,의왕시,2017,,,,,,0
경기,의왕시,2018,,,,,,0
경기,의왕시,2019,,,,,,0
경기,의왕시,2020,,,,,,0
경기,의왕시,2021,,,,,,0
경기,의왕시,2022,,,,,,0
경기,의왕시,2023,,,,,,0
경기,의왕시,2024,,,,,,0
경기,의왕시,2025,,,,,,0
경기,의정부시,2007,,,,,,0
경기,의정부시,2008,,,,,,0
경기,의정부시,2009,,,,,,0
경기,의정부시,2010,,,,,,0
경기,의정부시,2011,,,,,,0
경기,의정부시,2012,,,,,,0
경기,의정부시,2013,,,,,,0
경기,의정부시,2014,,,,,,0
경기,의정부시,2015,,,,,,0
경기,의정부시,2016,,,,,,0
경기,의정부시,2017,,,,,,0
경기,의정부시,2018,,,,,,0
경기,의정부시,2019,,,,,,0
경기,의정부시,2020,,,,,,0
경기,의정부시,2021,,,,,,0
경기,의정부시,2022,,,,,,0
경기,의정부시,2023,,,,,,0
경기,의정부시,2024,,,,,,0
경기,의정부시,2025,,,,,,0
경기,이천시,2007,만종역,경강선(강릉선),40.29646998774219,2017-12-22,2018,0
경기,이천시,2008,만종역,경강선(강릉선),40.29646998774219,2017-12-22,2018,0
경기,이천시,2009,만종역,경강선(강릉선),40.29646998774219,2017-12-22,2018,0
경기,이천시,2010,만종역,경강선(강릉선),40.29646998774219,2017-12-22,2018,0
경기,이천시,2011,만종역,경강선(강릉선),40.29646998774219,2017-12-22,2018,0
경기,이천시,2012,만종역,경강선(강릉선),40.29646998774219,2017-12-22,2018,0
경기,이천시,2013,만종역,경강선(강릉선),40.29646998774219,2017-12-22,2018,0
경기,이천시,2014,만종역,경강선(강릉선),40.29646998774219,2017-12-22,2018,0
경기,이천시,2015,만종역,경강선(강릉선),40.29646998774219,2017-12-22,2018,0
경기,이천시,2016,만종역,경강선(강릉선),40.29646998774219,2017-12-22,2018,0
경기,이천시,2017,만종역,경강선(강릉선),40.29646998774219,2017-12-22,2018,0
경기,이천시,2018,만종역,경강선(강릉선),40.29646998774219,2017-12-22,2018,1
경기,이천시,2019,만종역,경강선(강릉선),40.29646998774219,2017-12-22,2018,1
경기,이천시,2020,만종역,경강선(강릉선),40.29646998774219,2017-12-22,2018,1
경기,이천시,2021,만종역,경강선(강릉선),40.29646998774219,2017-12-22,2018,1
경기,이천시,2022,만종역,경강선(강릉선),40.29646998774219,2017-12-22,2018,1
경기,이천시,2023,만종역,경강선(강릉선),40.29646998774219,2017-12-22,2018,1
경기,이천시,2024,만종역,경강선(강릉선),40.29646998774219,2017-12-22,2018,1
경기,이천시,2025,만종역,경강선(강릉선),40.29646998774219,2017-12-22,2018,1
경기,파주시,2007,,,,,,0
경기,파주시,2008,,,,,,0
경기,파주시,2009,,,,,,0
경기,파주시,2010,,,,,,0
경기,파주시,2011,,,,,,0
경기,파주시,2012,,,,,,0
경기,파주시,2013,,,,,,0
경기,파주시,2014,,,,,,0
경기,파주시,2015,,,,,,0
경기,파주시,2016,,,,,,0
경기,파주시,2017,,,,,,0
경기,파주시,2018,,,,,,0
경기,파주시,2019,,,,,,0
경기,파주시,2020,,,,,,0
경기,파주시,2021,,,,,,0
경기,파주시,2022,,,,,,0
경기,파주시,2023,,,,,,0
경기,파주시,2024,,,,,,0
경기,파주시,2025,,,,,,0
경기,평택시,2007,천안아산역,경부고속,26.416604196928144,2004-04-01,2004,1
경기,평택시,2008,천안아산역,경부고속,26.416604196928144,2004-04-01,2004,1
경기,평택시,2009,천안아산역,경부고속,26.416604196928144,2004-04-01,2004,1
경기,평택시,2010,천안아산역,경부고속,26.416604196928144,2004-04-01,2004,1
경기,평택시,2011,천안아산역,경부고속,26.416604196928144,2004-04-01,2004,1
경기,평택시,2012,천안아산역,경부고속,26.416604196928144,2004-04-01,2004,1
경기,평택시,2013,천안아산역,경부고속,26.416604196928144,2004-04-01,2004,1
경기,평택시,2014,천안아산역,경부고속,26.416604196928144,2004-04-01,2004,1
경기,평택시,2015,천안아산역,경부고속,26.416604196928144,2004-04-01,2004,1
경기,평택시,2016,천안아산역,경부고속,26.416604196928144,2004-04-01,2004,1
경기,평택시,2017,천안아산역,경부고속,26.416604196928144,2004-04-01,2004,1
경기,평택시,2018,천안아산역,경부고속,26.416604196928144,2004-04-01,2004,1
경기,평택시,2019,천안아산역,경부고속,26.416604196928144,2004-04-01,2004,1
경기,평택시,2020,천안아산역,경부고속,26.416604196928144,2004-04-01,2004,1
경기,평택시,2021,천안아산역,경부고속,26.416604196928144,2004-04-01,2004,1
경기,평택시,2022,천안아산역,경부고속,26.416604196928144,2004-04-01,2004,1
경기,평택시,2023,천안아산역,경부고속,26.416604196928144,2004-04-01,2004,1
경기,평택시,2024,천안아산역,경부고속,26.416604196928144,2004-04-01,2004,1
경기,평택시,2025,천안아산역,경부고속,26.416604196928144,2004-04-01,2004,1
경기,포천시,2007,,,,,,0
경기,포천시,2008,,,,,,0
경기,포천시,2009,,,,,,0
경기,포천시,2010,,,,,,0
경기,포천시,2011,,,,,,0
경기,포천시,2012,,,,,,0
경기,포천시,2013,,,,,,0
경기,포천시,2014,,,,,,0
경기,포천시,2015,,,,,,0
경기,포천시,2016,,,,,,0
경기,포천시,2017,,,,,,0
경기,포천시,2018,,,,,,0
경기,포천시,2019,,,,,,0
경기,포천시,2020,,,,,,0
경기,포천시,2021,,,,,,0
경기,포천시,2022,,,,,,0
경기,포천시,2023,,,,,,0
경기,포천시,2024,,,,,,0
경기,포천시,2025,,,,,,0
경기,하남시,2007,,,,,,0
경기,하남시,2008,,,,,,0
경기,하남시,2009,,,,,,0
경기,하남시,2010,,,,,,0
경기,하남시,2011,,,,,,0
경기,하남시,2012,,,,,,0
경기,하남시,2013,,,,,,0
경기,하남시,2014,,,,,,0
경기,하남시,2015,,,,,,0
경기,하남시,2016,,,,,,0
경기,하남시,2017,,,,,,0
경기,하남시,2018,,,,,,0
경기,하남시,2019,,,,,,0
경기,하남시,2020,,,,,,0
경기,하남시,2021,,,,,,0
경기,하남시,2022,,,,,,0
경기,하남시,2023,,,,,,0
경기,하남시,2024,,,,,,0
경기,하남시,2025,,,,,,0
경기,화성시,2007,천안아산역,경부고속,47.095692561635005,2004-04-01,2004,1
경기,화성시,2008,천안아산역,경부고속,47.095692561635005,2004-04-01,2004,1
경기,화성시,2009,천안아산역,경부고속,47.095692561635005,2004-04-01,2004,1
경기,화성시,2010,천안아산역,경부고속,47.095692561635005,2004-04-01,2004,1
경기,화성시,2011,천안아산역,경부고속,47.095692561635005,2004-04-01,2004,1
경기,화성시,2012,천안아산역,경부고속,47.095692561635005,2004-04-01,2004,1
경기,화성시,2013,천안아산역,경부고속,47.095692561635005,2004-04-01,2004,1
경기,화성시,2014,천안아산역,경부고속,47.095692561635005,2004-04-01,2004,1
경기,화성시,2015,천안아산역,경부고속,47.095692561635005,2004-04-01,2004,1
경기,화성시,2016,천안아산역,경부고속,47.095692561635005,2004-04-01,2004,1
경기,화성시,2017,천안아산역,경부고속,47.095692561635005,2004-04-01,2004,1
경기,화성시,2018,천안아산역,경부고속,47.095692561635005,2004-04-01,2004,1
경기,화성시,2019,천안아산역,경부고속,47.095692561635005,2004-04-01,2004,1
경기,화성시,2020,천안아산역,경부고속,47.095692561635005,2004-04-01,2004,1
경기,화성시,2021,천안아산역,경부고속,47.095692561635005,2004-04-01,2004,1
경기,화성시,2022,천안아산역,경부고속,47.095692561635005,2004-04-01,2004,1
경기,화성시,2023,천안아산역,경부고속,47.095692561635005,2004-04-01,2004,1
경기,화성시,2024,천안아산역,경부고속,47.095692561635005,2004-04-01,2004,1
경기,화성시,2025,천안아산역,경부고속,47.095692561635005,2004-04-01,2004,1
경남,거제시,2007,부산역,경부고속,46.95453354963902,2004-04-01,2004,1
경남,거제시,2008,부산역,경부고속,46.95453354963902,2004-04-01,2004,1
경남,거제시,2009,부산역,경부고속,46.95453354963902,2004-04-01,2004,1
경남,거제시,2010,부산역,경부고속,46.95453354963902,2004-04-01,2004,1
경남,거제시,2011,부산역,경부고속,46.95453354963902,2004-04-01,2004,1
경남,거제시,2012,부산역,경부고속,46.95453354963902,2004-04-01,2004,1
경남,거제시,2013,부산역,경부고속,46.95453354963902,2004-04-01,2004,1
경남,거제시,2014,부산역,경부고속,46.95453354963902,2004-04-01,2004,1
경남,거제시,2015,부산역,경부고속,46.95453354963902,2004-04-01,2004,1
경남,거제시,2016,부산역,경부고속,46.95453354963902,2004-04-01,2004,1
경남,거제시,2017,부산역,경부고속,46.95453354963902,2004-04-01,2004,1
경남,거제시,2018,부산역,경부고속,46.95453354963902,2004-04-01,2004,1
경남,거제시,2019,부산역,경부고속,46.95453354963902,2004-04-01,2004,1
경남,거제시,2020,부산역,경부고속,46.95453354963902,2004-04-01,2004,1
경남,거제시,2021,부산역,경부고속,46.95453354963902,2004-04-01,2004,1
경남,거제시,2022,부산역,경부고속,46.95453354963902,2004-04-01,2004,1
경남,거제시,2023,부산역,경부고속,46.95453354963902,2004-04-01,2004,1
경남,거제시,2024,부산역,경부고속,46.95453354963902,2004-04-01,2004,1
경남,거제시,2025,부산역,경부고속,46.95453354963902,2004-04-01,2004,1
경남,거창군,2007,김천(구미)역,경부고속,49.084618364753595,2010-11-01,2011,0
경남,거창군,2008,김천(구미)역,경부고속,49.084618364753595,2010-11-01,2011,0
경남,거창군,2009,김천(구미)역,경부고속,49.084618364753595,2010-11-01,2011,0
경남,거창군,2010,김천(구미)역,경부고속,49.084618364753595,2010-11-01,2011,0
경남,거창군,2011,김천(구미)역,경부고속,49.084618364753595,2010-11-01,2011,1
경남,거창군,2012,김천(구미)역,경부고속,49.084618364753595,2010-11-01,2011,1
경남,거창군,2013,김천(구미)역,경부고속,49.084618364753595,2010-11-01,2011,1
경남,거창군,2014,김천(구미)역,경부고속,49.084618364753595,2010-11-01,2011,1
경남,거창군,2015,김천(구미)역,경부고속,49.084618364753595,2010-11-01,2011,1
경남,거창군,2016,김천(구미)역,경부고속,49.084618364753595,2010-11-01,2011,1
경남,거창군,2017,김천(구미)역,경부고속,49.084618364753595,2010-11-01,2011,1
경남,거창군,2018,김천(구미)역,경부고속,49.084618364753595,2010-11-01,2011,1
경남,거창군,2019,김천(구미)역,경부고속,49.084618364753595,2010-11-01,2011,1
경남,거창군,2020,김천(구미)역,경부고속,49.084618364753595,2010-11-01,2011,1
경남,거창군,2021,김천(구미)역,경부고속,49.084618364753595,2010-11-01,2011,1
경남,거창군,2022,김천(구미)역,경부고속,49.084618364753595,2010-11-01,2011,1
경남,거창군,2023,김천(구미)역,경부고속,49.084618364753595,2010-11-01,2011,1
경남,거창군,2024,김천(구미)역,경부고속,49.084618364753595,2010-11-01,2011,1
경남,거창군,2025,김천(구미)역,경부고속,49.084618364753595,2010-11-01,2011,1
경남,고성군,2007,마산역,경전선,35.73552949314704,2010-12-15,2011,0
경남,고성군,2008,마산역,경전선,35.73552949314704,2010-12-15,2011,0
경남,고성군,2009,마산역,경전선,35.73552949314704,2010-12-15,2011,0
경남,고성군,2010,마산역,경전선,35.73552949314704,2010-12-15,2011,0
경남,고성군,2011,마산역,경전선,35.73552949314704,2010-12-15,2011,1
경남,고성군,2012,마산역,경전선,35.73552949314704,2010-12-15,2011,1
경남,고성군,2013,마산역,경전선,35.73552949314704,2010-12-15,2011,1
경남,고성군,2014,마산역,경전선,35.73552949314704,2010-12-15,2011,1
경남,고성군,2015,마산역,경전선,35.73552949314704,2010-12-15,2011,1
경남,고성군,2016,마산역,경전선,35.73552949314704,2010-12-15,2011,1
경남,고성군,2017,마산역,경전선,35.73552949314704,2010-12-15,2011,1
경남,고성군,2018,마산역,경전선,35.73552949314704,2010-12-15,2011,1
경남,고성군,2019,마산역,경전선,35.73552949314704,2010-12-15,2011,1
경남,고성군,2020,마산역,경전선,35.73552949314704,2010-12-15,2011,1
경남,고성군,2021,마산역,경전선,35.73552949314704,2010-12-15,2011,1
경남,고성군,2022,마산역,경전선,35.73552949314704,2010-12-15,2011,1
경남,고성군,2023,마산역,경전선,35.73552949314704,2010-12-15,2011,1
경남,고성군,2024,마산역,경전선,35.73552949314704,2010-12-15,2011,1
경남,고성군,2025,마산역,경전선,35.73552949314704,2010-12-15,2011,1
경남,김해시,2007,구포역,경부선,15.693181637815089,2004-04-01,2004,1
경남,김해시,2008,구포역,경부선,15.693181637815089,2004-04-01,2004,1
경남,김해시,2009,구포역,경부선,15.693181637815089,2004-04-01,2004,1
경남,김해시,2010,구포역,경부선,15.693181637815089,2004-04-01,2004,1
경남,김해시,2011,구포역,경부선,15.693181637815089,2004-04-01,2004,1
경남,김해시,2012,구포역,경부선,15.693181637815089,2004-04-01,2004,1
경남,김해시,2013,구포역,경부선,15.693181637815089,2004-04-01,2004,1
경남,김해시,2014,구포역,경부선,15.693181637815089,2004-04-01,2004,1
경남,김해시,2015,구포역,경부선,15.693181637815089,2004-04-01,2004,1
경남,김해시,2016,구포역,경부선,15.693181637815089,2004-04-01,2004,1
경남,김해시,2017,구포역,경부선,15.693181637815089,2004-04-01,2004,1
경남,김해시,2018,구포역,경부선,15.693181637815089,2004-04-01,2004,1
경남,김해시,2019,구포역,경부선,15.693181637815089,2004-04-01,2004,1
경남,김해시,2020,구포역,경부선,15.693181637815089,2004-04-01,2004,1
경남,김해시,2021,구포역,경부선,15.693181637815089,2004-04-01,2004,1
경남,김해시,2022,구포역,경부선,15.693181637815089,2004-04-01,2004,1
경남,김해시,2023,구포역,경부선,15.693181637815089,2004-04-01,2004,1
경남,김해시,2024,구포역,경부선,15.693181637815089,2004-04-01,2004,1
경남,김해시,2025,구포역,경부선,15.693181637815089,2004-04-01,2004,1
경남,남해군,2007,여수엑스포역,전라선,19.52366681221591,2011-10-05,2012,0
경남,남해군,2008,여수엑스포역,전라선,19.52366681221591,2011-10-05,2012,0
경남,남해군,2009,여수엑스포역,전라선,19.52366681221591,2011-10-05,2012,0
경남,남해군,2010,여수엑스포역,전라선,19.52366681221591,2011-10-05,2012,0
경남,남해군,2011,여수엑스포역,전라선,19.52366681221591,2011-10-05,2012,0
경남,남해군,2012,여수엑스포역,전라선,19.52366681221591,2011-10-05,2012,1
경남,남해군,2013,여수엑스포역,전라선,19.52366681221591,2011-10-05,2012,1
경남,남해군,2014,여수엑스포역,전라선,19.52366681221591,2011-10-05,2012,1
경남,남해군,2015,여수엑스포역,전라선,19.52366681221591,2011-10-05,2012,1
경남,남해군,2016,여수엑스포역,전라선,19.52366681221591,2011-10-05,2012,1
경남,남해군,2017,여수엑스포역,전라선,19.52366681221591,2011-10-05,2012,1
경남,남해군,2018,여수엑스포역,전라선,19.52366681221591,2011-10-05,2012,1
경남,남해군,2019,여수엑스포역,전라선,19.52366681221591,2011-10-05,2012,1
경남,남해군,2020,여수엑스포역,전라선,19.52366681221591,2011-10-05,2012,1
경남,남해군,2021,여수엑스포역,전라선,19.52366681221591,2011-10-05,2012,1
경남,남해군,2022,여수엑스포역,전라선,19.52366681221591,2011-10-05,2012,1
경남,남해군,2023,여수엑스포역,전라선,19.52366681221591,2011-10-05,2012,1
경남,남해군,2024,여수엑스포역,전라선,19.52366681221591,2011-10-05,2012,1
경남,남해군,2025,여수엑스포역,전라선,19.52366681221591,2011-10-05,2012,1
경남,밀양시,2007,밀양역,경부선,3.1301814680017745,2004-04-01,2004,1
경남,밀양시,2008,밀양역,경부선,3.1301814680017745,2004-04-01,2004,1
경남,밀양시,2009,밀양역,경부선,3.1301814680017745,2004-04-01,2004,1
경남,밀양시,2010,밀양역,경부선,3.1301814680017745,2004-04-01,2004,1
경남,밀양시,2011,밀양역,경부선,3.1301814680017745,2004-04-01,2004,1
경남,밀양시,2012,밀양역,경부선,3.1301814680017745,2004-04-01,2004,1
경남,밀양시,2013,밀양역,경부선,3.1301814680017745,2004-04-01,2004,1
경남,밀양시,2014,밀양역,경부선,3.1301814680017745,2004-04-01,2004,1
경남,밀양시,2015,밀양역,경부선,3.1301814680017745,2004-04-01,2004,1
경남,밀양시,2016,밀양역,경부선,3.1301814680017745,2004-04-01,2004,1
경남,밀양시,2017,밀양역,경부선,3.1301814680017745,2004-04-01,2004,1
경남,밀양시,2018,밀양역,경부선,3.1301814680017745,2004-04-01,2004,1
경남,밀양시,2019,밀양역,경부선,3.1301814680017745,2004-04-01,2004,1
경남,밀양시,2020,밀양역,경부선,3.1301814680017745,2004-04-01,2004,1
경남,밀양시,2021,밀양역,경부선,3.1301814680017745,2004-04-01,2004,1
경남,밀양시,2022,밀양역,경부선,3.1301814680017745,2004-04-01,2004,1
경남,밀양시,2023,밀양역,경부선,3.1301814680017745,2004-04-01,2004,1
경남,밀양시,2024,밀양역,경부선,3.1301814680017745,2004-04-01,2004,1
경남,밀양시,2025,밀양역,경부선,3.1301814680017745,2004-04-01,2004,1
경남,사천시,2007,여수엑스포역,전라선,42.71653340851065,2011-10-05,2012,0
경남,사천시,2008,여수엑스포역,전라선,42.71653340851065,2011-10-05,2012,0
경남,사천시,2009,여수엑스포역,전라선,42.71653340851065,2011-10-05,2012,0
경남,사천시,2010,여수엑스포역,전라선,42.71653340851065,2011-10-05,2012,0
경남,사천시,2011,여수엑스포역,전라선,42.71653340851065,2011-10-05,2012,0
경남,사천시,2012,여수엑스포역,전라선,42.71653340851065,2011-10-05,2012,1
경남,사천시,2013,여수엑스포역,전라선,42.71653340851065,2011-10-05,2012,1
경남,사천시,2014,여수엑스포역,전라선,42.71653340851065,2011-10-05,2012,1
경남,사천시,2015,여수엑스포역,전라선,42.71653340851065,2011-10-05,2012,1
경남,사천시,2016,여수엑스포역,전라선,42.71653340851065,2011-10-05,2012,1
경남,사천시,2017,여수엑스포역,전라선,42.71653340851065,2011-10-05,2012,1
경남,사천시,2018,여수엑스포역,전라선,42.71653340851065,2011-10-05,2012,1
경남,사천시,2019,여수엑스포역,전라선,42.71653340851065,2011-10-05,2012,1
경남,사천시,2020,여수엑스포역,전라선,42.71653340851065,2011-10-05,2012,1
경남,사천시,2021,여수엑스포역,전라선,42.71653340851065,2011-10-05,2012,1
경남,사천시,2022,여수엑스포역,전라선,42.71653340851065,2011-10-05,2012,1
경남,사천시,2023,여수엑스포역,전라선,42.71653340851065,2011-10-05,2012,1
경남,사천시,2024,여수엑스포역,전라선,42.71653340851065,2011-10-05,2012,1
경남,사천시,2025,여수엑스포역,전라선,42.71653340851065,2011-10-05,2012,1
경남,산청군,2007,구례구역,전라선,45.378032012384416,2011-10-05,2012,0
경남,산청군,2008,구례구역,전라선,45.378032012384416,2011-10-05,2012,0
경남,산청군,2009,구례구역,전라선,45.378032012384416,2011-10-05,2012,0
경남,산청군,2010,구례구역,전라선,45.378032012384416,2011-10-05,2012,0
경남,산청군,2011,구례구역,전라선,45.378032012384416,2011-10-05,2012,0
경남,산청군,2012,구례구역,전라선,45.378032012384416,2011-10-05,2012,1
경남,산청군,2013,구례구역,전라선,45.378032012384416,2011-10-05,2012,1
경남,산청군,2014,구례구역,전라선,45.378032012384416,2011-10-05,2012,1
경남,산청군,2015,구례구역,전라선,45.378032012384416,2011-10-05,2012,1
경남,산청군,2016,구례구역,전라선,45.378032012384416,2011-10-05,2012,1
경남,산청군,2017,구례구역,전라선,45.378032012384416,2011-10-05,2012,1
경남,산청군,2018,구례구역,전라선,45.378032012384416,2011-10-05,2012,1
경남,산청군,2019,구례구역,전라선,45.378032012384416,2011-10-05,2012,1
경남,산청군,2020,구례구역,전라선,45.378032012384416,2011-10-05,2012,1
경남,산청군,2021,구례구역,전라선,45.378032012384416,2011-10-05,2012,1
경남,산청군,2022,구례구역,전라선,45.378032012384416,2011-10-05,2012,1
경남,산청군,2023,구례구역,전라선,45.378032012384416,2011-10-05,2012,1
경남,산청군,2024,구례구역,전라선,45.378032012384416,2011-10-05,2012,1
경남,산청군,2025,구례구역,전라선,45.378032012384416,2011-10-05,2012,1
경남,양산시,2007,구포역,경부선,22.141256843497324,2004-04-01,2004,1
경남,양산시,2008,구포역,경부선,22.141256843497324,2004-04-01,2004,1
경남,양산시,2009,구포역,경부선,22.141256843497324,2004-04-01,2004,1
경남,양산시,2010,구포역,경부선,22.141256843497324,2004-04-01,2004,1
경남,양산시,2011,구포역,경부선,22.141256843497324,2004-04-01,2004,1
경남,양산시,2012,구포역,경부선,22.141256843497324,2004-04-01,2004,1
경남,양산시,2013,구포역,경부선,22.141256843497324,2004-04-01,2004,1
경남,양산시,2014,구포역,경부선,22.141256843497324,2004-04-01,2004,1
경남,양산시,2015,구포역,경부선,22.141256843497324,2004-04-01,2004,1
경남,양산시,2016,구포역,경부선,22.141256843497324,2004-04-01,2004,1
경남,양산시,2017,구포역,경부선,22.141256843497324,2004-04-01,2004,1
경남,양산시,2018,구포역,경부선,22.141256843497324,2004-04-01,2004,1
경남,양산시,2019,구포역,경부선,22.141256843497324,2004-04-01,2004,1
경남,양산시,2020,구포역,경부선,22.141256843497324,2004-04-01,2004,1
경남,양산시,2021,구포역,경부선,22.141256843497324,2004-04-01,2004,1
경남,양산시,2022,구포역,경부선,22.141256843497324,2004-04-01,2004,1
경남,양산시,2023,구포역,경부선,22.141256843497324,2004-04-01,2004,1
경남,양산시,2024,구포역,경부선,22.141256843497324,2004-04-01,2004,1
경남,양산시,2025,구포역,경부선,22.141256843497324,2004-04-01,2004,1
경남,의령군,2007,밀양역,경부선,45.77638338265416,2004-04-01,2004,1
경남,의령군,2008,밀양역,경부선,45.77638338265416,2004-04-01,2004,1
경남,의령군,2009,밀양역,경부선,45.77638338265416,2004-04-01,2004,1
경남,의령군,2010,밀양역,경부선,45.77638338265416,2004-04-01,2004,1
경남,의령군,2011,밀양역,경부선,45.77638338265416,2004-04-01,2004,1
경남,의령군,2012,밀양역,경부선,45.77638338265416,2004-04-01,2004,1
경남,의령군,2013,밀양역,경부선,45.77638338265416,2004-04-01,2004,1
경남,의령군,2014,밀양역,경부선,45.77638338265416,2004-04-01,2004,1
경남,의령군,2015,밀양역,경부선,45.77638338265416,2004-04-01,2004,1
경남,의령군,2016,밀양역,경부선,45.77638338265416,2004-04-01,2004,1
경남,의령군,2017,밀양역,경부선,45.77638338265416,2004-04-01,2004,1
경남,의령군,2018,밀양역,경부선,45.77638338265416,2004-04-01,2004,1
경남,의령군,2019,밀양역,경부선,45.77638338265416,2004-04-01,2004,1
경남,의령군,2020,밀양역,경부선,45.77638338265416,2004-04-01,2004,1
경남,의령군,2021,밀양역,경부선,45.77638338265416,2004-04-01,2004,1
경남,의령군,2022,밀양역,경부선,45.77638338265416,2004-04-01,2004,1
경남,의령군,2023,밀양역,경부선,45.77638338265416,2004-04-01,2004,1
경남,의령군,2024,밀양역,경부선,45.77638338265416,2004-04-01,2004,1
경남,의령군,2025,밀양역,경부선,45.77638338265416,2004-04-01,2004,1
경남,진주시,2007,마산역,경전선,40.8461301979211,2010-12-15,2011,0
경남,진주시,2008,마산역,경전선,40.8461301979211,2010-12-15,2011,0
경남,진주시,2009,마산역,경전선,40.8461301979211,2010-12-15,2011,0
경남,진주시,2010,마산역,경전선,40.8461301979211,2010-12-15,2011,0
경남,진주시,2011,마산역,경전선,40.8461301979211,2010-12-15,2011,1
경남,진주시,2012,마산역,경전선,40.8461301979211,2010-12-15,2011,1
경남,진주시,2013,마산역,경전선,40.8461301979211,2010-12-15,2011,1
경남,진주시,2014,마산역,경전선,40.8461301979211,2010-12-15,2011,1
경남,진주시,2015,마산역,경전선,40.8461301979211,2010-12-15,2011,1
경남,진주시,2016,마산역,경전선,40.8461301979211,2010-12-15,2011,1
경남,진주시,2017,마산역,경전선,40.8461301979211,2010-12-15,2011,1
경남,진주시,2018,마산역,경전선,40.8461301979211,2010-12-15,2011,1
경남,진주시,2019,마산역,경전선,40.8461301979211,2010-12-15,2011,1
경남,진주시,2020,마산역,경전선,40.8461301979211,2010-12-15,2011,1
경남,진주시,2021,마산역,경전선,40.8461301979211,2010-12-15,2011,1
경남,진주시,2022,마산역,경전선,40.8461301979211,2010-12-15,2011,1
경남,진주시,2023,마산역,경전선,40.8461301979211,2010-12-15,2011,1
경남,진주시,2024,마산역,경전선,40.8461301979211,2010-12-15,2011,1
경남,진주시,2025,마산역,경전선,40.8461301979211,2010-12-15,2011,1
경남,창녕군,2007,밀양역,경부선,25.51756141054173,2004-04-01,2004,1
경남,창녕군,2008,밀양역,경부선,25.51756141054173,2004-04-01,2004,1
경남,창녕군,2009,밀양역,경부선,25.51756141054173,2004-04-01,2004,1
경남,창녕군,2010,밀양역,경부선,25.51756141054173,2004-04-01,2004,1
경남,창녕군,2011,밀양역,경부선,25.51756141054173,2004-04-01,2004,1
경남,창녕군,2012,밀양역,경부선,25.51756141054173,2004-04-01,2004,1
경남,창녕군,2013,밀양역,경부선,25.51756141054173,2004-04-01,2004,1
경남,창녕군,2014,밀양역,경부선,25.51756141054173,2004-04-01,2004,1
경남,창녕군,2015,밀양역,경부선,25.51756141054173,2004-04-01,2004,1
경남,창녕군,2016,밀양역,경부선,25.51756141054173,2004-04-01,2004,1
경남,창녕군,2017,밀양역,경부선,25.51756141054173,2004-04-01,2004,1
경남,창녕군,2018,밀양역,경부선,25.51756141054173,2004-04-01,2004,1
경남,창녕군,2019,밀양역,경부선,25.51756141054173,2004-04-01,2004,1
경남,창녕군,2020,밀양역,경부선,25.51756141054173,2004-04-01,2004,1
경남,창녕군,2021,밀양역,경부선,25.51756141054173,2004-04-01,2004,1
경남,창녕군,2022,밀양역,경부선,25.51756141054173,2004-04-01,2004,1
경남,창녕군,2023,밀양역,경부선,25.51756141054173,2004-04-01,2004,1
경남,창녕군,2024,밀양역,경부선,25.51756141054173,2004-04-01,2004,1
경남,창녕군,2025,밀양역,경부선,25.51756141054173,2004-04-01,2004,1
경남,창원시,2007,밀양역,경부선,34.07392194766907,2004-04-01,2004,1
경남,창원시,2008,밀양역,경부선,34.07392194766907,2004-04-01,2004,1
경남,창원시,2009,밀양역,경부선,34.07392194766907,2004-04-01,2004,1
경남,창원시,2010,밀양역,경부선,34.07392194766907,2004-04-01,2004,1
경남,창원시,2011,밀양역,경부선,34.07392194766907,2004-04-01,2004,1
경남,창원시,2012,밀양역,경부선,34.07392194766907,2004-04-01,2004,1
경남,창원시,2013,밀양역,경부선,34.07392194766907,2004-04-01,2004,1
경남,창원시,2014,밀양역,경부선,34.07392194766907,2004-04-01,2004,1
경남,창원시,2015,밀양역,경부선,34.07392194766907,2004-04-01,2004,1
경남,창원시,2016,밀양역,경부선,34.07392194766907,2004-04-01,2004,1
경남,창원시,2017,밀양역,경부선,34.07392194766907,2004-04-01,2004,1
경남,창원시,2018,밀양역,경부선,34.07392194766907,2004-04-01,2004,1
경남,창원시,2019,밀양역,경부선,34.07392194766907,2004-04-01,2004,1
경남,창원시,2020,밀양역,경부선,34.07392194766907,2004-04-01,2004,1
경남,창원시,2021,밀양역,경부선,34.07392194766907,2004-04-01,2004,1
경남,창원시,2022,밀양역,경부선,34.07392194766907,2004-04-01,2004,1
경남,창원시,2023,밀양역,경부선,34.07392194766907,2004-04-01,2004,1
경남,창원시,2024,밀양역,경부선,34.07392194766907,2004-04-01,2004,1
경남,창원시,2025,밀양역,경부선,34.07392194766907,2004-04-01,2004,1
경남,통영시,2007,마산역,경전선,49.12366824405477,2010-12-15,2011,0
경남,통영시,2008,마산역,경전선,49.12366824405477,2010-12-15,2011,0
경남,통영시,2009,마산역,경전선,49.12366824405477,2010-12-15,2011,0
경남,통영시,2010,마산역,경전선,49.12366824405477,2010-12-15,2011,0
경남,통영시,2011,마산역,경전선,49.12366824405477,2010-12-15,2011,1
경남,통영시,2012,마산역,경전선,49.12366824405477,2010-12-15,2011,1
경남,통영시,2013,마산역,경전선,49.12366824405477,2010-12-15,2011,1
경남,통영시,2014,마산역,경전선,49.12366824405477,2010-12-15,2011,1
경남,통영시,2015,마산역,경전선,49.12366824405477,2010-12-15,2011,1
경남,통영시,2016,마산역,경전선,49.12366824405477,2010-12-15,2011,1
경남,통영시,2017,마산역,경전선,49.12366824405477,2010-12-15,2011,1
경남,통영시,2018,마산역,경전선,49.12366824405477,2010-12-15,2011,1
경남,통영시,2019,마산역,경전선,49.12366824405477,2010-12-15,2011,1
경남,통영시,2020,마산역,경전선,49.12366824405477,2010-12-15,2011,1
경남,통영시,2021,마산역,경전선,49.12366824405477,2010-12-15,2011,1
경남,통영시,2022,마산역,경전선,49.12366824405477,2010-12-15,2011,1
경남,통영시,2023,마산역,경전선,49.12366824405477,2010-12-15,2011,1
경남,통영시,2024,마산역,경전선,49.12366824405477,2010-12-15,2011,1
경남,통영시,2025,마산역,경전선,49.12366824405477,2010-12-15,2011,1
경남,하동군,2007,구례구역,전라선,29.896876546696316,2011-10-05,2012,0
경남,하동군,2008,구례구역,전라선,29.896876546696316,2011-10-05,2012,0
경남,하동군,2009,구례구역,전라선,29.896876546696316,2011-10-05,2012,0
경남,하동군,2010,구례구역,전라선,29.896876546696316,2011-10-05,2012,0
경남,하동군,2011,구례구역,전라선,29.896876546696316,2011-10-05,2012,0
경남,하동군,2012,구례구역,전라선,29.896876546696316,2011-10-05,2012,1
경남,하동군,2013,구례구역,전라선,29.896876546696316,2011-10-05,2012,1
경남,하동군,2014,구례구역,전라선,29.896876546696316,2011-10-05,2012,1
경남,하동군,2015,구례구역,전라선,29.896876546696316,2011-10-05,2012,1
경남,하동군,2016,구례구역,전라선,29.896876546696316,2011-10-05,2012,1
경남,하동군,2017,구례구역,전라선,29.896876546696316,2011-10-05,2012,1
경남,하동군,2018,구례구역,전라선,29.896876546696316,2011-10-05,2012,1
경남,하동군,2019,구례구역,전라선,29.896876546696316,2011-10-05,2012,1
경남,하동군,2020,구례구역,전라선,29.896876546696316,2011-10-05,2012,1
경남,하동군,2021,구례구역,전라선,29.896876546696316,2011-10-05,2012,1
경남,하동군,2022,구례구역,전라선,29.896876546696316,2011-10-05,2012,1
경남,하동군,2023,구례구역,전라선,29.896876546696316,2011-10-05,2012,1
경남,하동군,2024,구례구역,전라선,29.896876546696316,2011-10-05,2012,1
경남,하동군,2025,구례구역,전라선,29.896876546696316,2011-10-05,2012,1
경남,함안군,2007,밀양역,경부선,37.021138609873056,2004-04-01,2004,1
경남,함안군,2008,밀양역,경부선,37.021138609873056,2004-04-01,2004,1
경남,함안군,2009,밀양역,경부선,37.021138609873056,2004-04-01,2004,1
경남,함안군,2010,밀양역,경부선,37.021138609873056,2004-04-01,2004,1
경남,함안군,2011,밀양역,경부선,37.021138609873056,2004-04-01,2004,1
경남,함안군,2012,밀양역,경부선,37.021138609873056,2004-04-01,2004,1
경남,함안군,2013,밀양역,경부선,37.021138609873056,2004-04-01,2004,1
경남,함안군,2014,밀양역,경부선,37.021138609873056,2004-04-01,2004,1
경남,함안군,2015,밀양역,경부선,37.021138609873056,2004-04-01,2004,1
경남,함안군,2016,밀양역,경부선,37.021138609873056,2004-04-01,2004,1
경남,함안군,2017,밀양역,경부선,37.021138609873056,2004-04-01,2004,1
경남,함안군,2018,밀양역,경부선,37.021138609873056,2004-04-01,2004,1
경남,함안군,2019,밀양역,경부선,37.021138609873056,2004-04-01,2004,1
경남,함안군,2020,밀양역,경부선,37.021138609873056,2004-04-01,2004,1
경남,함안군,2021,밀양역,경부선,37.021138609873056,2004-04-01,2004,1
경남,함안군,2022,밀양역,경부선,37.021138609873056,2004-04-01,2004,1
경남,함안군,2023,밀양역,경부선,37.021138609873056,2004-04-01,2004,1
경남,함안군,2024,밀양역,경부선,37.021138609873056,2004-04-01,2004,1
경남,함안군,2025,밀양역,경부선,37.021138609873056,2004-04-01,2004,1
경남,함양군,2007,남원역,전라선,36.32289740093815,2011-10-05,2012,0
경남,함양군,2008,남원역,전라선,36.32289740093815,2011-10-05,2012,0
경남,함양군,2009,남원역,전라선,36.32289740093815,2011-10-05,2012,0
경남,함양군,2010,남원역,전라선,36.32289740093815,2011-10-05,2012,0
경남,함양군,2011,남원역,전라선,36.32289740093815,2011-10-05,2012,0
경남,함양군,2012,남원역,전라선,36.32289740093815,2011-10-05,2012,1
경남,함양군,2013,남원역,전라선,36.32289740093815,2011-10-05,2012,1
경남,함양군,2014,남원역,전라선,36.32289740093815,2011-10-05,2012,1
경남,함양군,2015,남원역,전라선,36.32289740093815,2011-10-05,2012,1
경남,함양군,2016,남원역,전라선,36.32289740093815,2011-10-05,2012,1
경남,함양군,2017,남원역,전라선,36.32289740093815,2011-10-05,2012,1
경남,함양군,2018,남원역,전라선,36.32289740093815,2011-10-05,2012,1
경남,함양군,2019,남원역,전라선,36.32289740093815,2011-10-05,2012,1
경남,함양군,2020,남원역,전라선,36.32289740093815,2011-10-05,2012,1
경남,함양군,2021,남원역,전라선,36.32289740093815,2011-10-05,2012,1
경남,함양군,2022,남원역,전라선,36.32289740093815,2011-10-05,2012,1
경남,함양군,2023,남원역,전라선,36.32289740093815,2011-10-05,2012,1
경남,함양군,2024,남원역,전라선,36.32289740093815,2011-10-05,2012,1
경남,함양군,2025,남원역,전라선,36.32289740093815,2011-10-05,2012,1
경남,합천군,2007,진주역,경전선,43.89963499554531,2012-12-05,2013,0
경남,합천군,2008,진주역,경전선,43.89963499554531,2012-12-05,2013,0
경남,합천군,2009,진주역,경전선,43.89963499554531,2012-12-05,2013,0
경남,합천군,2010,진주역,경전선,43.89963499554531,2012-12-05,2013,0
경남,합천군,2011,진주역,경전선,43.89963499554531,2012-12-05,2013,0
경남,합천군,2012,진주역,경전선,43.89963499554531,2012-12-05,2013,0
경남,합천군,2013,진주역,경전선,43.89963499554531,2012-12-05,2013,1
경남,합천군,2014,진주역,경전선,43.89963499554531,2012-12-05,2013,1
경남,합천군,2015,진주역,경전선,43.89963499554531,2012-12-05,2013,1
경남,합천군,2016,진주역,경전선,43.89963499554531,2012-12-05,2013,1
경남,합천군,2017,진주역,경전선,43.89963499554531,2012-12-05,2013,1
경남,합천군,2018,진주역,경전선,43.89963499554531,2012-12-05,2013,1
경남,합천군,2019,진주역,경전선,43.89963499554531,2012-12-05,2013,1
경남,합천군,2020,진주역,경전선,43.89963499554531,2012-12-05,2013,1
경남,합천군,2021,진주역,경전선,43.89963499554531,2012-12-05,2013,1
경남,합천군,2022,진주역,경전선,43.89963499554531,2012-12-05,2013,1
경남,합천군,2023,진주역,경전선,43.89963499554531,2012-12-05,2013,1
경남,합천군,2024,진주역,경전선,43.89963499554531,2012-12-05,2013,1
경남,합천군,2025,진주역,경전선,43.89963499554531,2012-12-05,2013,1
경북,경산시,2007,동대구역,경부고속,17.247530383903076,2004-04-01,2004,1
경북,경산시,2008,동대구역,경부고속,17.247530383903076,2004-04-01,2004,1
경북,경산시,2009,동대구역,경부고속,17.247530383903076,2004-04-01,2004,1
경북,경산시,2010,동대구역,경부고속,17.247530383903076,2004-04-01,2004,1
경북,경산시,2011,동대구역,경부고속,17.247530383903076,2004-04-01,2004,1
경북,경산시,2012,동대구역,경부고속,17.247530383903076,2004-04-01,2004,1
경북,경산시,2013,동대구역,경부고속,17.247530383903076,2004-04-01,2004,1
경북,경산시,2014,동대구역,경부고속,17.247530383903076,2004-04-01,2004,1
경북,경산시,2015,동대구역,경부고속,17.247530383903076,2004-04-01,2004,1
경북,경산시,2016,동대구역,경부고속,17.247530383903076,2004-04-01,2004,1
경북,경산시,2017,동대구역,경부고속,17.247530383903076,2004-04-01,2004,1
경북,경산시,2018,동대구역,경부고속,17.247530383903076,2004-04-01,2004,1
경북,경산시,2019,동대구역,경부고속,17.247530383903076,2004-04-01,2004,1
경북,경산시,2020,동대구역,경부고속,17.247530383903076,2004-04-01,2004,1
경북,경산시,2021,동대구역,경부고속,17.247530383903076,2004-04-01,2004,1
경북,경산시,2022,동대구역,경부고속,17.247530383903076,2004-04-01,2004,1
경북,경산시,2023,동대구역,경부고속,17.247530383903076,2004-04-01,2004,1
경북,경산시,2024,동대구역,경부고속,17.247530383903076,2004-04-01,2004,1
경북,경산시,2025,동대구역,경부고속,17.247530383903076,2004-04-01,2004,1
경북,경주시,2007,신경주역,경부고속,9.328821514636914,2010-11-01,2011,0
경북,경주시,2008,신경주역,경부고속,9.328821514636914,2010-11-01,2011,0
경북,경주시,2009,신경주역,경부고속,9.328821514636914,2010-11-01,2011,0
경북,경주시,2010,신경주역,경부고속,9.328821514636914,2010-11-01,2011,0
경북,경주시,2011,신경주역,경부고속,9.328821514636914,2010-11-01,2011,1
경북,경주시,2012,신경주역,경부고속,9.328821514636914,2010-11-01,2011,1
경북,경주시,2013,신경주역,경부고속,9.328821514636914,2010-11-01,2011,1
경북,경주시,2014,신경주역,경부고속,9.328821514636914,2010-11-01,2011,1
경북,경주시,2015,신경주역,경부고속,9.328821514636914,2010-11-01,2011,1
경북,경주시,2016,신경주역,경부고속,9.328821514636914,2010-11-01,2011,1
경북,경주시,2017,신경주역,경부고속,9.328821514636914,2010-11-01,2011,1
경북,경주시,2018,신경주역,경부고속,9.328821514636914,2010-11-01,2011,1
경북,경주시,2019,신경주역,경부고속,9.328821514636914,2010-11-01,2011,1
경북,경주시,2020,신경주역,경부고속,9.328821514636914,2010-11-01,2011,1
경북,경주시,2021,신경주역,경부고속,9.328821514636914,2010-11-01,2011,1
경북,경주시,2022,신경주역,경부고속,9.328821514636914,2010-11-01,2011,1
경북,경주시,2023,신경주역,경부고속,9.328821514636914,2010-11-01,2011,1
경북,경주시,2024,신경주역,경부고속,9.328821514636914,2010-11-01,2011,1
경북,경주시,2025,신경주역,경부고속,9.328821514636914,2010-11-01,2011,1
경북,고령군,2007,동대구역,경부고속,32.87539608594167,2004-04-01,2004,1
경북,고령군,2008,동대구역,경부고속,32.87539608594167,2004-04-01,2004,1
경북,고령군,2009,동대구역,경부고속,32.87539608594167,2004-04-01,2004,1
경북,고령군,2010,동대구역,경부고속,32.87539608594167,2004-04-01,2004,1
경북,고령군,2011,동대구역,경부고속,32.87539608594167,2004-04-01,2004,1
경북,고령군,2012,동대구역,경부고속,32.87539608594167,2004-04-01,2004,1
경북,고령군,2013,동대구역,경부고속,32.87539608594167,2004-04-01,2004,1
경북,고령군,2014,동대구역,경부고속,32.87539608594167,2004-04-01,2004,1
경북,고령군,2015,동대구역,경부고속,32.87539608594167,2004-04-01,2004,1
경북,고령군,2016,동대구역,경부고속,32.87539608594167,2004-04-01,2004,1
경북,고령군,2017,동대구역,경부고속,32.87539608594167,2004-04-01,2004,1
경북,고령군,2018,동대구역,경부고속,32.87539608594167,2004-04-01,2004,1
경북,고령군,2019,동대구역,경부고속,32.87539608594167,2004-04-01,2004,1
경북,고령군,2020,동대구역,경부고속,32.87539608594167,2004-04-01,2004,1
경북,고령군,2021,동대구역,경부고속,32.87539608594167,2004-04-01,2004,1
경북,고령군,2022,동대구역,경부고속,32.87539608594167,2004-04-01,2004,1
경북,고령군,2023,동대구역,경부고속,32.87539608594167,2004-04-01,2004,1
경북,고령군,2024,동대구역,경부고속,32.87539608594167,2004-04-01,2004,1
경북,고령군,2025,동대구역,경부고속,32.87539608594167,2004-04-01,2004,1
경북,구미시,2007,동대구역,경부고속,43.82677664389981,2004-04-01,2004,1
경북,구미시,2008,동대구역,경부고속,43.82677664389981,2004-04-01,2004,1
경북,구미시,2009,동대구역,경부고속,43.82677664389981,2004-04-01,2004,1
경북,구미시,2010,동대구역,경부고속,43.82677664389981,2004-04-01,2004,1
경북,구미시,2011,동대구역,경부고속,43.82677664389981,2004-04-01,2004,1
경북,구미시,2012,동대구역,경부고속,43.82677664389981,2004-04-01,2004,1
경북,구미시,2013,동대구역,경부고속,43.82677664389981,2004-04-01,2004,1
경북,구미시,2014,동대구역,경부고속,43.82677664389981,2004-04-01,2004,1
경북,구미시,2015,동대구역,경부고속,43.82677664389981,2004-04-01,2004,1
경북,구미시,2016,동대구역,경부고속,43.82677664389981,2004-04-01,2004,1
경북,구미시,2017,동대구역,경부고속,43.82677664389981,2004-04-01,2004,1
경북,구미시,2018,동대구역,경부고속,43.82677664389981,2004-04-01,2004,1
경북,구미시,2019,동대구역,경부고속,43.82677664389981,2004-04-01,2004,1
경북,구미시,2020,동대구역,경부고속,43.82677664389981,2004-04-01,2004,1
경북,구미시,2021,동대구역,경부고속,43.82677664389981,2004-04-01,2004,1
경북,구미시,2022,동대구역,경부고속,43.82677664389981,2004-04-01,2004,1
경북,구미시,2023,동대구역,경부고속,43.82677664389981,2004-04-01,2004,1
경북,구미시,2024,동대구역,경부고속,43.82677664389981,2004-04-01,2004,1
경북,구미시,2025,동대구역,경부고속,43.82677664389981,2004-04-01,2004,1
경북,군위군,2007,동대구역,경부고속,32.35238406218261,2004-04-01,2004,1
경북,군위군,2008,동대구역,경부고속,32.35238406218261,2004-04-01,2004,1
경북,군위군,2009,동대구역,경부고속,32.35238406218261,2004-04-01,2004,1
경북,군위군,2010,동대구역,경부고속,32.35238406218261,2004-04-01,2004,1
경북,군위군,2011,동대구역,경부고속,32.35238406218261,2004-04-01,2004,1
경북,군위군,2012,동대구역,경부고속,32.35238406218261,2004-04-01,2004,1
경북,군위군,2013,동대구역,경부고속,32.35238406218261,2004-04-01,2004,1
경북,군위군,2014,동대구역,경부고속,32.35238406218261,2004-04-01,2004,1
경북,군위군,2015,동대구역,경부고속,32.35238406218261,2004-04-01,2004,1
경북,군위군,2016,동대구역,경부고속,32.35238406218261,2004-04-01,2004,1
경북,군위군,2017,동대구역,경부고속,32.35238406218261,2004-04-01,2004,1
경북,군위군,2018,동대구역,경부고속,32.35238406218261,2004-04-01,2004,1
경북,군위군,2019,동대구역,경부고속,32.35238406218261,2004-04-01,2004,1
경북,군위군,2020,동대구역,경부고속,32.35238406218261,2004-04-01,2004,1
경북,군위군,2021,동대구역,경부고속,32.35238406218261,2004-04-01,2004,1
경북,군위군,2022,동대구역,경부고속,32.35238406218261,2004-04-01,2004,1
경북,군위군,2023,동대구역,경부고속,32.35238406218261,2004-04-01,2004,1
경북,군위군,2024,동대구역,경부고속,32.35238406218261,2004-04-01,2004,1
경북,군위군,2025,동대구역,경부고속,32.35238406218261,2004-04-01,2004,1
경북,김천시,2007,김천(구미)역,경부고속,11.007743749841092,2010-11-01,2011,0
경북,김천시,2008,김천(구미)역,경부고속,11.007743749841092,2010-11-01,2011,0
경북,김천시,2009,김천(구미)역,경부고속,11.007743749841092,2010-11-01,2011,0
경북,김천시,2010,김천(구미)역,경부고속,11.007743749841092,2010-11-01,2011,0
경북,김천시,2011,김천(구미)역,경부고속,11.007743749841092,2010-11-01,2011,1
경북,김천시,2012,김천(구미)역,경부고속,11.007743749841092,2010-11-01,2011,1
경북,김천시,2013,김천(구미)역,경부고속,11.007743749841092,2010-11-01,2011,1
경북,김천시,2014,김천(구미)역,경부고속,11.007743749841092,2010-11-01,2011,1
경북,김천시,2015,김천(구미)역,경부고속,11.007743749841092,2010-11-01,2011,1
경북,김천시,2016,김천(구미)역,경부고속,11.007743749841092,2010-11-01,2011,1
경북,김천시,2017,김천(구미)역,경부고속,11.007743749841092,2010-11-01,2011,1
경북,김천시,2018,김천(구미)역,경부고속,11.007743749841092,2010-11-01,2011,1
경북,김천시,2019,김천(구미)역,경부고속,11.007743749841092,2010-11-01,2011,1
경북,김천시,2020,김천(구미)역,경부고속,11.007743749841092,2010-11-01,2011,1
경북,김천시,2021,김천(구미)역,경부고속,11.007743749841092,2010-11-01,2011,1
경북,김천시,2022,김천(구미)역,경부고속,11.007743749841092,2010-11-01,2011,1
경북,김천시,2023,김천(구미)역,경부고속,11.007743749841092,2010-11-01,2011,1
경북,김천시,2024,김천(구미)역,경부고속,11.007743749841092,2010-11-01,2011,1
경북,김천시,2025,김천(구미)역,경부고속,11.007743749841092,2010-11-01,2011,1
경북,문경시,2007,단양역,중앙선(도담-경주),35.837053579347,2021-01-05,2021,0
경북,문경시,2008,단양역,중앙선(도담-경주),35.837053579347,2021-01-05,2021,0
경북,문경시,2009,단양역,중앙선(도담-경주),35.837053579347,2021-01-05,2021,0
경북,문경시,2010,단양역,중앙선(도담-경주),35.837053579347,2021-01-05,2021,0
경북,문경시,2011,단양역,중앙선(도담-경주),35.837053579347,2021-01-05,2021,0
경북,문경시,2012,단양역,중앙선(도담-경주),35.837053579347,2021-01-05,2021,0
경북,문경시,2013,단양역,중앙선(도담-경주),35.837053579347,2021-01-05,2021,0
경북,문경시,2014,단양역,중앙선(도담-경주),35.837053579347,2021-01-05,2021,0
경북,문경시,2015,단양역,중앙선(도담-경주),35.837053579347,2021-01-05,2021,0
경북,문경시,2016,단양역,중앙선(도담-경주),35.837053579347,2021-01-05,2021,0
경북,문경시,2017,단양역,중앙선(도담-경주),35.837053579347,2021-01-05,2021,0
경북,문경시,2018,단양역,중앙선(도담-경주),35.837053579347,2021-01-05,2021,0
경북,문경시,2019,단양역,중앙선(도담-경주),35.837053579347,2021-01-05,2021,0
경북,문경시,2020,단양역,중앙선(도담-경주),35.837053579347,2021-01-05,2021,0
경북,문경시,2021,단양역,중앙선(도담-경주),35.837053579347,2021-01-05,2021,1
경북,문경시,2022,단양역,중앙선(도담-경주),35.837053579347,2021-01-05,2021,1
경북,문경시,2023,단양역,중앙선(도담-경주),35.837053579347,2021-01-05,2021,1
경북,문경시,2024,단양역,중앙선(도담-경주),35.837053579347,2021-01-05,2021,1
경북,문경시,2025,단양역,중앙선(도담-경주),35.837053579347,2021-01-05,2021,1
경북,봉화군,2007,영주역,중앙선(도담-경주),30.597388333062533,2021-01-05,2021,0
경북,봉화군,2008,영주역,중앙선(도담-경주),30.597388333062533,2021-01-05,2021,0
경북,봉화군,2009,영주역,중앙선(도담-경주),30.597388333062533,2021-01-05,2021,0
경북,봉화군,2010,영주역,중앙선(도담-경주),30.597388333062533,2021-01-05,2021,0
경북,봉화군,2011,영주역,중앙선(도담-경주),30.597388333062533,2021-01-05,2021,0
경북,봉화군,2012,영주역,중앙선(도담-경주),30.597388333062533,2021-01-05,2021,0
경북,봉화군,2013,영주역,중앙선(도담-경주),30.597388333062533,2021-01-05,2021,0
경북,봉화군,2014,영주역,중앙선(도담-경주),30.597388333062533,2021-01-05,2021,0
경북,봉화군,2015,영주역,중앙선(도담-경주),30.597388333062533,2021-01-05,2021,0
경북,봉화군,2016,영주역,중앙선(도담-경주),30.597388333062533,2021-01-05,2021,0
경북,봉화군,2017,영주역,중앙선(도담-경주),30.597388333062533,2021-01-05,2021,0
경북,봉화군,2018,영주역,중앙선(도담-경주),30.597388333062533,2021-01-05,2021,0
경북,봉화군,2019,영주역,중앙선(도담-경주),30.597388333062533,2021-01-05,2021,0
경북,봉화군,2020,영주역,중앙선(도담-경주),30.597388333062533,2021-01-05,2021,0
경북,봉화군,2021,영주역,중앙선(도담-경주),30.597388333062533,2021-01-05,2021,1
경북,봉화군,2022,영주역,중앙선(도담-경주),30.597388333062533,2021-01-05,2021,1
경북,봉화군,2023,영주역,중앙선(도담-경주),30.597388333062533,2021-01-05,2021,1
경북,봉화군,2024,영주역,중앙선(도담-경주),30.597388333062533,2021-01-05,2021,1
경북,봉화군,2025,영주역,중앙선(도담-경주),30.597388333062533,2021-01-05,2021,1
경북,상주시,2007,김천(구미)역,경부고속,36.51864853147695,2010-11-01,2011,0
경북,상주시,2008,김천(구미)역,경부고속,36.51864853147695,2010-11-01,2011,0
경북,상주시,2009,김천(구미)역,경부고속,36.51864853147695,2010-11-01,2011,0
경북,상주시,2010,김천(구미)역,경부고속,36.51864853147695,2010-11-01,2011,0
경북,상주시,2011,김천(구미)역,경부고속,36.51864853147695,2010-11-01,2011,1
경북,상주시,2012,김천(구미)역,경부고속,36.51864853147695,2010-11-01,2011,1
경북,상주시,2013,김천(구미)역,경부고속,36.51864853147695,2010-11-01,2011,1
경북,상주시,2014,김천(구미)역,경부고속,36.51864853147695,2010-11-01,2011,1
경북,상주시,2015,김천(구미)역,경부고속,36.51864853147695,2010-11-01,2011,1
경북,상주시,2016,김천(구미)역,경부고속,36.51864853147695,2010-11-01,2011,1
경북,상주시,2017,김천(구미)역,경부고속,36.51864853147695,2010-11-01,2011,1
경북,상주시,2018,김천(구미)역,경부고속,36.51864853147695,2010-11-01,2011,1
경북,상주시,2019,김천(구미)역,경부고속,36.51864853147695,2010-11-01,2011,1
경북,상주시,2020,김천(구미)역,경부고속,36.51864853147695,2010-11-01,2011,1
경북,상주시,2021,김천(구미)역,경부고속,36.51864853147695,2010-11-01,2011,1
경북,상주시,2022,김천(구미)역,경부고속,36.51864853147695,2010-11-01,2011,1
경북,상주시,2023,김천(구미)역,경부고속,36.51864853147695,2010-11-01,2011,1
경북,상주시,2024,김천(구미)역,경부고속,36.51864853147695,2010-11-01,2011,1
경북,상주시,2025,김천(구미)역,경부고속,36.51864853147695,2010-11-01,2011,1
경북,성주군,2007,동대구역,경부고속,35.59312415584482,2004-04-01,2004,1
경북,성주군,2008,동대구역,경부고속,35.59312415584482,2004-04-01,2004,1
경북,성주군,2009,동대구역,경부고속,35.59312415584482,2004-04-01,2004,1
경북,성주군,2010,동대구역,경부고속,35.59312415584482,2004-04-01,2004,1
경북,성주군,2011,동대구역,경부고속,35.59312415584482,2004-04-01,2004,1
경북,성주군,2012,동대구역,경부고속,35.59312415584482,2004-04-01,2004,1
경북,성주군,2013,동대구역,경부고속,35.59312415584482,2004-04-01,2004,1
경북,성주군,2014,동대구역,경부고속,35.59312415584482,2004-04-01,2004,1
경북,성주군,2015,동대구역,경부고속,35.59312415584482,2004-04-01,2004,1
경북,성주군,2016,동대구역,경부고속,35.59312415584482,2004-04-01,2004,1
경북,성주군,2017,동대구역,경부고속,35.59312415584482,2004-04-01,2004,1
경북,성주군,2018,동대구역,경부고속,35.59312415584482,2004-04-01,2004,1
경북,성주군,2019,동대구역,경부고속,35.59312415584482,2004-04-01,2004,1
경북,성주군,2020,동대구역,경부고속,35.59312415584482,2004-04-01,2004,1
경북,성주군,2021,동대구역,경부고속,35.59312415584482,2004-04-01,2004,1
경북,성주군,2022,동대구역,경부고속,35.59312415584482,2004-04-01,2004,1
경북,성주군,2023,동대구역,경부고속,35.59312415584482,2004-04-01,2004,1
경북,성주군,2024,동대구역,경부고속,35.59312415584482,2004-04-01,2004,1
경북,성주군,2025,동대구역,경부고속,35.59312415584482,2004-04-01,2004,1
경북,안동시,2007,안동역,중앙선(도담-경주),4.828065378226437,2021-01-05,2021,0
경북,안동시,2008,안동역,중앙선(도담-경주),4.828065378226437,2021-01-05,2021,0
경북,안동시,2009,안동역,중앙선(도담-경주),4.828065378226437,2021-01-05,2021,0
경북,안동시,2010,안동역,중앙선(도담-경주),4.828065378226437,2021-01-05,2021,0
경북,안동시,2011,안동역,중앙선(도담-경주),4.828065378226437,2021-01-05,2021,0
경북,안동시,2012,안동역,중앙선(도담-경주),4.828065378226437,2021-01-05,2021,0
경북,안동시,2013,안동역,중앙선(도담-경주),4.828065378226437,2021-01-05,2021,0
경북,안동시,2014,안동역,중앙선(도담-경주),4.828065378226437,2021-01-05,2021,0
경북,안동시,2015,안동역,중앙선(도담-경주),4.828065378226437,2021-01-05,2021,0
경북,안동시,2016,안동역,중앙선(도담-경주),4.828065378226437,2021-01-05,2021,0
경북,안동시,2017,안동역,중앙선(도담-경주),4.828065378226437,2021-01-05,2021,0
경북,안동시,2018,안동역,중앙선(도담-경주),4.828065378226437,2021-01-05,2021,0
경북,안동시,2019,안동역,중앙선(도담-경주),4.828065378226437,2021-01-05,2021,0
경북,안동시,2020,안동역,중앙선(도담-경주),4.828065378226437,2021-01-05,2021,0
경북,안동시,2021,안동역,중앙선(도담-경주),4.828065378226437,2021-01-05,2021,1
경북,안동시,2022,안동역,중앙선(도담-경주),4.828065378226437,2021-01-05,2021,1
경북,안동시,2023,안동역,중앙선(도담-경주),4.828065378226437,2021-01-05,2021,1
경북,안동시,2024,안동역,중앙선(도담-경주),4.828065378226437,2021-01-05,2021,1
경북,안동시,2025,안동역,중앙선(도담-경주),4.828065378226437,2021-01-05,2021,1
경북,영덕군,2007,포항역,동해선,49.651579467471464,2015-04-02,2015,0
경북,영덕군,2008,포항역,동해선,49.651579467471464,2015-04-02,2015,0
경북,영덕군,2009,포항역,동해선,49.651579467471464,2015-04-02,2015,0
경북,영덕군,2010,포항역,동해선,49.651579467471464,2015-04-02,2015,0
경북,영덕군,2011,포항역,동해선,49.651579467471464,2015-04-02,2015,0
경북,영덕군,2012,포항역,동해선,49.651579467471464,2015-04-02,2015,0
경북,영덕군,2013,포항역,동해선,49.651579467471464,2015-04-02,2015,0
경북,영덕군,2014,포항역,동해선,49.651579467471464,2015-04-02,2015,0
경북,영덕군,2015,포항역,동해선,49.651579467471464,2015-04-02,2015,1
경북,영덕군,2016,포항역,동해선,49.651579467471464,2015-04-02,2015,1
경북,영덕군,2017,포항역,동해선,49.651579467471464,2015-04-02,2015,1
경북,영덕군,2018,포항역,동해선,49.651579467471464,2015-04-02,2015,1
경북,영덕군,2019,포항역,동해선,49.651579467471464,2015-04-02,2015,1
경북,영덕군,2020,포항역,동해선,49.651579467471464,2015-04-02,2015,1
경북,영덕군,2021,포항역,동해선,49.651579467471464,2015-04-02,2015,1
경북,영덕군,2022,포항역,동해선,49.651579467471464,2015-04-02,2015,1
경북,영덕군,2023,포항역,동해선,49.651579467471464,2015-04-02,2015,1
경북,영덕군,2024,포항역,동해선,49.651579467471464,2015-04-02,2015,1
경북,영덕군,2025,포항역,동해선,49.651579467471464,2015-04-02,2015,1
경북,영양군,2007,안동역,중앙선(도담-경주),39.91013322778219,2021-01-05,2021,0
경북,영양군,2008,안동역,중앙선(도담-경주),39.91013322778219,2021-01-05,2021,0
경북,영양군,2009,안동역,중앙선(도담-경주),39.91013322778219,2021-01-05,2021,0
경북,영양군,2010,안동역,중앙선(도담-경주),39.91013322778219,2021-01-05,2021,0
경북,영양군,2011,안동역,중앙선(도담-경주),39.91013322778219,2021-01-05,2021,0
경북,영양군,2012,안동역,중앙선(도담-경주),39.91013322778219,2021-01-05,2021,0
경북,영양군,2013,안동역,중앙선(도담-경주),39.91013322778219,2021-01-05,2021,0
경북,영양군,2014,안동역,중앙선(도담-경주),39.91013322778219,2021-01-05,2021,0
경북,영양군,2015,안동역,중앙선(도담-경주),39.91013322778219,2021-01-05,2021,0
경북,영양군,2016,안동역,중앙선(도담-경주),39.91013322778219,2021-01-05,2021,0
경북,영양군,2017,안동역,중앙선(도담-경주),39.91013322778219,2021-01-05,2021,0
경북,영양군,2018,안동역,중앙선(도담-경주),39.91013322778219,2021-01-05,2021,0
경북,영양군,2019,안동역,중앙선(도담-경주),39.91013322778219,2021-01-05,2021,0
경북,영양군,2020,안동역,중앙선(도담-경주),39.91013322778219,2021-01-05,2021,0
경북,영양군,2021,안동역,중앙선(도담-경주),39.91013322778219,2021-01-05,2021,1
경북,영양군,2022,안동역,중앙선(도담-경주),39.91013322778219,2021-01-05,2021,1
경북,영양군,2023,안동역,중앙선(도담-경주),39.91013322778219,2021-01-05,2021,1
경북,영양군,2024,안동역,중앙선(도담-경주),39.91013322778219,2021-01-05,2021,1
경북,영양군,2025,안동역,중앙선(도담-경주),39.91013322778219,2021-01-05,2021,1
경북,영주시,2007,풍기역,중앙선(도담-경주),6.715503027105672,2021-01-05,2021,0
경북,영주시,2008,풍기역,중앙선(도담-경주),6.715503027105672,2021-01-05,2021,0
경북,영주시,2009,풍기역,중앙선(도담-경주),6.715503027105672,2021-01-05,2021,0
경북,영주시,2010,풍기역,중앙선(도담-경주),6.715503027105672,2021-01-05,2021,0
경북,영주시,2011,풍기역,중앙선(도담-경주),6.715503027105672,2021-01-05,2021,0
경북,영주시,2012,풍기역,중앙선(도담-경주),6.715503027105672,2021-01-05,2021,0
경북,영주시,2013,풍기역,중앙선(도담-경주),6.715503027105672,2021-01-05,2021,0
경북,영주시,2014,풍기역,중앙선(도담-경주),6.715503027105672,2021-01-05,2021,0
경북,영주시,2015,풍기역,중앙선(도담-경주),6.715503027105672,2021-01-05,2021,0
경북,영주시,2016,풍기역,중앙선(도담-경주),6.715503027105672,2021-01-05,2021,0
경북,영주시,2017,풍기역,중앙선(도담-경주),6.715503027105672,2021-01-05,2021,0
경북,영주시,2018,풍기역,중앙선(도담-경주),6.715503027105672,2021-01-05,2021,0
경북,영주시,2019,풍기역,중앙선(도담-경주),6.715503027105672,2021-01-05,2021,0
경북,영주시,2020,풍기역,중앙선(도담-경주),6.715503027105672,2021-01-05,2021,0
경북,영주시,2021,풍기역,중앙선(도담-경주),6.715503027105672,2021-01-05,2021,1
경북,영주시,2022,풍기역,중앙선(도담-경주),6.715503027105672,2021-01-05,2021,1
경북,영주시,2023,풍기역,중앙선(도담-경주),6.715503027105672,2021-01-05,2021,1
경북,영주시,2024,풍기역,중앙선(도담-경주),6.715503027105672,2021-01-05,2021,1
경북,영주시,2025,풍기역,중앙선(도담-경주),6.715503027105672,2021-01-05,2021,1
경북,영천시,2007,동대구역,경부고속,32.3226188091962,2004-04-01,2004,1
경북,영천시,2008,동대구역,경부고속,32.3226188091962,2004-04-01,2004,1
경북,영천시,2009,동대구역,경부고속,32.3226188091962,2004-04-01,2004,1
경북,영천시,2010,동대구역,경부고속,32.3226188091962,2004-04-01,2004,1
경북,영천시,2011,동대구역,경부고속,32.3226188091962,2004-04-01,2004,1
경북,영천시,2012,동대구역,경부고속,32.3226188091962,2004-04-01,2004,1
경북,영천시,2013,동대구역,경부고속,32.3226188091962,2004-04-01,2004,1
경북,영천시,2014,동대구역,경부고속,32.3226188091962,2004-04-01,2004,1
경북,영천시,2015,동대구역,경부고속,32.3226188091962,2004-04-01,2004,1
경북,영천시,2016,동대구역,경부고속,32.3226188091962,2004-04-01,2004,1
경북,영천시,2017,동대구역,경부고속,32.3226188091962,2004-04-01,2004,1
경북,영천시,2018,동대구역,경부고속,32.3226188091962,2004-04-01,2004,1
경북,영천시,2019,동대구역,경부고속,32.3226188091962,2004-04-01,2004,1
경북,영천시,2020,동대구역,경부고속,32.3226188091962,2004-04-01,2004,1
경북,영천시,2021,동대구역,경부고속,32.3226188091962,2004-04-01,2004,1
경북,영천시,2022,동대구역,경부고속,32.3226188091962,2004-04-01,2004,1
경북,영천시,2023,동대구역,경부고속,32.3226188091962,2004-04-01,2004,1
경북,영천시,2024,동대구역,경부고속,32.3226188091962,2004-04-01,2004,1
경북,영천시,2025,동대구역,경부고속,32.3226188091962,2004-04-01,2004,1
경북,예천군,2007,영주역,중앙선(도담-경주),23.17702534576812,2021-01-05,2021,0
경북,예천군,2008,영주역,중앙선(도담-경주),23.17702534576812,2021-01-05,2021,0
경북,예천군,2009,영주역,중앙선(도담-경주),23.17702534576812,2021-01-05,2021,0
경북,예천군,2010,영주역,중앙선(도담-경주),23.17702534576812,2021-01-05,2021,0
경북,예천군,2011,영주역,중앙선(도담-경주),23.17702534576812,2021-01-05,2021,0
경북,예천군,2012,영주역,중앙선(도담-경주),23.17702534576812,2021-01-05,2021,0
경북,예천군,2013,영주역,중앙선(도담-경주),23.17702534576812,2021-01-05,2021,0
경북,예천군,2014,영주역,중앙선(도담-경주),23.17702534576812,2021-01-05,2021,0
경북,예천군,2015,영주역,중앙선(도담-경주),23.17702534576812,2021-01-05,2021,0
경북,예천군,2016,영주역,중앙선(도담-경주),23.17702534576812,2021-01-05,2021,0
경북,예천군,2017,영주역,중앙선(도담-경주),23.17702534576812,2021-01-05,2021,0
경북,예천군,2018,영주역,중앙선(도담-경주),23.17702534576812,2021-01-05,2021,0
경북,예천군,2019,영주역,중앙선(도담-경주),23.17702534576812,2021-01-05,2021,0
경북,예천군,2020,영주역,중앙선(도담-경주),23.17702534576812,2021-01-05,2021,0
경북,예천군,2021,영주역,중앙선(도담-경주),23.17702534576812,2021-01-05,2021,1
경북,예천군,2022,영주역,중앙선(도담-경주),23.17702534576812,2021-01-05,2021,1
경북,예천군,2023,영주역,중앙선(도담-경주),23.17702534576812,2021-01-05,2021,1
경북,예천군,2024,영주역,중앙선(도담-경주),23.17702534576812,2021-01-05,2021,1
경북,예천군,2025,영주역,중앙선(도담-경주),23.17702534576812,2021-01-05,2021,1
경북,울릉군,2007,,,,,,0
경북,울릉군,2008,,,,,,0
경북,울릉군,2009,,,,,,0
경북,울릉군,2010,,,,,,0
경북,울릉군,2011,,,,,,0
경북,울릉군,2012,,,,,,0
경북,울릉군,2013,,,,,,0
경북,울릉군,2014,,,,,,0
경북,울릉군,2015,,,,,,0
경북,울릉군,2016,,,,,,0
경북,울릉군,2017,,,,,,0
경북,울릉군,2018,,,,,,0
경북,울릉군,2019,,,,,,0
경북,울릉군,2020,,,,,,0
경북,울릉군,2021,,,,,,0
경북,울릉군,2022,,,,,,0
경북,울릉군,2023,,,,,,0
경북,울릉군,2024,,,,,,0
경북,울릉군,2025,,,,,,0
경북,울진군,2007,,,,,,0
경북,울진군,2008,,,,,,0
경북,울진군,2009,,,,,,0
경북,울진군,2010,,,,,,0
경북,울진군,2011,,,,,,0
경북,울진군,2012,,,,,,0
경북,울진군,2013,,,,,,0
경북,울진군,2014,,,,,,0
경북,울진군,2015,,,,,,0
경북,울진군,2016,,,,,,0
경북,울진군,2017,,,,,,0
경북,울진군,2018,,,,,,0
경북,울진군,2019,,,,,,0
경북,울진군,2020,,,,,,0
경북,울진군,2021,,,,,,0
경북,울진군,2022,,,,,,0
경북,울진군,2023,,,,,,0
경북,울진군,2024,,,,,,0
경북,울진군,2025,,,,,,0
경북,의성군,2007,김천(구미)역,경부고속,47.76589386224879,2010-11-01,2011,0
경북,의성군,2008,김천(구미)역,경부고속,47.76589386224879,2010-11-01,2011,0
경북,의성군,2009,김천(구미)역,경부고속,47.76589386224879,2010-11-01,2011,0
경북,의성군,2010,김천(구미)역,경부고속,47.76589386224879,2010-11-01,2011,0
경북,의성군,2011,김천(구미)역,경부고속,47.76589386224879,2010-11-01,2011,1
경북,의성군,2012,김천(구미)역,경부고속,47.76589386224879,2010-11-01,2011,1
경북,의성군,2013,김천(구미)역,경부고속,47.76589386224879,2010-11-01,2011,1
경북,의성군,2014,김천(구미)역,경부고속,47.76589386224879,2010-11-01,2011,1
경북,의성군,2015,김천(구미)역,경부고속,47.76589386224879,2010-11-01,2011,1
경북,의성군,2016,김천(구미)역,경부고속,47.76589386224879,2010-11-01,2011,1
경북,의성군,2017,김천(구미)역,경부고속,47.76589386224879,2010-11-01,2011,1
경북,의성군,2018,김천(구미)역,경부고속,47.76589386224879,2010-11-01,2011,1
경북,의성군,2019,김천(구미)역,경부고속,47.76589386224879,2010-11-01,2011,1
경북,의성군,2020,김천(구미)역,경부고속,47.76589386224879,2010-11-01,2011,1
경북,의성군,2021,김천(구미)역,경부고속,47.76589386224879,2010-11-01,2011,1
경북,의성군,2022,김천(구미)역,경부고속,47.76589386224879,2010-11-01,2011,1
경북,의성군,2023,김천(구미)역,경부고속,47.76589386224879,2010-11-01,2011,1
경북,의성군,2024,김천(구미)역,경부고속,47.76589386224879,2010-11-01,2011,1
경북,의성군,2025,김천(구미)역,경부고속,47.76589386224879,2010-11-01,2011,1
경북,청도군,2007,밀양역,경부선,22.047109520705032,2004-04-01,2004,1
경북,청도군,2008,밀양역,경부선,22.047109520705032,2004-04-01,2004,1
경북,청도군,2009,밀양역,경부선,22.047109520705032,2004-04-01,2004,1
경북,청도군,2010,밀양역,경부선,22.047109520705032,2004-04-01,2004,1
경북,청도군,2011,밀양역,경부선,22.047109520705032,2004-04-01,2004,1
경북,청도군,2012,밀양역,경부선,22.047109520705032,2004-04-01,2004,1
경북,청도군,2013,밀양역,경부선,22.047109520705032,2004-04-01,2004,1
경북,청도군,2014,밀양역,경부선,22.047109520705032,2004-04-01,2004,1
경북,청도군,2015,밀양역,경부선,22.047109520705032,2004-04-01,2004,1
경북,청도군,2016,밀양역,경부선,22.047109520705032,2004-04-01,2004,1
경북,청도군,2017,밀양역,경부선,22.047109520705032,2004-04-01,2004,1
경북,청도군,2018,밀양역,경부선,22.047109520705032,2004-04-01,2004,1
경북,청도군,2019,밀양역,경부선,22.047109520705032,2004-04-01,2004,1
경북,청도군,2020,밀양역,경부선,22.047109520705032,2004-04-01,2004,1
경북,청도군,2021,밀양역,경부선,22.047109520705032,2004-04-01,2004,1
경북,청도군,2022,밀양역,경부선,22.047109520705032,2004-04-01,2004,1
경북,청도군,2023,밀양역,경부선,22.047109520705032,2004-04-01,2004,1
경북,청도군,2024,밀양역,경부선,22.047109520705032,2004-04-01,2004,1
경북,청도군,2025,밀양역,경부선,22.047109520705032,2004-04-01,2004,1
경북,청송군,2007,포항역,동해선,44.78768240566428,2015-04-02,2015,0
경북,청송군,2008,포항역,동해선,44.78768240566428,2015-04-02,2015,0
경북,청송군,2009,포항역,동해선,44.78768240566428,2015-04-02,2015,0
경북,청송군,2010,포항역,동해선,44.78768240566428,2015-04-02,2015,0
경북,청송군,2011,포항역,동해선,44.78768240566428,2015-04-02,2015,0
경북,청송군,2012,포항역,동해선,44.78768240566428,2015-04-02,2015,0
경북,청송군,2013,포항역,동해선,44.78768240566428,2015-04-02,2015,0
경북,청송군,2014,포항역,동해선,44.78768240566428,2015-04-02,2015,0
경북,청송군,2015,포항역,동해선,44.78768240566428,2015-04-02,2015,1
경북,청송군,2016,포항역,동해선,44.78768240566428,2015-04-02,2015,1
경북,청송군,2017,포항역,동해선,44.78768240566428,2015-04-02,2015,1
경북,청송군,2018,포항역,동해선,44.78768240566428,2015-04-02,2015,1
경북,청송군,2019,포항역,동해선,44.78768240566428,2015-04-02,2015,1
경북,청송군,2020,포항역,동해선,44.78768240566428,2015-04-02,2015,1
경북,청송군,2021,포항역,동해선,44.78768240566428,2015-04-02,2015,1
경북,청송군,2022,포항역,동해선,44.78768240566428,2015-04-02,2015,1
경북,청송군,2023,포항역,동해선,44.78768240566428,2015-04-02,2015,1
경북,청송군,2024,포항역,동해선,44.78768240566428,2015-04-02,2015,1
경북,청송군,2025,포항역,동해선,44.78768240566428,2015-04-02,2015,1
경북,칠곡군,2007,동대구역,경부고속,21.14733088959426,2004-04-01,2004,1
경북,칠곡군,2008,동대구역,경부고속,21.14733088959426,2004-04-01,2004,1
경북,칠곡군,2009,동대구역,경부고속,21.14733088959426,2004-04-01,2004,1
경북,칠곡군,2010,동대구역,경부고속,21.14733088959426,2004-04-01,2004,1
경북,칠곡군,2011,동대구역,경부고속,21.14733088959426,2004-04-01,2004,1
경북,칠곡군,2012,동대구역,경부고속,21.14733088959426,2004-04-01,2004,1
경북,칠곡군,2013,동대구역,경부고속,21.14733088959426,2004-04-01,2004,1
경북,칠곡군,2014,동대구역,경부고속,21.14733088959426,2004-04-01,2004,1
경북,칠곡군,2015,동대구역,경부고속,21.14733088959426,2004-04-01,2004,1
경북,칠곡군,2016,동대구역,경부고속,21.14733088959426,2004-04-01,2004,1
경북,칠곡군,2017,동대구역,경부고속,21.14733088959426,2004-04-01,2004,1
경북,칠곡군,2018,동대구역,경부고속,21.14733088959426,2004-04-01,2004,1
경북,칠곡군,2019,동대구역,경부고속,21.14733088959426,2004-04-01,2004,1
경북,칠곡군,2020,동대구역,경부고속,21.14733088959426,2004-04-01,2004,1
경북,칠곡군,2021,동대구역,경부고속,21.14733088959426,2004-04-01,2004,1
경북,칠곡군,2022,동대구역,경부고속,21.14733088959426,2004-04-01,2004,1
경북,칠곡군,2023,동대구역,경부고속,21.14733088959426,2004-04-01,2004,1
경북,칠곡군,2024,동대구역,경부고속,21.14733088959426,2004-04-01,2004,1
경북,칠곡군,2025,동대구역,경부고속,21.14733088959426,2004-04-01,2004,1
경북,포항시 남구,2007,신경주역,경부고속,32.32062992183219,2010-11-01,2011,0
경북,포항시 남구,2008,신경주역,경부고속,32.32062992183219,2010-11-01,2011,0
경북,포항시 남구,2009,신경주역,경부고속,32.32062992183219,2010-11-01,2011,0
경북,포항시 남구,2010,신경주역,경부고속,32.32062992183219,2010-11-01,2011,0
경북,포항시 남구,2011,신경주역,경부고속,32.32062992183219,2010-11-01,2011,1
경북,포항시 남구,2012,신경주역,경부고속,32.32062992183219,2010-11-01,2011,1
경북,포항시 남구,2013,신경주역,경부고속,32.32062992183219,2010-11-01,2011,1
경북,포항시 남구,2014,신경주역,경부고속,32.32062992183219,2010-11-01,2011,1
경북,포항시 남구,2015,신경주역,경부고속,32.32062992183219,2010-11-01,2011,1
경북,포항시 남구,2016,신경주역,경부고속,32.32062992183219,2010-11-01,2011,1
경북,포항시 남구,2017,신경주역,경부고속,32.32062992183219,2010-11-01,2011,1
경북,포항시 남구,2018,신경주역,경부고속,32.32062992183219,2010-11-01,2011,1
경북,포항시 남구,2019,신경주역,경부고속,32.32062992183219,2010-11-01,2011,1
경북,포항시 남구,2020,신경주역,경부고속,32.32062992183219,2010-11-01,2011,1
경북,포항시 남구,2021,신경주역,경부고속,32.32062992183219,2010-11-01,2011,1
경북,포항시 남구,2022,신경주역,경부고속,32.32062992183219,2010-11-01,2011,1
경북,포항시 남구,2023,신경주역,경부고속,32.32062992183219,2010-11-01,2011,1
경북,포항시 남구,2024,신경주역,경부고속,32.32062992183219,2010-11-01,2011,1
경북,포항시 남구,2025,신경주역,경부고속,32.32062992183219,2010-11-01,2011,1
경북,포항시 북구,2007,신경주역,경부고속,41.58329237779151,2010-11-01,2011,0
경북,포항시 북구,2008,신경주역,경부고속,41.58329237779151,2010-11-01,2011,0
경북,포항시 북구,2009,신경주역,경부고속,41.58329237779151,2010-11-01,2011,0
경북,포항시 북구,2010,신경주역,경부고속,41.58329237779151,2010-11-01,2011,0
경북,포항시 북구,2011,신경주역,경부고속,41.58329237779151,2010-11-01,2011,1
경북,포항시 북구,2012,신경주역,경부고속,41.58329237779151,2010-11-01,2011,1
경북,포항시 북구,2013,신경주역,경부고속,41.58329237779151,2010-11-01,2011,1
경북,포항시 북구,2014,신경주역,경부고속,41.58329237779151,2010-11-01,2011,1
경북,포항시 북구,2015,신경주역,경부고속,41.58329237779151,2010-11-01,2011,1
경북,포항시 북구,2016,신경주역,경부고속,41.58329237779151,2010-11-01,2011,1
경북,포항시 북구,2017,신경주역,경부고속,41.58329237779151,2010-11-01,2011,1
경북,포항시 북구,2018,신경주역,경부고속,41.58329237779151,2010-11-01,2011,1
경북,포항시 북구,2019,신경주역,경부고속,41.58329237779151,2010-11-01,2011,1
경북,포항시 북구,2020,신경주역,경부고속,41.58329237779151,2010-11-01,2011,1
경북,포항시 북구,2021,신경주역,경부고속,41.58329237779151,2010-11-01,2011,1
경북,포항시 북구,2022,신경주역,경부고속,41.58329237779151,2010-11-01,2011,1
경북,포항시 북구,2023,신경주역,경부고속,41.58329237779151,2010-11-01,2011,1
경북,포항시 북구,2024,신경주역,경부고속,41.58329237779151,2010-11-01,2011,1
경북,포항시 북구,2025,신경주역,경부고속,41.58329237779151,2010-11-01,2011,1
광주,광산구,2007,광주송정역,호남고속,4.655820101030071,2015-04-02,2015,0
광주,광산구,2008,광주송정역,호남고속,4.655820101030071,2015-04-02,2015,0
광주,광산구,2009,광주송정역,호남고속,4.655820101030071,2015-04-02,2015,0
광주,광산구,2010,광주송정역,호남고속,4.655820101030071,2015-04-02,2015,0
광주,광산구,2011,광주송정역,호남고속,4.655820101030071,2015-04-02,2015,0
광주,광산구,2012,광주송정역,호남고속,4.655820101030071,2015-04-02,2015,0
광주,광산구,2013,광주송정역,호남고속,4.655820101030071,2015-04-02,2015,0
광주,광산구,2014,광주송정역,호남고속,4.655820101030071,2015-04-02,2015,0
광주,광산구,2015,광주송정역,호남고속,4.655820101030071,2015-04-02,2015,1
광주,광산구,2016,광주송정역,호남고속,4.655820101030071,2015-04-02,2015,1
광주,광산구,2017,광주송정역,호남고속,4.655820101030071,2015-04-02,2015,1
광주,광산구,2018,광주송정역,호남고속,4.655820101030071,2015-04-02,2015,1
광주,광산구,2019,광주송정역,호남고속,4.655820101030071,2015-04-02,2015,1
광주,광산구,2020,광주송정역,호남고속,4.655820101030071,2015-04-02,2015,1
광주,광산구,2021,광주송정역,호남고속,4.655820101030071,2015-04-02,2015,1
광주,광산구,2022,광주송정역,호남고속,4.655820101030071,2015-04-02,2015,1
광주,광산구,2023,광주송정역,호남고속,4.655820101030071,2015-04-02,2015,1
광주,광산구,2024,광주송정역,호남고속,4.655820101030071,2015-04-02,2015,1
광주,광산구,2025,광주송정역,호남고속,4.655820101030071,2015-04-02,2015,1
광주,남구,2007,곡성역,전라선,45.797849890104025,2011-10-05,2012,0
광주,남구,2008,곡성역,전라선,45.797849890104025,2011-10-05,2012,0
광주,남구,2009,곡성역,전라선,45.797849890104025,2011-10-05,2012,0
광주,남구,2010,곡성역,전라선,45.797849890104025,2011-10-05,2012,0
광주,남구,2011,곡성역,전라선,45.797849890104025,2011-10-05,2012,0
광주,남구,2012,곡성역,전라선,45.797849890104025,2011-10-05,2012,1
광주,남구,2013,곡성역,전라선,45.797849890104025,2011-10-05,2012,1
광주,남구,2014,곡성역,전라선,45.797849890104025,2011-10-05,2012,1
광주,남구,2015,곡성역,전라선,45.797849890104025,2011-10-05,2012,1
광주,남구,2016,곡성역,전라선,45.797849890104025,2011-10-05,2012,1
광주,남구,2017,곡성역,전라선,45.797849890104025,2011-10-05,2012,1
광주,남구,2018,곡성역,전라선,45.797849890104025,2011-10-05,2012,1
광주,남구,2019,곡성역,전라선,45.797849890104025,2011-10-05,2012,1
광주,남구,2020,곡성역,전라선,45.797849890104025,2011-10-05,2012,1
광주,남구,2021,곡성역,전라선,45.797849890104025,2011-10-05,2012,1
광주,남구,2022,곡성역,전라선,45.797849890104025,2011-10-05,2012,1
광주,남구,2023,곡성역,전라선,45.797849890104025,2011-10-05,2012,1
광주,남구,2024,곡성역,전라선,45.797849890104025,2011-10-05,2012,1
광주,남구,2025,곡성역,전라선,45.797849890104025,2011-10-05,2012,1
광주,동구,2007,곡성역,전라선,37.1426452736672,2011-10-05,2012,0
광주,동구,2008,곡성역,전라선,37.1426452736672,2011-10-05,2012,0
광주,동구,2009,곡성역,전라선,37.1426452736672,2011-10-05,2012,0
광주,동구,2010,곡성역,전라선,37.1426452736672,2011-10-05,2012,0
광주,동구,2011,곡성역,전라선,37.1426452736672,2011-10-05,2012,0
광주,동구,2012,곡성역,전라선,37.1426452736672,2011-10-05,2012,1
광주,동구,2013,곡성역,전라선,37.1426452736672,2011-10-05,2012,1
광주,동구,2014,곡성역,전라선,37.1426452736672,2011-10-05,2012,1
광주,동구,2015,곡성역,전라선,37.1426452736672,2011-10-05,2012,1
광주,동구,2016,곡성역,전라선,37.1426452736672,2011-10-05,2012,1
광주,동구,2017,곡성역,전라선,37.1426452736672,2011-10-05,2012,1
광주,동구,2018,곡성역,전라선,37.1426452736672,2011-10-05,2012,1
광주,동구,2019,곡성역,전라선,37.1426452736672,2011-10-05,2012,1
광주,동구,2020,곡성역,전라선,37.1426452736672,2011-10-05,2012,1
광주,동구,2021,곡성역,전라선,37.1426452736672,2011-10-05,2012,1
광주,동구,2022,곡성역,전라선,37.1426452736672,2011-10-05,2012,1
광주,동구,2023,곡성역,전라선,37.1426452736672,2011-10-05,2012,1
광주,동구,2024,곡성역,전라선,37.1426452736672,2011-10-05,2012,1
광주,동구,2025,곡성역,전라선,37.1426452736672,2011-10-05,2012,1
광주,북구,2007,곡성역,전라선,35.84594631911345,2011-10-05,2012,0
광주,북구,2008,곡성역,전라선,35.84594631911345,2011-10-05,2012,0
광주,북구,2009,곡성역,전라선,35.84594631911345,2011-10-05,2012,0
광주,북구,2010,곡성역,전라선,35.84594631911345,2011-10-05,2012,0
광주,북구,2011,곡성역,전라선,35.84594631911345,2011-10-05,2012,0
광주,북구,2012,곡성역,전라선,35.84594631911345,2011-10-05,2012,1
광주,북구,2013,곡성역,전라선,35.84594631911345,2011-10-05,2012,1
광주,북구,2014,곡성역,전라선,35.84594631911345,2011-10-05,2012,1
광주,북구,2015,곡성역,전라선,35.84594631911345,2011-10-05,2012,1
광주,북구,2016,곡성역,전라선,35.84594631911345,2011-10-05,2012,1
광주,북구,2017,곡성역,전라선,35.84594631911345,2011-10-05,2012,1
광주,북구,2018,곡성역,전라선,35.84594631911345,2011-10-05,2012,1
광주,북구,2019,곡성역,전라선,35.84594631911345,2011-10-05,2012,1
광주,북구,2020,곡성역,전라선,35.84594631911345,2011-10-05,2012,1
광주,북구,2021,곡성역,전라선,35.84594631911345,2011-10-05,2012,1
광주,북구,2022,곡성역,전라선,35.84594631911345,2011-10-05,2012,1
광주,북구,2023,곡성역,전라선,35.84594631911345,2011-10-05,2012,1
광주,북구,2024,곡성역,전라선,35.84594631911345,2011-10-05,2012,1
광주,북구,2025,곡성역,전라선,35.84594631911345,2011-10-05,2012,1
광주,서구,2007,곡성역,전라선,44.37795367392622,2011-10-05,2012,0
광주,서구,2008,곡성역,전라선,44.37795367392622,2011-10-05,2012,0
광주,서구,2009,곡성역,전라선,44.37795367392622,2011-10-05,2012,0
광주,서구,2010,곡성역,전라선,44.37795367392622,2011-10-05,2012,0
광주,서구,2011,곡성역,전라선,44.37795367392622,2011-10-05,2012,0
광주,서구,2012,곡성역,전라선,44.37795367392622,2011-10-05,2012,1
광주,서구,2013,곡성역,전라선,44.37795367392622,2011-10-05,2012,1
광주,서구,2014,곡성역,전라선,44.37795367392622,2011-10-05,2012,1
광주,서구,2015,곡성역,전라선,44.37795367392622,2011-10-05,2012,1
광주,서구,2016,곡성역,전라선,44.37795367392622,2011-10-05,2012,1
광주,서구,2017,곡성역,전라선,44.37795367392622,2011-10-05,2012,1
광주,서구,2018,곡성역,전라선,44.37795367392622,2011-10-05,2012,1
광주,서구,2019,곡성역,전라선,44.37795367392622,2011-10-05,2012,1
광주,서구,2020,곡성역,전라선,44.37795367392622,2011-10-05,2012,1
광주,서구,2021,곡성역,전라선,44.37795367392622,2011-10-05,2012,1
광주,서구,2022,곡성역,전라선,44.37795367392622,2011-10-05,2012,1
광주,서구,2023,곡성역,전라선,44.37795367392622,2011-10-05,2012,1
광주,서구,2024,곡성역,전라선,44.37795367392622,2011-10-05,2012,1
광주,서구,2025,곡성역,전라선,44.37795367392622,2011-10-05,2012,1
대구,남구,2007,동대구역,경부고속,6.113806387685585,2004-04-01,2004,1
대구,남구,2008,동대구역,경부고속,6.113806387685585,2004-04-01,2004,1
대구,남구,2009,동대구역,경부고속,6.113806387685585,2004-04-01,2004,1
대구,남구,2010,동대구역,경부고속,6.113806387685585,2004-04-01,2004,1
대구,남구,2011,동대구역,경부고속,6.113806387685585,2004-04-01,2004,1
대구,남구,2012,동대구역,경부고속,6.113806387685585,2004-04-01,2004,1
대구,남구,2013,동대구역,경부고속,6.113806387685585,2004-04-01,2004,1
대구,남구,2014,동대구역,경부고속,6.113806387685585,2004-04-01,2004,1
대구,남구,2015,동대구역,경부고속,6.113806387685585,2004-04-01,2004,1
대구,남구,2016,동대구역,경부고속,6.113806387685585,2004-04-01,2004,1
대구,남구,2017,동대구역,경부고속,6.113806387685585,2004-04-01,2004,1
대구,남구,2018,동대구역,경부고속,6.113806387685585,2004-04-01,2004,1
대구,남구,2019,동대구역,경부고속,6.113806387685585,2004-04-01,2004,1
대구,남구,2020,동대구역,경부고속,6.113806387685585,2004-04-01,2004,1
대구,남구,2021,동대구역,경부고속,6.113806387685585,2004-04-01,2004,1
대구,남구,2022,동대구역,경부고속,6.113806387685585,2004-04-01,2004,1
대구,남구,2023,동대구역,경부고속,6.113806387685585,2004-04-01,2004,1
대구,남구,2024,동대구역,경부고속,6.113806387685585,2004-04-01,2004,1
대구,남구,2025,동대구역,경부고속,6.113806387685585,2004-04-01,2004,1
대구,달서구,2007,동대구역,경부고속,10.467715103973363,2004-04-01,2004,1
대구,달서구,2008,동대구역,경부고속,10.467715103973363,2004-04-01,2004,1
대구,달서구,2009,동대구역,경부고속,10.467715103973363,2004-04-01,2004,1
대구,달서구,2010,동대구역,경부고속,10.467715103973363,2004-04-01,2004,1
대구,달서구,2011,동대구역,경부고속,10.467715103973363,2004-04-01,2004,1
대구,달서구,2012,동대구역,경부고속,10.467715103973363,2004-04-01,2004,1
대구,달서구,2013,동대구역,경부고속,10.467715103973363,2004-04-01,2004,1
대구,달서구,2014,동대구역,경부고속,10.467715103973363,2004-04-01,2004,1
대구,달서구,2015,동대구역,경부고속,10.467715103973363,2004-04-01,2004,1
대구,달서구,2016,동대구역,경부고속,10.467715103973363,2004-04-01,2004,1
대구,달서구,2017,동대구역,경부고속,10.467715103973363,2004-04-01,2004,1
대구,달서구,2018,동대구역,경부고속,10.467715103973363,2004-04-01,2004,1
대구,달서구,2019,동대구역,경부고속,10.467715103973363,2004-04-01,2004,1
대구,달서구,2020,동대구역,경부고속,10.467715103973363,2004-04-01,2004,1
대구,달서구,2021,동대구역,경부고속,10.467715103973363,2004-04-01,2004,1
대구,달서구,2022,동대구역,경부고속,10.467715103973363,2004-04-01,2004,1
대구,달서구,2023,동대구역,경부고속,10.467715103973363,2004-04-01,2004,1
대구,달서구,2024,동대구역,경부고속,10.467715103973363,2004-04-01,2004,1
대구,달서구,2025,동대구역,경부고속,10.467715103973363,2004-04-01,2004,1
대구,달성군,2007,동대구역,경부고속,17.582492591117404,2004-04-01,2004,1
대구,달성군,2008,동대구역,경부고속,17.582492591117404,2004-04-01,2004,1
대구,달성군,2009,동대구역,경부고속,17.582492591117404,2004-04-01,2004,1
대구,달성군,2010,동대구역,경부고속,17.582492591117404,2004-04-01,2004,1
대구,달성군,2011,동대구역,경부고속,17.582492591117404,2004-04-01,2004,1
대구,달성군,2012,동대구역,경부고속,17.582492591117404,2004-04-01,2004,1
대구,달성군,2013,동대구역,경부고속,17.582492591117404,2004-04-01,2004,1
대구,달성군,2014,동대구역,경부고속,17.582492591117404,2004-04-01,2004,1
대구,달성군,2015,동대구역,경부고속,17.582492591117404,2004-04-01,2004,1
대구,달성군,2016,동대구역,경부고속,17.582492591117404,2004-04-01,2004,1
대구,달성군,2017,동대구역,경부고속,17.582492591117404,2004-04-01,2004,1
대구,달성군,2018,동대구역,경부고속,17.582492591117404,2004-04-01,2004,1
대구,달성군,2019,동대구역,경부고속,17.582492591117404,2004-04-01,2004,1
대구,달성군,2020,동대구역,경부고속,17.582492591117404,2004-04-01,2004,1
대구,달성군,2021,동대구역,경부고속,17.582492591117404,2004-04-01,2004,1
대구,달성군,2022,동대구역,경부고속,17.582492591117404,2004-04-01,2004,1
대구,달성군,2023,동대구역,경부고속,17.582492591117404,2004-04-01,2004,1
대구,달성군,2024,동대구역,경부고속,17.582492591117404,2004-04-01,2004,1
대구,달성군,2025,동대구역,경부고속,17.582492591117404,2004-04-01,2004,1
대구,동구,2007,동대구역,경부고속,8.158732384684686,2004-04-01,2004,1
대구,동구,2008,동대구역,경부고속,8.158732384684686,2004-04-01,2004,1
대구,동구,2009,동대구역,경부고속,8.158732384684686,2004-04-01,2004,1
대구,동구,2010,동대구역,경부고속,8.158732384684686,2004-04-01,2004,1
대구,동구,2011,동대구역,경부고속,8.158732384684686,2004-04-01,2004,1
대구,동구,2012,동대구역,경부고속,8.158732384684686,2004-04-01,2004,1
대구,동구,2013,동대구역,경부고속,8.158732384684686,2004-04-01,2004,1
대구,동구,2014,동대구역,경부고속,8.158732384684686,2004-04-01,2004,1
대구,동구,2015,동대구역,경부고속,8.158732384684686,2004-04-01,2004,1
대구,동구,2016,동대구역,경부고속,8.158732384684686,2004-04-01,2004,1
대구,동구,2017,동대구역,경부고속,8.158732384684686,2004-04-01,2004,1
대구,동구,2018,동대구역,경부고속,8.158732384684686,2004-04-01,2004,1
대구,동구,2019,동대구역,경부고속,8.158732384684686,2004-04-01,2004,1
대구,동구,2020,동대구역,경부고속,8.158732384684686,2004-04-01,2004,1
대구,동구,2021,동대구역,경부고속,8.158732384684686,2004-04-01,2004,1
대구,동구,2022,동대구역,경부고속,8.158732384684686,2004-04-01,2004,1
대구,동구,2023,동대구역,경부고속,8.158732384684686,2004-04-01,2004,1
대구,동구,2024,동대구역,경부고속,8.158732384684686,2004-04-01,2004,1
대구,동구,2025,동대구역,경부고속,8.158732384684686,2004-04-01,2004,1
대구,북구,2007,동대구역,경부고속,7.06955020768273,2004-04-01,2004,1
대구,북구,2008,동대구역,경부고속,7.06955020768273,2004-04-01,2004,1
대구,북구,2009,동대구역,경부고속,7.06955020768273,2004-04-01,2004,1
대구,북구,2010,동대구역,경부고속,7.06955020768273,2004-04-01,2004,1
대구,북구,2011,동대구역,경부고속,7.06955020768273,2004-04-01,2004,1
대구,북구,2012,동대구역,경부고속,7.06955020768273,2004-04-01,2004,1
대구,북구,2013,동대구역,경부고속,7.06955020768273,2004-04-01,2004,1
대구,북구,2014,동대구역,경부고속,7.06955020768273,2004-04-01,2004,1
대구,북구,2015,동대구역,경부고속,7.06955020768273,2004-04-01,2004,1
대구,북구,2016,동대구역,경부고속,7.06955020768273,2004-04-01,2004,1
대구,북구,2017,동대구역,경부고속,7.06955020768273,2004-04-01,2004,1
대구,북구,2018,동대구역,경부고속,7.06955020768273,2004-04-01,2004,1
대구,북구,2019,동대구역,경부고속,7.06955020768273,2004-04-01,2004,1
대구,북구,2020,동대구역,경부고속,7.06955020768273,2004-04-01,2004,1
대구,북구,2021,동대구역,경부고속,7.06955020768273,2004-04-01,2004,1
대구,북구,2022,동대구역,경부고속,7.06955020768273,2004-04-01,2004,1
대구,북구,2023,동대구역,경부고속,7.06955020768273,2004-04-01,2004,1
대구,북구,2024,동대구역,경부고속,7.06955020768273,2004-04-01,2004,1
대구,북구,2025,동대구역,경부고속,7.06955020768273,2004-04-01,2004,1
대구,서구,2007,동대구역,경부고속,6.92657807409988,2004-04-01,2004,1
대구,서구,2008,동대구역,경부고속,6.92657807409988,2004-04-01,2004,1
대구,서구,2009,동대구역,경부고속,6.92657807409988,2004-04-01,2004,1
대구,서구,2010,동대구역,경부고속,6.92657807409988,2004-04-01,2004,1
대구,서구,2011,동대구역,경부고속,6.92657807409988,2004-04-01,2004,1
대구,서구,2012,동대구역,경부고속,6.92657807409988,2004-04-01,2004,1
대구,서구,2013,동대구역,경부고속,6.92657807409988,2004-04-01,2004,1
대구,서구,2014,동대구역,경부고속,6.92657807409988,2004-04-01,2004,1
대구,서구,2015,동대구역,경부고속,6.92657807409988,2004-04-01,2004,1
대구,서구,2016,동대구역,경부고속,6.92657807409988,2004-04-01,2004,1
대구,서구,2017,동대구역,경부고속,6.92657807409988,2004-04-01,2004,1
대구,서구,2018,동대구역,경부고속,6.92657807409988,2004-04-01,2004,1
대구,서구,2019,동대구역,경부고속,6.92657807409988,2004-04-01,2004,1
대구,서구,2020,동대구역,경부고속,6.92657807409988,2004-04-01,2004,1
대구,서구,2021,동대구역,경부고속,6.92657807409988,2004-04-01,2004,1
대구,서구,2022,동대구역,경부고속,6.92657807409988,2004-04-01,2004,1
대구,서구,2023,동대구역,경부고속,6.92657807409988,2004-04-01,2004,1
대구,서구,2024,동대구역,경부고속,6.92657807409988,2004-04-01,2004,1
대구,서구,2025,동대구역,경부고속,6.92657807409988,2004-04-01,2004,1
대구,수성구,2007,동대구역,경부고속,5.9297867132005635,2004-04-01,2004,1
대구,수성구,2008,동대구역,경부고속,5.9297867132005635,2004-04-01,2004,1
대구,수성구,2009,동대구역,경부고속,5.9297867132005635,2004-04-01,2004,1
대구,수성구,2010,동대구역,경부고속,5.9297867132005635,2004-04-01,2004,1
대구,수성구,2011,동대구역,경부고속,5.9297867132005635,2004-04-01,2004,1
대구,수성구,2012,동대구역,경부고속,5.9297867132005635,2004-04-01,2004,1
대구,수성구,2013,동대구역,경부고속,5.9297867132005635,2004-04-01,2004,1
대구,수성구,2014,동대구역,경부고속,5.9297867132005635,2004-04-01,2004,1
대구,수성구,2015,동대구역,경부고속,5.9297867132005635,2004-04-01,2004,1
대구,수성구,2016,동대구역,경부고속,5.9297867132005635,2004-04-01,2004,1
대구,수성구,2017,동대구역,경부고속,5.9297867132005635,2004-04-01,2004,1
대구,수성구,2018,동대구역,경부고속,5.9297867132005635,2004-04-01,2004,1
대구,수성구,2019,동대구역,경부고속,5.9297867132005635,2004-04-01,2004,1
대구,수성구,2020,동대구역,경부고속,5.9297867132005635,2004-04-01,2004,1
대구,수성구,2021,동대구역,경부고속,5.9297867132005635,2004-04-01,2004,1
대구,수성구,2022,동대구역,경부고속,5.9297867132005635,2004-04-01,2004,1
대구,수성구,2023,동대구역,경부고속,5.9297867132005635,2004-04-01,2004,1
대구,수성구,2024,동대구역,경부고속,5.9297867132005635,2004-04-01,2004,1
대구,수성구,2025,동대구역,경부고속,5.9297867132005635,2004-04-01,2004,1
대구,중구,2007,동대구역,경부고속,3.260401486380113,2004-04-01,2004,1
대구,중구,2008,동대구역,경부고속,3.260401486380113,2004-04-01,2004,1
대구,중구,2009,동대구역,경부고속,3.260401486380113,2004-04-01,2004,1
대구,중구,2010,동대구역,경부고속,3.260401486380113,2004-04-01,2004,1
대구,중구,2011,동대구역,경부고속,3.260401486380113,2004-04-01,2004,1
대구,중구,2012,동대구역,경부고속,3.260401486380113,2004-04-01,2004,1
대구,중구,2013,동대구역,경부고속,3.260401486380113,2004-04-01,2004,1
대구,중구,2014,동대구역,경부고속,3.260401486380113,2004-04-01,2004,1
대구,중구,2015,동대구역,경부고속,3.260401486380113,2004-04-01,2004,1
대구,중구,2016,동대구역,경부고속,3.260401486380113,2004-04-01,2004,1
대구,중구,2017,동대구역,경부고속,3.260401486380113,2004-04-01,2004,1
대구,중구,2018,동대구역,경부고속,3.260401486380113,2004-04-01,2004,1
대구,중구,2019,동대구역,경부고속,3.260401486380113,2004-04-01,2004,1
대구,중구,2020,동대구역,경부고속,3.260401486380113,2004-04-01,2004,1
대구,중구,2021,동대구역,경부고속,3.260401486380113,2004-04-01,2004,1
대구,중구,2022,동대구역,경부고속,3.260401486380113,2004-04-01,2004,1
대구,중구,2023,동대구역,경부고속,3.260401486380113,2004-04-01,2004,1
대구,중구,2024,동대구역,경부고속,3.260401486380113,2004-04-01,2004,1
대구,중구,2025,동대구역,경부고속,3.260401486380113,2004-04-01,2004,1
대전,대덕구,2007,대전역,경부고속,8.888664746956596,2004-04-01,2004,1
대전,대덕구,2008,대전역,경부고속,8.888664746956596,2004-04-01,2004,1
대전,대덕구,2009,대전역,경부고속,8.888664746956596,2004-04-01,2004,1
대전,대덕구,2010,대전역,경부고속,8.888664746956596,2004-04-01,2004,1
대전,대덕구,2011,대전역,경부고속,8.888664746956596,2004-04-01,2004,1
대전,대덕구,2012,대전역,경부고속,8.888664746956596,2004-04-01,2004,1
대전,대덕구,2013,대전역,경부고속,8.888664746956596,2004-04-01,2004,1
대전,대덕구,2014,대전역,경부고속,8.888664746956596,2004-04-01,2004,1
대전,대덕구,2015,대전역,경부고속,8.888664746956596,2004-04-01,2004,1
대전,대덕구,2016,대전역,경부고속,8.888664746956596,2004-04-01,2004,1
대전,대덕구,2017,대전역,경부고속,8.888664746956596,2004-04-01,2004,1
대전,대덕구,2018,대전역,경부고속,8.888664746956596,2004-04-01,2004,1
대전,대덕구,2019,대전역,경부고속,8.888664746956596,2004-04-01,2004,1
대전,대덕구,2020,대전역,경부고속,8.888664746956596,2004-04-01,2004,1
대전,대덕구,2021,대전역,경부고속,8.888664746956596,2004-04-01,2004,1
대전,대덕구,2022,대전역,경부고속,8.888664746956596,2004-04-01,2004,1
대전,대덕구,2023,대전역,경부고속,8.888664746956596,2004-04-01,2004,1
대전,대덕구,2024,대전역,경부고속,8.888664746956596,2004-04-01,2004,1
대전,대덕구,2025,대전역,경부고속,8.888664746956596,2004-04-01,2004,1
대전,동구,2007,대전역,경부고속,3.7817571188342396,2004-04-01,2004,1
대전,동구,2008,대전역,경부고속,3.7817571188342396,2004-04-01,2004,1
대전,동구,2009,대전역,경부고속,3.7817571188342396,2004-04-01,2004,1
대전,동구,2010,대전역,경부고속,3.7817571188342396,2004-04-01,2004,1
대전,동구,2011,대전역,경부고속,3.7817571188342396,2004-04-01,2004,1
대전,동구,2012,대전역,경부고속,3.7817571188342396,2004-04-01,2004,1
대전,동구,2013,대전역,경부고속,3.7817571188342396,2004-04-01,2004,1
대전,동구,2014,대전역,경부고속,3.7817571188342396,2004-04-01,2004,1
대전,동구,2015,대전역,경부고속,3.7817571188342396,2004-04-01,2004,1
대전,동구,2016,대전역,경부고속,3.7817571188342396,2004-04-01,2004,1
대전,동구,2017,대전역,경부고속,3.7817571188342396,2004-04-01,2004,1
대전,동구,2018,대전역,경부고속,3.7817571188342396,2004-04-01,2004,1
대전,동구,2019,대전역,경부고속,3.7817571188342396,2004-04-01,2004,1
대전,동구,2020,대전역,경부고속,3.7817571188342396,2004-04-01,2004,1
대전,동구,2021,대전역,경부고속,3.7817571188342396,2004-04-01,2004,1
대전,동구,2022,대전역,경부고속,3.7817571188342396,2004-04-01,2004,1
대전,동구,2023,대전역,경부고속,3.7817571188342396,2004-04-01,2004,1
대전,동구,2024,대전역,경부고속,3.7817571188342396,2004-04-01,2004,1
대전,동구,2025,대전역,경부고속,3.7817571188342396,2004-04-01,2004,1
대전,서구,2007,서대전역,호남선,7.202306359351031,2004-04-01,2004,1
대전,서구,2008,서대전역,호남선,7.202306359351031,2004-04-01,2004,1
대전,서구,2009,서대전역,호남선,7.202306359351031,2004-04-01,2004,1
대전,서구,2010,서대전역,호남선,7.202306359351031,2004-04-01,2004,1
대전,서구,2011,서대전역,호남선,7.202306359351031,2004-04-01,2004,1
대전,서구,2012,서대전역,호남선,7.202306359351031,2004-04-01,2004,1
대전,서구,2013,서대전역,호남선,7.202306359351031,2004-04-01,2004,1
대전,서구,2014,서대전역,호남선,7.202306359351031,2004-04-01,2004,1
대전,서구,2015,서대전역,호남선,7.202306359351031,2004-04-01,2004,1
대전,서구,2016,서대전역,호남선,7.202306359351031,2004-04-01,2004,1
대전,서구,2017,서대전역,호남선,7.202306359351031,2004-04-01,2004,1
대전,서구,2018,서대전역,호남선,7.202306359351031,2004-04-01,2004,1
대전,서구,2019,서대전역,호남선,7.202306359351031,2004-04-01,2004,1
대전,서구,2020,서대전역,호남선,7.202306359351031,2004-04-01,2004,1
대전,서구,2021,서대전역,호남선,7.202306359351031,2004-04-01,2004,1
대전,서구,2022,서대전역,호남선,7.202306359351031,2004-04-01,2004,1
대전,서구,2023,서대전역,호남선,7.202306359351031,2004-04-01,2004,1
대전,서구,2024,서대전역,호남선,7.202306359351031,2004-04-01,2004,1
대전,서구,2025,서대전역,호남선,7.202306359351031,2004-04-01,2004,1
대전,유성구,2007,서대전역,호남선,8.301706644797006,2004-04-01,2004,1
대전,유성구,2008,서대전역,호남선,8.301706644797006,2004-04-01,2004,1
대전,유성구,2009,서대전역,호남선,8.301706644797006,2004-04-01,2004,1
대전,유성구,2010,서대전역,호남선,8.301706644797006,2004-04-01,2004,1
대전,유성구,2011,서대전역,호남선,8.301706644797006,2004-04-01,2004,1
대전,유성구,2012,서대전역,호남선,8.301706644797006,2004-04-01,2004,1
대전,유성구,2013,서대전역,호남선,8.301706644797006,2004-04-01,2004,1
대전,유성구,2014,서대전역,호남선,8.301706644797006,2004-04-01,2004,1
대전,유성구,2015,서대전역,호남선,8.301706644797006,2004-04-01,2004,1
대전,유성구,2016,서대전역,호남선,8.301706644797006,2004-04-01,2004,1
대전,유성구,2017,서대전역,호남선,8.301706644797006,2004-04-01,2004,1
대전,유성구,2018,서대전역,호남선,8.301706644797006,2004-04-01,2004,1
대전,유성구,2019,서대전역,호남선,8.301706644797006,2004-04-01,2004,1
대전,유성구,2020,서대전역,호남선,8.301706644797006,2004-04-01,2004,1
대전,유성구,2021,서대전역,호남선,8.301706644797006,2004-04-01,2004,1
대전,유성구,2022,서대전역,호남선,8.301706644797006,2004-04-01,2004,1
대전,유성구,2023,서대전역,호남선,8.301706644797006,2004-04-01,2004,1
대전,유성구,2024,서대전역,호남선,8.301706644797006,2004-04-01,2004,1
대전,유성구,2025,서대전역,호남선,8.301706644797006,2004-04-01,2004,1
대전,중구,2007,서대전역,호남선,5.127115451848959,2004-04-01,2004,1
대전,중구,2008,서대전역,호남선,5.127115451848959,2004-04-01,2004,1
대전,중구,2009,서대전역,호남선,5.127115451848959,2004-04-01,2004,1
대전,중구,2010,서대전역,호남선,5.127115451848959,2004-04-01,2004,1
대전,중구,2011,서대전역,호남선,5.127115451848959,2004-04-01,2004,1
대전,중구,2012,서대전역,호남선,5.127115451848959,2004-04-01,2004,1
대전,중구,2013,서대전역,호남선,5.127115451848959,2004-04-01,2004,1
대전,중구,2014,서대전역,호남선,5.127115451848959,2004-04-01,2004,1
대전,중구,2015,서대전역,호남선,5.127115451848959,2004-04-01,2004,1
대전,중구,2016,서대전역,호남선,5.127115451848959,2004-04-01,2004,1
대전,중구,2017,서대전역,호남선,5.127115451848959,2004-04-01,2004,1
대전,중구,2018,서대전역,호남선,5.127115451848959,2004-04-01,2004,1
대전,중구,2019,서대전역,호남선,5.127115451848959,2004-04-01,2004,1
대전,중구,2020,서대전역,호남선,5.127115451848959,2004-04-01,2004,1
대전,중구,2021,서대전역,호남선,5.127115451848959,2004-04-01,2004,1
대전,중구,2022,서대전역,호남선,5.127115451848959,2004-04-01,2004,1
대전,중구,2023,서대전역,호남선,5.127115451848959,2004-04-01,2004,1
대전,중구,2024,서대전역,호남선,5.127115451848959,2004-04-01,2004,1
대전,중구,2025,서대전역,호남선,5.127115451848959,2004-04-01,2004,1
부산,강서구,2007,구포역,경부선,12.350938529879029,2004-04-01,2004,1
부산,강서구,2008,구포역,경부선,12.350938529879029,2004-04-01,2004,1
부산,강서구,2009,구포역,경부선,12.350938529879029,2004-04-01,2004,1
부산,강서구,2010,구포역,경부선,12.350938529879029,2004-04-01,2004,1
부산,강서구,2011,구포역,경부선,12.350938529879029,2004-04-01,2004,1
부산,강서구,2012,구포역,경부선,12.350938529879029,2004-04-01,2004,1
부산,강서구,2013,구포역,경부선,12.350938529879029,2004-04-01,2004,1
부산,강서구,2014,구포역,경부선,12.350938529879029,2004-04-01,2004,1
부산,강서구,2015,구포역,경부선,12.350938529879029,2004-04-01,2004,1
부산,강서구,2016,구포역,경부선,12.350938529879029,2004-04-01,2004,1
부산,강서구,2017,구포역,경부선,12.350938529879029,2004-04-01,2004,1
부산,강서구,2018,구포역,경부선,12.350938529879029,2004-04-01,2004,1
부산,강서구,2019,구포역,경부선,12.350938529879029,2004-04-01,2004,1
부산,강서구,2020,구포역,경부선,12.350938529879029,2004-04-01,2004,1
부산,강서구,2021,구포역,경부선,12.350938529879029,2004-04-01,2004,1
부산,강서구,2022,구포역,경부선,12.350938529879029,2004-04-01,2004,1
부산,강서구,2023,구포역,경부선,12.350938529879029,2004-04-01,2004,1
부산,강서구,2024,구포역,경부선,12.350938529879029,2004-04-01,2004,1
부산,강서구,2025,구포역,경부선,12.350938529879029,2004-04-01,2004,1
부산,금정구,2007,구포역,경부선,10.417676044212977,2004-04-01,2004,1
부산,금정구,2008,구포역,경부선,10.417676044212977,2004-04-01,2004,1
부산,금정구,2009,구포역,경부선,10.417676044212977,2004-04-01,2004,1
부산,금정구,2010,구포역,경부선,10.417676044212977,2004-04-01,2004,1
부산,금정구,2011,구포역,경부선,10.417676044212977,2004-04-01,2004,1
부산,금정구,2012,구포역,경부선,10.417676044212977,2004-04-01,2004,1
부산,금정구,2013,구포역,경부선,10.417676044212977,2004-04-01,2004,1
부산,금정구,2014,구포역,경부선,10.417676044212977,2004-04-01,2004,1
부산,금정구,2015,구포역,경부선,10.417676044212977,2004-04-01,2004,1
부산,금정구,2016,구포역,경부선,10.417676044212977,2004-04-01,2004,1
부산,금정구,2017,구포역,경부선,10.417676044212977,2004-04-01,2004,1
부산,금정구,2018,구포역,경부선,10.417676044212977,2004-04-01,2004,1
부산,금정구,2019,구포역,경부선,10.417676044212977,2004-04-01,2004,1
부산,금정구,2020,구포역,경부선,10.417676044212977,2004-04-01,2004,1
부산,금정구,2021,구포역,경부선,10.417676044212977,2004-04-01,2004,1
부산,금정구,2022,구포역,경부선,10.417676044212977,2004-04-01,2004,1
부산,금정구,2023,구포역,경부선,10.417676044212977,2004-04-01,2004,1
부산,금정구,2024,구포역,경부선,10.417676044212977,2004-04-01,2004,1
부산,금정구,2025,구포역,경부선,10.417676044212977,2004-04-01,2004,1
부산,기장군,2007,구포역,경부선,21.18057440079607,2004-04-01,2004,1
부산,기장군,2008,구포역,경부선,21.18057440079607,2004-04-01,2004,1
부산,기장군,2009,구포역,경부선,21.18057440079607,2004-04-01,2004,1
부산,기장군,2010,구포역,경부선,21.18057440079607,2004-04-01,2004,1
부산,기장군,2011,구포역,경부선,21.18057440079607,2004-04-01,2004,1
부산,기장군,2012,구포역,경부선,21.18057440079607,2004-04-01,2004,1
부산,기장군,2013,구포역,경부선,21.18057440079607,2004-04-01,2004,1
부산,기장군,2014,구포역,경부선,21.18057440079607,2004-04-01,2004,1
부산,기장군,2015,구포역,경부선,21.18057440079607,2004-04-01,2004,1
부산,기장군,2016,구포역,경부선,21.18057440079607,2004-04-01,2004,1
부산,기장군,2017,구포역,경부선,21.18057440079607,2004-04-01,2004,1
부산,기장군,2018,구포역,경부선,21.18057440079607,2004-04-01,2004,1
부산,기장군,2019,구포역,경부선,21.18057440079607,2004-04-01,2004,1
부산,기장군,2020,구포역,경부선,21.18057440079607,2004-04-01,2004,1
부산,기장군,2021,구포역,경부선,21.18057440079607,2004-04-01,2004,1
부산,기장군,2022,구포역,경부선,21.18057440079607,2004-04-01,2004,1
부산,기장군,2023,구포역,경부선,21.18057440079607,2004-04-01,2004,1
부산,기장군,2024,구포역,경부선,21.18057440079607,2004-04-01,2004,1
부산,기장군,2025,구포역,경부선,21.18057440079607,2004-04-01,2004,1
부산,남구,2007,부산역,경부고속,4.8256464351332,2004-04-01,2004,1
부산,남구,2008,부산역,경부고속,4.8256464351332,2004-04-01,2004,1
부산,남구,2009,부산역,경부고속,4.8256464351332,2004-04-01,2004,1
부산,남구,2010,부산역,경부고속,4.8256464351332,2004-04-01,2004,1
부산,남구,2011,부산역,경부고속,4.8256464351332,2004-04-01,2004,1
부산,남구,2012,부산역,경부고속,4.8256464351332,2004-04-01,2004,1
부산,남구,2013,부산역,경부고속,4.8256464351332,2004-04-01,2004,1
부산,남구,2014,부산역,경부고속,4.8256464351332,2004-04-01,2004,1
부산,남구,2015,부산역,경부고속,4.8256464351332,2004-04-01,2004,1
부산,남구,2016,부산역,경부고속,4.8256464351332,2004-04-01,2004,1
부산,남구,2017,부산역,경부고속,4.8256464351332,2004-04-01,2004,1
부산,남구,2018,부산역,경부고속,4.8256464351332,2004-04-01,2004,1
부산,남구,2019,부산역,경부고속,4.8256464351332,2004-04-01,2004,1
부산,남구,2020,부산역,경부고속,4.8256464351332,2004-04-01,2004,1
부산,남구,2021,부산역,경부고속,4.8256464351332,2004-04-01,2004,1
부산,남구,2022,부산역,경부고속,4.8256464351332,2004-04-01,2004,1
부산,남구,2023,부산역,경부고속,4.8256464351332,2004-04-01,2004,1
부산,남구,2024,부산역,경부고속,4.8256464351332,2004-04-01,2004,1
부산,남구,2025,부산역,경부고속,4.8256464351332,2004-04-01,2004,1
부산,동구,2007,부산역,경부고속,1.452311809020447,2004-04-01,2004,1
부산,동구,2008,부산역,경부고속,1.452311809020447,2004-04-01,2004,1
부산,동구,2009,부산역,경부고속,1.452311809020447,2004-04-01,2004,1
부산,동구,2010,부산역,경부고속,1.452311809020447,2004-04-01,2004,1
부산,동구,2011,부산역,경부고속,1.452311809020447,2004-04-01,2004,1
부산,동구,2012,부산역,경부고속,1.452311809020447,2004-04-01,2004,1
부산,동구,2013,부산역,경부고속,1.452311809020447,2004-04-01,2004,1
부산,동구,2014,부산역,경부고속,1.452311809020447,2004-04-01,2004,1
부산,동구,2015,부산역,경부고속,1.452311809020447,2004-04-01,2004,1
부산,동구,2016,부산역,경부고속,1.452311809020447,2004-04-01,2004,1
부산,동구,2017,부산역,경부고속,1.452311809020447,2004-04-01,2004,1
부산,동구,2018,부산역,경부고속,1.452311809020447,2004-04-01,2004,1
부산,동구,2019,부산역,경부고속,1.452311809020447,2004-04-01,2004,1
부산,동구,2020,부산역,경부고속,1.452311809020447,2004-04-01,2004,1
부산,동구,2021,부산역,경부고속,1.452311809020447,2004-04-01,2004,1
부산,동구,2022,부산역,경부고속,1.452311809020447,2004-04-01,2004,1
부산,동구,2023,부산역,경부고속,1.452311809020447,2004-04-01,2004,1
부산,동구,2024,부산역,경부고속,1.452311809020447,2004-04-01,2004,1
부산,동구,2025,부산역,경부고속,1.452311809020447,2004-04-01,2004,1
부산,동래구,2007,구포역,경부선,7.450367366650409,2004-04-01,2004,1
부산,동래구,2008,구포역,경부선,7.450367366650409,2004-04-01,2004,1
부산,동래구,2009,구포역,경부선,7.450367366650409,2004-04-01,2004,1
부산,동래구,2010,구포역,경부선,7.450367366650409,2004-04-01,2004,1
부산,동래구,2011,구포역,경부선,7.450367366650409,2004-04-01,2004,1
부산,동래구,2012,구포역,경부선,7.450367366650409,2004-04-01,2004,1
부산,동래구,2013,구포역,경부선,7.450367366650409,2004-04-01,2004,1
부산,동래구,2014,구포역,경부선,7.450367366650409,2004-04-01,2004,1
부산,동래구,2015,구포역,경부선,7.450367366650409,2004-04-01,2004,1
부산,동래구,2016,구포역,경부선,7.450367366650409,2004-04-01,2004,1
부산,동래구,2017,구포역,경부선,7.450367366650409,2004-04-01,2004,1
부산,동래구,2018,구포역,경부선,7.450367366650409,2004-04-01,2004,1
부산,동래구,2019,구포역,경부선,7.450367366650409,2004-04-01,2004,1
부산,동래구,2020,구포역,경부선,7.450367366650409,2004-04-01,2004,1
부산,동래구,2021,구포역,경부선,7.450367366650409,2004-04-01,2004,1
부산,동래구,2022,구포역,경부선,7.450367366650409,2004-04-01,2004,1
부산,동래구,2023,구포역,경부선,7.450367366650409,2004-04-01,2004,1
부산,동래구,2024,구포역,경부선,7.450367366650409,2004-04-01,2004,1
부산,동래구,2025,구포역,경부선,7.450367366650409,2004-04-01,2004,1
부산,부산진구,2007,부산역,경부고속,5.551935010030871,2004-04-01,2004,1
부산,부산진구,2008,부산역,경부고속,5.551935010030871,2004-04-01,2004,1
부산,부산진구,2009,부산역,경부고속,5.551935010030871,2004-04-01,2004,1
부산,부산진구,2010,부산역,경부고속,5.551935010030871,2004-04-01,2004,1
부산,부산진구,2011,부산역,경부고속,5.551935010030871,2004-04-01,2004,1
부산,부산진구,2012,부산역,경부고속,5.551935010030871,2004-04-01,2004,1
부산,부산진구,2013,부산역,경부고속,5.551935010030871,2004-04-01,2004,1
부산,부산진구,2014,부산역,경부고속,5.551935010030871,2004-04-01,2004,1
부산,부산진구,2015,부산역,경부고속,5.551935010030871,2004-04-01,2004,1
부산,부산진구,2016,부산역,경부고속,5.551935010030871,2004-04-01,2004,1
부산,부산진구,2017,부산역,경부고속,5.551935010030871,2004-04-01,2004,1
부산,부산진구,2018,부산역,경부고속,5.551935010030871,2004-04-01,2004,1
부산,부산진구,2019,부산역,경부고속,5.551935010030871,2004-04-01,2004,1
부산,부산진구,2020,부산역,경부고속,5.551935010030871,2004-04-01,2004,1
부산,부산진구,2021,부산역,경부고속,5.551935010030871,2004-04-01,2004,1
부산,부산진구,2022,부산역,경부고속,5.551935010030871,2004-04-01,2004,1
부산,부산진구,2023,부산역,경부고속,5.551935010030871,2004-04-01,2004,1
부산,부산진구,2024,부산역,경부고속,5.551935010030871,2004-04-01,2004,1
부산,부산진구,2025,부산역,경부고속,5.551935010030871,2004-04-01,2004,1
부산,북구,2007,구포역,경부선,3.5487826246034926,2004-04-01,2004,1
부산,북구,2008,구포역,경부선,3.5487826246034926,2004-04-01,2004,1
부산,북구,2009,구포역,경부선,3.5487826246034926,2004-04-01,2004,1
부산,북구,2010,구포역,경부선,3.5487826246034926,2004-04-01,2004,1
부산,북구,2011,구포역,경부선,3.5487826246034926,2004-04-01,2004,1
부산,북구,2012,구포역,경부선,3.5487826246034926,2004-04-01,2004,1
부산,북구,2013,구포역,경부선,3.5487826246034926,2004-04-01,2004,1
부산,북구,2014,구포역,경부선,3.5487826246034926,2004-04-01,2004,1
부산,북구,2015,구포역,경부선,3.5487826246034926,2004-04-01,2004,1
부산,북구,2016,구포역,경부선,3.5487826246034926,2004-04-01,2004,1
부산,북구,2017,구포역,경부선,3.5487826246034926,2004-04-01,2004,1
부산,북구,2018,구포역,경부선,3.5487826246034926,2004-04-01,2004,1
부산,북구,2019,구포역,경부선,3.5487826246034926,2004-04-01,2004,1
부산,북구,2020,구포역,경부선,3.5487826246034926,2004-04-01,2004,1
부산,북구,2021,구포역,경부선,3.5487826246034926,2004-04-01,2004,1
부산,북구,2022,구포역,경부선,3.5487826246034926,2004-04-01,2004,1
부산,북구,2023,구포역,경부선,3.5487826246034926,2004-04-01,2004,1
부산,북구,2024,구포역,경부선,3.5487826246034926,2004-04-01,2004,1
부산,북구,2025,구포역,경부선,3.5487826246034926,2004-04-01,2004,1
부산,사상구,2007,구포역,경부선,5.3590271541870464,2004-04-01,2004,1
부산,사상구,2008,구포역,경부선,5.3590271541870464,2004-04-01,2004,1
부산,사상구,2009,구포역,경부선,5.3590271541870464,2004-04-01,2004,1
부산,사상구,2010,구포역,경부선,5.3590271541870464,2004-04-01,2004,1
부산,사상구,2011,구포역,경부선,5.3590271541870464,2004-04-01,2004,1
부산,사상구,2012,구포역,경부선,5.3590271541870464,2004-04-01,2004,1
부산,사상구,2013,구포역,경부선,5.3590271541870464,2004-04-01,2004,1
부산,사상구,2014,구포역,경부선,5.3590271541870464,2004-04-01,2004,1
부산,사상구,2015,구포역,경부선,5.3590271541870464,2004-04-01,2004,1
부산,사상구,2016,구포역,경부선,5.3590271541870464,2004-04-01,2004,1
부산,사상구,2017,구포역,경부선,5.3590271541870464,2004-04-01,2004,1
부산,사상구,2018,구포역,경부선,5.3590271541870464,2004-04-01,2004,1
부산,사상구,2019,구포역,경부선,5.3590271541870464,2004-04-01,2004,1
부산,사상구,2020,구포역,경부선,5.3590271541870464,2004-04-01,2004,1
부산,사상구,2021,구포역,경부선,5.3590271541870464,2004-04-01,2004,1
부산,사상구,2022,구포역,경부선,5.3590271541870464,2004-04-01,2004,1
부산,사상구,2023,구포역,경부선,5.3590271541870464,2004-04-01,2004,1
부산,사상구,2024,구포역,경부선,5.3590271541870464,2004-04-01,2004,1
부산,사상구,2025,구포역,경부선,5.3590271541870464,2004-04-01,2004,1
부산,사하구,2007,부산역,경부고속,7.363388251676133,2004-04-01,2004,1
부산,사하구,2008,부산역,경부고속,7.363388251676133,2004-04-01,2004,1
부산,사하구,2009,부산역,경부고속,7.363388251676133,2004-04-01,2004,1
부산,사하구,2010,부산역,경부고속,7.363388251676133,2004-04-01,2004,1
부산,사하구,2011,부산역,경부고속,7.363388251676133,2004-04-01,2004,1
부산,사하구,2012,부산역,경부고속,7.363388251676133,2004-04-01,2004,1
부산,사하구,2013,부산역,경부고속,7.363388251676133,2004-04-01,2004,1
부산,사하구,2014,부산역,경부고속,7.363388251676133,2004-04-01,2004,1
부산,사하구,2015,부산역,경부고속,7.363388251676133,2004-04-01,2004,1
부산,사하구,2016,부산역,경부고속,7.363388251676133,2004-04-01,2004,1
부산,사하구,2017,부산역,경부고속,7.363388251676133,2004-04-01,2004,1
부산,사하구,2018,부산역,경부고속,7.363388251676133,2004-04-01,2004,1
부산,사하구,2019,부산역,경부고속,7.363388251676133,2004-04-01,2004,1
부산,사하구,2020,부산역,경부고속,7.363388251676133,2004-04-01,2004,1
부산,사하구,2021,부산역,경부고속,7.363388251676133,2004-04-01,2004,1
부산,사하구,2022,부산역,경부고속,7.363388251676133,2004-04-01,2004,1
부산,사하구,2023,부산역,경부고속,7.363388251676133,2004-04-01,2004,1
부산,사하구,2024,부산역,경부고속,7.363388251676133,2004-04-01,2004,1
부산,사하구,2025,부산역,경부고속,7.363388251676133,2004-04-01,2004,1
부산,서구,2007,부산역,경부고속,2.9032584162093067,2004-04-01,2004,1
부산,서구,2008,부산역,경부고속,2.9032584162093067,2004-04-01,2004,1
부산,서구,2009,부산역,경부고속,2.9032584162093067,2004-04-01,2004,1
부산,서구,2010,부산역,경부고속,2.9032584162093067,2004-04-01,2004,1
부산,서구,2011,부산역,경부고속,2.9032584162093067,2004-04-01,2004,1
부산,서구,2012,부산역,경부고속,2.9032584162093067,2004-04-01,2004,1
부산,서구,2013,부산역,경부고속,2.9032584162093067,2004-04-01,2004,1
부산,서구,2014,부산역,경부고속,2.9032584162093067,2004-04-01,2004,1
부산,서구,2015,부산역,경부고속,2.9032584162093067,2004-04-01,2004,1
부산,서구,2016,부산역,경부고속,2.9032584162093067,2004-04-01,2004,1
부산,서구,2017,부산역,경부고속,2.9032584162093067,2004-04-01,2004,1
부산,서구,2018,부산역,경부고속,2.9032584162093067,2004-04-01,2004,1
부산,서구,2019,부산역,경부고속,2.9032584162093067,2004-04-01,2004,1
부산,서구,2020,부산역,경부고속,2.9032584162093067,2004-04-01,2004,1
부산,서구,2021,부산역,경부고속,2.9032584162093067,2004-04-01,2004,1
부산,서구,2022,부산역,경부고속,2.9032584162093067,2004-04-01,2004,1
부산,서구,2023,부산역,경부고속,2.9032584162093067,2004-04-01,2004,1
부산,서구,2024,부산역,경부고속,2.9032584162093067,2004-04-01,2004,1
부산,서구,2025,부산역,경부고속,2.9032584162093067,2004-04-01,2004,1
부산,수영구,2007,부산역,경부고속,8.05819747174086,2004-04-01,2004,1
부산,수영구,2008,부산역,경부고속,8.05819747174086,2004-04-01,2004,1
부산,수영구,2009,부산역,경부고속,8.05819747174086,2004-04-01,2004,1
부산,수영구,2010,부산역,경부고속,8.05819747174086,2004-04-01,2004,1
부산,수영구,2011,부산역,경부고속,8.05819747174086,2004-04-01,2004,1
부산,수영구,2012,부산역,경부고속,8.05819747174086,2004-04-01,2004,1
부산,수영구,2013,부산역,경부고속,8.05819747174086,2004-04-01,2004,1
부산,수영구,2014,부산역,경부고속,8.05819747174086,2004-04-01,2004,1
부산,수영구,2015,부산역,경부고속,8.05819747174086,2004-04-01,2004,1
부산,수영구,2016,부산역,경부고속,8.05819747174086,2004-04-01,2004,1
부산,수영구,2017,부산역,경부고속,8.05819747174086,2004-04-01,2004,1
부산,수영구,2018,부산역,경부고속,8.05819747174086,2004-04-01,2004,1
부산,수영구,2019,부산역,경부고속,8.05819747174086,2004-04-01,2004,1
부산,수영구,2020,부산역,경부고속,8.05819747174086,2004-04-01,2004,1
부산,수영구,2021,부산역,경부고속,8.05819747174086,2004-04-01,2004,1
부산,수영구,2022,부산역,경부고속,8.05819747174086,2004-04-01,2004,1
부산,수영구,2023,부산역,경부고속,8.05819747174086,2004-04-01,2004,1
부산,수영구,2024,부산역,경부고속,8.05819747174086,2004-04-01,2004,1
부산,수영구,2025,부산역,경부고속,8.05819747174086,2004-04-01,2004,1
부산,연제구,2007,구포역,경부선,8.209966432726407,2004-04-01,2004,1
부산,연제구,2008,구포역,경부선,8.209966432726407,2004-04-01,2004,1
부산,연제구,2009,구포역,경부선,8.209966432726407,2004-04-01,2004,1
부산,연제구,2010,구포역,경부선,8.209966432726407,2004-04-01,2004,1
부산,연제구,2011,구포역,경부선,8.209966432726407,2004-04-01,2004,1
부산,연제구,2012,구포역,경부선,8.209966432726407,2004-04-01,2004,1
부산,연제구,2013,구포역,경부선,8.209966432726407,2004-04-01,2004,1
부산,연제구,2014,구포역,경부선,8.209966432726407,2004-04-01,2004,1
부산,연제구,2015,구포역,경부선,8.209966432726407,2004-04-01,2004,1
부산,연제구,2016,구포역,경부선,8.209966432726407,2004-04-01,2004,1
부산,연제구,2017,구포역,경부선,8.209966432726407,2004-04-01,2004,1
부산,연제구,2018,구포역,경부선,8.209966432726407,2004-04-01,2004,1
부산,연제구,2019,구포역,경부선,8.209966432726407,2004-04-01,2004,1
부산,연제구,2020,구포역,경부선,8.209966432726407,2004-04-01,2004,1
부산,연제구,2021,구포역,경부선,8.209966432726407,2004-04-01,2004,1
부산,연제구,2022,구포역,경부선,8.209966432726407,2004-04-01,2004,1
부산,연제구,2023,구포역,경부선,8.209966432726407,2004-04-01,2004,1
부산,연제구,2024,구포역,경부선,8.209966432726407,2004-04-01,2004,1
부산,연제구,2025,구포역,경부선,8.209966432726407,2004-04-01,2004,1
부산,영도구,2007,부산역,경부고속,4.529334549434949,2004-04-01,2004,1
부산,영도구,2008,부산역,경부고속,4.529334549434949,2004-04-01,2004,1
부산,영도구,2009,부산역,경부고속,4.529334549434949,2004-04-01,2004,1
부산,영도구,2010,부산역,경부고속,4.529334549434949,2004-04-01,2004,1
부산,영도구,2011,부산역,경부고속,4.529334549434949,2004-04-01,2004,1
부산,영도구,2012,부산역,경부고속,4.529334549434949,2004-04-01,2004,1
부산,영도구,2013,부산역,경부고속,4.529334549434949,2004-04-01,2004,1
부산,영도구,2014,부산역,경부고속,4.529334549434949,2004-04-01,2004,1
부산,영도구,2015,부산역,경부고속,4.529334549434949,2004-04-01,2004,1
부산,영도구,2016,부산역,경부고속,4.529334549434949,2004-04-01,2004,1
부산,영도구,2017,부산역,경부고속,4.529334549434949,2004-04-01,2004,1
부산,영도구,2018,부산역,경부고속,4.529334549434949,2004-04-01,2004,1
부산,영도구,2019,부산역,경부고속,4.529334549434949,2004-04-01,2004,1
부산,영도구,2020,부산역,경부고속,4.529334549434949,2004-04-01,2004,1
부산,영도구,2021,부산역,경부고속,4.529334549434949,2004-04-01,2004,1
부산,영도구,2022,부산역,경부고속,4.529334549434949,2004-04-01,2004,1
부산,영도구,2023,부산역,경부고속,4.529334549434949,2004-04-01,2004,1
부산,영도구,2024,부산역,경부고속,4.529334549434949,2004-04-01,2004,1
부산,영도구,2025,부산역,경부고속,4.529334549434949,2004-04-01,2004,1
부산,중구,2007,부산역,경부고속,1.4748492962275546,2004-04-01,2004,1
부산,중구,2008,부산역,경부고속,1.4748492962275546,2004-04-01,2004,1
부산,중구,2009,부산역,경부고속,1.4748492962275546,2004-04-01,2004,1
부산,중구,2010,부산역,경부고속,1.4748492962275546,2004-04-01,2004,1
부산,중구,2011,부산역,경부고속,1.4748492962275546,2004-04-01,2004,1
부산,중구,2012,부산역,경부고속,1.4748492962275546,2004-04-01,2004,1
부산,중구,2013,부산역,경부고속,1.4748492962275546,2004-04-01,2004,1
부산,중구,2014,부산역,경부고속,1.4748492962275546,2004-04-01,2004,1
부산,중구,2015,부산역,경부고속,1.4748492962275546,2004-04-01,2004,1
부산,중구,2016,부산역,경부고속,1.4748492962275546,2004-04-01,2004,1
부산,중구,2017,부산역,경부고속,1.4748492962275546,2004-04-01,2004,1
부산,중구,2018,부산역,경부고속,1.4748492962275546,2004-04-01,2004,1
부산,중구,2019,부산역,경부고속,1.4748492962275546,2004-04-01,2004,1
부산,중구,2020,부산역,경부고속,1.4748492962275546,2004-04-01,2004,1
부산,중구,2021,부산역,경부고속,1.4748492962275546,2004-04-01,2004,1
부산,중구,2022,부산역,경부고속,1.4748492962275546,2004-04-01,2004,1
부산,중구,2023,부산역,경부고속,1.4748492962275546,2004-04-01,2004,1
부산,중구,2024,부산역,경부고속,1.4748492962275546,2004-04-01,2004,1
부산,중구,2025,부산역,경부고속,1.4748492962275546,2004-04-01,2004,1
부산,해운대구,2007,부산역,경부고속,13.320383158696753,2004-04-01,2004,1
부산,해운대구,2008,부산역,경부고속,13.320383158696753,2004-04-01,2004,1
부산,해운대구,2009,부산역,경부고속,13.320383158696753,2004-04-01,2004,1
부산,해운대구,2010,부산역,경부고속,13.320383158696753,2004-04-01,2004,1
부산,해운대구,2011,부산역,경부고속,13.320383158696753,2004-04-01,2004,1
부산,해운대구,2012,부산역,경부고속,13.320383158696753,2004-04-01,2004,1
부산,해운대구,2013,부산역,경부고속,13.320383158696753,2004-04-01,2004,1
부산,해운대구,2014,부산역,경부고속,13.320383158696753,2004-04-01,2004,1
부산,해운대구,2015,부산역,경부고속,13.320383158696753,2004-04-01,2004,1
부산,해운대구,2016,부산역,경부고속,13.320383158696753,2004-04-01,2004,1
부산,해운대구,2017,부산역,경부고속,13.320383158696753,2004-04-01,2004,1
부산,해운대구,2018,부산역,경부고속,13.320383158696753,2004-04-01,2004,1
부산,해운대구,2019,부산역,경부고속,13.320383158696753,2004-04-01,2004,1
부산,해운대구,2020,부산역,경부고속,13.320383158696753,2004-04-01,2004,1
부산,해운대구,2021,부산역,경부고속,13.320383158696753,2004-04-01,2004,1
부산,해운대구,2022,부산역,경부고속,13.320383158696753,2004-04-01,2004,1
부산,해운대구,2023,부산역,경부고속,13.320383158696753,2004-04-01,2004,1
부산,해운대구,2024,부산역,경부고속,13.320383158696753,2004-04-01,2004,1
부산,해운대구,2025,부산역,경부고속,13.320383158696753,2004-04-01,2004,1
서울,강남구,2007,,,,,,0
서울,강남구,2008,,,,,,0
서울,강남구,2009,,,,,,0
서울,강남구,2010,,,,,,0
서울,강남구,2011,,,,,,0
서울,강남구,2012,,,,,,0
서울,강남구,2013,,,,,,0
서울,강남구,2014,,,,,,0
서울,강남구,2015,,,,,,0
서울,강남구,2016,,,,,,0
서울,강남구,2017,,,,,,0
서울,강남구,2018,,,,,,0
서울,강남구,2019,,,,,,0
서울,강남구,2020,,,,,,0
서울,강남구,2021,,,,,,0
서울,강남구,2022,,,,,,0
서울,강남구,2023,,,,,,0
서울,강남구,2024,,,,,,0
서울,강남구,2025,,,,,,0
서울,강동구,2007,,,,,,0
서울,강동구,2008,,,,,,0
서울,강동구,2009,,,,,,0
서울,강동구,2010,,,,,,0
서울,강동구,2011,,,,,,0
서울,강동구,2012,,,,,,0
서울,강동구,2013,,,,,,0
서울,강동구,2014,,,,,,0
서울,강동구,2015,,,,,,0
서울,강동구,2016,,,,,,0
서울,강동구,2017,,,,,,0
서울,강동구,2018,,,,,,0
서울,강동구,2019,,,,,,0
서울,강동구,2020,,,,,,0
서울,강동구,2021,,,,,,0
서울,강동구,2022,,,,,,0
서울,강동구,2023,,,,,,0
서울,강동구,2024,,,,,,0
서울,강동구,2025,,,,,,0
서울,강북구,2007,,,,,,0
서울,강북구,2008,,,,,,0
서울,강북구,2009,,,,,,0
서울,강북구,2010,,,,,,0
서울,강북구,2011,,,,,,0
서울,강북구,2012,,,,,,0
서울,강북구,2013,,,,,,0
서울,강북구,2014,,,,,,0
서울,강북구,2015,,,,,,0
서울,강북구,2016,,,,,,0
서울,강북구,2017,,,,,,0
서울,강북구,2018,,,,,,0
서울,강북구,2019,,,,,,0
서울,강북구,2020,,,,,,0
서울,강북구,2021,,,,,,0
서울,강북구,2022,,,,,,0
서울,강북구,2023,,,,,,0
서울,강북구,2024,,,,,,0
서울,강북구,2025,,,,,,0
서울,강서구,2007,,,,,,0
서울,강서구,2008,,,,,,0
서울,강서구,2009,,,,,,0
서울,강서구,2010,,,,,,0
서울,강서구,2011,,,,,,0
서울,강서구,2012,,,,,,0
서울,강서구,2013,,,,,,0
서울,강서구,2014,,,,,,0
서울,강서구,2015,,,,,,0
서울,강서구,2016,,,,,,0
서울,강서구,2017,,,,,,0
서울,강서구,2018,,,,,,0
서울,강서구,2019,,,,,,0
서울,강서구,2020,,,,,,0
서울,강서구,2021,,,,,,0
서울,강서구,2022,,,,,,0
서울,강서구,2023,,,,,,0
서울,강서구,2024,,,,,,0
서울,강서구,2025,,,,,,0
서울,관악구,2007,,,,,,0
서울,관악구,2008,,,,,,0
서울,관악구,2009,,,,,,0
서울,관악구,2010,,,,,,0
서울,관악구,2011,,,,,,0
서울,관악구,2012,,,,,,0
서울,관악구,2013,,,,,,0
서울,관악구,2014,,,,,,0
서울,관악구,2015,,,,,,0
서울,관악구,2016,,,,,,0
서울,관악구,2017,,,,,,0
서울,관악구,2018,,,,,,0
서울,관악구,2019,,,,,,0
서울,관악구,2020,,,,,,0
서울,관악구,2021,,,,,,0
서울,관악구,2022,,,,,,0
서울,관악구,2023,,,,,,0
서울,관악구,2024,,,,,,0
서울,관악구,2025,,,,,,0
서울,광진구,2007,,,,,,0
서울,광진구,2008,,,,,,0
서울,광진구,2009,,,,,,0
서울,광진구,2010,,,,,,0
서울,광진구,2011,,,,,,0
서울,광진구,2012,,,,,,0
서울,광진구,2013,,,,,,0
서울,광진구,2014,,,,,,0
서울,광진구,2015,,,,,,0
서울,광진구,2016,,,,,,0
서울,광진구,2017,,,,,,0
서울,광진구,2018,,,,,,0
서울,광진구,2019,,,,,,0
서울,광진구,2020,,,,,,0
서울,광진구,2021,,,,,,0
서울,광진구,2022,,,,,,0
서울,광진구,2023,,,,,,0
서울,광진구,2024,,,,,,0
서울,광진구,2025,,,,,,0
서울,구로구,2007,,,,,,0
서울,구로구,2008,,,,,,0
서울,구로구,2009,,,,,,0
서울,구로구,2010,,,,,,0
서울,구로구,2011,,,,,,0
서울,구로구,2012,,,,,,0
서울,구로구,2013,,,,,,0
서울,구로구,2014,,,,,,0
서울,구로구,2015,,,,,,0
서울,구로구,2016,,,,,,0
서울,구로구,2017,,,,,,0
서울,구로구,2018,,,,,,0
서울,구로구,2019,,,,,,0
서울,구로구,2020,,,,,,0
서울,구로구,2021,,,,,,0
서울,구로구,2022,,,,,,0
서울,구로구,2023,,,,,,0
서울,구로구,2024,,,,,,0
서울,구로구,2025,,,,,,0
서울,금천구,2007,,,,,,0
서울,금천구,2008,,,,,,0
서울,금천구,2009,,,,,,0
서울,금천구,2010,,,,,,0
서울,금천구,2011,,,,,,0
서울,금천구,2012,,,,,,0
서울,금천구,2013,,,,,,0
서울,금천구,2014,,,,,,0
서울,금천구,2015,,,,,,0
서울,금천구,2016,,,,,,0
서울,금천구,2017,,,,,,0
서울,금천구,2018,,,,,,0
서울,금천구,2019,,,,,,0
서울,금천구,2020,,,,,,0
서울,금천구,2021,,,,,,0
서울,금천구,2022,,,,,,0
서울,금천구,2023,,,,,,0
서울,금천구,2024,,,,,,0
서울,금천구,2025,,,,,,0
서울,노원구,2007,,,,,,0
서울,노원구,2008,,,,,,0
서울,노원구,2009,,,,,,0
서울,노원구,2010,,,,,,0
서울,노원구,2011,,,,,,0
서울,노원구,2012,,,,,,0
서울,노원구,2013,,,,,,0
서울,노원구,2014,,,,,,0
서울,노원구,2015,,,,,,0
서울,노원구,2016,,,,,,0
서울,노원구,2017,,,,,,0
서울,노원구,2018,,,,,,0
서울,노원구,2019,,,,,,0
서울,노원구,2020,,,,,,0
서울,노원구,2021,,,,,,0
서울,노원구,2022,,,,,,0
서울,노원구,2023,,,,,,0
서울,노원구,2024,,,,,,0
서울,노원구,2025,,,,,,0
서울,도봉구,2007,,,,,,0
서울,도봉구,2008,,,,,,0
서울,도봉구,2009,,,,,,0
서울,도봉구,2010,,,,,,0
서울,도봉구,2011,,,,,,0
서울,도봉구,2012,,,,,,0
서울,도봉구,2013,,,,,,0
서울,도봉구,2014,,,,,,0
서울,도봉구,2015,,,,,,0
서울,도봉구,2016,,,,,,0
서울,도봉구,2017,,,,,,0
서울,도봉구,2018,,,,,,0
서울,도봉구,2019,,,,,,0
서울,도봉구,2020,,,,,,0
서울,도봉구,2021,,,,,,0
서울,도봉구,2022,,,,,,0
서울,도봉구,2023,,,,,,0
서울,도봉구,2024,,,,,,0
서울,도봉구,2025,,,,,,0
서울,동대문구,2007,,,,,,0
서울,동대문구,2008,,,,,,0
서울,동대문구,2009,,,,,,0
서울,동대문구,2010,,,,,,0
서울,동대문구,2011,,,,,,0
서울,동대문구,2012,,,,,,0
서울,동대문구,2013,,,,,,0
서울,동대문구,2014,,,,,,0
서울,동대문구,2015,,,,,,0
서울,동대문구,2016,,,,,,0
서울,동대문구,2017,,,,,,0
서울,동대문구,2018,,,,,,0
서울,동대문구,2019,,,,,,0
서울,동대문구,2020,,,,,,0
서울,동대문구,2021,,,,,,0
서울,동대문구,2022,,,,,,0
서울,동대문구,2023,,,,,,0
서울,동대문구,2024,,,,,,0
서울,동대문구,2025,,,,,,0
서울,동작구,2007,,,,,,0
서울,동작구,2008,,,,,,0
서울,동작구,2009,,,,,,0
서울,동작구,2010,,,,,,0
서울,동작구,2011,,,,,,0
서울,동작구,2012,,,,,,0
서울,동작구,2013,,,,,,0
서울,동작구,2014,,,,,,0
서울,동작구,2015,,,,,,0
서울,동작구,2016,,,,,,0
서울,동작구,2017,,,,,,0
서울,동작구,2018,,,,,,0
서울,동작구,2019,,,,,,0
서울,동작구,2020,,,,,,0
서울,동작구,2021,,,,,,0
서울,동작구,2022,,,,,,0
서울,동작구,2023,,,,,,0
서울,동작구,2024,,,,,,0
서울,동작구,2025,,,,,,0
서울,마포구,2007,,,,,,0
서울,마포구,2008,,,,,,0
서울,마포구,2009,,,,,,0
서울,마포구,2010,,,,,,0
서울,마포구,2011,,,,,,0
서울,마포구,2012,,,,,,0
서울,마포구,2013,,,,,,0
서울,마포구,2014,,,,,,0
서울,마포구,2015,,,,,,0
서울,마포구,2016,,,,,,0
서울,마포구,2017,,,,,,0
서울,마포구,2018,,,,,,0
서울,마포구,2019,,,,,,0
서울,마포구,2020,,,,,,0
서울,마포구,2021,,,,,,0
서울,마포구,2022,,,,,,0
서울,마포구,2023,,,,,,0
서울,마포구,2024,,,,,,0
서울,마포구,2025,,,,,,0
서울,서대문구,2007,,,,,,0
서울,서대문구,2008,,,,,,0
서울,서대문구,2009,,,,,,0
서울,서대문구,2010,,,,,,0
서울,서대문구,2011,,,,,,0
서울,서대문구,2012,,,,,,0
서울,서대문구,2013,,,,,,0
서울,서대문구,2014,,,,,,0
서울,서대문구,2015,,,,,,0
서울,서대문구,2016,,,,,,0
서울,서대문구,2017,,,,,,0
서울,서대문구,2018,,,,,,0
서울,서대문구,2019,,,,,,0
서울,서대문구,2020,,,,,,0
서울,서대문구,2021,,,,,,0
서울,서대문구,2022,,,,,,0
서울,서대문구,2023,,,,,,0
서울,서대문구,2024,,,,,,0
서울,서대문구,2025,,,,,,0
서울,서초구,2007,,,,,,0
서울,서초구,2008,,,,,,0
서울,서초구,2009,,,,,,0
서울,서초구,2010,,,,,,0
서울,서초구,2011,,,,,,0
서울,서초구,2012,,,,,,0
서울,서초구,2013,,,,,,0
서울,서초구,2014,,,,,,0
서울,서초구,2015,,,,,,0
서울,서초구,2016,,,,,,0
서울,서초구,2017,,,,,,0
서울,서초구,2018,,,,,,0
서울,서초구,2019,,,,,,0
서울,서초구,2020,,,,,,0
서울,서초구,2021,,,,,,0
서울,서초구,2022,,,,,,0
서울,서초구,2023,,,,,,0
서울,서초구,2024,,,,,,0
서울,서초구,2025,,,,,,0
서울,성동구,2007,,,,,,0
서울,성동구,2008,,,,,,0
서울,성동구,2009,,,,,,0
서울,성동구,2010,,,,,,0
서울,성동구,2011,,,,,,0
서울,성동구,2012,,,,,,0
서울,성동구,2013,,,,,,0
서울,성동구,2014,,,,,,0
서울,성동구,2015,,,,,,0
서울,성동구,2016,,,,,,0
서울,성동구,2017,,,,,,0
서울,성동구,2018,,,,,,0
서울,성동구,2019,,,,,,0
서울,성동구,2020,,,,,,0
서울,성동구,2021,,,,,,0
서울,성동구,2022,,,,,,0
서울,성동구,2023,,,,,,0
서울,성동구,2024,,,,,,0
서울,성동구,2025,,,,,,0
서울,성북구,2007,,,,,,0
서울,성북구,2008,,,,,,0
서울,성북구,2009,,,,,,0
서울,성북구,2010,,,,,,0
서울,성북구,2011,,,,,,0
서울,성북구,2012,,,,,,0
서울,성북구,2013,,,,,,0
서울,성북구,2014,,,,,,0
서울,성북구,2015,,,,,,0
서울,성북구,2016,,,,,,0
서울,성북구,2017,,,,,,0
서울,성북구,2018,,,,,,0
서울,성북구,2019,,,,,,0
서울,성북구,2020,,,,,,0
서울,성북구,2021,,,,,,0
서울,성북구,2022,,,,,,0
서울,성북구,2023,,,,,,0
서울,성북구,2024,,,,,,0
서울,성북구,2025,,,,,,0
서울,송파구,2007,,,,,,0
서울,송파구,2008,,,,,,0
서울,송파구,2009,,,,,,0
서울,송파구,2010,,,,,,0
서울,송파구,2011,,,,,,0
서울,송파구,2012,,,,,,0
서울,송파구,2013,,,,,,0
서울,송파구,2014,,,,,,0
서울,송파구,2015,,,,,,0
서울,송파구,2016,,,,,,0
서울,송파구,2017,,,,,,0
서울,송파구,2018,,,,,,0
서울,송파구,2019,,,,,,0
서울,송파구,2020,,,,,,0
서울,송파구,2021,,,,,,0
서울,송파구,2022,,,,,,0
서울,송파구,2023,,,,,,0
서울,송파구,2024,,,,,,0
서울,송파구,2025,,,,,,0
서울,양천구,2007,,,,,,0
서울,양천구,2008,,,,,,0
서울,양천구,2009,,,,,,0
서울,양천구,2010,,,,,,0
서울,양천구,2011,,,,,,0
서울,양천구,2012,,,,,,0
서울,양천구,2013,,,,,,0
서울,양천구,2014,,,,,,0
서울,양천구,2015,,,,,,0
서울,양천구,2016,,,,,,0
서울,양천구,2017,,,,,,0
서울,양천구,2018,,,,,,0
서울,양천구,2019,,,,,,0
서울,양천구,2020,,,,,,0
서울,양천구,2021,,,,,,0
서울,양천구,2022,,,,,,0
서울,양천구,2023,,,,,,0
서울,양천구,2024,,,,,,0
서울,양천구,2025,,,,,,0
서울,영등포구,2007,,,,,,0
서울,영등포구,2008,,,,,,0
서울,영등포구,2009,,,,,,0
서울,영등포구,2010,,,,,,0
서울,영등포구,2011,,,,,,0
서울,영등포구,2012,,,,,,0
서울,영등포구,2013,,,,,,0
서울,영등포구,2014,,,,,,0
서울,영등포구,2015,,,,,,0
서울,영등포구,2016,,,,,,0
서울,영등포구,2017,,,,,,0
서울,영등포구,2018,,,,,,0
서울,영등포구,2019,,,,,,0
서울,영등포구,2020,,,,,,0
서울,영등포구,2021,,,,,,0
서울,영등포구,2022,,,,,,0
서울,영등포구,2023,,,,,,0
서울,영등포구,2024,,,,,,0
서울,영등포구,2025,,,,,,0
서울,용산구,2007,,,,,,0
서울,용산구,2008,,,,,,0
서울,용산구,2009,,,,,,0
서울,용산구,2010,,,,,,0
서울,용산구,2011,,,,,,0
서울,용산구,2012,,,,,,0
서울,용산구,2013,,,,,,0
서울,용산구,2014,,,,,,0
서울,용산구,2015,,,,,,0
서울,용산구,2016,,,,,,0
서울,용산구,2017,,,,,,0
서울,용산구,2018,,,,,,0
서울,용산구,2019,,,,,,0
서울,용산구,2020,,,,,,0
서울,용산구,2021,,,,,,0
서울,용산구,2022,,,,,,0
서울,용산구,2023,,,,,,0
서울,용산구,2024,,,,,,0
서울,용산구,2025,,,,,,0
서울,은평구,2007,,,,,,0
서울,은평구,2008,,,,,,0
서울,은평구,2009,,,,,,0
서울,은평구,2010,,,,,,0
서울,은평구,2011,,,,,,0
서울,은평구,2012,,,,,,0
서울,은평구,2013,,,,,,0
서울,은평구,2014,,,,,,0
서울,은평구,2015,,,,,,0
서울,은평구,2016,,,,,,0
서울,은평구,2017,,,,,,0
서울,은평구,2018,,,,,,0
서울,은평구,2019,,,,,,0
서울,은평구,2020,,,,,,0
서울,은평구,2021,,,,,,0
서울,은평구,2022,,,,,,0
서울,은평구,2023,,,,,,0
서울,은평구,2024,,,,,,0
서울,은평구,2025,,,,,,0
서울,종로구,2007,,,,,,0
서울,종로구,2008,,,,,,0
서울,종로구,2009,,,,,,0
서울,종로구,2010,,,,,,0
서울,종로구,2011,,,,,,0
서울,종로구,2012,,,,,,0
서울,종로구,2013,,,,,,0
서울,종로구,2014,,,,,,0
서울,종로구,2015,,,,,,0
서울,종로구,2016,,,,,,0
서울,종로구,2017,,,,,,0
서울,종로구,2018,,,,,,0
서울,종로구,2019,,,,,,0
서울,종로구,2020,,,,,,0
서울,종로구,2021,,,,,,0
서울,종로구,2022,,,,,,0
서울,종로구,2023,,,,,,0
서울,종로구,2024,,,,,,0
서울,종로구,2025,,,,,,0
서울,중구,2007,,,,,,0
서울,중구,2008,,,,,,0
서울,중구,2009,,,,,,0
서울,중구,2010,,,,,,0
서울,중구,2011,,,,,,0
서울,중구,2012,,,,,,0
서울,중구,2013,,,,,,0
서울,중구,2014,,,,,,0
서울,중구,2015,,,,,,0
서울,중구,2016,,,,,,0
서울,중구,2017,,,,,,0
서울,중구,2018,,,,,,0
서울,중구,2019,,,,,,0
서울,중구,2020,,,,,,0
서울,중구,2021,,,,,,0
서울,중구,2022,,,,,,0
서울,중구,2023,,,,,,0
서울,중구,2024,,,,,,0
서울,중구,2025,,,,,,0
서울,중랑구,2007,,,,,,0
서울,중랑구,2008,,,,,,0
서울,중랑구,2009,,,,,,0
서울,중랑구,2010,,,,,,0
서울,중랑구,2011,,,,,,0
서울,중랑구,2012,,,,,,0
서울,중랑구,2013,,,,,,0
서울,중랑구,2014,,,,,,0
서울,중랑구,2015,,,,,,0
서울,중랑구,2016,,,,,,0
서울,중랑구,2017,,,,,,0
서울,중랑구,2018,,,,,,0
서울,중랑구,2019,,,,,,0
서울,중랑구,2020,,,,,,0
서울,중랑구,2021,,,,,,0
서울,중랑구,2022,,,,,,0
서울,중랑구,2023,,,,,,0
서울,중랑구,2024,,,,,,0
서울,중랑구,2025,,,,,,0
울산,남구,2007,구포역,경부선,45.71901376240034,2004-04-01,2004,1
울산,남구,2008,구포역,경부선,45.71901376240034,2004-04-01,2004,1
울산,남구,2009,구포역,경부선,45.71901376240034,2004-04-01,2004,1
울산,남구,2010,구포역,경부선,45.71901376240034,2004-04-01,2004,1
울산,남구,2011,구포역,경부선,45.71901376240034,2004-04-01,2004,1
울산,남구,2012,구포역,경부선,45.71901376240034,2004-04-01,2004,1
울산,남구,2013,구포역,경부선,45.71901376240034,2004-04-01,2004,1
울산,남구,2014,구포역,경부선,45.71901376240034,2004-04-01,2004,1
울산,남구,2015,구포역,경부선,45.71901376240034,2004-04-01,2004,1
울산,남구,2016,구포역,경부선,45.71901376240034,2004-04-01,2004,1
울산,남구,2017,구포역,경부선,45.71901376240034,2004-04-01,2004,1
울산,남구,2018,구포역,경부선,45.71901376240034,2004-04-01,2004,1
울산,남구,2019,구포역,경부선,45.71901376240034,2004-04-01,2004,1
울산,남구,2020,구포역,경부선,45.71901376240034,2004-04-01,2004,1
울산,남구,2021,구포역,경부선,45.71901376240034,2004-04-01,2004,1
울산,남구,2022,구포역,경부선,45.71901376240034,2004-04-01,2004,1
울산,남구,2023,구포역,경부선,45.71901376240034,2004-04-01,2004,1
울산,남구,2024,구포역,경부선,45.71901376240034,2004-04-01,2004,1
울산,남구,2025,구포역,경부선,45.71901376240034,2004-04-01,2004,1
울산,동구,2007,울산역,경부고속,6.642066920546303,2010-11-01,2011,0
울산,동구,2008,울산역,경부고속,6.642066920546303,2010-11-01,2011,0
울산,동구,2009,울산역,경부고속,6.642066920546303,2010-11-01,2011,0
울산,동구,2010,울산역,경부고속,6.642066920546303,2010-11-01,2011,0
울산,동구,2011,울산역,경부고속,6.642066920546303,2010-11-01,2011,1
울산,동구,2012,울산역,경부고속,6.642066920546303,2010-11-01,2011,1
울산,동구,2013,울산역,경부고속,6.642066920546303,2010-11-01,2011,1
울산,동구,2014,울산역,경부고속,6.642066920546303,2010-11-01,2011,1
울산,동구,2015,울산역,경부고속,6.642066920546303,2010-11-01,2011,1
울산,동구,2016,울산역,경부고속,6.642066920546303,2010-11-01,2011,1
울산,동구,2017,울산역,경부고속,6.642066920546303,2010-11-01,2011,1
울산,동구,2018,울산역,경부고속,6.642066920546303,2010-11-01,2011,1
울산,동구,2019,울산역,경부고속,6.642066920546303,2010-11-01,2011,1
울산,동구,2020,울산역,경부고속,6.642066920546303,2010-11-01,2011,1
울산,동구,2021,울산역,경부고속,6.642066920546303,2010-11-01,2011,1
울산,동구,2022,울산역,경부고속,6.642066920546303,2010-11-01,2011,1
울산,동구,2023,울산역,경부고속,6.642066920546303,2010-11-01,2011,1
울산,동구,2024,울산역,경부고속,6.642066920546303,2010-11-01,2011,1
울산,동구,2025,울산역,경부고속,6.642066920546303,2010-11-01,2011,1
울산,북구,2007,울산역,경부고속,8.153588440256572,2010-11-01,2011,0
울산,북구,2008,울산역,경부고속,8.153588440256572,2010-11-01,2011,0
울산,북구,2009,울산역,경부고속,8.153588440256572,2010-11-01,2011,0
울산,북구,2010,울산역,경부고속,8.153588440256572,2010-11-01,2011,0
울산,북구,2011,울산역,경부고속,8.153588440256572,2010-11-01,2011,1
울산,북구,2012,울산역,경부고속,8.153588440256572,2010-11-01,2011,1
울산,북구,2013,울산역,경부고속,8.153588440256572,2010-11-01,2011,1
울산,북구,2014,울산역,경부고속,8.153588440256572,2010-11-01,2011,1
울산,북구,2015,울산역,경부고속,8.153588440256572,2010-11-01,2011,1
울산,북구,2016,울산역,경부고속,8.153588440256572,2010-11-01,2011,1
울산,북구,2017,울산역,경부고속,8.153588440256572,2010-11-01,2011,1
울산,북구,2018,울산역,경부고속,8.153588440256572,2010-11-01,2011,1
울산,북구,2019,울산역,경부고속,8.153588440256572,2010-11-01,2011,1
울산,북구,2020,울산역,경부고속,8.153588440256572,2010-11-01,2011,1
울산,북구,2021,울산역,경부고속,8.153588440256572,2010-11-01,2011,1
울산,북구,2022,울산역,경부고속,8.153588440256572,2010-11-01,2011,1
울산,북구,2023,울산역,경부고속,8.153588440256572,2010-11-01,2011,1
울산,북구,2024,울산역,경부고속,8.153588440256572,2010-11-01,2011,1
울산,북구,2025,울산역,경부고속,8.153588440256572,2010-11-01,2011,1
울산,울주군,2007,밀양역,경부선,38.60354873660777,2004-04-01,2004,1
울산,울주군,2008,밀양역,경부선,38.60354873660777,2004-04-01,2004,1
울산,울주군,2009,밀양역,경부선,38.60354873660777,2004-04-01,2004,1
울산,울주군,2010,밀양역,경부선,38.60354873660777,2004-04-01,2004,1
울산,울주군,2011,밀양역,경부선,38.60354873660777,2004-04-01,2004,1
울산,울주군,2012,밀양역,경부선,38.60354873660777,2004-04-01,2004,1
울산,울주군,2013,밀양역,경부선,38.60354873660777,2004-04-01,2004,1
울산,울주군,2014,밀양역,경부선,38.60354873660777,2004-04-01,2004,1
울산,울주군,2015,밀양역,경부선,38.60354873660777,2004-04-01,2004,1
울산,울주군,2016,밀양역,경부선,38.60354873660777,2004-04-01,2004,1
울산,울주군,2017,밀양역,경부선,38.60354873660777,2004-04-01,2004,1
울산,울주군,2018,밀양역,경부선,38.60354873660777,2004-04-01,2004,1
울산,울주군,2019,밀양역,경부선,38.60354873660777,2004-04-01,2004,1
울산,울주군,2020,밀양역,경부선,38.60354873660777,2004-04-01,2004,1
울산,울주군,2021,밀양역,경부선,38.60354873660777,2004-04-01,2004,1
울산,울주군,2022,밀양역,경부선,38.60354873660777,2004-04-01,2004,1
울산,울주군,2023,밀양역,경부선,38.60354873660777,2004-04-01,2004,1
울산,울주군,2024,밀양역,경부선,38.60354873660777,2004-04-01,2004,1
울산,울주군,2025,밀양역,경부선,38.60354873660777,2004-04-01,2004,1
울산,중구,2007,구포역,경부선,49.415950629976685,2004-04-01,2004,1
울산,중구,2008,구포역,경부선,49.415950629976685,2004-04-01,2004,1
울산,중구,2009,구포역,경부선,49.415950629976685,2004-04-01,2004,1
울산,중구,2010,구포역,경부선,49.415950629976685,2004-04-01,2004,1
울산,중구,2011,구포역,경부선,49.415950629976685,2004-04-01,2004,1
울산,중구,2012,구포역,경부선,49.415950629976685,2004-04-01,2004,1
울산,중구,2013,구포역,경부선,49.415950629976685,2004-04-01,2004,1
울산,중구,2014,구포역,경부선,49.415950629976685,2004-04-01,2004,1
울산,중구,2015,구포역,경부선,49.415950629976685,2004-04-01,2004,1
울산,중구,2016,구포역,경부선,49.415950629976685,2004-04-01,2004,1
울산,중구,2017,구포역,경부선,49.415950629976685,2004-04-01,2004,1
울산,중구,2018,구포역,경부선,49.415950629976685,2004-04-01,2004,1
울산,중구,2019,구포역,경부선,49.415950629976685,2004-04-01,2004,1
울산,중구,2020,구포역,경부선,49.415950629976685,2004-04-01,2004,1
울산,중구,2021,구포역,경부선,49.415950629976685,2004-04-01,2004,1
울산,중구,2022,구포역,경부선,49.415950629976685,2004-04-01,2004,1
울산,중구,2023,구포역,경부선,49.415950629976685,2004-04-01,2004,1
울산,중구,2024,구포역,경부선,49.415950629976685,2004-04-01,2004,1
울산,중구,2025,구포역,경부선,49.415950629976685,2004-04-01,2004,1
인천,강화군,2007,,,,,,0
인천,강화군,2008,,,,,,0
인천,강화군,2009,,,,,,0
인천,강화군,2010,,,,,,0
인천,강화군,2011,,,,,,0
인천,강화군,2012,,,,,,0
인천,강화군,2013,,,,,,0
인천,강화군,2014,,,,,,0
인천,강화군,2015,,,,,,0
인천,강화군,2016,,,,,,0
인천,강화군,2017,,,,,,0
인천,강화군,2018,,,,,,0
인천,강화군,2019,,,,,,0
인천,강화군,2020,,,,,,0
인천,강화군,2021,,,,,,0
인천,강화군,2022,,,,,,0
인천,강화군,2023,,,,,,0
인천,강화군,2024,,,,,,0
인천,강화군,2025,,,,,,0
인천,계양구,2007,,,,,,0
인천,계양구,2008,,,,,,0
인천,계양구,2009,,,,,,0
인천,계양구,2010,,,,,,0
인천,계양구,2011,,,,,,0
인천,계양구,2012,,,,,,0
인천,계양구,2013,,,,,,0
인천,계양구,2014,,,,,,0
인천,계양구,2015,,,,,,0
인천,계양구,2016,,,,,,0
인천,계양구,2017,,,,,,0
인천,계양구,2018,,,,,,0
인천,계양구,2019,,,,,,0
인천,계양구,2020,,,,,,0
인천,계양구,2021,,,,,,0
인천,계양구,2022,,,,,,0
인천,계양구,2023,,,,,,0
인천,계양구,2024,,,,,,0
인천,계양구,2025,,,,,,0
인천,남구,2007,,,,,,0
인천,남구,2008,,,,,,0
인천,남구,2009,,,,,,0
인천,남구,2010,,,,,,0
인천,남구,2011,,,,,,0
인천,남구,2012,,,,,,0
인천,남구,2013,,,,,,0
인천,남구,2014,,,,,,0
인천,남구,2015,,,,,,0
인천,남구,2016,,,,,,0
인천,남구,2017,,,,,,0
인천,남구,2018,,,,,,0
인천,남구,2019,,,,,,0
인천,남구,2020,,,,,,0
인천,남구,2021,,,,,,0
인천,남구,2022,,,,,,0
인천,남구,2023,,,,,,0
인천,남구,2024,,,,,,0
인천,남구,2025,,,,,,0
인천,남동구,2007,,,,,,0
인천,남동구,2008,,,,,,0
인천,남동구,2009,,,,,,0
인천,남동구,2010,,,,,,0
인천,남동구,2011,,,,,,0
인천,남동구,2012,,,,,,0
인천,남동구,2013,,,,,,0
인천,남동구,2014,,,,,,0
인천,남동구,2015,,,,,,0
인천,남동구,2016,,,,,,0
인천,남동구,2017,,,,,,0
인천,남동구,2018,,,,,,0
인천,남동구,2019,,,,,,0
인천,남동구,2020,,,,,,0
인천,남동구,2021,,,,,,0
인천,남동구,2022,,,,,,0
인천,남동구,2023,,,,,,0
인천,남동구,2024,,,,,,0
인천,남동구,2025,,,,,,0
인천,동구,2007,,,,,,0
인천,동구,2008,,,,,,0
인천,동구,2009,,,,,,0
인천,동구,2010,,,,,,0
인천,동구,2011,,,,,,0
인천,동구,2012,,,,,,0
인천,동구,2013,,,,,,0
인천,동구,2014,,,,,,0
인천,동구,2015,,,,,,0
인천,동구,2016,,,,,,0
인천,동구,2017,,,,,,0
인천,동구,2018,,,,,,0
인천,동구,2019,,,,,,0
인천,동구,2020,,,,,,0
인천,동구,2021,,,,,,0
인천,동구,2022,,,,,,0
인천,동구,2023,,,,,,0
인천,동구,2024,,,,,,0
인천,동구,2025,,,,,,0
인천,부평구,2007,,,,,,0
인천,부평구,2008,,,,,,0
인천,부평구,2009,,,,,,0
인천,부평구,2010,,,,,,0
인천,부평구,2011,,,,,,0
인천,부평구,2012,,,,,,0
인천,부평구,2013,,,,,,0
인천,부평구,2014,,,,,,0
인천,부평구,2015,,,,,,0
인천,부평구,2016,,,,,,0
인천,부평구,2017,,,,,,0
인천,부평구,2018,,,,,,0
인천,부평구,2019,,,,,,0
인천,부평구,2020,,,,,,0
인천,부평구,2021,,,,,,0
인천,부평구,2022,,,,,,0
인천,부평구,2023,,,,,,0
인천,부평구,2024,,,,,,0
인천,부평구,2025,,,,,,0
인천,서구,2007,,,,,,0
인천,서구,2008,,,,,,0
인천,서구,2009,,,,,,0
인천,서구,2010,,,,,,0
인천,서구,2011,,,,,,0
인천,서구,2012,,,,,,0
인천,서구,2013,,,,,,0
인천,서구,2014,,,,,,0
인천,서구,2015,,,,,,0
인천,서구,2016,,,,,,0
인천,서구,2017,,,,,,0
인천,서구,2018,,,,,,0
인천,서구,2019,,,,,,0
인천,서구,2020,,,,,,0
인천,서구,2021,,,,,,0
인천,서구,2022,,,,,,0
인천,서구,2023,,,,,,0
인천,서구,2024,,,,,,0
인천,서구,2025,,,,,,0
인천,연수구,2007,,,,,,0
인천,연수구,2008,,,,,,0
인천,연수구,2009,,,,,,0
인천,연수구,2010,,,,,,0
인천,연수구,2011,,,,,,0
인천,연수구,2012,,,,,,0
인천,연수구,2013,,,,,,0
인천,연수구,2014,,,,,,0
인천,연수구,2015,,,,,,0
인천,연수구,2016,,,,,,0
인천,연수구,2017,,,,,,0
인천,연수구,2018,,,,,,0
인천,연수구,2019,,,,,,0
인천,연수구,2020,,,,,,0
인천,연수구,2021,,,,,,0
인천,연수구,2022,,,,,,0
인천,연수구,2023,,,,,,0
인천,연수구,2024,,,,,,0
인천,연수구,2025,,,,,,0
인천,옹진군,2007,,,,,,0
인천,옹진군,2008,,,,,,0
인천,옹진군,2009,,,,,,0
인천,옹진군,2010,,,,,,0
인천,옹진군,2011,,,,,,0
인천,옹진군,2012,,,,,,0
인천,옹진군,2013,,,,,,0
인천,옹진군,2014,,,,,,0
인천,옹진군,2015,,,,,,0
인천,옹진군,2016,,,,,,0
인천,옹진군,2017,,,,,,0
인천,옹진군,2018,,,,,,0
인천,옹진군,2019,,,,,,0
인천,옹진군,2020,,,,,,0
인천,옹진군,2021,,,,,,0
인천,옹진군,2022,,,,,,0
인천,옹진군,2023,,,,,,0
인천,옹진군,2024,,,,,,0
인천,옹진군,2025,,,,,,0
인천,중구,2007,,,,,,0
인천,중구,2008,,,,,,0
인천,중구,2009,,,,,,0
인천,중구,2010,,,,,,0
인천,중구,2011,,,,,,0
인천,중구,2012,,,,,,0
인천,중구,2013,,,,,,0
인천,중구,2014,,,,,,0
인천,중구,2015,,,,,,0
인천,중구,2016,,,,,,0
인천,중구,2017,,,,,,0
인천,중구,2018,,,,,,0
인천,중구,2019,,,,,,0
인천,중구,2020,,,,,,0
인천,중구,2021,,,,,,0
인천,중구,2022,,,,,,0
인천,중구,2023,,,,,,0
인천,중구,2024,,,,,,0
인천,중구,2025,,,,,,0
전남,강진군,2007,목포역,호남선,40.10233626284616,2015-04-02,2015,0
전남,강진군,2008,목포역,호남선,40.10233626284616,2015-04-02,2015,0
전남,강진군,2009,목포역,호남선,40.10233626284616,2015-04-02,2015,0
전남,강진군,2010,목포역,호남선,40.10233626284616,2015-04-02,2015,0
전남,강진군,2011,목포역,호남선,40.10233626284616,2015-04-02,2015,0
전남,강진군,2012,목포역,호남선,40.10233626284616,2015-04-02,2015,0
전남,강진군,2013,목포역,호남선,40.10233626284616,2015-04-02,2015,0
전남,강진군,2014,목포역,호남선,40.10233626284616,2015-04-02,2015,0
전남,강진군,2015,목포역,호남선,40.10233626284616,2015-04-02,2015,1
전남,강진군,2016,목포역,호남선,40.10233626284616,2015-04-02,2015,1
전남,강진군,2017,목포역,호남선,40.10233626284616,2015-04-02,2015,1
전남,강진군,2018,목포역,호남선,40.10233626284616,2015-04-02,2015,1
전남,강진군,2019,목포역,호남선,40.10233626284616,2015-04-02,2015,1
전남,강진군,2020,목포역,호남선,40.10233626284616,2015-04-02,2015,1
전남,강진군,2021,목포역,호남선,40.10233626284616,2015-04-02,2015,1
전남,강진군,2022,목포역,호남선,40.10233626284616,2015-04-02,2015,1
전남,강진군,2023,목포역,호남선,40.10233626284616,2015-04-02,2015,1
전남,강진군,2024,목포역,호남선,40.10233626284616,2015-04-02,2015,1
전남,강진군,2025,목포역,호남선,40.10233626284616,2015-04-02,2015,1
전남,고흥군,2007,여천역,전라선,36.7797654176555,2011-10-05,2012,0
전남,고흥군,2008,여천역,전라선,36.7797654176555,2011-10-05,2012,0
전남,고흥군,2009,여천역,전라선,36.7797654176555,2011-10-05,2012,0
전남,고흥군,2010,여천역,전라선,36.7797654176555,2011-10-05,2012,0
전남,고흥군,2011,여천역,전라선,36.7797654176555,2011-10-05,2012,0
전남,고흥군,2012,여천역,전라선,36.7797654176555,2011-10-05,2012,1
전남,고흥군,2013,여천역,전라선,36.7797654176555,2011-10-05,2012,1
전남,고흥군,2014,여천역,전라선,36.7797654176555,2011-10-05,2012,1
전남,고흥군,2015,여천역,전라선,36.7797654176555,2011-10-05,2012,1
전남,고흥군,2016,여천역,전라선,36.7797654176555,2011-10-05,2012,1
전남,고흥군,2017,여천역,전라선,36.7797654176555,2011-10-05,2012,1
전남,고흥군,2018,여천역,전라선,36.7797654176555,2011-10-05,2012,1
전남,고흥군,2019,여천역,전라선,36.7797654176555,2011-10-05,2012,1
전남,고흥군,2020,여천역,전라선,36.7797654176555,2011-10-05,2012,1
전남,고흥군,2021,여천역,전라선,36.7797654176555,2011-10-05,2012,1
전남,고흥군,2022,여천역,전라선,36.7797654176555,2011-10-05,2012,1
전남,고흥군,2023,여천역,전라선,36.7797654176555,2011-10-05,2012,1
전남,고흥군,2024,여천역,전라선,36.7797654176555,2011-10-05,2012,1
전남,고흥군,2025,여천역,전라선,36.7797654176555,2011-10-05,2012,1
전남,곡성군,2007,곡성역,전라선,8.264495448029658,2011-10-05,2012,0
전남,곡성군,2008,곡성역,전라선,8.264495448029658,2011-10-05,2012,0
전남,곡성군,2009,곡성역,전라선,8.264495448029658,2011-10-05,2012,0
전남,곡성군,2010,곡성역,전라선,8.264495448029658,2011-10-05,2012,0
전남,곡성군,2011,곡성역,전라선,8.264495448029658,2011-10-05,2012,0
전남,곡성군,2012,곡성역,전라선,8.264495448029658,2011-10-05,2012,1
전남,곡성군,2013,곡성역,전라선,8.264495448029658,2011-10-05,2012,1
전남,곡성군,2014,곡성역,전라선,8.264495448029658,2011-10-05,2012,1
전남,곡성군,2015,곡성역,전라선,8.264495448029658,2011-10-05,2012,1
전남,곡성군,2016,곡성역,전라선,8.264495448029658,2011-10-05,2012,1
전남,곡성군,2017,곡성역,전라선,8.264495448029658,2011-10-05,2012,1
전남,곡성군,2018,곡성역,전라선,8.264495448029658,2011-10-05,2012,1
전남,곡성군,2019,곡성역,전라선,8.264495448029658,2011-10-05,2012,1
전남,곡성군,2020,곡성역,전라선,8.264495448029658,2011-10-05,2012,1
전남,곡성군,2021,곡성역,전라선,8.264495448029658,2011-10-05,2012,1
전남,곡성군,2022,곡성역,전라선,8.264495448029658,2011-10-05,2012,1
전남,곡성군,2023,곡성역,전라선,8.264495448029658,2011-10-05,2012,1
전남,곡성군,2024,곡성역,전라선,8.264495448029658,2011-10-05,2012,1
전남,곡성군,2025,곡성역,전라선,8.264495448029658,2011-10-05,2012,1
전남,광양시,2007,순천역,전라선,16.273252148765792,2011-10-05,2012,0
전남,광양시,2008,순천역,전라선,16.273252148765792,2011-10-05,2012,0
전남,광양시,2009,순천역,전라선,16.273252148765792,2011-10-05,2012,0
전남,광양시,2010,순천역,전라선,16.273252148765792,2011-10-05,2012,0
전남,광양시,2011,순천역,전라선,16.273252148765792,2011-10-05,2012,0
전남,광양시,2012,순천역,전라선,16.273252148765792,2011-10-05,2012,1
전남,광양시,2013,순천역,전라선,16.273252148765792,2011-10-05,2012,1
전남,광양시,2014,순천역,전라선,16.273252148765792,2011-10-05,2012,1
전남,광양시,2015,순천역,전라선,16.273252148765792,2011-10-05,2012,1
전남,광양시,2016,순천역,전라선,16.273252148765792,2011-10-05,2012,1
전남,광양시,2017,순천역,전라선,16.273252148765792,2011-10-05,2012,1
전남,광양시,2018,순천역,전라선,16.273252148765792,2011-10-05,2012,1
전남,광양시,2019,순천역,전라선,16.273252148765792,2011-10-05,2012,1
전남,광양시,2020,순천역,전라선,16.273252148765792,2011-10-05,2012,1
전남,광양시,2021,순천역,전라선,16.273252148765792,2011-10-05,2012,1
전남,광양시,2022,순천역,전라선,16.273252148765792,2011-10-05,2012,1
전남,광양시,2023,순천역,전라선,16.273252148765792,2011-10-05,2012,1
전남,광양시,2024,순천역,전라선,16.273252148765792,2011-10-05,2012,1
전남,광양시,2025,순천역,전라선,16.273252148765792,2011-10-05,2012,1
전남,구례군,2007,구례구역,전라선,9.335960132779059,2011-10-05,2012,0
전남,구례군,2008,구례구역,전라선,9.335960132779059,2011-10-05,2012,0
전남,구례군,2009,구례구역,전라선,9.335960132779059,2011-10-05,2012,0
전남,구례군,2010,구례구역,전라선,9.335960132779059,2011-10-05,2012,0
전남,구례군,2011,구례구역,전라선,9.335960132779059,2011-10-05,2012,0
전남,구례군,2012,구례구역,전라선,9.335960132779059,2011-10-05,2012,1
전남,구례군,2013,구례구역,전라선,9.335960132779059,2011-10-05,2012,1
전남,구례군,2014,구례구역,전라선,9.335960132779059,2011-10-05,2012,1
전남,구례군,2015,구례구역,전라선,9.335960132779059,2011-10-05,2012,1
전남,구례군,2016,구례구역,전라선,9.335960132779059,2011-10-05,2012,1
전남,구례군,2017,구례구역,전라선,9.335960132779059,2011-10-05,2012,1
전남,구례군,2018,구례구역,전라선,9.335960132779059,2011-10-05,2012,1
전남,구례군,2019,구례구역,전라선,9.335960132779059,2011-10-05,2012,1
전남,구례군,2020,구례구역,전라선,9.335960132779059,2011-10-05,2012,1
전남,구례군,2021,구례구역,전라선,9.335960132779059,2011-10-05,2012,1
전남,구례군,2022,구례구역,전라선,9.335960132779059,2011-10-05,2012,1
전남,구례군,2023,구례구역,전라선,9.335960132779059,2011-10-05,2012,1
전남,구례군,2024,구례구역,전라선,9.335960132779059,2011-10-05,2012,1
전남,구례군,2025,구례구역,전라선,9.335960132779059,2011-10-05,2012,1
전남,나주시,2007,나주역,호남선,2.8318857093226737,2015-04-02,2015,0
전남,나주시,2008,나주역,호남선,2.8318857093226737,2015-04-02,2015,0
전남,나주시,2009,나주역,호남선,2.8318857093226737,2015-04-02,2015,0
전남,나주시,2010,나주역,호남선,2.8318857093226737,2015-04-02,2015,0
전남,나주시,2011,나주역,호남선,2.8318857093226737,2015-04-02,2015,0
전남,나주시,2012,나주역,호남선,2.8318857093226737,2015-04-02,2015,0
전남,나주시,2013,나주역,호남선,2.8318857093226737,2015-04-02,2015,0
전남,나주시,2014,나주역,호남선,2.8318857093226737,2015-04-02,2015,0
전남,나주시,2015,나주역,호남선,2.8318857093226737,2015-04-02,2015,1
전남,나주시,2016,나주역,호남선,2.8318857093226737,2015-04-02,2015,1
전남,나주시,2017,나주역,호남선,2.8318857093226737,2015-04-02,2015,1
전남,나주시,2018,나주역,호남선,2.8318857093226737,2015-04-02,2015,1
전남,나주시,2019,나주역,호남선,2.8318857093226737,2015-04-02,2015,1
전남,나주시,2020,나주역,호남선,2.8318857093226737,2015-04-02,2015,1
전남,나주시,2021,나주역,호남선,2.8318857093226737,2015-04-02,2015,1
전남,나주시,2022,나주역,호남선,2.8318857093226737,2015-04-02,2015,1
전남,나주시,2023,나주역,호남선,2.8318857093226737,2015-04-02,2015,1
전남,나주시,2024,나주역,호남선,2.8318857093226737,2015-04-02,2015,1
전남,나주시,2025,나주역,호남선,2.8318857093226737,2015-04-02,2015,1
전남,담양군,2007,곡성역,전라선,28.06729031325115,2011-10-05,2012,0
전남,담양군,2008,곡성역,전라선,28.06729031325115,2011-10-05,2012,0
전남,담양군,2009,곡성역,전라선,28.06729031325115,2011-10-05,2012,0
전남,담양군,2010,곡성역,전라선,28.06729031325115,2011-10-05,2012,0
전남,담양군,2011,곡성역,전라선,28.06729031325115,2011-10-05,2012,0
전남,담양군,2012,곡성역,전라선,28.06729031325115,2011-10-05,2012,1
전남,담양군,2013,곡성역,전라선,28.06729031325115,2011-10-05,2012,1
전남,담양군,2014,곡성역,전라선,28.06729031325115,2011-10-05,2012,1
전남,담양군,2015,곡성역,전라선,28.06729031325115,2011-10-05,2012,1
전남,담양군,2016,곡성역,전라선,28.06729031325115,2011-10-05,2012,1
전남,담양군,2017,곡성역,전라선,28.06729031325115,2011-10-05,2012,1
전남,담양군,2018,곡성역,전라선,28.06729031325115,2011-10-05,2012,1
전남,담양군,2019,곡성역,전라선,28.06729031325115,2011-10-05,2012,1
전남,담양군,2020,곡성역,전라선,28.06729031325115,2011-10-05,2012,1
전남,담양군,2021,곡성역,전라선,28.06729031325115,2011-10-05,2012,1
전남,담양군,2022,곡성역,전라선,28.06729031325115,2011-10-05,2012,1
전남,담양군,2023,곡성역,전라선,28.06729031325115,2011-10-05,2012,1
전남,담양군,2024,곡성역,전라선,28.06729031325115,2011-10-05,2012,1
전남,담양군,2025,곡성역,전라선,28.06729031325115,2011-10-05,2012,1
전남,목포시,2007,목포역,호남선,1.3121887152022775,2015-04-02,2015,0
전남,목포시,2008,목포역,호남선,1.3121887152022775,2015-04-02,2015,0
전남,목포시,2009,목포역,호남선,1.3121887152022775,2015-04-02,2015,0
전남,목포시,2010,목포역,호남선,1.3121887152022775,2015-04-02,2015,0
전남,목포시,2011,목포역,호남선,1.3121887152022775,2015-04-02,2015,0
전남,목포시,2012,목포역,호남선,1.3121887152022775,2015-04-02,2015,0
전남,목포시,2013,목포역,호남선,1.3121887152022775,2015-04-02,2015,0
전남,목포시,2014,목포역,호남선,1.3121887152022775,2015-04-02,2015,0
전남,목포시,2015,목포역,호남선,1.3121887152022775,2015-04-02,2015,1
전남,목포시,2016,목포역,호남선,1.3121887152022775,2015-04-02,2015,1
전남,목포시,2017,목포역,호남선,1.3121887152022775,2015-04-02,2015,1
전남,목포시,2018,목포역,호남선,1.3121887152022775,2015-04-02,2015,1
전남,목포시,2019,목포역,호남선,1.3121887152022775,2015-04-02,2015,1
전남,목포시,2020,목포역,호남선,1.3121887152022775,2015-04-02,2015,1
전남,목포시,2021,목포역,호남선,1.3121887152022775,2015-04-02,2015,1
전남,목포시,2022,목포역,호남선,1.3121887152022775,2015-04-02,2015,1
전남,목포시,2023,목포역,호남선,1.3121887152022775,2015-04-02,2015,1
전남,목포시,2024,목포역,호남선,1.3121887152022775,2015-04-02,2015,1
전남,목포시,2025,목포역,호남선,1.3121887152022775,2015-04-02,2015,1
전남,무안군,2007,목포역,호남선,18.392061692163015,2015-04-02,2015,0
전남,무안군,2008,목포역,호남선,18.392061692163015,2015-04-02,2015,0
전남,무안군,2009,목포역,호남선,18.392061692163015,2015-04-02,2015,0
전남,무안군,2010,목포역,호남선,18.392061692163015,2015-04-02,2015,0
전남,무안군,2011,목포역,호남선,18.392061692163015,2015-04-02,2015,0
전남,무안군,2012,목포역,호남선,18.392061692163015,2015-04-02,2015,0
전남,무안군,2013,목포역,호남선,18.392061692163015,2015-04-02,2015,0
전남,무안군,2014,목포역,호남선,18.392061692163015,2015-04-02,2015,0
전남,무안군,2015,목포역,호남선,18.392061692163015,2015-04-02,2015,1
전남,무안군,2016,목포역,호남선,18.392061692163015,2015-04-02,2015,1
전남,무안군,2017,목포역,호남선,18.392061692163015,2015-04-02,2015,1
전남,무안군,2018,목포역,호남선,18.392061692163015,2015-04-02,2015,1
전남,무안군,2019,목포역,호남선,18.392061692163015,2015-04-02,2015,1
전남,무안군,2020,목포역,호남선,18.392061692163015,2015-04-02,2015,1
전남,무안군,2021,목포역,호남선,18.392061692163015,2015-04-02,2015,1
전남,무안군,2022,목포역,호남선,18.392061692163015,2015-04-02,2015,1
전남,무안군,2023,목포역,호남선,18.392061692163015,2015-04-02,2015,1
전남,무안군,2024,목포역,호남선,18.392061692163015,2015-04-02,2015,1
전남,무안군,2025,목포역,호남선,18.392061692163015,2015-04-02,2015,1
전남,보성군,2007,순천역,전라선,34.23421526832097,2011-10-05,2012,0
전남,보성군,2008,순천역,전라선,34.23421526832097,2011-10-05,2012,0
전남,보성군,2009,순천역,전라선,34.23421526832097,2011-10-05,2012,0
전남,보성군,2010,순천역,전라선,34.23421526832097,2011-10-05,2012,0
전남,보성군,2011,순천역,전라선,34.23421526832097,2011-10-05,2012,0
전남,보성군,2012,순천역,전라선,34.23421526832097,2011-10-05,2012,1
전남,보성군,2013,순천역,전라선,34.23421526832097,2011-10-05,2012,1
전남,보성군,2014,순천역,전라선,34.23421526832097,2011-10-05,2012,1
전남,보성군,2015,순천역,전라선,34.23421526832097,2011-10-05,2012,1
전남,보성군,2016,순천역,전라선,34.23421526832097,2011-10-05,2012,1
전남,보성군,2017,순천역,전라선,34.23421526832097,2011-10-05,2012,1
전남,보성군,2018,순천역,전라선,34.23421526832097,2011-10-05,2012,1
전남,보성군,2019,순천역,전라선,34.23421526832097,2011-10-05,2012,1
전남,보성군,2020,순천역,전라선,34.23421526832097,2011-10-05,2012,1
전남,보성군,2021,순천역,전라선,34.23421526832097,2011-10-05,2012,1
전남,보성군,2022,순천역,전라선,34.23421526832097,2011-10-05,2012,1
전남,보성군,2023,순천역,전라선,34.23421526832097,2011-10-05,2012,1
전남,보성군,2024,순천역,전라선,34.23421526832097,2011-10-05,2012,1
전남,보성군,2025,순천역,전라선,34.23421526832097,2011-10-05,2012,1
전남,순천시,2007,순천역,전라선,11.478714541138054,2011-10-05,2012,0
전남,순천시,2008,순천역,전라선,11.478714541138054,2011-10-05,2012,0
전남,순천시,2009,순천역,전라선,11.478714541138054,2011-10-05,2012,0
전남,순천시,2010,순천역,전라선,11.478714541138054,2011-10-05,2012,0
전남,순천시,2011,순천역,전라선,11.478714541138054,2011-10-05,2012,0
전남,순천시,2012,순천역,전라선,11.478714541138054,2011-10-05,2012,1
전남,순천시,2013,순천역,전라선,11.478714541138054,2011-10-05,2012,1
전남,순천시,2014,순천역,전라선,11.478714541138054,2011-10-05,2012,1
전남,순천시,2015,순천역,전라선,11.478714541138054,2011-10-05,2012,1
전남,순천시,2016,순천역,전라선,11.478714541138054,2011-10-05,2012,1
전남,순천시,2017,순천역,전라선,11.478714541138054,2011-10-05,2012,1
전남,순천시,2018,순천역,전라선,11.478714541138054,2011-10-05,2012,1
전남,순천시,2019,순천역,전라선,11.478714541138054,2011-10-05,2012,1
전남,순천시,2020,순천역,전라선,11.478714541138054,2011-10-05,2012,1
전남,순천시,2021,순천역,전라선,11.478714541138054,2011-10-05,2012,1
전남,순천시,2022,순천역,전라선,11.478714541138054,2011-10-05,2012,1
전남,순천시,2023,순천역,전라선,11.478714541138054,2011-10-05,2012,1
전남,순천시,2024,순천역,전라선,11.478714541138054,2011-10-05,2012,1
전남,순천시,2025,순천역,전라선,11.478714541138054,2011-10-05,2012,1
전남,신안군,2007,목포역,호남선,31.5211698758184,2015-04-02,2015,0
전남,신안군,2008,목포역,호남선,31.5211698758184,2015-04-02,2015,0
전남,신안군,2009,목포역,호남선,31.5211698758184,2015-04-02,2015,0
전남,신안군,2010,목포역,호남선,31.5211698758184,2015-04-02,2015,0
전남,신안군,2011,목포역,호남선,31.5211698758184,2015-04-02,2015,0
전남,신안군,2012,목포역,호남선,31.5211698758184,2015-04-02,2015,0
전남,신안군,2013,목포역,호남선,31.5211698758184,2015-04-02,2015,0
전남,신안군,2014,목포역,호남선,31.5211698758184,2015-04-02,2015,0
전남,신안군,2015,목포역,호남선,31.5211698758184,2015-04-02,2015,1
전남,신안군,2016,목포역,호남선,31.5211698758184,2015-04-02,2015,1
전남,신안군,2017,목포역,호남선,31.5211698758184,2015-04-02,2015,1
전남,신안군,2018,목포역,호남선,31.5211698758184,2015-04-02,2015,1
전남,신안군,2019,목포역,호남선,31.5211698758184,2015-04-02,2015,1
전남,신안군,2020,목포역,호남선,31.5211698758184,2015-04-02,2015,1
전남,신안군,2021,목포역,호남선,31.5211698758184,2015-04-02,2015,1
전남,신안군,2022,목포역,호남선,31.5211698758184,2015-04-02,2015,1
전남,신안군,2023,목포역,호남선,31.5211698758184,2015-04-02,2015,1
전남,신안군,2024,목포역,호남선,31.5211698758184,2015-04-02,2015,1
전남,신안군,2025,목포역,호남선,31.5211698758184,2015-04-02,2015,1
전남,여수시,2007,여천역,전라선,7.883171180048187,2011-10-05,2012,0
전남,여수시,2008,여천역,전라선,7.883171180048187,2011-10-05,2012,0
전남,여수시,2009,여천역,전라선,7.883171180048187,2011-10-05,2012,0
전남,여수시,2010,여천역,전라선,7.883171180048187,2011-10-05,2012,0
전남,여수시,2011,여천역,전라선,7.883171180048187,2011-10-05,2012,0
전남,여수시,2012,여천역,전라선,7.883171180048187,2011-10-05,2012,1
전남,여수시,2013,여천역,전라선,7.883171180048187,2011-10-05,2012,1
전남,여수시,2014,여천역,전라선,7.883171180048187,2011-10-05,2012,1
전남,여수시,2015,여천역,전라선,7.883171180048187,2011-10-05,2012,1
전남,여수시,2016,여천역,전라선,7.883171180048187,2011-10-05,2012,1
전남,여수시,2017,여천역,전라선,7.883171180048187,2011-10-05,2012,1
전남,여수시,2018,여천역,전라선,7.883171180048187,2011-10-05,2012,1
전남,여수시,2019,여천역,전라선,7.883171180048187,2011-10-05,2012,1
전남,여수시,2020,여천역,전라선,7.883171180048187,2011-10-05,2012,1
전남,여수시,2021,여천역,전라선,7.883171180048187,2011-10-05,2012,1
전남,여수시,2022,여천역,전라선,7.883171180048187,2011-10-05,2012,1
전남,여수시,2023,여천역,전라선,7.883171180048187,2011-10-05,2012,1
전남,여수시,2024,여천역,전라선,7.883171180048187,2011-10-05,2012,1
전남,여수시,2025,여천역,전라선,7.883171180048187,2011-10-05,2012,1
전남,영광군,2007,광주송정역,호남고속,34.78670028439039,2015-04-02,2015,0
전남,영광군,2008,광주송정역,호남고속,34.78670028439039,2015-04-02,2015,0
전남,영광군,2009,광주송정역,호남고속,34.78670028439039,2015-04-02,2015,0
전남,영광군,2010,광주송정역,호남고속,34.78670028439039,2015-04-02,2015,0
전남,영광군,2011,광주송정역,호남고속,34.78670028439039,2015-04-02,2015,0
전남,영광군,2012,광주송정역,호남고속,34.78670028439039,2015-04-02,2015,0
전남,영광군,2013,광주송정역,호남고속,34.78670028439039,2015-04-02,2015,0
전남,영광군,2014,광주송정역,호남고속,34.78670028439039,2015-04-02,2015,0
전남,영광군,2015,광주송정역,호남고속,34.78670028439039,2015-04-02,2015,1
전남,영광군,2016,광주송정역,호남고속,34.78670028439039,2015-04-02,2015,1
전남,영광군,2017,광주송정역,호남고속,34.78670028439039,2015-04-02,2015,1
전남,영광군,2018,광주송정역,호남고속,34.78670028439039,2015-04-02,2015,1
전남,영광군,2019,광주송정역,호남고속,34.78670028439039,2015-04-02,2015,1
전남,영광군,2020,광주송정역,호남고속,34.78670028439039,2015-04-02,2015,1
전남,영광군,2021,광주송정역,호남고속,34.78670028439039,2015-04-02,2015,1
전남,영광군,2022,광주송정역,호남고속,34.78670028439039,2015-04-02,2015,1
전남,영광군,2023,광주송정역,호남고속,34.78670028439039,2015-04-02,2015,1
전남,영광군,2024,광주송정역,호남고속,34.78670028439039,2015-04-02,2015,1
전남,영광군,2025,광주송정역,호남고속,34.78670028439039,2015-04-02,2015,1
전남,영암군,2007,목포역,호남선,21.70192729941998,2015-04-02,2015,0
전남,영암군,2008,목포역,호남선,21.70192729941998,2015-04-02,2015,0
전남,영암군,2009,목포역,호남선,21.70192729941998,2015-04-02,2015,0
전남,영암군,2010,목포역,호남선,21.70192729941998,2015-04-02,2015,0
전남,영암군,2011,목포역,호남선,21.70192729941998,2015-04-02,2015,0
전남,영암군,2012,목포역,호남선,21.70192729941998,2015-04-02,2015,0
전남,영암군,2013,목포역,호남선,21.70192729941998,2015-04-02,2015,0
전남,영암군,2014,목포역,호남선,21.70192729941998,2015-04-02,2015,0
전남,영암군,2015,목포역,호남선,21.70192729941998,2015-04-02,2015,1
전남,영암군,2016,목포역,호남선,21.70192729941998,2015-04-02,2015,1
전남,영암군,2017,목포역,호남선,21.70192729941998,2015-04-02,2015,1
전남,영암군,2018,목포역,호남선,21.70192729941998,2015-04-02,2015,1
전남,영암군,2019,목포역,호남선,21.70192729941998,2015-04-02,2015,1
전남,영암군,2020,목포역,호남선,21.70192729941998,2015-04-02,2015,1
전남,영암군,2021,목포역,호남선,21.70192729941998,2015-04-02,2015,1
전남,영암군,2022,목포역,호남선,21.70192729941998,2015-04-02,2015,1
전남,영암군,2023,목포역,호남선,21.70192729941998,2015-04-02,2015,1
전남,영암군,2024,목포역,호남선,21.70192729941998,2015-04-02,2015,1
전남,영암군,2025,목포역,호남선,21.70192729941998,2015-04-02,2015,1
전남,완도군,2007,,,,,,0
전남,완도군,2008,,,,,,0
전남,완도군,2009,,,,,,0
전남,완도군,2010,,,,,,0
전남,완도군,2011,,,,,,0
전남,완도군,2012,,,,,,0
전남,완도군,2013,,,,,,0
전남,완도군,2014,,,,,,0
전남,완도군,2015,,,,,,0
전남,완도군,2016,,,,,,0
전남,완도군,2017,,,,,,0
전남,완도군,2018,,,,,,0
전남,완도군,2019,,,,,,0
전남,완도군,2020,,,,,,0
전남,완도군,2021,,,,,,0
전남,완도군,2022,,,,,,0
전남,완도군,2023,,,,,,0
전남,완도군,2024,,,,,,0
전남,완도군,2025,,,,,,0
전남,장성군,2007,곡성역,전라선,48.92823963711882,2011-10-05,2012,0
전남,장성군,2008,곡성역,전라선,48.92823963711882,2011-10-05,2012,0
전남,장성군,2009,곡성역,전라선,48.92823963711882,2011-10-05,2012,0
전남,장성군,2010,곡성역,전라선,48.92823963711882,2011-10-05,2012,0
전남,장성군,2011,곡성역,전라선,48.92823963711882,2011-10-05,2012,0
전남,장성군,2012,곡성역,전라선,48.92823963711882,2011-10-05,2012,1
전남,장성군,2013,곡성역,전라선,48.92823963711882,2011-10-05,2012,1
전남,장성군,2014,곡성역,전라선,48.92823963711882,2011-10-05,2012,1
전남,장성군,2015,곡성역,전라선,48.92823963711882,2011-10-05,2012,1
전남,장성군,2016,곡성역,전라선,48.92823963711882,2011-10-05,2012,1
전남,장성군,2017,곡성역,전라선,48.92823963711882,2011-10-05,2012,1
전남,장성군,2018,곡성역,전라선,48.92823963711882,2011-10-05,2012,1
전남,장성군,2019,곡성역,전라선,48.92823963711882,2011-10-05,2012,1
전남,장성군,2020,곡성역,전라선,48.92823963711882,2011-10-05,2012,1
전남,장성군,2021,곡성역,전라선,48.92823963711882,2011-10-05,2012,1
전남,장성군,2022,곡성역,전라선,48.92823963711882,2011-10-05,2012,1
전남,장성군,2023,곡성역,전라선,48.92823963711882,2011-10-05,2012,1
전남,장성군,2024,곡성역,전라선,48.92823963711882,2011-10-05,2012,1
전남,장성군,2025,곡성역,전라선,48.92823963711882,2011-10-05,2012,1
전남,장흥군,2007,나주역,호남선,41.999766302405796,2015-04-02,2015,0
전남,장흥군,2008,나주역,호남선,41.999766302405796,2015-04-02,2015,0
전남,장흥군,2009,나주역,호남선,41.999766302405796,2015-04-02,2015,0
전남,장흥군,2010,나주역,호남선,41.999766302405796,2015-04-02,2015,0
전남,장흥군,2011,나주역,호남선,41.999766302405796,2015-04-02,2015,0
전남,장흥군,2012,나주역,호남선,41.999766302405796,2015-04-02,2015,0
전남,장흥군,2013,나주역,호남선,41.999766302405796,2015-04-02,2015,0
전남,장흥군,2014,나주역,호남선,41.999766302405796,2015-04-02,2015,0
전남,장흥군,2015,나주역,호남선,41.999766302405796,2015-04-02,2015,1
전남,장흥군,2016,나주역,호남선,41.999766302405796,2015-04-02,2015,1
전남,장흥군,2017,나주역,호남선,41.999766302405796,2015-04-02,2015,1
전남,장흥군,2018,나주역,호남선,41.999766302405796,2015-04-02,2015,1
전남,장흥군,2019,나주역,호남선,41.999766302405796,2015-04-02,2015,1
전남,장흥군,2020,나주역,호남선,41.999766302405796,2015-04-02,2015,1
전남,장흥군,2021,나주역,호남선,41.999766302405796,2015-04-02,2015,1
전남,장흥군,2022,나주역,호남선,41.999766302405796,2015-04-02,2015,1
전남,장흥군,2023,나주역,호남선,41.999766302405796,2015-04-02,2015,1
전남,장흥군,2024,나주역,호남선,41.999766302405796,2015-04-02,2015,1
전남,장흥군,2025,나주역,호남선,41.999766302405796,2015-04-02,2015,1
전남,진도군,2007,목포역,호남선,42.429784774653534,2015-04-02,2015,0
전남,진도군,2008,목포역,호남선,42.429784774653534,2015-04-02,2015,0
전남,진도군,2009,목포역,호남선,42.429784774653534,2015-04-02,2015,0
전남,진도군,2010,목포역,호남선,42.429784774653534,2015-04-02,2015,0
전남,진도군,2011,목포역,호남선,42.429784774653534,2015-04-02,2015,0
전남,진도군,2012,목포역,호남선,42.429784774653534,2015-04-02,2015,0
전남,진도군,2013,목포역,호남선,42.429784774653534,2015-04-02,2015,0
전남,진도군,2014,목포역,호남선,42.429784774653534,2015-04-02,2015,0
전남,진도군,2015,목포역,호남선,42.429784774653534,2015-04-02,2015,1
전남,진도군,2016,목포역,호남선,42.429784774653534,2015-04-02,2015,1
전남,진도군,2017,목포역,호남선,42.429784774653534,2015-04-02,2015,1
전남,진도군,2018,목포역,호남선,42.429784774653534,2015-04-02,2015,1
전남,진도군,2019,목포역,호남선,42.429784774653534,2015-04-02,2015,1
전남,진도군,2020,목포역,호남선,42.429784774653534,2015-04-02,2015,1
전남,진도군,2021,목포역,호남선,42.429784774653534,2015-04-02,2015,1
전남,진도군,2022,목포역,호남선,42.429784774653534,2015-04-02,2015,1
전남,진도군,2023,목포역,호남선,42.429784774653534,2015-04-02,2015,1
전남,진도군,2024,목포역,호남선,42.429784774653534,2015-04-02,2015,1
전남,진도군,2025,목포역,호남선,42.429784774653534,2015-04-02,2015,1
전남,함평군,2007,나주역,호남선,19.86050530845912,2015-04-02,2015,0
전남,함평군,2008,나주역,호남선,19.86050530845912,2015-04-02,2015,0
전남,함평군,2009,나주역,호남선,19.86050530845912,2015-04-02,2015,0
전남,함평군,2010,나주역,호남선,19.86050530845912,2015-04-02,2015,0
전남,함평군,2011,나주역,호남선,19.86050530845912,2015-04-02,2015,0
전남,함평군,2012,나주역,호남선,19.86050530845912,2015-04-02,2015,0
전남,함평군,2013,나주역,호남선,19.86050530845912,2015-04-02,2015,0
전남,함평군,2014,나주역,호남선,19.86050530845912,2015-04-02,2015,0
전남,함평군,2015,나주역,호남선,19.86050530845912,2015-04-02,2015,1
전남,함평군,2016,나주역,호남선,19.86050530845912,2015-04-02,2015,1
전남,함평군,2017,나주역,호남선,19.86050530845912,2015-04-02,2015,1
전남,함평군,2018,나주역,호남선,19.86050530845912,2015-04-02,2015,1
전남,함평군,2019,나주역,호남선,19.86050530845912,2015-04-02,2015,1
전남,함평군,2020,나주역,호남선,19.86050530845912,2015-04-02,2015,1
전남,함평군,2021,나주역,호남선,19.86050530845912,2015-04-02,2015,1
전남,함평군,2022,나주역,호남선,19.86050530845912,2015-04-02,2015,1
전남,함평군,2023,나주역,호남선,19.86050530845912,2015-04-02,2015,1
전남,함평군,2024,나주역,호남선,19.86050530845912,2015-04-02,2015,1
전남,함평군,2025,나주역,호남선,19.86050530845912,2015-04-02,2015,1
전남,해남군,2007,목포역,호남선,28.246838068901514,2015-04-02,2015,0
전남,해남군,2008,목포역,호남선,28.246838068901514,2015-04-02,2015,0
전남,해남군,2009,목포역,호남선,28.246838068901514,2015-04-02,2015,0
전남,해남군,2010,목포역,호남선,28.246838068901514,2015-04-02,2015,0
전남,해남군,2011,목포역,호남선,28.246838068901514,2015-04-02,2015,0
전남,해남군,2012,목포역,호남선,28.246838068901514,2015-04-02,2015,0
전남,해남군,2013,목포역,호남선,28.246838068901514,2015-04-02,2015,0
전남,해남군,2014,목포역,호남선,28.246838068901514,2015-04-02,2015,0
전남,해남군,2015,목포역,호남선,28.246838068901514,2015-04-02,2015,1
전남,해남군,2016,목포역,호남선,28.246838068901514,2015-04-02,2015,1
전남,해남군,2017,목포역,호남선,28.246838068901514,2015-04-02,2015,1
전남,해남군,2018,목포역,호남선,28.246838068901514,2015-04-02,2015,1
전남,해남군,2019,목포역,호남선,28.246838068901514,2015-04-02,2015,1
전남,해남군,2020,목포역,호남선,28.246838068901514,2015-04-02,2015,1
전남,해남군,2021,목포역,호남선,28.246838068901514,2015-04-02,2015,1
전남,해남군,2022,목포역,호남선,28.246838068901514,2015-04-02,2015,1
전남,해남군,2023,목포역,호남선,28.246838068901514,2015-04-02,2015,1
전남,해남군,2024,목포역,호남선,28.246838068901514,2015-04-02,2015,1
전남,해남군,2025,목포역,호남선,28.246838068901514,2015-04-02,2015,1
전남,화순군,2007,곡성역,전라선,39.22115559598486,2011-10-05,2012,0
전남,화순군,2008,곡성역,전라선,39.22115559598486,2011-10-05,2012,0
전남,화순군,2009,곡성역,전라선,39.22115559598486,2011-10-05,2012,0
전남,화순군,2010,곡성역,전라선,39.22115559598486,2011-10-05,2012,0
전남,화순군,2011,곡성역,전라선,39.22115559598486,2011-10-05,2012,0
전남,화순군,2012,곡성역,전라선,39.22115559598486,2011-10-05,2012,1
전남,화순군,2013,곡성역,전라선,39.22115559598486,2011-10-05,2012,1
전남,화순군,2014,곡성역,전라선,39.22115559598486,2011-10-05,2012,1
전남,화순군,2015,곡성역,전라선,39.22115559598486,2011-10-05,2012,1
전남,화순군,2016,곡성역,전라선,39.22115559598486,2011-10-05,2012,1
전남,화순군,2017,곡성역,전라선,39.22115559598486,2011-10-05,2012,1
전남,화순군,2018,곡성역,전라선,39.22115559598486,2011-10-05,2012,1
전남,화순군,2019,곡성역,전라선,39.22115559598486,2011-10-05,2012,1
전남,화순군,2020,곡성역,전라선,39.22115559598486,2011-10-05,2012,1
전남,화순군,2021,곡성역,전라선,39.22115559598486,2011-10-05,2012,1
전남,화순군,2022,곡성역,전라선,39.22115559598486,2011-10-05,2012,1
전남,화순군,2023,곡성역,전라선,39.22115559598486,2011-10-05,2012,1
전남,화순군,2024,곡성역,전라선,39.22115559598486,2011-10-05,2012,1
전남,화순군,2025,곡성역,전라선,39.22115559598486,2011-10-05,2012,1
전북,고창군,2007,정읍역,호남고속,24.90645467993327,2015-04-02,2015,0
전북,고창군,2008,정읍역,호남고속,24.90645467993327,2015-04-02,2015,0
전북,고창군,2009,정읍역,호남고속,24.90645467993327,2015-04-02,2015,0
전북,고창군,2010,정읍역,호남고속,24.90645467993327,2015-04-02,2015,0
전북,고창군,2011,정읍역,호남고속,24.90645467993327,2015-04-02,2015,0
전북,고창군,2012,정읍역,호남고속,24.90645467993327,2015-04-02,2015,0
전북,고창군,2013,정읍역,호남고속,24.90645467993327,2015-04-02,2015,0
전북,고창군,2014,정읍역,호남고속,24.90645467993327,2015-04-02,2015,0
전북,고창군,2015,정읍역,호남고속,24.90645467993327,2015-04-02,2015,1
전북,고창군,2016,정읍역,호남고속,24.90645467993327,2015-04-02,2015,1
전북,고창군,2017,정읍역,호남고속,24.90645467993327,2015-04-02,2015,1
전북,고창군,2018,정읍역,호남고속,24.90645467993327,2015-04-02,2015,1
전북,고창군,2019,정읍역,호남고속,24.90645467993327,2015-04-02,2015,1
전북,고창군,2020,정읍역,호남고속,24.90645467993327,2015-04-02,2015,1
전북,고창군,2021,정읍역,호남고속,24.90645467993327,2015-04-02,2015,1
전북,고창군,2022,정읍역,호남고속,24.90645467993327,2015-04-02,2015,1
전북,고창군,2023,정읍역,호남고속,24.90645467993327,2015-04-02,2015,1
전북,고창군,2024,정읍역,호남고속,24.90645467993327,2015-04-02,2015,1
전북,고창군,2025,정읍역,호남고속,24.90645467993327,2015-04-02,2015,1
전북,군산시,2007,익산역,호남고속,20.788065490437187,2004-04-01,2004,1
전북,군산시,2008,익산역,호남고속,20.788065490437187,2004-04-01,2004,1
전북,군산시,2009,익산역,호남고속,20.788065490437187,2004-04-01,2004,1
전북,군산시,2010,익산역,호남고속,20.788065490437187,2004-04-01,2004,1
전북,군산시,2011,익산역,호남고속,20.788065490437187,2004-04-01,2004,1
전북,군산시,2012,익산역,호남고속,20.788065490437187,2004-04-01,2004,1
전북,군산시,2013,익산역,호남고속,20.788065490437187,2004-04-01,2004,1
전북,군산시,2014,익산역,호남고속,20.788065490437187,2004-04-01,2004,1
전북,군산시,2015,익산역,호남고속,20.788065490437187,2004-04-01,2004,1
전북,군산시,2016,익산역,호남고속,20.788065490437187,2004-04-01,2004,1
전북,군산시,2017,익산역,호남고속,20.788065490437187,2004-04-01,2004,1
전북,군산시,2018,익산역,호남고속,20.788065490437187,2004-04-01,2004,1
전북,군산시,2019,익산역,호남고속,20.788065490437187,2004-04-01,2004,1
전북,군산시,2020,익산역,호남고속,20.788065490437187,2004-04-01,2004,1
전북,군산시,2021,익산역,호남고속,20.788065490437187,2004-04-01,2004,1
전북,군산시,2022,익산역,호남고속,20.788065490437187,2004-04-01,2004,1
전북,군산시,2023,익산역,호남고속,20.788065490437187,2004-04-01,2004,1
전북,군산시,2024,익산역,호남고속,20.788065490437187,2004-04-01,2004,1
전북,군산시,2025,익산역,호남고속,20.788065490437187,2004-04-01,2004,1
전북,김제시,2007,익산역,호남고속,15.585803554645931,2004-04-01,2004,1
전북,김제시,2008,익산역,호남고속,15.585803554645931,2004-04-01,2004,1
전북,김제시,2009,익산역,호남고속,15.585803554645931,2004-04-01,2004,1
전북,김제시,2010,익산역,호남고속,15.585803554645931,2004-04-01,2004,1
전북,김제시,2011,익산역,호남고속,15.585803554645931,2004-04-01,2004,1
전북,김제시,2012,익산역,호남고속,15.585803554645931,2004-04-01,2004,1
전북,김제시,2013,익산역,호남고속,15.585803554645931,2004-04-01,2004,1
전북,김제시,2014,익산역,호남고속,15.585803554645931,2004-04-01,2004,1
전북,김제시,2015,익산역,호남고속,15.585803554645931,2004-04-01,2004,1
전북,김제시,2016,익산역,호남고속,15.585803554645931,2004-04-01,2004,1
전북,김제시,2017,익산역,호남고속,15.585803554645931,2004-04-01,2004,1
전북,김제시,2018,익산역,호남고속,15.585803554645931,2004-04-01,2004,1
전북,김제시,2019,익산역,호남고속,15.585803554645931,2004-04-01,2004,1
전북,김제시,2020,익산역,호남고속,15.585803554645931,2004-04-01,2004,1
전북,김제시,2021,익산역,호남고속,15.585803554645931,2004-04-01,2004,1
전북,김제시,2022,익산역,호남고속,15.585803554645931,2004-04-01,2004,1
전북,김제시,2023,익산역,호남고속,15.585803554645931,2004-04-01,2004,1
전북,김제시,2024,익산역,호남고속,15.585803554645931,2004-04-01,2004,1
전북,김제시,2025,익산역,호남고속,15.585803554645931,2004-04-01,2004,1
전북,남원시,2007,남원역,전라선,7.5006772440708565,2011-10-05,2012,0
전북,남원시,2008,남원역,전라선,7.5006772440708565,2011-10-05,2012,0
전북,남원시,2009,남원역,전라선,7.5006772440708565,2011-10-05,2012,0
전북,남원시,2010,남원역,전라선,7.5006772440708565,2011-10-05,2012,0
전북,남원시,2011,남원역,전라선,7.5006772440708565,2011-10-05,2012,0
전북,남원시,2012,남원역,전라선,7.5006772440708565,2011-10-05,2012,1
전북,남원시,2013,남원역,전라선,7.5006772440708565,2011-10-05,2012,1
전북,남원시,2014,남원역,전라선,7.5006772440708565,2011-10-05,2012,1
전북,남원시,2015,남원역,전라선,7.5006772440708565,2011-10-05,2012,1
전북,남원시,2016,남원역,전라선,7.5006772440708565,2011-10-05,2012,1
전북,남원시,2017,남원역,전라선,7.5006772440708565,2011-10-05,2012,1
전북,남원시,2018,남원역,전라선,7.5006772440708565,2011-10-05,2012,1
전북,남원시,2019,남원역,전라선,7.5006772440708565,2011-10-05,2012,1
전북,남원시,2020,남원역,전라선,7.5006772440708565,2011-10-05,2012,1
전북,남원시,2021,남원역,전라선,7.5006772440708565,2011-10-05,2012,1
전북,남원시,2022,남원역,전라선,7.5006772440708565,2011-10-05,2012,1
전북,남원시,2023,남원역,전라선,7.5006772440708565,2011-10-05,2012,1
전북,남원시,2024,남원역,전라선,7.5006772440708565,2011-10-05,2012,1
전북,남원시,2025,남원역,전라선,7.5006772440708565,2011-10-05,2012,1
전북,무주군,2007,김천(구미)역,경부고속,46.3842793130095,2010-11-01,2011,0
전북,무주군,2008,김천(구미)역,경부고속,46.3842793130095,2010-11-01,2011,0
전북,무주군,2009,김천(구미)역,경부고속,46.3842793130095,2010-11-01,2011,0
전북,무주군,2010,김천(구미)역,경부고속,46.3842793130095,2010-11-01,2011,0
전북,무주군,2011,김천(구미)역,경부고속,46.3842793130095,2010-11-01,2011,1
전북,무주군,2012,김천(구미)역,경부고속,46.3842793130095,2010-11-01,2011,1
전북,무주군,2013,김천(구미)역,경부고속,46.3842793130095,2010-11-01,2011,1
전북,무주군,2014,김천(구미)역,경부고속,46.3842793130095,2010-11-01,2011,1
전북,무주군,2015,김천(구미)역,경부고속,46.3842793130095,2010-11-01,2011,1
전북,무주군,2016,김천(구미)역,경부고속,46.3842793130095,2010-11-01,2011,1
전북,무주군,2017,김천(구미)역,경부고속,46.3842793130095,2010-11-01,2011,1
전북,무주군,2018,김천(구미)역,경부고속,46.3842793130095,2010-11-01,2011,1
전북,무주군,2019,김천(구미)역,경부고속,46.3842793130095,2010-11-01,2011,1
전북,무주군,2020,김천(구미)역,경부고속,46.3842793130095,2010-11-01,2011,1
전북,무주군,2021,김천(구미)역,경부고속,46.3842793130095,2010-11-01,2011,1
전북,무주군,2022,김천(구미)역,경부고속,46.3842793130095,2010-11-01,2011,1
전북,무주군,2023,김천(구미)역,경부고속,46.3842793130095,2010-11-01,2011,1
전북,무주군,2024,김천(구미)역,경부고속,46.3842793130095,2010-11-01,2011,1
전북,무주군,2025,김천(구미)역,경부고속,46.3842793130095,2010-11-01,2011,1
전북,부안군,2007,익산역,호남고속,39.658039979170546,2004-04-01,2004,1
전북,부안군,2008,익산역,호남고속,39.658039979170546,2004-04-01,2004,1
전북,부안군,2009,익산역,호남고속,39.658039979170546,2004-04-01,2004,1
전북,부안군,2010,익산역,호남고속,39.658039979170546,2004-04-01,2004,1
전북,부안군,2011,익산역,호남고속,39.658039979170546,2004-04-01,2004,1
전북,부안군,2012,익산역,호남고속,39.658039979170546,2004-04-01,2004,1
전북,부안군,2013,익산역,호남고속,39.658039979170546,2004-04-01,2004,1
전북,부안군,2014,익산역,호남고속,39.658039979170546,2004-04-01,2004,1
전북,부안군,2015,익산역,호남고속,39.658039979170546,2004-04-01,2004,1
전북,부안군,2016,익산역,호남고속,39.658039979170546,2004-04-01,2004,1
전북,부안군,2017,익산역,호남고속,39.658039979170546,2004-04-01,2004,1
전북,부안군,2018,익산역,호남고속,39.658039979170546,2004-04-01,2004,1
전북,부안군,2019,익산역,호남고속,39.658039979170546,2004-04-01,2004,1
전북,부안군,2020,익산역,호남고속,39.658039979170546,2004-04-01,2004,1
전북,부안군,2021,익산역,호남고속,39.658039979170546,2004-04-01,2004,1
전북,부안군,2022,익산역,호남고속,39.658039979170546,2004-04-01,2004,1
전북,부안군,2023,익산역,호남고속,39.658039979170546,2004-04-01,2004,1
전북,부안군,2024,익산역,호남고속,39.658039979170546,2004-04-01,2004,1
전북,부안군,2025,익산역,호남고속,39.658039979170546,2004-04-01,2004,1
전북,순창군,2007,남원역,전라선,24.681801994229573,2011-10-05,2012,0
전북,순창군,2008,남원역,전라선,24.681801994229573,2011-10-05,2012,0
전북,순창군,2009,남원역,전라선,24.681801994229573,2011-10-05,2012,0
전북,순창군,2010,남원역,전라선,24.681801994229573,2011-10-05,2012,0
전북,순창군,2011,남원역,전라선,24.681801994229573,2011-10-05,2012,0
전북,순창군,2012,남원역,전라선,24.681801994229573,2011-10-05,2012,1
전북,순창군,2013,남원역,전라선,24.681801994229573,2011-10-05,2012,1
전북,순창군,2014,남원역,전라선,24.681801994229573,2011-10-05,2012,1
전북,순창군,2015,남원역,전라선,24.681801994229573,2011-10-05,2012,1
전북,순창군,2016,남원역,전라선,24.681801994229573,2011-10-05,2012,1
전북,순창군,2017,남원역,전라선,24.681801994229573,2011-10-05,2012,1
전북,순창군,2018,남원역,전라선,24.681801994229573,2011-10-05,2012,1
전북,순창군,2019,남원역,전라선,24.681801994229573,2011-10-05,2012,1
전북,순창군,2020,남원역,전라선,24.681801994229573,2011-10-05,2012,1
전북,순창군,2021,남원역,전라선,24.681801994229573,2011-10-05,2012,1
전북,순창군,2022,남원역,전라선,24.681801994229573,2011-10-05,2012,1
전북,순창군,2023,남원역,전라선,24.681801994229573,2011-10-05,2012,1
전북,순창군,2024,남원역,전라선,24.681801994229573,2011-10-05,2012,1
전북,순창군,2025,남원역,전라선,24.681801994229573,2011-10-05,2012,1
전북,완주군,2007,익산역,호남고속,24.350571140588848,2004-04-01,2004,1
전북,완주군,2008,익산역,호남고속,24.350571140588848,2004-04-01,2004,1
전북,완주군,2009,익산역,호남고속,24.350571140588848,2004-04-01,2004,1
전북,완주군,2010,익산역,호남고속,24.350571140588848,2004-04-01,2004,1
전북,완주군,2011,익산역,호남고속,24.350571140588848,2004-04-01,2004,1
전북,완주군,2012,익산역,호남고속,24.350571140588848,2004-04-01,2004,1
전북,완주군,2013,익산역,호남고속,24.350571140588848,2004-04-01,2004,1
전북,완주군,2014,익산역,호남고속,24.350571140588848,2004-04-01,2004,1
전북,완주군,2015,익산역,호남고속,24.350571140588848,2004-04-01,2004,1
전북,완주군,2016,익산역,호남고속,24.350571140588848,2004-04-01,2004,1
전북,완주군,2017,익산역,호남고속,24.350571140588848,2004-04-01,2004,1
전북,완주군,2018,익산역,호남고속,24.350571140588848,2004-04-01,2004,1
전북,완주군,2019,익산역,호남고속,24.350571140588848,2004-04-01,2004,1
전북,완주군,2020,익산역,호남고속,24.350571140588848,2004-04-01,2004,1
전북,완주군,2021,익산역,호남고속,24.350571140588848,2004-04-01,2004,1
전북,완주군,2022,익산역,호남고속,24.350571140588848,2004-04-01,2004,1
전북,완주군,2023,익산역,호남고속,24.350571140588848,2004-04-01,2004,1
전북,완주군,2024,익산역,호남고속,24.350571140588848,2004-04-01,2004,1
전북,완주군,2025,익산역,호남고속,24.350571140588848,2004-04-01,2004,1
전북,익산시,2007,익산역,호남고속,9.924957589552232,2004-04-01,2004,1
전북,익산시,2008,익산역,호남고속,9.924957589552232,2004-04-01,2004,1
전북,익산시,2009,익산역,호남고속,9.924957589552232,2004-04-01,2004,1
전북,익산시,2010,익산역,호남고속,9.924957589552232,2004-04-01,2004,1
전북,익산시,2011,익산역,호남고속,9.924957589552232,2004-04-01,2004,1
전북,익산시,2012,익산역,호남고속,9.924957589552232,2004-04-01,2004,1
전북,익산시,2013,익산역,호남고속,9.924957589552232,2004-04-01,2004,1
전북,익산시,2014,익산역,호남고속,9.924957589552232,2004-04-01,2004,1
전북,익산시,2015,익산역,호남고속,9.924957589552232,2004-04-01,2004,1
전북,익산시,2016,익산역,호남고속,9.924957589552232,2004-04-01,2004,1
전북,익산시,2017,익산역,호남고속,9.924957589552232,2004-04-01,2004,1
전북,익산시,2018,익산역,호남고속,9.924957589552232,2004-04-01,2004,1
전북,익산시,2019,익산역,호남고속,9.924957589552232,2004-04-01,2004,1
전북,익산시,2020,익산역,호남고속,9.924957589552232,2004-04-01,2004,1
전북,익산시,2021,익산역,호남고속,9.924957589552232,2004-04-01,2004,1
전북,익산시,2022,익산역,호남고속,9.924957589552232,2004-04-01,2004,1
전북,익산시,2023,익산역,호남고속,9.924957589552232,2004-04-01,2004,1
전북,익산시,2024,익산역,호남고속,9.924957589552232,2004-04-01,2004,1
전북,익산시,2025,익산역,호남고속,9.924957589552232,2004-04-01,2004,1
전북,임실군,2007,익산역,호남고속,46.160007565088,2004-04-01,2004,1
전북,임실군,2008,익산역,호남고속,46.160007565088,2004-04-01,2004,1
전북,임실군,2009,익산역,호남고속,46.160007565088,2004-04-01,2004,1
전북,임실군,2010,익산역,호남고속,46.160007565088,2004-04-01,2004,1
전북,임실군,2011,익산역,호남고속,46.160007565088,2004-04-01,2004,1
전북,임실군,2012,익산역,호남고속,46.160007565088,2004-04-01,2004,1
전북,임실군,2013,익산역,호남고속,46.160007565088,2004-04-01,2004,1
전북,임실군,2014,익산역,호남고속,46.160007565088,2004-04-01,2004,1
전북,임실군,2015,익산역,호남고속,46.160007565088,2004-04-01,2004,1
전북,임실군,2016,익산역,호남고속,46.160007565088,2004-04-01,2004,1
전북,임실군,2017,익산역,호남고속,46.160007565088,2004-04-01,2004,1
전북,임실군,2018,익산역,호남고속,46.160007565088,2004-04-01,2004,1
전북,임실군,2019,익산역,호남고속,46.160007565088,2004-04-01,2004,1
전북,임실군,2020,익산역,호남고속,46.160007565088,2004-04-01,2004,1
전북,임실군,2021,익산역,호남고속,46.160007565088,2004-04-01,2004,1
전북,임실군,2022,익산역,호남고속,46.160007565088,2004-04-01,2004,1
전북,임실군,2023,익산역,호남고속,46.160007565088,2004-04-01,2004,1
전북,임실군,2024,익산역,호남고속,46.160007565088,2004-04-01,2004,1
전북,임실군,2025,익산역,호남고속,46.160007565088,2004-04-01,2004,1
전북,장수군,2007,남원역,전라선,32.02811393920703,2011-10-05,2012,0
전북,장수군,2008,남원역,전라선,32.02811393920703,2011-10-05,2012,0
전북,장수군,2009,남원역,전라선,32.02811393920703,2011-10-05,2012,0
전북,장수군,2010,남원역,전라선,32.02811393920703,2011-10-05,2012,0
전북,장수군,2011,남원역,전라선,32.02811393920703,2011-10-05,2012,0
전북,장수군,2012,남원역,전라선,32.02811393920703,2011-10-05,2012,1
전북,장수군,2013,남원역,전라선,32.02811393920703,2011-10-05,2012,1
전북,장수군,2014,남원역,전라선,32.02811393920703,2011-10-05,2012,1
전북,장수군,2015,남원역,전라선,32.02811393920703,2011-10-05,2012,1
전북,장수군,2016,남원역,전라선,32.02811393920703,2011-10-05,2012,1
전북,장수군,2017,남원역,전라선,32.02811393920703,2011-10-05,2012,1
전북,장수군,2018,남원역,전라선,32.02811393920703,2011-10-05,2012,1
전북,장수군,2019,남원역,전라선,32.02811393920703,2011-10-05,2012,1
전북,장수군,2020,남원역,전라선,32.02811393920703,2011-10-05,2012,1
전북,장수군,2021,남원역,전라선,32.02811393920703,2011-10-05,2012,1
전북,장수군,2022,남원역,전라선,32.02811393920703,2011-10-05,2012,1
전북,장수군,2023,남원역,전라선,32.02811393920703,2011-10-05,2012,1
전북,장수군,2024,남원역,전라선,32.02811393920703,2011-10-05,2012,1
전북,장수군,2025,남원역,전라선,32.02811393920703,2011-10-05,2012,1
전북,전주시 덕진구,2007,익산역,호남고속,17.486758832908333,2004-04-01,2004,1
전북,전주시 덕진구,2008,익산역,호남고속,17.486758832908333,2004-04-01,2004,1
전북,전주시 덕진구,2009,익산역,호남고속,17.486758832908333,2004-04-01,2004,1
전북,전주시 덕진구,2010,익산역,호남고속,17.486758832908333,2004-04-01,2004,1
전북,전주시 덕진구,2011,익산역,호남고속,17.486758832908333,2004-04-01,2004,1
전북,전주시 덕진구,2012,익산역,호남고속,17.486758832908333,2004-04-01,2004,1
전북,전주시 덕진구,2013,익산역,호남고속,17.486758832908333,2004-04-01,2004,1
전북,전주시 덕진구,2014,익산역,호남고속,17.486758832908333,2004-04-01,2004,1
전북,전주시 덕진구,2015,익산역,호남고속,17.486758832908333,2004-04-01,2004,1
전북,전주시 덕진구,2016,익산역,호남고속,17.486758832908333,2004-04-01,2004,1
전북,전주시 덕진구,2017,익산역,호남고속,17.486758832908333,2004-04-01,2004,1
전북,전주시 덕진구,2018,익산역,호남고속,17.486758832908333,2004-04-01,2004,1
전북,전주시 덕진구,2019,익산역,호남고속,17.486758832908333,2004-04-01,2004,1
전북,전주시 덕진구,2020,익산역,호남고속,17.486758832908333,2004-04-01,2004,1
전북,전주시 덕진구,2021,익산역,호남고속,17.486758832908333,2004-04-01,2004,1
전북,전주시 덕진구,2022,익산역,호남고속,17.486758832908333,2004-04-01,2004,1
전북,전주시 덕진구,2023,익산역,호남고속,17.486758832908333,2004-04-01,2004,1
전북,전주시 덕진구,2024,익산역,호남고속,17.486758832908333,2004-04-01,2004,1
전북,전주시 덕진구,2025,익산역,호남고속,17.486758832908333,2004-04-01,2004,1
전북,전주시 완산구,2007,익산역,호남고속,22.852130092291095,2004-04-01,2004,1
전북,전주시 완산구,2008,익산역,호남고속,22.852130092291095,2004-04-01,2004,1
전북,전주시 완산구,2009,익산역,호남고속,22.852130092291095,2004-04-01,2004,1
전북,전주시 완산구,2010,익산역,호남고속,22.852130092291095,2004-04-01,2004,1
전북,전주시 완산구,2011,익산역,호남고속,22.852130092291095,2004-04-01,2004,1
전북,전주시 완산구,2012,익산역,호남고속,22.852130092291095,2004-04-01,2004,1
전북,전주시 완산구,2013,익산역,호남고속,22.852130092291095,2004-04-01,2004,1
전북,전주시 완산구,2014,익산역,호남고속,22.852130092291095,2004-04-01,2004,1
전북,전주시 완산구,2015,익산역,호남고속,22.852130092291095,2004-04-01,2004,1
전북,전주시 완산구,2016,익산역,호남고속,22.852130092291095,2004-04-01,2004,1
전북,전주시 완산구,2017,익산역,호남고속,22.852130092291095,2004-04-01,2004,1
전북,전주시 완산구,2018,익산역,호남고속,22.852130092291095,2004-04-01,2004,1
전북,전주시 완산구,2019,익산역,호남고속,22.852130092291095,2004-04-01,2004,1
전북,전주시 완산구,2020,익산역,호남고속,22.852130092291095,2004-04-01,2004,1
전북,전주시 완산구,2021,익산역,호남고속,22.852130092291095,2004-04-01,2004,1
전북,전주시 완산구,2022,익산역,호남고속,22.852130092291095,2004-04-01,2004,1
전북,전주시 완산구,2023,익산역,호남고속,22.852130092291095,2004-04-01,2004,1
전북,전주시 완산구,2024,익산역,호남고속,22.852130092291095,2004-04-01,2004,1
전북,전주시 완산구,2025,익산역,호남고속,22.852130092291095,2004-04-01,2004,1
전북,정읍시,2007,익산역,호남고속,37.67872912409258,2004-04-01,2004,1
전북,정읍시,2008,익산역,호남고속,37.67872912409258,2004-04-01,2004,1
전북,정읍시,2009,익산역,호남고속,37.67872912409258,2004-04-01,2004,1
전북,정읍시,2010,익산역,호남고속,37.67872912409258,2004-04-01,2004,1
전북,정읍시,2011,익산역,호남고속,37.67872912409258,2004-04-01,2004,1
전북,정읍시,2012,익산역,호남고속,37.67872912409258,2004-04-01,2004,1
전북,정읍시,2013,익산역,호남고속,37.67872912409258,2004-04-01,2004,1
전북,정읍시,2014,익산역,호남고속,37.67872912409258,2004-04-01,2004,1
전북,정읍시,2015,익산역,호남고속,37.67872912409258,2004-04-01,2004,1
전북,정읍시,2016,익산역,호남고속,37.67872912409258,2004-04-01,2004,1
전북,정읍시,2017,익산역,호남고속,37.67872912409258,2004-04-01,2004,1
전북,정읍시,2018,익산역,호남고속,37.67872912409258,2004-04-01,2004,1
전북,정읍시,2019,익산역,호남고속,37.67872912409258,2004-04-01,2004,1
전북,정읍시,2020,익산역,호남고속,37.67872912409258,2004-04-01,2004,1
전북,정읍시,2021,익산역,호남고속,37.67872912409258,2004-04-01,2004,1
전북,정읍시,2022,익산역,호남고속,37.67872912409258,2004-04-01,2004,1
전북,정읍시,2023,익산역,호남고속,37.67872912409258,2004-04-01,2004,1
전북,정읍시,2024,익산역,호남고속,37.67872912409258,2004-04-01,2004,1
전북,정읍시,2025,익산역,호남고속,37.67872912409258,2004-04-01,2004,1
전북,진안군,2007,익산역,호남고속,45.37010589993811,2004-04-01,2004,1
전북,진안군,2008,익산역,호남고속,45.37010589993811,2004-04-01,2004,1
전북,진안군,2009,익산역,호남고속,45.37010589993811,2004-04-01,2004,1
전북,진안군,2010,익산역,호남고속,45.37010589993811,2004-04-01,2004,1
전북,진안군,2011,익산역,호남고속,45.37010589993811,2004-04-01,2004,1
전북,진안군,2012,익산역,호남고속,45.37010589993811,2004-04-01,2004,1
전북,진안군,2013,익산역,호남고속,45.37010589993811,2004-04-01,2004,1
전북,진안군,2014,익산역,호남고속,45.37010589993811,2004-04-01,2004,1
전북,진안군,2015,익산역,호남고속,45.37010589993811,2004-04-01,2004,1
전북,진안군,2016,익산역,호남고속,45.37010589993811,2004-04-01,2004,1
전북,진안군,2017,익산역,호남고속,45.37010589993811,2004-04-01,2004,1
전북,진안군,2018,익산역,호남고속,45.37010589993811,2004-04-01,2004,1
전북,진안군,2019,익산역,호남고속,45.37010589993811,2004-04-01,2004,1
전북,진안군,2020,익산역,호남고속,45.37010589993811,2004-04-01,2004,1
전북,진안군,2021,익산역,호남고속,45.37010589993811,2004-04-01,2004,1
전북,진안군,2022,익산역,호남고속,45.37010589993811,2004-04-01,2004,1
전북,진안군,2023,익산역,호남고속,45.37010589993811,2004-04-01,2004,1
전북,진안군,2024,익산역,호남고속,45.37010589993811,2004-04-01,2004,1
전북,진안군,2025,익산역,호남고속,45.37010589993811,2004-04-01,2004,1
제주,서귀포시,2007,,,,,,0
제주,서귀포시,2008,,,,,,0
제주,서귀포시,2009,,,,,,0
제주,서귀포시,2010,,,,,,0
제주,서귀포시,2011,,,,,,0
제주,서귀포시,2012,,,,,,0
제주,서귀포시,2013,,,,,,0
제주,서귀포시,2014,,,,,,0
제주,서귀포시,2015,,,,,,0
제주,서귀포시,2016,,,,,,0
제주,서귀포시,2017,,,,,,0
제주,서귀포시,2018,,,,,,0
제주,서귀포시,2019,,,,,,0
제주,서귀포시,2020,,,,,,0
제주,서귀포시,2021,,,,,,0
제주,서귀포시,2022,,,,,,0
제주,서귀포시,2023,,,,,,0
제주,서귀포시,2024,,,,,,0
제주,서귀포시,2025,,,,,,0
제주,제주시,2007,,,,,,0
제주,제주시,2008,,,,,,0
제주,제주시,2009,,,,,,0
제주,제주시,2010,,,,,,0
제주,제주시,2011,,,,,,0
제주,제주시,2012,,,,,,0
제주,제주시,2013,,,,,,0
제주,제주시,2014,,,,,,0
제주,제주시,2015,,,,,,0
제주,제주시,2016,,,,,,0
제주,제주시,2017,,,,,,0
제주,제주시,2018,,,,,,0
제주,제주시,2019,,,,,,0
제주,제주시,2020,,,,,,0
제주,제주시,2021,,,,,,0
제주,제주시,2022,,,,,,0
제주,제주시,2023,,,,,,0
제주,제주시,2024,,,,,,0
제주,제주시,2025,,,,,,0
충남,계룡시,2007,서대전역,호남선,15.501270374769268,2004-04-01,2004,1
충남,계룡시,2008,서대전역,호남선,15.501270374769268,2004-04-01,2004,1
충남,계룡시,2009,서대전역,호남선,15.501270374769268,2004-04-01,2004,1
충남,계룡시,2010,서대전역,호남선,15.501270374769268,2004-04-01,2004,1
충남,계룡시,2011,서대전역,호남선,15.501270374769268,2004-04-01,2004,1
충남,계룡시,2012,서대전역,호남선,15.501270374769268,2004-04-01,2004,1
충남,계룡시,2013,서대전역,호남선,15.501270374769268,2004-04-01,2004,1
충남,계룡시,2014,서대전역,호남선,15.501270374769268,2004-04-01,2004,1
충남,계룡시,2015,서대전역,호남선,15.501270374769268,2004-04-01,2004,1
충남,계룡시,2016,서대전역,호남선,15.501270374769268,2004-04-01,2004,1
충남,계룡시,2017,서대전역,호남선,15.501270374769268,2004-04-01,2004,1
충남,계룡시,2018,서대전역,호남선,15.501270374769268,2004-04-01,2004,1
충남,계룡시,2019,서대전역,호남선,15.501270374769268,2004-04-01,2004,1
충남,계룡시,2020,서대전역,호남선,15.501270374769268,2004-04-01,2004,1
충남,계룡시,2021,서대전역,호남선,15.501270374769268,2004-04-01,2004,1
충남,계룡시,2022,서대전역,호남선,15.501270374769268,2004-04-01,2004,1
충남,계룡시,2023,서대전역,호남선,15.501270374769268,2004-04-01,2004,1
충남,계룡시,2024,서대전역,호남선,15.501270374769268,2004-04-01,2004,1
충남,계룡시,2025,서대전역,호남선,15.501270374769268,2004-04-01,2004,1
충남,금산군,2007,대전역,경부고속,23.985596754194688,2004-04-01,2004,1
충남,금산군,2008,대전역,경부고속,23.985596754194688,2004-04-01,2004,1
충남,금산군,2009,대전역,경부고속,23.985596754194688,2004-04-01,2004,1
충남,금산군,2010,대전역,경부고속,23.985596754194688,2004-04-01,2004,1
충남,금산군,2011,대전역,경부고속,23.985596754194688,2004-04-01,2004,1
충남,금산군,2012,대전역,경부고속,23.985596754194688,2004-04-01,2004,1
충남,금산군,2013,대전역,경부고속,23.985596754194688,2004-04-01,2004,1
충남,금산군,2014,대전역,경부고속,23.985596754194688,2004-04-01,2004,1
충남,금산군,2015,대전역,경부고속,23.985596754194688,2004-04-01,2004,1
충남,금산군,2016,대전역,경부고속,23.985596754194688,2004-04-01,2004,1
충남,금산군,2017,대전역,경부고속,23.985596754194688,2004-04-01,2004,1
충남,금산군,2018,대전역,경부고속,23.985596754194688,2004-04-01,2004,1
충남,금산군,2019,대전역,경부고속,23.985596754194688,2004-04-01,2004,1
충남,금산군,2020,대전역,경부고속,23.985596754194688,2004-04-01,2004,1
충남,금산군,2021,대전역,경부고속,23.985596754194688,2004-04-01,2004,1
충남,금산군,2022,대전역,경부고속,23.985596754194688,2004-04-01,2004,1
충남,금산군,2023,대전역,경부고속,23.985596754194688,2004-04-01,2004,1
충남,금산군,2024,대전역,경부고속,23.985596754194688,2004-04-01,2004,1
충남,금산군,2025,대전역,경부고속,23.985596754194688,2004-04-01,2004,1
충남,논산시,2007,논산역,호남선,6.171550169233163,2004-04-01,2004,1
충남,논산시,2008,논산역,호남선,6.171550169233163,2004-04-01,2004,1
충남,논산시,2009,논산역,호남선,6.171550169233163,2004-04-01,2004,1
충남,논산시,2010,논산역,호남선,6.171550169233163,2004-04-01,2004,1
충남,논산시,2011,논산역,호남선,6.171550169233163,2004-04-01,2004,1
충남,논산시,2012,논산역,호남선,6.171550169233163,2004-04-01,2004,1
충남,논산시,2013,논산역,호남선,6.171550169233163,2004-04-01,2004,1
충남,논산시,2014,논산역,호남선,6.171550169233163,2004-04-01,2004,1
충남,논산시,2015,논산역,호남선,6.171550169233163,2004-04-01,2004,1
충남,논산시,2016,논산역,호남선,6.171550169233163,2004-04-01,2004,1
충남,논산시,2017,논산역,호남선,6.171550169233163,2004-04-01,2004,1
충남,논산시,2018,논산역,호남선,6.171550169233163,2004-04-01,2004,1
충남,논산시,2019,논산역,호남선,6.171550169233163,2004-04-01,2004,1
충남,논산시,2020,논산역,호남선,6.171550169233163,2004-04-01,2004,1
충남,논산시,2021,논산역,호남선,6.171550169233163,2004-04-01,2004,1
충남,논산시,2022,논산역,호남선,6.171550169233163,2004-04-01,2004,1
충남,논산시,2023,논산역,호남선,6.171550169233163,2004-04-01,2004,1
충남,논산시,2024,논산역,호남선,6.171550169233163,2004-04-01,2004,1
충남,논산시,2025,논산역,호남선,6.171550169233163,2004-04-01,2004,1
충남,당진시,2007,천안아산역,경부고속,42.125861945577626,2004-04-01,2004,1
충남,당진시,2008,천안아산역,경부고속,42.125861945577626,2004-04-01,2004,1
충남,당진시,2009,천안아산역,경부고속,42.125861945577626,2004-04-01,2004,1
충남,당진시,2010,천안아산역,경부고속,42.125861945577626,2004-04-01,2004,1
충남,당진시,2011,천안아산역,경부고속,42.125861945577626,2004-04-01,2004,1
충남,당진시,2012,천안아산역,경부고속,42.125861945577626,2004-04-01,2004,1
충남,당진시,2013,천안아산역,경부고속,42.125861945577626,2004-04-01,2004,1
충남,당진시,2014,천안아산역,경부고속,42.125861945577626,2004-04-01,2004,1
충남,당진시,2015,천안아산역,경부고속,42.125861945577626,2004-04-01,2004,1
충남,당진시,2016,천안아산역,경부고속,42.125861945577626,2004-04-01,2004,1
충남,당진시,2017,천안아산역,경부고속,42.125861945577626,2004-04-01,2004,1
충남,당진시,2018,천안아산역,경부고속,42.125861945577626,2004-04-01,2004,1
충남,당진시,2019,천안아산역,경부고속,42.125861945577626,2004-04-01,2004,1
충남,당진시,2020,천안아산역,경부고속,42.125861945577626,2004-04-01,2004,1
충남,당진시,2021,천안아산역,경부고속,42.125861945577626,2004-04-01,2004,1
충남,당진시,2022,천안아산역,경부고속,42.125861945577626,2004-04-01,2004,1
충남,당진시,2023,천안아산역,경부고속,42.125861945577626,2004-04-01,2004,1
충남,당진시,2024,천안아산역,경부고속,42.125861945577626,2004-04-01,2004,1
충남,당진시,2025,천안아산역,경부고속,42.125861945577626,2004-04-01,2004,1
충남,보령시,2007,논산역,호남선,47.39073254801277,2004-04-01,2004,1
충남,보령시,2008,논산역,호남선,47.39073254801277,2004-04-01,2004,1
충남,보령시,2009,논산역,호남선,47.39073254801277,2004-04-01,2004,1
충남,보령시,2010,논산역,호남선,47.39073254801277,2004-04-01,2004,1
충남,보령시,2011,논산역,호남선,47.39073254801277,2004-04-01,2004,1
충남,보령시,2012,논산역,호남선,47.39073254801277,2004-04-01,2004,1
충남,보령시,2013,논산역,호남선,47.39073254801277,2004-04-01,2004,1
충남,보령시,2014,논산역,호남선,47.39073254801277,2004-04-01,2004,1
충남,보령시,2015,논산역,호남선,47.39073254801277,2004-04-01,2004,1
충남,보령시,2016,논산역,호남선,47.39073254801277,2004-04-01,2004,1
충남,보령시,2017,논산역,호남선,47.39073254801277,2004-04-01,2004,1
충남,보령시,2018,논산역,호남선,47.39073254801277,2004-04-01,2004,1
충남,보령시,2019,논산역,호남선,47.39073254801277,2004-04-01,2004,1
충남,보령시,2020,논산역,호남선,47.39073254801277,2004-04-01,2004,1
충남,보령시,2021,논산역,호남선,47.39073254801277,2004-04-01,2004,1
충남,보령시,2022,논산역,호남선,47.39073254801277,2004-04-01,2004,1
충남,보령시,2023,논산역,호남선,47.39073254801277,2004-04-01,2004,1
충남,보령시,2024,논산역,호남선,47.39073254801277,2004-04-01,2004,1
충남,보령시,2025,논산역,호남선,47.39073254801277,2004-04-01,2004,1
충남,부여군,2007,논산역,호남선,21.571180299799078,2004-04-01,2004,1
충남,부여군,2008,논산역,호남선,21.571180299799078,2004-04-01,2004,1
충남,부여군,2009,논산역,호남선,21.571180299799078,2004-04-01,2004,1
충남,부여군,2010,논산역,호남선,21.571180299799078,2004-04-01,2004,1
충남,부여군,2011,논산역,호남선,21.571180299799078,2004-04-01,2004,1
충남,부여군,2012,논산역,호남선,21.571180299799078,2004-04-01,2004,1
충남,부여군,2013,논산역,호남선,21.571180299799078,2004-04-01,2004,1
충남,부여군,2014,논산역,호남선,21.571180299799078,2004-04-01,2004,1
충남,부여군,2015,논산역,호남선,21.571180299799078,2004-04-01,2004,1
충남,부여군,2016,논산역,호남선,21.571180299799078,2004-04-01,2004,1
충남,부여군,2017,논산역,호남선,21.571180299799078,2004-04-01,2004,1
충남,부여군,2018,논산역,호남선,21.571180299799078,2004-04-01,2004,1
충남,부여군,2019,논산역,호남선,21.571180299799078,2004-04-01,2004,1
충남,부여군,2020,논산역,호남선,21.571180299799078,2004-04-01,2004,1
충남,부여군,2021,논산역,호남선,21.571180299799078,2004-04-01,2004,1
충남,부여군,2022,논산역,호남선,21.571180299799078,2004-04-01,2004,1
충남,부여군,2023,논산역,호남선,21.571180299799078,2004-04-01,2004,1
충남,부여군,2024,논산역,호남선,21.571180299799078,2004-04-01,2004,1
충남,부여군,2025,논산역,호남선,21.571180299799078,2004-04-01,2004,1
충남,서산시,2007,,,,,,0
충남,서산시,2008,,,,,,0
충남,서산시,2009,,,,,,0
충남,서산시,2010,,,,,,0
충남,서산시,2011,,,,,,0
충남,서산시,2012,,,,,,0
충남,서산시,2013,,,,,,0
충남,서산시,2014,,,,,,0
충남,서산시,2015,,,,,,0
충남,서산시,2016,,,,,,0
충남,서산시,2017,,,,,,0
충남,서산시,2018,,,,,,0
충남,서산시,2019,,,,,,0
충남,서산시,2020,,,,,,0
충남,서산시,2021,,,,,,0
충남,서산시,2022,,,,,,0
충남,서산시,2023,,,,,,0
충남,서산시,2024,,,,,,0
충남,서산시,2025,,,,,,0
충남,서천군,2007,익산역,호남고속,28.611025928299508,2004-04-01,2004,1
충남,서천군,2008,익산역,호남고속,28.611025928299508,2004-04-01,2004,1
충남,서천군,2009,익산역,호남고속,28.611025928299508,2004-04-01,2004,1
충남,서천군,2010,익산역,호남고속,28.611025928299508,2004-04-01,2004,1
충남,서천군,2011,익산역,호남고속,28.611025928299508,2004-04-01,2004,1
충남,서천군,2012,익산역,호남고속,28.611025928299508,2004-04-01,2004,1
충남,서천군,2013,익산역,호남고속,28.611025928299508,2004-04-01,2004,1
충남,서천군,2014,익산역,호남고속,28.611025928299508,2004-04-01,2004,1
충남,서천군,2015,익산역,호남고속,28.611025928299508,2004-04-01,2004,1
충남,서천군,2016,익산역,호남고속,28.611025928299508,2004-04-01,2004,1
충남,서천군,2017,익산역,호남고속,28.611025928299508,2004-04-01,2004,1
충남,서천군,2018,익산역,호남고속,28.611025928299508,2004-04-01,2004,1
충남,서천군,2019,익산역,호남고속,28.611025928299508,2004-04-01,2004,1
충남,서천군,2020,익산역,호남고속,28.611025928299508,2004-04-01,2004,1
충남,서천군,2021,익산역,호남고속,28.611025928299508,2004-04-01,2004,1
충남,서천군,2022,익산역,호남고속,28.611025928299508,2004-04-01,2004,1
충남,서천군,2023,익산역,호남고속,28.611025928299508,2004-04-01,2004,1
충남,서천군,2024,익산역,호남고속,28.611025928299508,2004-04-01,2004,1
충남,서천군,2025,익산역,호남고속,28.611025928299508,2004-04-01,2004,1
충남,아산시,2007,천안아산역,경부고속,11.194439987782939,2004-04-01,2004,1
충남,아산시,2008,천안아산역,경부고속,11.194439987782939,2004-04-01,2004,1
충남,아산시,2009,천안아산역,경부고속,11.194439987782939,2004-04-01,2004,1
충남,아산시,2010,천안아산역,경부고속,11.194439987782939,2004-04-01,2004,1
충남,아산시,2011,천안아산역,경부고속,11.194439987782939,2004-04-01,2004,1
충남,아산시,2012,천안아산역,경부고속,11.194439987782939,2004-04-01,2004,1
충남,아산시,2013,천안아산역,경부고속,11.194439987782939,2004-04-01,2004,1
충남,아산시,2014,천안아산역,경부고속,11.194439987782939,2004-04-01,2004,1
충남,아산시,2015,천안아산역,경부고속,11.194439987782939,2004-04-01,2004,1
충남,아산시,2016,천안아산역,경부고속,11.194439987782939,2004-04-01,2004,1
충남,아산시,2017,천안아산역,경부고속,11.194439987782939,2004-04-01,2004,1
충남,아산시,2018,천안아산역,경부고속,11.194439987782939,2004-04-01,2004,1
충남,아산시,2019,천안아산역,경부고속,11.194439987782939,2004-04-01,2004,1
충남,아산시,2020,천안아산역,경부고속,11.194439987782939,2004-04-01,2004,1
충남,아산시,2021,천안아산역,경부고속,11.194439987782939,2004-04-01,2004,1
충남,아산시,2022,천안아산역,경부고속,11.194439987782939,2004-04-01,2004,1
충남,아산시,2023,천안아산역,경부고속,11.194439987782939,2004-04-01,2004,1
충남,아산시,2024,천안아산역,경부고속,11.194439987782939,2004-04-01,2004,1
충남,아산시,2025,천안아산역,경부고속,11.194439987782939,2004-04-01,2004,1
충남,예산군,2007,천안아산역,경부고속,31.728070602972608,2004-04-01,2004,1
충남,예산군,2008,천안아산역,경부고속,31.728070602972608,2004-04-01,2004,1
충남,예산군,2009,천안아산역,경부고속,31.728070602972608,2004-04-01,2004,1
충남,예산군,2010,천안아산역,경부고속,31.728070602972608,2004-04-01,2004,1
충남,예산군,2011,천안아산역,경부고속,31.728070602972608,2004-04-01,2004,1
충남,예산군,2012,천안아산역,경부고속,31.728070602972608,2004-04-01,2004,1
충남,예산군,2013,천안아산역,경부고속,31.728070602972608,2004-04-01,2004,1
충남,예산군,2014,천안아산역,경부고속,31.728070602972608,2004-04-01,2004,1
충남,예산군,2015,천안아산역,경부고속,31.728070602972608,2004-04-01,2004,1
충남,예산군,2016,천안아산역,경부고속,31.728070602972608,2004-04-01,2004,1
충남,예산군,2017,천안아산역,경부고속,31.728070602972608,2004-04-01,2004,1
충남,예산군,2018,천안아산역,경부고속,31.728070602972608,2004-04-01,2004,1
충남,예산군,2019,천안아산역,경부고속,31.728070602972608,2004-04-01,2004,1
충남,예산군,2020,천안아산역,경부고속,31.728070602972608,2004-04-01,2004,1
충남,예산군,2021,천안아산역,경부고속,31.728070602972608,2004-04-01,2004,1
충남,예산군,2022,천안아산역,경부고속,31.728070602972608,2004-04-01,2004,1
충남,예산군,2023,천안아산역,경부고속,31.728070602972608,2004-04-01,2004,1
충남,예산군,2024,천안아산역,경부고속,31.728070602972608,2004-04-01,2004,1
충남,예산군,2025,천안아산역,경부고속,31.728070602972608,2004-04-01,2004,1
충남,천안시,2007,천안아산역,경부고속,8.806832870540056,2004-04-01,2004,1
충남,천안시,2008,천안아산역,경부고속,8.806832870540056,2004-04-01,2004,1
충남,천안시,2009,천안아산역,경부고속,8.806832870540056,2004-04-01,2004,1
충남,천안시,2010,천안아산역,경부고속,8.806832870540056,2004-04-01,2004,1
충남,천안시,2011,천안아산역,경부고속,8.806832870540056,2004-04-01,2004,1
충남,천안시,2012,천안아산역,경부고속,8.806832870540056,2004-04-01,2004,1
충남,천안시,2013,천안아산역,경부고속,8.806832870540056,2004-04-01,2004,1
충남,천안시,2014,천안아산역,경부고속,8.806832870540056,2004-04-01,2004,1
충남,천안시,2015,천안아산역,경부고속,8.806832870540056,2004-04-01,2004,1
충남,천안시,2016,천안아산역,경부고속,8.806832870540056,2004-04-01,2004,1
충남,천안시,2017,천안아산역,경부고속,8.806832870540056,2004-04-01,2004,1
충남,천안시,2018,천안아산역,경부고속,8.806832870540056,2004-04-01,2004,1
충남,천안시,2019,천안아산역,경부고속,8.806832870540056,2004-04-01,2004,1
충남,천안시,2020,천안아산역,경부고속,8.806832870540056,2004-04-01,2004,1
충남,천안시,2021,천안아산역,경부고속,8.806832870540056,2004-04-01,2004,1
충남,천안시,2022,천안아산역,경부고속,8.806832870540056,2004-04-01,2004,1
충남,천안시,2023,천안아산역,경부고속,8.806832870540056,2004-04-01,2004,1
충남,천안시,2024,천안아산역,경부고속,8.806832870540056,2004-04-01,2004,1
충남,천안시,2025,천안아산역,경부고속,8.806832870540056,2004-04-01,2004,1
충남,청양군,2007,논산역,호남선,32.783339763879546,2004-04-01,2004,1
충남,청양군,2008,논산역,호남선,32.783339763879546,2004-04-01,2004,1
충남,청양군,2009,논산역,호남선,32.783339763879546,2004-04-01,2004,1
충남,청양군,2010,논산역,호남선,32.783339763879546,2004-04-01,2004,1
충남,청양군,2011,논산역,호남선,32.783339763879546,2004-04-01,2004,1
충남,청양군,2012,논산역,호남선,32.783339763879546,2004-04-01,2004,1
충남,청양군,2013,논산역,호남선,32.783339763879546,2004-04-01,2004,1
충남,청양군,2014,논산역,호남선,32.783339763879546,2004-04-01,2004,1
충남,청양군,2015,논산역,호남선,32.783339763879546,2004-04-01,2004,1
충남,청양군,2016,논산역,호남선,32.783339763879546,2004-04-01,2004,1
충남,청양군,2017,논산역,호남선,32.783339763879546,2004-04-01,2004,1
충남,청양군,2018,논산역,호남선,32.783339763879546,2004-04-01,2004,1
충남,청양군,2019,논산역,호남선,32.783339763879546,2004-04-01,2004,1
충남,청양군,2020,논산역,호남선,32.783339763879546,2004-04-01,2004,1
충남,청양군,2021,논산역,호남선,32.783339763879546,2004-04-01,2004,1
충남,청양군,2022,논산역,호남선,32.783339763879546,2004-04-01,2004,1
충남,청양군,2023,논산역,호남선,32.783339763879546,2004-04-01,2004,1
충남,청양군,2024,논산역,호남선,32.783339763879546,2004-04-01,2004,1
충남,청양군,2025,논산역,호남선,32.783339763879546,2004-04-01,2004,1
충남,태안군,2007,,,,,,0
충남,태안군,2008,,,,,,0
충남,태안군,2009,,,,,,0
충남,태안군,2010,,,,,,0
충남,태안군,2011,,,,,,0
충남,태안군,2012,,,,,,0
충남,태안군,2013,,,,,,0
충남,태안군,2014,,,,,,0
충남,태안군,2015,,,,,,0
충남,태안군,2016,,,,,,0
충남,태안군,2017,,,,,,0
충남,태안군,2018,,,,,,0
충남,태안군,2019,,,,,,0
충남,태안군,2020,,,,,,0
충남,태안군,2021,,,,,,0
충남,태안군,2022,,,,,,0
충남,태안군,2023,,,,,,0
충남,태안군,2024,,,,,,0
충남,태안군,2025,,,,,,0
충남,홍성군,2007,천안아산역,경부고속,49.503998558770874,2004-04-01,2004,1
충남,홍성군,2008,천안아산역,경부고속,49.503998558770874,2004-04-01,2004,1
충남,홍성군,2009,천안아산역,경부고속,49.503998558770874,2004-04-01,2004,1
충남,홍성군,2010,천안아산역,경부고속,49.503998558770874,2004-04-01,2004,1
충남,홍성군,2011,천안아산역,경부고속,49.503998558770874,2004-04-01,2004,1
충남,홍성군,2012,천안아산역,경부고속,49.503998558770874,2004-04-01,2004,1
충남,홍성군,2013,천안아산역,경부고속,49.503998558770874,2004-04-01,2004,1
충남,홍성군,2014,천안아산역,경부고속,49.503998558770874,2004-04-01,2004,1
충남,홍성군,2015,천안아산역,경부고속,49.503998558770874,2004-04-01,2004,1
충남,홍성군,2016,천안아산역,경부고속,49.503998558770874,2004-04-01,2004,1
충남,홍성군,2017,천안아산역,경부고속,49.503998558770874,2004-04-01,2004,1
충남,홍성군,2018,천안아산역,경부고속,49.503998558770874,2004-04-01,2004,1
충남,홍성군,2019,천안아산역,경부고속,49.503998558770874,2004-04-01,2004,1
충남,홍성군,2020,천안아산역,경부고속,49.503998558770874,2004-04-01,2004,1
충남,홍성군,2021,천안아산역,경부고속,49.503998558770874,2004-04-01,2004,1
충남,홍성군,2022,천안아산역,경부고속,49.503998558770874,2004-04-01,2004,1
충남,홍성군,2023,천안아산역,경부고속,49.503998558770874,2004-04-01,2004,1
충남,홍성군,2024,천안아산역,경부고속,49.503998558770874,2004-04-01,2004,1
충남,홍성군,2025,천안아산역,경부고속,49.503998558770874,2004-04-01,2004,1
충북,괴산군,2007,오송역,경부고속,47.65843825315986,2010-11-01,2011,0
충북,괴산군,2008,오송역,경부고속,47.65843825315986,2010-11-01,2011,0
충북,괴산군,2009,오송역,경부고속,47.65843825315986,2010-11-01,2011,0
충북,괴산군,2010,오송역,경부고속,47.65843825315986,2010-11-01,2011,0
충북,괴산군,2011,오송역,경부고속,47.65843825315986,2010-11-01,2011,1
충북,괴산군,2012,오송역,경부고속,47.65843825315986,2010-11-01,2011,1
충북,괴산군,2013,오송역,경부고속,47.65843825315986,2010-11-01,2011,1
충북,괴산군,2014,오송역,경부고속,47.65843825315986,2010-11-01,2011,1
충북,괴산군,2015,오송역,경부고속,47.65843825315986,2010-11-01,2011,1
충북,괴산군,2016,오송역,경부고속,47.65843825315986,2010-11-01,2011,1
충북,괴산군,2017,오송역,경부고속,47.65843825315986,2010-11-01,2011,1
충북,괴산군,2018,오송역,경부고속,47.65843825315986,2010-11-01,2011,1
충북,괴산군,2019,오송역,경부고속,47.65843825315986,2010-11-01,2011,1
충북,괴산군,2020,오송역,경부고속,47.65843825315986,2010-11-01,2011,1
충북,괴산군,2021,오송역,경부고속,47.65843825315986,2010-11-01,2011,1
충북,괴산군,2022,오송역,경부고속,47.65843825315986,2010-11-01,2011,1
충북,괴산군,2023,오송역,경부고속,47.65843825315986,2010-11-01,2011,1
충북,괴산군,2024,오송역,경부고속,47.65843825315986,2010-11-01,2011,1
충북,괴산군,2025,오송역,경부고속,47.65843825315986,2010-11-01,2011,1
충북,단양군,2007,단양역,중앙선(도담-경주),4.585340058860448,2021-01-05,2021,0
충북,단양군,2008,단양역,중앙선(도담-경주),4.585340058860448,2021-01-05,2021,0
충북,단양군,2009,단양역,중앙선(도담-경주),4.585340058860448,2021-01-05,2021,0
충북,단양군,2010,단양역,중앙선(도담-경주),4.585340058860448,2021-01-05,2021,0
충북,단양군,2011,단양역,중앙선(도담-경주),4.585340058860448,2021-01-05,2021,0
충북,단양군,2012,단양역,중앙선(도담-경주),4.585340058860448,2021-01-05,2021,0
충북,단양군,2013,단양역,중앙선(도담-경주),4.585340058860448,2021-01-05,2021,0
충북,단양군,2014,단양역,중앙선(도담-경주),4.585340058860448,2021-01-05,2021,0
충북,단양군,2015,단양역,중앙선(도담-경주),4.585340058860448,2021-01-05,2021,0
충북,단양군,2016,단양역,중앙선(도담-경주),4.585340058860448,2021-01-05,2021,0
충북,단양군,2017,단양역,중앙선(도담-경주),4.585340058860448,2021-01-05,2021,0
충북,단양군,2018,단양역,중앙선(도담-경주),4.585340058860448,2021-01-05,2021,0
충북,단양군,2019,단양역,중앙선(도담-경주),4.585340058860448,2021-01-05,2021,0
충북,단양군,2020,단양역,중앙선(도담-경주),4.585340058860448,2021-01-05,2021,0
충북,단양군,2021,단양역,중앙선(도담-경주),4.585340058860448,2021-01-05,2021,1
충북,단양군,2022,단양역,중앙선(도담-경주),4.585340058860448,2021-01-05,2021,1
충북,단양군,2023,단양역,중앙선(도담-경주),4.585340058860448,2021-01-05,2021,1
충북,단양군,2024,단양역,중앙선(도담-경주),4.585340058860448,2021-01-05,2021,1
충북,단양군,2025,단양역,중앙선(도담-경주),4.585340058860448,2021-01-05,2021,1
충북,보은군,2007,대전역,경부고속,31.720339169875643,2004-04-01,2004,1
충북,보은군,2008,대전역,경부고속,31.720339169875643,2004-04-01,2004,1
충북,보은군,2009,대전역,경부고속,31.720339169875643,2004-04-01,2004,1
충북,보은군,2010,대전역,경부고속,31.720339169875643,2004-04-01,2004,1
충북,보은군,2011,대전역,경부고속,31.720339169875643,2004-04-01,2004,1
충북,보은군,2012,대전역,경부고속,31.720339169875643,2004-04-01,2004,1
충북,보은군,2013,대전역,경부고속,31.720339169875643,2004-04-01,2004,1
충북,보은군,2014,대전역,경부고속,31.720339169875643,2004-04-01,2004,1
충북,보은군,2015,대전역,경부고속,31.720339169875643,2004-04-01,2004,1
충북,보은군,2016,대전역,경부고속,31.720339169875643,2004-04-01,2004,1
충북,보은군,2017,대전역,경부고속,31.720339169875643,2004-04-01,2004,1
충북,보은군,2018,대전역,경부고속,31.720339169875643,2004-04-01,2004,1
충북,보은군,2019,대전역,경부고속,31.720339169875643,2004-04-01,2004,1
충북,보은군,2020,대전역,경부고속,31.720339169875643,2004-04-01,2004,1
충북,보은군,2021,대전역,경부고속,31.720339169875643,2004-04-01,2004,1
충북,보은군,2022,대전역,경부고속,31.720339169875643,2004-04-01,2004,1
충북,보은군,2023,대전역,경부고속,31.720339169875643,2004-04-01,2004,1
충북,보은군,2024,대전역,경부고속,31.720339169875643,2004-04-01,2004,1
충북,보은군,2025,대전역,경부고속,31.720339169875643,2004-04-01,2004,1
충북,영동군,2007,대전역,경부고속,39.14734489337746,2004-04-01,2004,1
충북,영동군,2008,대전역,경부고속,39.14734489337746,2004-04-01,2004,1
충북,영동군,2009,대전역,경부고속,39.14734489337746,2004-04-01,2004,1
충북,영동군,2010,대전역,경부고속,39.14734489337746,2004-04-01,2004,1
충북,영동군,2011,대전역,경부고속,39.14734489337746,2004-04-01,2004,1
충북,영동군,2012,대전역,경부고속,39.14734489337746,2004-04-01,2004,1
충북,영동군,2013,대전역,경부고속,39.14734489337746,2004-04-01,2004,1
충북,영동군,2014,대전역,경부고속,39.14734489337746,2004-04-01,2004,1
충북,영동군,2015,대전역,경부고속,39.14734489337746,2004-04-01,2004,1
충북,영동군,2016,대전역,경부고속,39.14734489337746,2004-04-01,2004,1
충북,영동군,2017,대전역,경부고속,39.14734489337746,2004-04-01,2004,1
충북,영동군,2018,대전역,경부고속,39.14734489337746,2004-04-01,2004,1
충북,영동군,2019,대전역,경부고속,39.14734489337746,2004-04-01,2004,1
충북,영동군,2020,대전역,경부고속,39.14734489337746,2004-04-01,2004,1
충북,영동군,2021,대전역,경부고속,39.14734489337746,2004-04-01,2004,1
충북,영동군,2022,대전역,경부고속,39.14734489337746,2004-04-01,2004,1
충북,영동군,2023,대전역,경부고속,39.14734489337746,2004-04-01,2004,1
충북,영동군,2024,대전역,경부고속,39.14734489337746,2004-04-01,2004,1
충북,영동군,2025,대전역,경부고속,39.14734489337746,2004-04-01,2004,1
충북,옥천군,2007,대전역,경부고속,20.002286060680376,2004-04-01,2004,1
충북,옥천군,2008,대전역,경부고속,20.002286060680376,2004-04-01,2004,1
충북,옥천군,2009,대전역,경부고속,20.002286060680376,2004-04-01,2004,1
충북,옥천군,2010,대전역,경부고속,20.002286060680376,2004-04-01,2004,1
충북,옥천군,2011,대전역,경부고속,20.002286060680376,2004-04-01,2004,1
충북,옥천군,2012,대전역,경부고속,20.002286060680376,2004-04-01,2004,1
충북,옥천군,2013,대전역,경부고속,20.002286060680376,2004-04-01,2004,1
충북,옥천군,2014,대전역,경부고속,20.002286060680376,2004-04-01,2004,1
충북,옥천군,2015,대전역,경부고속,20.002286060680376,2004-04-01,2004,1
충북,옥천군,2016,대전역,경부고속,20.002286060680376,2004-04-01,2004,1
충북,옥천군,2017,대전역,경부고속,20.002286060680376,2004-04-01,2004,1
충북,옥천군,2018,대전역,경부고속,20.002286060680376,2004-04-01,2004,1
충북,옥천군,2019,대전역,경부고속,20.002286060680376,2004-04-01,2004,1
충북,옥천군,2020,대전역,경부고속,20.002286060680376,2004-04-01,2004,1
충북,옥천군,2021,대전역,경부고속,20.002286060680376,2004-04-01,2004,1
충북,옥천군,2022,대전역,경부고속,20.002286060680376,2004-04-01,2004,1
충북,옥천군,2023,대전역,경부고속,20.002286060680376,2004-04-01,2004,1
충북,옥천군,2024,대전역,경부고속,20.002286060680376,2004-04-01,2004,1
충북,옥천군,2025,대전역,경부고속,20.002286060680376,2004-04-01,2004,1
충북,음성군,2007,천안아산역,경부고속,49.684959255581305,2004-04-01,2004,1
충북,음성군,2008,천안아산역,경부고속,49.684959255581305,2004-04-01,2004,1
충북,음성군,2009,천안아산역,경부고속,49.684959255581305,2004-04-01,2004,1
충북,음성군,2010,천안아산역,경부고속,49.684959255581305,2004-04-01,2004,1
충북,음성군,2011,천안아산역,경부고속,49.684959255581305,2004-04-01,2004,1
충북,음성군,2012,천안아산역,경부고속,49.684959255581305,2004-04-01,2004,1
충북,음성군,2013,천안아산역,경부고속,49.684959255581305,2004-04-01,2004,1
충북,음성군,2014,천안아산역,경부고속,49.684959255581305,2004-04-01,2004,1
충북,음성군,2015,천안아산역,경부고속,49.684959255581305,2004-04-01,2004,1
충북,음성군,2016,천안아산역,경부고속,49.684959255581305,2004-04-01,2004,1
충북,음성군,2017,천안아산역,경부고속,49.684959255581305,2004-04-01,2004,1
충북,음성군,2018,천안아산역,경부고속,49.684959255581305,2004-04-01,2004,1
충북,음성군,2019,천안아산역,경부고속,49.684959255581305,2004-04-01,2004,1
충북,음성군,2020,천안아산역,경부고속,49.684959255581305,2004-04-01,2004,1
충북,음성군,2021,천안아산역,경부고속,49.684959255581305,2004-04-01,2004,1
충북,음성군,2022,천안아산역,경부고속,49.684959255581305,2004-04-01,2004,1
충북,음성군,2023,천안아산역,경부고속,49.684959255581305,2004-04-01,2004,1
충북,음성군,2024,천안아산역,경부고속,49.684959255581305,2004-04-01,2004,1
충북,음성군,2025,천안아산역,경부고속,49.684959255581305,2004-04-01,2004,1
충북,제천시,2007,만종역,경강선(강릉선),39.38108043793929,2017-12-22,2018,0
충북,제천시,2008,만종역,경강선(강릉선),39.38108043793929,2017-12-22,2018,0
충북,제천시,2009,만종역,경강선(강릉선),39.38108043793929,2017-12-22,2018,0
충북,제천시,2010,만종역,경강선(강릉선),39.38108043793929,2017-12-22,2018,0
충북,제천시,2011,만종역,경강선(강릉선),39.38108043793929,2017-12-22,2018,0
충북,제천시,2012,만종역,경강선(강릉선),39.38108043793929,2017-12-22,2018,0
충북,제천시,2013,만종역,경강선(강릉선),39.38108043793929,2017-12-22,2018,0
충북,제천시,2014,만종역,경강선(강릉선),39.38108043793929,2017-12-22,2018,0
충북,제천시,2015,만종역,경강선(강릉선),39.38108043793929,2017-12-22,2018,0
충북,제천시,2016,만종역,경강선(강릉선),39.38108043793929,2017-12-22,2018,0
충북,제천시,2017,만종역,경강선(강릉선),39.38108043793929,2017-12-22,2018,0
충북,제천시,2018,만종역,경강선(강릉선),39.38108043793929,2017-12-22,2018,1
충북,제천시,2019,만종역,경강선(강릉선),39.38108043793929,2017-12-22,2018,1
충북,제천시,2020,만종역,경강선(강릉선),39.38108043793929,2017-12-22,2018,1
충북,제천시,2021,만종역,경강선(강릉선),39.38108043793929,2017-12-22,2018,1
충북,제천시,2022,만종역,경강선(강릉선),39.38108043793929,2017-12-22,2018,1
충북,제천시,2023,만종역,경강선(강릉선),39.38108043793929,2017-12-22,2018,1
충북,제천시,2024,만종역,경강선(강릉선),39.38108043793929,2017-12-22,2018,1
충북,제천시,2025,만종역,경강선(강릉선),39.38108043793929,2017-12-22,2018,1
충북,증평군,2007,천안아산역,경부고속,44.62704782245577,2004-04-01,2004,1
충북,증평군,2008,천안아산역,경부고속,44.62704782245577,2004-04-01,2004,1
충북,증평군,2009,천안아산역,경부고속,44.62704782245577,2004-04-01,2004,1
충북,증평군,2010,천안아산역,경부고속,44.62704782245577,2004-04-01,2004,1
충북,증평군,2011,천안아산역,경부고속,44.62704782245577,2004-04-01,2004,1
충북,증평군,2012,천안아산역,경부고속,44.62704782245577,2004-04-01,2004,1
충북,증평군,2013,천안아산역,경부고속,44.62704782245577,2004-04-01,2004,1
충북,증평군,2014,천안아산역,경부고속,44.62704782245577,2004-04-01,2004,1
충북,증평군,2015,천안아산역,경부고속,44.62704782245577,2004-04-01,2004,1
충북,증평군,2016,천안아산역,경부고속,44.62704782245577,2004-04-01,2004,1
충북,증평군,2017,천안아산역,경부고속,44.62704782245577,2004-04-01,2004,1
충북,증평군,2018,천안아산역,경부고속,44.62704782245577,2004-04-01,2004,1
충북,증평군,2019,천안아산역,경부고속,44.62704782245577,2004-04-01,2004,1
충북,증평군,2020,천안아산역,경부고속,44.62704782245577,2004-04-01,2004,1
충북,증평군,2021,천안아산역,경부고속,44.62704782245577,2004-04-01,2004,1
충북,증평군,2022,천안아산역,경부고속,44.62704782245577,2004-04-01,2004,1
충북,증평군,2023,천안아산역,경부고속,44.62704782245577,2004-04-01,2004,1
충북,증평군,2024,천안아산역,경부고속,44.62704782245577,2004-04-01,2004,1
충북,증평군,2025,천안아산역,경부고속,44.62704782245577,2004-04-01,2004,1
충북,진천군,2007,천안아산역,경부고속,31.13109670179193,2004-04-01,2004,1
충북,진천군,2008,천안아산역,경부고속,31.13109670179193,2004-04-01,2004,1
충북,진천군,2009,천안아산역,경부고속,31.13109670179193,2004-04-01,2004,1
충북,진천군,2010,천안아산역,경부고속,31.13109670179193,2004-04-01,2004,1
충북,진천군,2011,천안아산역,경부고속,31.13109670179193,2004-04-01,2004,1
충북,진천군,2012,천안아산역,경부고속,31.13109670179193,2004-04-01,2004,1
충북,진천군,2013,천안아산역,경부고속,31.13109670179193,2004-04-01,2004,1
충북,진천군,2014,천안아산역,경부고속,31.13109670179193,2004-04-01,2004,1
충북,진천군,2015,천안아산역,경부고속,31.13109670179193,2004-04-01,2004,1
충북,진천군,2016,천안아산역,경부고속,31.13109670179193,2004-04-01,2004,1
충북,진천군,2017,천안아산역,경부고속,31.13109670179193,2004-04-01,2004,1
충북,진천군,2018,천안아산역,경부고속,31.13109670179193,2004-04-01,2004,1
충북,진천군,2019,천안아산역,경부고속,31.13109670179193,2004-04-01,2004,1
충북,진천군,2020,천안아산역,경부고속,31.13109670179193,2004-04-01,2004,1
충북,진천군,2021,천안아산역,경부고속,31.13109670179193,2004-04-01,2004,1
충북,진천군,2022,천안아산역,경부고속,31.13109670179193,2004-04-01,2004,1
충북,진천군,2023,천안아산역,경부고속,31.13109670179193,2004-04-01,2004,1
충북,진천군,2024,천안아산역,경부고속,31.13109670179193,2004-04-01,2004,1
충북,진천군,2025,천안아산역,경부고속,31.13109670179193,2004-04-01,2004,1
충북,충주시,2007,만종역,경강선(강릉선),37.85256478313138,2017-12-22,2018,0
충북,충주시,2008,만종역,경강선(강릉선),37.85256478313138,2017-12-22,2018,0
충북,충주시,2009,만종역,경강선(강릉선),37.85256478313138,2017-12-22,2018,0
충북,충주시,2010,만종역,경강선(강릉선),37.85256478313138,2017-12-22,2018,0
충북,충주시,2011,만종역,경강선(강릉선),37.85256478313138,2017-12-22,2018,0
충북,충주시,2012,만종역,경강선(강릉선),37.85256478313138,2017-12-22,2018,0
충북,충주시,2013,만종역,경강선(강릉선),37.85256478313138,2017-12-22,2018,0
충북,충주시,2014,만종역,경강선(강릉선),37.85256478313138,2017-12-22,2018,0
충북,충주시,2015,만종역,경강선(강릉선),37.85256478313138,2017-12-22,2018,0
충북,충주시,2016,만종역,경강선(강릉선),37.85256478313138,2017-12-22,2018,0
충북,충주시,2017,만종역,경강선(강릉선),37.85256478313138,2017-12-22,2018,0
충북,충주시,2018,만종역,경강선(강릉선),37.85256478313138,2017-12-22,2018,1
충북,충주시,2019,만종역,경강선(강릉선),37.85256478313138,2017-12-22,2018,1
충북,충주시,2020,만종역,경강선(강릉선),37.85256478313138,2017-12-22,2018,1
충북,충주시,2021,만종역,경강선(강릉선),37.85256478313138,2017-12-22,2018,1
충북,충주시,2022,만종역,경강선(강릉선),37.85256478313138,2017-12-22,2018,1
충북,충주시,2023,만종역,경강선(강릉선),37.85256478313138,2017-12-22,2018,1
충북,충주시,2024,만종역,경강선(강릉선),37.85256478313138,2017-12-22,2018,1
충북,충주시,2025,만종역,경강선(강릉선),37.85256478313138,2017-12-22,2018,1
